solid OpenSCAD_Model
  facet normal -1 0 0
    outer loop
      vertex 7.2 11.8 2.8
      vertex 7.2 13.0035 9.3
      vertex 7.2 13.0035 2.8
    endloop
  endfacet
  facet normal -1 -0 0
    outer loop
      vertex 7.2 13.0035 9.3
      vertex 7.2 11.8 2.8
      vertex 7.2 11.8 9.3
    endloop
  endfacet
  facet normal -1 0 0
    outer loop
      vertex 7.2 41.6035 2.8
      vertex 7.2 40.8 6.3
      vertex 7.2 41.6035 6.3
    endloop
  endfacet
  facet normal -1 0 0
    outer loop
      vertex 7.2 16.9965 2.8
      vertex 7.2 40.8 6.3
      vertex 7.2 41.6035 2.8
    endloop
  endfacet
  facet normal -1 0 0
    outer loop
      vertex 7.2 16.9965 9.3
      vertex 7.2 40.8 6.3
      vertex 7.2 16.9965 2.8
    endloop
  endfacet
  facet normal -1 0 0
    outer loop
      vertex 7.2 40.8 6.3
      vertex 7.2 16.9965 9.3
      vertex 7.2 40.8 9.3
    endloop
  endfacet
  facet normal 0 0 1
    outer loop
      vertex 8.2 15 9.3
      vertex 8.16922 14.6089 9.3
      vertex 8.2 12.8 9.3
    endloop
  endfacet
  facet normal 0 0 1
    outer loop
      vertex 46.7 44.8 9.3
      vertex 45.7 43.8 9.3
      vertex 46.7 11.8 9.3
    endloop
  endfacet
  facet normal -0 0 1
    outer loop
      vertex 17.18 44.8 9.3
      vertex 45.7 43.8 9.3
      vertex 46.7 44.8 9.3
    endloop
  endfacet
  facet normal 0 0 1
    outer loop
      vertex 45.7 43.8 9.3
      vertex 17.18 44.8 9.3
      vertex 17.18 43.8 9.3
    endloop
  endfacet
  facet normal -0 0 1
    outer loop
      vertex 45.7 12.8 9.3
      vertex 46.7 11.8 9.3
      vertex 45.7 43.8 9.3
    endloop
  endfacet
  facet normal -0 0 1
    outer loop
      vertex 8.2 12.8 9.3
      vertex 46.7 11.8 9.3
      vertex 45.7 12.8 9.3
    endloop
  endfacet
  facet normal -0 0 1
    outer loop
      vertex 8.07764 14.2275 9.3
      vertex 8.2 12.8 9.3
      vertex 8.16922 14.6089 9.3
    endloop
  endfacet
  facet normal -0 0 1
    outer loop
      vertex 7.92752 13.865 9.3
      vertex 8.2 12.8 9.3
      vertex 8.07764 14.2275 9.3
    endloop
  endfacet
  facet normal -0 0 1
    outer loop
      vertex 7.72254 13.5305 9.3
      vertex 8.2 12.8 9.3
      vertex 7.92752 13.865 9.3
    endloop
  endfacet
  facet normal -0 0 1
    outer loop
      vertex 7.46777 13.2322 9.3
      vertex 8.2 12.8 9.3
      vertex 7.72254 13.5305 9.3
    endloop
  endfacet
  facet normal -0 0 1
    outer loop
      vertex 7.2 13.0035 9.3
      vertex 8.2 12.8 9.3
      vertex 7.46777 13.2322 9.3
    endloop
  endfacet
  facet normal 0 0 1
    outer loop
      vertex 8.2 12.8 9.3
      vertex 7.2 11.8 9.3
      vertex 46.7 11.8 9.3
    endloop
  endfacet
  facet normal 0 0 1
    outer loop
      vertex 7.2 11.8 9.3
      vertex 8.2 12.8 9.3
      vertex 7.2 13.0035 9.3
    endloop
  endfacet
  facet normal 0 0 1
    outer loop
      vertex 8.2 40.8 9.3
      vertex 8.16922 15.3911 9.3
      vertex 8.2 15 9.3
    endloop
  endfacet
  facet normal 0 0 1
    outer loop
      vertex 8.2 40.8 9.3
      vertex 8.07764 15.7725 9.3
      vertex 8.16922 15.3911 9.3
    endloop
  endfacet
  facet normal 0 0 1
    outer loop
      vertex 8.2 40.8 9.3
      vertex 7.92752 16.135 9.3
      vertex 8.07764 15.7725 9.3
    endloop
  endfacet
  facet normal 0 0 1
    outer loop
      vertex 8.2 40.8 9.3
      vertex 7.72254 16.4695 9.3
      vertex 7.92752 16.135 9.3
    endloop
  endfacet
  facet normal 0 0 1
    outer loop
      vertex 8.2 40.8 9.3
      vertex 7.46777 16.7678 9.3
      vertex 7.72254 16.4695 9.3
    endloop
  endfacet
  facet normal 0 0 1
    outer loop
      vertex 7.2 16.9965 9.3
      vertex 8.2 40.8 9.3
      vertex 7.2 40.8 9.3
    endloop
  endfacet
  facet normal 0 0 1
    outer loop
      vertex 8.2 40.8 9.3
      vertex 7.2 16.9965 9.3
      vertex 7.46777 16.7678 9.3
    endloop
  endfacet
  facet normal 1 -0 0
    outer loop
      vertex 46.7 11.8 9.3
      vertex 46.7 44.8 2.8
      vertex 46.7 44.8 9.3
    endloop
  endfacet
  facet normal 1 0 0
    outer loop
      vertex 46.7 44.8 2.8
      vertex 46.7 11.8 9.3
      vertex 46.7 11.8 2.8
    endloop
  endfacet
  facet normal 0 1 0
    outer loop
      vertex 46.7 44.8 9.3
      vertex 17.18 44.8 6.3
      vertex 17.18 44.8 9.3
    endloop
  endfacet
  facet normal 0 1 -0
    outer loop
      vertex 46.7 44.8 2.8
      vertex 17.18 44.8 6.3
      vertex 46.7 44.8 9.3
    endloop
  endfacet
  facet normal 0 1 0
    outer loop
      vertex 7.88767 44.8 2.8
      vertex 17.18 44.8 6.3
      vertex 46.7 44.8 2.8
    endloop
  endfacet
  facet normal 0 1 0
    outer loop
      vertex 17.18 44.8 6.3
      vertex 7.88767 44.8 2.8
      vertex 7.88767 44.8 6.3
    endloop
  endfacet
  facet normal 0 -1 0
    outer loop
      vertex 7.2 11.8 2.8
      vertex 46.7 11.8 9.3
      vertex 7.2 11.8 9.3
    endloop
  endfacet
  facet normal 0 -1 -0
    outer loop
      vertex 46.7 11.8 9.3
      vertex 7.2 11.8 2.8
      vertex 46.7 11.8 2.8
    endloop
  endfacet
  facet normal 1 -0 0
    outer loop
      vertex 8.2 12.8 9.3
      vertex 8.2 15 2.8
      vertex 8.2 15 9.3
    endloop
  endfacet
  facet normal 1 0 0
    outer loop
      vertex 8.2 15 2.8
      vertex 8.2 12.8 9.3
      vertex 8.2 12.8 2.8
    endloop
  endfacet
  facet normal 1 0 0
    outer loop
      vertex 8.2 40.8 9.3
      vertex 8.2 15 9.3
      vertex 8.2 40.8 6.3
    endloop
  endfacet
  facet normal 1 -0 0
    outer loop
      vertex 8.2 40.8 6.3
      vertex 8.2 43.6 2.8
      vertex 8.2 43.6 6.3
    endloop
  endfacet
  facet normal 1 0 0
    outer loop
      vertex 8.2 15 2.8
      vertex 8.2 40.8 6.3
      vertex 8.2 15 9.3
    endloop
  endfacet
  facet normal 1 0 0
    outer loop
      vertex 8.2 40.8 6.3
      vertex 8.2 15 2.8
      vertex 8.2 43.6 2.8
    endloop
  endfacet
  facet normal 1 -0 0
    outer loop
      vertex 8.2 43.6 6.3
      vertex 8.2 43.8 2.8
      vertex 8.2 43.8 6.3
    endloop
  endfacet
  facet normal 1 0 0
    outer loop
      vertex 8.2 43.8 2.8
      vertex 8.2 43.6 6.3
      vertex 8.2 43.6 2.8
    endloop
  endfacet
  facet normal -1 0 0
    outer loop
      vertex 45.7 12.8 2.8
      vertex 45.7 43.8 9.3
      vertex 45.7 43.8 2.8
    endloop
  endfacet
  facet normal -1 -0 0
    outer loop
      vertex 45.7 43.8 9.3
      vertex 45.7 12.8 2.8
      vertex 45.7 12.8 9.3
    endloop
  endfacet
  facet normal 0 -1 0
    outer loop
      vertex 8.2 43.8 6.3
      vertex 8.2 43.8 2.8
      vertex 17.18 43.8 6.3
    endloop
  endfacet
  facet normal 0 -1 0
    outer loop
      vertex 17.18 43.8 6.3
      vertex 45.7 43.8 9.3
      vertex 17.18 43.8 9.3
    endloop
  endfacet
  facet normal 0 -1 0
    outer loop
      vertex 45.7 43.8 2.8
      vertex 17.18 43.8 6.3
      vertex 8.2 43.8 2.8
    endloop
  endfacet
  facet normal 0 -1 0
    outer loop
      vertex 17.18 43.8 6.3
      vertex 45.7 43.8 2.8
      vertex 45.7 43.8 9.3
    endloop
  endfacet
  facet normal 0 1 -0
    outer loop
      vertex 45.7 12.8 2.8
      vertex 8.2 12.8 9.3
      vertex 45.7 12.8 9.3
    endloop
  endfacet
  facet normal 0 1 0
    outer loop
      vertex 8.2 12.8 9.3
      vertex 45.7 12.8 2.8
      vertex 8.2 12.8 2.8
    endloop
  endfacet
  facet normal -1 0 0
    outer loop
      vertex 17.18 43.8 6.3
      vertex 17.18 44.8 9.3
      vertex 17.18 44.8 6.3
    endloop
  endfacet
  facet normal -1 -0 0
    outer loop
      vertex 17.18 44.8 9.3
      vertex 17.18 43.8 6.3
      vertex 17.18 43.8 9.3
    endloop
  endfacet
  facet normal 0 0 1
    outer loop
      vertex 17.18 44.8 6.3
      vertex 8.2 43.8 6.3
      vertex 17.18 43.8 6.3
    endloop
  endfacet
  facet normal 0 0 1
    outer loop
      vertex 8.2 43.8 6.3
      vertex 8.16922 43.9911 6.3
      vertex 8.2 43.6 6.3
    endloop
  endfacet
  facet normal 0 0 1
    outer loop
      vertex 17.18 44.8 6.3
      vertex 8.16922 43.9911 6.3
      vertex 8.2 43.8 6.3
    endloop
  endfacet
  facet normal 0 0 1
    outer loop
      vertex 17.18 44.8 6.3
      vertex 8.07764 44.3725 6.3
      vertex 8.16922 43.9911 6.3
    endloop
  endfacet
  facet normal 0 0 1
    outer loop
      vertex 17.18 44.8 6.3
      vertex 7.92752 44.735 6.3
      vertex 8.07764 44.3725 6.3
    endloop
  endfacet
  facet normal 0 -0 1
    outer loop
      vertex 7.92752 44.735 6.3
      vertex 17.18 44.8 6.3
      vertex 7.88767 44.8 6.3
    endloop
  endfacet
  facet normal -0 0 1
    outer loop
      vertex 8.16922 43.2089 6.3
      vertex 8.2 40.8 6.3
      vertex 8.2 43.6 6.3
    endloop
  endfacet
  facet normal -0 0 1
    outer loop
      vertex 8.07764 42.8275 6.3
      vertex 8.2 40.8 6.3
      vertex 8.16922 43.2089 6.3
    endloop
  endfacet
  facet normal -0 0 1
    outer loop
      vertex 7.92752 42.465 6.3
      vertex 8.2 40.8 6.3
      vertex 8.07764 42.8275 6.3
    endloop
  endfacet
  facet normal -0 0 1
    outer loop
      vertex 7.72254 42.1305 6.3
      vertex 8.2 40.8 6.3
      vertex 7.92752 42.465 6.3
    endloop
  endfacet
  facet normal -0 0 1
    outer loop
      vertex 7.46777 41.8322 6.3
      vertex 8.2 40.8 6.3
      vertex 7.72254 42.1305 6.3
    endloop
  endfacet
  facet normal -0 0 1
    outer loop
      vertex 7.2 41.6035 6.3
      vertex 8.2 40.8 6.3
      vertex 7.46777 41.8322 6.3
    endloop
  endfacet
  facet normal 0 0 1
    outer loop
      vertex 8.2 40.8 6.3
      vertex 7.2 41.6035 6.3
      vertex 7.2 40.8 6.3
    endloop
  endfacet
  facet normal 0 1 -0
    outer loop
      vertex 8.2 40.8 6.3
      vertex 7.2 40.8 9.3
      vertex 8.2 40.8 9.3
    endloop
  endfacet
  facet normal 0 1 0
    outer loop
      vertex 7.2 40.8 9.3
      vertex 8.2 40.8 6.3
      vertex 7.2 40.8 6.3
    endloop
  endfacet
  facet normal 0.996917 0.078461 0
    outer loop
      vertex 8.2 15 13.5
      vertex 8.16922 15.3911 9.3
      vertex 8.16922 15.3911 13.5
    endloop
  endfacet
  facet normal 0.996917 0.078461 0
    outer loop
      vertex 8.16922 15.3911 9.3
      vertex 8.2 15 13.5
      vertex 8.2 15 9.3
    endloop
  endfacet
  facet normal -0.0784632 0.996917 0
    outer loop
      vertex 5.7 17.5 2.8
      vertex 5.30891 17.4692 13.5
      vertex 5.7 17.5 13.5
    endloop
  endfacet
  facet normal -0.0784632 0.996917 0
    outer loop
      vertex 5.30891 17.4692 13.5
      vertex 5.7 17.5 2.8
      vertex 5.30891 17.4692 2.8
    endloop
  endfacet
  facet normal 0.0784608 -0.996917 0
    outer loop
      vertex 5.7 12.5 2.8
      vertex 6.09109 12.5308 13.5
      vertex 5.7 12.5 13.5
    endloop
  endfacet
  facet normal 0.0784608 -0.996917 0
    outer loop
      vertex 6.09109 12.5308 13.5
      vertex 5.7 12.5 2.8
      vertex 6.09109 12.5308 2.8
    endloop
  endfacet
  facet normal 0.649445 0.760409 -0
    outer loop
      vertex 7.46777 16.7678 9.3
      vertex 7.16946 17.0225 13.5
      vertex 7.46777 16.7678 13.5
    endloop
  endfacet
  facet normal 0.649445 0.760408 5.68768e-08
    outer loop
      vertex 7.2 16.9965 9.3
      vertex 7.16946 17.0225 13.5
      vertex 7.46777 16.7678 9.3
    endloop
  endfacet
  facet normal 0.649441 0.760412 0
    outer loop
      vertex 7.16946 17.0225 2.8
      vertex 7.2 16.9965 9.3
      vertex 7.2 16.9965 2.8
    endloop
  endfacet
  facet normal 0.649441 0.760412 0
    outer loop
      vertex 7.2 16.9965 9.3
      vertex 7.16946 17.0225 2.8
      vertex 7.16946 17.0225 13.5
    endloop
  endfacet
  facet normal -0.760408 0.649446 0
    outer loop
      vertex 3.67746 16.4695 2.8
      vertex 3.93223 16.7678 13.5
      vertex 3.93223 16.7678 2.8
    endloop
  endfacet
  facet normal -0.760408 0.649446 0
    outer loop
      vertex 3.93223 16.7678 13.5
      vertex 3.67746 16.4695 2.8
      vertex 3.67746 16.4695 13.5
    endloop
  endfacet
  facet normal -0.382681 0.923881 0
    outer loop
      vertex 4.92746 17.3776 2.8
      vertex 4.56502 17.2275 13.5
      vertex 4.92746 17.3776 13.5
    endloop
  endfacet
  facet normal -0.382681 0.923881 0
    outer loop
      vertex 4.56502 17.2275 13.5
      vertex 4.92746 17.3776 2.8
      vertex 4.56502 17.2275 2.8
    endloop
  endfacet
  facet normal 0.92388 0.382683 0
    outer loop
      vertex 8.07764 15.7725 13.5
      vertex 7.92752 16.135 9.3
      vertex 7.92752 16.135 13.5
    endloop
  endfacet
  facet normal 0.92388 0.382683 0
    outer loop
      vertex 7.92752 16.135 9.3
      vertex 8.07764 15.7725 13.5
      vertex 8.07764 15.7725 9.3
    endloop
  endfacet
  facet normal 0.97237 0.233445 0
    outer loop
      vertex 8.16922 15.3911 13.5
      vertex 8.07764 15.7725 9.3
      vertex 8.07764 15.7725 13.5
    endloop
  endfacet
  facet normal 0.97237 0.233445 0
    outer loop
      vertex 8.07764 15.7725 9.3
      vertex 8.16922 15.3911 13.5
      vertex 8.16922 15.3911 9.3
    endloop
  endfacet
  facet normal 0.382681 0.923881 -0
    outer loop
      vertex 6.83498 17.2275 2.8
      vertex 6.47254 17.3776 13.5
      vertex 6.83498 17.2275 13.5
    endloop
  endfacet
  facet normal 0.382681 0.923881 0
    outer loop
      vertex 6.47254 17.3776 13.5
      vertex 6.83498 17.2275 2.8
      vertex 6.47254 17.3776 2.8
    endloop
  endfacet
  facet normal 0.522501 0.852639 -0
    outer loop
      vertex 7.16946 17.0225 2.8
      vertex 6.83498 17.2275 13.5
      vertex 7.16946 17.0225 13.5
    endloop
  endfacet
  facet normal 0.522501 0.852639 0
    outer loop
      vertex 6.83498 17.2275 13.5
      vertex 7.16946 17.0225 2.8
      vertex 6.83498 17.2275 2.8
    endloop
  endfacet
  facet normal -0.92388 0.382683 0
    outer loop
      vertex 3.32236 15.7725 2.8
      vertex 3.47248 16.135 13.5
      vertex 3.47248 16.135 2.8
    endloop
  endfacet
  facet normal -0.92388 0.382683 0
    outer loop
      vertex 3.47248 16.135 13.5
      vertex 3.32236 15.7725 2.8
      vertex 3.32236 15.7725 13.5
    endloop
  endfacet
  facet normal -0.85264 0.522498 0
    outer loop
      vertex 3.47248 16.135 2.8
      vertex 3.67746 16.4695 13.5
      vertex 3.67746 16.4695 2.8
    endloop
  endfacet
  facet normal -0.85264 0.522498 0
    outer loop
      vertex 3.67746 16.4695 13.5
      vertex 3.47248 16.135 2.8
      vertex 3.47248 16.135 13.5
    endloop
  endfacet
  facet normal 0 0 1
    outer loop
      vertex 7.25 15 13.5
      vertex 8.2 15 13.5
      vertex 8.16922 15.3911 13.5
    endloop
  endfacet
  facet normal 0 0 1
    outer loop
      vertex 7.23092 15.2425 13.5
      vertex 8.16922 15.3911 13.5
      vertex 8.07764 15.7725 13.5
    endloop
  endfacet
  facet normal 0 0 1
    outer loop
      vertex 8.2 15 13.5
      vertex 7.25 15 13.5
      vertex 8.16922 14.6089 13.5
    endloop
  endfacet
  facet normal 0 0 1
    outer loop
      vertex 7.17414 15.479 13.5
      vertex 8.07764 15.7725 13.5
      vertex 7.92752 16.135 13.5
    endloop
  endfacet
  facet normal -0 0 1
    outer loop
      vertex 7.23092 14.7575 13.5
      vertex 8.16922 14.6089 13.5
      vertex 7.25 15 13.5
    endloop
  endfacet
  facet normal 0 0 1
    outer loop
      vertex 7.08106 15.7037 13.5
      vertex 7.92752 16.135 13.5
      vertex 7.72254 16.4695 13.5
    endloop
  endfacet
  facet normal 0 0 1
    outer loop
      vertex 8.16922 14.6089 13.5
      vertex 7.23092 14.7575 13.5
      vertex 8.07764 14.2275 13.5
    endloop
  endfacet
  facet normal 0 0 1
    outer loop
      vertex 6.95398 15.9111 13.5
      vertex 7.72254 16.4695 13.5
      vertex 7.46777 16.7678 13.5
    endloop
  endfacet
  facet normal -0 0 1
    outer loop
      vertex 7.17414 14.521 13.5
      vertex 8.07764 14.2275 13.5
      vertex 7.23092 14.7575 13.5
    endloop
  endfacet
  facet normal 0 0 1
    outer loop
      vertex 8.07764 14.2275 13.5
      vertex 7.17414 14.521 13.5
      vertex 7.92752 13.865 13.5
    endloop
  endfacet
  facet normal 0 0 1
    outer loop
      vertex 8.16922 15.3911 13.5
      vertex 7.23092 15.2425 13.5
      vertex 7.25 15 13.5
    endloop
  endfacet
  facet normal 0 0 1
    outer loop
      vertex 8.07764 15.7725 13.5
      vertex 7.17414 15.479 13.5
      vertex 7.23092 15.2425 13.5
    endloop
  endfacet
  facet normal 0 0 1
    outer loop
      vertex 6.79601 16.096 13.5
      vertex 7.46777 16.7678 13.5
      vertex 7.16946 17.0225 13.5
    endloop
  endfacet
  facet normal 0 0 1
    outer loop
      vertex 7.92752 16.135 13.5
      vertex 7.08106 15.7037 13.5
      vertex 7.17414 15.479 13.5
    endloop
  endfacet
  facet normal 0 0 1
    outer loop
      vertex 7.72254 16.4695 13.5
      vertex 6.95398 15.9111 13.5
      vertex 7.08106 15.7037 13.5
    endloop
  endfacet
  facet normal 0 0 1
    outer loop
      vertex 6.61107 16.254 13.5
      vertex 7.16946 17.0225 13.5
      vertex 6.83498 17.2275 13.5
    endloop
  endfacet
  facet normal 0 0 1
    outer loop
      vertex 7.46777 16.7678 13.5
      vertex 6.79601 16.096 13.5
      vertex 6.95398 15.9111 13.5
    endloop
  endfacet
  facet normal 0 0 1
    outer loop
      vertex 7.16946 17.0225 13.5
      vertex 6.61107 16.254 13.5
      vertex 6.79601 16.096 13.5
    endloop
  endfacet
  facet normal 0 0 1
    outer loop
      vertex 6.40368 16.3811 13.5
      vertex 6.83498 17.2275 13.5
      vertex 6.47254 17.3776 13.5
    endloop
  endfacet
  facet normal 0 0 1
    outer loop
      vertex 6.83498 17.2275 13.5
      vertex 6.40368 16.3811 13.5
      vertex 6.61107 16.254 13.5
    endloop
  endfacet
  facet normal 0 0 1
    outer loop
      vertex 6.47254 17.3776 13.5
      vertex 6.17898 16.4741 13.5
      vertex 6.40368 16.3811 13.5
    endloop
  endfacet
  facet normal 0 0 1
    outer loop
      vertex 6.09109 17.4692 13.5
      vertex 6.17898 16.4741 13.5
      vertex 6.47254 17.3776 13.5
    endloop
  endfacet
  facet normal 0 0 1
    outer loop
      vertex 6.09109 17.4692 13.5
      vertex 5.94247 16.5309 13.5
      vertex 6.17898 16.4741 13.5
    endloop
  endfacet
  facet normal 0 0 1
    outer loop
      vertex 5.7 17.5 13.5
      vertex 5.94247 16.5309 13.5
      vertex 6.09109 17.4692 13.5
    endloop
  endfacet
  facet normal 0 0 1
    outer loop
      vertex 5.7 17.5 13.5
      vertex 5.7 16.55 13.5
      vertex 5.94247 16.5309 13.5
    endloop
  endfacet
  facet normal 0 0 1
    outer loop
      vertex 5.7 17.5 13.5
      vertex 5.45753 16.5309 13.5
      vertex 5.7 16.55 13.5
    endloop
  endfacet
  facet normal -0 0 1
    outer loop
      vertex 5.30891 17.4692 13.5
      vertex 5.45753 16.5309 13.5
      vertex 5.7 17.5 13.5
    endloop
  endfacet
  facet normal 0 0 1
    outer loop
      vertex 5.30891 17.4692 13.5
      vertex 5.22102 16.4741 13.5
      vertex 5.45753 16.5309 13.5
    endloop
  endfacet
  facet normal -0 0 1
    outer loop
      vertex 4.92746 17.3776 13.5
      vertex 5.22102 16.4741 13.5
      vertex 5.30891 17.4692 13.5
    endloop
  endfacet
  facet normal 0 0 1
    outer loop
      vertex 5.22102 16.4741 13.5
      vertex 4.92746 17.3776 13.5
      vertex 4.99631 16.3811 13.5
    endloop
  endfacet
  facet normal -0 0 1
    outer loop
      vertex 4.56502 17.2275 13.5
      vertex 4.99631 16.3811 13.5
      vertex 4.92746 17.3776 13.5
    endloop
  endfacet
  facet normal 0 0 1
    outer loop
      vertex 4.99631 16.3811 13.5
      vertex 4.56502 17.2275 13.5
      vertex 4.78893 16.254 13.5
    endloop
  endfacet
  facet normal -0 0 1
    outer loop
      vertex 4.23054 17.0225 13.5
      vertex 4.78893 16.254 13.5
      vertex 4.56502 17.2275 13.5
    endloop
  endfacet
  facet normal 0 0 1
    outer loop
      vertex 4.78893 16.254 13.5
      vertex 4.23054 17.0225 13.5
      vertex 4.60398 16.096 13.5
    endloop
  endfacet
  facet normal -0 0 1
    outer loop
      vertex 3.93223 16.7678 13.5
      vertex 4.60398 16.096 13.5
      vertex 4.23054 17.0225 13.5
    endloop
  endfacet
  facet normal 0 0 1
    outer loop
      vertex 4.60398 16.096 13.5
      vertex 3.93223 16.7678 13.5
      vertex 4.44602 15.9111 13.5
    endloop
  endfacet
  facet normal -0 0 1
    outer loop
      vertex 3.67746 16.4695 13.5
      vertex 4.44602 15.9111 13.5
      vertex 3.93223 16.7678 13.5
    endloop
  endfacet
  facet normal 0 0 1
    outer loop
      vertex 4.44602 15.9111 13.5
      vertex 3.67746 16.4695 13.5
      vertex 4.31894 15.7037 13.5
    endloop
  endfacet
  facet normal -0 0 1
    outer loop
      vertex 3.47248 16.135 13.5
      vertex 4.31894 15.7037 13.5
      vertex 3.67746 16.4695 13.5
    endloop
  endfacet
  facet normal 0 0 1
    outer loop
      vertex 4.31894 15.7037 13.5
      vertex 3.47248 16.135 13.5
      vertex 4.22586 15.479 13.5
    endloop
  endfacet
  facet normal -0 0 1
    outer loop
      vertex 7.08106 14.2963 13.5
      vertex 7.92752 13.865 13.5
      vertex 7.17414 14.521 13.5
    endloop
  endfacet
  facet normal 0 0 1
    outer loop
      vertex 7.92752 13.865 13.5
      vertex 7.08106 14.2963 13.5
      vertex 7.72254 13.5305 13.5
    endloop
  endfacet
  facet normal -0 0 1
    outer loop
      vertex 6.95398 14.0889 13.5
      vertex 7.72254 13.5305 13.5
      vertex 7.08106 14.2963 13.5
    endloop
  endfacet
  facet normal 0 0 1
    outer loop
      vertex 7.72254 13.5305 13.5
      vertex 6.95398 14.0889 13.5
      vertex 7.46777 13.2322 13.5
    endloop
  endfacet
  facet normal -0 0 1
    outer loop
      vertex 6.79601 13.904 13.5
      vertex 7.46777 13.2322 13.5
      vertex 6.95398 14.0889 13.5
    endloop
  endfacet
  facet normal 0 0 1
    outer loop
      vertex 7.46777 13.2322 13.5
      vertex 6.79601 13.904 13.5
      vertex 7.16946 12.9775 13.5
    endloop
  endfacet
  facet normal -0 0 1
    outer loop
      vertex 6.61107 13.746 13.5
      vertex 7.16946 12.9775 13.5
      vertex 6.79601 13.904 13.5
    endloop
  endfacet
  facet normal 0 0 1
    outer loop
      vertex 7.16946 12.9775 13.5
      vertex 6.61107 13.746 13.5
      vertex 6.83498 12.7725 13.5
    endloop
  endfacet
  facet normal -0 0 1
    outer loop
      vertex 6.40368 13.6189 13.5
      vertex 6.83498 12.7725 13.5
      vertex 6.61107 13.746 13.5
    endloop
  endfacet
  facet normal 0 0 1
    outer loop
      vertex 6.83498 12.7725 13.5
      vertex 6.40368 13.6189 13.5
      vertex 6.47254 12.6224 13.5
    endloop
  endfacet
  facet normal -0 0 1
    outer loop
      vertex 6.17898 13.5259 13.5
      vertex 6.47254 12.6224 13.5
      vertex 6.40368 13.6189 13.5
    endloop
  endfacet
  facet normal 0 0 1
    outer loop
      vertex 6.17898 13.5259 13.5
      vertex 6.09109 12.5308 13.5
      vertex 6.47254 12.6224 13.5
    endloop
  endfacet
  facet normal -0 0 1
    outer loop
      vertex 5.94247 13.4691 13.5
      vertex 6.09109 12.5308 13.5
      vertex 6.17898 13.5259 13.5
    endloop
  endfacet
  facet normal -0 0 1
    outer loop
      vertex 5.7 13.45 13.5
      vertex 6.09109 12.5308 13.5
      vertex 5.94247 13.4691 13.5
    endloop
  endfacet
  facet normal 0 0 1
    outer loop
      vertex 5.7 13.45 13.5
      vertex 5.7 12.5 13.5
      vertex 6.09109 12.5308 13.5
    endloop
  endfacet
  facet normal 0 0 1
    outer loop
      vertex 5.45753 13.4691 13.5
      vertex 5.7 12.5 13.5
      vertex 5.7 13.45 13.5
    endloop
  endfacet
  facet normal 0 0 1
    outer loop
      vertex 5.45753 13.4691 13.5
      vertex 5.30891 12.5308 13.5
      vertex 5.7 12.5 13.5
    endloop
  endfacet
  facet normal 0 0 1
    outer loop
      vertex 5.22102 13.5259 13.5
      vertex 5.30891 12.5308 13.5
      vertex 5.45753 13.4691 13.5
    endloop
  endfacet
  facet normal 0 0 1
    outer loop
      vertex 4.92746 12.6224 13.5
      vertex 5.22102 13.5259 13.5
      vertex 4.99631 13.6189 13.5
    endloop
  endfacet
  facet normal 0 0 1
    outer loop
      vertex 5.22102 13.5259 13.5
      vertex 4.92746 12.6224 13.5
      vertex 5.30891 12.5308 13.5
    endloop
  endfacet
  facet normal 0 0 1
    outer loop
      vertex 4.56502 12.7725 13.5
      vertex 4.99631 13.6189 13.5
      vertex 4.78893 13.746 13.5
    endloop
  endfacet
  facet normal 0 0 1
    outer loop
      vertex 4.23054 12.9775 13.5
      vertex 4.78893 13.746 13.5
      vertex 4.60398 13.904 13.5
    endloop
  endfacet
  facet normal 0 0 1
    outer loop
      vertex 4.99631 13.6189 13.5
      vertex 4.56502 12.7725 13.5
      vertex 4.92746 12.6224 13.5
    endloop
  endfacet
  facet normal 0 0 1
    outer loop
      vertex 3.93223 13.2322 13.5
      vertex 4.60398 13.904 13.5
      vertex 4.44602 14.0889 13.5
    endloop
  endfacet
  facet normal 0 0 1
    outer loop
      vertex 3.67746 13.5305 13.5
      vertex 4.44602 14.0889 13.5
      vertex 4.31894 14.2963 13.5
    endloop
  endfacet
  facet normal 0 0 1
    outer loop
      vertex 4.78893 13.746 13.5
      vertex 4.23054 12.9775 13.5
      vertex 4.56502 12.7725 13.5
    endloop
  endfacet
  facet normal 0 0 1
    outer loop
      vertex 3.47248 13.865 13.5
      vertex 4.31894 14.2963 13.5
      vertex 4.22586 14.521 13.5
    endloop
  endfacet
  facet normal 0 0 1
    outer loop
      vertex 3.32236 14.2275 13.5
      vertex 4.22586 14.521 13.5
      vertex 4.16908 14.7575 13.5
    endloop
  endfacet
  facet normal 0 0 1
    outer loop
      vertex 3.23078 14.6089 13.5
      vertex 4.16908 14.7575 13.5
      vertex 4.15 15 13.5
    endloop
  endfacet
  facet normal -0 0 1
    outer loop
      vertex 3.32236 15.7725 13.5
      vertex 4.22586 15.479 13.5
      vertex 3.47248 16.135 13.5
    endloop
  endfacet
  facet normal 0 0 1
    outer loop
      vertex 4.60398 13.904 13.5
      vertex 3.93223 13.2322 13.5
      vertex 4.23054 12.9775 13.5
    endloop
  endfacet
  facet normal 0 0 1
    outer loop
      vertex 4.22586 15.479 13.5
      vertex 3.32236 15.7725 13.5
      vertex 4.16908 15.2425 13.5
    endloop
  endfacet
  facet normal 0 0 1
    outer loop
      vertex 4.44602 14.0889 13.5
      vertex 3.67746 13.5305 13.5
      vertex 3.93223 13.2322 13.5
    endloop
  endfacet
  facet normal -0 0 1
    outer loop
      vertex 3.23078 15.3911 13.5
      vertex 4.16908 15.2425 13.5
      vertex 3.32236 15.7725 13.5
    endloop
  endfacet
  facet normal 0 0 1
    outer loop
      vertex 4.31894 14.2963 13.5
      vertex 3.47248 13.865 13.5
      vertex 3.67746 13.5305 13.5
    endloop
  endfacet
  facet normal 0 0 1
    outer loop
      vertex 4.16908 15.2425 13.5
      vertex 3.23078 15.3911 13.5
      vertex 4.15 15 13.5
    endloop
  endfacet
  facet normal 0 0 1
    outer loop
      vertex 4.22586 14.521 13.5
      vertex 3.32236 14.2275 13.5
      vertex 3.47248 13.865 13.5
    endloop
  endfacet
  facet normal 0 0 1
    outer loop
      vertex 3.2 15 13.5
      vertex 4.15 15 13.5
      vertex 3.23078 15.3911 13.5
    endloop
  endfacet
  facet normal 0 0 1
    outer loop
      vertex 4.16908 14.7575 13.5
      vertex 3.23078 14.6089 13.5
      vertex 3.32236 14.2275 13.5
    endloop
  endfacet
  facet normal 0 0 1
    outer loop
      vertex 4.15 15 13.5
      vertex 3.2 15 13.5
      vertex 3.23078 14.6089 13.5
    endloop
  endfacet
  facet normal -0.233445 0.97237 0
    outer loop
      vertex 5.30891 17.4692 2.8
      vertex 4.92746 17.3776 13.5
      vertex 5.30891 17.4692 13.5
    endloop
  endfacet
  facet normal -0.233445 0.97237 0
    outer loop
      vertex 4.92746 17.3776 13.5
      vertex 5.30891 17.4692 2.8
      vertex 4.92746 17.3776 2.8
    endloop
  endfacet
  facet normal 0.97237 -0.233445 0
    outer loop
      vertex 8.07764 14.2275 13.5
      vertex 8.16922 14.6089 9.3
      vertex 8.16922 14.6089 13.5
    endloop
  endfacet
  facet normal 0.97237 -0.233445 0
    outer loop
      vertex 8.16922 14.6089 9.3
      vertex 8.07764 14.2275 13.5
      vertex 8.07764 14.2275 9.3
    endloop
  endfacet
  facet normal -0.85264 -0.522499 0
    outer loop
      vertex 3.67746 13.5305 2.8
      vertex 3.47248 13.865 13.5
      vertex 3.47248 13.865 2.8
    endloop
  endfacet
  facet normal -0.85264 -0.522499 0
    outer loop
      vertex 3.47248 13.865 13.5
      vertex 3.67746 13.5305 2.8
      vertex 3.67746 13.5305 13.5
    endloop
  endfacet
  facet normal 0.233445 -0.97237 0
    outer loop
      vertex 6.09109 12.5308 2.8
      vertex 6.47254 12.6224 13.5
      vertex 6.09109 12.5308 13.5
    endloop
  endfacet
  facet normal 0.233445 -0.97237 0
    outer loop
      vertex 6.47254 12.6224 13.5
      vertex 6.09109 12.5308 2.8
      vertex 6.47254 12.6224 2.8
    endloop
  endfacet
  facet normal 0.760406 0.649448 0
    outer loop
      vertex 7.72254 16.4695 13.5
      vertex 7.46777 16.7678 9.3
      vertex 7.46777 16.7678 13.5
    endloop
  endfacet
  facet normal 0.760406 0.649448 0
    outer loop
      vertex 7.46777 16.7678 9.3
      vertex 7.72254 16.4695 13.5
      vertex 7.72254 16.4695 9.3
    endloop
  endfacet
  facet normal 0.85264 0.522498 0
    outer loop
      vertex 7.92752 16.135 13.5
      vertex 7.72254 16.4695 9.3
      vertex 7.72254 16.4695 13.5
    endloop
  endfacet
  facet normal 0.85264 0.522498 0
    outer loop
      vertex 7.72254 16.4695 9.3
      vertex 7.92752 16.135 13.5
      vertex 7.92752 16.135 9.3
    endloop
  endfacet
  facet normal 0.233445 0.97237 -0
    outer loop
      vertex 6.47254 17.3776 2.8
      vertex 6.09109 17.4692 13.5
      vertex 6.47254 17.3776 13.5
    endloop
  endfacet
  facet normal 0.233445 0.97237 0
    outer loop
      vertex 6.09109 17.4692 13.5
      vertex 6.47254 17.3776 2.8
      vertex 6.09109 17.4692 2.8
    endloop
  endfacet
  facet normal 0.0784634 0.996917 -0
    outer loop
      vertex 6.09109 17.4692 2.8
      vertex 5.7 17.5 13.5
      vertex 6.09109 17.4692 13.5
    endloop
  endfacet
  facet normal 0.0784634 0.996917 0
    outer loop
      vertex 5.7 17.5 13.5
      vertex 6.09109 17.4692 2.8
      vertex 5.7 17.5 2.8
    endloop
  endfacet
  facet normal -0.97237 0.233445 0
    outer loop
      vertex 3.23078 15.3911 2.8
      vertex 3.32236 15.7725 13.5
      vertex 3.32236 15.7725 2.8
    endloop
  endfacet
  facet normal -0.97237 0.233445 0
    outer loop
      vertex 3.32236 15.7725 13.5
      vertex 3.23078 15.3911 2.8
      vertex 3.23078 15.3911 13.5
    endloop
  endfacet
  facet normal -0.996917 0.078461 0
    outer loop
      vertex 3.2 15 2.8
      vertex 3.23078 15.3911 13.5
      vertex 3.23078 15.3911 2.8
    endloop
  endfacet
  facet normal -0.996917 0.078461 0
    outer loop
      vertex 3.23078 15.3911 13.5
      vertex 3.2 15 2.8
      vertex 3.2 15 13.5
    endloop
  endfacet
  facet normal -0.996917 -0.0784608 0
    outer loop
      vertex 3.23078 14.6089 2.8
      vertex 3.2 15 13.5
      vertex 3.2 15 2.8
    endloop
  endfacet
  facet normal -0.996917 -0.0784608 0
    outer loop
      vertex 3.2 15 13.5
      vertex 3.23078 14.6089 2.8
      vertex 3.23078 14.6089 13.5
    endloop
  endfacet
  facet normal -0.522501 0.852639 0
    outer loop
      vertex 4.56502 17.2275 2.8
      vertex 4.23054 17.0225 13.5
      vertex 4.56502 17.2275 13.5
    endloop
  endfacet
  facet normal -0.522501 0.852639 0
    outer loop
      vertex 4.23054 17.0225 13.5
      vertex 4.56502 17.2275 2.8
      vertex 4.23054 17.0225 2.8
    endloop
  endfacet
  facet normal -0.649445 0.760408 0
    outer loop
      vertex 4.23054 17.0225 2.8
      vertex 3.93223 16.7678 13.5
      vertex 4.23054 17.0225 13.5
    endloop
  endfacet
  facet normal -0.649445 0.760408 0
    outer loop
      vertex 3.93223 16.7678 13.5
      vertex 4.23054 17.0225 2.8
      vertex 3.93223 16.7678 2.8
    endloop
  endfacet
  facet normal 0.522499 -0.85264 0
    outer loop
      vertex 6.83498 12.7725 2.8
      vertex 7.16946 12.9775 13.5
      vertex 6.83498 12.7725 13.5
    endloop
  endfacet
  facet normal 0.522499 -0.85264 0
    outer loop
      vertex 7.16946 12.9775 13.5
      vertex 6.83498 12.7725 2.8
      vertex 7.16946 12.9775 2.8
    endloop
  endfacet
  facet normal 0.760407 -0.649446 0
    outer loop
      vertex 7.46777 13.2322 13.5
      vertex 7.72254 13.5305 9.3
      vertex 7.72254 13.5305 13.5
    endloop
  endfacet
  facet normal 0.760407 -0.649446 0
    outer loop
      vertex 7.72254 13.5305 9.3
      vertex 7.46777 13.2322 13.5
      vertex 7.46777 13.2322 9.3
    endloop
  endfacet
  facet normal 0.92388 -0.382683 0
    outer loop
      vertex 7.92752 13.865 13.5
      vertex 8.07764 14.2275 9.3
      vertex 8.07764 14.2275 13.5
    endloop
  endfacet
  facet normal 0.92388 -0.382683 0
    outer loop
      vertex 8.07764 14.2275 9.3
      vertex 7.92752 13.865 13.5
      vertex 7.92752 13.865 9.3
    endloop
  endfacet
  facet normal -0.97237 -0.233445 0
    outer loop
      vertex 3.32236 14.2275 2.8
      vertex 3.23078 14.6089 13.5
      vertex 3.23078 14.6089 2.8
    endloop
  endfacet
  facet normal -0.97237 -0.233445 0
    outer loop
      vertex 3.23078 14.6089 13.5
      vertex 3.32236 14.2275 2.8
      vertex 3.32236 14.2275 13.5
    endloop
  endfacet
  facet normal 0.382683 -0.92388 0
    outer loop
      vertex 6.47254 12.6224 2.8
      vertex 6.83498 12.7725 13.5
      vertex 6.47254 12.6224 13.5
    endloop
  endfacet
  facet normal 0.382683 -0.92388 0
    outer loop
      vertex 6.83498 12.7725 13.5
      vertex 6.47254 12.6224 2.8
      vertex 6.83498 12.7725 2.8
    endloop
  endfacet
  facet normal 0.996917 -0.0784608 0
    outer loop
      vertex 8.16922 14.6089 13.5
      vertex 8.2 15 9.3
      vertex 8.2 15 13.5
    endloop
  endfacet
  facet normal 0.996917 -0.0784608 0
    outer loop
      vertex 8.2 15 9.3
      vertex 8.16922 14.6089 13.5
      vertex 8.16922 14.6089 9.3
    endloop
  endfacet
  facet normal 0.85264 -0.522499 0
    outer loop
      vertex 7.72254 13.5305 13.5
      vertex 7.92752 13.865 9.3
      vertex 7.92752 13.865 13.5
    endloop
  endfacet
  facet normal 0.85264 -0.522499 0
    outer loop
      vertex 7.92752 13.865 9.3
      vertex 7.72254 13.5305 13.5
      vertex 7.72254 13.5305 9.3
    endloop
  endfacet
  facet normal -0.649445 -0.760408 0
    outer loop
      vertex 3.93223 13.2322 2.8
      vertex 4.23054 12.9775 13.5
      vertex 3.93223 13.2322 13.5
    endloop
  endfacet
  facet normal -0.649445 -0.760408 -0
    outer loop
      vertex 4.23054 12.9775 13.5
      vertex 3.93223 13.2322 2.8
      vertex 4.23054 12.9775 2.8
    endloop
  endfacet
  facet normal -0.92388 -0.382683 0
    outer loop
      vertex 3.47248 13.865 2.8
      vertex 3.32236 14.2275 13.5
      vertex 3.32236 14.2275 2.8
    endloop
  endfacet
  facet normal -0.92388 -0.382683 0
    outer loop
      vertex 3.32236 14.2275 13.5
      vertex 3.47248 13.865 2.8
      vertex 3.47248 13.865 13.5
    endloop
  endfacet
  facet normal 0.649445 -0.760409 5.10544e-08
    outer loop
      vertex 7.16946 12.9775 13.5
      vertex 7.2 13.0035 9.3
      vertex 7.46777 13.2322 13.5
    endloop
  endfacet
  facet normal 0.649441 -0.760412 0
    outer loop
      vertex 7.16946 12.9775 2.8
      vertex 7.2 13.0035 9.3
      vertex 7.16946 12.9775 13.5
    endloop
  endfacet
  facet normal 0.649441 -0.760412 0
    outer loop
      vertex 7.2 13.0035 9.3
      vertex 7.16946 12.9775 2.8
      vertex 7.2 13.0035 2.8
    endloop
  endfacet
  facet normal 0.649445 -0.760408 0
    outer loop
      vertex 7.46777 13.2322 13.5
      vertex 7.2 13.0035 9.3
      vertex 7.46777 13.2322 9.3
    endloop
  endfacet
  facet normal -0.078461 -0.996917 0
    outer loop
      vertex 5.30891 12.5308 2.8
      vertex 5.7 12.5 13.5
      vertex 5.30891 12.5308 13.5
    endloop
  endfacet
  facet normal -0.078461 -0.996917 -0
    outer loop
      vertex 5.7 12.5 13.5
      vertex 5.30891 12.5308 2.8
      vertex 5.7 12.5 2.8
    endloop
  endfacet
  facet normal -0.382683 -0.92388 0
    outer loop
      vertex 4.56502 12.7725 2.8
      vertex 4.92746 12.6224 13.5
      vertex 4.56502 12.7725 13.5
    endloop
  endfacet
  facet normal -0.382683 -0.92388 -0
    outer loop
      vertex 4.92746 12.6224 13.5
      vertex 4.56502 12.7725 2.8
      vertex 4.92746 12.6224 2.8
    endloop
  endfacet
  facet normal -0.522499 -0.85264 0
    outer loop
      vertex 4.23054 12.9775 2.8
      vertex 4.56502 12.7725 13.5
      vertex 4.23054 12.9775 13.5
    endloop
  endfacet
  facet normal -0.522499 -0.85264 -0
    outer loop
      vertex 4.56502 12.7725 13.5
      vertex 4.23054 12.9775 2.8
      vertex 4.56502 12.7725 2.8
    endloop
  endfacet
  facet normal -0.233445 -0.97237 0
    outer loop
      vertex 4.92746 12.6224 2.8
      vertex 5.30891 12.5308 13.5
      vertex 4.92746 12.6224 13.5
    endloop
  endfacet
  facet normal -0.233445 -0.97237 -0
    outer loop
      vertex 5.30891 12.5308 13.5
      vertex 4.92746 12.6224 2.8
      vertex 5.30891 12.5308 2.8
    endloop
  endfacet
  facet normal -0.760409 -0.649445 0
    outer loop
      vertex 3.93223 13.2322 2.8
      vertex 3.67746 13.5305 13.5
      vertex 3.67746 13.5305 2.8
    endloop
  endfacet
  facet normal -0.760409 -0.649445 0
    outer loop
      vertex 3.67746 13.5305 13.5
      vertex 3.93223 13.2322 2.8
      vertex 3.93223 13.2322 13.5
    endloop
  endfacet
  facet normal 0.996917 0.0784608 0
    outer loop
      vertex 8.2 43.6 13.5
      vertex 8.16922 43.9911 6.3
      vertex 8.16922 43.9911 13.5
    endloop
  endfacet
  facet normal 0.996917 0.0784608 0
    outer loop
      vertex 8.16922 43.9911 6.3
      vertex 8.2 43.6 13.5
      vertex 8.2 43.6 6.3
    endloop
  endfacet
  facet normal -0.996917 0.0784608 0
    outer loop
      vertex 3.2 43.6 2.8
      vertex 3.23078 43.9911 13.5
      vertex 3.23078 43.9911 2.8
    endloop
  endfacet
  facet normal -0.996917 0.0784608 0
    outer loop
      vertex 3.23078 43.9911 13.5
      vertex 3.2 43.6 2.8
      vertex 3.2 43.6 13.5
    endloop
  endfacet
  facet normal -0.0784535 0.996918 0
    outer loop
      vertex 5.7 46.1 2.8
      vertex 5.30891 46.0692 13.5
      vertex 5.7 46.1 13.5
    endloop
  endfacet
  facet normal -0.0784535 0.996918 0
    outer loop
      vertex 5.30891 46.0692 13.5
      vertex 5.7 46.1 2.8
      vertex 5.30891 46.0692 2.8
    endloop
  endfacet
  facet normal 0.0784632 -0.996917 0
    outer loop
      vertex 5.7 41.1 2.8
      vertex 6.09109 41.1308 13.5
      vertex 5.7 41.1 13.5
    endloop
  endfacet
  facet normal 0.0784632 -0.996917 0
    outer loop
      vertex 6.09109 41.1308 13.5
      vertex 5.7 41.1 2.8
      vertex 6.09109 41.1308 2.8
    endloop
  endfacet
  facet normal 0.649448 0.760406 -0
    outer loop
      vertex 7.46777 45.3678 2.8
      vertex 7.16946 45.6225 13.5
      vertex 7.46777 45.3678 13.5
    endloop
  endfacet
  facet normal 0.649448 0.760406 0
    outer loop
      vertex 7.16946 45.6225 13.5
      vertex 7.46777 45.3678 2.8
      vertex 7.16946 45.6225 2.8
    endloop
  endfacet
  facet normal -0.649448 0.760406 0
    outer loop
      vertex 4.23054 45.6225 2.8
      vertex 3.93223 45.3678 13.5
      vertex 4.23054 45.6225 13.5
    endloop
  endfacet
  facet normal -0.649448 0.760406 0
    outer loop
      vertex 3.93223 45.3678 13.5
      vertex 4.23054 45.6225 2.8
      vertex 3.93223 45.3678 2.8
    endloop
  endfacet
  facet normal -0.382689 0.923877 0
    outer loop
      vertex 4.92746 45.9776 2.8
      vertex 4.56502 45.8275 13.5
      vertex 4.92746 45.9776 13.5
    endloop
  endfacet
  facet normal -0.382689 0.923877 0
    outer loop
      vertex 4.56502 45.8275 13.5
      vertex 4.92746 45.9776 2.8
      vertex 4.56502 45.8275 2.8
    endloop
  endfacet
  facet normal 0.92388 0.382682 0
    outer loop
      vertex 8.07764 44.3725 13.5
      vertex 7.92752 44.735 6.3
      vertex 7.92752 44.735 13.5
    endloop
  endfacet
  facet normal 0.92388 0.382682 0
    outer loop
      vertex 7.92752 44.735 6.3
      vertex 8.07764 44.3725 13.5
      vertex 8.07764 44.3725 6.3
    endloop
  endfacet
  facet normal 0.97237 0.233444 0
    outer loop
      vertex 8.16922 43.9911 13.5
      vertex 8.07764 44.3725 6.3
      vertex 8.07764 44.3725 13.5
    endloop
  endfacet
  facet normal 0.97237 0.233444 0
    outer loop
      vertex 8.07764 44.3725 6.3
      vertex 8.16922 43.9911 13.5
      vertex 8.16922 43.9911 6.3
    endloop
  endfacet
  facet normal 0.382689 0.923877 -0
    outer loop
      vertex 6.83498 45.8275 2.8
      vertex 6.47254 45.9776 13.5
      vertex 6.83498 45.8275 13.5
    endloop
  endfacet
  facet normal 0.382689 0.923877 0
    outer loop
      vertex 6.47254 45.9776 13.5
      vertex 6.83498 45.8275 2.8
      vertex 6.47254 45.9776 2.8
    endloop
  endfacet
  facet normal 0.233445 0.97237 -0
    outer loop
      vertex 6.47254 45.9776 2.8
      vertex 6.09109 46.0692 13.5
      vertex 6.47254 45.9776 13.5
    endloop
  endfacet
  facet normal 0.233445 0.97237 0
    outer loop
      vertex 6.09109 46.0692 13.5
      vertex 6.47254 45.9776 2.8
      vertex 6.09109 46.0692 2.8
    endloop
  endfacet
  facet normal 0.522494 0.852643 -0
    outer loop
      vertex 7.16946 45.6225 2.8
      vertex 6.83498 45.8275 13.5
      vertex 7.16946 45.6225 13.5
    endloop
  endfacet
  facet normal 0.522494 0.852643 0
    outer loop
      vertex 6.83498 45.8275 13.5
      vertex 7.16946 45.6225 2.8
      vertex 6.83498 45.8275 2.8
    endloop
  endfacet
  facet normal -0.852638 0.522502 0
    outer loop
      vertex 3.47248 44.735 2.8
      vertex 3.67746 45.0695 13.5
      vertex 3.67746 45.0695 2.8
    endloop
  endfacet
  facet normal -0.852638 0.522502 0
    outer loop
      vertex 3.67746 45.0695 13.5
      vertex 3.47248 44.735 2.8
      vertex 3.47248 44.735 13.5
    endloop
  endfacet
  facet normal -0.76041 0.649444 0
    outer loop
      vertex 3.67746 45.0695 2.8
      vertex 3.93223 45.3678 13.5
      vertex 3.93223 45.3678 2.8
    endloop
  endfacet
  facet normal -0.76041 0.649444 0
    outer loop
      vertex 3.93223 45.3678 13.5
      vertex 3.67746 45.0695 2.8
      vertex 3.67746 45.0695 13.5
    endloop
  endfacet
  facet normal -0.92388 0.382682 0
    outer loop
      vertex 3.32236 44.3725 2.8
      vertex 3.47248 44.735 13.5
      vertex 3.47248 44.735 2.8
    endloop
  endfacet
  facet normal -0.92388 0.382682 0
    outer loop
      vertex 3.47248 44.735 13.5
      vertex 3.32236 44.3725 2.8
      vertex 3.32236 44.3725 13.5
    endloop
  endfacet
  facet normal -0.522494 0.852643 0
    outer loop
      vertex 4.56502 45.8275 2.8
      vertex 4.23054 45.6225 13.5
      vertex 4.56502 45.8275 13.5
    endloop
  endfacet
  facet normal -0.522494 0.852643 0
    outer loop
      vertex 4.23054 45.6225 13.5
      vertex 4.56502 45.8275 2.8
      vertex 4.23054 45.6225 2.8
    endloop
  endfacet
  facet normal -0.233445 0.97237 0
    outer loop
      vertex 5.30891 46.0692 2.8
      vertex 4.92746 45.9776 13.5
      vertex 5.30891 46.0692 13.5
    endloop
  endfacet
  facet normal -0.233445 0.97237 0
    outer loop
      vertex 4.92746 45.9776 13.5
      vertex 5.30891 46.0692 2.8
      vertex 4.92746 45.9776 2.8
    endloop
  endfacet
  facet normal 0.97237 -0.233444 0
    outer loop
      vertex 8.07764 42.8275 13.5
      vertex 8.16922 43.2089 6.3
      vertex 8.16922 43.2089 13.5
    endloop
  endfacet
  facet normal 0.97237 -0.233444 0
    outer loop
      vertex 8.16922 43.2089 6.3
      vertex 8.07764 42.8275 13.5
      vertex 8.07764 42.8275 6.3
    endloop
  endfacet
  facet normal 0.760408 0.649445 0
    outer loop
      vertex 7.72254 45.0695 13.5
      vertex 7.46777 45.3678 2.8
      vertex 7.46777 45.3678 13.5
    endloop
  endfacet
  facet normal 0.760408 0.649445 0
    outer loop
      vertex 7.46777 45.3678 2.8
      vertex 7.72254 45.0695 13.5
      vertex 7.72254 45.0695 2.8
    endloop
  endfacet
  facet normal 0.852639 0.522501 0
    outer loop
      vertex 7.72254 45.0695 13.5
      vertex 7.88767 44.8 6.3
      vertex 7.72254 45.0695 2.8
    endloop
  endfacet
  facet normal 0.852638 0.522502 -9.3008e-08
    outer loop
      vertex 7.92752 44.735 13.5
      vertex 7.88767 44.8 6.3
      vertex 7.72254 45.0695 13.5
    endloop
  endfacet
  facet normal 0.852633 0.52251 0
    outer loop
      vertex 7.88767 44.8 6.3
      vertex 7.92752 44.735 13.5
      vertex 7.92752 44.735 6.3
    endloop
  endfacet
  facet normal 0.852639 0.522501 0
    outer loop
      vertex 7.72254 45.0695 2.8
      vertex 7.88767 44.8 6.3
      vertex 7.88767 44.8 2.8
    endloop
  endfacet
  facet normal 0.0784537 0.996918 -0
    outer loop
      vertex 6.09109 46.0692 2.8
      vertex 5.7 46.1 13.5
      vertex 6.09109 46.0692 13.5
    endloop
  endfacet
  facet normal 0.0784537 0.996918 0
    outer loop
      vertex 5.7 46.1 13.5
      vertex 6.09109 46.0692 2.8
      vertex 5.7 46.1 2.8
    endloop
  endfacet
  facet normal -0.97237 0.233444 0
    outer loop
      vertex 3.23078 43.9911 2.8
      vertex 3.32236 44.3725 13.5
      vertex 3.32236 44.3725 2.8
    endloop
  endfacet
  facet normal -0.97237 0.233444 0
    outer loop
      vertex 3.32236 44.3725 13.5
      vertex 3.23078 43.9911 2.8
      vertex 3.23078 43.9911 13.5
    endloop
  endfacet
  facet normal 0 0 1
    outer loop
      vertex 7.25 43.6 13.5
      vertex 8.2 43.6 13.5
      vertex 8.16922 43.9911 13.5
    endloop
  endfacet
  facet normal 0 0 1
    outer loop
      vertex 7.23092 43.8425 13.5
      vertex 8.16922 43.9911 13.5
      vertex 8.07764 44.3725 13.5
    endloop
  endfacet
  facet normal 0 0 1
    outer loop
      vertex 8.2 43.6 13.5
      vertex 7.25 43.6 13.5
      vertex 8.16922 43.2089 13.5
    endloop
  endfacet
  facet normal 0 0 1
    outer loop
      vertex 7.17414 44.079 13.5
      vertex 8.07764 44.3725 13.5
      vertex 7.92752 44.735 13.5
    endloop
  endfacet
  facet normal -0 0 1
    outer loop
      vertex 7.23092 43.3575 13.5
      vertex 8.16922 43.2089 13.5
      vertex 7.25 43.6 13.5
    endloop
  endfacet
  facet normal 0 0 1
    outer loop
      vertex 7.08106 44.3037 13.5
      vertex 7.92752 44.735 13.5
      vertex 7.72254 45.0695 13.5
    endloop
  endfacet
  facet normal 0 0 1
    outer loop
      vertex 8.16922 43.2089 13.5
      vertex 7.23092 43.3575 13.5
      vertex 8.07764 42.8275 13.5
    endloop
  endfacet
  facet normal 0 0 1
    outer loop
      vertex 6.95398 44.5111 13.5
      vertex 7.72254 45.0695 13.5
      vertex 7.46777 45.3678 13.5
    endloop
  endfacet
  facet normal -0 0 1
    outer loop
      vertex 7.17414 43.121 13.5
      vertex 8.07764 42.8275 13.5
      vertex 7.23092 43.3575 13.5
    endloop
  endfacet
  facet normal 0 0 1
    outer loop
      vertex 8.07764 42.8275 13.5
      vertex 7.17414 43.121 13.5
      vertex 7.92752 42.465 13.5
    endloop
  endfacet
  facet normal 0 0 1
    outer loop
      vertex 8.16922 43.9911 13.5
      vertex 7.23092 43.8425 13.5
      vertex 7.25 43.6 13.5
    endloop
  endfacet
  facet normal 0 0 1
    outer loop
      vertex 8.07764 44.3725 13.5
      vertex 7.17414 44.079 13.5
      vertex 7.23092 43.8425 13.5
    endloop
  endfacet
  facet normal 0 0 1
    outer loop
      vertex 6.79601 44.696 13.5
      vertex 7.46777 45.3678 13.5
      vertex 7.16946 45.6225 13.5
    endloop
  endfacet
  facet normal 0 0 1
    outer loop
      vertex 7.92752 44.735 13.5
      vertex 7.08106 44.3037 13.5
      vertex 7.17414 44.079 13.5
    endloop
  endfacet
  facet normal 0 0 1
    outer loop
      vertex 7.72254 45.0695 13.5
      vertex 6.95398 44.5111 13.5
      vertex 7.08106 44.3037 13.5
    endloop
  endfacet
  facet normal 0 0 1
    outer loop
      vertex 6.61107 44.854 13.5
      vertex 7.16946 45.6225 13.5
      vertex 6.83498 45.8275 13.5
    endloop
  endfacet
  facet normal 0 0 1
    outer loop
      vertex 7.46777 45.3678 13.5
      vertex 6.79601 44.696 13.5
      vertex 6.95398 44.5111 13.5
    endloop
  endfacet
  facet normal 0 0 1
    outer loop
      vertex 7.16946 45.6225 13.5
      vertex 6.61107 44.854 13.5
      vertex 6.79601 44.696 13.5
    endloop
  endfacet
  facet normal 0 0 1
    outer loop
      vertex 6.40368 44.9811 13.5
      vertex 6.83498 45.8275 13.5
      vertex 6.47254 45.9776 13.5
    endloop
  endfacet
  facet normal 0 0 1
    outer loop
      vertex 6.83498 45.8275 13.5
      vertex 6.40368 44.9811 13.5
      vertex 6.61107 44.854 13.5
    endloop
  endfacet
  facet normal 0 0 1
    outer loop
      vertex 6.47254 45.9776 13.5
      vertex 6.17898 45.0741 13.5
      vertex 6.40368 44.9811 13.5
    endloop
  endfacet
  facet normal 0 0 1
    outer loop
      vertex 6.09109 46.0692 13.5
      vertex 6.17898 45.0741 13.5
      vertex 6.47254 45.9776 13.5
    endloop
  endfacet
  facet normal 0 0 1
    outer loop
      vertex 6.09109 46.0692 13.5
      vertex 5.94247 45.1309 13.5
      vertex 6.17898 45.0741 13.5
    endloop
  endfacet
  facet normal 0 0 1
    outer loop
      vertex 5.7 46.1 13.5
      vertex 5.94247 45.1309 13.5
      vertex 6.09109 46.0692 13.5
    endloop
  endfacet
  facet normal 0 0 1
    outer loop
      vertex 5.7 46.1 13.5
      vertex 5.7 45.15 13.5
      vertex 5.94247 45.1309 13.5
    endloop
  endfacet
  facet normal 0 0 1
    outer loop
      vertex 5.7 46.1 13.5
      vertex 5.45753 45.1309 13.5
      vertex 5.7 45.15 13.5
    endloop
  endfacet
  facet normal -0 0 1
    outer loop
      vertex 5.30891 46.0692 13.5
      vertex 5.45753 45.1309 13.5
      vertex 5.7 46.1 13.5
    endloop
  endfacet
  facet normal 0 0 1
    outer loop
      vertex 5.30891 46.0692 13.5
      vertex 5.22102 45.0741 13.5
      vertex 5.45753 45.1309 13.5
    endloop
  endfacet
  facet normal -0 0 1
    outer loop
      vertex 4.92746 45.9776 13.5
      vertex 5.22102 45.0741 13.5
      vertex 5.30891 46.0692 13.5
    endloop
  endfacet
  facet normal 0 0 1
    outer loop
      vertex 5.22102 45.0741 13.5
      vertex 4.92746 45.9776 13.5
      vertex 4.99631 44.9811 13.5
    endloop
  endfacet
  facet normal -0 0 1
    outer loop
      vertex 4.56502 45.8275 13.5
      vertex 4.99631 44.9811 13.5
      vertex 4.92746 45.9776 13.5
    endloop
  endfacet
  facet normal 0 0 1
    outer loop
      vertex 4.99631 44.9811 13.5
      vertex 4.56502 45.8275 13.5
      vertex 4.78893 44.854 13.5
    endloop
  endfacet
  facet normal -0 0 1
    outer loop
      vertex 4.23054 45.6225 13.5
      vertex 4.78893 44.854 13.5
      vertex 4.56502 45.8275 13.5
    endloop
  endfacet
  facet normal 0 0 1
    outer loop
      vertex 4.78893 44.854 13.5
      vertex 4.23054 45.6225 13.5
      vertex 4.60398 44.696 13.5
    endloop
  endfacet
  facet normal -0 0 1
    outer loop
      vertex 3.93223 45.3678 13.5
      vertex 4.60398 44.696 13.5
      vertex 4.23054 45.6225 13.5
    endloop
  endfacet
  facet normal 0 0 1
    outer loop
      vertex 4.60398 44.696 13.5
      vertex 3.93223 45.3678 13.5
      vertex 4.44602 44.5111 13.5
    endloop
  endfacet
  facet normal -0 0 1
    outer loop
      vertex 3.67746 45.0695 13.5
      vertex 4.44602 44.5111 13.5
      vertex 3.93223 45.3678 13.5
    endloop
  endfacet
  facet normal 0 0 1
    outer loop
      vertex 4.44602 44.5111 13.5
      vertex 3.67746 45.0695 13.5
      vertex 4.31894 44.3037 13.5
    endloop
  endfacet
  facet normal -0 0 1
    outer loop
      vertex 3.47248 44.735 13.5
      vertex 4.31894 44.3037 13.5
      vertex 3.67746 45.0695 13.5
    endloop
  endfacet
  facet normal 0 0 1
    outer loop
      vertex 4.31894 44.3037 13.5
      vertex 3.47248 44.735 13.5
      vertex 4.22586 44.079 13.5
    endloop
  endfacet
  facet normal -0 0 1
    outer loop
      vertex 7.08106 42.8963 13.5
      vertex 7.92752 42.465 13.5
      vertex 7.17414 43.121 13.5
    endloop
  endfacet
  facet normal 0 0 1
    outer loop
      vertex 7.92752 42.465 13.5
      vertex 7.08106 42.8963 13.5
      vertex 7.72254 42.1305 13.5
    endloop
  endfacet
  facet normal -0 0 1
    outer loop
      vertex 6.95398 42.6889 13.5
      vertex 7.72254 42.1305 13.5
      vertex 7.08106 42.8963 13.5
    endloop
  endfacet
  facet normal 0 0 1
    outer loop
      vertex 7.72254 42.1305 13.5
      vertex 6.95398 42.6889 13.5
      vertex 7.46777 41.8322 13.5
    endloop
  endfacet
  facet normal -0 0 1
    outer loop
      vertex 6.79601 42.504 13.5
      vertex 7.46777 41.8322 13.5
      vertex 6.95398 42.6889 13.5
    endloop
  endfacet
  facet normal 0 0 1
    outer loop
      vertex 7.46777 41.8322 13.5
      vertex 6.79601 42.504 13.5
      vertex 7.16946 41.5775 13.5
    endloop
  endfacet
  facet normal -0 0 1
    outer loop
      vertex 6.61107 42.346 13.5
      vertex 7.16946 41.5775 13.5
      vertex 6.79601 42.504 13.5
    endloop
  endfacet
  facet normal 0 0 1
    outer loop
      vertex 7.16946 41.5775 13.5
      vertex 6.61107 42.346 13.5
      vertex 6.83498 41.3725 13.5
    endloop
  endfacet
  facet normal -0 0 1
    outer loop
      vertex 6.40368 42.2189 13.5
      vertex 6.83498 41.3725 13.5
      vertex 6.61107 42.346 13.5
    endloop
  endfacet
  facet normal 0 0 1
    outer loop
      vertex 6.83498 41.3725 13.5
      vertex 6.40368 42.2189 13.5
      vertex 6.47254 41.2224 13.5
    endloop
  endfacet
  facet normal -0 0 1
    outer loop
      vertex 6.17898 42.1259 13.5
      vertex 6.47254 41.2224 13.5
      vertex 6.40368 42.2189 13.5
    endloop
  endfacet
  facet normal 0 0 1
    outer loop
      vertex 6.17898 42.1259 13.5
      vertex 6.09109 41.1308 13.5
      vertex 6.47254 41.2224 13.5
    endloop
  endfacet
  facet normal -0 0 1
    outer loop
      vertex 5.94247 42.0691 13.5
      vertex 6.09109 41.1308 13.5
      vertex 6.17898 42.1259 13.5
    endloop
  endfacet
  facet normal -0 0 1
    outer loop
      vertex 5.7 42.05 13.5
      vertex 6.09109 41.1308 13.5
      vertex 5.94247 42.0691 13.5
    endloop
  endfacet
  facet normal 0 0 1
    outer loop
      vertex 5.7 42.05 13.5
      vertex 5.7 41.1 13.5
      vertex 6.09109 41.1308 13.5
    endloop
  endfacet
  facet normal 0 0 1
    outer loop
      vertex 5.45753 42.0691 13.5
      vertex 5.7 41.1 13.5
      vertex 5.7 42.05 13.5
    endloop
  endfacet
  facet normal 0 0 1
    outer loop
      vertex 5.45753 42.0691 13.5
      vertex 5.30891 41.1308 13.5
      vertex 5.7 41.1 13.5
    endloop
  endfacet
  facet normal 0 0 1
    outer loop
      vertex 5.22102 42.1259 13.5
      vertex 5.30891 41.1308 13.5
      vertex 5.45753 42.0691 13.5
    endloop
  endfacet
  facet normal 0 0 1
    outer loop
      vertex 4.92746 41.2224 13.5
      vertex 5.22102 42.1259 13.5
      vertex 4.99631 42.2189 13.5
    endloop
  endfacet
  facet normal 0 0 1
    outer loop
      vertex 5.22102 42.1259 13.5
      vertex 4.92746 41.2224 13.5
      vertex 5.30891 41.1308 13.5
    endloop
  endfacet
  facet normal 0 0 1
    outer loop
      vertex 4.56502 41.3725 13.5
      vertex 4.99631 42.2189 13.5
      vertex 4.78893 42.346 13.5
    endloop
  endfacet
  facet normal 0 0 1
    outer loop
      vertex 4.23054 41.5775 13.5
      vertex 4.78893 42.346 13.5
      vertex 4.60398 42.504 13.5
    endloop
  endfacet
  facet normal 0 0 1
    outer loop
      vertex 4.99631 42.2189 13.5
      vertex 4.56502 41.3725 13.5
      vertex 4.92746 41.2224 13.5
    endloop
  endfacet
  facet normal 0 0 1
    outer loop
      vertex 3.93223 41.8322 13.5
      vertex 4.60398 42.504 13.5
      vertex 4.44602 42.6889 13.5
    endloop
  endfacet
  facet normal 0 0 1
    outer loop
      vertex 3.67746 42.1305 13.5
      vertex 4.44602 42.6889 13.5
      vertex 4.31894 42.8963 13.5
    endloop
  endfacet
  facet normal 0 0 1
    outer loop
      vertex 4.78893 42.346 13.5
      vertex 4.23054 41.5775 13.5
      vertex 4.56502 41.3725 13.5
    endloop
  endfacet
  facet normal 0 0 1
    outer loop
      vertex 3.47248 42.465 13.5
      vertex 4.31894 42.8963 13.5
      vertex 4.22586 43.121 13.5
    endloop
  endfacet
  facet normal 0 0 1
    outer loop
      vertex 3.32236 42.8275 13.5
      vertex 4.22586 43.121 13.5
      vertex 4.16908 43.3575 13.5
    endloop
  endfacet
  facet normal 0 0 1
    outer loop
      vertex 3.23078 43.2089 13.5
      vertex 4.16908 43.3575 13.5
      vertex 4.15 43.6 13.5
    endloop
  endfacet
  facet normal -0 0 1
    outer loop
      vertex 3.32236 44.3725 13.5
      vertex 4.22586 44.079 13.5
      vertex 3.47248 44.735 13.5
    endloop
  endfacet
  facet normal 0 0 1
    outer loop
      vertex 4.60398 42.504 13.5
      vertex 3.93223 41.8322 13.5
      vertex 4.23054 41.5775 13.5
    endloop
  endfacet
  facet normal 0 0 1
    outer loop
      vertex 4.22586 44.079 13.5
      vertex 3.32236 44.3725 13.5
      vertex 4.16908 43.8425 13.5
    endloop
  endfacet
  facet normal 0 0 1
    outer loop
      vertex 4.44602 42.6889 13.5
      vertex 3.67746 42.1305 13.5
      vertex 3.93223 41.8322 13.5
    endloop
  endfacet
  facet normal -0 0 1
    outer loop
      vertex 3.23078 43.9911 13.5
      vertex 4.16908 43.8425 13.5
      vertex 3.32236 44.3725 13.5
    endloop
  endfacet
  facet normal 0 0 1
    outer loop
      vertex 4.31894 42.8963 13.5
      vertex 3.47248 42.465 13.5
      vertex 3.67746 42.1305 13.5
    endloop
  endfacet
  facet normal 0 0 1
    outer loop
      vertex 4.16908 43.8425 13.5
      vertex 3.23078 43.9911 13.5
      vertex 4.15 43.6 13.5
    endloop
  endfacet
  facet normal 0 0 1
    outer loop
      vertex 4.22586 43.121 13.5
      vertex 3.32236 42.8275 13.5
      vertex 3.47248 42.465 13.5
    endloop
  endfacet
  facet normal 0 0 1
    outer loop
      vertex 3.2 43.6 13.5
      vertex 4.15 43.6 13.5
      vertex 3.23078 43.9911 13.5
    endloop
  endfacet
  facet normal 0 0 1
    outer loop
      vertex 4.16908 43.3575 13.5
      vertex 3.23078 43.2089 13.5
      vertex 3.32236 42.8275 13.5
    endloop
  endfacet
  facet normal 0 0 1
    outer loop
      vertex 4.15 43.6 13.5
      vertex 3.2 43.6 13.5
      vertex 3.23078 43.2089 13.5
    endloop
  endfacet
  facet normal 0.522501 -0.852639 0
    outer loop
      vertex 6.83498 41.3725 2.8
      vertex 7.16946 41.5775 13.5
      vertex 6.83498 41.3725 13.5
    endloop
  endfacet
  facet normal 0.522501 -0.852639 0
    outer loop
      vertex 7.16946 41.5775 13.5
      vertex 6.83498 41.3725 2.8
      vertex 7.16946 41.5775 2.8
    endloop
  endfacet
  facet normal 0.760404 -0.64945 0
    outer loop
      vertex 7.46777 41.8322 13.5
      vertex 7.72254 42.1305 6.3
      vertex 7.72254 42.1305 13.5
    endloop
  endfacet
  facet normal 0.760404 -0.64945 0
    outer loop
      vertex 7.72254 42.1305 6.3
      vertex 7.46777 41.8322 13.5
      vertex 7.46777 41.8322 6.3
    endloop
  endfacet
  facet normal 0.92388 -0.382682 0
    outer loop
      vertex 7.92752 42.465 13.5
      vertex 8.07764 42.8275 6.3
      vertex 8.07764 42.8275 13.5
    endloop
  endfacet
  facet normal 0.92388 -0.382682 0
    outer loop
      vertex 8.07764 42.8275 6.3
      vertex 7.92752 42.465 13.5
      vertex 7.92752 42.465 6.3
    endloop
  endfacet
  facet normal -0.649448 -0.760406 0
    outer loop
      vertex 3.93223 41.8322 2.8
      vertex 4.23054 41.5775 13.5
      vertex 3.93223 41.8322 13.5
    endloop
  endfacet
  facet normal -0.649448 -0.760406 -0
    outer loop
      vertex 4.23054 41.5775 13.5
      vertex 3.93223 41.8322 2.8
      vertex 4.23054 41.5775 2.8
    endloop
  endfacet
  facet normal -0.85264 -0.522498 0
    outer loop
      vertex 3.67746 42.1305 2.8
      vertex 3.47248 42.465 13.5
      vertex 3.47248 42.465 2.8
    endloop
  endfacet
  facet normal -0.85264 -0.522498 0
    outer loop
      vertex 3.47248 42.465 13.5
      vertex 3.67746 42.1305 2.8
      vertex 3.67746 42.1305 13.5
    endloop
  endfacet
  facet normal -0.760405 -0.649449 0
    outer loop
      vertex 3.93223 41.8322 2.8
      vertex 3.67746 42.1305 13.5
      vertex 3.67746 42.1305 2.8
    endloop
  endfacet
  facet normal -0.760405 -0.649449 0
    outer loop
      vertex 3.67746 42.1305 13.5
      vertex 3.93223 41.8322 2.8
      vertex 3.93223 41.8322 13.5
    endloop
  endfacet
  facet normal 0.233445 -0.97237 0
    outer loop
      vertex 6.09109 41.1308 2.8
      vertex 6.47254 41.2224 13.5
      vertex 6.09109 41.1308 13.5
    endloop
  endfacet
  facet normal 0.233445 -0.97237 0
    outer loop
      vertex 6.47254 41.2224 13.5
      vertex 6.09109 41.1308 2.8
      vertex 6.47254 41.2224 2.8
    endloop
  endfacet
  facet normal 0.996917 -0.0784615 0
    outer loop
      vertex 8.16922 43.2089 13.5
      vertex 8.2 43.6 6.3
      vertex 8.2 43.6 13.5
    endloop
  endfacet
  facet normal 0.996917 -0.0784615 0
    outer loop
      vertex 8.2 43.6 6.3
      vertex 8.16922 43.2089 13.5
      vertex 8.16922 43.2089 6.3
    endloop
  endfacet
  facet normal 0.85264 -0.522498 0
    outer loop
      vertex 7.72254 42.1305 13.5
      vertex 7.92752 42.465 6.3
      vertex 7.92752 42.465 13.5
    endloop
  endfacet
  facet normal 0.85264 -0.522498 0
    outer loop
      vertex 7.92752 42.465 6.3
      vertex 7.72254 42.1305 13.5
      vertex 7.72254 42.1305 6.3
    endloop
  endfacet
  facet normal -0.92388 -0.382682 0
    outer loop
      vertex 3.47248 42.465 2.8
      vertex 3.32236 42.8275 13.5
      vertex 3.32236 42.8275 2.8
    endloop
  endfacet
  facet normal -0.92388 -0.382682 0
    outer loop
      vertex 3.32236 42.8275 13.5
      vertex 3.47248 42.465 2.8
      vertex 3.47248 42.465 13.5
    endloop
  endfacet
  facet normal -0.996917 -0.0784615 0
    outer loop
      vertex 3.23078 43.2089 2.8
      vertex 3.2 43.6 13.5
      vertex 3.2 43.6 2.8
    endloop
  endfacet
  facet normal -0.996917 -0.0784615 0
    outer loop
      vertex 3.2 43.6 13.5
      vertex 3.23078 43.2089 2.8
      vertex 3.23078 43.2089 13.5
    endloop
  endfacet
  facet normal 0.382681 -0.923881 0
    outer loop
      vertex 6.47254 41.2224 2.8
      vertex 6.83498 41.3725 13.5
      vertex 6.47254 41.2224 13.5
    endloop
  endfacet
  facet normal 0.382681 -0.923881 0
    outer loop
      vertex 6.83498 41.3725 13.5
      vertex 6.47254 41.2224 2.8
      vertex 6.83498 41.3725 2.8
    endloop
  endfacet
  facet normal 0.649448 -0.760406 5.0403e-08
    outer loop
      vertex 7.16946 41.5775 13.5
      vertex 7.2 41.6035 6.3
      vertex 7.46777 41.8322 13.5
    endloop
  endfacet
  facet normal 0.649441 -0.760412 0
    outer loop
      vertex 7.16946 41.5775 2.8
      vertex 7.2 41.6035 6.3
      vertex 7.16946 41.5775 13.5
    endloop
  endfacet
  facet normal 0.649441 -0.760412 0
    outer loop
      vertex 7.2 41.6035 6.3
      vertex 7.16946 41.5775 2.8
      vertex 7.2 41.6035 2.8
    endloop
  endfacet
  facet normal 0.649449 -0.760405 0
    outer loop
      vertex 7.46777 41.8322 13.5
      vertex 7.2 41.6035 6.3
      vertex 7.46777 41.8322 6.3
    endloop
  endfacet
  facet normal -0.382681 -0.923881 0
    outer loop
      vertex 4.56502 41.3725 2.8
      vertex 4.92746 41.2224 13.5
      vertex 4.56502 41.3725 13.5
    endloop
  endfacet
  facet normal -0.382681 -0.923881 -0
    outer loop
      vertex 4.92746 41.2224 13.5
      vertex 4.56502 41.3725 2.8
      vertex 4.92746 41.2224 2.8
    endloop
  endfacet
  facet normal -0.233445 -0.97237 0
    outer loop
      vertex 4.92746 41.2224 2.8
      vertex 5.30891 41.1308 13.5
      vertex 4.92746 41.2224 13.5
    endloop
  endfacet
  facet normal -0.233445 -0.97237 -0
    outer loop
      vertex 5.30891 41.1308 13.5
      vertex 4.92746 41.2224 2.8
      vertex 5.30891 41.1308 2.8
    endloop
  endfacet
  facet normal -0.97237 -0.233444 0
    outer loop
      vertex 3.32236 42.8275 2.8
      vertex 3.23078 43.2089 13.5
      vertex 3.23078 43.2089 2.8
    endloop
  endfacet
  facet normal -0.97237 -0.233444 0
    outer loop
      vertex 3.23078 43.2089 13.5
      vertex 3.32236 42.8275 2.8
      vertex 3.32236 42.8275 13.5
    endloop
  endfacet
  facet normal -0.522501 -0.852639 0
    outer loop
      vertex 4.23054 41.5775 2.8
      vertex 4.56502 41.3725 13.5
      vertex 4.23054 41.5775 13.5
    endloop
  endfacet
  facet normal -0.522501 -0.852639 -0
    outer loop
      vertex 4.56502 41.3725 13.5
      vertex 4.23054 41.5775 2.8
      vertex 4.56502 41.3725 2.8
    endloop
  endfacet
  facet normal -0.0784634 -0.996917 0
    outer loop
      vertex 5.30891 41.1308 2.8
      vertex 5.7 41.1 13.5
      vertex 5.30891 41.1308 13.5
    endloop
  endfacet
  facet normal -0.0784634 -0.996917 -0
    outer loop
      vertex 5.7 41.1 13.5
      vertex 5.30891 41.1308 2.8
      vertex 5.7 41.1 2.8
    endloop
  endfacet
  facet normal 0.923874 0.382697 0
    outer loop
      vertex 76.0776 15.7725 13.5
      vertex 75.9275 16.135 2.8
      vertex 75.9275 16.135 13.5
    endloop
  endfacet
  facet normal 0.923874 0.382697 0
    outer loop
      vertex 75.9275 16.135 2.8
      vertex 76.0776 15.7725 13.5
      vertex 76.0776 15.7725 2.8
    endloop
  endfacet
  facet normal 0.852644 0.522493 0
    outer loop
      vertex 75.9275 16.135 13.5
      vertex 75.7225 16.4695 2.8
      vertex 75.7225 16.4695 13.5
    endloop
  endfacet
  facet normal 0.852644 0.522493 0
    outer loop
      vertex 75.7225 16.4695 2.8
      vertex 75.9275 16.135 13.5
      vertex 75.9275 16.135 2.8
    endloop
  endfacet
  facet normal 0.38268 0.923881 -0
    outer loop
      vertex 74.835 17.2275 2.8
      vertex 74.4725 17.3776 13.5
      vertex 74.835 17.2275 13.5
    endloop
  endfacet
  facet normal 0.38268 0.923881 0
    outer loop
      vertex 74.4725 17.3776 13.5
      vertex 74.835 17.2275 2.8
      vertex 74.4725 17.3776 2.8
    endloop
  endfacet
  facet normal -0.38268 0.923881 0
    outer loop
      vertex 72.9275 17.3776 2.8
      vertex 72.565 17.2275 13.5
      vertex 72.9275 17.3776 13.5
    endloop
  endfacet
  facet normal -0.38268 0.923881 0
    outer loop
      vertex 72.565 17.2275 13.5
      vertex 72.9275 17.3776 2.8
      vertex 72.565 17.2275 2.8
    endloop
  endfacet
  facet normal -0.923881 0.382681 0
    outer loop
      vertex 71.3224 15.7725 2.8
      vertex 71.4725 16.135 13.5
      vertex 71.4725 16.135 2.8
    endloop
  endfacet
  facet normal -0.923881 0.382681 0
    outer loop
      vertex 71.4725 16.135 13.5
      vertex 71.3224 15.7725 2.8
      vertex 71.3224 15.7725 13.5
    endloop
  endfacet
  facet normal 0.649449 0.760405 -0
    outer loop
      vertex 75.4678 16.7678 2.8
      vertex 75.1695 17.0225 13.5
      vertex 75.4678 16.7678 13.5
    endloop
  endfacet
  facet normal 0.649449 0.760405 0
    outer loop
      vertex 75.1695 17.0225 13.5
      vertex 75.4678 16.7678 2.8
      vertex 75.1695 17.0225 2.8
    endloop
  endfacet
  facet normal -0.0784639 0.996917 0
    outer loop
      vertex 73.7 17.5 2.8
      vertex 73.3089 17.4692 13.5
      vertex 73.7 17.5 13.5
    endloop
  endfacet
  facet normal -0.0784639 0.996917 0
    outer loop
      vertex 73.3089 17.4692 13.5
      vertex 73.7 17.5 2.8
      vertex 73.3089 17.4692 2.8
    endloop
  endfacet
  facet normal 0.5225 0.852639 -0
    outer loop
      vertex 75.1695 17.0225 2.8
      vertex 74.835 17.2275 13.5
      vertex 75.1695 17.0225 13.5
    endloop
  endfacet
  facet normal 0.5225 0.852639 0
    outer loop
      vertex 74.835 17.2275 13.5
      vertex 75.1695 17.0225 2.8
      vertex 74.835 17.2275 2.8
    endloop
  endfacet
  facet normal -0.852635 0.522507 0
    outer loop
      vertex 71.4725 16.135 2.8
      vertex 71.6775 16.4695 13.5
      vertex 71.6775 16.4695 2.8
    endloop
  endfacet
  facet normal -0.852635 0.522507 0
    outer loop
      vertex 71.6775 16.4695 13.5
      vertex 71.4725 16.135 2.8
      vertex 71.4725 16.135 13.5
    endloop
  endfacet
  facet normal -0.233446 0.97237 0
    outer loop
      vertex 73.3089 17.4692 2.8
      vertex 72.9275 17.3776 13.5
      vertex 73.3089 17.4692 13.5
    endloop
  endfacet
  facet normal -0.233446 0.97237 0
    outer loop
      vertex 72.9275 17.3776 13.5
      vertex 73.3089 17.4692 2.8
      vertex 72.9275 17.3776 2.8
    endloop
  endfacet
  facet normal -0.760405 0.649449 0
    outer loop
      vertex 71.6775 16.4695 2.8
      vertex 71.9322 16.7678 13.5
      vertex 71.9322 16.7678 2.8
    endloop
  endfacet
  facet normal -0.760405 0.649449 0
    outer loop
      vertex 71.9322 16.7678 13.5
      vertex 71.6775 16.4695 2.8
      vertex 71.6775 16.4695 13.5
    endloop
  endfacet
  facet normal 0.996918 0.0784537 0
    outer loop
      vertex 76.2 15 13.5
      vertex 76.1692 15.3911 2.8
      vertex 76.1692 15.3911 13.5
    endloop
  endfacet
  facet normal 0.996918 0.0784537 0
    outer loop
      vertex 76.1692 15.3911 2.8
      vertex 76.2 15 13.5
      vertex 76.2 15 2.8
    endloop
  endfacet
  facet normal 0.923874 -0.382697 0
    outer loop
      vertex 75.9275 13.865 13.5
      vertex 76.0776 14.2275 2.8
      vertex 76.0776 14.2275 13.5
    endloop
  endfacet
  facet normal 0.923874 -0.382697 0
    outer loop
      vertex 76.0776 14.2275 2.8
      vertex 75.9275 13.865 13.5
      vertex 75.9275 13.865 2.8
    endloop
  endfacet
  facet normal 0.972372 0.233436 0
    outer loop
      vertex 76.1692 15.3911 13.5
      vertex 76.0776 15.7725 2.8
      vertex 76.0776 15.7725 13.5
    endloop
  endfacet
  facet normal 0.972372 0.233436 0
    outer loop
      vertex 76.0776 15.7725 2.8
      vertex 76.1692 15.3911 13.5
      vertex 76.1692 15.3911 2.8
    endloop
  endfacet
  facet normal 0.760405 0.649449 0
    outer loop
      vertex 75.7225 16.4695 13.5
      vertex 75.4678 16.7678 2.8
      vertex 75.4678 16.7678 13.5
    endloop
  endfacet
  facet normal 0.760405 0.649449 0
    outer loop
      vertex 75.4678 16.7678 2.8
      vertex 75.7225 16.4695 13.5
      vertex 75.7225 16.4695 2.8
    endloop
  endfacet
  facet normal 0.233446 0.97237 -0
    outer loop
      vertex 74.4725 17.3776 2.8
      vertex 74.0911 17.4692 13.5
      vertex 74.4725 17.3776 13.5
    endloop
  endfacet
  facet normal 0.233446 0.97237 0
    outer loop
      vertex 74.0911 17.4692 13.5
      vertex 74.4725 17.3776 2.8
      vertex 74.0911 17.4692 2.8
    endloop
  endfacet
  facet normal 0.0784624 0.996917 -0
    outer loop
      vertex 74.0911 17.4692 2.8
      vertex 73.7 17.5 13.5
      vertex 74.0911 17.4692 13.5
    endloop
  endfacet
  facet normal 0.0784624 0.996917 0
    outer loop
      vertex 73.7 17.5 13.5
      vertex 74.0911 17.4692 2.8
      vertex 73.7 17.5 2.8
    endloop
  endfacet
  facet normal -0.996916 -0.0784728 0
    outer loop
      vertex 71.2308 14.6089 2.8
      vertex 71.2 15 13.5
      vertex 71.2 15 2.8
    endloop
  endfacet
  facet normal -0.996916 -0.0784728 0
    outer loop
      vertex 71.2 15 13.5
      vertex 71.2308 14.6089 2.8
      vertex 71.2308 14.6089 13.5
    endloop
  endfacet
  facet normal -0.972372 0.233436 0
    outer loop
      vertex 71.2308 15.3911 2.8
      vertex 71.3224 15.7725 13.5
      vertex 71.3224 15.7725 2.8
    endloop
  endfacet
  facet normal -0.972372 0.233436 0
    outer loop
      vertex 71.3224 15.7725 13.5
      vertex 71.2308 15.3911 2.8
      vertex 71.2308 15.3911 13.5
    endloop
  endfacet
  facet normal -0.649449 0.760405 0
    outer loop
      vertex 72.2305 17.0225 2.8
      vertex 71.9322 16.7678 13.5
      vertex 72.2305 17.0225 13.5
    endloop
  endfacet
  facet normal -0.649449 0.760405 0
    outer loop
      vertex 71.9322 16.7678 13.5
      vertex 72.2305 17.0225 2.8
      vertex 71.9322 16.7678 2.8
    endloop
  endfacet
  facet normal -0.5225 0.852639 0
    outer loop
      vertex 72.565 17.2275 2.8
      vertex 72.2305 17.0225 13.5
      vertex 72.565 17.2275 13.5
    endloop
  endfacet
  facet normal -0.5225 0.852639 0
    outer loop
      vertex 72.2305 17.0225 13.5
      vertex 72.565 17.2275 2.8
      vertex 72.2305 17.0225 2.8
    endloop
  endfacet
  facet normal 0.972372 -0.233436 0
    outer loop
      vertex 76.0776 14.2275 13.5
      vertex 76.1692 14.6089 2.8
      vertex 76.1692 14.6089 13.5
    endloop
  endfacet
  facet normal 0.972372 -0.233436 0
    outer loop
      vertex 76.1692 14.6089 2.8
      vertex 76.0776 14.2275 13.5
      vertex 76.0776 14.2275 2.8
    endloop
  endfacet
  facet normal -0.972372 -0.233436 0
    outer loop
      vertex 71.3224 14.2275 2.8
      vertex 71.2308 14.6089 13.5
      vertex 71.2308 14.6089 2.8
    endloop
  endfacet
  facet normal -0.972372 -0.233436 0
    outer loop
      vertex 71.2308 14.6089 13.5
      vertex 71.3224 14.2275 2.8
      vertex 71.3224 14.2275 13.5
    endloop
  endfacet
  facet normal -0.852634 -0.522508 0
    outer loop
      vertex 71.6775 13.5305 2.8
      vertex 71.4725 13.865 13.5
      vertex 71.4725 13.865 2.8
    endloop
  endfacet
  facet normal -0.852634 -0.522508 0
    outer loop
      vertex 71.4725 13.865 13.5
      vertex 71.6775 13.5305 2.8
      vertex 71.6775 13.5305 13.5
    endloop
  endfacet
  facet normal 0.233446 -0.97237 0
    outer loop
      vertex 74.0911 12.5308 2.8
      vertex 74.4725 12.6224 13.5
      vertex 74.0911 12.5308 13.5
    endloop
  endfacet
  facet normal 0.233446 -0.97237 0
    outer loop
      vertex 74.4725 12.6224 13.5
      vertex 74.0911 12.5308 2.8
      vertex 74.4725 12.6224 2.8
    endloop
  endfacet
  facet normal 0.382682 -0.92388 0
    outer loop
      vertex 74.4725 12.6224 2.8
      vertex 74.835 12.7725 13.5
      vertex 74.4725 12.6224 13.5
    endloop
  endfacet
  facet normal 0.382682 -0.92388 0
    outer loop
      vertex 74.835 12.7725 13.5
      vertex 74.4725 12.6224 2.8
      vertex 74.835 12.7725 2.8
    endloop
  endfacet
  facet normal 0 0 1
    outer loop
      vertex 75.25 15 13.5
      vertex 76.2 15 13.5
      vertex 76.1692 15.3911 13.5
    endloop
  endfacet
  facet normal 0 0 1
    outer loop
      vertex 75.2309 15.2425 13.5
      vertex 76.1692 15.3911 13.5
      vertex 76.0776 15.7725 13.5
    endloop
  endfacet
  facet normal 0 0 1
    outer loop
      vertex 76.2 15 13.5
      vertex 75.25 15 13.5
      vertex 76.1692 14.6089 13.5
    endloop
  endfacet
  facet normal 0 0 1
    outer loop
      vertex 75.1741 15.479 13.5
      vertex 76.0776 15.7725 13.5
      vertex 75.9275 16.135 13.5
    endloop
  endfacet
  facet normal -0 0 1
    outer loop
      vertex 75.2309 14.7575 13.5
      vertex 76.1692 14.6089 13.5
      vertex 75.25 15 13.5
    endloop
  endfacet
  facet normal 0 0 1
    outer loop
      vertex 75.0811 15.7037 13.5
      vertex 75.9275 16.135 13.5
      vertex 75.7225 16.4695 13.5
    endloop
  endfacet
  facet normal 0 0 1
    outer loop
      vertex 76.1692 14.6089 13.5
      vertex 75.2309 14.7575 13.5
      vertex 76.0776 14.2275 13.5
    endloop
  endfacet
  facet normal 0 0 1
    outer loop
      vertex 74.954 15.9111 13.5
      vertex 75.7225 16.4695 13.5
      vertex 75.4678 16.7678 13.5
    endloop
  endfacet
  facet normal -0 0 1
    outer loop
      vertex 75.1741 14.521 13.5
      vertex 76.0776 14.2275 13.5
      vertex 75.2309 14.7575 13.5
    endloop
  endfacet
  facet normal 0 0 1
    outer loop
      vertex 76.0776 14.2275 13.5
      vertex 75.1741 14.521 13.5
      vertex 75.9275 13.865 13.5
    endloop
  endfacet
  facet normal 0 0 1
    outer loop
      vertex 76.1692 15.3911 13.5
      vertex 75.2309 15.2425 13.5
      vertex 75.25 15 13.5
    endloop
  endfacet
  facet normal 0 0 1
    outer loop
      vertex 76.0776 15.7725 13.5
      vertex 75.1741 15.479 13.5
      vertex 75.2309 15.2425 13.5
    endloop
  endfacet
  facet normal 0 0 1
    outer loop
      vertex 74.796 16.096 13.5
      vertex 75.4678 16.7678 13.5
      vertex 75.1695 17.0225 13.5
    endloop
  endfacet
  facet normal 0 0 1
    outer loop
      vertex 75.9275 16.135 13.5
      vertex 75.0811 15.7037 13.5
      vertex 75.1741 15.479 13.5
    endloop
  endfacet
  facet normal 0 0 1
    outer loop
      vertex 75.7225 16.4695 13.5
      vertex 74.954 15.9111 13.5
      vertex 75.0811 15.7037 13.5
    endloop
  endfacet
  facet normal 0 0 1
    outer loop
      vertex 74.6111 16.254 13.5
      vertex 75.1695 17.0225 13.5
      vertex 74.835 17.2275 13.5
    endloop
  endfacet
  facet normal 0 0 1
    outer loop
      vertex 75.4678 16.7678 13.5
      vertex 74.796 16.096 13.5
      vertex 74.954 15.9111 13.5
    endloop
  endfacet
  facet normal 0 0 1
    outer loop
      vertex 75.1695 17.0225 13.5
      vertex 74.6111 16.254 13.5
      vertex 74.796 16.096 13.5
    endloop
  endfacet
  facet normal 0 0 1
    outer loop
      vertex 74.4037 16.3811 13.5
      vertex 74.835 17.2275 13.5
      vertex 74.4725 17.3776 13.5
    endloop
  endfacet
  facet normal 0 0 1
    outer loop
      vertex 74.835 17.2275 13.5
      vertex 74.4037 16.3811 13.5
      vertex 74.6111 16.254 13.5
    endloop
  endfacet
  facet normal 0 0 1
    outer loop
      vertex 74.4725 17.3776 13.5
      vertex 74.179 16.4741 13.5
      vertex 74.4037 16.3811 13.5
    endloop
  endfacet
  facet normal 0 0 1
    outer loop
      vertex 74.0911 17.4692 13.5
      vertex 74.179 16.4741 13.5
      vertex 74.4725 17.3776 13.5
    endloop
  endfacet
  facet normal 0 0 1
    outer loop
      vertex 74.0911 17.4692 13.5
      vertex 73.9425 16.5309 13.5
      vertex 74.179 16.4741 13.5
    endloop
  endfacet
  facet normal 0 0 1
    outer loop
      vertex 73.7 17.5 13.5
      vertex 73.9425 16.5309 13.5
      vertex 74.0911 17.4692 13.5
    endloop
  endfacet
  facet normal 0 0 1
    outer loop
      vertex 73.7 17.5 13.5
      vertex 73.7 16.55 13.5
      vertex 73.9425 16.5309 13.5
    endloop
  endfacet
  facet normal 0 0 1
    outer loop
      vertex 73.7 17.5 13.5
      vertex 73.4575 16.5309 13.5
      vertex 73.7 16.55 13.5
    endloop
  endfacet
  facet normal -0 0 1
    outer loop
      vertex 73.3089 17.4692 13.5
      vertex 73.4575 16.5309 13.5
      vertex 73.7 17.5 13.5
    endloop
  endfacet
  facet normal 0 0 1
    outer loop
      vertex 73.3089 17.4692 13.5
      vertex 73.221 16.4741 13.5
      vertex 73.4575 16.5309 13.5
    endloop
  endfacet
  facet normal -0 0 1
    outer loop
      vertex 72.9275 17.3776 13.5
      vertex 73.221 16.4741 13.5
      vertex 73.3089 17.4692 13.5
    endloop
  endfacet
  facet normal 0 0 1
    outer loop
      vertex 73.221 16.4741 13.5
      vertex 72.9275 17.3776 13.5
      vertex 72.9963 16.3811 13.5
    endloop
  endfacet
  facet normal -0 0 1
    outer loop
      vertex 72.565 17.2275 13.5
      vertex 72.9963 16.3811 13.5
      vertex 72.9275 17.3776 13.5
    endloop
  endfacet
  facet normal 0 0 1
    outer loop
      vertex 72.9963 16.3811 13.5
      vertex 72.565 17.2275 13.5
      vertex 72.7889 16.254 13.5
    endloop
  endfacet
  facet normal -0 0 1
    outer loop
      vertex 72.2305 17.0225 13.5
      vertex 72.7889 16.254 13.5
      vertex 72.565 17.2275 13.5
    endloop
  endfacet
  facet normal 0 0 1
    outer loop
      vertex 72.7889 16.254 13.5
      vertex 72.2305 17.0225 13.5
      vertex 72.604 16.096 13.5
    endloop
  endfacet
  facet normal -0 0 1
    outer loop
      vertex 71.9322 16.7678 13.5
      vertex 72.604 16.096 13.5
      vertex 72.2305 17.0225 13.5
    endloop
  endfacet
  facet normal 0 0 1
    outer loop
      vertex 72.604 16.096 13.5
      vertex 71.9322 16.7678 13.5
      vertex 72.446 15.9111 13.5
    endloop
  endfacet
  facet normal -0 0 1
    outer loop
      vertex 71.6775 16.4695 13.5
      vertex 72.446 15.9111 13.5
      vertex 71.9322 16.7678 13.5
    endloop
  endfacet
  facet normal 0 0 1
    outer loop
      vertex 72.446 15.9111 13.5
      vertex 71.6775 16.4695 13.5
      vertex 72.3189 15.7037 13.5
    endloop
  endfacet
  facet normal -0 0 1
    outer loop
      vertex 71.4725 16.135 13.5
      vertex 72.3189 15.7037 13.5
      vertex 71.6775 16.4695 13.5
    endloop
  endfacet
  facet normal 0 0 1
    outer loop
      vertex 72.3189 15.7037 13.5
      vertex 71.4725 16.135 13.5
      vertex 72.2259 15.479 13.5
    endloop
  endfacet
  facet normal -0 0 1
    outer loop
      vertex 75.0811 14.2963 13.5
      vertex 75.9275 13.865 13.5
      vertex 75.1741 14.521 13.5
    endloop
  endfacet
  facet normal 0 0 1
    outer loop
      vertex 75.9275 13.865 13.5
      vertex 75.0811 14.2963 13.5
      vertex 75.7225 13.5305 13.5
    endloop
  endfacet
  facet normal -0 0 1
    outer loop
      vertex 74.954 14.0889 13.5
      vertex 75.7225 13.5305 13.5
      vertex 75.0811 14.2963 13.5
    endloop
  endfacet
  facet normal 0 0 1
    outer loop
      vertex 75.7225 13.5305 13.5
      vertex 74.954 14.0889 13.5
      vertex 75.4678 13.2322 13.5
    endloop
  endfacet
  facet normal -0 0 1
    outer loop
      vertex 74.796 13.904 13.5
      vertex 75.4678 13.2322 13.5
      vertex 74.954 14.0889 13.5
    endloop
  endfacet
  facet normal 0 0 1
    outer loop
      vertex 75.4678 13.2322 13.5
      vertex 74.796 13.904 13.5
      vertex 75.1695 12.9775 13.5
    endloop
  endfacet
  facet normal -0 0 1
    outer loop
      vertex 74.6111 13.746 13.5
      vertex 75.1695 12.9775 13.5
      vertex 74.796 13.904 13.5
    endloop
  endfacet
  facet normal 0 0 1
    outer loop
      vertex 75.1695 12.9775 13.5
      vertex 74.6111 13.746 13.5
      vertex 74.835 12.7725 13.5
    endloop
  endfacet
  facet normal -0 0 1
    outer loop
      vertex 74.4037 13.6189 13.5
      vertex 74.835 12.7725 13.5
      vertex 74.6111 13.746 13.5
    endloop
  endfacet
  facet normal 0 0 1
    outer loop
      vertex 74.835 12.7725 13.5
      vertex 74.4037 13.6189 13.5
      vertex 74.4725 12.6224 13.5
    endloop
  endfacet
  facet normal -0 0 1
    outer loop
      vertex 74.179 13.5259 13.5
      vertex 74.4725 12.6224 13.5
      vertex 74.4037 13.6189 13.5
    endloop
  endfacet
  facet normal 0 0 1
    outer loop
      vertex 74.179 13.5259 13.5
      vertex 74.0911 12.5308 13.5
      vertex 74.4725 12.6224 13.5
    endloop
  endfacet
  facet normal -0 0 1
    outer loop
      vertex 73.9425 13.4691 13.5
      vertex 74.0911 12.5308 13.5
      vertex 74.179 13.5259 13.5
    endloop
  endfacet
  facet normal -0 0 1
    outer loop
      vertex 73.7 13.45 13.5
      vertex 74.0911 12.5308 13.5
      vertex 73.9425 13.4691 13.5
    endloop
  endfacet
  facet normal 0 0 1
    outer loop
      vertex 73.7 13.45 13.5
      vertex 73.7 12.5 13.5
      vertex 74.0911 12.5308 13.5
    endloop
  endfacet
  facet normal 0 0 1
    outer loop
      vertex 73.4575 13.4691 13.5
      vertex 73.7 12.5 13.5
      vertex 73.7 13.45 13.5
    endloop
  endfacet
  facet normal 0 0 1
    outer loop
      vertex 73.4575 13.4691 13.5
      vertex 73.3089 12.5308 13.5
      vertex 73.7 12.5 13.5
    endloop
  endfacet
  facet normal 0 0 1
    outer loop
      vertex 73.221 13.5259 13.5
      vertex 73.3089 12.5308 13.5
      vertex 73.4575 13.4691 13.5
    endloop
  endfacet
  facet normal 0 0 1
    outer loop
      vertex 72.9275 12.6224 13.5
      vertex 73.221 13.5259 13.5
      vertex 72.9963 13.6189 13.5
    endloop
  endfacet
  facet normal 0 0 1
    outer loop
      vertex 73.221 13.5259 13.5
      vertex 72.9275 12.6224 13.5
      vertex 73.3089 12.5308 13.5
    endloop
  endfacet
  facet normal 0 0 1
    outer loop
      vertex 72.565 12.7725 13.5
      vertex 72.9963 13.6189 13.5
      vertex 72.7889 13.746 13.5
    endloop
  endfacet
  facet normal 0 0 1
    outer loop
      vertex 72.2305 12.9775 13.5
      vertex 72.7889 13.746 13.5
      vertex 72.604 13.904 13.5
    endloop
  endfacet
  facet normal 0 0 1
    outer loop
      vertex 72.9963 13.6189 13.5
      vertex 72.565 12.7725 13.5
      vertex 72.9275 12.6224 13.5
    endloop
  endfacet
  facet normal 0 0 1
    outer loop
      vertex 71.9322 13.2322 13.5
      vertex 72.604 13.904 13.5
      vertex 72.446 14.0889 13.5
    endloop
  endfacet
  facet normal 0 0 1
    outer loop
      vertex 71.6775 13.5305 13.5
      vertex 72.446 14.0889 13.5
      vertex 72.3189 14.2963 13.5
    endloop
  endfacet
  facet normal 0 0 1
    outer loop
      vertex 72.7889 13.746 13.5
      vertex 72.2305 12.9775 13.5
      vertex 72.565 12.7725 13.5
    endloop
  endfacet
  facet normal 0 0 1
    outer loop
      vertex 71.4725 13.865 13.5
      vertex 72.3189 14.2963 13.5
      vertex 72.2259 14.521 13.5
    endloop
  endfacet
  facet normal 0 0 1
    outer loop
      vertex 71.3224 14.2275 13.5
      vertex 72.2259 14.521 13.5
      vertex 72.1691 14.7575 13.5
    endloop
  endfacet
  facet normal 0 0 1
    outer loop
      vertex 71.2308 14.6089 13.5
      vertex 72.1691 14.7575 13.5
      vertex 72.15 15 13.5
    endloop
  endfacet
  facet normal -0 0 1
    outer loop
      vertex 71.3224 15.7725 13.5
      vertex 72.2259 15.479 13.5
      vertex 71.4725 16.135 13.5
    endloop
  endfacet
  facet normal 0 0 1
    outer loop
      vertex 72.604 13.904 13.5
      vertex 71.9322 13.2322 13.5
      vertex 72.2305 12.9775 13.5
    endloop
  endfacet
  facet normal 0 0 1
    outer loop
      vertex 72.2259 15.479 13.5
      vertex 71.3224 15.7725 13.5
      vertex 72.1691 15.2425 13.5
    endloop
  endfacet
  facet normal 0 0 1
    outer loop
      vertex 72.446 14.0889 13.5
      vertex 71.6775 13.5305 13.5
      vertex 71.9322 13.2322 13.5
    endloop
  endfacet
  facet normal -0 0 1
    outer loop
      vertex 71.2308 15.3911 13.5
      vertex 72.1691 15.2425 13.5
      vertex 71.3224 15.7725 13.5
    endloop
  endfacet
  facet normal 0 0 1
    outer loop
      vertex 72.3189 14.2963 13.5
      vertex 71.4725 13.865 13.5
      vertex 71.6775 13.5305 13.5
    endloop
  endfacet
  facet normal 0 0 1
    outer loop
      vertex 72.1691 15.2425 13.5
      vertex 71.2308 15.3911 13.5
      vertex 72.15 15 13.5
    endloop
  endfacet
  facet normal 0 0 1
    outer loop
      vertex 72.2259 14.521 13.5
      vertex 71.3224 14.2275 13.5
      vertex 71.4725 13.865 13.5
    endloop
  endfacet
  facet normal 0 0 1
    outer loop
      vertex 71.2 15 13.5
      vertex 72.15 15 13.5
      vertex 71.2308 15.3911 13.5
    endloop
  endfacet
  facet normal 0 0 1
    outer loop
      vertex 72.1691 14.7575 13.5
      vertex 71.2308 14.6089 13.5
      vertex 71.3224 14.2275 13.5
    endloop
  endfacet
  facet normal 0 0 1
    outer loop
      vertex 72.15 15 13.5
      vertex 71.2 15 13.5
      vertex 71.2308 14.6089 13.5
    endloop
  endfacet
  facet normal -0.996916 0.078473 0
    outer loop
      vertex 71.2 15 2.8
      vertex 71.2308 15.3911 13.5
      vertex 71.2308 15.3911 2.8
    endloop
  endfacet
  facet normal -0.996916 0.078473 0
    outer loop
      vertex 71.2308 15.3911 13.5
      vertex 71.2 15 2.8
      vertex 71.2 15 13.5
    endloop
  endfacet
  facet normal 0.996918 -0.0784535 0
    outer loop
      vertex 76.1692 14.6089 13.5
      vertex 76.2 15 2.8
      vertex 76.2 15 13.5
    endloop
  endfacet
  facet normal 0.996918 -0.0784535 0
    outer loop
      vertex 76.2 15 2.8
      vertex 76.1692 14.6089 13.5
      vertex 76.1692 14.6089 2.8
    endloop
  endfacet
  facet normal 0.760406 -0.649448 0
    outer loop
      vertex 75.4678 13.2322 13.5
      vertex 75.7225 13.5305 2.8
      vertex 75.7225 13.5305 13.5
    endloop
  endfacet
  facet normal 0.760406 -0.649448 0
    outer loop
      vertex 75.7225 13.5305 2.8
      vertex 75.4678 13.2322 13.5
      vertex 75.4678 13.2322 2.8
    endloop
  endfacet
  facet normal 0.07846 -0.996917 0
    outer loop
      vertex 73.7 12.5 2.8
      vertex 74.0911 12.5308 13.5
      vertex 73.7 12.5 13.5
    endloop
  endfacet
  facet normal 0.07846 -0.996917 0
    outer loop
      vertex 74.0911 12.5308 13.5
      vertex 73.7 12.5 2.8
      vertex 74.0911 12.5308 2.8
    endloop
  endfacet
  facet normal -0.923881 -0.382681 0
    outer loop
      vertex 71.4725 13.865 2.8
      vertex 71.3224 14.2275 13.5
      vertex 71.3224 14.2275 2.8
    endloop
  endfacet
  facet normal -0.923881 -0.382681 0
    outer loop
      vertex 71.3224 14.2275 13.5
      vertex 71.4725 13.865 2.8
      vertex 71.4725 13.865 13.5
    endloop
  endfacet
  facet normal 0.649449 -0.760405 0
    outer loop
      vertex 75.1695 12.9775 2.8
      vertex 75.4678 13.2322 13.5
      vertex 75.1695 12.9775 13.5
    endloop
  endfacet
  facet normal 0.649449 -0.760405 0
    outer loop
      vertex 75.4678 13.2322 13.5
      vertex 75.1695 12.9775 2.8
      vertex 75.4678 13.2322 2.8
    endloop
  endfacet
  facet normal 0.522498 -0.85264 0
    outer loop
      vertex 74.835 12.7725 2.8
      vertex 75.1695 12.9775 13.5
      vertex 74.835 12.7725 13.5
    endloop
  endfacet
  facet normal 0.522498 -0.85264 0
    outer loop
      vertex 75.1695 12.9775 13.5
      vertex 74.835 12.7725 2.8
      vertex 75.1695 12.9775 2.8
    endloop
  endfacet
  facet normal 0.852643 -0.522494 0
    outer loop
      vertex 75.7225 13.5305 13.5
      vertex 75.9275 13.865 2.8
      vertex 75.9275 13.865 13.5
    endloop
  endfacet
  facet normal 0.852643 -0.522494 0
    outer loop
      vertex 75.9275 13.865 2.8
      vertex 75.7225 13.5305 13.5
      vertex 75.7225 13.5305 2.8
    endloop
  endfacet
  facet normal -0.522498 -0.85264 0
    outer loop
      vertex 72.2305 12.9775 2.8
      vertex 72.565 12.7725 13.5
      vertex 72.2305 12.9775 13.5
    endloop
  endfacet
  facet normal -0.522498 -0.85264 -0
    outer loop
      vertex 72.565 12.7725 13.5
      vertex 72.2305 12.9775 2.8
      vertex 72.565 12.7725 2.8
    endloop
  endfacet
  facet normal -0.382682 -0.92388 0
    outer loop
      vertex 72.565 12.7725 2.8
      vertex 72.9275 12.6224 13.5
      vertex 72.565 12.7725 13.5
    endloop
  endfacet
  facet normal -0.382682 -0.92388 -0
    outer loop
      vertex 72.9275 12.6224 13.5
      vertex 72.565 12.7725 2.8
      vertex 72.9275 12.6224 2.8
    endloop
  endfacet
  facet normal -0.233446 -0.97237 0
    outer loop
      vertex 72.9275 12.6224 2.8
      vertex 73.3089 12.5308 13.5
      vertex 72.9275 12.6224 13.5
    endloop
  endfacet
  facet normal -0.233446 -0.97237 -0
    outer loop
      vertex 73.3089 12.5308 13.5
      vertex 72.9275 12.6224 2.8
      vertex 73.3089 12.5308 2.8
    endloop
  endfacet
  facet normal -0.760406 -0.649448 0
    outer loop
      vertex 71.9322 13.2322 2.8
      vertex 71.6775 13.5305 13.5
      vertex 71.6775 13.5305 2.8
    endloop
  endfacet
  facet normal -0.760406 -0.649448 0
    outer loop
      vertex 71.6775 13.5305 13.5
      vertex 71.9322 13.2322 2.8
      vertex 71.9322 13.2322 13.5
    endloop
  endfacet
  facet normal -0.649449 -0.760405 0
    outer loop
      vertex 71.9322 13.2322 2.8
      vertex 72.2305 12.9775 13.5
      vertex 71.9322 13.2322 13.5
    endloop
  endfacet
  facet normal -0.649449 -0.760405 -0
    outer loop
      vertex 72.2305 12.9775 13.5
      vertex 71.9322 13.2322 2.8
      vertex 72.2305 12.9775 2.8
    endloop
  endfacet
  facet normal -0.0784615 -0.996917 0
    outer loop
      vertex 73.3089 12.5308 2.8
      vertex 73.7 12.5 13.5
      vertex 73.3089 12.5308 13.5
    endloop
  endfacet
  facet normal -0.0784615 -0.996917 -0
    outer loop
      vertex 73.7 12.5 13.5
      vertex 73.3089 12.5308 2.8
      vertex 73.7 12.5 2.8
    endloop
  endfacet
  facet normal 0.522493 0.852644 -0
    outer loop
      vertex 75.1695 45.6225 2.8
      vertex 74.835 45.8275 13.5
      vertex 75.1695 45.6225 13.5
    endloop
  endfacet
  facet normal 0.522493 0.852644 0
    outer loop
      vertex 74.835 45.8275 13.5
      vertex 75.1695 45.6225 2.8
      vertex 74.835 45.8275 2.8
    endloop
  endfacet
  facet normal -0.972372 0.233435 0
    outer loop
      vertex 71.2308 43.9911 2.8
      vertex 71.3224 44.3725 13.5
      vertex 71.3224 44.3725 2.8
    endloop
  endfacet
  facet normal -0.972372 0.233435 0
    outer loop
      vertex 71.3224 44.3725 13.5
      vertex 71.2308 43.9911 2.8
      vertex 71.2308 43.9911 13.5
    endloop
  endfacet
  facet normal -0.0784639 -0.996917 0
    outer loop
      vertex 73.3089 41.1308 2.8
      vertex 73.7 41.1 13.5
      vertex 73.3089 41.1308 13.5
    endloop
  endfacet
  facet normal -0.0784639 -0.996917 -0
    outer loop
      vertex 73.7 41.1 13.5
      vertex 73.3089 41.1308 2.8
      vertex 73.7 41.1 2.8
    endloop
  endfacet
  facet normal -0.522493 0.852644 0
    outer loop
      vertex 72.565 45.8275 2.8
      vertex 72.2305 45.6225 13.5
      vertex 72.565 45.8275 13.5
    endloop
  endfacet
  facet normal -0.522493 0.852644 0
    outer loop
      vertex 72.2305 45.6225 13.5
      vertex 72.565 45.8275 2.8
      vertex 72.2305 45.6225 2.8
    endloop
  endfacet
  facet normal -0.923881 0.38268 0
    outer loop
      vertex 71.3224 44.3725 2.8
      vertex 71.4725 44.735 13.5
      vertex 71.4725 44.735 2.8
    endloop
  endfacet
  facet normal -0.923881 0.38268 0
    outer loop
      vertex 71.4725 44.735 13.5
      vertex 71.3224 44.3725 2.8
      vertex 71.3224 44.3725 13.5
    endloop
  endfacet
  facet normal 0.923874 0.382696 0
    outer loop
      vertex 76.0776 44.3725 13.5
      vertex 75.9275 44.735 2.8
      vertex 75.9275 44.735 13.5
    endloop
  endfacet
  facet normal 0.923874 0.382696 0
    outer loop
      vertex 75.9275 44.735 2.8
      vertex 76.0776 44.3725 13.5
      vertex 76.0776 44.3725 2.8
    endloop
  endfacet
  facet normal 0.852641 0.522497 0
    outer loop
      vertex 75.9275 44.735 13.5
      vertex 75.7225 45.0695 2.8
      vertex 75.7225 45.0695 13.5
    endloop
  endfacet
  facet normal 0.852641 0.522497 0
    outer loop
      vertex 75.7225 45.0695 2.8
      vertex 75.9275 44.735 13.5
      vertex 75.9275 44.735 2.8
    endloop
  endfacet
  facet normal 0.649451 0.760403 -0
    outer loop
      vertex 75.4678 45.3678 2.8
      vertex 75.1695 45.6225 13.5
      vertex 75.4678 45.3678 13.5
    endloop
  endfacet
  facet normal 0.649451 0.760403 0
    outer loop
      vertex 75.1695 45.6225 13.5
      vertex 75.4678 45.3678 2.8
      vertex 75.1695 45.6225 2.8
    endloop
  endfacet
  facet normal 0.382688 0.923878 -0
    outer loop
      vertex 74.835 45.8275 2.8
      vertex 74.4725 45.9776 13.5
      vertex 74.835 45.8275 13.5
    endloop
  endfacet
  facet normal 0.382688 0.923878 0
    outer loop
      vertex 74.4725 45.9776 13.5
      vertex 74.835 45.8275 2.8
      vertex 74.4725 45.9776 2.8
    endloop
  endfacet
  facet normal -0.852632 0.522511 0
    outer loop
      vertex 71.4725 44.735 2.8
      vertex 71.6775 45.0695 13.5
      vertex 71.6775 45.0695 2.8
    endloop
  endfacet
  facet normal -0.852632 0.522511 0
    outer loop
      vertex 71.6775 45.0695 13.5
      vertex 71.4725 44.735 2.8
      vertex 71.4725 44.735 13.5
    endloop
  endfacet
  facet normal -0.649451 0.760403 0
    outer loop
      vertex 72.2305 45.6225 2.8
      vertex 71.9322 45.3678 13.5
      vertex 72.2305 45.6225 13.5
    endloop
  endfacet
  facet normal -0.649451 0.760403 0
    outer loop
      vertex 71.9322 45.3678 13.5
      vertex 72.2305 45.6225 2.8
      vertex 71.9322 45.3678 2.8
    endloop
  endfacet
  facet normal -0.233446 0.97237 0
    outer loop
      vertex 73.3089 46.0692 2.8
      vertex 72.9275 45.9776 13.5
      vertex 73.3089 46.0692 13.5
    endloop
  endfacet
  facet normal -0.233446 0.97237 0
    outer loop
      vertex 72.9275 45.9776 13.5
      vertex 73.3089 46.0692 2.8
      vertex 72.9275 45.9776 2.8
    endloop
  endfacet
  facet normal -0.760407 0.649447 0
    outer loop
      vertex 71.6775 45.0695 2.8
      vertex 71.9322 45.3678 13.5
      vertex 71.9322 45.3678 2.8
    endloop
  endfacet
  facet normal -0.760407 0.649447 0
    outer loop
      vertex 71.9322 45.3678 13.5
      vertex 71.6775 45.0695 2.8
      vertex 71.6775 45.0695 13.5
    endloop
  endfacet
  facet normal 0.996918 0.0784535 0
    outer loop
      vertex 76.2 43.6 13.5
      vertex 76.1692 43.9911 2.8
      vertex 76.1692 43.9911 13.5
    endloop
  endfacet
  facet normal 0.996918 0.0784535 0
    outer loop
      vertex 76.1692 43.9911 2.8
      vertex 76.2 43.6 13.5
      vertex 76.2 43.6 2.8
    endloop
  endfacet
  facet normal 0.233446 -0.97237 0
    outer loop
      vertex 74.0911 41.1308 2.8
      vertex 74.4725 41.2224 13.5
      vertex 74.0911 41.1308 13.5
    endloop
  endfacet
  facet normal 0.233446 -0.97237 0
    outer loop
      vertex 74.4725 41.2224 13.5
      vertex 74.0911 41.1308 2.8
      vertex 74.4725 41.2224 2.8
    endloop
  endfacet
  facet normal 0.38268 -0.923881 0
    outer loop
      vertex 74.4725 41.2224 2.8
      vertex 74.835 41.3725 13.5
      vertex 74.4725 41.2224 13.5
    endloop
  endfacet
  facet normal 0.38268 -0.923881 0
    outer loop
      vertex 74.835 41.3725 13.5
      vertex 74.4725 41.2224 2.8
      vertex 74.835 41.3725 2.8
    endloop
  endfacet
  facet normal 0.852644 -0.522493 0
    outer loop
      vertex 75.7225 42.1305 13.5
      vertex 75.9275 42.465 2.8
      vertex 75.9275 42.465 13.5
    endloop
  endfacet
  facet normal 0.852644 -0.522493 0
    outer loop
      vertex 75.9275 42.465 2.8
      vertex 75.7225 42.1305 13.5
      vertex 75.7225 42.1305 2.8
    endloop
  endfacet
  facet normal 0.0784624 -0.996917 0
    outer loop
      vertex 73.7 41.1 2.8
      vertex 74.0911 41.1308 13.5
      vertex 73.7 41.1 13.5
    endloop
  endfacet
  facet normal 0.0784624 -0.996917 0
    outer loop
      vertex 74.0911 41.1308 13.5
      vertex 73.7 41.1 2.8
      vertex 74.0911 41.1308 2.8
    endloop
  endfacet
  facet normal -0.5225 -0.852639 0
    outer loop
      vertex 72.2305 41.5775 2.8
      vertex 72.565 41.3725 13.5
      vertex 72.2305 41.5775 13.5
    endloop
  endfacet
  facet normal -0.5225 -0.852639 -0
    outer loop
      vertex 72.565 41.3725 13.5
      vertex 72.2305 41.5775 2.8
      vertex 72.565 41.3725 2.8
    endloop
  endfacet
  facet normal -0.972372 -0.233435 0
    outer loop
      vertex 71.3224 42.8275 2.8
      vertex 71.2308 43.2089 13.5
      vertex 71.2308 43.2089 2.8
    endloop
  endfacet
  facet normal -0.972372 -0.233435 0
    outer loop
      vertex 71.2308 43.2089 13.5
      vertex 71.3224 42.8275 2.8
      vertex 71.3224 42.8275 13.5
    endloop
  endfacet
  facet normal 0.972372 0.233435 0
    outer loop
      vertex 76.1692 43.9911 13.5
      vertex 76.0776 44.3725 2.8
      vertex 76.0776 44.3725 13.5
    endloop
  endfacet
  facet normal 0.972372 0.233435 0
    outer loop
      vertex 76.0776 44.3725 2.8
      vertex 76.1692 43.9911 13.5
      vertex 76.1692 43.9911 2.8
    endloop
  endfacet
  facet normal 0.760407 0.649447 0
    outer loop
      vertex 75.7225 45.0695 13.5
      vertex 75.4678 45.3678 2.8
      vertex 75.4678 45.3678 13.5
    endloop
  endfacet
  facet normal 0.760407 0.649447 0
    outer loop
      vertex 75.4678 45.3678 2.8
      vertex 75.7225 45.0695 13.5
      vertex 75.7225 45.0695 2.8
    endloop
  endfacet
  facet normal -0.0784543 0.996918 0
    outer loop
      vertex 73.7 46.1 2.8
      vertex 73.3089 46.0692 13.5
      vertex 73.7 46.1 13.5
    endloop
  endfacet
  facet normal -0.0784543 0.996918 0
    outer loop
      vertex 73.3089 46.0692 13.5
      vertex 73.7 46.1 2.8
      vertex 73.3089 46.0692 2.8
    endloop
  endfacet
  facet normal 0.233446 0.97237 -0
    outer loop
      vertex 74.4725 45.9776 2.8
      vertex 74.0911 46.0692 13.5
      vertex 74.4725 45.9776 13.5
    endloop
  endfacet
  facet normal 0.233446 0.97237 0
    outer loop
      vertex 74.0911 46.0692 13.5
      vertex 74.4725 45.9776 2.8
      vertex 74.0911 46.0692 2.8
    endloop
  endfacet
  facet normal -0.996916 -0.0784736 0
    outer loop
      vertex 71.2308 43.2089 2.8
      vertex 71.2 43.6 13.5
      vertex 71.2 43.6 2.8
    endloop
  endfacet
  facet normal -0.996916 -0.0784736 0
    outer loop
      vertex 71.2 43.6 13.5
      vertex 71.2308 43.2089 2.8
      vertex 71.2308 43.2089 13.5
    endloop
  endfacet
  facet normal -0.382688 0.923878 0
    outer loop
      vertex 72.9275 45.9776 2.8
      vertex 72.565 45.8275 13.5
      vertex 72.9275 45.9776 13.5
    endloop
  endfacet
  facet normal -0.382688 0.923878 0
    outer loop
      vertex 72.565 45.8275 13.5
      vertex 72.9275 45.9776 2.8
      vertex 72.565 45.8275 2.8
    endloop
  endfacet
  facet normal 0.972372 -0.233435 0
    outer loop
      vertex 76.0776 42.8275 13.5
      vertex 76.1692 43.2089 2.8
      vertex 76.1692 43.2089 13.5
    endloop
  endfacet
  facet normal 0.972372 -0.233435 0
    outer loop
      vertex 76.1692 43.2089 2.8
      vertex 76.0776 42.8275 13.5
      vertex 76.0776 42.8275 2.8
    endloop
  endfacet
  facet normal 0.760403 -0.649451 0
    outer loop
      vertex 75.4678 41.8322 13.5
      vertex 75.7225 42.1305 2.8
      vertex 75.7225 42.1305 13.5
    endloop
  endfacet
  facet normal 0.760403 -0.649451 0
    outer loop
      vertex 75.7225 42.1305 2.8
      vertex 75.4678 41.8322 13.5
      vertex 75.4678 41.8322 2.8
    endloop
  endfacet
  facet normal 0.5225 -0.852639 0
    outer loop
      vertex 74.835 41.3725 2.8
      vertex 75.1695 41.5775 13.5
      vertex 74.835 41.3725 13.5
    endloop
  endfacet
  facet normal 0.5225 -0.852639 0
    outer loop
      vertex 75.1695 41.5775 13.5
      vertex 74.835 41.3725 2.8
      vertex 75.1695 41.5775 2.8
    endloop
  endfacet
  facet normal 0.923874 -0.382696 0
    outer loop
      vertex 75.9275 42.465 13.5
      vertex 76.0776 42.8275 2.8
      vertex 76.0776 42.8275 13.5
    endloop
  endfacet
  facet normal 0.923874 -0.382696 0
    outer loop
      vertex 76.0776 42.8275 2.8
      vertex 75.9275 42.465 13.5
      vertex 75.9275 42.465 2.8
    endloop
  endfacet
  facet normal -0.38268 -0.923881 0
    outer loop
      vertex 72.565 41.3725 2.8
      vertex 72.9275 41.2224 13.5
      vertex 72.565 41.3725 13.5
    endloop
  endfacet
  facet normal -0.38268 -0.923881 -0
    outer loop
      vertex 72.9275 41.2224 13.5
      vertex 72.565 41.3725 2.8
      vertex 72.9275 41.2224 2.8
    endloop
  endfacet
  facet normal -0.923881 -0.38268 0
    outer loop
      vertex 71.4725 42.465 2.8
      vertex 71.3224 42.8275 13.5
      vertex 71.3224 42.8275 2.8
    endloop
  endfacet
  facet normal -0.923881 -0.38268 0
    outer loop
      vertex 71.3224 42.8275 13.5
      vertex 71.4725 42.465 2.8
      vertex 71.4725 42.465 13.5
    endloop
  endfacet
  facet normal -0.649451 -0.760403 0
    outer loop
      vertex 71.9322 41.8322 2.8
      vertex 72.2305 41.5775 13.5
      vertex 71.9322 41.8322 13.5
    endloop
  endfacet
  facet normal -0.649451 -0.760403 -0
    outer loop
      vertex 72.2305 41.5775 13.5
      vertex 71.9322 41.8322 2.8
      vertex 72.2305 41.5775 2.8
    endloop
  endfacet
  facet normal -0.852635 -0.522507 0
    outer loop
      vertex 71.6775 42.1305 2.8
      vertex 71.4725 42.465 13.5
      vertex 71.4725 42.465 2.8
    endloop
  endfacet
  facet normal -0.852635 -0.522507 0
    outer loop
      vertex 71.4725 42.465 13.5
      vertex 71.6775 42.1305 2.8
      vertex 71.6775 42.1305 13.5
    endloop
  endfacet
  facet normal 0.0784528 0.996918 -0
    outer loop
      vertex 74.0911 46.0692 2.8
      vertex 73.7 46.1 13.5
      vertex 74.0911 46.0692 13.5
    endloop
  endfacet
  facet normal 0.0784528 0.996918 0
    outer loop
      vertex 73.7 46.1 13.5
      vertex 74.0911 46.0692 2.8
      vertex 73.7 46.1 2.8
    endloop
  endfacet
  facet normal 0 0 1
    outer loop
      vertex 75.25 43.6 13.5
      vertex 76.2 43.6 13.5
      vertex 76.1692 43.9911 13.5
    endloop
  endfacet
  facet normal 0 0 1
    outer loop
      vertex 75.2309 43.8425 13.5
      vertex 76.1692 43.9911 13.5
      vertex 76.0776 44.3725 13.5
    endloop
  endfacet
  facet normal 0 0 1
    outer loop
      vertex 76.2 43.6 13.5
      vertex 75.25 43.6 13.5
      vertex 76.1692 43.2089 13.5
    endloop
  endfacet
  facet normal 0 0 1
    outer loop
      vertex 75.1741 44.079 13.5
      vertex 76.0776 44.3725 13.5
      vertex 75.9275 44.735 13.5
    endloop
  endfacet
  facet normal -0 0 1
    outer loop
      vertex 75.2309 43.3575 13.5
      vertex 76.1692 43.2089 13.5
      vertex 75.25 43.6 13.5
    endloop
  endfacet
  facet normal 0 0 1
    outer loop
      vertex 75.0811 44.3037 13.5
      vertex 75.9275 44.735 13.5
      vertex 75.7225 45.0695 13.5
    endloop
  endfacet
  facet normal 0 0 1
    outer loop
      vertex 76.1692 43.2089 13.5
      vertex 75.2309 43.3575 13.5
      vertex 76.0776 42.8275 13.5
    endloop
  endfacet
  facet normal 0 0 1
    outer loop
      vertex 74.954 44.5111 13.5
      vertex 75.7225 45.0695 13.5
      vertex 75.4678 45.3678 13.5
    endloop
  endfacet
  facet normal -0 0 1
    outer loop
      vertex 75.1741 43.121 13.5
      vertex 76.0776 42.8275 13.5
      vertex 75.2309 43.3575 13.5
    endloop
  endfacet
  facet normal 0 0 1
    outer loop
      vertex 76.0776 42.8275 13.5
      vertex 75.1741 43.121 13.5
      vertex 75.9275 42.465 13.5
    endloop
  endfacet
  facet normal 0 0 1
    outer loop
      vertex 76.1692 43.9911 13.5
      vertex 75.2309 43.8425 13.5
      vertex 75.25 43.6 13.5
    endloop
  endfacet
  facet normal 0 0 1
    outer loop
      vertex 76.0776 44.3725 13.5
      vertex 75.1741 44.079 13.5
      vertex 75.2309 43.8425 13.5
    endloop
  endfacet
  facet normal 0 0 1
    outer loop
      vertex 74.796 44.696 13.5
      vertex 75.4678 45.3678 13.5
      vertex 75.1695 45.6225 13.5
    endloop
  endfacet
  facet normal 0 0 1
    outer loop
      vertex 75.9275 44.735 13.5
      vertex 75.0811 44.3037 13.5
      vertex 75.1741 44.079 13.5
    endloop
  endfacet
  facet normal 0 0 1
    outer loop
      vertex 75.7225 45.0695 13.5
      vertex 74.954 44.5111 13.5
      vertex 75.0811 44.3037 13.5
    endloop
  endfacet
  facet normal 0 0 1
    outer loop
      vertex 74.6111 44.854 13.5
      vertex 75.1695 45.6225 13.5
      vertex 74.835 45.8275 13.5
    endloop
  endfacet
  facet normal 0 0 1
    outer loop
      vertex 75.4678 45.3678 13.5
      vertex 74.796 44.696 13.5
      vertex 74.954 44.5111 13.5
    endloop
  endfacet
  facet normal 0 0 1
    outer loop
      vertex 75.1695 45.6225 13.5
      vertex 74.6111 44.854 13.5
      vertex 74.796 44.696 13.5
    endloop
  endfacet
  facet normal 0 0 1
    outer loop
      vertex 74.4037 44.9811 13.5
      vertex 74.835 45.8275 13.5
      vertex 74.4725 45.9776 13.5
    endloop
  endfacet
  facet normal 0 0 1
    outer loop
      vertex 74.835 45.8275 13.5
      vertex 74.4037 44.9811 13.5
      vertex 74.6111 44.854 13.5
    endloop
  endfacet
  facet normal 0 0 1
    outer loop
      vertex 74.4725 45.9776 13.5
      vertex 74.179 45.0741 13.5
      vertex 74.4037 44.9811 13.5
    endloop
  endfacet
  facet normal 0 0 1
    outer loop
      vertex 74.0911 46.0692 13.5
      vertex 74.179 45.0741 13.5
      vertex 74.4725 45.9776 13.5
    endloop
  endfacet
  facet normal 0 0 1
    outer loop
      vertex 74.0911 46.0692 13.5
      vertex 73.9425 45.1309 13.5
      vertex 74.179 45.0741 13.5
    endloop
  endfacet
  facet normal 0 0 1
    outer loop
      vertex 73.7 46.1 13.5
      vertex 73.9425 45.1309 13.5
      vertex 74.0911 46.0692 13.5
    endloop
  endfacet
  facet normal 0 0 1
    outer loop
      vertex 73.7 46.1 13.5
      vertex 73.7 45.15 13.5
      vertex 73.9425 45.1309 13.5
    endloop
  endfacet
  facet normal 0 0 1
    outer loop
      vertex 73.7 46.1 13.5
      vertex 73.4575 45.1309 13.5
      vertex 73.7 45.15 13.5
    endloop
  endfacet
  facet normal -0 0 1
    outer loop
      vertex 73.3089 46.0692 13.5
      vertex 73.4575 45.1309 13.5
      vertex 73.7 46.1 13.5
    endloop
  endfacet
  facet normal 0 0 1
    outer loop
      vertex 73.3089 46.0692 13.5
      vertex 73.221 45.0741 13.5
      vertex 73.4575 45.1309 13.5
    endloop
  endfacet
  facet normal -0 0 1
    outer loop
      vertex 72.9275 45.9776 13.5
      vertex 73.221 45.0741 13.5
      vertex 73.3089 46.0692 13.5
    endloop
  endfacet
  facet normal 0 0 1
    outer loop
      vertex 73.221 45.0741 13.5
      vertex 72.9275 45.9776 13.5
      vertex 72.9963 44.9811 13.5
    endloop
  endfacet
  facet normal -0 0 1
    outer loop
      vertex 72.565 45.8275 13.5
      vertex 72.9963 44.9811 13.5
      vertex 72.9275 45.9776 13.5
    endloop
  endfacet
  facet normal 0 0 1
    outer loop
      vertex 72.9963 44.9811 13.5
      vertex 72.565 45.8275 13.5
      vertex 72.7889 44.854 13.5
    endloop
  endfacet
  facet normal -0 0 1
    outer loop
      vertex 72.2305 45.6225 13.5
      vertex 72.7889 44.854 13.5
      vertex 72.565 45.8275 13.5
    endloop
  endfacet
  facet normal 0 0 1
    outer loop
      vertex 72.7889 44.854 13.5
      vertex 72.2305 45.6225 13.5
      vertex 72.604 44.696 13.5
    endloop
  endfacet
  facet normal -0 0 1
    outer loop
      vertex 71.9322 45.3678 13.5
      vertex 72.604 44.696 13.5
      vertex 72.2305 45.6225 13.5
    endloop
  endfacet
  facet normal 0 0 1
    outer loop
      vertex 72.604 44.696 13.5
      vertex 71.9322 45.3678 13.5
      vertex 72.446 44.5111 13.5
    endloop
  endfacet
  facet normal -0 0 1
    outer loop
      vertex 71.6775 45.0695 13.5
      vertex 72.446 44.5111 13.5
      vertex 71.9322 45.3678 13.5
    endloop
  endfacet
  facet normal 0 0 1
    outer loop
      vertex 72.446 44.5111 13.5
      vertex 71.6775 45.0695 13.5
      vertex 72.3189 44.3037 13.5
    endloop
  endfacet
  facet normal -0 0 1
    outer loop
      vertex 71.4725 44.735 13.5
      vertex 72.3189 44.3037 13.5
      vertex 71.6775 45.0695 13.5
    endloop
  endfacet
  facet normal 0 0 1
    outer loop
      vertex 72.3189 44.3037 13.5
      vertex 71.4725 44.735 13.5
      vertex 72.2259 44.079 13.5
    endloop
  endfacet
  facet normal -0 0 1
    outer loop
      vertex 75.0811 42.8963 13.5
      vertex 75.9275 42.465 13.5
      vertex 75.1741 43.121 13.5
    endloop
  endfacet
  facet normal 0 0 1
    outer loop
      vertex 75.9275 42.465 13.5
      vertex 75.0811 42.8963 13.5
      vertex 75.7225 42.1305 13.5
    endloop
  endfacet
  facet normal -0 0 1
    outer loop
      vertex 74.954 42.6889 13.5
      vertex 75.7225 42.1305 13.5
      vertex 75.0811 42.8963 13.5
    endloop
  endfacet
  facet normal 0 0 1
    outer loop
      vertex 75.7225 42.1305 13.5
      vertex 74.954 42.6889 13.5
      vertex 75.4678 41.8322 13.5
    endloop
  endfacet
  facet normal -0 0 1
    outer loop
      vertex 74.796 42.504 13.5
      vertex 75.4678 41.8322 13.5
      vertex 74.954 42.6889 13.5
    endloop
  endfacet
  facet normal 0 0 1
    outer loop
      vertex 75.4678 41.8322 13.5
      vertex 74.796 42.504 13.5
      vertex 75.1695 41.5775 13.5
    endloop
  endfacet
  facet normal -0 0 1
    outer loop
      vertex 74.6111 42.346 13.5
      vertex 75.1695 41.5775 13.5
      vertex 74.796 42.504 13.5
    endloop
  endfacet
  facet normal 0 0 1
    outer loop
      vertex 75.1695 41.5775 13.5
      vertex 74.6111 42.346 13.5
      vertex 74.835 41.3725 13.5
    endloop
  endfacet
  facet normal -0 0 1
    outer loop
      vertex 74.4037 42.2189 13.5
      vertex 74.835 41.3725 13.5
      vertex 74.6111 42.346 13.5
    endloop
  endfacet
  facet normal 0 0 1
    outer loop
      vertex 74.835 41.3725 13.5
      vertex 74.4037 42.2189 13.5
      vertex 74.4725 41.2224 13.5
    endloop
  endfacet
  facet normal -0 0 1
    outer loop
      vertex 74.179 42.1259 13.5
      vertex 74.4725 41.2224 13.5
      vertex 74.4037 42.2189 13.5
    endloop
  endfacet
  facet normal 0 0 1
    outer loop
      vertex 74.179 42.1259 13.5
      vertex 74.0911 41.1308 13.5
      vertex 74.4725 41.2224 13.5
    endloop
  endfacet
  facet normal -0 0 1
    outer loop
      vertex 73.9425 42.0691 13.5
      vertex 74.0911 41.1308 13.5
      vertex 74.179 42.1259 13.5
    endloop
  endfacet
  facet normal -0 0 1
    outer loop
      vertex 73.7 42.05 13.5
      vertex 74.0911 41.1308 13.5
      vertex 73.9425 42.0691 13.5
    endloop
  endfacet
  facet normal 0 0 1
    outer loop
      vertex 73.7 42.05 13.5
      vertex 73.7 41.1 13.5
      vertex 74.0911 41.1308 13.5
    endloop
  endfacet
  facet normal 0 0 1
    outer loop
      vertex 73.4575 42.0691 13.5
      vertex 73.7 41.1 13.5
      vertex 73.7 42.05 13.5
    endloop
  endfacet
  facet normal 0 0 1
    outer loop
      vertex 73.4575 42.0691 13.5
      vertex 73.3089 41.1308 13.5
      vertex 73.7 41.1 13.5
    endloop
  endfacet
  facet normal 0 0 1
    outer loop
      vertex 73.221 42.1259 13.5
      vertex 73.3089 41.1308 13.5
      vertex 73.4575 42.0691 13.5
    endloop
  endfacet
  facet normal 0 0 1
    outer loop
      vertex 72.9275 41.2224 13.5
      vertex 73.221 42.1259 13.5
      vertex 72.9963 42.2189 13.5
    endloop
  endfacet
  facet normal 0 0 1
    outer loop
      vertex 73.221 42.1259 13.5
      vertex 72.9275 41.2224 13.5
      vertex 73.3089 41.1308 13.5
    endloop
  endfacet
  facet normal 0 0 1
    outer loop
      vertex 72.565 41.3725 13.5
      vertex 72.9963 42.2189 13.5
      vertex 72.7889 42.346 13.5
    endloop
  endfacet
  facet normal 0 0 1
    outer loop
      vertex 72.2305 41.5775 13.5
      vertex 72.7889 42.346 13.5
      vertex 72.604 42.504 13.5
    endloop
  endfacet
  facet normal 0 0 1
    outer loop
      vertex 72.9963 42.2189 13.5
      vertex 72.565 41.3725 13.5
      vertex 72.9275 41.2224 13.5
    endloop
  endfacet
  facet normal 0 0 1
    outer loop
      vertex 71.9322 41.8322 13.5
      vertex 72.604 42.504 13.5
      vertex 72.446 42.6889 13.5
    endloop
  endfacet
  facet normal 0 0 1
    outer loop
      vertex 71.6775 42.1305 13.5
      vertex 72.446 42.6889 13.5
      vertex 72.3189 42.8963 13.5
    endloop
  endfacet
  facet normal 0 0 1
    outer loop
      vertex 72.7889 42.346 13.5
      vertex 72.2305 41.5775 13.5
      vertex 72.565 41.3725 13.5
    endloop
  endfacet
  facet normal 0 0 1
    outer loop
      vertex 71.4725 42.465 13.5
      vertex 72.3189 42.8963 13.5
      vertex 72.2259 43.121 13.5
    endloop
  endfacet
  facet normal 0 0 1
    outer loop
      vertex 71.3224 42.8275 13.5
      vertex 72.2259 43.121 13.5
      vertex 72.1691 43.3575 13.5
    endloop
  endfacet
  facet normal 0 0 1
    outer loop
      vertex 71.2308 43.2089 13.5
      vertex 72.1691 43.3575 13.5
      vertex 72.15 43.6 13.5
    endloop
  endfacet
  facet normal -0 0 1
    outer loop
      vertex 71.3224 44.3725 13.5
      vertex 72.2259 44.079 13.5
      vertex 71.4725 44.735 13.5
    endloop
  endfacet
  facet normal 0 0 1
    outer loop
      vertex 72.604 42.504 13.5
      vertex 71.9322 41.8322 13.5
      vertex 72.2305 41.5775 13.5
    endloop
  endfacet
  facet normal 0 0 1
    outer loop
      vertex 72.2259 44.079 13.5
      vertex 71.3224 44.3725 13.5
      vertex 72.1691 43.8425 13.5
    endloop
  endfacet
  facet normal 0 0 1
    outer loop
      vertex 72.446 42.6889 13.5
      vertex 71.6775 42.1305 13.5
      vertex 71.9322 41.8322 13.5
    endloop
  endfacet
  facet normal -0 0 1
    outer loop
      vertex 71.2308 43.9911 13.5
      vertex 72.1691 43.8425 13.5
      vertex 71.3224 44.3725 13.5
    endloop
  endfacet
  facet normal 0 0 1
    outer loop
      vertex 72.3189 42.8963 13.5
      vertex 71.4725 42.465 13.5
      vertex 71.6775 42.1305 13.5
    endloop
  endfacet
  facet normal 0 0 1
    outer loop
      vertex 72.1691 43.8425 13.5
      vertex 71.2308 43.9911 13.5
      vertex 72.15 43.6 13.5
    endloop
  endfacet
  facet normal 0 0 1
    outer loop
      vertex 72.2259 43.121 13.5
      vertex 71.3224 42.8275 13.5
      vertex 71.4725 42.465 13.5
    endloop
  endfacet
  facet normal 0 0 1
    outer loop
      vertex 71.2 43.6 13.5
      vertex 72.15 43.6 13.5
      vertex 71.2308 43.9911 13.5
    endloop
  endfacet
  facet normal 0 0 1
    outer loop
      vertex 72.1691 43.3575 13.5
      vertex 71.2308 43.2089 13.5
      vertex 71.3224 42.8275 13.5
    endloop
  endfacet
  facet normal 0 0 1
    outer loop
      vertex 72.15 43.6 13.5
      vertex 71.2 43.6 13.5
      vertex 71.2308 43.2089 13.5
    endloop
  endfacet
  facet normal -0.996916 0.0784728 0
    outer loop
      vertex 71.2 43.6 2.8
      vertex 71.2308 43.9911 13.5
      vertex 71.2308 43.9911 2.8
    endloop
  endfacet
  facet normal -0.996916 0.0784728 0
    outer loop
      vertex 71.2308 43.9911 13.5
      vertex 71.2 43.6 2.8
      vertex 71.2 43.6 13.5
    endloop
  endfacet
  facet normal 0.996918 -0.0784543 0
    outer loop
      vertex 76.1692 43.2089 13.5
      vertex 76.2 43.6 2.8
      vertex 76.2 43.6 13.5
    endloop
  endfacet
  facet normal 0.996918 -0.0784543 0
    outer loop
      vertex 76.2 43.6 2.8
      vertex 76.1692 43.2089 13.5
      vertex 76.1692 43.2089 2.8
    endloop
  endfacet
  facet normal 0.649451 -0.760403 0
    outer loop
      vertex 75.1695 41.5775 2.8
      vertex 75.4678 41.8322 13.5
      vertex 75.1695 41.5775 13.5
    endloop
  endfacet
  facet normal 0.649451 -0.760403 0
    outer loop
      vertex 75.4678 41.8322 13.5
      vertex 75.1695 41.5775 2.8
      vertex 75.4678 41.8322 2.8
    endloop
  endfacet
  facet normal -0.233446 -0.97237 0
    outer loop
      vertex 72.9275 41.2224 2.8
      vertex 73.3089 41.1308 13.5
      vertex 72.9275 41.2224 13.5
    endloop
  endfacet
  facet normal -0.233446 -0.97237 -0
    outer loop
      vertex 73.3089 41.1308 13.5
      vertex 72.9275 41.2224 2.8
      vertex 73.3089 41.1308 2.8
    endloop
  endfacet
  facet normal -0.760403 -0.649451 0
    outer loop
      vertex 71.9322 41.8322 2.8
      vertex 71.6775 42.1305 13.5
      vertex 71.6775 42.1305 2.8
    endloop
  endfacet
  facet normal -0.760403 -0.649451 0
    outer loop
      vertex 71.6775 42.1305 13.5
      vertex 71.9322 41.8322 2.8
      vertex 71.9322 41.8322 13.5
    endloop
  endfacet
  facet normal 0.996918 0.0784559 0
    outer loop
      vertex 69.2 16.06 9.3
      vertex 69.0954 17.3897 2.8
      vertex 69.0954 17.3897 9.3
    endloop
  endfacet
  facet normal 0.996918 0.0784559 0
    outer loop
      vertex 69.0954 17.3897 2.8
      vertex 69.2 16.06 9.3
      vertex 69.2 16.06 2.8
    endloop
  endfacet
  facet normal -0.0784587 0.996917 0
    outer loop
      vertex 60.7 24.56 2.8
      vertex 59.3703 24.4554 9.3
      vertex 60.7 24.56 9.3
    endloop
  endfacet
  facet normal -0.0784587 0.996917 0
    outer loop
      vertex 59.3703 24.4554 9.3
      vertex 60.7 24.56 2.8
      vertex 59.3703 24.4554 2.8
    endloop
  endfacet
  facet normal 0.0784594 -0.996917 0
    outer loop
      vertex 60.7 7.56 2.8
      vertex 62.0297 7.66465 9.3
      vertex 60.7 7.56 9.3
    endloop
  endfacet
  facet normal 0.0784594 -0.996917 0
    outer loop
      vertex 62.0297 7.66465 9.3
      vertex 60.7 7.56 2.8
      vertex 62.0297 7.66465 2.8
    endloop
  endfacet
  facet normal 0.649446 0.760407 -0
    outer loop
      vertex 66.7104 22.0704 2.8
      vertex 65.6962 22.9366 9.3
      vertex 66.7104 22.0704 9.3
    endloop
  endfacet
  facet normal 0.649446 0.760407 0
    outer loop
      vertex 65.6962 22.9366 9.3
      vertex 66.7104 22.0704 2.8
      vertex 65.6962 22.9366 2.8
    endloop
  endfacet
  facet normal -0.760407 0.649447 0
    outer loop
      vertex 53.8234 21.0562 2.8
      vertex 54.6896 22.0704 9.3
      vertex 54.6896 22.0704 2.8
    endloop
  endfacet
  facet normal -0.760407 0.649447 0
    outer loop
      vertex 54.6896 22.0704 9.3
      vertex 53.8234 21.0562 2.8
      vertex 53.8234 21.0562 9.3
    endloop
  endfacet
  facet normal -0.382682 0.92388 0
    outer loop
      vertex 58.0734 24.144 2.8
      vertex 56.8411 23.6336 9.3
      vertex 58.0734 24.144 9.3
    endloop
  endfacet
  facet normal -0.382682 0.92388 0
    outer loop
      vertex 56.8411 23.6336 9.3
      vertex 58.0734 24.144 2.8
      vertex 56.8411 23.6336 2.8
    endloop
  endfacet
  facet normal 0.97237 -0.233446 0
    outer loop
      vertex 68.784 13.4334 9.3
      vertex 69.0954 14.7303 2.8
      vertex 69.0954 14.7303 9.3
    endloop
  endfacet
  facet normal 0.97237 -0.233446 0
    outer loop
      vertex 69.0954 14.7303 2.8
      vertex 68.784 13.4334 9.3
      vertex 68.784 13.4334 2.8
    endloop
  endfacet
  facet normal 0.852642 0.522496 0
    outer loop
      vertex 68.2736 19.9189 9.3
      vertex 67.5766 21.0562 2.8
      vertex 67.5766 21.0562 9.3
    endloop
  endfacet
  facet normal 0.852642 0.522496 0
    outer loop
      vertex 67.5766 21.0562 2.8
      vertex 68.2736 19.9189 9.3
      vertex 68.2736 19.9189 2.8
    endloop
  endfacet
  facet normal 0.760407 0.649447 0
    outer loop
      vertex 67.5766 21.0562 9.3
      vertex 66.7104 22.0704 2.8
      vertex 66.7104 22.0704 9.3
    endloop
  endfacet
  facet normal 0.760407 0.649447 0
    outer loop
      vertex 66.7104 22.0704 2.8
      vertex 67.5766 21.0562 9.3
      vertex 67.5766 21.0562 2.8
    endloop
  endfacet
  facet normal 0.233446 0.97237 -0
    outer loop
      vertex 63.3266 24.144 2.8
      vertex 62.0297 24.4554 9.3
      vertex 63.3266 24.144 9.3
    endloop
  endfacet
  facet normal 0.233446 0.97237 0
    outer loop
      vertex 62.0297 24.4554 9.3
      vertex 63.3266 24.144 2.8
      vertex 62.0297 24.4554 2.8
    endloop
  endfacet
  facet normal 0.0784587 0.996917 -0
    outer loop
      vertex 62.0297 24.4554 2.8
      vertex 60.7 24.56 9.3
      vertex 62.0297 24.4554 9.3
    endloop
  endfacet
  facet normal 0.0784587 0.996917 0
    outer loop
      vertex 60.7 24.56 9.3
      vertex 62.0297 24.4554 2.8
      vertex 60.7 24.56 2.8
    endloop
  endfacet
  facet normal 0.5225 0.852639 -0
    outer loop
      vertex 65.6962 22.9366 2.8
      vertex 64.5589 23.6336 9.3
      vertex 65.6962 22.9366 9.3
    endloop
  endfacet
  facet normal 0.5225 0.852639 0
    outer loop
      vertex 64.5589 23.6336 9.3
      vertex 65.6962 22.9366 2.8
      vertex 64.5589 23.6336 2.8
    endloop
  endfacet
  facet normal -0.97237 0.233446 0
    outer loop
      vertex 52.3046 17.3897 2.8
      vertex 52.616 18.6866 9.3
      vertex 52.616 18.6866 2.8
    endloop
  endfacet
  facet normal -0.97237 0.233446 0
    outer loop
      vertex 52.616 18.6866 9.3
      vertex 52.3046 17.3897 2.8
      vertex 52.3046 17.3897 9.3
    endloop
  endfacet
  facet normal -0.85264 0.522498 0
    outer loop
      vertex 53.1264 19.9189 2.8
      vertex 53.8234 21.0562 9.3
      vertex 53.8234 21.0562 2.8
    endloop
  endfacet
  facet normal -0.85264 0.522498 0
    outer loop
      vertex 53.8234 21.0562 9.3
      vertex 53.1264 19.9189 2.8
      vertex 53.1264 19.9189 9.3
    endloop
  endfacet
  facet normal -0.996917 0.0784587 0
    outer loop
      vertex 52.2 16.06 2.8
      vertex 52.3046 17.3897 9.3
      vertex 52.3046 17.3897 2.8
    endloop
  endfacet
  facet normal -0.996917 0.0784587 0
    outer loop
      vertex 52.3046 17.3897 9.3
      vertex 52.2 16.06 2.8
      vertex 52.2 16.06 9.3
    endloop
  endfacet
  facet normal 0 0 1
    outer loop
      vertex 65.8 16.06 9.3
      vertex 69.2 16.06 9.3
      vertex 69.0954 17.3897 9.3
    endloop
  endfacet
  facet normal 0 0 1
    outer loop
      vertex 65.7372 16.8578 9.3
      vertex 69.0954 17.3897 9.3
      vertex 68.784 18.6866 9.3
    endloop
  endfacet
  facet normal 0 0 1
    outer loop
      vertex 69.2 16.06 9.3
      vertex 65.8 16.06 9.3
      vertex 69.0954 14.7303 9.3
    endloop
  endfacet
  facet normal 0 0 1
    outer loop
      vertex 65.5504 17.636 9.3
      vertex 68.784 18.6866 9.3
      vertex 68.2736 19.9189 9.3
    endloop
  endfacet
  facet normal -0 0 1
    outer loop
      vertex 65.7372 15.2622 9.3
      vertex 69.0954 14.7303 9.3
      vertex 65.8 16.06 9.3
    endloop
  endfacet
  facet normal 0 0 1
    outer loop
      vertex 65.2441 18.3754 9.3
      vertex 68.2736 19.9189 9.3
      vertex 67.5766 21.0562 9.3
    endloop
  endfacet
  facet normal 0 0 1
    outer loop
      vertex 69.0954 14.7303 9.3
      vertex 65.7372 15.2622 9.3
      vertex 68.784 13.4334 9.3
    endloop
  endfacet
  facet normal 0 0 1
    outer loop
      vertex 64.826 19.0577 9.3
      vertex 67.5766 21.0562 9.3
      vertex 66.7104 22.0704 9.3
    endloop
  endfacet
  facet normal -0 0 1
    outer loop
      vertex 65.5504 14.484 9.3
      vertex 68.784 13.4334 9.3
      vertex 65.7372 15.2622 9.3
    endloop
  endfacet
  facet normal 0 0 1
    outer loop
      vertex 68.784 13.4334 9.3
      vertex 65.5504 14.484 9.3
      vertex 68.2736 12.2011 9.3
    endloop
  endfacet
  facet normal 0 0 1
    outer loop
      vertex 69.0954 17.3897 9.3
      vertex 65.7372 16.8578 9.3
      vertex 65.8 16.06 9.3
    endloop
  endfacet
  facet normal 0 0 1
    outer loop
      vertex 64.3062 19.6662 9.3
      vertex 66.7104 22.0704 9.3
      vertex 65.6962 22.9366 9.3
    endloop
  endfacet
  facet normal 0 0 1
    outer loop
      vertex 68.784 18.6866 9.3
      vertex 65.5504 17.636 9.3
      vertex 65.7372 16.8578 9.3
    endloop
  endfacet
  facet normal 0 0 1
    outer loop
      vertex 68.2736 19.9189 9.3
      vertex 65.2441 18.3754 9.3
      vertex 65.5504 17.636 9.3
    endloop
  endfacet
  facet normal 0 0 1
    outer loop
      vertex 67.5766 21.0562 9.3
      vertex 64.826 19.0577 9.3
      vertex 65.2441 18.3754 9.3
    endloop
  endfacet
  facet normal 0 0 1
    outer loop
      vertex 63.6977 20.186 9.3
      vertex 65.6962 22.9366 9.3
      vertex 64.5589 23.6336 9.3
    endloop
  endfacet
  facet normal 0 0 1
    outer loop
      vertex 66.7104 22.0704 9.3
      vertex 64.3062 19.6662 9.3
      vertex 64.826 19.0577 9.3
    endloop
  endfacet
  facet normal 0 0 1
    outer loop
      vertex 65.6962 22.9366 9.3
      vertex 63.6977 20.186 9.3
      vertex 64.3062 19.6662 9.3
    endloop
  endfacet
  facet normal 0 0 1
    outer loop
      vertex 63.0154 20.6041 9.3
      vertex 64.5589 23.6336 9.3
      vertex 63.3266 24.144 9.3
    endloop
  endfacet
  facet normal 0 0 1
    outer loop
      vertex 64.5589 23.6336 9.3
      vertex 63.0154 20.6041 9.3
      vertex 63.6977 20.186 9.3
    endloop
  endfacet
  facet normal 0 0 1
    outer loop
      vertex 63.3266 24.144 9.3
      vertex 62.276 20.9104 9.3
      vertex 63.0154 20.6041 9.3
    endloop
  endfacet
  facet normal 0 0 1
    outer loop
      vertex 62.0297 24.4554 9.3
      vertex 62.276 20.9104 9.3
      vertex 63.3266 24.144 9.3
    endloop
  endfacet
  facet normal 0 0 1
    outer loop
      vertex 62.0297 24.4554 9.3
      vertex 61.4978 21.0972 9.3
      vertex 62.276 20.9104 9.3
    endloop
  endfacet
  facet normal 0 0 1
    outer loop
      vertex 60.7 24.56 9.3
      vertex 61.4978 21.0972 9.3
      vertex 62.0297 24.4554 9.3
    endloop
  endfacet
  facet normal 0 0 1
    outer loop
      vertex 60.7 24.56 9.3
      vertex 60.7 21.16 9.3
      vertex 61.4978 21.0972 9.3
    endloop
  endfacet
  facet normal 0 0 1
    outer loop
      vertex 60.7 24.56 9.3
      vertex 59.9022 21.0972 9.3
      vertex 60.7 21.16 9.3
    endloop
  endfacet
  facet normal -0 0 1
    outer loop
      vertex 59.3703 24.4554 9.3
      vertex 59.9022 21.0972 9.3
      vertex 60.7 24.56 9.3
    endloop
  endfacet
  facet normal 0 0 1
    outer loop
      vertex 59.3703 24.4554 9.3
      vertex 59.124 20.9104 9.3
      vertex 59.9022 21.0972 9.3
    endloop
  endfacet
  facet normal -0 0 1
    outer loop
      vertex 58.0734 24.144 9.3
      vertex 59.124 20.9104 9.3
      vertex 59.3703 24.4554 9.3
    endloop
  endfacet
  facet normal 0 0 1
    outer loop
      vertex 59.124 20.9104 9.3
      vertex 58.0734 24.144 9.3
      vertex 58.3846 20.6041 9.3
    endloop
  endfacet
  facet normal -0 0 1
    outer loop
      vertex 56.8411 23.6336 9.3
      vertex 58.3846 20.6041 9.3
      vertex 58.0734 24.144 9.3
    endloop
  endfacet
  facet normal 0 0 1
    outer loop
      vertex 58.3846 20.6041 9.3
      vertex 56.8411 23.6336 9.3
      vertex 57.7023 20.186 9.3
    endloop
  endfacet
  facet normal -0 0 1
    outer loop
      vertex 55.7038 22.9366 9.3
      vertex 57.7023 20.186 9.3
      vertex 56.8411 23.6336 9.3
    endloop
  endfacet
  facet normal 0 0 1
    outer loop
      vertex 57.7023 20.186 9.3
      vertex 55.7038 22.9366 9.3
      vertex 57.0938 19.6662 9.3
    endloop
  endfacet
  facet normal -0 0 1
    outer loop
      vertex 54.6896 22.0704 9.3
      vertex 57.0938 19.6662 9.3
      vertex 55.7038 22.9366 9.3
    endloop
  endfacet
  facet normal 0 0 1
    outer loop
      vertex 57.0938 19.6662 9.3
      vertex 54.6896 22.0704 9.3
      vertex 56.574 19.0577 9.3
    endloop
  endfacet
  facet normal -0 0 1
    outer loop
      vertex 53.8234 21.0562 9.3
      vertex 56.574 19.0577 9.3
      vertex 54.6896 22.0704 9.3
    endloop
  endfacet
  facet normal 0 0 1
    outer loop
      vertex 56.574 19.0577 9.3
      vertex 53.8234 21.0562 9.3
      vertex 56.1559 18.3754 9.3
    endloop
  endfacet
  facet normal -0 0 1
    outer loop
      vertex 53.1264 19.9189 9.3
      vertex 56.1559 18.3754 9.3
      vertex 53.8234 21.0562 9.3
    endloop
  endfacet
  facet normal 0 0 1
    outer loop
      vertex 56.1559 18.3754 9.3
      vertex 53.1264 19.9189 9.3
      vertex 55.8496 17.636 9.3
    endloop
  endfacet
  facet normal -0 0 1
    outer loop
      vertex 65.2441 13.7446 9.3
      vertex 68.2736 12.2011 9.3
      vertex 65.5504 14.484 9.3
    endloop
  endfacet
  facet normal 0 0 1
    outer loop
      vertex 68.2736 12.2011 9.3
      vertex 65.2441 13.7446 9.3
      vertex 67.5766 11.0638 9.3
    endloop
  endfacet
  facet normal -0 0 1
    outer loop
      vertex 64.826 13.0623 9.3
      vertex 67.5766 11.0638 9.3
      vertex 65.2441 13.7446 9.3
    endloop
  endfacet
  facet normal 0 0 1
    outer loop
      vertex 67.5766 11.0638 9.3
      vertex 64.826 13.0623 9.3
      vertex 66.7104 10.0496 9.3
    endloop
  endfacet
  facet normal -0 0 1
    outer loop
      vertex 64.3062 12.4538 9.3
      vertex 66.7104 10.0496 9.3
      vertex 64.826 13.0623 9.3
    endloop
  endfacet
  facet normal 0 0 1
    outer loop
      vertex 66.7104 10.0496 9.3
      vertex 64.3062 12.4538 9.3
      vertex 65.6962 9.18336 9.3
    endloop
  endfacet
  facet normal -0 0 1
    outer loop
      vertex 63.6977 11.934 9.3
      vertex 65.6962 9.18336 9.3
      vertex 64.3062 12.4538 9.3
    endloop
  endfacet
  facet normal 0 0 1
    outer loop
      vertex 65.6962 9.18336 9.3
      vertex 63.6977 11.934 9.3
      vertex 64.5589 8.48645 9.3
    endloop
  endfacet
  facet normal -0 0 1
    outer loop
      vertex 63.0154 11.5159 9.3
      vertex 64.5589 8.48645 9.3
      vertex 63.6977 11.934 9.3
    endloop
  endfacet
  facet normal 0 0 1
    outer loop
      vertex 64.5589 8.48645 9.3
      vertex 63.0154 11.5159 9.3
      vertex 63.3266 7.97602 9.3
    endloop
  endfacet
  facet normal -0 0 1
    outer loop
      vertex 62.276 11.2096 9.3
      vertex 63.3266 7.97602 9.3
      vertex 63.0154 11.5159 9.3
    endloop
  endfacet
  facet normal 0 0 1
    outer loop
      vertex 62.276 11.2096 9.3
      vertex 62.0297 7.66465 9.3
      vertex 63.3266 7.97602 9.3
    endloop
  endfacet
  facet normal -0 0 1
    outer loop
      vertex 61.4978 11.0228 9.3
      vertex 62.0297 7.66465 9.3
      vertex 62.276 11.2096 9.3
    endloop
  endfacet
  facet normal -0 0 1
    outer loop
      vertex 60.7 10.96 9.3
      vertex 62.0297 7.66465 9.3
      vertex 61.4978 11.0228 9.3
    endloop
  endfacet
  facet normal 0 0 1
    outer loop
      vertex 60.7 10.96 9.3
      vertex 60.7 7.56 9.3
      vertex 62.0297 7.66465 9.3
    endloop
  endfacet
  facet normal 0 0 1
    outer loop
      vertex 59.9022 11.0228 9.3
      vertex 60.7 7.56 9.3
      vertex 60.7 10.96 9.3
    endloop
  endfacet
  facet normal 0 0 1
    outer loop
      vertex 59.9022 11.0228 9.3
      vertex 59.3703 7.66465 9.3
      vertex 60.7 7.56 9.3
    endloop
  endfacet
  facet normal 0 0 1
    outer loop
      vertex 59.124 11.2096 9.3
      vertex 59.3703 7.66465 9.3
      vertex 59.9022 11.0228 9.3
    endloop
  endfacet
  facet normal 0 0 1
    outer loop
      vertex 58.0734 7.97602 9.3
      vertex 59.124 11.2096 9.3
      vertex 58.3846 11.5159 9.3
    endloop
  endfacet
  facet normal 0 0 1
    outer loop
      vertex 59.124 11.2096 9.3
      vertex 58.0734 7.97602 9.3
      vertex 59.3703 7.66465 9.3
    endloop
  endfacet
  facet normal 0 0 1
    outer loop
      vertex 56.8411 8.48645 9.3
      vertex 58.3846 11.5159 9.3
      vertex 57.7023 11.934 9.3
    endloop
  endfacet
  facet normal 0 0 1
    outer loop
      vertex 55.7038 9.18336 9.3
      vertex 57.7023 11.934 9.3
      vertex 57.0938 12.4538 9.3
    endloop
  endfacet
  facet normal 0 0 1
    outer loop
      vertex 58.3846 11.5159 9.3
      vertex 56.8411 8.48645 9.3
      vertex 58.0734 7.97602 9.3
    endloop
  endfacet
  facet normal 0 0 1
    outer loop
      vertex 54.6896 10.0496 9.3
      vertex 57.0938 12.4538 9.3
      vertex 56.574 13.0623 9.3
    endloop
  endfacet
  facet normal 0 0 1
    outer loop
      vertex 53.8234 11.0638 9.3
      vertex 56.574 13.0623 9.3
      vertex 56.1559 13.7446 9.3
    endloop
  endfacet
  facet normal 0 0 1
    outer loop
      vertex 53.1264 12.2011 9.3
      vertex 56.1559 13.7446 9.3
      vertex 55.8496 14.484 9.3
    endloop
  endfacet
  facet normal 0 0 1
    outer loop
      vertex 57.7023 11.934 9.3
      vertex 55.7038 9.18336 9.3
      vertex 56.8411 8.48645 9.3
    endloop
  endfacet
  facet normal 0 0 1
    outer loop
      vertex 52.616 13.4334 9.3
      vertex 55.8496 14.484 9.3
      vertex 55.6628 15.2622 9.3
    endloop
  endfacet
  facet normal 0 0 1
    outer loop
      vertex 52.3046 14.7303 9.3
      vertex 55.6628 15.2622 9.3
      vertex 55.6 16.06 9.3
    endloop
  endfacet
  facet normal -0 0 1
    outer loop
      vertex 52.616 18.6866 9.3
      vertex 55.8496 17.636 9.3
      vertex 53.1264 19.9189 9.3
    endloop
  endfacet
  facet normal 0 0 1
    outer loop
      vertex 57.0938 12.4538 9.3
      vertex 54.6896 10.0496 9.3
      vertex 55.7038 9.18336 9.3
    endloop
  endfacet
  facet normal 0 0 1
    outer loop
      vertex 55.8496 17.636 9.3
      vertex 52.616 18.6866 9.3
      vertex 55.6628 16.8578 9.3
    endloop
  endfacet
  facet normal 0 0 1
    outer loop
      vertex 56.574 13.0623 9.3
      vertex 53.8234 11.0638 9.3
      vertex 54.6896 10.0496 9.3
    endloop
  endfacet
  facet normal -0 0 1
    outer loop
      vertex 52.3046 17.3897 9.3
      vertex 55.6628 16.8578 9.3
      vertex 52.616 18.6866 9.3
    endloop
  endfacet
  facet normal 0 0 1
    outer loop
      vertex 56.1559 13.7446 9.3
      vertex 53.1264 12.2011 9.3
      vertex 53.8234 11.0638 9.3
    endloop
  endfacet
  facet normal 0 0 1
    outer loop
      vertex 55.6628 16.8578 9.3
      vertex 52.3046 17.3897 9.3
      vertex 55.6 16.06 9.3
    endloop
  endfacet
  facet normal 0 0 1
    outer loop
      vertex 55.8496 14.484 9.3
      vertex 52.616 13.4334 9.3
      vertex 53.1264 12.2011 9.3
    endloop
  endfacet
  facet normal 0 0 1
    outer loop
      vertex 52.2 16.06 9.3
      vertex 55.6 16.06 9.3
      vertex 52.3046 17.3897 9.3
    endloop
  endfacet
  facet normal 0 0 1
    outer loop
      vertex 55.6628 15.2622 9.3
      vertex 52.3046 14.7303 9.3
      vertex 52.616 13.4334 9.3
    endloop
  endfacet
  facet normal 0 0 1
    outer loop
      vertex 55.6 16.06 9.3
      vertex 52.2 16.06 9.3
      vertex 52.3046 14.7303 9.3
    endloop
  endfacet
  facet normal -0.233446 0.97237 0
    outer loop
      vertex 59.3703 24.4554 2.8
      vertex 58.0734 24.144 9.3
      vertex 59.3703 24.4554 9.3
    endloop
  endfacet
  facet normal -0.233446 0.97237 0
    outer loop
      vertex 58.0734 24.144 9.3
      vertex 59.3703 24.4554 2.8
      vertex 58.0734 24.144 2.8
    endloop
  endfacet
  facet normal 0.996918 -0.0784559 0
    outer loop
      vertex 69.0954 14.7303 9.3
      vertex 69.2 16.06 2.8
      vertex 69.2 16.06 9.3
    endloop
  endfacet
  facet normal 0.996918 -0.0784559 0
    outer loop
      vertex 69.2 16.06 2.8
      vertex 69.0954 14.7303 9.3
      vertex 69.0954 14.7303 2.8
    endloop
  endfacet
  facet normal -0.85264 -0.522498 0
    outer loop
      vertex 53.8234 11.0638 2.8
      vertex 53.1264 12.2011 9.3
      vertex 53.1264 12.2011 2.8
    endloop
  endfacet
  facet normal -0.85264 -0.522498 0
    outer loop
      vertex 53.1264 12.2011 9.3
      vertex 53.8234 11.0638 2.8
      vertex 53.8234 11.0638 9.3
    endloop
  endfacet
  facet normal 0.233445 -0.97237 0
    outer loop
      vertex 62.0297 7.66465 2.8
      vertex 63.3266 7.97602 9.3
      vertex 62.0297 7.66465 9.3
    endloop
  endfacet
  facet normal 0.233445 -0.97237 0
    outer loop
      vertex 63.3266 7.97602 9.3
      vertex 62.0297 7.66465 2.8
      vertex 63.3266 7.97602 2.8
    endloop
  endfacet
  facet normal 0.923878 0.382686 0
    outer loop
      vertex 68.784 18.6866 9.3
      vertex 68.2736 19.9189 2.8
      vertex 68.2736 19.9189 9.3
    endloop
  endfacet
  facet normal 0.923878 0.382686 0
    outer loop
      vertex 68.2736 19.9189 2.8
      vertex 68.784 18.6866 9.3
      vertex 68.784 18.6866 2.8
    endloop
  endfacet
  facet normal 0.97237 0.233446 0
    outer loop
      vertex 69.0954 17.3897 9.3
      vertex 68.784 18.6866 2.8
      vertex 68.784 18.6866 9.3
    endloop
  endfacet
  facet normal 0.97237 0.233446 0
    outer loop
      vertex 68.784 18.6866 2.8
      vertex 69.0954 17.3897 9.3
      vertex 69.0954 17.3897 2.8
    endloop
  endfacet
  facet normal 0.382682 0.92388 -0
    outer loop
      vertex 64.5589 23.6336 2.8
      vertex 63.3266 24.144 9.3
      vertex 64.5589 23.6336 9.3
    endloop
  endfacet
  facet normal 0.382682 0.92388 0
    outer loop
      vertex 63.3266 24.144 9.3
      vertex 64.5589 23.6336 2.8
      vertex 63.3266 24.144 2.8
    endloop
  endfacet
  facet normal -0.923879 0.382684 0
    outer loop
      vertex 52.616 18.6866 2.8
      vertex 53.1264 19.9189 9.3
      vertex 53.1264 19.9189 2.8
    endloop
  endfacet
  facet normal -0.923879 0.382684 0
    outer loop
      vertex 53.1264 19.9189 9.3
      vertex 52.616 18.6866 2.8
      vertex 52.616 18.6866 9.3
    endloop
  endfacet
  facet normal -0.996917 -0.0784587 0
    outer loop
      vertex 52.3046 14.7303 2.8
      vertex 52.2 16.06 9.3
      vertex 52.2 16.06 2.8
    endloop
  endfacet
  facet normal -0.996917 -0.0784587 0
    outer loop
      vertex 52.2 16.06 9.3
      vertex 52.3046 14.7303 2.8
      vertex 52.3046 14.7303 9.3
    endloop
  endfacet
  facet normal -0.5225 0.852639 0
    outer loop
      vertex 56.8411 23.6336 2.8
      vertex 55.7038 22.9366 9.3
      vertex 56.8411 23.6336 9.3
    endloop
  endfacet
  facet normal -0.5225 0.852639 0
    outer loop
      vertex 55.7038 22.9366 9.3
      vertex 56.8411 23.6336 2.8
      vertex 55.7038 22.9366 2.8
    endloop
  endfacet
  facet normal -0.649446 0.760407 0
    outer loop
      vertex 55.7038 22.9366 2.8
      vertex 54.6896 22.0704 9.3
      vertex 55.7038 22.9366 9.3
    endloop
  endfacet
  facet normal -0.649446 0.760407 0
    outer loop
      vertex 54.6896 22.0704 9.3
      vertex 55.7038 22.9366 2.8
      vertex 54.6896 22.0704 2.8
    endloop
  endfacet
  facet normal 0.852642 -0.522496 0
    outer loop
      vertex 67.5766 11.0638 9.3
      vertex 68.2736 12.2011 2.8
      vertex 68.2736 12.2011 9.3
    endloop
  endfacet
  facet normal 0.852642 -0.522496 0
    outer loop
      vertex 68.2736 12.2011 2.8
      vertex 67.5766 11.0638 9.3
      vertex 67.5766 11.0638 2.8
    endloop
  endfacet
  facet normal 0.522499 -0.85264 0
    outer loop
      vertex 64.5589 8.48645 2.8
      vertex 65.6962 9.18336 9.3
      vertex 64.5589 8.48645 9.3
    endloop
  endfacet
  facet normal 0.522499 -0.85264 0
    outer loop
      vertex 65.6962 9.18336 9.3
      vertex 64.5589 8.48645 2.8
      vertex 65.6962 9.18336 2.8
    endloop
  endfacet
  facet normal 0.382683 -0.92388 0
    outer loop
      vertex 63.3266 7.97602 2.8
      vertex 64.5589 8.48645 9.3
      vertex 63.3266 7.97602 9.3
    endloop
  endfacet
  facet normal 0.382683 -0.92388 0
    outer loop
      vertex 64.5589 8.48645 9.3
      vertex 63.3266 7.97602 2.8
      vertex 64.5589 8.48645 2.8
    endloop
  endfacet
  facet normal 0.923878 -0.382686 0
    outer loop
      vertex 68.2736 12.2011 9.3
      vertex 68.784 13.4334 2.8
      vertex 68.784 13.4334 9.3
    endloop
  endfacet
  facet normal 0.923878 -0.382686 0
    outer loop
      vertex 68.784 13.4334 2.8
      vertex 68.2736 12.2011 9.3
      vertex 68.2736 12.2011 2.8
    endloop
  endfacet
  facet normal -0.233445 -0.97237 0
    outer loop
      vertex 58.0734 7.97602 2.8
      vertex 59.3703 7.66465 9.3
      vertex 58.0734 7.97602 9.3
    endloop
  endfacet
  facet normal -0.233445 -0.97237 -0
    outer loop
      vertex 59.3703 7.66465 9.3
      vertex 58.0734 7.97602 2.8
      vertex 59.3703 7.66465 2.8
    endloop
  endfacet
  facet normal -0.649447 -0.760407 0
    outer loop
      vertex 54.6896 10.0496 2.8
      vertex 55.7038 9.18336 9.3
      vertex 54.6896 10.0496 9.3
    endloop
  endfacet
  facet normal -0.649447 -0.760407 -0
    outer loop
      vertex 55.7038 9.18336 9.3
      vertex 54.6896 10.0496 2.8
      vertex 55.7038 9.18336 2.8
    endloop
  endfacet
  facet normal -0.760407 -0.649447 0
    outer loop
      vertex 54.6896 10.0496 2.8
      vertex 53.8234 11.0638 9.3
      vertex 53.8234 11.0638 2.8
    endloop
  endfacet
  facet normal -0.760407 -0.649447 0
    outer loop
      vertex 53.8234 11.0638 9.3
      vertex 54.6896 10.0496 2.8
      vertex 54.6896 10.0496 9.3
    endloop
  endfacet
  facet normal 0.760407 -0.649447 0
    outer loop
      vertex 66.7104 10.0496 9.3
      vertex 67.5766 11.0638 2.8
      vertex 67.5766 11.0638 9.3
    endloop
  endfacet
  facet normal 0.760407 -0.649447 0
    outer loop
      vertex 67.5766 11.0638 2.8
      vertex 66.7104 10.0496 9.3
      vertex 66.7104 10.0496 2.8
    endloop
  endfacet
  facet normal -0.0784594 -0.996917 0
    outer loop
      vertex 59.3703 7.66465 2.8
      vertex 60.7 7.56 9.3
      vertex 59.3703 7.66465 9.3
    endloop
  endfacet
  facet normal -0.0784594 -0.996917 -0
    outer loop
      vertex 60.7 7.56 9.3
      vertex 59.3703 7.66465 2.8
      vertex 60.7 7.56 2.8
    endloop
  endfacet
  facet normal -0.923879 -0.382684 0
    outer loop
      vertex 53.1264 12.2011 2.8
      vertex 52.616 13.4334 9.3
      vertex 52.616 13.4334 2.8
    endloop
  endfacet
  facet normal -0.923879 -0.382684 0
    outer loop
      vertex 52.616 13.4334 9.3
      vertex 53.1264 12.2011 2.8
      vertex 53.1264 12.2011 9.3
    endloop
  endfacet
  facet normal -0.97237 -0.233446 0
    outer loop
      vertex 52.616 13.4334 2.8
      vertex 52.3046 14.7303 9.3
      vertex 52.3046 14.7303 2.8
    endloop
  endfacet
  facet normal -0.97237 -0.233446 0
    outer loop
      vertex 52.3046 14.7303 9.3
      vertex 52.616 13.4334 2.8
      vertex 52.616 13.4334 9.3
    endloop
  endfacet
  facet normal 0.649447 -0.760407 0
    outer loop
      vertex 65.6962 9.18336 2.8
      vertex 66.7104 10.0496 9.3
      vertex 65.6962 9.18336 9.3
    endloop
  endfacet
  facet normal 0.649447 -0.760407 0
    outer loop
      vertex 66.7104 10.0496 9.3
      vertex 65.6962 9.18336 2.8
      vertex 66.7104 10.0496 2.8
    endloop
  endfacet
  facet normal -0.382683 -0.92388 0
    outer loop
      vertex 56.8411 8.48645 2.8
      vertex 58.0734 7.97602 9.3
      vertex 56.8411 8.48645 9.3
    endloop
  endfacet
  facet normal -0.382683 -0.92388 -0
    outer loop
      vertex 58.0734 7.97602 9.3
      vertex 56.8411 8.48645 2.8
      vertex 58.0734 7.97602 2.8
    endloop
  endfacet
  facet normal -0.522499 -0.85264 0
    outer loop
      vertex 55.7038 9.18336 2.8
      vertex 56.8411 8.48645 9.3
      vertex 55.7038 9.18336 9.3
    endloop
  endfacet
  facet normal -0.522499 -0.85264 -0
    outer loop
      vertex 56.8411 8.48645 9.3
      vertex 55.7038 9.18336 2.8
      vertex 56.8411 8.48645 2.8
    endloop
  endfacet
  facet normal 0.522499 0.85264 -0
    outer loop
      vertex 65.6962 49.4166 2.8
      vertex 64.5589 50.1136 9.3
      vertex 65.6962 49.4166 9.3
    endloop
  endfacet
  facet normal 0.522499 0.85264 0
    outer loop
      vertex 64.5589 50.1136 9.3
      vertex 65.6962 49.4166 2.8
      vertex 64.5589 50.1136 2.8
    endloop
  endfacet
  facet normal 0.996918 -0.0784557 0
    outer loop
      vertex 69.0954 41.2103 9.3
      vertex 69.2 42.54 2.8
      vertex 69.2 42.54 9.3
    endloop
  endfacet
  facet normal 0.996918 -0.0784557 0
    outer loop
      vertex 69.2 42.54 2.8
      vertex 69.0954 41.2103 9.3
      vertex 69.0954 41.2103 2.8
    endloop
  endfacet
  facet normal -0.0784587 -0.996917 0
    outer loop
      vertex 59.3703 34.1446 2.8
      vertex 60.7 34.04 9.3
      vertex 59.3703 34.1446 9.3
    endloop
  endfacet
  facet normal -0.0784587 -0.996917 -0
    outer loop
      vertex 60.7 34.04 9.3
      vertex 59.3703 34.1446 2.8
      vertex 60.7 34.04 2.8
    endloop
  endfacet
  facet normal -0.382681 0.923881 0
    outer loop
      vertex 58.0734 50.624 2.8
      vertex 56.8411 50.1136 9.3
      vertex 58.0734 50.624 9.3
    endloop
  endfacet
  facet normal -0.382681 0.923881 0
    outer loop
      vertex 56.8411 50.1136 9.3
      vertex 58.0734 50.624 2.8
      vertex 56.8411 50.1136 2.8
    endloop
  endfacet
  facet normal -0.97237 0.233446 0
    outer loop
      vertex 52.3046 43.8697 2.8
      vertex 52.616 45.1666 9.3
      vertex 52.616 45.1666 2.8
    endloop
  endfacet
  facet normal -0.97237 0.233446 0
    outer loop
      vertex 52.616 45.1666 9.3
      vertex 52.3046 43.8697 2.8
      vertex 52.3046 43.8697 9.3
    endloop
  endfacet
  facet normal 0.760407 -0.649447 0
    outer loop
      vertex 66.7104 36.5296 9.3
      vertex 67.5766 37.5438 2.8
      vertex 67.5766 37.5438 9.3
    endloop
  endfacet
  facet normal 0.760407 -0.649447 0
    outer loop
      vertex 67.5766 37.5438 2.8
      vertex 66.7104 36.5296 9.3
      vertex 66.7104 36.5296 2.8
    endloop
  endfacet
  facet normal -0.233446 -0.97237 0
    outer loop
      vertex 58.0734 34.456 2.8
      vertex 59.3703 34.1446 9.3
      vertex 58.0734 34.456 9.3
    endloop
  endfacet
  facet normal -0.233446 -0.97237 -0
    outer loop
      vertex 59.3703 34.1446 9.3
      vertex 58.0734 34.456 2.8
      vertex 59.3703 34.1446 2.8
    endloop
  endfacet
  facet normal 0.97237 0.233446 0
    outer loop
      vertex 69.0954 43.8697 9.3
      vertex 68.784 45.1666 2.8
      vertex 68.784 45.1666 9.3
    endloop
  endfacet
  facet normal 0.97237 0.233446 0
    outer loop
      vertex 68.784 45.1666 2.8
      vertex 69.0954 43.8697 9.3
      vertex 69.0954 43.8697 2.8
    endloop
  endfacet
  facet normal 0.923878 0.382687 0
    outer loop
      vertex 68.784 45.1666 9.3
      vertex 68.2736 46.3989 2.8
      vertex 68.2736 46.3989 9.3
    endloop
  endfacet
  facet normal 0.923878 0.382687 0
    outer loop
      vertex 68.2736 46.3989 2.8
      vertex 68.784 45.1666 9.3
      vertex 68.784 45.1666 2.8
    endloop
  endfacet
  facet normal 0.852642 0.522496 0
    outer loop
      vertex 68.2736 46.3989 9.3
      vertex 67.5766 47.5362 2.8
      vertex 67.5766 47.5362 9.3
    endloop
  endfacet
  facet normal 0.852642 0.522496 0
    outer loop
      vertex 67.5766 47.5362 2.8
      vertex 68.2736 46.3989 9.3
      vertex 68.2736 46.3989 2.8
    endloop
  endfacet
  facet normal 0.649447 0.760407 -0
    outer loop
      vertex 66.7104 48.5504 2.8
      vertex 65.6962 49.4166 9.3
      vertex 66.7104 48.5504 9.3
    endloop
  endfacet
  facet normal 0.649447 0.760407 0
    outer loop
      vertex 65.6962 49.4166 9.3
      vertex 66.7104 48.5504 2.8
      vertex 65.6962 49.4166 2.8
    endloop
  endfacet
  facet normal 0.233446 0.97237 -0
    outer loop
      vertex 63.3266 50.624 2.8
      vertex 62.0297 50.9353 9.3
      vertex 63.3266 50.624 9.3
    endloop
  endfacet
  facet normal 0.233446 0.97237 0
    outer loop
      vertex 62.0297 50.9353 9.3
      vertex 63.3266 50.624 2.8
      vertex 62.0297 50.9353 2.8
    endloop
  endfacet
  facet normal -0.0784616 0.996917 0
    outer loop
      vertex 60.7 51.04 2.8
      vertex 59.3703 50.9353 9.3
      vertex 60.7 51.04 9.3
    endloop
  endfacet
  facet normal -0.0784616 0.996917 0
    outer loop
      vertex 59.3703 50.9353 9.3
      vertex 60.7 51.04 2.8
      vertex 59.3703 50.9353 2.8
    endloop
  endfacet
  facet normal -0.996917 -0.0784585 0
    outer loop
      vertex 52.3046 41.2103 2.8
      vertex 52.2 42.54 9.3
      vertex 52.2 42.54 2.8
    endloop
  endfacet
  facet normal -0.996917 -0.0784585 0
    outer loop
      vertex 52.2 42.54 9.3
      vertex 52.3046 41.2103 2.8
      vertex 52.3046 41.2103 9.3
    endloop
  endfacet
  facet normal -0.85264 0.522498 0
    outer loop
      vertex 53.1264 46.3989 2.8
      vertex 53.8234 47.5362 9.3
      vertex 53.8234 47.5362 2.8
    endloop
  endfacet
  facet normal -0.85264 0.522498 0
    outer loop
      vertex 53.8234 47.5362 9.3
      vertex 53.1264 46.3989 2.8
      vertex 53.1264 46.3989 9.3
    endloop
  endfacet
  facet normal -0.233446 0.97237 0
    outer loop
      vertex 59.3703 50.9353 2.8
      vertex 58.0734 50.624 9.3
      vertex 59.3703 50.9353 9.3
    endloop
  endfacet
  facet normal -0.233446 0.97237 0
    outer loop
      vertex 58.0734 50.624 9.3
      vertex 59.3703 50.9353 2.8
      vertex 58.0734 50.624 2.8
    endloop
  endfacet
  facet normal -0.760407 0.649447 0
    outer loop
      vertex 53.8234 47.5362 2.8
      vertex 54.6896 48.5504 9.3
      vertex 54.6896 48.5504 2.8
    endloop
  endfacet
  facet normal -0.760407 0.649447 0
    outer loop
      vertex 54.6896 48.5504 9.3
      vertex 53.8234 47.5362 2.8
      vertex 53.8234 47.5362 9.3
    endloop
  endfacet
  facet normal 0.996918 0.0784559 0
    outer loop
      vertex 69.2 42.54 9.3
      vertex 69.0954 43.8697 2.8
      vertex 69.0954 43.8697 9.3
    endloop
  endfacet
  facet normal 0.996918 0.0784559 0
    outer loop
      vertex 69.0954 43.8697 2.8
      vertex 69.2 42.54 9.3
      vertex 69.2 42.54 2.8
    endloop
  endfacet
  facet normal 0.233446 -0.97237 0
    outer loop
      vertex 62.0297 34.1446 2.8
      vertex 63.3266 34.456 9.3
      vertex 62.0297 34.1446 9.3
    endloop
  endfacet
  facet normal 0.233446 -0.97237 0
    outer loop
      vertex 63.3266 34.456 9.3
      vertex 62.0297 34.1446 2.8
      vertex 63.3266 34.456 2.8
    endloop
  endfacet
  facet normal 0.97237 -0.233446 0
    outer loop
      vertex 68.784 39.9134 9.3
      vertex 69.0954 41.2103 2.8
      vertex 69.0954 41.2103 9.3
    endloop
  endfacet
  facet normal 0.97237 -0.233446 0
    outer loop
      vertex 69.0954 41.2103 2.8
      vertex 68.784 39.9134 9.3
      vertex 68.784 39.9134 2.8
    endloop
  endfacet
  facet normal 0.382683 -0.92388 0
    outer loop
      vertex 63.3266 34.456 2.8
      vertex 64.5589 34.9664 9.3
      vertex 63.3266 34.456 9.3
    endloop
  endfacet
  facet normal 0.382683 -0.92388 0
    outer loop
      vertex 64.5589 34.9664 9.3
      vertex 63.3266 34.456 2.8
      vertex 64.5589 34.9664 2.8
    endloop
  endfacet
  facet normal 0.0784587 -0.996917 0
    outer loop
      vertex 60.7 34.04 2.8
      vertex 62.0297 34.1446 9.3
      vertex 60.7 34.04 9.3
    endloop
  endfacet
  facet normal 0.0784587 -0.996917 0
    outer loop
      vertex 62.0297 34.1446 9.3
      vertex 60.7 34.04 2.8
      vertex 62.0297 34.1446 2.8
    endloop
  endfacet
  facet normal -0.522497 -0.852641 0
    outer loop
      vertex 55.7038 35.6634 2.8
      vertex 56.8411 34.9664 9.3
      vertex 55.7038 35.6634 9.3
    endloop
  endfacet
  facet normal -0.522497 -0.852641 -0
    outer loop
      vertex 56.8411 34.9664 9.3
      vertex 55.7038 35.6634 2.8
      vertex 56.8411 34.9664 2.8
    endloop
  endfacet
  facet normal -0.97237 -0.233446 0
    outer loop
      vertex 52.616 39.9134 2.8
      vertex 52.3046 41.2103 9.3
      vertex 52.3046 41.2103 2.8
    endloop
  endfacet
  facet normal -0.97237 -0.233446 0
    outer loop
      vertex 52.3046 41.2103 9.3
      vertex 52.616 39.9134 2.8
      vertex 52.616 39.9134 9.3
    endloop
  endfacet
  facet normal -0.649447 -0.760407 0
    outer loop
      vertex 54.6896 36.5296 2.8
      vertex 55.7038 35.6634 9.3
      vertex 54.6896 36.5296 9.3
    endloop
  endfacet
  facet normal -0.649447 -0.760407 -0
    outer loop
      vertex 55.7038 35.6634 9.3
      vertex 54.6896 36.5296 2.8
      vertex 55.7038 35.6634 2.8
    endloop
  endfacet
  facet normal 0.760407 0.649447 0
    outer loop
      vertex 67.5766 47.5362 9.3
      vertex 66.7104 48.5504 2.8
      vertex 66.7104 48.5504 9.3
    endloop
  endfacet
  facet normal 0.760407 0.649447 0
    outer loop
      vertex 66.7104 48.5504 2.8
      vertex 67.5766 47.5362 9.3
      vertex 67.5766 47.5362 2.8
    endloop
  endfacet
  facet normal 0.382681 0.923881 -0
    outer loop
      vertex 64.5589 50.1136 2.8
      vertex 63.3266 50.624 9.3
      vertex 64.5589 50.1136 9.3
    endloop
  endfacet
  facet normal 0.382681 0.923881 0
    outer loop
      vertex 63.3266 50.624 9.3
      vertex 64.5589 50.1136 2.8
      vertex 63.3266 50.624 2.8
    endloop
  endfacet
  facet normal 0.0784616 0.996917 -0
    outer loop
      vertex 62.0297 50.9353 2.8
      vertex 60.7 51.04 9.3
      vertex 62.0297 50.9353 9.3
    endloop
  endfacet
  facet normal 0.0784616 0.996917 0
    outer loop
      vertex 60.7 51.04 9.3
      vertex 62.0297 50.9353 2.8
      vertex 60.7 51.04 2.8
    endloop
  endfacet
  facet normal 0 0 1
    outer loop
      vertex 65.8 42.54 9.3
      vertex 69.2 42.54 9.3
      vertex 69.0954 43.8697 9.3
    endloop
  endfacet
  facet normal 0 0 1
    outer loop
      vertex 65.7372 43.3378 9.3
      vertex 69.0954 43.8697 9.3
      vertex 68.784 45.1666 9.3
    endloop
  endfacet
  facet normal 0 0 1
    outer loop
      vertex 69.2 42.54 9.3
      vertex 65.8 42.54 9.3
      vertex 69.0954 41.2103 9.3
    endloop
  endfacet
  facet normal 0 0 1
    outer loop
      vertex 65.5504 44.116 9.3
      vertex 68.784 45.1666 9.3
      vertex 68.2736 46.3989 9.3
    endloop
  endfacet
  facet normal -0 0 1
    outer loop
      vertex 65.7372 41.7422 9.3
      vertex 69.0954 41.2103 9.3
      vertex 65.8 42.54 9.3
    endloop
  endfacet
  facet normal 0 0 1
    outer loop
      vertex 65.2441 44.8554 9.3
      vertex 68.2736 46.3989 9.3
      vertex 67.5766 47.5362 9.3
    endloop
  endfacet
  facet normal 0 0 1
    outer loop
      vertex 69.0954 41.2103 9.3
      vertex 65.7372 41.7422 9.3
      vertex 68.784 39.9134 9.3
    endloop
  endfacet
  facet normal 0 0 1
    outer loop
      vertex 64.826 45.5377 9.3
      vertex 67.5766 47.5362 9.3
      vertex 66.7104 48.5504 9.3
    endloop
  endfacet
  facet normal -0 0 1
    outer loop
      vertex 65.5504 40.964 9.3
      vertex 68.784 39.9134 9.3
      vertex 65.7372 41.7422 9.3
    endloop
  endfacet
  facet normal 0 0 1
    outer loop
      vertex 68.784 39.9134 9.3
      vertex 65.5504 40.964 9.3
      vertex 68.2736 38.6811 9.3
    endloop
  endfacet
  facet normal 0 0 1
    outer loop
      vertex 69.0954 43.8697 9.3
      vertex 65.7372 43.3378 9.3
      vertex 65.8 42.54 9.3
    endloop
  endfacet
  facet normal 0 0 1
    outer loop
      vertex 64.3062 46.1462 9.3
      vertex 66.7104 48.5504 9.3
      vertex 65.6962 49.4166 9.3
    endloop
  endfacet
  facet normal 0 0 1
    outer loop
      vertex 68.784 45.1666 9.3
      vertex 65.5504 44.116 9.3
      vertex 65.7372 43.3378 9.3
    endloop
  endfacet
  facet normal 0 0 1
    outer loop
      vertex 68.2736 46.3989 9.3
      vertex 65.2441 44.8554 9.3
      vertex 65.5504 44.116 9.3
    endloop
  endfacet
  facet normal 0 0 1
    outer loop
      vertex 67.5766 47.5362 9.3
      vertex 64.826 45.5377 9.3
      vertex 65.2441 44.8554 9.3
    endloop
  endfacet
  facet normal 0 0 1
    outer loop
      vertex 63.6977 46.666 9.3
      vertex 65.6962 49.4166 9.3
      vertex 64.5589 50.1136 9.3
    endloop
  endfacet
  facet normal 0 0 1
    outer loop
      vertex 66.7104 48.5504 9.3
      vertex 64.3062 46.1462 9.3
      vertex 64.826 45.5377 9.3
    endloop
  endfacet
  facet normal 0 0 1
    outer loop
      vertex 65.6962 49.4166 9.3
      vertex 63.6977 46.666 9.3
      vertex 64.3062 46.1462 9.3
    endloop
  endfacet
  facet normal 0 0 1
    outer loop
      vertex 63.0154 47.0841 9.3
      vertex 64.5589 50.1136 9.3
      vertex 63.3266 50.624 9.3
    endloop
  endfacet
  facet normal 0 0 1
    outer loop
      vertex 64.5589 50.1136 9.3
      vertex 63.0154 47.0841 9.3
      vertex 63.6977 46.666 9.3
    endloop
  endfacet
  facet normal 0 0 1
    outer loop
      vertex 63.3266 50.624 9.3
      vertex 62.276 47.3904 9.3
      vertex 63.0154 47.0841 9.3
    endloop
  endfacet
  facet normal 0 0 1
    outer loop
      vertex 62.0297 50.9353 9.3
      vertex 62.276 47.3904 9.3
      vertex 63.3266 50.624 9.3
    endloop
  endfacet
  facet normal 0 0 1
    outer loop
      vertex 62.0297 50.9353 9.3
      vertex 61.4978 47.5772 9.3
      vertex 62.276 47.3904 9.3
    endloop
  endfacet
  facet normal 0 0 1
    outer loop
      vertex 60.7 51.04 9.3
      vertex 61.4978 47.5772 9.3
      vertex 62.0297 50.9353 9.3
    endloop
  endfacet
  facet normal 0 0 1
    outer loop
      vertex 60.7 51.04 9.3
      vertex 60.7 47.64 9.3
      vertex 61.4978 47.5772 9.3
    endloop
  endfacet
  facet normal 0 0 1
    outer loop
      vertex 60.7 51.04 9.3
      vertex 59.9022 47.5772 9.3
      vertex 60.7 47.64 9.3
    endloop
  endfacet
  facet normal -0 0 1
    outer loop
      vertex 59.3703 50.9353 9.3
      vertex 59.9022 47.5772 9.3
      vertex 60.7 51.04 9.3
    endloop
  endfacet
  facet normal 0 0 1
    outer loop
      vertex 59.3703 50.9353 9.3
      vertex 59.124 47.3904 9.3
      vertex 59.9022 47.5772 9.3
    endloop
  endfacet
  facet normal -0 0 1
    outer loop
      vertex 58.0734 50.624 9.3
      vertex 59.124 47.3904 9.3
      vertex 59.3703 50.9353 9.3
    endloop
  endfacet
  facet normal 0 0 1
    outer loop
      vertex 59.124 47.3904 9.3
      vertex 58.0734 50.624 9.3
      vertex 58.3846 47.0841 9.3
    endloop
  endfacet
  facet normal -0 0 1
    outer loop
      vertex 56.8411 50.1136 9.3
      vertex 58.3846 47.0841 9.3
      vertex 58.0734 50.624 9.3
    endloop
  endfacet
  facet normal 0 0 1
    outer loop
      vertex 58.3846 47.0841 9.3
      vertex 56.8411 50.1136 9.3
      vertex 57.7023 46.666 9.3
    endloop
  endfacet
  facet normal -0 0 1
    outer loop
      vertex 55.7038 49.4166 9.3
      vertex 57.7023 46.666 9.3
      vertex 56.8411 50.1136 9.3
    endloop
  endfacet
  facet normal 0 0 1
    outer loop
      vertex 57.7023 46.666 9.3
      vertex 55.7038 49.4166 9.3
      vertex 57.0938 46.1462 9.3
    endloop
  endfacet
  facet normal -0 0 1
    outer loop
      vertex 54.6896 48.5504 9.3
      vertex 57.0938 46.1462 9.3
      vertex 55.7038 49.4166 9.3
    endloop
  endfacet
  facet normal 0 0 1
    outer loop
      vertex 57.0938 46.1462 9.3
      vertex 54.6896 48.5504 9.3
      vertex 56.574 45.5377 9.3
    endloop
  endfacet
  facet normal -0 0 1
    outer loop
      vertex 53.8234 47.5362 9.3
      vertex 56.574 45.5377 9.3
      vertex 54.6896 48.5504 9.3
    endloop
  endfacet
  facet normal 0 0 1
    outer loop
      vertex 56.574 45.5377 9.3
      vertex 53.8234 47.5362 9.3
      vertex 56.1559 44.8554 9.3
    endloop
  endfacet
  facet normal -0 0 1
    outer loop
      vertex 53.1264 46.3989 9.3
      vertex 56.1559 44.8554 9.3
      vertex 53.8234 47.5362 9.3
    endloop
  endfacet
  facet normal 0 0 1
    outer loop
      vertex 56.1559 44.8554 9.3
      vertex 53.1264 46.3989 9.3
      vertex 55.8496 44.116 9.3
    endloop
  endfacet
  facet normal -0 0 1
    outer loop
      vertex 65.2441 40.2246 9.3
      vertex 68.2736 38.6811 9.3
      vertex 65.5504 40.964 9.3
    endloop
  endfacet
  facet normal 0 0 1
    outer loop
      vertex 68.2736 38.6811 9.3
      vertex 65.2441 40.2246 9.3
      vertex 67.5766 37.5438 9.3
    endloop
  endfacet
  facet normal -0 0 1
    outer loop
      vertex 64.826 39.5423 9.3
      vertex 67.5766 37.5438 9.3
      vertex 65.2441 40.2246 9.3
    endloop
  endfacet
  facet normal 0 0 1
    outer loop
      vertex 67.5766 37.5438 9.3
      vertex 64.826 39.5423 9.3
      vertex 66.7104 36.5296 9.3
    endloop
  endfacet
  facet normal -0 0 1
    outer loop
      vertex 64.3062 38.9338 9.3
      vertex 66.7104 36.5296 9.3
      vertex 64.826 39.5423 9.3
    endloop
  endfacet
  facet normal 0 0 1
    outer loop
      vertex 66.7104 36.5296 9.3
      vertex 64.3062 38.9338 9.3
      vertex 65.6962 35.6634 9.3
    endloop
  endfacet
  facet normal -0 0 1
    outer loop
      vertex 63.6977 38.414 9.3
      vertex 65.6962 35.6634 9.3
      vertex 64.3062 38.9338 9.3
    endloop
  endfacet
  facet normal 0 0 1
    outer loop
      vertex 65.6962 35.6634 9.3
      vertex 63.6977 38.414 9.3
      vertex 64.5589 34.9664 9.3
    endloop
  endfacet
  facet normal -0 0 1
    outer loop
      vertex 63.0154 37.9959 9.3
      vertex 64.5589 34.9664 9.3
      vertex 63.6977 38.414 9.3
    endloop
  endfacet
  facet normal 0 0 1
    outer loop
      vertex 64.5589 34.9664 9.3
      vertex 63.0154 37.9959 9.3
      vertex 63.3266 34.456 9.3
    endloop
  endfacet
  facet normal -0 0 1
    outer loop
      vertex 62.276 37.6896 9.3
      vertex 63.3266 34.456 9.3
      vertex 63.0154 37.9959 9.3
    endloop
  endfacet
  facet normal 0 0 1
    outer loop
      vertex 62.276 37.6896 9.3
      vertex 62.0297 34.1446 9.3
      vertex 63.3266 34.456 9.3
    endloop
  endfacet
  facet normal -0 0 1
    outer loop
      vertex 61.4978 37.5028 9.3
      vertex 62.0297 34.1446 9.3
      vertex 62.276 37.6896 9.3
    endloop
  endfacet
  facet normal -0 0 1
    outer loop
      vertex 60.7 37.44 9.3
      vertex 62.0297 34.1446 9.3
      vertex 61.4978 37.5028 9.3
    endloop
  endfacet
  facet normal 0 0 1
    outer loop
      vertex 60.7 37.44 9.3
      vertex 60.7 34.04 9.3
      vertex 62.0297 34.1446 9.3
    endloop
  endfacet
  facet normal 0 0 1
    outer loop
      vertex 59.9022 37.5028 9.3
      vertex 60.7 34.04 9.3
      vertex 60.7 37.44 9.3
    endloop
  endfacet
  facet normal 0 0 1
    outer loop
      vertex 59.9022 37.5028 9.3
      vertex 59.3703 34.1446 9.3
      vertex 60.7 34.04 9.3
    endloop
  endfacet
  facet normal 0 0 1
    outer loop
      vertex 59.124 37.6896 9.3
      vertex 59.3703 34.1446 9.3
      vertex 59.9022 37.5028 9.3
    endloop
  endfacet
  facet normal 0 0 1
    outer loop
      vertex 58.0734 34.456 9.3
      vertex 59.124 37.6896 9.3
      vertex 58.3846 37.9959 9.3
    endloop
  endfacet
  facet normal 0 0 1
    outer loop
      vertex 59.124 37.6896 9.3
      vertex 58.0734 34.456 9.3
      vertex 59.3703 34.1446 9.3
    endloop
  endfacet
  facet normal 0 0 1
    outer loop
      vertex 56.8411 34.9664 9.3
      vertex 58.3846 37.9959 9.3
      vertex 57.7023 38.414 9.3
    endloop
  endfacet
  facet normal 0 0 1
    outer loop
      vertex 55.7038 35.6634 9.3
      vertex 57.7023 38.414 9.3
      vertex 57.0938 38.9338 9.3
    endloop
  endfacet
  facet normal 0 0 1
    outer loop
      vertex 58.3846 37.9959 9.3
      vertex 56.8411 34.9664 9.3
      vertex 58.0734 34.456 9.3
    endloop
  endfacet
  facet normal 0 0 1
    outer loop
      vertex 54.6896 36.5296 9.3
      vertex 57.0938 38.9338 9.3
      vertex 56.574 39.5423 9.3
    endloop
  endfacet
  facet normal 0 0 1
    outer loop
      vertex 53.8234 37.5438 9.3
      vertex 56.574 39.5423 9.3
      vertex 56.1559 40.2246 9.3
    endloop
  endfacet
  facet normal 0 0 1
    outer loop
      vertex 53.1264 38.6811 9.3
      vertex 56.1559 40.2246 9.3
      vertex 55.8496 40.964 9.3
    endloop
  endfacet
  facet normal 0 0 1
    outer loop
      vertex 57.7023 38.414 9.3
      vertex 55.7038 35.6634 9.3
      vertex 56.8411 34.9664 9.3
    endloop
  endfacet
  facet normal 0 0 1
    outer loop
      vertex 52.616 39.9134 9.3
      vertex 55.8496 40.964 9.3
      vertex 55.6628 41.7422 9.3
    endloop
  endfacet
  facet normal 0 0 1
    outer loop
      vertex 52.3046 41.2103 9.3
      vertex 55.6628 41.7422 9.3
      vertex 55.6 42.54 9.3
    endloop
  endfacet
  facet normal -0 0 1
    outer loop
      vertex 52.616 45.1666 9.3
      vertex 55.8496 44.116 9.3
      vertex 53.1264 46.3989 9.3
    endloop
  endfacet
  facet normal 0 0 1
    outer loop
      vertex 57.0938 38.9338 9.3
      vertex 54.6896 36.5296 9.3
      vertex 55.7038 35.6634 9.3
    endloop
  endfacet
  facet normal 0 0 1
    outer loop
      vertex 55.8496 44.116 9.3
      vertex 52.616 45.1666 9.3
      vertex 55.6628 43.3378 9.3
    endloop
  endfacet
  facet normal 0 0 1
    outer loop
      vertex 56.574 39.5423 9.3
      vertex 53.8234 37.5438 9.3
      vertex 54.6896 36.5296 9.3
    endloop
  endfacet
  facet normal -0 0 1
    outer loop
      vertex 52.3046 43.8697 9.3
      vertex 55.6628 43.3378 9.3
      vertex 52.616 45.1666 9.3
    endloop
  endfacet
  facet normal 0 0 1
    outer loop
      vertex 56.1559 40.2246 9.3
      vertex 53.1264 38.6811 9.3
      vertex 53.8234 37.5438 9.3
    endloop
  endfacet
  facet normal 0 0 1
    outer loop
      vertex 55.6628 43.3378 9.3
      vertex 52.3046 43.8697 9.3
      vertex 55.6 42.54 9.3
    endloop
  endfacet
  facet normal 0 0 1
    outer loop
      vertex 55.8496 40.964 9.3
      vertex 52.616 39.9134 9.3
      vertex 53.1264 38.6811 9.3
    endloop
  endfacet
  facet normal 0 0 1
    outer loop
      vertex 52.2 42.54 9.3
      vertex 55.6 42.54 9.3
      vertex 52.3046 43.8697 9.3
    endloop
  endfacet
  facet normal 0 0 1
    outer loop
      vertex 55.6628 41.7422 9.3
      vertex 52.3046 41.2103 9.3
      vertex 52.616 39.9134 9.3
    endloop
  endfacet
  facet normal 0 0 1
    outer loop
      vertex 55.6 42.54 9.3
      vertex 52.2 42.54 9.3
      vertex 52.3046 41.2103 9.3
    endloop
  endfacet
  facet normal -0.996917 0.0784587 0
    outer loop
      vertex 52.2 42.54 2.8
      vertex 52.3046 43.8697 9.3
      vertex 52.3046 43.8697 2.8
    endloop
  endfacet
  facet normal -0.996917 0.0784587 0
    outer loop
      vertex 52.3046 43.8697 9.3
      vertex 52.2 42.54 2.8
      vertex 52.2 42.54 9.3
    endloop
  endfacet
  facet normal -0.923879 0.382684 0
    outer loop
      vertex 52.616 45.1666 2.8
      vertex 53.1264 46.3989 9.3
      vertex 53.1264 46.3989 2.8
    endloop
  endfacet
  facet normal -0.923879 0.382684 0
    outer loop
      vertex 53.1264 46.3989 9.3
      vertex 52.616 45.1666 2.8
      vertex 52.616 45.1666 9.3
    endloop
  endfacet
  facet normal -0.649447 0.760407 0
    outer loop
      vertex 55.7038 49.4166 2.8
      vertex 54.6896 48.5504 9.3
      vertex 55.7038 49.4166 9.3
    endloop
  endfacet
  facet normal -0.649447 0.760407 0
    outer loop
      vertex 54.6896 48.5504 9.3
      vertex 55.7038 49.4166 2.8
      vertex 54.6896 48.5504 2.8
    endloop
  endfacet
  facet normal -0.522499 0.85264 0
    outer loop
      vertex 56.8411 50.1136 2.8
      vertex 55.7038 49.4166 9.3
      vertex 56.8411 50.1136 9.3
    endloop
  endfacet
  facet normal -0.522499 0.85264 0
    outer loop
      vertex 55.7038 49.4166 9.3
      vertex 56.8411 50.1136 2.8
      vertex 55.7038 49.4166 2.8
    endloop
  endfacet
  facet normal 0.852642 -0.522496 0
    outer loop
      vertex 67.5766 37.5438 9.3
      vertex 68.2736 38.6811 2.8
      vertex 68.2736 38.6811 9.3
    endloop
  endfacet
  facet normal 0.852642 -0.522496 0
    outer loop
      vertex 68.2736 38.6811 2.8
      vertex 67.5766 37.5438 9.3
      vertex 67.5766 37.5438 2.8
    endloop
  endfacet
  facet normal 0.923878 -0.382687 0
    outer loop
      vertex 68.2736 38.6811 9.3
      vertex 68.784 39.9134 2.8
      vertex 68.784 39.9134 9.3
    endloop
  endfacet
  facet normal 0.923878 -0.382687 0
    outer loop
      vertex 68.784 39.9134 2.8
      vertex 68.2736 38.6811 9.3
      vertex 68.2736 38.6811 2.8
    endloop
  endfacet
  facet normal 0.522497 -0.852641 0
    outer loop
      vertex 64.5589 34.9664 2.8
      vertex 65.6962 35.6634 9.3
      vertex 64.5589 34.9664 9.3
    endloop
  endfacet
  facet normal 0.522497 -0.852641 0
    outer loop
      vertex 65.6962 35.6634 9.3
      vertex 64.5589 34.9664 2.8
      vertex 65.6962 35.6634 2.8
    endloop
  endfacet
  facet normal -0.382683 -0.92388 0
    outer loop
      vertex 56.8411 34.9664 2.8
      vertex 58.0734 34.456 9.3
      vertex 56.8411 34.9664 9.3
    endloop
  endfacet
  facet normal -0.382683 -0.92388 -0
    outer loop
      vertex 58.0734 34.456 9.3
      vertex 56.8411 34.9664 2.8
      vertex 58.0734 34.456 2.8
    endloop
  endfacet
  facet normal -0.923879 -0.382684 0
    outer loop
      vertex 53.1264 38.6811 2.8
      vertex 52.616 39.9134 9.3
      vertex 52.616 39.9134 2.8
    endloop
  endfacet
  facet normal -0.923879 -0.382684 0
    outer loop
      vertex 52.616 39.9134 9.3
      vertex 53.1264 38.6811 2.8
      vertex 53.1264 38.6811 9.3
    endloop
  endfacet
  facet normal -0.85264 -0.522498 0
    outer loop
      vertex 53.8234 37.5438 2.8
      vertex 53.1264 38.6811 9.3
      vertex 53.1264 38.6811 2.8
    endloop
  endfacet
  facet normal -0.85264 -0.522498 0
    outer loop
      vertex 53.1264 38.6811 9.3
      vertex 53.8234 37.5438 2.8
      vertex 53.8234 37.5438 9.3
    endloop
  endfacet
  facet normal 0.649447 -0.760407 0
    outer loop
      vertex 65.6962 35.6634 2.8
      vertex 66.7104 36.5296 9.3
      vertex 65.6962 35.6634 9.3
    endloop
  endfacet
  facet normal 0.649447 -0.760407 0
    outer loop
      vertex 66.7104 36.5296 9.3
      vertex 65.6962 35.6634 2.8
      vertex 66.7104 36.5296 2.8
    endloop
  endfacet
  facet normal -0.760407 -0.649447 0
    outer loop
      vertex 54.6896 36.5296 2.8
      vertex 53.8234 37.5438 9.3
      vertex 53.8234 37.5438 2.8
    endloop
  endfacet
  facet normal -0.760407 -0.649447 0
    outer loop
      vertex 53.8234 37.5438 9.3
      vertex 54.6896 36.5296 2.8
      vertex 54.6896 36.5296 9.3
    endloop
  endfacet
  facet normal -0.233447 -0.972369 0
    outer loop
      vertex 2.76393 0.195786 0
      vertex 3.37427 0.0492554 2.8
      vertex 2.76393 0.195786 2.8
    endloop
  endfacet
  facet normal -0.233447 -0.972369 -0
    outer loop
      vertex 3.37427 0.0492554 2.8
      vertex 2.76393 0.195786 0
      vertex 3.37427 0.0492554 0
    endloop
  endfacet
  facet normal -0.382667 -0.923886 0
    outer loop
      vertex 2.18404 0.435974 0
      vertex 2.76393 0.195786 2.8
      vertex 2.18404 0.435974 2.8
    endloop
  endfacet
  facet normal -0.382667 -0.923886 -0
    outer loop
      vertex 2.76393 0.195786 2.8
      vertex 2.18404 0.435974 0
      vertex 2.76393 0.195786 0
    endloop
  endfacet
  facet normal 0 0 1
    outer loop
      vertex 3.05176e-06 4 2.8
      vertex 2.05001 4 2.8
      vertex 2.05001 25.8 2.8
    endloop
  endfacet
  facet normal 0 -0 1
    outer loop
      vertex 0.0492584 3.37427 2.8
      vertex 2.05001 4 2.8
      vertex 3.05176e-06 4 2.8
    endloop
  endfacet
  facet normal 0 0 1
    outer loop
      vertex 2.05001 4 2.8
      vertex 1.17157 1.17159 2.8
      vertex 1.64887 0.763947 2.8
    endloop
  endfacet
  facet normal 0 0 1
    outer loop
      vertex 2.05001 4 2.8
      vertex 0.763934 1.64886 2.8
      vertex 1.17157 1.17159 2.8
    endloop
  endfacet
  facet normal 0 0 1
    outer loop
      vertex 2.05001 4 2.8
      vertex 0.435977 2.18405 2.8
      vertex 0.763934 1.64886 2.8
    endloop
  endfacet
  facet normal 0 0 1
    outer loop
      vertex 2.05001 4 2.8
      vertex 0.195789 2.76395 2.8
      vertex 0.435977 2.18405 2.8
    endloop
  endfacet
  facet normal 0 0 1
    outer loop
      vertex 3.05176e-06 4 2.8
      vertex 2.05001 25.8 2.8
      vertex 3.05176e-06 25.8 2.8
    endloop
  endfacet
  facet normal 0 0 1
    outer loop
      vertex 2.05001 4 2.8
      vertex 0.0492584 3.37427 2.8
      vertex 0.195789 2.76395 2.8
    endloop
  endfacet
  facet normal 0 0 1
    outer loop
      vertex 7.2 13.0035 2.8
      vertex 7.16946 12.9775 2.8
      vertex 7.2 11.8 2.8
    endloop
  endfacet
  facet normal 0 0 1
    outer loop
      vertex 9.56624 2.61227 2.8
      vertex 10.1398 2.05 2.8
      vertex 10.2476 2.33005 2.8
    endloop
  endfacet
  facet normal 0 0 1
    outer loop
      vertex 9.56624 2.61227 2.8
      vertex 9.42963 2.34415 2.8
      vertex 10.1398 2.05 2.8
    endloop
  endfacet
  facet normal 0 0 1
    outer loop
      vertex 8.9374 2.99763 2.8
      vertex 9.42963 2.34415 2.8
      vertex 9.56624 2.61227 2.8
    endloop
  endfacet
  facet normal 0 0 1
    outer loop
      vertex 8.9374 2.99763 2.8
      vertex 8.76052 2.75418 2.8
      vertex 9.42963 2.34415 2.8
    endloop
  endfacet
  facet normal 0 0 1
    outer loop
      vertex 8.9374 2.99763 2.8
      vertex 8.41416 3.05 2.8
      vertex 8.76052 2.75418 2.8
    endloop
  endfacet
  facet normal 0 0 1
    outer loop
      vertex 8.37659 3.47661 2.8
      vertex 8.41416 3.05 2.8
      vertex 8.9374 2.99763 2.8
    endloop
  endfacet
  facet normal 0 0 1
    outer loop
      vertex 7.89762 4.03741 2.8
      vertex 8.41416 3.05 2.8
      vertex 8.37659 3.47661 2.8
    endloop
  endfacet
  facet normal 0 0 1
    outer loop
      vertex 3.99999 3.05 2.8
      vertex 7.89762 4.03741 2.8
      vertex 7.51226 4.66626 2.8
    endloop
  endfacet
  facet normal 0 0 1
    outer loop
      vertex 5.30891 12.5308 2.8
      vertex 7.51226 8.93376 2.8
      vertex 5.7 12.5 2.8
    endloop
  endfacet
  facet normal 0 0 1
    outer loop
      vertex 7.51226 8.93376 2.8
      vertex 5.30891 12.5308 2.8
      vertex 7.23003 8.25238 2.8
    endloop
  endfacet
  facet normal 0 0 1
    outer loop
      vertex 4.92746 12.6224 2.8
      vertex 7.23003 8.25238 2.8
      vertex 5.30891 12.5308 2.8
    endloop
  endfacet
  facet normal 0 0 1
    outer loop
      vertex 4.56502 12.7725 2.8
      vertex 7.23003 8.25238 2.8
      vertex 4.92746 12.6224 2.8
    endloop
  endfacet
  facet normal 0 0 1
    outer loop
      vertex 7.23003 8.25238 2.8
      vertex 4.56502 12.7725 2.8
      vertex 7.05786 7.53525 2.8
    endloop
  endfacet
  facet normal 0 0 1
    outer loop
      vertex 3.05001 4 2.8
      vertex 7.05786 7.53525 2.8
      vertex 4.56502 12.7725 2.8
    endloop
  endfacet
  facet normal 0 0 1
    outer loop
      vertex 6.99999 6.8 2.8
      vertex 3.05001 4 2.8
      vertex 7.05786 6.06476 2.8
    endloop
  endfacet
  facet normal 0 0 1
    outer loop
      vertex 7.05786 7.53525 2.8
      vertex 3.05001 4 2.8
      vertex 6.99999 6.8 2.8
    endloop
  endfacet
  facet normal 0 0 1
    outer loop
      vertex 3.05001 4 2.8
      vertex 4.56502 12.7725 2.8
      vertex 4.23054 12.9775 2.8
    endloop
  endfacet
  facet normal 0 0 1
    outer loop
      vertex 7.89762 4.03741 2.8
      vertex 3.99999 3.05 2.8
      vertex 8.41416 3.05 2.8
    endloop
  endfacet
  facet normal 0 0 1
    outer loop
      vertex 7.23003 5.34763 2.8
      vertex 3.99999 3.05 2.8
      vertex 7.51226 4.66626 2.8
    endloop
  endfacet
  facet normal 0 0 1
    outer loop
      vertex 7.05786 6.06476 2.8
      vertex 3.05001 4 2.8
      vertex 7.23003 5.34763 2.8
    endloop
  endfacet
  facet normal 0 0 1
    outer loop
      vertex 3.05001 4 2.8
      vertex 4.23054 12.9775 2.8
      vertex 3.93223 13.2322 2.8
    endloop
  endfacet
  facet normal 0 0 1
    outer loop
      vertex 7.23003 5.34763 2.8
      vertex 3.05001 4 2.8
      vertex 3.99999 3.05 2.8
    endloop
  endfacet
  facet normal 0 0 1
    outer loop
      vertex 3.99999 3.05 2.8
      vertex 3.05001 4 2.8
      vertex 3.85138 3.06171 2.8
    endloop
  endfacet
  facet normal 0 0 1
    outer loop
      vertex 3.05001 4 2.8
      vertex 3.93223 13.2322 2.8
      vertex 3.67746 13.5305 2.8
    endloop
  endfacet
  facet normal 0 0 1
    outer loop
      vertex 3.85138 3.06171 2.8
      vertex 3.05001 4 2.8
      vertex 3.70642 3.0965 2.8
    endloop
  endfacet
  facet normal 0 0 1
    outer loop
      vertex 3.05001 4 2.8
      vertex 3.67746 13.5305 2.8
      vertex 3.47248 13.865 2.8
    endloop
  endfacet
  facet normal 0 0 1
    outer loop
      vertex 3.70642 3.0965 2.8
      vertex 3.05001 4 2.8
      vertex 3.56871 3.15355 2.8
    endloop
  endfacet
  facet normal 0 0 1
    outer loop
      vertex 3.56871 3.15355 2.8
      vertex 3.05001 4 2.8
      vertex 3.44161 3.23145 2.8
    endloop
  endfacet
  facet normal 0 0 1
    outer loop
      vertex 3.05001 4 2.8
      vertex 3.47248 13.865 2.8
      vertex 3.32236 14.2275 2.8
    endloop
  endfacet
  facet normal 0 0 1
    outer loop
      vertex 3.44161 3.23145 2.8
      vertex 3.05001 4 2.8
      vertex 3.32825 3.32826 2.8
    endloop
  endfacet
  facet normal 0 0 1
    outer loop
      vertex 3.05001 4 2.8
      vertex 3.32236 14.2275 2.8
      vertex 3.23078 14.6089 2.8
    endloop
  endfacet
  facet normal 0 0 1
    outer loop
      vertex 3.05001 4 2.8
      vertex 3.23078 14.6089 2.8
      vertex 3.2 15 2.8
    endloop
  endfacet
  facet normal 0 0 1
    outer loop
      vertex 3.32825 3.32826 2.8
      vertex 3.05001 4 2.8
      vertex 3.23145 3.4416 2.8
    endloop
  endfacet
  facet normal 0 0 1
    outer loop
      vertex 5.8 33.4 2.8
      vertex 4.05 32.8 2.8
      vertex 5.8 25.2 2.8
    endloop
  endfacet
  facet normal -0 0 1
    outer loop
      vertex 3.05001 33.4 2.8
      vertex 4.05 32.8 2.8
      vertex 5.8 33.4 2.8
    endloop
  endfacet
  facet normal 0 0 1
    outer loop
      vertex 4.05 32.8 2.8
      vertex 3.05001 33.4 2.8
      vertex 3.05001 32.8 2.8
    endloop
  endfacet
  facet normal 0 0 1
    outer loop
      vertex 5.8 35.2 2.8
      vertex 7.2 41.6035 2.8
      vertex 7.16946 41.5775 2.8
    endloop
  endfacet
  facet normal 0 0 1
    outer loop
      vertex 7.2 41.6035 2.8
      vertex 5.8 33.4 2.8
      vertex 7.2 16.9965 2.8
    endloop
  endfacet
  facet normal 0 0 1
    outer loop
      vertex 5.8 35.2 2.8
      vertex 7.16946 41.5775 2.8
      vertex 6.83498 41.3725 2.8
    endloop
  endfacet
  facet normal -0 0 1
    outer loop
      vertex 5.8 25.2 2.8
      vertex 7.2 16.9965 2.8
      vertex 5.8 33.4 2.8
    endloop
  endfacet
  facet normal 0 0 1
    outer loop
      vertex 5.8 35.2 2.8
      vertex 6.83498 41.3725 2.8
      vertex 6.47254 41.2224 2.8
    endloop
  endfacet
  facet normal -0 0 1
    outer loop
      vertex 5.8 23.4 2.8
      vertex 7.2 16.9965 2.8
      vertex 5.8 25.2 2.8
    endloop
  endfacet
  facet normal 0 0 1
    outer loop
      vertex 5.8 35.2 2.8
      vertex 6.47254 41.2224 2.8
      vertex 6.09109 41.1308 2.8
    endloop
  endfacet
  facet normal 0 0 1
    outer loop
      vertex 7.2 16.9965 2.8
      vertex 5.8 23.4 2.8
      vertex 7.16946 17.0225 2.8
    endloop
  endfacet
  facet normal 0 0 1
    outer loop
      vertex 7.2 41.6035 2.8
      vertex 5.8 35.2 2.8
      vertex 5.8 33.4 2.8
    endloop
  endfacet
  facet normal -0 0 1
    outer loop
      vertex 5.7 41.1 2.8
      vertex 5.8 35.2 2.8
      vertex 6.09109 41.1308 2.8
    endloop
  endfacet
  facet normal 0 0 1
    outer loop
      vertex 5.30891 41.1308 2.8
      vertex 5.8 35.2 2.8
      vertex 5.7 41.1 2.8
    endloop
  endfacet
  facet normal 0 0 1
    outer loop
      vertex 3.05001 35.2 2.8
      vertex 5.30891 41.1308 2.8
      vertex 4.92746 41.2224 2.8
    endloop
  endfacet
  facet normal 0 0 1
    outer loop
      vertex 3.05001 35.2 2.8
      vertex 4.92746 41.2224 2.8
      vertex 4.56502 41.3725 2.8
    endloop
  endfacet
  facet normal 0 0 1
    outer loop
      vertex 3.05001 35.2 2.8
      vertex 4.56502 41.3725 2.8
      vertex 4.23054 41.5775 2.8
    endloop
  endfacet
  facet normal 0 0 1
    outer loop
      vertex 3.05001 35.2 2.8
      vertex 4.23054 41.5775 2.8
      vertex 3.93223 41.8322 2.8
    endloop
  endfacet
  facet normal 0 0 1
    outer loop
      vertex 3.05001 35.2 2.8
      vertex 3.93223 41.8322 2.8
      vertex 3.67746 42.1305 2.8
    endloop
  endfacet
  facet normal 0 0 1
    outer loop
      vertex 3.05001 35.2 2.8
      vertex 3.67746 42.1305 2.8
      vertex 3.47248 42.465 2.8
    endloop
  endfacet
  facet normal 0 0 1
    outer loop
      vertex 3.05001 35.2 2.8
      vertex 3.47248 42.465 2.8
      vertex 3.32236 42.8275 2.8
    endloop
  endfacet
  facet normal 0 0 1
    outer loop
      vertex 3.32236 44.3725 2.8
      vertex 3.05001 54 2.8
      vertex 3.23078 43.9911 2.8
    endloop
  endfacet
  facet normal 0 0 1
    outer loop
      vertex 3.05001 54 2.8
      vertex 3.0965 54.2936 2.8
      vertex 3.06171 54.1486 2.8
    endloop
  endfacet
  facet normal 0 0 1
    outer loop
      vertex 3.23078 43.9911 2.8
      vertex 3.05001 54 2.8
      vertex 3.2 43.6 2.8
    endloop
  endfacet
  facet normal 0 0 1
    outer loop
      vertex 5.30891 41.1308 2.8
      vertex 3.05001 35.2 2.8
      vertex 5.8 35.2 2.8
    endloop
  endfacet
  facet normal 0 0 1
    outer loop
      vertex 3.23078 43.2089 2.8
      vertex 3.05001 35.2 2.8
      vertex 3.32236 42.8275 2.8
    endloop
  endfacet
  facet normal 0 0 1
    outer loop
      vertex 3.2 43.6 2.8
      vertex 3.05001 35.2 2.8
      vertex 3.23078 43.2089 2.8
    endloop
  endfacet
  facet normal 0 0 1
    outer loop
      vertex 3.05001 35.2 2.8
      vertex 3.2 43.6 2.8
      vertex 3.05001 54 2.8
    endloop
  endfacet
  facet normal 0 0 1
    outer loop
      vertex 7.16946 17.0225 2.8
      vertex 5.8 23.4 2.8
      vertex 6.83498 17.2275 2.8
    endloop
  endfacet
  facet normal 0 0 1
    outer loop
      vertex 6.83498 17.2275 2.8
      vertex 5.8 23.4 2.8
      vertex 6.47254 17.3776 2.8
    endloop
  endfacet
  facet normal 0 0 1
    outer loop
      vertex 6.47254 17.3776 2.8
      vertex 5.8 23.4 2.8
      vertex 6.09109 17.4692 2.8
    endloop
  endfacet
  facet normal 0 0 1
    outer loop
      vertex 5.8 23.4 2.8
      vertex 5.7 17.5 2.8
      vertex 6.09109 17.4692 2.8
    endloop
  endfacet
  facet normal 0 0 1
    outer loop
      vertex 5.8 23.4 2.8
      vertex 5.30891 17.4692 2.8
      vertex 5.7 17.5 2.8
    endloop
  endfacet
  facet normal -0 0 1
    outer loop
      vertex 3.05001 23.4 2.8
      vertex 5.30891 17.4692 2.8
      vertex 5.8 23.4 2.8
    endloop
  endfacet
  facet normal 0 0 1
    outer loop
      vertex 5.30891 17.4692 2.8
      vertex 3.05001 23.4 2.8
      vertex 4.92746 17.3776 2.8
    endloop
  endfacet
  facet normal 0 0 1
    outer loop
      vertex 4.92746 17.3776 2.8
      vertex 3.05001 23.4 2.8
      vertex 4.56502 17.2275 2.8
    endloop
  endfacet
  facet normal 0 0 1
    outer loop
      vertex 4.56502 17.2275 2.8
      vertex 3.05001 23.4 2.8
      vertex 4.23054 17.0225 2.8
    endloop
  endfacet
  facet normal 0 0 1
    outer loop
      vertex 4.23054 17.0225 2.8
      vertex 3.05001 23.4 2.8
      vertex 3.93223 16.7678 2.8
    endloop
  endfacet
  facet normal 0 0 1
    outer loop
      vertex 3.93223 16.7678 2.8
      vertex 3.05001 23.4 2.8
      vertex 3.67746 16.4695 2.8
    endloop
  endfacet
  facet normal 0 0 1
    outer loop
      vertex 3.67746 16.4695 2.8
      vertex 3.05001 23.4 2.8
      vertex 3.47248 16.135 2.8
    endloop
  endfacet
  facet normal 0 0 1
    outer loop
      vertex 3.23145 3.4416 2.8
      vertex 3.05001 4 2.8
      vertex 3.15355 3.56871 2.8
    endloop
  endfacet
  facet normal 0 0 1
    outer loop
      vertex 3.15355 3.56871 2.8
      vertex 3.05001 4 2.8
      vertex 3.0965 3.70644 2.8
    endloop
  endfacet
  facet normal 0 0 1
    outer loop
      vertex 3.47248 16.135 2.8
      vertex 3.05001 23.4 2.8
      vertex 3.32236 15.7725 2.8
    endloop
  endfacet
  facet normal 0 0 1
    outer loop
      vertex 3.05001 23.4 2.8
      vertex 3.23078 15.3911 2.8
      vertex 3.32236 15.7725 2.8
    endloop
  endfacet
  facet normal 0 0 1
    outer loop
      vertex 3.05001 23.4 2.8
      vertex 3.2 15 2.8
      vertex 3.23078 15.3911 2.8
    endloop
  endfacet
  facet normal 0 0 1
    outer loop
      vertex 3.05001 4 2.8
      vertex 3.2 15 2.8
      vertex 3.05001 23.4 2.8
    endloop
  endfacet
  facet normal 0 0 1
    outer loop
      vertex 3.0965 3.70644 2.8
      vertex 3.05001 4 2.8
      vertex 3.06171 3.85139 2.8
    endloop
  endfacet
  facet normal -0 0 1
    outer loop
      vertex 4.05 25.8 2.8
      vertex 5.8 25.2 2.8
      vertex 4.05 32.8 2.8
    endloop
  endfacet
  facet normal 0 0 1
    outer loop
      vertex 3.05001 25.2 2.8
      vertex 4.05 25.8 2.8
      vertex 3.05001 25.8 2.8
    endloop
  endfacet
  facet normal 0 0 1
    outer loop
      vertex 4.05 25.8 2.8
      vertex 3.05001 25.2 2.8
      vertex 5.8 25.2 2.8
    endloop
  endfacet
  facet normal 0 0 1
    outer loop
      vertex 46.5662 2.61227 2.8
      vertex 47.1398 2.05 2.8
      vertex 47.2476 2.33005 2.8
    endloop
  endfacet
  facet normal 0 0 1
    outer loop
      vertex 46.5662 2.61227 2.8
      vertex 46.4296 2.34415 2.8
      vertex 47.1398 2.05 2.8
    endloop
  endfacet
  facet normal 0 0 1
    outer loop
      vertex 45.9374 2.99763 2.8
      vertex 46.4296 2.34415 2.8
      vertex 46.5662 2.61227 2.8
    endloop
  endfacet
  facet normal 0 0 1
    outer loop
      vertex 45.9374 2.99763 2.8
      vertex 45.7605 2.75418 2.8
      vertex 46.4296 2.34415 2.8
    endloop
  endfacet
  facet normal 0 0 1
    outer loop
      vertex 45.9374 2.99763 2.8
      vertex 45.4142 3.05 2.8
      vertex 45.7605 2.75418 2.8
    endloop
  endfacet
  facet normal 0 0 1
    outer loop
      vertex 45.3766 3.47661 2.8
      vertex 45.4142 3.05 2.8
      vertex 45.9374 2.99763 2.8
    endloop
  endfacet
  facet normal 0 0 1
    outer loop
      vertex 44.8976 4.03741 2.8
      vertex 45.4142 3.05 2.8
      vertex 45.3766 3.47661 2.8
    endloop
  endfacet
  facet normal 0 0 1
    outer loop
      vertex 44.5123 4.66626 2.8
      vertex 45.4142 3.05 2.8
      vertex 44.8976 4.03741 2.8
    endloop
  endfacet
  facet normal -0 0 1
    outer loop
      vertex 16.4 6.8 2.8
      vertex 44.0579 6.06476 2.8
      vertex 44 6.8 2.8
    endloop
  endfacet
  facet normal 0 0 1
    outer loop
      vertex 16.3421 6.06476 2.8
      vertex 44.0579 6.06476 2.8
      vertex 16.4 6.8 2.8
    endloop
  endfacet
  facet normal 0 0 1
    outer loop
      vertex 44.0579 6.06476 2.8
      vertex 16.3421 6.06476 2.8
      vertex 44.23 5.34763 2.8
    endloop
  endfacet
  facet normal 0 0 1
    outer loop
      vertex 16.17 5.34763 2.8
      vertex 44.23 5.34763 2.8
      vertex 16.3421 6.06476 2.8
    endloop
  endfacet
  facet normal 0 0 1
    outer loop
      vertex 44.23 5.34763 2.8
      vertex 16.17 5.34763 2.8
      vertex 44.5123 4.66626 2.8
    endloop
  endfacet
  facet normal 0 0 1
    outer loop
      vertex 15.8877 4.66626 2.8
      vertex 44.5123 4.66626 2.8
      vertex 16.17 5.34763 2.8
    endloop
  endfacet
  facet normal 0 0 1
    outer loop
      vertex 44.5123 4.66626 2.8
      vertex 15.8877 4.66626 2.8
      vertex 45.4142 3.05 2.8
    endloop
  endfacet
  facet normal 0 0 1
    outer loop
      vertex 14.9858 3.05 2.8
      vertex 15.8877 4.66626 2.8
      vertex 15.5024 4.03741 2.8
    endloop
  endfacet
  facet normal 0 0 1
    outer loop
      vertex 14.9858 3.05 2.8
      vertex 15.5024 4.03741 2.8
      vertex 15.0234 3.47661 2.8
    endloop
  endfacet
  facet normal 0 0 1
    outer loop
      vertex 15.8877 4.66626 2.8
      vertex 14.9858 3.05 2.8
      vertex 45.4142 3.05 2.8
    endloop
  endfacet
  facet normal 0 0 1
    outer loop
      vertex 14.4626 2.99763 2.8
      vertex 14.9858 3.05 2.8
      vertex 15.0234 3.47661 2.8
    endloop
  endfacet
  facet normal 0 0 1
    outer loop
      vertex 14.9858 3.05 2.8
      vertex 14.4626 2.99763 2.8
      vertex 14.6395 2.75418 2.8
    endloop
  endfacet
  facet normal 0 0 1
    outer loop
      vertex 14.4626 2.99763 2.8
      vertex 13.9704 2.34415 2.8
      vertex 14.6395 2.75418 2.8
    endloop
  endfacet
  facet normal -0 0 1
    outer loop
      vertex 13.8337 2.61227 2.8
      vertex 13.9704 2.34415 2.8
      vertex 14.4626 2.99763 2.8
    endloop
  endfacet
  facet normal 0 0 1
    outer loop
      vertex 13.8337 2.61227 2.8
      vertex 13.2602 2.05 2.8
      vertex 13.9704 2.34415 2.8
    endloop
  endfacet
  facet normal 0 -0 1
    outer loop
      vertex 13.2602 2.05 2.8
      vertex 13.8337 2.61227 2.8
      vertex 13.1524 2.33005 2.8
    endloop
  endfacet
  facet normal 0 0 1
    outer loop
      vertex 48.053 55.95 2.8
      vertex 47.9648 55.6421 2.8
      vertex 48.7 55.7 2.8
    endloop
  endfacet
  facet normal -0 0 1
    outer loop
      vertex 47.9177 55.9393 2.8
      vertex 47.9648 55.6421 2.8
      vertex 48.053 55.95 2.8
    endloop
  endfacet
  facet normal 0 0 1
    outer loop
      vertex 47.9177 55.9393 2.8
      vertex 47.2476 55.47 2.8
      vertex 47.9648 55.6421 2.8
    endloop
  endfacet
  facet normal -0 0 1
    outer loop
      vertex 47.1546 55.7561 2.8
      vertex 47.2476 55.47 2.8
      vertex 47.9177 55.9393 2.8
    endloop
  endfacet
  facet normal 0 0 1
    outer loop
      vertex 47.1546 55.7561 2.8
      vertex 46.5662 55.1877 2.8
      vertex 47.2476 55.47 2.8
    endloop
  endfacet
  facet normal -0 0 1
    outer loop
      vertex 46.4296 55.4559 2.8
      vertex 46.5662 55.1877 2.8
      vertex 47.1546 55.7561 2.8
    endloop
  endfacet
  facet normal 0 0 1
    outer loop
      vertex 46.4296 55.4559 2.8
      vertex 45.9374 54.8024 2.8
      vertex 46.5662 55.1877 2.8
    endloop
  endfacet
  facet normal -0 0 1
    outer loop
      vertex 45.7605 55.0458 2.8
      vertex 45.9374 54.8024 2.8
      vertex 46.4296 55.4559 2.8
    endloop
  endfacet
  facet normal -0 0 1
    outer loop
      vertex 45.6483 54.95 2.8
      vertex 45.9374 54.8024 2.8
      vertex 45.7605 55.0458 2.8
    endloop
  endfacet
  facet normal 0 0 1
    outer loop
      vertex 45.6483 54.95 2.8
      vertex 45.3766 54.3234 2.8
      vertex 45.9374 54.8024 2.8
    endloop
  endfacet
  facet normal 0 0 1
    outer loop
      vertex 45.6483 54.95 2.8
      vertex 44.8976 53.7626 2.8
      vertex 45.3766 54.3234 2.8
    endloop
  endfacet
  facet normal 0 0 1
    outer loop
      vertex 44.0579 51.7352 2.8
      vertex 30.4 51 2.8
      vertex 44 51 2.8
    endloop
  endfacet
  facet normal 0 0 1
    outer loop
      vertex 30.3421 51.7352 2.8
      vertex 44.0579 51.7352 2.8
      vertex 44.23 52.4524 2.8
    endloop
  endfacet
  facet normal 0 0 1
    outer loop
      vertex 30.17 52.4524 2.8
      vertex 44.23 52.4524 2.8
      vertex 44.5123 53.1337 2.8
    endloop
  endfacet
  facet normal 0 0 1
    outer loop
      vertex 29.8877 53.1337 2.8
      vertex 44.5123 53.1337 2.8
      vertex 44.8976 53.7626 2.8
    endloop
  endfacet
  facet normal 0 0 1
    outer loop
      vertex 29.5024 53.7626 2.8
      vertex 44.8976 53.7626 2.8
      vertex 45.6483 54.95 2.8
    endloop
  endfacet
  facet normal 0 0 1
    outer loop
      vertex 44.0579 51.7352 2.8
      vertex 30.3421 51.7352 2.8
      vertex 30.4 51 2.8
    endloop
  endfacet
  facet normal 0 0 1
    outer loop
      vertex 44.23 52.4524 2.8
      vertex 30.17 52.4524 2.8
      vertex 30.3421 51.7352 2.8
    endloop
  endfacet
  facet normal 0 0 1
    outer loop
      vertex 44.5123 53.1337 2.8
      vertex 29.8877 53.1337 2.8
      vertex 30.17 52.4524 2.8
    endloop
  endfacet
  facet normal 0 0 1
    outer loop
      vertex 44.8976 53.7626 2.8
      vertex 29.5024 53.7626 2.8
      vertex 29.8877 53.1337 2.8
    endloop
  endfacet
  facet normal -0 0 1
    outer loop
      vertex 28.7517 54.95 2.8
      vertex 29.5024 53.7626 2.8
      vertex 45.6483 54.95 2.8
    endloop
  endfacet
  facet normal 0 0 1
    outer loop
      vertex 29.5024 53.7626 2.8
      vertex 28.7517 54.95 2.8
      vertex 29.0234 54.3234 2.8
    endloop
  endfacet
  facet normal 0 0 1
    outer loop
      vertex 28.4626 54.8024 2.8
      vertex 28.7517 54.95 2.8
      vertex 28.6395 55.0458 2.8
    endloop
  endfacet
  facet normal 0 0 1
    outer loop
      vertex 28.7517 54.95 2.8
      vertex 28.4626 54.8024 2.8
      vertex 29.0234 54.3234 2.8
    endloop
  endfacet
  facet normal 0 0 1
    outer loop
      vertex 27.9704 55.4559 2.8
      vertex 28.4626 54.8024 2.8
      vertex 28.6395 55.0458 2.8
    endloop
  endfacet
  facet normal 0 0 1
    outer loop
      vertex 27.9704 55.4559 2.8
      vertex 27.8337 55.1877 2.8
      vertex 28.4626 54.8024 2.8
    endloop
  endfacet
  facet normal 0 0 1
    outer loop
      vertex 27.2454 55.7561 2.8
      vertex 27.8337 55.1877 2.8
      vertex 27.9704 55.4559 2.8
    endloop
  endfacet
  facet normal 0 0 1
    outer loop
      vertex 27.2454 55.7561 2.8
      vertex 27.1524 55.47 2.8
      vertex 27.8337 55.1877 2.8
    endloop
  endfacet
  facet normal 0 0 1
    outer loop
      vertex 26.4823 55.9393 2.8
      vertex 27.1524 55.47 2.8
      vertex 27.2454 55.7561 2.8
    endloop
  endfacet
  facet normal 0 0 1
    outer loop
      vertex 26.4823 55.9393 2.8
      vertex 26.4352 55.6421 2.8
      vertex 27.1524 55.47 2.8
    endloop
  endfacet
  facet normal 0 0 1
    outer loop
      vertex 26.347 55.95 2.8
      vertex 26.4352 55.6421 2.8
      vertex 26.4823 55.9393 2.8
    endloop
  endfacet
  facet normal 0 0 1
    outer loop
      vertex 26.4352 55.6421 2.8
      vertex 26.347 55.95 2.8
      vertex 25.7 55.7 2.8
    endloop
  endfacet
  facet normal 0 0 1
    outer loop
      vertex 47.9648 11.4421 2.8
      vertex 46.7 11.8 2.8
      vertex 47.2476 11.27 2.8
    endloop
  endfacet
  facet normal 0 0 1
    outer loop
      vertex 46.7 11.8 2.8
      vertex 46.5662 10.9877 2.8
      vertex 47.2476 11.27 2.8
    endloop
  endfacet
  facet normal 0 0 1
    outer loop
      vertex 46.7 11.8 2.8
      vertex 45.9374 10.6024 2.8
      vertex 46.5662 10.9877 2.8
    endloop
  endfacet
  facet normal 0 0 1
    outer loop
      vertex 46.7 11.8 2.8
      vertex 45.3766 10.1234 2.8
      vertex 45.9374 10.6024 2.8
    endloop
  endfacet
  facet normal 0 0 1
    outer loop
      vertex 15.0234 10.1234 2.8
      vertex 45.3766 10.1234 2.8
      vertex 46.7 11.8 2.8
    endloop
  endfacet
  facet normal 0 0 1
    outer loop
      vertex 44.0579 7.53525 2.8
      vertex 16.4 6.8 2.8
      vertex 44 6.8 2.8
    endloop
  endfacet
  facet normal 0 0 1
    outer loop
      vertex 16.3421 7.53525 2.8
      vertex 44.0579 7.53525 2.8
      vertex 44.23 8.25238 2.8
    endloop
  endfacet
  facet normal 0 0 1
    outer loop
      vertex 16.17 8.25238 2.8
      vertex 44.23 8.25238 2.8
      vertex 44.5123 8.93376 2.8
    endloop
  endfacet
  facet normal 0 0 1
    outer loop
      vertex 15.8877 8.93376 2.8
      vertex 44.5123 8.93376 2.8
      vertex 44.8976 9.56259 2.8
    endloop
  endfacet
  facet normal 0 0 1
    outer loop
      vertex 45.3766 10.1234 2.8
      vertex 15.0234 10.1234 2.8
      vertex 44.8976 9.56259 2.8
    endloop
  endfacet
  facet normal 0 0 1
    outer loop
      vertex 44.0579 7.53525 2.8
      vertex 16.3421 7.53525 2.8
      vertex 16.4 6.8 2.8
    endloop
  endfacet
  facet normal 0 0 1
    outer loop
      vertex 44.23 8.25238 2.8
      vertex 16.17 8.25238 2.8
      vertex 16.3421 7.53525 2.8
    endloop
  endfacet
  facet normal 0 0 1
    outer loop
      vertex 44.5123 8.93376 2.8
      vertex 15.8877 8.93376 2.8
      vertex 16.17 8.25238 2.8
    endloop
  endfacet
  facet normal 0 0 1
    outer loop
      vertex 44.8976 9.56259 2.8
      vertex 15.5024 9.56259 2.8
      vertex 15.8877 8.93376 2.8
    endloop
  endfacet
  facet normal 0 0 1
    outer loop
      vertex 44.8976 9.56259 2.8
      vertex 15.0234 10.1234 2.8
      vertex 15.5024 9.56259 2.8
    endloop
  endfacet
  facet normal 0 0 1
    outer loop
      vertex 46.7 11.8 2.8
      vertex 14.4626 10.6024 2.8
      vertex 15.0234 10.1234 2.8
    endloop
  endfacet
  facet normal 0 0 1
    outer loop
      vertex 46.7 11.8 2.8
      vertex 13.8337 10.9877 2.8
      vertex 14.4626 10.6024 2.8
    endloop
  endfacet
  facet normal 0 0 1
    outer loop
      vertex 46.7 11.8 2.8
      vertex 13.1524 11.27 2.8
      vertex 13.8337 10.9877 2.8
    endloop
  endfacet
  facet normal 0 0 1
    outer loop
      vertex 46.7 11.8 2.8
      vertex 12.4352 11.4421 2.8
      vertex 13.1524 11.27 2.8
    endloop
  endfacet
  facet normal 0 0 1
    outer loop
      vertex 46.7 11.8 2.8
      vertex 11.7 11.5 2.8
      vertex 12.4352 11.4421 2.8
    endloop
  endfacet
  facet normal -0 0 1
    outer loop
      vertex 7.2 11.8 2.8
      vertex 11.7 11.5 2.8
      vertex 46.7 11.8 2.8
    endloop
  endfacet
  facet normal 0 0 1
    outer loop
      vertex 7.2 11.8 2.8
      vertex 10.9648 11.4421 2.8
      vertex 11.7 11.5 2.8
    endloop
  endfacet
  facet normal 0 0 1
    outer loop
      vertex 7.2 11.8 2.8
      vertex 10.2476 11.27 2.8
      vertex 10.9648 11.4421 2.8
    endloop
  endfacet
  facet normal 0 0 1
    outer loop
      vertex 7.2 11.8 2.8
      vertex 9.56624 10.9877 2.8
      vertex 10.2476 11.27 2.8
    endloop
  endfacet
  facet normal 0 0 1
    outer loop
      vertex 7.2 11.8 2.8
      vertex 8.9374 10.6024 2.8
      vertex 9.56624 10.9877 2.8
    endloop
  endfacet
  facet normal 0 0 1
    outer loop
      vertex 7.2 11.8 2.8
      vertex 8.37659 10.1234 2.8
      vertex 8.9374 10.6024 2.8
    endloop
  endfacet
  facet normal 0 0 1
    outer loop
      vertex 7.2 11.8 2.8
      vertex 7.89762 9.56259 2.8
      vertex 8.37659 10.1234 2.8
    endloop
  endfacet
  facet normal 0 0 1
    outer loop
      vertex 7.2 11.8 2.8
      vertex 7.51226 8.93376 2.8
      vertex 7.89762 9.56259 2.8
    endloop
  endfacet
  facet normal -0 0 1
    outer loop
      vertex 6.09109 12.5308 2.8
      vertex 7.2 11.8 2.8
      vertex 6.47254 12.6224 2.8
    endloop
  endfacet
  facet normal -0 0 1
    outer loop
      vertex 6.83498 12.7725 2.8
      vertex 7.2 11.8 2.8
      vertex 7.16946 12.9775 2.8
    endloop
  endfacet
  facet normal -0 0 1
    outer loop
      vertex 6.47254 12.6224 2.8
      vertex 7.2 11.8 2.8
      vertex 6.83498 12.7725 2.8
    endloop
  endfacet
  facet normal -0 0 1
    outer loop
      vertex 5.7 12.5 2.8
      vertex 7.2 11.8 2.8
      vertex 6.09109 12.5308 2.8
    endloop
  endfacet
  facet normal 0 0 1
    outer loop
      vertex 7.2 11.8 2.8
      vertex 5.7 12.5 2.8
      vertex 7.51226 8.93376 2.8
    endloop
  endfacet
  facet normal 0 0 1
    outer loop
      vertex 25.053 55.95 2.8
      vertex 24.9648 55.6421 2.8
      vertex 25.7 55.7 2.8
    endloop
  endfacet
  facet normal -0 0 1
    outer loop
      vertex 24.9177 55.9393 2.8
      vertex 24.9648 55.6421 2.8
      vertex 25.053 55.95 2.8
    endloop
  endfacet
  facet normal 0 0 1
    outer loop
      vertex 24.9177 55.9393 2.8
      vertex 24.2476 55.47 2.8
      vertex 24.9648 55.6421 2.8
    endloop
  endfacet
  facet normal -0 0 1
    outer loop
      vertex 24.1546 55.7561 2.8
      vertex 24.2476 55.47 2.8
      vertex 24.9177 55.9393 2.8
    endloop
  endfacet
  facet normal 0 0 1
    outer loop
      vertex 24.1546 55.7561 2.8
      vertex 23.5662 55.1877 2.8
      vertex 24.2476 55.47 2.8
    endloop
  endfacet
  facet normal -0 0 1
    outer loop
      vertex 23.4296 55.4559 2.8
      vertex 23.5662 55.1877 2.8
      vertex 24.1546 55.7561 2.8
    endloop
  endfacet
  facet normal 0 0 1
    outer loop
      vertex 23.4296 55.4559 2.8
      vertex 22.9374 54.8024 2.8
      vertex 23.5662 55.1877 2.8
    endloop
  endfacet
  facet normal -0 0 1
    outer loop
      vertex 22.7605 55.0458 2.8
      vertex 22.9374 54.8024 2.8
      vertex 23.4296 55.4559 2.8
    endloop
  endfacet
  facet normal -0 0 1
    outer loop
      vertex 22.6483 54.95 2.8
      vertex 22.9374 54.8024 2.8
      vertex 22.7605 55.0458 2.8
    endloop
  endfacet
  facet normal 0 0 1
    outer loop
      vertex 22.6483 54.95 2.8
      vertex 22.3766 54.3234 2.8
      vertex 22.9374 54.8024 2.8
    endloop
  endfacet
  facet normal 0 0 1
    outer loop
      vertex 22.6483 54.95 2.8
      vertex 21.8976 53.7626 2.8
      vertex 22.3766 54.3234 2.8
    endloop
  endfacet
  facet normal 0 0 1
    outer loop
      vertex 7.16946 45.6225 2.8
      vertex 21 51 2.8
      vertex 21.0579 51.7352 2.8
    endloop
  endfacet
  facet normal 0 0 1
    outer loop
      vertex 3.99999 54.95 2.8
      vertex 21.0579 51.7352 2.8
      vertex 21.23 52.4524 2.8
    endloop
  endfacet
  facet normal 0 0 1
    outer loop
      vertex 3.99999 54.95 2.8
      vertex 21.23 52.4524 2.8
      vertex 21.5123 53.1337 2.8
    endloop
  endfacet
  facet normal 0 0 1
    outer loop
      vertex 3.99999 54.95 2.8
      vertex 21.5123 53.1337 2.8
      vertex 21.8976 53.7626 2.8
    endloop
  endfacet
  facet normal -0 0 1
    outer loop
      vertex 3.99999 54.95 2.8
      vertex 21.8976 53.7626 2.8
      vertex 22.6483 54.95 2.8
    endloop
  endfacet
  facet normal 0 0 1
    outer loop
      vertex 21 51 2.8
      vertex 7.72254 45.0695 2.8
      vertex 7.88767 44.8 2.8
    endloop
  endfacet
  facet normal 0 0 1
    outer loop
      vertex 21 51 2.8
      vertex 7.46777 45.3678 2.8
      vertex 7.72254 45.0695 2.8
    endloop
  endfacet
  facet normal 0 0 1
    outer loop
      vertex 21 51 2.8
      vertex 7.16946 45.6225 2.8
      vertex 7.46777 45.3678 2.8
    endloop
  endfacet
  facet normal 0 0 1
    outer loop
      vertex 21.0579 51.7352 2.8
      vertex 3.99999 54.95 2.8
      vertex 7.16946 45.6225 2.8
    endloop
  endfacet
  facet normal 0 0 1
    outer loop
      vertex 7.16946 45.6225 2.8
      vertex 3.99999 54.95 2.8
      vertex 6.83498 45.8275 2.8
    endloop
  endfacet
  facet normal 0 0 1
    outer loop
      vertex 6.83498 45.8275 2.8
      vertex 3.99999 54.95 2.8
      vertex 6.47254 45.9776 2.8
    endloop
  endfacet
  facet normal 0 0 1
    outer loop
      vertex 6.47254 45.9776 2.8
      vertex 3.99999 54.95 2.8
      vertex 6.09109 46.0692 2.8
    endloop
  endfacet
  facet normal 0 0 1
    outer loop
      vertex 3.05001 54 2.8
      vertex 3.99999 54.95 2.8
      vertex 3.0965 54.2936 2.8
    endloop
  endfacet
  facet normal 0 0 1
    outer loop
      vertex 3.0965 54.2936 2.8
      vertex 3.99999 54.95 2.8
      vertex 3.15355 54.4313 2.8
    endloop
  endfacet
  facet normal 0 0 1
    outer loop
      vertex 3.99999 54.95 2.8
      vertex 3.05001 54 2.8
      vertex 6.09109 46.0692 2.8
    endloop
  endfacet
  facet normal 0 0 1
    outer loop
      vertex 6.09109 46.0692 2.8
      vertex 3.05001 54 2.8
      vertex 5.7 46.1 2.8
    endloop
  endfacet
  facet normal 0 0 1
    outer loop
      vertex 5.7 46.1 2.8
      vertex 3.05001 54 2.8
      vertex 5.30891 46.0692 2.8
    endloop
  endfacet
  facet normal 0 0 1
    outer loop
      vertex 5.30891 46.0692 2.8
      vertex 3.05001 54 2.8
      vertex 4.92746 45.9776 2.8
    endloop
  endfacet
  facet normal 0 0 1
    outer loop
      vertex 3.15355 54.4313 2.8
      vertex 3.99999 54.95 2.8
      vertex 3.85138 54.9383 2.8
    endloop
  endfacet
  facet normal 0 0 1
    outer loop
      vertex 3.15355 54.4313 2.8
      vertex 3.85138 54.9383 2.8
      vertex 3.70642 54.9035 2.8
    endloop
  endfacet
  facet normal 0 0 1
    outer loop
      vertex 4.92746 45.9776 2.8
      vertex 3.05001 54 2.8
      vertex 4.56502 45.8275 2.8
    endloop
  endfacet
  facet normal 0 0 1
    outer loop
      vertex 3.15355 54.4313 2.8
      vertex 3.70642 54.9035 2.8
      vertex 3.56871 54.8465 2.8
    endloop
  endfacet
  facet normal 0 0 1
    outer loop
      vertex 4.56502 45.8275 2.8
      vertex 3.05001 54 2.8
      vertex 4.23054 45.6225 2.8
    endloop
  endfacet
  facet normal 0 0 1
    outer loop
      vertex 3.15355 54.4313 2.8
      vertex 3.56871 54.8465 2.8
      vertex 3.44161 54.7686 2.8
    endloop
  endfacet
  facet normal 0 0 1
    outer loop
      vertex 3.15355 54.4313 2.8
      vertex 3.44161 54.7686 2.8
      vertex 3.32825 54.6717 2.8
    endloop
  endfacet
  facet normal 0 0 1
    outer loop
      vertex 4.23054 45.6225 2.8
      vertex 3.05001 54 2.8
      vertex 3.93223 45.3678 2.8
    endloop
  endfacet
  facet normal 0 0 1
    outer loop
      vertex 3.15355 54.4313 2.8
      vertex 3.32825 54.6717 2.8
      vertex 3.23145 54.5584 2.8
    endloop
  endfacet
  facet normal 0 0 1
    outer loop
      vertex 3.93223 45.3678 2.8
      vertex 3.05001 54 2.8
      vertex 3.67746 45.0695 2.8
    endloop
  endfacet
  facet normal 0 0 1
    outer loop
      vertex 3.67746 45.0695 2.8
      vertex 3.05001 54 2.8
      vertex 3.47248 44.735 2.8
    endloop
  endfacet
  facet normal 0 0 1
    outer loop
      vertex 3.47248 44.735 2.8
      vertex 3.05001 54 2.8
      vertex 3.32236 44.3725 2.8
    endloop
  endfacet
  facet normal 0 0 1
    outer loop
      vertex 85.65 54 2.8
      vertex 87.7 54 2.8
      vertex 87.6507 54.6257 2.8
    endloop
  endfacet
  facet normal 0 0 1
    outer loop
      vertex 87.7 54 2.8
      vertex 85.65 54 2.8
      vertex 87.7 4 2.8
    endloop
  endfacet
  facet normal 0 0 1
    outer loop
      vertex 85.626 54.305 2.8
      vertex 87.6507 54.6257 2.8
      vertex 87.5042 55.2361 2.8
    endloop
  endfacet
  facet normal 0 0 1
    outer loop
      vertex 85.65 4 2.8
      vertex 87.7 4 2.8
      vertex 85.65 54 2.8
    endloop
  endfacet
  facet normal 0 0 1
    outer loop
      vertex 85.5546 54.6026 2.8
      vertex 87.5042 55.2361 2.8
      vertex 87.264 55.8159 2.8
    endloop
  endfacet
  facet normal 0 0 1
    outer loop
      vertex 87.7 4 2.8
      vertex 85.65 4 2.8
      vertex 87.6507 3.37427 2.8
    endloop
  endfacet
  facet normal 0 0 1
    outer loop
      vertex 85.4375 54.8853 2.8
      vertex 87.264 55.8159 2.8
      vertex 86.9361 56.3511 2.8
    endloop
  endfacet
  facet normal -0 0 1
    outer loop
      vertex 85.626 3.69496 2.8
      vertex 87.6507 3.37427 2.8
      vertex 85.65 4 2.8
    endloop
  endfacet
  facet normal 0 0 1
    outer loop
      vertex 85.2776 55.1462 2.8
      vertex 86.9361 56.3511 2.8
      vertex 86.5284 56.8284 2.8
    endloop
  endfacet
  facet normal 0 0 1
    outer loop
      vertex 87.6507 3.37427 2.8
      vertex 85.626 3.69496 2.8
      vertex 87.5042 2.76395 2.8
    endloop
  endfacet
  facet normal 0 0 1
    outer loop
      vertex 85.0788 55.3788 2.8
      vertex 86.5284 56.8284 2.8
      vertex 86.0511 57.2361 2.8
    endloop
  endfacet
  facet normal -0 0 1
    outer loop
      vertex 85.5546 3.39743 2.8
      vertex 87.5042 2.76395 2.8
      vertex 85.626 3.69496 2.8
    endloop
  endfacet
  facet normal 0 0 1
    outer loop
      vertex 87.5042 2.76395 2.8
      vertex 85.5546 3.39743 2.8
      vertex 87.264 2.18405 2.8
    endloop
  endfacet
  facet normal 0 0 1
    outer loop
      vertex 87.6507 54.6257 2.8
      vertex 85.626 54.305 2.8
      vertex 85.65 54 2.8
    endloop
  endfacet
  facet normal 0 0 1
    outer loop
      vertex 87.5042 55.2361 2.8
      vertex 85.5546 54.6026 2.8
      vertex 85.626 54.305 2.8
    endloop
  endfacet
  facet normal 0 0 1
    outer loop
      vertex 84.8462 55.5776 2.8
      vertex 86.0511 57.2361 2.8
      vertex 85.5159 57.564 2.8
    endloop
  endfacet
  facet normal 0 0 1
    outer loop
      vertex 87.264 55.8159 2.8
      vertex 85.4375 54.8853 2.8
      vertex 85.5546 54.6026 2.8
    endloop
  endfacet
  facet normal 0 0 1
    outer loop
      vertex 86.9361 56.3511 2.8
      vertex 85.2776 55.1462 2.8
      vertex 85.4375 54.8853 2.8
    endloop
  endfacet
  facet normal 0 0 1
    outer loop
      vertex 86.5284 56.8284 2.8
      vertex 85.0788 55.3788 2.8
      vertex 85.2776 55.1462 2.8
    endloop
  endfacet
  facet normal 0 0 1
    outer loop
      vertex 84.5853 55.7375 2.8
      vertex 85.5159 57.564 2.8
      vertex 84.9361 57.8042 2.8
    endloop
  endfacet
  facet normal 0 0 1
    outer loop
      vertex 86.0511 57.2361 2.8
      vertex 84.8462 55.5776 2.8
      vertex 85.0788 55.3788 2.8
    endloop
  endfacet
  facet normal 0 0 1
    outer loop
      vertex 85.5159 57.564 2.8
      vertex 84.5853 55.7375 2.8
      vertex 84.8462 55.5776 2.8
    endloop
  endfacet
  facet normal 0 0 1
    outer loop
      vertex 84.3026 55.8546 2.8
      vertex 84.9361 57.8042 2.8
      vertex 84.3257 57.9507 2.8
    endloop
  endfacet
  facet normal 0 0 1
    outer loop
      vertex 84.9361 57.8042 2.8
      vertex 84.3026 55.8546 2.8
      vertex 84.5853 55.7375 2.8
    endloop
  endfacet
  facet normal 0 0 1
    outer loop
      vertex 84.3257 57.9507 2.8
      vertex 84.005 55.926 2.8
      vertex 84.3026 55.8546 2.8
    endloop
  endfacet
  facet normal 0 0 1
    outer loop
      vertex 83.7 58 2.8
      vertex 84.005 55.926 2.8
      vertex 84.3257 57.9507 2.8
    endloop
  endfacet
  facet normal 0 0 1
    outer loop
      vertex 83.7 58 2.8
      vertex 83.7 55.95 2.8
      vertex 84.005 55.926 2.8
    endloop
  endfacet
  facet normal 0 0 1
    outer loop
      vertex 83.7 58 2.8
      vertex 49.347 55.95 2.8
      vertex 83.7 55.95 2.8
    endloop
  endfacet
  facet normal 0 0 1
    outer loop
      vertex 49.347 55.95 2.8
      vertex 48.053 55.95 2.8
      vertex 48.7 55.7 2.8
    endloop
  endfacet
  facet normal 0 0 1
    outer loop
      vertex 83.7 58 2.8
      vertex 48.053 55.95 2.8
      vertex 49.347 55.95 2.8
    endloop
  endfacet
  facet normal -0 0 1
    outer loop
      vertex 3.99999 58 2.8
      vertex 48.053 55.95 2.8
      vertex 83.7 58 2.8
    endloop
  endfacet
  facet normal 0 0 1
    outer loop
      vertex 26.347 55.95 2.8
      vertex 25.053 55.95 2.8
      vertex 25.7 55.7 2.8
    endloop
  endfacet
  facet normal 0 0 1
    outer loop
      vertex 48.053 55.95 2.8
      vertex 3.99999 58 2.8
      vertex 26.347 55.95 2.8
    endloop
  endfacet
  facet normal 0 0 1
    outer loop
      vertex 26.347 55.95 2.8
      vertex 3.99999 58 2.8
      vertex 25.053 55.95 2.8
    endloop
  endfacet
  facet normal 0 0 1
    outer loop
      vertex 3.99999 58 2.8
      vertex 3.99999 55.95 2.8
      vertex 25.053 55.95 2.8
    endloop
  endfacet
  facet normal 0 0 1
    outer loop
      vertex 3.99999 58 2.8
      vertex 3.69496 55.926 2.8
      vertex 3.99999 55.95 2.8
    endloop
  endfacet
  facet normal -0 0 1
    outer loop
      vertex 3.37427 57.9507 2.8
      vertex 3.69496 55.926 2.8
      vertex 3.99999 58 2.8
    endloop
  endfacet
  facet normal 0 0 1
    outer loop
      vertex 3.69496 55.926 2.8
      vertex 3.37427 57.9507 2.8
      vertex 3.39742 55.8546 2.8
    endloop
  endfacet
  facet normal -0 0 1
    outer loop
      vertex 2.76393 57.8042 2.8
      vertex 3.39742 55.8546 2.8
      vertex 3.37427 57.9507 2.8
    endloop
  endfacet
  facet normal 0 0 1
    outer loop
      vertex 3.39742 55.8546 2.8
      vertex 2.76393 57.8042 2.8
      vertex 3.11472 55.7375 2.8
    endloop
  endfacet
  facet normal -0 0 1
    outer loop
      vertex 2.18404 57.564 2.8
      vertex 3.11472 55.7375 2.8
      vertex 2.76393 57.8042 2.8
    endloop
  endfacet
  facet normal 0 0 1
    outer loop
      vertex 3.11472 55.7375 2.8
      vertex 2.18404 57.564 2.8
      vertex 2.85382 55.5776 2.8
    endloop
  endfacet
  facet normal -0 0 1
    outer loop
      vertex 1.64887 57.2361 2.8
      vertex 2.85382 55.5776 2.8
      vertex 2.18404 57.564 2.8
    endloop
  endfacet
  facet normal 0 0 1
    outer loop
      vertex 2.85382 55.5776 2.8
      vertex 1.64887 57.2361 2.8
      vertex 2.62114 55.3788 2.8
    endloop
  endfacet
  facet normal -0 0 1
    outer loop
      vertex 1.17157 56.8284 2.8
      vertex 2.62114 55.3788 2.8
      vertex 1.64887 57.2361 2.8
    endloop
  endfacet
  facet normal 0 0 1
    outer loop
      vertex 2.62114 55.3788 2.8
      vertex 1.17157 56.8284 2.8
      vertex 2.42243 55.1462 2.8
    endloop
  endfacet
  facet normal -0 0 1
    outer loop
      vertex 0.763934 56.3511 2.8
      vertex 2.42243 55.1462 2.8
      vertex 1.17157 56.8284 2.8
    endloop
  endfacet
  facet normal 0 0 1
    outer loop
      vertex 2.42243 55.1462 2.8
      vertex 0.763934 56.3511 2.8
      vertex 2.26255 54.8853 2.8
    endloop
  endfacet
  facet normal -0 0 1
    outer loop
      vertex 0.435977 55.8159 2.8
      vertex 2.26255 54.8853 2.8
      vertex 0.763934 56.3511 2.8
    endloop
  endfacet
  facet normal 0 0 1
    outer loop
      vertex 2.26255 54.8853 2.8
      vertex 0.435977 55.8159 2.8
      vertex 2.14545 54.6026 2.8
    endloop
  endfacet
  facet normal -0 0 1
    outer loop
      vertex 0.195789 55.2361 2.8
      vertex 2.14545 54.6026 2.8
      vertex 0.435977 55.8159 2.8
    endloop
  endfacet
  facet normal 0 0 1
    outer loop
      vertex 2.14545 54.6026 2.8
      vertex 0.195789 55.2361 2.8
      vertex 2.07401 54.305 2.8
    endloop
  endfacet
  facet normal -0 0 1
    outer loop
      vertex 0.0492584 54.6257 2.8
      vertex 2.07401 54.305 2.8
      vertex 0.195789 55.2361 2.8
    endloop
  endfacet
  facet normal 0 0 1
    outer loop
      vertex 2.07401 54.305 2.8
      vertex 0.0492584 54.6257 2.8
      vertex 2.05001 54 2.8
    endloop
  endfacet
  facet normal 0 0 1
    outer loop
      vertex 2.05001 54 2.8
      vertex 0.0492584 54.6257 2.8
      vertex 3.05176e-06 54 2.8
    endloop
  endfacet
  facet normal 0 0 1
    outer loop
      vertex 2.05001 54 2.8
      vertex 3.05176e-06 54 2.8
      vertex 2.05001 32.8 2.8
    endloop
  endfacet
  facet normal 0 0 1
    outer loop
      vertex 2.05001 32.8 2.8
      vertex 3.05176e-06 54 2.8
      vertex 3.05176e-06 32.8 2.8
    endloop
  endfacet
  facet normal -0 0 1
    outer loop
      vertex 85.4375 3.11473 2.8
      vertex 87.264 2.18405 2.8
      vertex 85.5546 3.39743 2.8
    endloop
  endfacet
  facet normal 0 0 1
    outer loop
      vertex 87.264 2.18405 2.8
      vertex 85.4375 3.11473 2.8
      vertex 86.9361 1.64886 2.8
    endloop
  endfacet
  facet normal -0 0 1
    outer loop
      vertex 85.2776 2.85382 2.8
      vertex 86.9361 1.64886 2.8
      vertex 85.4375 3.11473 2.8
    endloop
  endfacet
  facet normal 0 0 1
    outer loop
      vertex 86.9361 1.64886 2.8
      vertex 85.2776 2.85382 2.8
      vertex 86.5284 1.17159 2.8
    endloop
  endfacet
  facet normal -0 0 1
    outer loop
      vertex 85.0788 2.62115 2.8
      vertex 86.5284 1.17159 2.8
      vertex 85.2776 2.85382 2.8
    endloop
  endfacet
  facet normal 0 0 1
    outer loop
      vertex 86.5284 1.17159 2.8
      vertex 85.0788 2.62115 2.8
      vertex 86.0511 0.763947 2.8
    endloop
  endfacet
  facet normal -0 0 1
    outer loop
      vertex 84.8462 2.42242 2.8
      vertex 86.0511 0.763947 2.8
      vertex 85.0788 2.62115 2.8
    endloop
  endfacet
  facet normal 0 0 1
    outer loop
      vertex 86.0511 0.763947 2.8
      vertex 84.8462 2.42242 2.8
      vertex 85.5159 0.435974 2.8
    endloop
  endfacet
  facet normal -0 0 1
    outer loop
      vertex 84.5853 2.26254 2.8
      vertex 85.5159 0.435974 2.8
      vertex 84.8462 2.42242 2.8
    endloop
  endfacet
  facet normal 0 0 1
    outer loop
      vertex 85.5159 0.435974 2.8
      vertex 84.5853 2.26254 2.8
      vertex 84.9361 0.195786 2.8
    endloop
  endfacet
  facet normal -0 0 1
    outer loop
      vertex 84.3026 2.14545 2.8
      vertex 84.9361 0.195786 2.8
      vertex 84.5853 2.26254 2.8
    endloop
  endfacet
  facet normal 0 0 1
    outer loop
      vertex 84.9361 0.195786 2.8
      vertex 84.3026 2.14545 2.8
      vertex 84.3257 0.0492554 2.8
    endloop
  endfacet
  facet normal -0 0 1
    outer loop
      vertex 84.005 2.07402 2.8
      vertex 84.3257 0.0492554 2.8
      vertex 84.3026 2.14545 2.8
    endloop
  endfacet
  facet normal -0 0 1
    outer loop
      vertex 83.7 2.05 2.8
      vertex 84.3257 0.0492554 2.8
      vertex 84.005 2.07402 2.8
    endloop
  endfacet
  facet normal 0 0 1
    outer loop
      vertex 83.7 2.05 2.8
      vertex 83.7 0 2.8
      vertex 84.3257 0.0492554 2.8
    endloop
  endfacet
  facet normal -0 0 1
    outer loop
      vertex 50.2602 2.05 2.8
      vertex 83.7 0 2.8
      vertex 83.7 2.05 2.8
    endloop
  endfacet
  facet normal -0 0 1
    outer loop
      vertex 49.4352 2.15787 2.8
      vertex 50.2602 2.05 2.8
      vertex 50.1524 2.33005 2.8
    endloop
  endfacet
  facet normal -0 0 1
    outer loop
      vertex 48.7 2.10001 2.8
      vertex 50.2602 2.05 2.8
      vertex 49.4352 2.15787 2.8
    endloop
  endfacet
  facet normal 0 0 1
    outer loop
      vertex 47.1398 2.05 2.8
      vertex 50.2602 2.05 2.8
      vertex 48.7 2.10001 2.8
    endloop
  endfacet
  facet normal 0 0 1
    outer loop
      vertex 47.1398 2.05 2.8
      vertex 47.9648 2.15787 2.8
      vertex 47.2476 2.33005 2.8
    endloop
  endfacet
  facet normal 0 0 1
    outer loop
      vertex 47.1398 2.05 2.8
      vertex 48.7 2.10001 2.8
      vertex 47.9648 2.15787 2.8
    endloop
  endfacet
  facet normal 0 0 1
    outer loop
      vertex 50.2602 2.05 2.8
      vertex 47.1398 2.05 2.8
      vertex 83.7 0 2.8
    endloop
  endfacet
  facet normal 0 0 1
    outer loop
      vertex 3.99999 0 2.8
      vertex 47.1398 2.05 2.8
      vertex 13.2602 2.05 2.8
    endloop
  endfacet
  facet normal -0 0 1
    outer loop
      vertex 12.4352 2.15787 2.8
      vertex 13.2602 2.05 2.8
      vertex 13.1524 2.33005 2.8
    endloop
  endfacet
  facet normal -0 0 1
    outer loop
      vertex 11.7 2.10001 2.8
      vertex 13.2602 2.05 2.8
      vertex 12.4352 2.15787 2.8
    endloop
  endfacet
  facet normal 0 0 1
    outer loop
      vertex 10.1398 2.05 2.8
      vertex 10.9648 2.15787 2.8
      vertex 10.2476 2.33005 2.8
    endloop
  endfacet
  facet normal 0 0 1
    outer loop
      vertex 10.1398 2.05 2.8
      vertex 11.7 2.10001 2.8
      vertex 10.9648 2.15787 2.8
    endloop
  endfacet
  facet normal 0 0 1
    outer loop
      vertex 3.99999 0 2.8
      vertex 11.7 2.10001 2.8
      vertex 10.1398 2.05 2.8
    endloop
  endfacet
  facet normal 0 0 1
    outer loop
      vertex 11.7 2.10001 2.8
      vertex 3.99999 0 2.8
      vertex 13.2602 2.05 2.8
    endloop
  endfacet
  facet normal 0 0 1
    outer loop
      vertex 3.99999 0 2.8
      vertex 10.1398 2.05 2.8
      vertex 3.99999 2.05 2.8
    endloop
  endfacet
  facet normal 0 0 1
    outer loop
      vertex 47.1398 2.05 2.8
      vertex 3.99999 0 2.8
      vertex 83.7 0 2.8
    endloop
  endfacet
  facet normal 0 0 1
    outer loop
      vertex 3.69496 2.07402 2.8
      vertex 3.99999 0 2.8
      vertex 3.99999 2.05 2.8
    endloop
  endfacet
  facet normal 0 0 1
    outer loop
      vertex 3.37427 0.0492554 2.8
      vertex 3.69496 2.07402 2.8
      vertex 3.39742 2.14545 2.8
    endloop
  endfacet
  facet normal 0 0 1
    outer loop
      vertex 3.69496 2.07402 2.8
      vertex 3.37427 0.0492554 2.8
      vertex 3.99999 0 2.8
    endloop
  endfacet
  facet normal 0 0 1
    outer loop
      vertex 2.76393 0.195786 2.8
      vertex 3.39742 2.14545 2.8
      vertex 3.11472 2.26254 2.8
    endloop
  endfacet
  facet normal 0 0 1
    outer loop
      vertex 2.18404 0.435974 2.8
      vertex 3.11472 2.26254 2.8
      vertex 2.85382 2.42242 2.8
    endloop
  endfacet
  facet normal 0 0 1
    outer loop
      vertex 3.39742 2.14545 2.8
      vertex 2.76393 0.195786 2.8
      vertex 3.37427 0.0492554 2.8
    endloop
  endfacet
  facet normal 0 0 1
    outer loop
      vertex 1.64887 0.763947 2.8
      vertex 2.85382 2.42242 2.8
      vertex 2.62114 2.62115 2.8
    endloop
  endfacet
  facet normal 0 0 1
    outer loop
      vertex 1.64887 0.763947 2.8
      vertex 2.62114 2.62115 2.8
      vertex 2.42243 2.85382 2.8
    endloop
  endfacet
  facet normal 0 0 1
    outer loop
      vertex 1.64887 0.763947 2.8
      vertex 2.42243 2.85382 2.8
      vertex 2.26255 3.11473 2.8
    endloop
  endfacet
  facet normal 0 0 1
    outer loop
      vertex 3.11472 2.26254 2.8
      vertex 2.18404 0.435974 2.8
      vertex 2.76393 0.195786 2.8
    endloop
  endfacet
  facet normal 0 0 1
    outer loop
      vertex 1.64887 0.763947 2.8
      vertex 2.26255 3.11473 2.8
      vertex 2.14545 3.39743 2.8
    endloop
  endfacet
  facet normal 0 0 1
    outer loop
      vertex 1.64887 0.763947 2.8
      vertex 2.14545 3.39743 2.8
      vertex 2.07401 3.69496 2.8
    endloop
  endfacet
  facet normal 0 0 1
    outer loop
      vertex 1.64887 0.763947 2.8
      vertex 2.07401 3.69496 2.8
      vertex 2.05001 4 2.8
    endloop
  endfacet
  facet normal 0 0 1
    outer loop
      vertex 2.85382 2.42242 2.8
      vertex 1.64887 0.763947 2.8
      vertex 2.18404 0.435974 2.8
    endloop
  endfacet
  facet normal 0 0 1
    outer loop
      vertex 55.7038 9.18336 2.8
      vertex 53.3421 7.53525 2.8
      vertex 53.4 6.8 2.8
    endloop
  endfacet
  facet normal 0 0 1
    outer loop
      vertex 54.6896 10.0496 2.8
      vertex 53.17 8.25238 2.8
      vertex 53.3421 7.53525 2.8
    endloop
  endfacet
  facet normal 0 0 1
    outer loop
      vertex 52.0234 10.1234 2.8
      vertex 53.8234 11.0638 2.8
      vertex 53.1264 12.2011 2.8
    endloop
  endfacet
  facet normal 0 0 1
    outer loop
      vertex 54.6896 10.0496 2.8
      vertex 52.8877 8.93376 2.8
      vertex 53.17 8.25238 2.8
    endloop
  endfacet
  facet normal 0 0 1
    outer loop
      vertex 50.8337 10.9877 2.8
      vertex 53.1264 12.2011 2.8
      vertex 52.616 13.4334 2.8
    endloop
  endfacet
  facet normal 0 0 1
    outer loop
      vertex 54.6896 10.0496 2.8
      vertex 52.5024 9.56259 2.8
      vertex 52.8877 8.93376 2.8
    endloop
  endfacet
  facet normal 0 0 1
    outer loop
      vertex 50.1524 11.27 2.8
      vertex 52.616 13.4334 2.8
      vertex 52.3046 14.7303 2.8
    endloop
  endfacet
  facet normal 0 0 1
    outer loop
      vertex 48.7 11.5 2.8
      vertex 52.3046 14.7303 2.8
      vertex 52.2 16.06 2.8
    endloop
  endfacet
  facet normal 0 0 1
    outer loop
      vertex 53.8234 11.0638 2.8
      vertex 52.0234 10.1234 2.8
      vertex 52.5024 9.56259 2.8
    endloop
  endfacet
  facet normal 0 0 1
    outer loop
      vertex 52.3046 43.8697 2.8
      vertex 49.4352 46.3579 2.8
      vertex 52.2 42.54 2.8
    endloop
  endfacet
  facet normal -0 0 1
    outer loop
      vertex 46.7 44.8 2.8
      vertex 52.2 42.54 2.8
      vertex 49.4352 46.3579 2.8
    endloop
  endfacet
  facet normal 0 0 1
    outer loop
      vertex 53.1264 12.2011 2.8
      vertex 51.4626 10.6024 2.8
      vertex 52.0234 10.1234 2.8
    endloop
  endfacet
  facet normal 0 0 1
    outer loop
      vertex 52.3046 41.2103 2.8
      vertex 46.7 44.8 2.8
      vertex 52.3046 17.3897 2.8
    endloop
  endfacet
  facet normal 0 0 1
    outer loop
      vertex 53.1264 12.2011 2.8
      vertex 50.8337 10.9877 2.8
      vertex 51.4626 10.6024 2.8
    endloop
  endfacet
  facet normal 0 0 1
    outer loop
      vertex 46.7 11.8 2.8
      vertex 52.3046 17.3897 2.8
      vertex 46.7 44.8 2.8
    endloop
  endfacet
  facet normal 0 0 1
    outer loop
      vertex 52.616 13.4334 2.8
      vertex 50.1524 11.27 2.8
      vertex 50.8337 10.9877 2.8
    endloop
  endfacet
  facet normal 0 0 1
    outer loop
      vertex 52.2 42.54 2.8
      vertex 46.7 44.8 2.8
      vertex 52.3046 41.2103 2.8
    endloop
  endfacet
  facet normal 0 0 1
    outer loop
      vertex 48.7 11.5 2.8
      vertex 46.7 11.8 2.8
      vertex 47.9648 11.4421 2.8
    endloop
  endfacet
  facet normal 0 0 1
    outer loop
      vertex 46.7 44.8 2.8
      vertex 49.4352 46.3579 2.8
      vertex 48.7 46.3 2.8
    endloop
  endfacet
  facet normal 0 0 1
    outer loop
      vertex 52.3046 14.7303 2.8
      vertex 49.4352 11.4421 2.8
      vertex 50.1524 11.27 2.8
    endloop
  endfacet
  facet normal 0 0 1
    outer loop
      vertex 46.7 44.8 2.8
      vertex 48.7 46.3 2.8
      vertex 47.9648 46.3579 2.8
    endloop
  endfacet
  facet normal 0 0 1
    outer loop
      vertex 52.3046 14.7303 2.8
      vertex 48.7 11.5 2.8
      vertex 49.4352 11.4421 2.8
    endloop
  endfacet
  facet normal 0 0 1
    outer loop
      vertex 46.7 44.8 2.8
      vertex 47.9648 46.3579 2.8
      vertex 47.2476 46.53 2.8
    endloop
  endfacet
  facet normal -0 0 1
    outer loop
      vertex 46.7 11.8 2.8
      vertex 48.7 11.5 2.8
      vertex 52.2 16.06 2.8
    endloop
  endfacet
  facet normal 0 0 1
    outer loop
      vertex 46.7 11.8 2.8
      vertex 52.2 16.06 2.8
      vertex 52.3046 17.3897 2.8
    endloop
  endfacet
  facet normal 0 0 1
    outer loop
      vertex 46.5662 46.8123 2.8
      vertex 46.7 44.8 2.8
      vertex 47.2476 46.53 2.8
    endloop
  endfacet
  facet normal 0 0 1
    outer loop
      vertex 45.9374 47.1976 2.8
      vertex 46.7 44.8 2.8
      vertex 46.5662 46.8123 2.8
    endloop
  endfacet
  facet normal 0 0 1
    outer loop
      vertex 45.3766 47.6766 2.8
      vertex 46.7 44.8 2.8
      vertex 45.9374 47.1976 2.8
    endloop
  endfacet
  facet normal 0 0 1
    outer loop
      vertex 44.8976 48.2374 2.8
      vertex 46.7 44.8 2.8
      vertex 45.3766 47.6766 2.8
    endloop
  endfacet
  facet normal 0 0 1
    outer loop
      vertex 29.5024 48.2374 2.8
      vertex 44.8976 48.2374 2.8
      vertex 44.5123 48.8662 2.8
    endloop
  endfacet
  facet normal -0 0 1
    outer loop
      vertex 30.4 51 2.8
      vertex 44.0579 50.2648 2.8
      vertex 44 51 2.8
    endloop
  endfacet
  facet normal 0 0 1
    outer loop
      vertex 30.3421 50.2648 2.8
      vertex 44.0579 50.2648 2.8
      vertex 30.4 51 2.8
    endloop
  endfacet
  facet normal 0 0 1
    outer loop
      vertex 44.0579 50.2648 2.8
      vertex 30.3421 50.2648 2.8
      vertex 44.23 49.5476 2.8
    endloop
  endfacet
  facet normal 0 0 1
    outer loop
      vertex 30.17 49.5476 2.8
      vertex 44.23 49.5476 2.8
      vertex 30.3421 50.2648 2.8
    endloop
  endfacet
  facet normal 0 0 1
    outer loop
      vertex 44.23 49.5476 2.8
      vertex 30.17 49.5476 2.8
      vertex 44.5123 48.8662 2.8
    endloop
  endfacet
  facet normal 0 0 1
    outer loop
      vertex 29.8877 48.8662 2.8
      vertex 44.5123 48.8662 2.8
      vertex 30.17 49.5476 2.8
    endloop
  endfacet
  facet normal 0 0 1
    outer loop
      vertex 29.5024 48.2374 2.8
      vertex 44.5123 48.8662 2.8
      vertex 29.8877 48.8662 2.8
    endloop
  endfacet
  facet normal 0 0 1
    outer loop
      vertex 44.8976 48.2374 2.8
      vertex 29.5024 48.2374 2.8
      vertex 46.7 44.8 2.8
    endloop
  endfacet
  facet normal -0 0 1
    outer loop
      vertex 29.0234 47.6766 2.8
      vertex 46.7 44.8 2.8
      vertex 29.5024 48.2374 2.8
    endloop
  endfacet
  facet normal -0 0 1
    outer loop
      vertex 28.4626 47.1976 2.8
      vertex 46.7 44.8 2.8
      vertex 29.0234 47.6766 2.8
    endloop
  endfacet
  facet normal -0 0 1
    outer loop
      vertex 27.8337 46.8123 2.8
      vertex 46.7 44.8 2.8
      vertex 28.4626 47.1976 2.8
    endloop
  endfacet
  facet normal -0 0 1
    outer loop
      vertex 27.1524 46.53 2.8
      vertex 46.7 44.8 2.8
      vertex 27.8337 46.8123 2.8
    endloop
  endfacet
  facet normal -0 0 1
    outer loop
      vertex 26.4352 46.3579 2.8
      vertex 46.7 44.8 2.8
      vertex 27.1524 46.53 2.8
    endloop
  endfacet
  facet normal -0 0 1
    outer loop
      vertex 25.7 46.3 2.8
      vertex 46.7 44.8 2.8
      vertex 26.4352 46.3579 2.8
    endloop
  endfacet
  facet normal 0 0 1
    outer loop
      vertex 25.7 46.3 2.8
      vertex 7.88767 44.8 2.8
      vertex 46.7 44.8 2.8
    endloop
  endfacet
  facet normal 0 0 1
    outer loop
      vertex 24.9648 46.3579 2.8
      vertex 7.88767 44.8 2.8
      vertex 25.7 46.3 2.8
    endloop
  endfacet
  facet normal 0 0 1
    outer loop
      vertex 24.2476 46.53 2.8
      vertex 7.88767 44.8 2.8
      vertex 24.9648 46.3579 2.8
    endloop
  endfacet
  facet normal 0 0 1
    outer loop
      vertex 23.5662 46.8123 2.8
      vertex 7.88767 44.8 2.8
      vertex 24.2476 46.53 2.8
    endloop
  endfacet
  facet normal 0 0 1
    outer loop
      vertex 22.9374 47.1976 2.8
      vertex 7.88767 44.8 2.8
      vertex 23.5662 46.8123 2.8
    endloop
  endfacet
  facet normal 0 0 1
    outer loop
      vertex 22.3766 47.6766 2.8
      vertex 7.88767 44.8 2.8
      vertex 22.9374 47.1976 2.8
    endloop
  endfacet
  facet normal 0 0 1
    outer loop
      vertex 21.8976 48.2374 2.8
      vertex 7.88767 44.8 2.8
      vertex 22.3766 47.6766 2.8
    endloop
  endfacet
  facet normal 0 0 1
    outer loop
      vertex 21.5123 48.8662 2.8
      vertex 7.88767 44.8 2.8
      vertex 21.8976 48.2374 2.8
    endloop
  endfacet
  facet normal 0 0 1
    outer loop
      vertex 21.23 49.5476 2.8
      vertex 7.88767 44.8 2.8
      vertex 21.5123 48.8662 2.8
    endloop
  endfacet
  facet normal 0 0 1
    outer loop
      vertex 21.0579 50.2648 2.8
      vertex 7.88767 44.8 2.8
      vertex 21.23 49.5476 2.8
    endloop
  endfacet
  facet normal 0 0 1
    outer loop
      vertex 7.88767 44.8 2.8
      vertex 21.0579 50.2648 2.8
      vertex 21 51 2.8
    endloop
  endfacet
  facet normal 0 0 1
    outer loop
      vertex 74.0911 17.4692 2.8
      vertex 67.5766 21.0562 2.8
      vertex 73.7 17.5 2.8
    endloop
  endfacet
  facet normal 0 0 1
    outer loop
      vertex 72.565 17.2275 2.8
      vertex 69.0954 17.3897 2.8
      vertex 69.2 16.06 2.8
    endloop
  endfacet
  facet normal -0 -0 1
    outer loop
      vertex 68.2736 19.9189 2.8
      vertex 73.7 17.5 2.8
      vertex 67.5766 21.0562 2.8
    endloop
  endfacet
  facet normal 0 0 1
    outer loop
      vertex 72.565 17.2275 2.8
      vertex 68.784 18.6866 2.8
      vertex 69.0954 17.3897 2.8
    endloop
  endfacet
  facet normal 0 0 1
    outer loop
      vertex 73.7 17.5 2.8
      vertex 68.2736 19.9189 2.8
      vertex 73.3089 17.4692 2.8
    endloop
  endfacet
  facet normal 0 0 1
    outer loop
      vertex 72.9275 17.3776 2.8
      vertex 68.784 18.6866 2.8
      vertex 72.565 17.2275 2.8
    endloop
  endfacet
  facet normal 0 0 1
    outer loop
      vertex 73.3089 17.4692 2.8
      vertex 68.2736 19.9189 2.8
      vertex 72.9275 17.3776 2.8
    endloop
  endfacet
  facet normal -0 -0 1
    outer loop
      vertex 68.784 18.6866 2.8
      vertex 72.9275 17.3776 2.8
      vertex 68.2736 19.9189 2.8
    endloop
  endfacet
  facet normal -0 0 1
    outer loop
      vertex 66.7104 36.5296 2.8
      vertex 67.5766 21.0562 2.8
      vertex 67.5766 37.5438 2.8
    endloop
  endfacet
  facet normal 0 0 1
    outer loop
      vertex 66.7104 36.5296 2.8
      vertex 66.7104 22.0704 2.8
      vertex 67.5766 21.0562 2.8
    endloop
  endfacet
  facet normal -0 0 1
    outer loop
      vertex 65.6962 35.6634 2.8
      vertex 66.7104 22.0704 2.8
      vertex 66.7104 36.5296 2.8
    endloop
  endfacet
  facet normal 0 0 1
    outer loop
      vertex 65.6962 35.6634 2.8
      vertex 65.6962 22.9366 2.8
      vertex 66.7104 22.0704 2.8
    endloop
  endfacet
  facet normal -0 0 1
    outer loop
      vertex 64.5589 34.9664 2.8
      vertex 65.6962 22.9366 2.8
      vertex 65.6962 35.6634 2.8
    endloop
  endfacet
  facet normal 0 0 1
    outer loop
      vertex 64.5589 34.9664 2.8
      vertex 64.5589 23.6336 2.8
      vertex 65.6962 22.9366 2.8
    endloop
  endfacet
  facet normal -0 0 1
    outer loop
      vertex 63.3266 34.456 2.8
      vertex 64.5589 23.6336 2.8
      vertex 64.5589 34.9664 2.8
    endloop
  endfacet
  facet normal 0 0 1
    outer loop
      vertex 63.3266 34.456 2.8
      vertex 63.3266 24.144 2.8
      vertex 64.5589 23.6336 2.8
    endloop
  endfacet
  facet normal -0 0 1
    outer loop
      vertex 62.0297 34.1446 2.8
      vertex 63.3266 24.144 2.8
      vertex 63.3266 34.456 2.8
    endloop
  endfacet
  facet normal 0 0 1
    outer loop
      vertex 62.0297 34.1446 2.8
      vertex 62.0297 24.4554 2.8
      vertex 63.3266 24.144 2.8
    endloop
  endfacet
  facet normal -0 0 1
    outer loop
      vertex 60.7 34.04 2.8
      vertex 62.0297 24.4554 2.8
      vertex 62.0297 34.1446 2.8
    endloop
  endfacet
  facet normal 0 0 1
    outer loop
      vertex 60.7 34.04 2.8
      vertex 60.7 24.56 2.8
      vertex 62.0297 24.4554 2.8
    endloop
  endfacet
  facet normal 0 0 1
    outer loop
      vertex 59.3703 34.1446 2.8
      vertex 60.7 24.56 2.8
      vertex 60.7 34.04 2.8
    endloop
  endfacet
  facet normal 0 0 1
    outer loop
      vertex 59.3703 34.1446 2.8
      vertex 59.3703 24.4554 2.8
      vertex 60.7 24.56 2.8
    endloop
  endfacet
  facet normal 0 0 1
    outer loop
      vertex 58.0734 34.456 2.8
      vertex 59.3703 24.4554 2.8
      vertex 59.3703 34.1446 2.8
    endloop
  endfacet
  facet normal 0 0 1
    outer loop
      vertex 58.0734 34.456 2.8
      vertex 58.0734 24.144 2.8
      vertex 59.3703 24.4554 2.8
    endloop
  endfacet
  facet normal 0 0 1
    outer loop
      vertex 56.8411 34.9664 2.8
      vertex 58.0734 24.144 2.8
      vertex 58.0734 34.456 2.8
    endloop
  endfacet
  facet normal 0 0 1
    outer loop
      vertex 56.8411 34.9664 2.8
      vertex 56.8411 23.6336 2.8
      vertex 58.0734 24.144 2.8
    endloop
  endfacet
  facet normal 0 0 1
    outer loop
      vertex 55.7038 35.6634 2.8
      vertex 56.8411 23.6336 2.8
      vertex 56.8411 34.9664 2.8
    endloop
  endfacet
  facet normal 0 0 1
    outer loop
      vertex 55.7038 35.6634 2.8
      vertex 55.7038 22.9366 2.8
      vertex 56.8411 23.6336 2.8
    endloop
  endfacet
  facet normal 0 0 1
    outer loop
      vertex 54.6896 36.5296 2.8
      vertex 55.7038 22.9366 2.8
      vertex 55.7038 35.6634 2.8
    endloop
  endfacet
  facet normal 0 0 1
    outer loop
      vertex 54.6896 36.5296 2.8
      vertex 54.6896 22.0704 2.8
      vertex 55.7038 22.9366 2.8
    endloop
  endfacet
  facet normal 0 0 1
    outer loop
      vertex 53.8234 37.5438 2.8
      vertex 54.6896 22.0704 2.8
      vertex 54.6896 36.5296 2.8
    endloop
  endfacet
  facet normal 0 0 1
    outer loop
      vertex 53.8234 37.5438 2.8
      vertex 53.8234 21.0562 2.8
      vertex 54.6896 22.0704 2.8
    endloop
  endfacet
  facet normal 0 0 1
    outer loop
      vertex 53.1264 38.6811 2.8
      vertex 53.8234 21.0562 2.8
      vertex 53.8234 37.5438 2.8
    endloop
  endfacet
  facet normal 0 0 1
    outer loop
      vertex 53.1264 38.6811 2.8
      vertex 53.1264 19.9189 2.8
      vertex 53.8234 21.0562 2.8
    endloop
  endfacet
  facet normal 0 0 1
    outer loop
      vertex 52.616 39.9134 2.8
      vertex 53.1264 19.9189 2.8
      vertex 53.1264 38.6811 2.8
    endloop
  endfacet
  facet normal 0 0 1
    outer loop
      vertex 52.616 39.9134 2.8
      vertex 52.616 18.6866 2.8
      vertex 53.1264 19.9189 2.8
    endloop
  endfacet
  facet normal 0 0 1
    outer loop
      vertex 52.3046 41.2103 2.8
      vertex 52.616 18.6866 2.8
      vertex 52.616 39.9134 2.8
    endloop
  endfacet
  facet normal 0 0 1
    outer loop
      vertex 52.3046 41.2103 2.8
      vertex 52.3046 17.3897 2.8
      vertex 52.616 18.6866 2.8
    endloop
  endfacet
  facet normal 0 0 1
    outer loop
      vertex 52.616 45.1666 2.8
      vertex 50.1524 46.53 2.8
      vertex 52.3046 43.8697 2.8
    endloop
  endfacet
  facet normal -0 0 1
    outer loop
      vertex 49.4352 46.3579 2.8
      vertex 52.3046 43.8697 2.8
      vertex 50.1524 46.53 2.8
    endloop
  endfacet
  facet normal 0 0 1
    outer loop
      vertex 76.0776 42.8275 2.8
      vertex 84.65 54 2.8
      vertex 76.1692 43.2089 2.8
    endloop
  endfacet
  facet normal 0 0 1
    outer loop
      vertex 84.65 54 2.8
      vertex 76.1692 15.3911 2.8
      vertex 76.2 15 2.8
    endloop
  endfacet
  facet normal 0 0 1
    outer loop
      vertex 75.9275 42.465 2.8
      vertex 84.65 54 2.8
      vertex 76.0776 42.8275 2.8
    endloop
  endfacet
  facet normal 0 0 1
    outer loop
      vertex 84.65 54 2.8
      vertex 76.0776 15.7725 2.8
      vertex 76.1692 15.3911 2.8
    endloop
  endfacet
  facet normal 0 0 1
    outer loop
      vertex 75.9275 16.135 2.8
      vertex 84.65 54 2.8
      vertex 75.9275 42.465 2.8
    endloop
  endfacet
  facet normal 0 0 1
    outer loop
      vertex 84.65 54 2.8
      vertex 75.9275 16.135 2.8
      vertex 76.0776 15.7725 2.8
    endloop
  endfacet
  facet normal -0 0 1
    outer loop
      vertex 75.7225 42.1305 2.8
      vertex 75.9275 16.135 2.8
      vertex 75.9275 42.465 2.8
    endloop
  endfacet
  facet normal 0 0 1
    outer loop
      vertex 75.7225 42.1305 2.8
      vertex 75.7225 16.4695 2.8
      vertex 75.9275 16.135 2.8
    endloop
  endfacet
  facet normal -0 0 1
    outer loop
      vertex 75.4678 41.8322 2.8
      vertex 75.7225 16.4695 2.8
      vertex 75.7225 42.1305 2.8
    endloop
  endfacet
  facet normal 0 0 1
    outer loop
      vertex 75.4678 41.8322 2.8
      vertex 75.4678 16.7678 2.8
      vertex 75.7225 16.4695 2.8
    endloop
  endfacet
  facet normal -0 0 1
    outer loop
      vertex 75.1695 41.5775 2.8
      vertex 75.4678 16.7678 2.8
      vertex 75.4678 41.8322 2.8
    endloop
  endfacet
  facet normal 0 0 1
    outer loop
      vertex 75.1695 41.5775 2.8
      vertex 75.1695 17.0225 2.8
      vertex 75.4678 16.7678 2.8
    endloop
  endfacet
  facet normal -0 0 1
    outer loop
      vertex 74.835 41.3725 2.8
      vertex 75.1695 17.0225 2.8
      vertex 75.1695 41.5775 2.8
    endloop
  endfacet
  facet normal 0 0 1
    outer loop
      vertex 74.835 41.3725 2.8
      vertex 74.835 17.2275 2.8
      vertex 75.1695 17.0225 2.8
    endloop
  endfacet
  facet normal -0 0 1
    outer loop
      vertex 74.4725 41.2224 2.8
      vertex 74.835 17.2275 2.8
      vertex 74.835 41.3725 2.8
    endloop
  endfacet
  facet normal 0 0 1
    outer loop
      vertex 74.4725 41.2224 2.8
      vertex 74.4725 17.3776 2.8
      vertex 74.835 17.2275 2.8
    endloop
  endfacet
  facet normal -0 0 1
    outer loop
      vertex 74.0911 41.1308 2.8
      vertex 74.4725 17.3776 2.8
      vertex 74.4725 41.2224 2.8
    endloop
  endfacet
  facet normal 0 0 1
    outer loop
      vertex 74.0911 41.1308 2.8
      vertex 74.0911 17.4692 2.8
      vertex 74.4725 17.3776 2.8
    endloop
  endfacet
  facet normal 0 0 1
    outer loop
      vertex 67.5766 37.5438 2.8
      vertex 73.7 41.1 2.8
      vertex 68.2736 38.6811 2.8
    endloop
  endfacet
  facet normal -0 0 1
    outer loop
      vertex 73.7 41.1 2.8
      vertex 67.5766 37.5438 2.8
      vertex 74.0911 41.1308 2.8
    endloop
  endfacet
  facet normal 0 0 1
    outer loop
      vertex 72.9275 41.2224 2.8
      vertex 68.2736 38.6811 2.8
      vertex 73.3089 41.1308 2.8
    endloop
  endfacet
  facet normal 0 0 1
    outer loop
      vertex 73.3089 41.1308 2.8
      vertex 68.2736 38.6811 2.8
      vertex 73.7 41.1 2.8
    endloop
  endfacet
  facet normal 0 0 1
    outer loop
      vertex 72.565 41.3725 2.8
      vertex 68.784 39.9134 2.8
      vertex 72.9275 41.2224 2.8
    endloop
  endfacet
  facet normal 0 0 1
    outer loop
      vertex 68.2736 38.6811 2.8
      vertex 72.9275 41.2224 2.8
      vertex 68.784 39.9134 2.8
    endloop
  endfacet
  facet normal 0 0 1
    outer loop
      vertex 72.2305 41.5775 2.8
      vertex 68.784 39.9134 2.8
      vertex 72.565 41.3725 2.8
    endloop
  endfacet
  facet normal 0 0 1
    outer loop
      vertex 74.0911 41.1308 2.8
      vertex 67.5766 37.5438 2.8
      vertex 74.0911 17.4692 2.8
    endloop
  endfacet
  facet normal 0 0 1
    outer loop
      vertex 71.9322 41.8322 2.8
      vertex 69.0954 41.2103 2.8
      vertex 72.2305 41.5775 2.8
    endloop
  endfacet
  facet normal 0 0 1
    outer loop
      vertex 68.784 39.9134 2.8
      vertex 72.2305 41.5775 2.8
      vertex 69.0954 41.2103 2.8
    endloop
  endfacet
  facet normal 0 0 1
    outer loop
      vertex 71.6775 42.1305 2.8
      vertex 69.0954 41.2103 2.8
      vertex 71.9322 41.8322 2.8
    endloop
  endfacet
  facet normal -0 0 1
    outer loop
      vertex 67.5766 21.0562 2.8
      vertex 74.0911 17.4692 2.8
      vertex 67.5766 37.5438 2.8
    endloop
  endfacet
  facet normal 0 0 1
    outer loop
      vertex 71.4725 42.465 2.8
      vertex 69.0954 41.2103 2.8
      vertex 71.6775 42.1305 2.8
    endloop
  endfacet
  facet normal 0 0 1
    outer loop
      vertex 72.565 17.2275 2.8
      vertex 69.2 16.06 2.8
      vertex 72.2305 17.0225 2.8
    endloop
  endfacet
  facet normal 0 0 1
    outer loop
      vertex 69.0954 41.2103 2.8
      vertex 71.4725 42.465 2.8
      vertex 69.2 42.54 2.8
    endloop
  endfacet
  facet normal 0 0 1
    outer loop
      vertex 72.2305 17.0225 2.8
      vertex 69.2 16.06 2.8
      vertex 71.9322 16.7678 2.8
    endloop
  endfacet
  facet normal -0 0 1
    outer loop
      vertex 69.2 42.54 2.8
      vertex 71.4725 42.465 2.8
      vertex 71.3224 42.8275 2.8
    endloop
  endfacet
  facet normal 0 0 1
    outer loop
      vertex 71.9322 16.7678 2.8
      vertex 69.2 16.06 2.8
      vertex 71.6775 16.4695 2.8
    endloop
  endfacet
  facet normal 0 0 1
    outer loop
      vertex 69.2 42.54 2.8
      vertex 71.3224 42.8275 2.8
      vertex 71.2308 43.2089 2.8
    endloop
  endfacet
  facet normal 0 0 1
    outer loop
      vertex 71.6775 16.4695 2.8
      vertex 69.2 16.06 2.8
      vertex 71.4725 16.135 2.8
    endloop
  endfacet
  facet normal 0 0 1
    outer loop
      vertex 69.0954 43.8697 2.8
      vertex 71.2308 43.2089 2.8
      vertex 71.2 43.6 2.8
    endloop
  endfacet
  facet normal 0 0 1
    outer loop
      vertex 71.4725 16.135 2.8
      vertex 69.2 16.06 2.8
      vertex 71.3224 15.7725 2.8
    endloop
  endfacet
  facet normal 0 0 1
    outer loop
      vertex 83.7 54.95 2.8
      vertex 84.65 54 2.8
      vertex 84.6383 54.1486 2.8
    endloop
  endfacet
  facet normal 0 0 1
    outer loop
      vertex 84.65 54 2.8
      vertex 76.2 15 2.8
      vertex 84.65 4 2.8
    endloop
  endfacet
  facet normal 0 0 1
    outer loop
      vertex 83.7 54.95 2.8
      vertex 84.6383 54.1486 2.8
      vertex 84.6035 54.2936 2.8
    endloop
  endfacet
  facet normal -0 0 1
    outer loop
      vertex 76.1692 14.6089 2.8
      vertex 84.65 4 2.8
      vertex 76.2 15 2.8
    endloop
  endfacet
  facet normal 0 0 1
    outer loop
      vertex 83.7 54.95 2.8
      vertex 84.6035 54.2936 2.8
      vertex 84.5464 54.4313 2.8
    endloop
  endfacet
  facet normal -0 0 1
    outer loop
      vertex 76.0776 14.2275 2.8
      vertex 84.65 4 2.8
      vertex 76.1692 14.6089 2.8
    endloop
  endfacet
  facet normal 0 0 1
    outer loop
      vertex 83.7 54.95 2.8
      vertex 84.5464 54.4313 2.8
      vertex 84.4686 54.5584 2.8
    endloop
  endfacet
  facet normal -0 0 1
    outer loop
      vertex 75.9275 13.865 2.8
      vertex 84.65 4 2.8
      vertex 76.0776 14.2275 2.8
    endloop
  endfacet
  facet normal 0 0 1
    outer loop
      vertex 83.7 54.95 2.8
      vertex 84.4686 54.5584 2.8
      vertex 84.3717 54.6717 2.8
    endloop
  endfacet
  facet normal -0 0 1
    outer loop
      vertex 75.7225 13.5305 2.8
      vertex 84.65 4 2.8
      vertex 75.9275 13.865 2.8
    endloop
  endfacet
  facet normal 0 0 1
    outer loop
      vertex 83.7 54.95 2.8
      vertex 84.3717 54.6717 2.8
      vertex 84.2584 54.7686 2.8
    endloop
  endfacet
  facet normal -0 0 1
    outer loop
      vertex 75.4678 13.2322 2.8
      vertex 84.65 4 2.8
      vertex 75.7225 13.5305 2.8
    endloop
  endfacet
  facet normal 0 0 1
    outer loop
      vertex 83.7 54.95 2.8
      vertex 84.2584 54.7686 2.8
      vertex 84.1313 54.8465 2.8
    endloop
  endfacet
  facet normal 0 -0 1
    outer loop
      vertex 83.7 3.05 2.8
      vertex 84.65 4 2.8
      vertex 75.4678 13.2322 2.8
    endloop
  endfacet
  facet normal 0 0 1
    outer loop
      vertex 83.7 54.95 2.8
      vertex 84.1313 54.8465 2.8
      vertex 83.9936 54.9035 2.8
    endloop
  endfacet
  facet normal 0 0 1
    outer loop
      vertex 84.65 4 2.8
      vertex 83.7 3.05 2.8
      vertex 84.6383 3.85139 2.8
    endloop
  endfacet
  facet normal 0 0 1
    outer loop
      vertex 83.7 54.95 2.8
      vertex 83.9936 54.9035 2.8
      vertex 83.8486 54.9383 2.8
    endloop
  endfacet
  facet normal 0 0 1
    outer loop
      vertex 84.6035 3.70644 2.8
      vertex 83.7 3.05 2.8
      vertex 84.5464 3.56871 2.8
    endloop
  endfacet
  facet normal 0 0 1
    outer loop
      vertex 84.65 54 2.8
      vertex 83.7 54.95 2.8
      vertex 75.4678 45.3678 2.8
    endloop
  endfacet
  facet normal 0 0 1
    outer loop
      vertex 84.5464 3.56871 2.8
      vertex 83.7 3.05 2.8
      vertex 84.4686 3.4416 2.8
    endloop
  endfacet
  facet normal 0 0 1
    outer loop
      vertex 76.1692 43.2089 2.8
      vertex 84.65 54 2.8
      vertex 76.2 43.6 2.8
    endloop
  endfacet
  facet normal 0 0 1
    outer loop
      vertex 84.65 54 2.8
      vertex 76.1692 43.9911 2.8
      vertex 76.2 43.6 2.8
    endloop
  endfacet
  facet normal 0 0 1
    outer loop
      vertex 84.65 54 2.8
      vertex 76.0776 44.3725 2.8
      vertex 76.1692 43.9911 2.8
    endloop
  endfacet
  facet normal 0 0 1
    outer loop
      vertex 84.65 54 2.8
      vertex 75.9275 44.735 2.8
      vertex 76.0776 44.3725 2.8
    endloop
  endfacet
  facet normal 0 0 1
    outer loop
      vertex 84.65 54 2.8
      vertex 75.7225 45.0695 2.8
      vertex 75.9275 44.735 2.8
    endloop
  endfacet
  facet normal 0 0 1
    outer loop
      vertex 84.65 54 2.8
      vertex 75.4678 45.3678 2.8
      vertex 75.7225 45.0695 2.8
    endloop
  endfacet
  facet normal 0 0 1
    outer loop
      vertex 83.7 54.95 2.8
      vertex 75.1695 45.6225 2.8
      vertex 75.4678 45.3678 2.8
    endloop
  endfacet
  facet normal 0 0 1
    outer loop
      vertex 83.7 54.95 2.8
      vertex 74.835 45.8275 2.8
      vertex 75.1695 45.6225 2.8
    endloop
  endfacet
  facet normal 0 0 1
    outer loop
      vertex 83.7 54.95 2.8
      vertex 74.4725 45.9776 2.8
      vertex 74.835 45.8275 2.8
    endloop
  endfacet
  facet normal 0 0 1
    outer loop
      vertex 83.7 54.95 2.8
      vertex 74.0911 46.0692 2.8
      vertex 74.4725 45.9776 2.8
    endloop
  endfacet
  facet normal 0 0 1
    outer loop
      vertex 83.7 54.95 2.8
      vertex 73.7 46.1 2.8
      vertex 74.0911 46.0692 2.8
    endloop
  endfacet
  facet normal -0 0 1
    outer loop
      vertex 66.7104 48.5504 2.8
      vertex 73.7 46.1 2.8
      vertex 83.7 54.95 2.8
    endloop
  endfacet
  facet normal 0 0 1
    outer loop
      vertex 73.7 46.1 2.8
      vertex 66.7104 48.5504 2.8
      vertex 73.3089 46.0692 2.8
    endloop
  endfacet
  facet normal -0 -0 1
    outer loop
      vertex 67.5766 47.5362 2.8
      vertex 73.3089 46.0692 2.8
      vertex 66.7104 48.5504 2.8
    endloop
  endfacet
  facet normal 0 0 1
    outer loop
      vertex 73.3089 46.0692 2.8
      vertex 67.5766 47.5362 2.8
      vertex 72.9275 45.9776 2.8
    endloop
  endfacet
  facet normal 0 0 1
    outer loop
      vertex 71.3224 15.7725 2.8
      vertex 69.2 16.06 2.8
      vertex 71.2308 15.3911 2.8
    endloop
  endfacet
  facet normal -0 0 1
    outer loop
      vertex 69.0954 43.8697 2.8
      vertex 71.2 43.6 2.8
      vertex 71.2308 43.9911 2.8
    endloop
  endfacet
  facet normal 0 0 1
    outer loop
      vertex 69.0954 43.8697 2.8
      vertex 71.2308 43.9911 2.8
      vertex 71.3224 44.3725 2.8
    endloop
  endfacet
  facet normal 0 0 1
    outer loop
      vertex 68.784 45.1666 2.8
      vertex 71.3224 44.3725 2.8
      vertex 71.4725 44.735 2.8
    endloop
  endfacet
  facet normal 0 0 1
    outer loop
      vertex 68.784 45.1666 2.8
      vertex 71.4725 44.735 2.8
      vertex 71.6775 45.0695 2.8
    endloop
  endfacet
  facet normal -0 0 1
    outer loop
      vertex 68.784 45.1666 2.8
      vertex 71.6775 45.0695 2.8
      vertex 71.9322 45.3678 2.8
    endloop
  endfacet
  facet normal 0 0 1
    outer loop
      vertex 71.2308 43.2089 2.8
      vertex 69.0954 43.8697 2.8
      vertex 69.2 42.54 2.8
    endloop
  endfacet
  facet normal 0 0 1
    outer loop
      vertex 68.2736 46.3989 2.8
      vertex 71.9322 45.3678 2.8
      vertex 72.2305 45.6225 2.8
    endloop
  endfacet
  facet normal 0 0 1
    outer loop
      vertex 72.9275 45.9776 2.8
      vertex 67.5766 47.5362 2.8
      vertex 72.565 45.8275 2.8
    endloop
  endfacet
  facet normal 0 0 1
    outer loop
      vertex 71.3224 44.3725 2.8
      vertex 68.784 45.1666 2.8
      vertex 69.0954 43.8697 2.8
    endloop
  endfacet
  facet normal 0 0 1
    outer loop
      vertex 71.9322 45.3678 2.8
      vertex 68.2736 46.3989 2.8
      vertex 68.784 45.1666 2.8
    endloop
  endfacet
  facet normal 0 0 1
    outer loop
      vertex 72.565 45.8275 2.8
      vertex 68.2736 46.3989 2.8
      vertex 72.2305 45.6225 2.8
    endloop
  endfacet
  facet normal -0 -0 1
    outer loop
      vertex 68.2736 46.3989 2.8
      vertex 72.565 45.8275 2.8
      vertex 67.5766 47.5362 2.8
    endloop
  endfacet
  facet normal 0 0 1
    outer loop
      vertex 83.7 54.95 2.8
      vertex 65.6962 49.4166 2.8
      vertex 66.7104 48.5504 2.8
    endloop
  endfacet
  facet normal 0 0 1
    outer loop
      vertex 83.7 54.95 2.8
      vertex 64.5589 50.1136 2.8
      vertex 65.6962 49.4166 2.8
    endloop
  endfacet
  facet normal 0 0 1
    outer loop
      vertex 83.7 54.95 2.8
      vertex 63.3266 50.624 2.8
      vertex 64.5589 50.1136 2.8
    endloop
  endfacet
  facet normal 0 0 1
    outer loop
      vertex 83.7 54.95 2.8
      vertex 62.0297 50.9353 2.8
      vertex 63.3266 50.624 2.8
    endloop
  endfacet
  facet normal -0 0 1
    outer loop
      vertex 51.7517 54.95 2.8
      vertex 62.0297 50.9353 2.8
      vertex 83.7 54.95 2.8
    endloop
  endfacet
  facet normal 0 0 1
    outer loop
      vertex 62.0297 50.9353 2.8
      vertex 51.7517 54.95 2.8
      vertex 60.7 51.04 2.8
    endloop
  endfacet
  facet normal 0 0 1
    outer loop
      vertex 55.7038 49.4166 2.8
      vertex 53.3421 50.2648 2.8
      vertex 54.6896 48.5504 2.8
    endloop
  endfacet
  facet normal -0 0 1
    outer loop
      vertex 53.3421 50.2648 2.8
      vertex 55.7038 49.4166 2.8
      vertex 53.4 51 2.8
    endloop
  endfacet
  facet normal 0 0 1
    outer loop
      vertex 56.8411 50.1136 2.8
      vertex 53.4 51 2.8
      vertex 55.7038 49.4166 2.8
    endloop
  endfacet
  facet normal 0 0 1
    outer loop
      vertex 53.17 52.4524 2.8
      vertex 56.8411 50.1136 2.8
      vertex 58.0734 50.624 2.8
    endloop
  endfacet
  facet normal 0 0 1
    outer loop
      vertex 52.8877 53.1337 2.8
      vertex 58.0734 50.624 2.8
      vertex 59.3703 50.9353 2.8
    endloop
  endfacet
  facet normal 0 0 1
    outer loop
      vertex 60.7 51.04 2.8
      vertex 51.7517 54.95 2.8
      vertex 59.3703 50.9353 2.8
    endloop
  endfacet
  facet normal 0 0 1
    outer loop
      vertex 56.8411 50.1136 2.8
      vertex 53.3421 51.7352 2.8
      vertex 53.4 51 2.8
    endloop
  endfacet
  facet normal 0 0 1
    outer loop
      vertex 56.8411 50.1136 2.8
      vertex 53.17 52.4524 2.8
      vertex 53.3421 51.7352 2.8
    endloop
  endfacet
  facet normal 0 0 1
    outer loop
      vertex 58.0734 50.624 2.8
      vertex 52.8877 53.1337 2.8
      vertex 53.17 52.4524 2.8
    endloop
  endfacet
  facet normal 0 0 1
    outer loop
      vertex 59.3703 50.9353 2.8
      vertex 52.5024 53.7626 2.8
      vertex 52.8877 53.1337 2.8
    endloop
  endfacet
  facet normal 0 0 1
    outer loop
      vertex 59.3703 50.9353 2.8
      vertex 51.7517 54.95 2.8
      vertex 52.5024 53.7626 2.8
    endloop
  endfacet
  facet normal 0 0 1
    outer loop
      vertex 52.5024 53.7626 2.8
      vertex 51.7517 54.95 2.8
      vertex 52.0234 54.3234 2.8
    endloop
  endfacet
  facet normal 0 0 1
    outer loop
      vertex 51.4626 54.8024 2.8
      vertex 51.7517 54.95 2.8
      vertex 51.6395 55.0458 2.8
    endloop
  endfacet
  facet normal 0 0 1
    outer loop
      vertex 51.7517 54.95 2.8
      vertex 51.4626 54.8024 2.8
      vertex 52.0234 54.3234 2.8
    endloop
  endfacet
  facet normal 0 0 1
    outer loop
      vertex 50.9704 55.4559 2.8
      vertex 51.4626 54.8024 2.8
      vertex 51.6395 55.0458 2.8
    endloop
  endfacet
  facet normal 0 0 1
    outer loop
      vertex 50.9704 55.4559 2.8
      vertex 50.8337 55.1877 2.8
      vertex 51.4626 54.8024 2.8
    endloop
  endfacet
  facet normal 0 0 1
    outer loop
      vertex 50.2454 55.7561 2.8
      vertex 50.8337 55.1877 2.8
      vertex 50.9704 55.4559 2.8
    endloop
  endfacet
  facet normal 0 0 1
    outer loop
      vertex 50.2454 55.7561 2.8
      vertex 50.1524 55.47 2.8
      vertex 50.8337 55.1877 2.8
    endloop
  endfacet
  facet normal 0 0 1
    outer loop
      vertex 49.4823 55.9393 2.8
      vertex 50.1524 55.47 2.8
      vertex 50.2454 55.7561 2.8
    endloop
  endfacet
  facet normal 0 0 1
    outer loop
      vertex 49.4823 55.9393 2.8
      vertex 49.4352 55.6421 2.8
      vertex 50.1524 55.47 2.8
    endloop
  endfacet
  facet normal 0 0 1
    outer loop
      vertex 49.347 55.95 2.8
      vertex 49.4352 55.6421 2.8
      vertex 49.4823 55.9393 2.8
    endloop
  endfacet
  facet normal 0 0 1
    outer loop
      vertex 49.4352 55.6421 2.8
      vertex 49.347 55.95 2.8
      vertex 48.7 55.7 2.8
    endloop
  endfacet
  facet normal 0 0 1
    outer loop
      vertex 84.4686 3.4416 2.8
      vertex 83.7 3.05 2.8
      vertex 84.3717 3.32826 2.8
    endloop
  endfacet
  facet normal 0 0 1
    outer loop
      vertex 84.2584 3.23145 2.8
      vertex 83.7 3.05 2.8
      vertex 84.1313 3.15355 2.8
    endloop
  endfacet
  facet normal 0 0 1
    outer loop
      vertex 84.1313 3.15355 2.8
      vertex 83.7 3.05 2.8
      vertex 83.9936 3.0965 2.8
    endloop
  endfacet
  facet normal 0 0 1
    outer loop
      vertex 83.9936 3.0965 2.8
      vertex 83.7 3.05 2.8
      vertex 83.8486 3.06171 2.8
    endloop
  endfacet
  facet normal 0 0 1
    outer loop
      vertex 84.3717 3.32826 2.8
      vertex 83.7 3.05 2.8
      vertex 84.2584 3.23145 2.8
    endloop
  endfacet
  facet normal 0 0 1
    outer loop
      vertex 84.6383 3.85139 2.8
      vertex 83.7 3.05 2.8
      vertex 84.6035 3.70644 2.8
    endloop
  endfacet
  facet normal -0 0 1
    outer loop
      vertex 75.1695 12.9775 2.8
      vertex 83.7 3.05 2.8
      vertex 75.4678 13.2322 2.8
    endloop
  endfacet
  facet normal -0 0 1
    outer loop
      vertex 74.835 12.7725 2.8
      vertex 83.7 3.05 2.8
      vertex 75.1695 12.9775 2.8
    endloop
  endfacet
  facet normal -0 0 1
    outer loop
      vertex 74.4725 12.6224 2.8
      vertex 83.7 3.05 2.8
      vertex 74.835 12.7725 2.8
    endloop
  endfacet
  facet normal -0 0 1
    outer loop
      vertex 74.0911 12.5308 2.8
      vertex 83.7 3.05 2.8
      vertex 74.4725 12.6224 2.8
    endloop
  endfacet
  facet normal -0 0 1
    outer loop
      vertex 73.7 12.5 2.8
      vertex 83.7 3.05 2.8
      vertex 74.0911 12.5308 2.8
    endloop
  endfacet
  facet normal 0 0 1
    outer loop
      vertex 66.7104 10.0496 2.8
      vertex 73.7 12.5 2.8
      vertex 73.3089 12.5308 2.8
    endloop
  endfacet
  facet normal 0 0 1
    outer loop
      vertex 67.5766 11.0638 2.8
      vertex 73.3089 12.5308 2.8
      vertex 72.9275 12.6224 2.8
    endloop
  endfacet
  facet normal 0 0 1
    outer loop
      vertex 67.5766 11.0638 2.8
      vertex 72.9275 12.6224 2.8
      vertex 72.565 12.7725 2.8
    endloop
  endfacet
  facet normal 0 0 1
    outer loop
      vertex 68.2736 12.2011 2.8
      vertex 72.565 12.7725 2.8
      vertex 72.2305 12.9775 2.8
    endloop
  endfacet
  facet normal 0 0 1
    outer loop
      vertex 68.2736 12.2011 2.8
      vertex 72.2305 12.9775 2.8
      vertex 71.9322 13.2322 2.8
    endloop
  endfacet
  facet normal 0 0 1
    outer loop
      vertex 69.0954 14.7303 2.8
      vertex 71.2308 15.3911 2.8
      vertex 69.2 16.06 2.8
    endloop
  endfacet
  facet normal 0 0 1
    outer loop
      vertex 71.2308 15.3911 2.8
      vertex 69.0954 14.7303 2.8
      vertex 71.2 15 2.8
    endloop
  endfacet
  facet normal 0 0 1
    outer loop
      vertex 71.2 15 2.8
      vertex 69.0954 14.7303 2.8
      vertex 71.2308 14.6089 2.8
    endloop
  endfacet
  facet normal 0 0 1
    outer loop
      vertex 71.2308 14.6089 2.8
      vertex 69.0954 14.7303 2.8
      vertex 71.3224 14.2275 2.8
    endloop
  endfacet
  facet normal 0 0 1
    outer loop
      vertex 68.784 13.4334 2.8
      vertex 71.3224 14.2275 2.8
      vertex 69.0954 14.7303 2.8
    endloop
  endfacet
  facet normal 0 0 1
    outer loop
      vertex 71.3224 14.2275 2.8
      vertex 68.784 13.4334 2.8
      vertex 71.4725 13.865 2.8
    endloop
  endfacet
  facet normal 0 0 1
    outer loop
      vertex 71.4725 13.865 2.8
      vertex 68.784 13.4334 2.8
      vertex 71.6775 13.5305 2.8
    endloop
  endfacet
  facet normal 0 0 1
    outer loop
      vertex 71.6775 13.5305 2.8
      vertex 68.784 13.4334 2.8
      vertex 71.9322 13.2322 2.8
    endloop
  endfacet
  facet normal 0 0 1
    outer loop
      vertex 68.2736 12.2011 2.8
      vertex 71.9322 13.2322 2.8
      vertex 68.784 13.4334 2.8
    endloop
  endfacet
  facet normal 0 0 1
    outer loop
      vertex 72.565 12.7725 2.8
      vertex 68.2736 12.2011 2.8
      vertex 67.5766 11.0638 2.8
    endloop
  endfacet
  facet normal 0 0 1
    outer loop
      vertex 73.3089 12.5308 2.8
      vertex 67.5766 11.0638 2.8
      vertex 66.7104 10.0496 2.8
    endloop
  endfacet
  facet normal 0 0 1
    outer loop
      vertex 73.7 12.5 2.8
      vertex 66.7104 10.0496 2.8
      vertex 83.7 3.05 2.8
    endloop
  endfacet
  facet normal -0 0 1
    outer loop
      vertex 65.6962 9.18336 2.8
      vertex 83.7 3.05 2.8
      vertex 66.7104 10.0496 2.8
    endloop
  endfacet
  facet normal -0 0 1
    outer loop
      vertex 64.5589 8.48645 2.8
      vertex 83.7 3.05 2.8
      vertex 65.6962 9.18336 2.8
    endloop
  endfacet
  facet normal -0 0 1
    outer loop
      vertex 63.3266 7.97602 2.8
      vertex 83.7 3.05 2.8
      vertex 64.5589 8.48645 2.8
    endloop
  endfacet
  facet normal -0 0 1
    outer loop
      vertex 62.0297 7.66465 2.8
      vertex 83.7 3.05 2.8
      vertex 63.3266 7.97602 2.8
    endloop
  endfacet
  facet normal 0 0 1
    outer loop
      vertex 51.9858 3.05 2.8
      vertex 62.0297 7.66465 2.8
      vertex 60.7 7.56 2.8
    endloop
  endfacet
  facet normal 0 0 1
    outer loop
      vertex 51.9858 3.05 2.8
      vertex 60.7 7.56 2.8
      vertex 59.3703 7.66465 2.8
    endloop
  endfacet
  facet normal 0 0 1
    outer loop
      vertex 52.5024 9.56259 2.8
      vertex 54.6896 10.0496 2.8
      vertex 53.8234 11.0638 2.8
    endloop
  endfacet
  facet normal 0 0 1
    outer loop
      vertex 53.3421 7.53525 2.8
      vertex 55.7038 9.18336 2.8
      vertex 54.6896 10.0496 2.8
    endloop
  endfacet
  facet normal 0 0 1
    outer loop
      vertex 53.4 6.8 2.8
      vertex 56.8411 8.48645 2.8
      vertex 55.7038 9.18336 2.8
    endloop
  endfacet
  facet normal 0 0 1
    outer loop
      vertex 53.3421 6.06476 2.8
      vertex 56.8411 8.48645 2.8
      vertex 53.4 6.8 2.8
    endloop
  endfacet
  facet normal 0 0 1
    outer loop
      vertex 56.8411 8.48645 2.8
      vertex 53.3421 6.06476 2.8
      vertex 58.0734 7.97602 2.8
    endloop
  endfacet
  facet normal 0 0 1
    outer loop
      vertex 53.17 5.34763 2.8
      vertex 58.0734 7.97602 2.8
      vertex 53.3421 6.06476 2.8
    endloop
  endfacet
  facet normal 0 0 1
    outer loop
      vertex 52.8877 4.66626 2.8
      vertex 58.0734 7.97602 2.8
      vertex 53.17 5.34763 2.8
    endloop
  endfacet
  facet normal 0 0 1
    outer loop
      vertex 58.0734 7.97602 2.8
      vertex 52.8877 4.66626 2.8
      vertex 59.3703 7.66465 2.8
    endloop
  endfacet
  facet normal 0 0 1
    outer loop
      vertex 52.5024 4.03741 2.8
      vertex 59.3703 7.66465 2.8
      vertex 52.8877 4.66626 2.8
    endloop
  endfacet
  facet normal 0 0 1
    outer loop
      vertex 59.3703 7.66465 2.8
      vertex 52.5024 4.03741 2.8
      vertex 51.9858 3.05 2.8
    endloop
  endfacet
  facet normal 0 0 1
    outer loop
      vertex 51.9858 3.05 2.8
      vertex 52.5024 4.03741 2.8
      vertex 52.0234 3.47661 2.8
    endloop
  endfacet
  facet normal 0 0 1
    outer loop
      vertex 62.0297 7.66465 2.8
      vertex 51.9858 3.05 2.8
      vertex 83.7 3.05 2.8
    endloop
  endfacet
  facet normal 0 0 1
    outer loop
      vertex 51.4626 2.99763 2.8
      vertex 51.9858 3.05 2.8
      vertex 52.0234 3.47661 2.8
    endloop
  endfacet
  facet normal 0 0 1
    outer loop
      vertex 51.9858 3.05 2.8
      vertex 51.4626 2.99763 2.8
      vertex 51.6395 2.75418 2.8
    endloop
  endfacet
  facet normal 0 0 1
    outer loop
      vertex 51.4626 2.99763 2.8
      vertex 50.9704 2.34415 2.8
      vertex 51.6395 2.75418 2.8
    endloop
  endfacet
  facet normal -0 0 1
    outer loop
      vertex 50.8337 2.61227 2.8
      vertex 50.9704 2.34415 2.8
      vertex 51.4626 2.99763 2.8
    endloop
  endfacet
  facet normal 0 0 1
    outer loop
      vertex 50.8337 2.61227 2.8
      vertex 50.2602 2.05 2.8
      vertex 50.9704 2.34415 2.8
    endloop
  endfacet
  facet normal 0 -0 1
    outer loop
      vertex 50.2602 2.05 2.8
      vertex 50.8337 2.61227 2.8
      vertex 50.1524 2.33005 2.8
    endloop
  endfacet
  facet normal -0 0 1
    outer loop
      vertex 53.17 49.5476 2.8
      vertex 54.6896 48.5504 2.8
      vertex 53.3421 50.2648 2.8
    endloop
  endfacet
  facet normal -0 0 1
    outer loop
      vertex 52.8877 48.8662 2.8
      vertex 54.6896 48.5504 2.8
      vertex 53.17 49.5476 2.8
    endloop
  endfacet
  facet normal 0 0 1
    outer loop
      vertex 54.6896 48.5504 2.8
      vertex 52.8877 48.8662 2.8
      vertex 53.8234 47.5362 2.8
    endloop
  endfacet
  facet normal -0 0 1
    outer loop
      vertex 52.5024 48.2374 2.8
      vertex 53.8234 47.5362 2.8
      vertex 52.8877 48.8662 2.8
    endloop
  endfacet
  facet normal -0 0 1
    outer loop
      vertex 52.0234 47.6766 2.8
      vertex 53.8234 47.5362 2.8
      vertex 52.5024 48.2374 2.8
    endloop
  endfacet
  facet normal 0 0 1
    outer loop
      vertex 53.8234 47.5362 2.8
      vertex 52.0234 47.6766 2.8
      vertex 53.1264 46.3989 2.8
    endloop
  endfacet
  facet normal -0 0 1
    outer loop
      vertex 51.4626 47.1976 2.8
      vertex 53.1264 46.3989 2.8
      vertex 52.0234 47.6766 2.8
    endloop
  endfacet
  facet normal 0 0 1
    outer loop
      vertex 53.1264 46.3989 2.8
      vertex 51.4626 47.1976 2.8
      vertex 52.616 45.1666 2.8
    endloop
  endfacet
  facet normal -0 0 1
    outer loop
      vertex 50.1524 46.53 2.8
      vertex 52.616 45.1666 2.8
      vertex 50.8337 46.8123 2.8
    endloop
  endfacet
  facet normal -0 0 1
    outer loop
      vertex 50.8337 46.8123 2.8
      vertex 52.616 45.1666 2.8
      vertex 51.4626 47.1976 2.8
    endloop
  endfacet
  facet normal 0 0 1
    outer loop
      vertex 8.2 43.6 2.8
      vertex 45.7 43.8 2.8
      vertex 8.2 43.8 2.8
    endloop
  endfacet
  facet normal 0 0 1
    outer loop
      vertex 8.2 15 2.8
      vertex 45.7 43.8 2.8
      vertex 8.2 43.6 2.8
    endloop
  endfacet
  facet normal 0 0 1
    outer loop
      vertex 45.7 43.8 2.8
      vertex 8.2 15 2.8
      vertex 45.7 12.8 2.8
    endloop
  endfacet
  facet normal 0 0 1
    outer loop
      vertex 45.7 12.8 2.8
      vertex 8.2 15 2.8
      vertex 8.2 12.8 2.8
    endloop
  endfacet
  facet normal 0.649451 -0.760403 0
    outer loop
      vertex 86.0511 0.763947 0
      vertex 86.5284 1.17159 2.8
      vertex 86.0511 0.763947 2.8
    endloop
  endfacet
  facet normal 0.649451 -0.760403 0
    outer loop
      vertex 86.5284 1.17159 2.8
      vertex 86.0511 0.763947 0
      vertex 86.5284 1.17159 0
    endloop
  endfacet
  facet normal 1 -0 0
    outer loop
      vertex 87.7 4 2.8
      vertex 87.7 54 0
      vertex 87.7 54 2.8
    endloop
  endfacet
  facet normal 1 0 0
    outer loop
      vertex 87.7 54 0
      vertex 87.7 4 2.8
      vertex 87.7 4 0
    endloop
  endfacet
  facet normal 0 0 -1
    outer loop
      vertex 63.7294 17.6036 0
      vertex 87.7 4 0
      vertex 63.9336 17.1107 0
    endloop
  endfacet
  facet normal 0 0 -1
    outer loop
      vertex 87.7 54 0
      vertex 64.0581 42.0081 0
      vertex 64.1 42.54 0
    endloop
  endfacet
  facet normal 0 0 -1
    outer loop
      vertex 87.7 4 0
      vertex 63.7294 17.6036 0
      vertex 87.7 54 0
    endloop
  endfacet
  facet normal 0 0 -1
    outer loop
      vertex 87.7 54 0
      vertex 63.9336 41.4893 0
      vertex 64.0581 42.0081 0
    endloop
  endfacet
  facet normal 0 0 -1
    outer loop
      vertex 63.7294 40.9964 0
      vertex 87.7 54 0
      vertex 63.7294 17.6036 0
    endloop
  endfacet
  facet normal 0 0 -1
    outer loop
      vertex 87.7 54 0
      vertex 63.7294 40.9964 0
      vertex 63.9336 41.4893 0
    endloop
  endfacet
  facet normal 0 0 -1
    outer loop
      vertex 63.4507 18.0585 0
      vertex 63.7294 40.9964 0
      vertex 63.7294 17.6036 0
    endloop
  endfacet
  facet normal 0 0 -1
    outer loop
      vertex 63.4507 18.0585 0
      vertex 63.4507 40.5415 0
      vertex 63.7294 40.9964 0
    endloop
  endfacet
  facet normal 0 0 -1
    outer loop
      vertex 63.1042 18.4642 0
      vertex 63.4507 40.5415 0
      vertex 63.4507 18.0585 0
    endloop
  endfacet
  facet normal 0 0 -1
    outer loop
      vertex 63.1042 18.4642 0
      vertex 63.1042 40.1358 0
      vertex 63.4507 40.5415 0
    endloop
  endfacet
  facet normal 0 0 -1
    outer loop
      vertex 62.6985 18.8107 0
      vertex 63.1042 40.1358 0
      vertex 63.1042 18.4642 0
    endloop
  endfacet
  facet normal 0 0 -1
    outer loop
      vertex 62.6985 18.8107 0
      vertex 62.6985 39.7893 0
      vertex 63.1042 40.1358 0
    endloop
  endfacet
  facet normal 0 0 -1
    outer loop
      vertex 62.2436 19.0894 0
      vertex 62.6985 39.7893 0
      vertex 62.6985 18.8107 0
    endloop
  endfacet
  facet normal 0 0 -1
    outer loop
      vertex 62.2436 19.0894 0
      vertex 62.2436 39.5106 0
      vertex 62.6985 39.7893 0
    endloop
  endfacet
  facet normal 0 0 -1
    outer loop
      vertex 61.7507 19.2936 0
      vertex 62.2436 39.5106 0
      vertex 62.2436 19.0894 0
    endloop
  endfacet
  facet normal 0 0 -1
    outer loop
      vertex 61.7507 19.2936 0
      vertex 61.7507 39.3064 0
      vertex 62.2436 39.5106 0
    endloop
  endfacet
  facet normal 0 0 -1
    outer loop
      vertex 61.2319 19.4181 0
      vertex 61.7507 39.3064 0
      vertex 61.7507 19.2936 0
    endloop
  endfacet
  facet normal 0 0 -1
    outer loop
      vertex 61.2319 19.4181 0
      vertex 61.2319 39.1819 0
      vertex 61.7507 39.3064 0
    endloop
  endfacet
  facet normal 0 0 -1
    outer loop
      vertex 60.7 19.46 0
      vertex 61.2319 39.1819 0
      vertex 61.2319 19.4181 0
    endloop
  endfacet
  facet normal 0 0 -1
    outer loop
      vertex 60.7 19.46 0
      vertex 60.7 39.14 0
      vertex 61.2319 39.1819 0
    endloop
  endfacet
  facet normal 0 0 -1
    outer loop
      vertex 60.1681 19.4181 0
      vertex 60.7 39.14 0
      vertex 60.7 19.46 0
    endloop
  endfacet
  facet normal 0 0 -1
    outer loop
      vertex 60.1681 19.4181 0
      vertex 60.1681 39.1819 0
      vertex 60.7 39.14 0
    endloop
  endfacet
  facet normal 0 0 -1
    outer loop
      vertex 59.6493 19.2936 0
      vertex 60.1681 39.1819 0
      vertex 60.1681 19.4181 0
    endloop
  endfacet
  facet normal 0 0 -1
    outer loop
      vertex 59.6493 19.2936 0
      vertex 59.6493 39.3064 0
      vertex 60.1681 39.1819 0
    endloop
  endfacet
  facet normal 0 0 -1
    outer loop
      vertex 59.1564 19.0894 0
      vertex 59.6493 39.3064 0
      vertex 59.6493 19.2936 0
    endloop
  endfacet
  facet normal 0 0 -1
    outer loop
      vertex 59.1564 19.0894 0
      vertex 59.1564 39.5106 0
      vertex 59.6493 39.3064 0
    endloop
  endfacet
  facet normal 0 0 -1
    outer loop
      vertex 58.7015 18.8107 0
      vertex 59.1564 39.5106 0
      vertex 59.1564 19.0894 0
    endloop
  endfacet
  facet normal 0 0 -1
    outer loop
      vertex 58.7015 18.8107 0
      vertex 58.7015 39.7893 0
      vertex 59.1564 39.5106 0
    endloop
  endfacet
  facet normal 0 0 -1
    outer loop
      vertex 58.2958 18.4642 0
      vertex 58.7015 39.7893 0
      vertex 58.7015 18.8107 0
    endloop
  endfacet
  facet normal 0 0 -1
    outer loop
      vertex 58.2958 18.4642 0
      vertex 58.2958 40.1358 0
      vertex 58.7015 39.7893 0
    endloop
  endfacet
  facet normal 0 0 -1
    outer loop
      vertex 57.9493 18.0585 0
      vertex 58.2958 40.1358 0
      vertex 58.2958 18.4642 0
    endloop
  endfacet
  facet normal 0 0 -1
    outer loop
      vertex 57.9493 18.0585 0
      vertex 57.9493 40.5415 0
      vertex 58.2958 40.1358 0
    endloop
  endfacet
  facet normal 0 0 -1
    outer loop
      vertex 57.6706 17.6036 0
      vertex 57.9493 40.5415 0
      vertex 57.9493 18.0585 0
    endloop
  endfacet
  facet normal 0 0 -1
    outer loop
      vertex 57.6706 17.6036 0
      vertex 57.6706 40.9964 0
      vertex 57.9493 40.5415 0
    endloop
  endfacet
  facet normal 0 0 -1
    outer loop
      vertex 5.8 23.4 0
      vertex 57.6706 17.6036 0
      vertex 57.4664 17.1107 0
    endloop
  endfacet
  facet normal 0 0 -1
    outer loop
      vertex 57.6706 17.6036 0
      vertex 5.8 23.4 0
      vertex 57.6706 40.9964 0
    endloop
  endfacet
  facet normal 0 0 -1
    outer loop
      vertex 5.8 23.4 0
      vertex 57.4664 17.1107 0
      vertex 57.3419 16.5919 0
    endloop
  endfacet
  facet normal 0 0 -1
    outer loop
      vertex 5.8 35.2 0
      vertex 57.6706 40.9964 0
      vertex 5.8 23.4 0
    endloop
  endfacet
  facet normal 0 0 -1
    outer loop
      vertex 5.8 23.4 0
      vertex 57.3419 16.5919 0
      vertex 57.3 16.06 0
    endloop
  endfacet
  facet normal -0 0 -1
    outer loop
      vertex 57.6706 40.9964 0
      vertex 5.8 35.2 0
      vertex 57.4664 41.4893 0
    endloop
  endfacet
  facet normal 0 0 -1
    outer loop
      vertex 83.7 0 0
      vertex 87.7 4 0
      vertex 87.6507 3.37427 0
    endloop
  endfacet
  facet normal 0 0 -1
    outer loop
      vertex 64.0581 16.5919 0
      vertex 87.7 4 0
      vertex 64.1 16.06 0
    endloop
  endfacet
  facet normal 0 0 -1
    outer loop
      vertex 83.7 0 0
      vertex 87.6507 3.37427 0
      vertex 87.5042 2.76395 0
    endloop
  endfacet
  facet normal 0 0 -1
    outer loop
      vertex 63.9336 17.1107 0
      vertex 87.7 4 0
      vertex 64.0581 16.5919 0
    endloop
  endfacet
  facet normal 0 0 -1
    outer loop
      vertex 83.7 0 0
      vertex 87.5042 2.76395 0
      vertex 87.264 2.18405 0
    endloop
  endfacet
  facet normal 0 0 -1
    outer loop
      vertex 64.0581 43.0719 0
      vertex 87.7 54 0
      vertex 64.1 42.54 0
    endloop
  endfacet
  facet normal 0 0 -1
    outer loop
      vertex 83.7 0 0
      vertex 87.264 2.18405 0
      vertex 86.9361 1.64886 0
    endloop
  endfacet
  facet normal 0 0 -1
    outer loop
      vertex 63.9336 43.5907 0
      vertex 87.7 54 0
      vertex 64.0581 43.0719 0
    endloop
  endfacet
  facet normal 0 0 -1
    outer loop
      vertex 83.7 0 0
      vertex 86.9361 1.64886 0
      vertex 86.5284 1.17159 0
    endloop
  endfacet
  facet normal 0 0 -1
    outer loop
      vertex 87.7 54 0
      vertex 83.7 58 0
      vertex 87.6507 54.6257 0
    endloop
  endfacet
  facet normal 0 0 -1
    outer loop
      vertex 83.7 0 0
      vertex 86.5284 1.17159 0
      vertex 86.0511 0.763947 0
    endloop
  endfacet
  facet normal 0 0 -1
    outer loop
      vertex 87.6507 54.6257 0
      vertex 83.7 58 0
      vertex 87.5042 55.2361 0
    endloop
  endfacet
  facet normal 0 0 -1
    outer loop
      vertex 83.7 0 0
      vertex 86.0511 0.763947 0
      vertex 85.5159 0.435974 0
    endloop
  endfacet
  facet normal 0 0 -1
    outer loop
      vertex 87.5042 55.2361 0
      vertex 83.7 58 0
      vertex 87.264 55.8159 0
    endloop
  endfacet
  facet normal 0 0 -1
    outer loop
      vertex 83.7 0 0
      vertex 85.5159 0.435974 0
      vertex 84.9361 0.195786 0
    endloop
  endfacet
  facet normal 0 0 -1
    outer loop
      vertex 86.9361 56.3511 0
      vertex 83.7 58 0
      vertex 86.5284 56.8284 0
    endloop
  endfacet
  facet normal 0 0 -1
    outer loop
      vertex 83.7 0 0
      vertex 84.9361 0.195786 0
      vertex 84.3257 0.0492554 0
    endloop
  endfacet
  facet normal 0 0 -1
    outer loop
      vertex 86.5284 56.8284 0
      vertex 83.7 58 0
      vertex 86.0511 57.2361 0
    endloop
  endfacet
  facet normal -0 0 -1
    outer loop
      vertex 87.7 4 0
      vertex 83.7 0 0
      vertex 63.9336 15.0093 0
    endloop
  endfacet
  facet normal 0 0 -1
    outer loop
      vertex 86.0511 57.2361 0
      vertex 83.7 58 0
      vertex 85.5159 57.564 0
    endloop
  endfacet
  facet normal 0 0 -1
    outer loop
      vertex 85.5159 57.564 0
      vertex 83.7 58 0
      vertex 84.9361 57.8042 0
    endloop
  endfacet
  facet normal 0 0 -1
    outer loop
      vertex 87.7 4 0
      vertex 64.0581 15.5281 0
      vertex 64.1 16.06 0
    endloop
  endfacet
  facet normal 0 0 -1
    outer loop
      vertex 87.7 4 0
      vertex 63.9336 15.0093 0
      vertex 64.0581 15.5281 0
    endloop
  endfacet
  facet normal 0 0 -1
    outer loop
      vertex 83.7 0 0
      vertex 63.7294 14.5164 0
      vertex 63.9336 15.0093 0
    endloop
  endfacet
  facet normal 0 0 -1
    outer loop
      vertex 83.7 0 0
      vertex 63.4507 14.0615 0
      vertex 63.7294 14.5164 0
    endloop
  endfacet
  facet normal 0 0 -1
    outer loop
      vertex 83.7 0 0
      vertex 63.1042 13.6558 0
      vertex 63.4507 14.0615 0
    endloop
  endfacet
  facet normal 0 0 -1
    outer loop
      vertex 83.7 0 0
      vertex 62.6985 13.3093 0
      vertex 63.1042 13.6558 0
    endloop
  endfacet
  facet normal 0 0 -1
    outer loop
      vertex 83.7 0 0
      vertex 62.2436 13.0306 0
      vertex 62.6985 13.3093 0
    endloop
  endfacet
  facet normal 0 0 -1
    outer loop
      vertex 83.7 0 0
      vertex 61.7507 12.8264 0
      vertex 62.2436 13.0306 0
    endloop
  endfacet
  facet normal 0 0 -1
    outer loop
      vertex 83.7 0 0
      vertex 61.2319 12.7019 0
      vertex 61.7507 12.8264 0
    endloop
  endfacet
  facet normal 0 0 -1
    outer loop
      vertex 83.7 0 0
      vertex 60.7 12.66 0
      vertex 61.2319 12.7019 0
    endloop
  endfacet
  facet normal 0 0 -1
    outer loop
      vertex 83.7 0 0
      vertex 60.1681 12.7019 0
      vertex 60.7 12.66 0
    endloop
  endfacet
  facet normal 0 0 -1
    outer loop
      vertex 83.7 0 0
      vertex 59.6493 12.8264 0
      vertex 60.1681 12.7019 0
    endloop
  endfacet
  facet normal 0 0 -1
    outer loop
      vertex 3.99999 0 0
      vertex 59.6493 12.8264 0
      vertex 83.7 0 0
    endloop
  endfacet
  facet normal -0 0 -1
    outer loop
      vertex 57.4664 41.4893 0
      vertex 5.8 35.2 0
      vertex 57.3419 42.0081 0
    endloop
  endfacet
  facet normal 0 0 -1
    outer loop
      vertex 57.3419 15.5281 0
      vertex 5.8 23.4 0
      vertex 57.3 16.06 0
    endloop
  endfacet
  facet normal 0 0 -1
    outer loop
      vertex 3.99999 0 0
      vertex 57.3419 15.5281 0
      vertex 57.4664 15.0093 0
    endloop
  endfacet
  facet normal 0 0 -1
    outer loop
      vertex 3.99999 0 0
      vertex 57.4664 15.0093 0
      vertex 57.6706 14.5164 0
    endloop
  endfacet
  facet normal 0 0 -1
    outer loop
      vertex 3.99999 0 0
      vertex 57.6706 14.5164 0
      vertex 57.9493 14.0615 0
    endloop
  endfacet
  facet normal 0 0 -1
    outer loop
      vertex 3.99999 0 0
      vertex 57.9493 14.0615 0
      vertex 58.2958 13.6558 0
    endloop
  endfacet
  facet normal 0 0 -1
    outer loop
      vertex 3.99999 0 0
      vertex 58.2958 13.6558 0
      vertex 58.7015 13.3093 0
    endloop
  endfacet
  facet normal 0 0 -1
    outer loop
      vertex 3.99999 0 0
      vertex 58.7015 13.3093 0
      vertex 59.1564 13.0306 0
    endloop
  endfacet
  facet normal -0 0 -1
    outer loop
      vertex 59.6493 12.8264 0
      vertex 3.99999 0 0
      vertex 59.1564 13.0306 0
    endloop
  endfacet
  facet normal -0 0 -1
    outer loop
      vertex 57.3419 15.5281 0
      vertex 3.99999 0 0
      vertex 5.8 23.4 0
    endloop
  endfacet
  facet normal 0 0 -1
    outer loop
      vertex 3.05176e-06 4 0
      vertex 3.99999 0 0
      vertex 3.37427 0.0492554 0
    endloop
  endfacet
  facet normal 0 0 -1
    outer loop
      vertex 3.05176e-06 4 0
      vertex 3.37427 0.0492554 0
      vertex 2.76393 0.195786 0
    endloop
  endfacet
  facet normal 0 0 -1
    outer loop
      vertex 3.99999 0 0
      vertex 3.05176e-06 4 0
      vertex 5.8 23.4 0
    endloop
  endfacet
  facet normal -0 0 -1
    outer loop
      vertex 5.8 23.4 0
      vertex 3.05176e-06 4 0
      vertex 2.6 23.4 0
    endloop
  endfacet
  facet normal 0 0 -1
    outer loop
      vertex 3.05176e-06 4 0
      vertex 2.76393 0.195786 0
      vertex 2.18404 0.435974 0
    endloop
  endfacet
  facet normal 0 0 -1
    outer loop
      vertex 84.9361 57.8042 0
      vertex 83.7 58 0
      vertex 84.3257 57.9507 0
    endloop
  endfacet
  facet normal 0 0 -1
    outer loop
      vertex 87.264 55.8159 0
      vertex 83.7 58 0
      vertex 86.9361 56.3511 0
    endloop
  endfacet
  facet normal -0 0 -1
    outer loop
      vertex 87.7 54 0
      vertex 63.9336 43.5907 0
      vertex 83.7 58 0
    endloop
  endfacet
  facet normal 0 0 -1
    outer loop
      vertex 63.7294 44.0836 0
      vertex 83.7 58 0
      vertex 63.9336 43.5907 0
    endloop
  endfacet
  facet normal 0 0 -1
    outer loop
      vertex 63.4507 44.5385 0
      vertex 83.7 58 0
      vertex 63.7294 44.0836 0
    endloop
  endfacet
  facet normal 0 0 -1
    outer loop
      vertex 63.1042 44.9442 0
      vertex 83.7 58 0
      vertex 63.4507 44.5385 0
    endloop
  endfacet
  facet normal 0 0 -1
    outer loop
      vertex 62.6985 45.2907 0
      vertex 83.7 58 0
      vertex 63.1042 44.9442 0
    endloop
  endfacet
  facet normal 0 0 -1
    outer loop
      vertex 62.2436 45.5694 0
      vertex 83.7 58 0
      vertex 62.6985 45.2907 0
    endloop
  endfacet
  facet normal 0 0 -1
    outer loop
      vertex 61.7507 45.7736 0
      vertex 83.7 58 0
      vertex 62.2436 45.5694 0
    endloop
  endfacet
  facet normal 0 0 -1
    outer loop
      vertex 61.2319 45.8981 0
      vertex 83.7 58 0
      vertex 61.7507 45.7736 0
    endloop
  endfacet
  facet normal 0 0 -1
    outer loop
      vertex 60.7 45.94 0
      vertex 83.7 58 0
      vertex 61.2319 45.8981 0
    endloop
  endfacet
  facet normal 0 0 -1
    outer loop
      vertex 60.1681 45.8981 0
      vertex 83.7 58 0
      vertex 60.7 45.94 0
    endloop
  endfacet
  facet normal 0 0 -1
    outer loop
      vertex 59.6493 45.7736 0
      vertex 83.7 58 0
      vertex 60.1681 45.8981 0
    endloop
  endfacet
  facet normal 0 0 -1
    outer loop
      vertex 3.99999 58 0
      vertex 59.6493 45.7736 0
      vertex 59.1564 45.5694 0
    endloop
  endfacet
  facet normal -0 0 -1
    outer loop
      vertex 57.3419 42.0081 0
      vertex 5.8 35.2 0
      vertex 57.3 42.54 0
    endloop
  endfacet
  facet normal -0 0 -1
    outer loop
      vertex 57.3 42.54 0
      vertex 5.8 35.2 0
      vertex 57.3419 43.0719 0
    endloop
  endfacet
  facet normal 0 0 -1
    outer loop
      vertex 3.99999 58 0
      vertex 57.3419 43.0719 0
      vertex 5.8 35.2 0
    endloop
  endfacet
  facet normal 0 0 -1
    outer loop
      vertex 57.3419 43.0719 0
      vertex 3.99999 58 0
      vertex 57.4664 43.5907 0
    endloop
  endfacet
  facet normal 0 0 -1
    outer loop
      vertex 57.4664 43.5907 0
      vertex 3.99999 58 0
      vertex 57.6706 44.0836 0
    endloop
  endfacet
  facet normal 0 0 -1
    outer loop
      vertex 57.6706 44.0836 0
      vertex 3.99999 58 0
      vertex 57.9493 44.5385 0
    endloop
  endfacet
  facet normal 0 0 -1
    outer loop
      vertex 57.9493 44.5385 0
      vertex 3.99999 58 0
      vertex 58.2958 44.9442 0
    endloop
  endfacet
  facet normal 0 0 -1
    outer loop
      vertex 58.2958 44.9442 0
      vertex 3.99999 58 0
      vertex 58.7015 45.2907 0
    endloop
  endfacet
  facet normal 0 0 -1
    outer loop
      vertex 58.7015 45.2907 0
      vertex 3.99999 58 0
      vertex 59.1564 45.5694 0
    endloop
  endfacet
  facet normal 0 0 -1
    outer loop
      vertex 59.6493 45.7736 0
      vertex 3.99999 58 0
      vertex 83.7 58 0
    endloop
  endfacet
  facet normal 0 0 -1
    outer loop
      vertex 3.05176e-06 54 0
      vertex 3.99999 58 0
      vertex 5.8 35.2 0
    endloop
  endfacet
  facet normal 0 0 -1
    outer loop
      vertex 3.99999 58 0
      vertex 3.05176e-06 54 0
      vertex 3.37427 57.9507 0
    endloop
  endfacet
  facet normal 0 0 -1
    outer loop
      vertex 3.05176e-06 54 0
      vertex 5.8 35.2 0
      vertex 2.6 35.2 0
    endloop
  endfacet
  facet normal -0 0 -1
    outer loop
      vertex 2.6 23.4 0
      vertex 3.05176e-06 4 0
      vertex 2.6 35.2 0
    endloop
  endfacet
  facet normal 0 0 -1
    outer loop
      vertex 3.05176e-06 54 0
      vertex 2.6 35.2 0
      vertex 3.05176e-06 4 0
    endloop
  endfacet
  facet normal 0 0 -1
    outer loop
      vertex 3.05176e-06 4 0
      vertex 2.18404 0.435974 0
      vertex 1.64887 0.763947 0
    endloop
  endfacet
  facet normal 0 0 -1
    outer loop
      vertex 3.37427 57.9507 0
      vertex 3.05176e-06 54 0
      vertex 2.76393 57.8042 0
    endloop
  endfacet
  facet normal 0 0 -1
    outer loop
      vertex 3.05176e-06 4 0
      vertex 1.64887 0.763947 0
      vertex 1.17157 1.17159 0
    endloop
  endfacet
  facet normal 0 0 -1
    outer loop
      vertex 2.76393 57.8042 0
      vertex 3.05176e-06 54 0
      vertex 2.18404 57.564 0
    endloop
  endfacet
  facet normal 0 0 -1
    outer loop
      vertex 3.05176e-06 4 0
      vertex 1.17157 1.17159 0
      vertex 0.763934 1.64886 0
    endloop
  endfacet
  facet normal 0 0 -1
    outer loop
      vertex 2.18404 57.564 0
      vertex 3.05176e-06 54 0
      vertex 1.64887 57.2361 0
    endloop
  endfacet
  facet normal 0 0 -1
    outer loop
      vertex 3.05176e-06 4 0
      vertex 0.763934 1.64886 0
      vertex 0.435977 2.18405 0
    endloop
  endfacet
  facet normal 0 0 -1
    outer loop
      vertex 1.64887 57.2361 0
      vertex 3.05176e-06 54 0
      vertex 1.17157 56.8284 0
    endloop
  endfacet
  facet normal 0 0 -1
    outer loop
      vertex 3.05176e-06 4 0
      vertex 0.435977 2.18405 0
      vertex 0.195789 2.76395 0
    endloop
  endfacet
  facet normal 0 0 -1
    outer loop
      vertex 1.17157 56.8284 0
      vertex 3.05176e-06 54 0
      vertex 0.763934 56.3511 0
    endloop
  endfacet
  facet normal 0 0 -1
    outer loop
      vertex 3.05176e-06 4 0
      vertex 0.195789 2.76395 0
      vertex 0.0492584 3.37427 0
    endloop
  endfacet
  facet normal 0 0 -1
    outer loop
      vertex 0.763934 56.3511 0
      vertex 3.05176e-06 54 0
      vertex 0.435977 55.8159 0
    endloop
  endfacet
  facet normal 0 0 -1
    outer loop
      vertex 0.435977 55.8159 0
      vertex 3.05176e-06 54 0
      vertex 0.195789 55.2361 0
    endloop
  endfacet
  facet normal 0 0 -1
    outer loop
      vertex 0.195789 55.2361 0
      vertex 3.05176e-06 54 0
      vertex 0.0492584 54.6257 0
    endloop
  endfacet
  facet normal -1 0 0
    outer loop
      vertex 3.05176e-06 54 0
      vertex 3.05176e-06 32.8 2.78
      vertex 3.05176e-06 54 2.8
    endloop
  endfacet
  facet normal -1 0 0
    outer loop
      vertex 3.05176e-06 54 0
      vertex 3.05176e-06 25.8 2.78
      vertex 3.05176e-06 32.8 2.78
    endloop
  endfacet
  facet normal -1 0 0
    outer loop
      vertex 3.05176e-06 4 0
      vertex 3.05176e-06 25.8 2.78
      vertex 3.05176e-06 54 0
    endloop
  endfacet
  facet normal -1 0 0
    outer loop
      vertex 3.05176e-06 4 2.8
      vertex 3.05176e-06 25.8 2.78
      vertex 3.05176e-06 4 0
    endloop
  endfacet
  facet normal -1 0 0
    outer loop
      vertex 3.05176e-06 25.8 2.78
      vertex 3.05176e-06 4 2.8
      vertex 3.05176e-06 25.8 2.8
    endloop
  endfacet
  facet normal -1 -0 0
    outer loop
      vertex 3.05176e-06 54 2.8
      vertex 3.05176e-06 32.8 2.78
      vertex 3.05176e-06 32.8 2.8
    endloop
  endfacet
  facet normal 0 -1 0
    outer loop
      vertex 3.99999 0 0
      vertex 83.7 0 2.8
      vertex 3.99999 0 2.8
    endloop
  endfacet
  facet normal 0 -1 -0
    outer loop
      vertex 83.7 0 2.8
      vertex 3.99999 0 0
      vertex 83.7 0 0
    endloop
  endfacet
  facet normal -0.0784755 -0.996916 0
    outer loop
      vertex 3.37427 0.0492554 0
      vertex 3.99999 0 2.8
      vertex 3.37427 0.0492554 2.8
    endloop
  endfacet
  facet normal -0.0784755 -0.996916 -0
    outer loop
      vertex 3.99999 0 2.8
      vertex 3.37427 0.0492554 0
      vertex 3.99999 0 0
    endloop
  endfacet
  facet normal 0.0784736 -0.996916 0
    outer loop
      vertex 83.7 0 0
      vertex 84.3257 0.0492554 2.8
      vertex 83.7 0 2.8
    endloop
  endfacet
  facet normal 0.0784736 -0.996916 0
    outer loop
      vertex 84.3257 0.0492554 2.8
      vertex 83.7 0 0
      vertex 84.3257 0.0492554 0
    endloop
  endfacet
  facet normal -0.852644 0.522492 0
    outer loop
      vertex 0.435977 55.8159 0
      vertex 0.763934 56.3511 2.8
      vertex 0.763934 56.3511 0
    endloop
  endfacet
  facet normal -0.852644 0.522492 0
    outer loop
      vertex 0.763934 56.3511 2.8
      vertex 0.435977 55.8159 0
      vertex 0.435977 55.8159 2.8
    endloop
  endfacet
  facet normal -0.649439 -0.760414 0
    outer loop
      vertex 1.17157 1.17159 0
      vertex 1.64887 0.763947 2.8
      vertex 1.17157 1.17159 2.8
    endloop
  endfacet
  facet normal -0.649439 -0.760414 -0
    outer loop
      vertex 1.64887 0.763947 2.8
      vertex 1.17157 1.17159 0
      vertex 1.64887 0.763947 0
    endloop
  endfacet
  facet normal -0.52252 -0.852627 0
    outer loop
      vertex 1.64887 0.763947 0
      vertex 2.18404 0.435974 2.8
      vertex 1.64887 0.763947 2.8
    endloop
  endfacet
  facet normal -0.52252 -0.852627 -0
    outer loop
      vertex 2.18404 0.435974 2.8
      vertex 1.64887 0.763947 0
      vertex 2.18404 0.435974 0
    endloop
  endfacet
  facet normal 0.382667 -0.923886 0
    outer loop
      vertex 84.9361 0.195786 0
      vertex 85.5159 0.435974 2.8
      vertex 84.9361 0.195786 2.8
    endloop
  endfacet
  facet normal 0.382667 -0.923886 0
    outer loop
      vertex 85.5159 0.435974 2.8
      vertex 84.9361 0.195786 0
      vertex 85.5159 0.435974 0
    endloop
  endfacet
  facet normal 0.996916 0.0784736 0
    outer loop
      vertex 87.7 54 2.8
      vertex 87.6507 54.6257 0
      vertex 87.6507 54.6257 2.8
    endloop
  endfacet
  facet normal 0.996916 0.0784736 0
    outer loop
      vertex 87.6507 54.6257 0
      vertex 87.7 54 2.8
      vertex 87.7 54 0
    endloop
  endfacet
  facet normal 0 1 -0
    outer loop
      vertex 83.7 58 0
      vertex 3.99999 58 2.8
      vertex 83.7 58 2.8
    endloop
  endfacet
  facet normal 0 1 0
    outer loop
      vertex 3.99999 58 2.8
      vertex 83.7 58 0
      vertex 3.99999 58 0
    endloop
  endfacet
  facet normal 0.923886 0.382667 0
    outer loop
      vertex 87.5042 55.2361 2.8
      vertex 87.264 55.8159 0
      vertex 87.264 55.8159 2.8
    endloop
  endfacet
  facet normal 0.923886 0.382667 0
    outer loop
      vertex 87.264 55.8159 0
      vertex 87.5042 55.2361 2.8
      vertex 87.5042 55.2361 0
    endloop
  endfacet
  facet normal 0.649451 0.760403 -0
    outer loop
      vertex 86.5284 56.8284 0
      vertex 86.0511 57.2361 2.8
      vertex 86.5284 56.8284 2.8
    endloop
  endfacet
  facet normal 0.649451 0.760403 0
    outer loop
      vertex 86.0511 57.2361 2.8
      vertex 86.5284 56.8284 0
      vertex 86.0511 57.2361 0
    endloop
  endfacet
  facet normal 0.382667 0.923886 -0
    outer loop
      vertex 85.5159 57.564 0
      vertex 84.9361 57.8042 2.8
      vertex 85.5159 57.564 2.8
    endloop
  endfacet
  facet normal 0.382667 0.923886 0
    outer loop
      vertex 84.9361 57.8042 2.8
      vertex 85.5159 57.564 0
      vertex 84.9361 57.8042 0
    endloop
  endfacet
  facet normal -0.996916 -0.0784736 0
    outer loop
      vertex 0.0492584 3.37427 0
      vertex 3.05176e-06 4 2.8
      vertex 3.05176e-06 4 0
    endloop
  endfacet
  facet normal -0.996916 -0.0784736 0
    outer loop
      vertex 3.05176e-06 4 2.8
      vertex 0.0492584 3.37427 0
      vertex 0.0492584 3.37427 2.8
    endloop
  endfacet
  facet normal -0.760403 0.649451 0
    outer loop
      vertex 0.763934 56.3511 0
      vertex 1.17157 56.8284 2.8
      vertex 1.17157 56.8284 0
    endloop
  endfacet
  facet normal -0.760403 0.649451 0
    outer loop
      vertex 1.17157 56.8284 2.8
      vertex 0.763934 56.3511 0
      vertex 0.763934 56.3511 2.8
    endloop
  endfacet
  facet normal -0.996916 0.0784736 0
    outer loop
      vertex 3.05176e-06 54 0
      vertex 0.0492584 54.6257 2.8
      vertex 0.0492584 54.6257 0
    endloop
  endfacet
  facet normal -0.996916 0.0784736 0
    outer loop
      vertex 0.0492584 54.6257 2.8
      vertex 3.05176e-06 54 0
      vertex 3.05176e-06 54 2.8
    endloop
  endfacet
  facet normal -0.760403 -0.649451 0
    outer loop
      vertex 1.17157 1.17159 0
      vertex 0.763934 1.64886 2.8
      vertex 0.763934 1.64886 0
    endloop
  endfacet
  facet normal -0.760403 -0.649451 0
    outer loop
      vertex 0.763934 1.64886 2.8
      vertex 1.17157 1.17159 0
      vertex 1.17157 1.17159 2.8
    endloop
  endfacet
  facet normal 0.233453 -0.972368 0
    outer loop
      vertex 84.3257 0.0492554 0
      vertex 84.9361 0.195786 2.8
      vertex 84.3257 0.0492554 2.8
    endloop
  endfacet
  facet normal 0.233453 -0.972368 0
    outer loop
      vertex 84.9361 0.195786 2.8
      vertex 84.3257 0.0492554 0
      vertex 84.9361 0.195786 0
    endloop
  endfacet
  facet normal 0.52251 -0.852633 0
    outer loop
      vertex 85.5159 0.435974 0
      vertex 86.0511 0.763947 2.8
      vertex 85.5159 0.435974 2.8
    endloop
  endfacet
  facet normal 0.52251 -0.852633 0
    outer loop
      vertex 86.0511 0.763947 2.8
      vertex 85.5159 0.435974 0
      vertex 86.0511 0.763947 0
    endloop
  endfacet
  facet normal 0.996916 -0.0784736 0
    outer loop
      vertex 87.6507 3.37427 2.8
      vertex 87.7 4 0
      vertex 87.7 4 2.8
    endloop
  endfacet
  facet normal 0.996916 -0.0784736 0
    outer loop
      vertex 87.7 4 0
      vertex 87.6507 3.37427 2.8
      vertex 87.6507 3.37427 0
    endloop
  endfacet
  facet normal 0.0784736 0.996916 -0
    outer loop
      vertex 84.3257 57.9507 0
      vertex 83.7 58 2.8
      vertex 84.3257 57.9507 2.8
    endloop
  endfacet
  facet normal 0.0784736 0.996916 0
    outer loop
      vertex 83.7 58 2.8
      vertex 84.3257 57.9507 0
      vertex 83.7 58 0
    endloop
  endfacet
  facet normal 0.972368 0.233453 0
    outer loop
      vertex 87.6507 54.6257 2.8
      vertex 87.5042 55.2361 0
      vertex 87.5042 55.2361 2.8
    endloop
  endfacet
  facet normal 0.972368 0.233453 0
    outer loop
      vertex 87.5042 55.2361 0
      vertex 87.6507 54.6257 2.8
      vertex 87.6507 54.6257 0
    endloop
  endfacet
  facet normal 0.52251 0.852633 -0
    outer loop
      vertex 86.0511 57.2361 0
      vertex 85.5159 57.564 2.8
      vertex 86.0511 57.2361 2.8
    endloop
  endfacet
  facet normal 0.52251 0.852633 0
    outer loop
      vertex 85.5159 57.564 2.8
      vertex 86.0511 57.2361 0
      vertex 85.5159 57.564 0
    endloop
  endfacet
  facet normal -0.972368 -0.233453 0
    outer loop
      vertex 0.195789 2.76395 0
      vertex 0.0492584 3.37427 2.8
      vertex 0.0492584 3.37427 0
    endloop
  endfacet
  facet normal -0.972368 -0.233453 0
    outer loop
      vertex 0.0492584 3.37427 2.8
      vertex 0.195789 2.76395 0
      vertex 0.195789 2.76395 2.8
    endloop
  endfacet
  facet normal -0.649439 0.760414 0
    outer loop
      vertex 1.64887 57.2361 0
      vertex 1.17157 56.8284 2.8
      vertex 1.64887 57.2361 2.8
    endloop
  endfacet
  facet normal -0.649439 0.760414 0
    outer loop
      vertex 1.17157 56.8284 2.8
      vertex 1.64887 57.2361 0
      vertex 1.17157 56.8284 0
    endloop
  endfacet
  facet normal 0.852633 -0.52251 0
    outer loop
      vertex 86.9361 1.64886 2.8
      vertex 87.264 2.18405 0
      vertex 87.264 2.18405 2.8
    endloop
  endfacet
  facet normal 0.852633 -0.52251 0
    outer loop
      vertex 87.264 2.18405 0
      vertex 86.9361 1.64886 2.8
      vertex 86.9361 1.64886 0
    endloop
  endfacet
  facet normal 0.233453 0.972368 -0
    outer loop
      vertex 84.9361 57.8042 0
      vertex 84.3257 57.9507 2.8
      vertex 84.9361 57.8042 2.8
    endloop
  endfacet
  facet normal 0.233453 0.972368 0
    outer loop
      vertex 84.3257 57.9507 2.8
      vertex 84.9361 57.8042 0
      vertex 84.3257 57.9507 0
    endloop
  endfacet
  facet normal -0.52252 0.852627 0
    outer loop
      vertex 2.18404 57.564 0
      vertex 1.64887 57.2361 2.8
      vertex 2.18404 57.564 2.8
    endloop
  endfacet
  facet normal -0.52252 0.852627 0
    outer loop
      vertex 1.64887 57.2361 2.8
      vertex 2.18404 57.564 0
      vertex 1.64887 57.2361 0
    endloop
  endfacet
  facet normal -0.382667 0.923886 0
    outer loop
      vertex 2.76393 57.8042 0
      vertex 2.18404 57.564 2.8
      vertex 2.76393 57.8042 2.8
    endloop
  endfacet
  facet normal -0.382667 0.923886 0
    outer loop
      vertex 2.18404 57.564 2.8
      vertex 2.76393 57.8042 0
      vertex 2.18404 57.564 0
    endloop
  endfacet
  facet normal 0.760403 0.649451 0
    outer loop
      vertex 86.9361 56.3511 2.8
      vertex 86.5284 56.8284 0
      vertex 86.5284 56.8284 2.8
    endloop
  endfacet
  facet normal 0.760403 0.649451 0
    outer loop
      vertex 86.5284 56.8284 0
      vertex 86.9361 56.3511 2.8
      vertex 86.9361 56.3511 0
    endloop
  endfacet
  facet normal 0.852633 0.52251 0
    outer loop
      vertex 87.264 55.8159 2.8
      vertex 86.9361 56.3511 0
      vertex 86.9361 56.3511 2.8
    endloop
  endfacet
  facet normal 0.852633 0.52251 0
    outer loop
      vertex 86.9361 56.3511 0
      vertex 87.264 55.8159 2.8
      vertex 87.264 55.8159 0
    endloop
  endfacet
  facet normal -0.852644 -0.522492 0
    outer loop
      vertex 0.763934 1.64886 0
      vertex 0.435977 2.18405 2.8
      vertex 0.435977 2.18405 0
    endloop
  endfacet
  facet normal -0.852644 -0.522492 0
    outer loop
      vertex 0.435977 2.18405 2.8
      vertex 0.763934 1.64886 0
      vertex 0.763934 1.64886 2.8
    endloop
  endfacet
  facet normal -0.923886 -0.382667 0
    outer loop
      vertex 0.435977 2.18405 0
      vertex 0.195789 2.76395 2.8
      vertex 0.195789 2.76395 0
    endloop
  endfacet
  facet normal -0.923886 -0.382667 0
    outer loop
      vertex 0.195789 2.76395 2.8
      vertex 0.435977 2.18405 0
      vertex 0.435977 2.18405 2.8
    endloop
  endfacet
  facet normal -0.972368 0.233453 0
    outer loop
      vertex 0.0492584 54.6257 0
      vertex 0.195789 55.2361 2.8
      vertex 0.195789 55.2361 0
    endloop
  endfacet
  facet normal -0.972368 0.233453 0
    outer loop
      vertex 0.195789 55.2361 2.8
      vertex 0.0492584 54.6257 0
      vertex 0.0492584 54.6257 2.8
    endloop
  endfacet
  facet normal -0.923886 0.382667 0
    outer loop
      vertex 0.195789 55.2361 0
      vertex 0.435977 55.8159 2.8
      vertex 0.435977 55.8159 0
    endloop
  endfacet
  facet normal -0.923886 0.382667 0
    outer loop
      vertex 0.435977 55.8159 2.8
      vertex 0.195789 55.2361 0
      vertex 0.195789 55.2361 2.8
    endloop
  endfacet
  facet normal 0.760403 -0.649451 0
    outer loop
      vertex 86.5284 1.17159 2.8
      vertex 86.9361 1.64886 0
      vertex 86.9361 1.64886 2.8
    endloop
  endfacet
  facet normal 0.760403 -0.649451 0
    outer loop
      vertex 86.9361 1.64886 0
      vertex 86.5284 1.17159 2.8
      vertex 86.5284 1.17159 0
    endloop
  endfacet
  facet normal 0.972368 -0.233453 0
    outer loop
      vertex 87.5042 2.76395 2.8
      vertex 87.6507 3.37427 0
      vertex 87.6507 3.37427 2.8
    endloop
  endfacet
  facet normal 0.972368 -0.233453 0
    outer loop
      vertex 87.6507 3.37427 0
      vertex 87.5042 2.76395 2.8
      vertex 87.5042 2.76395 0
    endloop
  endfacet
  facet normal 0.923886 -0.382667 0
    outer loop
      vertex 87.264 2.18405 2.8
      vertex 87.5042 2.76395 0
      vertex 87.5042 2.76395 2.8
    endloop
  endfacet
  facet normal 0.923886 -0.382667 0
    outer loop
      vertex 87.5042 2.76395 0
      vertex 87.264 2.18405 2.8
      vertex 87.264 2.18405 0
    endloop
  endfacet
  facet normal -0.233447 0.972369 0
    outer loop
      vertex 3.37427 57.9507 0
      vertex 2.76393 57.8042 2.8
      vertex 3.37427 57.9507 2.8
    endloop
  endfacet
  facet normal -0.233447 0.972369 0
    outer loop
      vertex 2.76393 57.8042 2.8
      vertex 3.37427 57.9507 0
      vertex 2.76393 57.8042 0
    endloop
  endfacet
  facet normal -0.0784755 0.996916 0
    outer loop
      vertex 3.99999 58 0
      vertex 3.37427 57.9507 2.8
      vertex 3.99999 58 2.8
    endloop
  endfacet
  facet normal -0.0784755 0.996916 0
    outer loop
      vertex 3.37427 57.9507 2.8
      vertex 3.99999 58 0
      vertex 3.37427 57.9507 0
    endloop
  endfacet
  facet normal 0 0 1
    outer loop
      vertex 3.05001 25.8 4.3
      vertex 2.6 25.2 4.3
      vertex 3.05001 25.2 4.3
    endloop
  endfacet
  facet normal 0 0 1
    outer loop
      vertex 2.05001 25.8 4.3
      vertex 2.6 23.4 4.3
      vertex 2.6 25.2 4.3
    endloop
  endfacet
  facet normal 0 0 1
    outer loop
      vertex 2.6 23.4 4.3
      vertex 2.05001 4 4.3
      vertex 2.42243 2.85382 4.3
    endloop
  endfacet
  facet normal 0 0 1
    outer loop
      vertex 2.42243 2.85382 4.3
      vertex 2.05001 4 4.3
      vertex 2.26255 3.11473 4.3
    endloop
  endfacet
  facet normal 0 0 1
    outer loop
      vertex 2.26255 3.11473 4.3
      vertex 2.05001 4 4.3
      vertex 2.14545 3.39743 4.3
    endloop
  endfacet
  facet normal -0 0 1
    outer loop
      vertex 2.05001 25.8 4.3
      vertex 2.6 25.2 4.3
      vertex 3.05001 25.8 4.3
    endloop
  endfacet
  facet normal 0 0 1
    outer loop
      vertex 2.6 23.4 4.3
      vertex 2.05001 25.8 4.3
      vertex 2.05001 4 4.3
    endloop
  endfacet
  facet normal 0 0 1
    outer loop
      vertex 2.14545 3.39743 4.3
      vertex 2.05001 4 4.3
      vertex 2.07401 3.69496 4.3
    endloop
  endfacet
  facet normal -0 0 1
    outer loop
      vertex 2.6 23.4 4.3
      vertex 3.05001 4 4.3
      vertex 3.05001 23.4 4.3
    endloop
  endfacet
  facet normal 0 -0 1
    outer loop
      vertex 2.62114 2.62115 4.3
      vertex 3.05001 4 4.3
      vertex 2.42243 2.85382 4.3
    endloop
  endfacet
  facet normal 0 0 1
    outer loop
      vertex 3.05001 4 4.3
      vertex 2.6 23.4 4.3
      vertex 2.42243 2.85382 4.3
    endloop
  endfacet
  facet normal 0 0 1
    outer loop
      vertex 3.05001 4 4.3
      vertex 2.62114 2.62115 4.3
      vertex 2.85382 2.42242 4.3
    endloop
  endfacet
  facet normal 0 0 1
    outer loop
      vertex 3.99999 2.05 4.3
      vertex 8.41416 3.05 4.3
      vertex 3.99999 3.05 4.3
    endloop
  endfacet
  facet normal 0 0 1
    outer loop
      vertex 8.41416 3.05 4.3
      vertex 3.99999 2.05 4.3
      vertex 8.76052 2.75418 4.3
    endloop
  endfacet
  facet normal 0 0 1
    outer loop
      vertex 8.76052 2.75418 4.3
      vertex 3.99999 2.05 4.3
      vertex 9.42963 2.34415 4.3
    endloop
  endfacet
  facet normal 0 0 1
    outer loop
      vertex 9.42963 2.34415 4.3
      vertex 3.99999 2.05 4.3
      vertex 10.1398 2.05 4.3
    endloop
  endfacet
  facet normal 0 0 1
    outer loop
      vertex 3.85138 3.06171 4.3
      vertex 3.99999 2.05 4.3
      vertex 3.99999 3.05 4.3
    endloop
  endfacet
  facet normal 0 0 1
    outer loop
      vertex 3.69496 2.07402 4.3
      vertex 3.85138 3.06171 4.3
      vertex 3.70642 3.0965 4.3
    endloop
  endfacet
  facet normal 0 0 1
    outer loop
      vertex 3.85138 3.06171 4.3
      vertex 3.69496 2.07402 4.3
      vertex 3.99999 2.05 4.3
    endloop
  endfacet
  facet normal 0 0 1
    outer loop
      vertex 3.39742 2.14545 4.3
      vertex 3.70642 3.0965 4.3
      vertex 3.56871 3.15355 4.3
    endloop
  endfacet
  facet normal 0 0 1
    outer loop
      vertex 3.11472 2.26254 4.3
      vertex 3.56871 3.15355 4.3
      vertex 3.44161 3.23145 4.3
    endloop
  endfacet
  facet normal 0 0 1
    outer loop
      vertex 3.70642 3.0965 4.3
      vertex 3.39742 2.14545 4.3
      vertex 3.69496 2.07402 4.3
    endloop
  endfacet
  facet normal 0 0 1
    outer loop
      vertex 2.85382 2.42242 4.3
      vertex 3.44161 3.23145 4.3
      vertex 3.32825 3.32826 4.3
    endloop
  endfacet
  facet normal 0 0 1
    outer loop
      vertex 2.85382 2.42242 4.3
      vertex 3.32825 3.32826 4.3
      vertex 3.23145 3.4416 4.3
    endloop
  endfacet
  facet normal 0 0 1
    outer loop
      vertex 2.85382 2.42242 4.3
      vertex 3.23145 3.4416 4.3
      vertex 3.15355 3.56871 4.3
    endloop
  endfacet
  facet normal 0 0 1
    outer loop
      vertex 3.56871 3.15355 4.3
      vertex 3.11472 2.26254 4.3
      vertex 3.39742 2.14545 4.3
    endloop
  endfacet
  facet normal 0 0 1
    outer loop
      vertex 2.85382 2.42242 4.3
      vertex 3.15355 3.56871 4.3
      vertex 3.0965 3.70644 4.3
    endloop
  endfacet
  facet normal 0 0 1
    outer loop
      vertex 2.85382 2.42242 4.3
      vertex 3.0965 3.70644 4.3
      vertex 3.06171 3.85139 4.3
    endloop
  endfacet
  facet normal 0 0 1
    outer loop
      vertex 2.85382 2.42242 4.3
      vertex 3.06171 3.85139 4.3
      vertex 3.05001 4 4.3
    endloop
  endfacet
  facet normal 0 0 1
    outer loop
      vertex 3.44161 3.23145 4.3
      vertex 2.85382 2.42242 4.3
      vertex 3.11472 2.26254 4.3
    endloop
  endfacet
  facet normal -0 0 1
    outer loop
      vertex 3.99999 55.95 4.3
      vertex 24.9177 55.9393 4.3
      vertex 25.053 55.95 4.3
    endloop
  endfacet
  facet normal 0 0 1
    outer loop
      vertex 3.99999 55.95 4.3
      vertex 24.1546 55.7561 4.3
      vertex 24.9177 55.9393 4.3
    endloop
  endfacet
  facet normal 0 0 1
    outer loop
      vertex 3.99999 55.95 4.3
      vertex 23.4296 55.4559 4.3
      vertex 24.1546 55.7561 4.3
    endloop
  endfacet
  facet normal 0 0 1
    outer loop
      vertex 3.99999 55.95 4.3
      vertex 22.7605 55.0458 4.3
      vertex 23.4296 55.4559 4.3
    endloop
  endfacet
  facet normal 0 0 1
    outer loop
      vertex 3.99999 55.95 4.3
      vertex 22.6483 54.95 4.3
      vertex 22.7605 55.0458 4.3
    endloop
  endfacet
  facet normal 0 0 1
    outer loop
      vertex 3.99999 55.95 4.3
      vertex 3.99999 54.95 4.3
      vertex 22.6483 54.95 4.3
    endloop
  endfacet
  facet normal 0 0 1
    outer loop
      vertex 3.99999 55.95 4.3
      vertex 3.85138 54.9383 4.3
      vertex 3.99999 54.95 4.3
    endloop
  endfacet
  facet normal -0 0 1
    outer loop
      vertex 3.69496 55.926 4.3
      vertex 3.85138 54.9383 4.3
      vertex 3.99999 55.95 4.3
    endloop
  endfacet
  facet normal 0 0 1
    outer loop
      vertex 3.85138 54.9383 4.3
      vertex 3.69496 55.926 4.3
      vertex 3.70642 54.9035 4.3
    endloop
  endfacet
  facet normal -0 0 1
    outer loop
      vertex 3.39742 55.8546 4.3
      vertex 3.70642 54.9035 4.3
      vertex 3.69496 55.926 4.3
    endloop
  endfacet
  facet normal 0 0 1
    outer loop
      vertex 3.70642 54.9035 4.3
      vertex 3.39742 55.8546 4.3
      vertex 3.56871 54.8465 4.3
    endloop
  endfacet
  facet normal -0 0 1
    outer loop
      vertex 3.11472 55.7375 4.3
      vertex 3.56871 54.8465 4.3
      vertex 3.39742 55.8546 4.3
    endloop
  endfacet
  facet normal 0 0 1
    outer loop
      vertex 3.56871 54.8465 4.3
      vertex 3.11472 55.7375 4.3
      vertex 3.44161 54.7686 4.3
    endloop
  endfacet
  facet normal -0 0 1
    outer loop
      vertex 2.85382 55.5776 4.3
      vertex 3.44161 54.7686 4.3
      vertex 3.11472 55.7375 4.3
    endloop
  endfacet
  facet normal 0 0 1
    outer loop
      vertex 3.44161 54.7686 4.3
      vertex 2.85382 55.5776 4.3
      vertex 3.32825 54.6717 4.3
    endloop
  endfacet
  facet normal -0 0 1
    outer loop
      vertex 2.62114 55.3788 4.3
      vertex 3.32825 54.6717 4.3
      vertex 2.85382 55.5776 4.3
    endloop
  endfacet
  facet normal 0 0 1
    outer loop
      vertex 3.32825 54.6717 4.3
      vertex 2.62114 55.3788 4.3
      vertex 3.23145 54.5584 4.3
    endloop
  endfacet
  facet normal -0 0 1
    outer loop
      vertex 2.42243 55.1462 4.3
      vertex 3.23145 54.5584 4.3
      vertex 2.62114 55.3788 4.3
    endloop
  endfacet
  facet normal 0 0 1
    outer loop
      vertex 3.23145 54.5584 4.3
      vertex 2.42243 55.1462 4.3
      vertex 3.15355 54.4313 4.3
    endloop
  endfacet
  facet normal -0 0 1
    outer loop
      vertex 2.26255 54.8853 4.3
      vertex 3.15355 54.4313 4.3
      vertex 2.42243 55.1462 4.3
    endloop
  endfacet
  facet normal 0 0 1
    outer loop
      vertex 3.15355 54.4313 4.3
      vertex 2.26255 54.8853 4.3
      vertex 3.0965 54.2936 4.3
    endloop
  endfacet
  facet normal -0 0 1
    outer loop
      vertex 2.14545 54.6026 4.3
      vertex 3.0965 54.2936 4.3
      vertex 2.26255 54.8853 4.3
    endloop
  endfacet
  facet normal 0 -0 1
    outer loop
      vertex 2.6 35.2 4.3
      vertex 3.05001 54 4.3
      vertex 2.05001 54 4.3
    endloop
  endfacet
  facet normal 0 0 1
    outer loop
      vertex 3.05001 54 4.3
      vertex 2.6 35.2 4.3
      vertex 3.05001 35.2 4.3
    endloop
  endfacet
  facet normal 0 0 1
    outer loop
      vertex 3.0965 54.2936 4.3
      vertex 2.14545 54.6026 4.3
      vertex 3.06171 54.1486 4.3
    endloop
  endfacet
  facet normal -0 0 1
    outer loop
      vertex 2.6 33.4 4.3
      vertex 3.05001 32.8 4.3
      vertex 3.05001 33.4 4.3
    endloop
  endfacet
  facet normal -0 0 1
    outer loop
      vertex 2.07401 54.305 4.3
      vertex 3.06171 54.1486 4.3
      vertex 2.14545 54.6026 4.3
    endloop
  endfacet
  facet normal 0 0 1
    outer loop
      vertex 3.06171 54.1486 4.3
      vertex 2.07401 54.305 4.3
      vertex 3.05001 54 4.3
    endloop
  endfacet
  facet normal 0 0 1
    outer loop
      vertex 3.05001 54 4.3
      vertex 2.07401 54.305 4.3
      vertex 2.05001 54 4.3
    endloop
  endfacet
  facet normal 0 0 1
    outer loop
      vertex 2.05001 32.8 4.3
      vertex 2.6 35.2 4.3
      vertex 2.05001 54 4.3
    endloop
  endfacet
  facet normal 0 0 1
    outer loop
      vertex 2.6 33.4 4.3
      vertex 2.05001 32.8 4.3
      vertex 3.05001 32.8 4.3
    endloop
  endfacet
  facet normal 0 0 1
    outer loop
      vertex 2.6 35.2 4.3
      vertex 2.05001 32.8 4.3
      vertex 2.6 33.4 4.3
    endloop
  endfacet
  facet normal 0 0 1
    outer loop
      vertex 45.7605 55.0458 4.3
      vertex 28.7517 54.95 4.3
      vertex 45.6483 54.95 4.3
    endloop
  endfacet
  facet normal 0 0 1
    outer loop
      vertex 28.6395 55.0458 4.3
      vertex 45.7605 55.0458 4.3
      vertex 46.4296 55.4559 4.3
    endloop
  endfacet
  facet normal 0 0 1
    outer loop
      vertex 27.9704 55.4559 4.3
      vertex 46.4296 55.4559 4.3
      vertex 47.1546 55.7561 4.3
    endloop
  endfacet
  facet normal 0 0 1
    outer loop
      vertex 27.2454 55.7561 4.3
      vertex 47.1546 55.7561 4.3
      vertex 47.9177 55.9393 4.3
    endloop
  endfacet
  facet normal 0 0 1
    outer loop
      vertex 26.4823 55.9393 4.3
      vertex 47.9177 55.9393 4.3
      vertex 48.053 55.95 4.3
    endloop
  endfacet
  facet normal 0 0 1
    outer loop
      vertex 45.7605 55.0458 4.3
      vertex 28.6395 55.0458 4.3
      vertex 28.7517 54.95 4.3
    endloop
  endfacet
  facet normal 0 0 1
    outer loop
      vertex 46.4296 55.4559 4.3
      vertex 27.9704 55.4559 4.3
      vertex 28.6395 55.0458 4.3
    endloop
  endfacet
  facet normal 0 0 1
    outer loop
      vertex 47.1546 55.7561 4.3
      vertex 27.2454 55.7561 4.3
      vertex 27.9704 55.4559 4.3
    endloop
  endfacet
  facet normal 0 0 1
    outer loop
      vertex 47.9177 55.9393 4.3
      vertex 26.4823 55.9393 4.3
      vertex 27.2454 55.7561 4.3
    endloop
  endfacet
  facet normal 0 -0 1
    outer loop
      vertex 26.4823 55.9393 4.3
      vertex 48.053 55.95 4.3
      vertex 26.347 55.95 4.3
    endloop
  endfacet
  facet normal 0 0 1
    outer loop
      vertex 84.65 54 4.3
      vertex 85.65 54 4.3
      vertex 85.626 54.305 4.3
    endloop
  endfacet
  facet normal 0 0 1
    outer loop
      vertex 85.65 54 4.3
      vertex 84.65 54 4.3
      vertex 85.65 4 4.3
    endloop
  endfacet
  facet normal 0 0 1
    outer loop
      vertex 84.6383 54.1486 4.3
      vertex 85.626 54.305 4.3
      vertex 85.5546 54.6026 4.3
    endloop
  endfacet
  facet normal 0 0 1
    outer loop
      vertex 84.65 4 4.3
      vertex 85.65 4 4.3
      vertex 84.65 54 4.3
    endloop
  endfacet
  facet normal 0 0 1
    outer loop
      vertex 84.6035 54.2936 4.3
      vertex 85.5546 54.6026 4.3
      vertex 85.4375 54.8853 4.3
    endloop
  endfacet
  facet normal 0 0 1
    outer loop
      vertex 85.65 4 4.3
      vertex 84.65 4 4.3
      vertex 85.626 3.69496 4.3
    endloop
  endfacet
  facet normal 0 0 1
    outer loop
      vertex 84.5464 54.4313 4.3
      vertex 85.4375 54.8853 4.3
      vertex 85.2776 55.1462 4.3
    endloop
  endfacet
  facet normal -0 0 1
    outer loop
      vertex 84.6383 3.85139 4.3
      vertex 85.626 3.69496 4.3
      vertex 84.65 4 4.3
    endloop
  endfacet
  facet normal 0 0 1
    outer loop
      vertex 84.4686 54.5584 4.3
      vertex 85.2776 55.1462 4.3
      vertex 85.0788 55.3788 4.3
    endloop
  endfacet
  facet normal 0 0 1
    outer loop
      vertex 85.626 3.69496 4.3
      vertex 84.6383 3.85139 4.3
      vertex 85.5546 3.39743 4.3
    endloop
  endfacet
  facet normal 0 0 1
    outer loop
      vertex 84.3717 54.6717 4.3
      vertex 85.0788 55.3788 4.3
      vertex 84.8462 55.5776 4.3
    endloop
  endfacet
  facet normal -0 0 1
    outer loop
      vertex 84.6035 3.70644 4.3
      vertex 85.5546 3.39743 4.3
      vertex 84.6383 3.85139 4.3
    endloop
  endfacet
  facet normal 0 0 1
    outer loop
      vertex 85.5546 3.39743 4.3
      vertex 84.6035 3.70644 4.3
      vertex 85.4375 3.11473 4.3
    endloop
  endfacet
  facet normal 0 0 1
    outer loop
      vertex 85.626 54.305 4.3
      vertex 84.6383 54.1486 4.3
      vertex 84.65 54 4.3
    endloop
  endfacet
  facet normal 0 0 1
    outer loop
      vertex 85.5546 54.6026 4.3
      vertex 84.6035 54.2936 4.3
      vertex 84.6383 54.1486 4.3
    endloop
  endfacet
  facet normal 0 0 1
    outer loop
      vertex 84.2584 54.7686 4.3
      vertex 84.8462 55.5776 4.3
      vertex 84.5853 55.7375 4.3
    endloop
  endfacet
  facet normal 0 0 1
    outer loop
      vertex 85.4375 54.8853 4.3
      vertex 84.5464 54.4313 4.3
      vertex 84.6035 54.2936 4.3
    endloop
  endfacet
  facet normal 0 0 1
    outer loop
      vertex 85.2776 55.1462 4.3
      vertex 84.4686 54.5584 4.3
      vertex 84.5464 54.4313 4.3
    endloop
  endfacet
  facet normal 0 0 1
    outer loop
      vertex 85.0788 55.3788 4.3
      vertex 84.3717 54.6717 4.3
      vertex 84.4686 54.5584 4.3
    endloop
  endfacet
  facet normal 0 0 1
    outer loop
      vertex 84.1313 54.8465 4.3
      vertex 84.5853 55.7375 4.3
      vertex 84.3026 55.8546 4.3
    endloop
  endfacet
  facet normal 0 0 1
    outer loop
      vertex 84.8462 55.5776 4.3
      vertex 84.2584 54.7686 4.3
      vertex 84.3717 54.6717 4.3
    endloop
  endfacet
  facet normal 0 0 1
    outer loop
      vertex 84.5853 55.7375 4.3
      vertex 84.1313 54.8465 4.3
      vertex 84.2584 54.7686 4.3
    endloop
  endfacet
  facet normal 0 0 1
    outer loop
      vertex 83.9936 54.9035 4.3
      vertex 84.3026 55.8546 4.3
      vertex 84.005 55.926 4.3
    endloop
  endfacet
  facet normal 0 0 1
    outer loop
      vertex 84.3026 55.8546 4.3
      vertex 83.9936 54.9035 4.3
      vertex 84.1313 54.8465 4.3
    endloop
  endfacet
  facet normal 0 0 1
    outer loop
      vertex 84.005 55.926 4.3
      vertex 83.8486 54.9383 4.3
      vertex 83.9936 54.9035 4.3
    endloop
  endfacet
  facet normal 0 0 1
    outer loop
      vertex 83.7 55.95 4.3
      vertex 83.8486 54.9383 4.3
      vertex 84.005 55.926 4.3
    endloop
  endfacet
  facet normal 0 0 1
    outer loop
      vertex 83.7 55.95 4.3
      vertex 83.7 54.95 4.3
      vertex 83.8486 54.9383 4.3
    endloop
  endfacet
  facet normal 0 0 1
    outer loop
      vertex 83.7 55.95 4.3
      vertex 51.7517 54.95 4.3
      vertex 83.7 54.95 4.3
    endloop
  endfacet
  facet normal 0 0 1
    outer loop
      vertex 83.7 55.95 4.3
      vertex 51.6395 55.0458 4.3
      vertex 51.7517 54.95 4.3
    endloop
  endfacet
  facet normal 0 0 1
    outer loop
      vertex 83.7 55.95 4.3
      vertex 50.9704 55.4559 4.3
      vertex 51.6395 55.0458 4.3
    endloop
  endfacet
  facet normal 0 0 1
    outer loop
      vertex 83.7 55.95 4.3
      vertex 50.2454 55.7561 4.3
      vertex 50.9704 55.4559 4.3
    endloop
  endfacet
  facet normal 0 0 1
    outer loop
      vertex 83.7 55.95 4.3
      vertex 49.4823 55.9393 4.3
      vertex 50.2454 55.7561 4.3
    endloop
  endfacet
  facet normal 0 -0 1
    outer loop
      vertex 49.4823 55.9393 4.3
      vertex 83.7 55.95 4.3
      vertex 49.347 55.95 4.3
    endloop
  endfacet
  facet normal -0 0 1
    outer loop
      vertex 84.5464 3.56871 4.3
      vertex 85.4375 3.11473 4.3
      vertex 84.6035 3.70644 4.3
    endloop
  endfacet
  facet normal 0 0 1
    outer loop
      vertex 85.4375 3.11473 4.3
      vertex 84.5464 3.56871 4.3
      vertex 85.2776 2.85382 4.3
    endloop
  endfacet
  facet normal -0 0 1
    outer loop
      vertex 84.4686 3.4416 4.3
      vertex 85.2776 2.85382 4.3
      vertex 84.5464 3.56871 4.3
    endloop
  endfacet
  facet normal 0 0 1
    outer loop
      vertex 85.2776 2.85382 4.3
      vertex 84.4686 3.4416 4.3
      vertex 85.0788 2.62115 4.3
    endloop
  endfacet
  facet normal -0 0 1
    outer loop
      vertex 84.3717 3.32826 4.3
      vertex 85.0788 2.62115 4.3
      vertex 84.4686 3.4416 4.3
    endloop
  endfacet
  facet normal 0 0 1
    outer loop
      vertex 85.0788 2.62115 4.3
      vertex 84.3717 3.32826 4.3
      vertex 84.8462 2.42242 4.3
    endloop
  endfacet
  facet normal -0 0 1
    outer loop
      vertex 84.2584 3.23145 4.3
      vertex 84.8462 2.42242 4.3
      vertex 84.3717 3.32826 4.3
    endloop
  endfacet
  facet normal 0 0 1
    outer loop
      vertex 84.8462 2.42242 4.3
      vertex 84.2584 3.23145 4.3
      vertex 84.5853 2.26254 4.3
    endloop
  endfacet
  facet normal -0 0 1
    outer loop
      vertex 84.1313 3.15355 4.3
      vertex 84.5853 2.26254 4.3
      vertex 84.2584 3.23145 4.3
    endloop
  endfacet
  facet normal 0 0 1
    outer loop
      vertex 84.5853 2.26254 4.3
      vertex 84.1313 3.15355 4.3
      vertex 84.3026 2.14545 4.3
    endloop
  endfacet
  facet normal -0 0 1
    outer loop
      vertex 83.9936 3.0965 4.3
      vertex 84.3026 2.14545 4.3
      vertex 84.1313 3.15355 4.3
    endloop
  endfacet
  facet normal 0 0 1
    outer loop
      vertex 84.3026 2.14545 4.3
      vertex 83.9936 3.0965 4.3
      vertex 84.005 2.07402 4.3
    endloop
  endfacet
  facet normal -0 0 1
    outer loop
      vertex 83.8486 3.06171 4.3
      vertex 84.005 2.07402 4.3
      vertex 83.9936 3.0965 4.3
    endloop
  endfacet
  facet normal -0 0 1
    outer loop
      vertex 83.7 3.05 4.3
      vertex 84.005 2.07402 4.3
      vertex 83.8486 3.06171 4.3
    endloop
  endfacet
  facet normal 0 0 1
    outer loop
      vertex 83.7 3.05 4.3
      vertex 83.7 2.05 4.3
      vertex 84.005 2.07402 4.3
    endloop
  endfacet
  facet normal -0 0 1
    outer loop
      vertex 51.9858 3.05 4.3
      vertex 83.7 2.05 4.3
      vertex 83.7 3.05 4.3
    endloop
  endfacet
  facet normal -0 0 1
    outer loop
      vertex 51.6395 2.75418 4.3
      vertex 83.7 2.05 4.3
      vertex 51.9858 3.05 4.3
    endloop
  endfacet
  facet normal -0 0 1
    outer loop
      vertex 50.9704 2.34415 4.3
      vertex 83.7 2.05 4.3
      vertex 51.6395 2.75418 4.3
    endloop
  endfacet
  facet normal 0 0 1
    outer loop
      vertex 83.7 2.05 4.3
      vertex 50.9704 2.34415 4.3
      vertex 50.2602 2.05 4.3
    endloop
  endfacet
  facet normal -0 0 1
    outer loop
      vertex 14.9858 3.05 4.3
      vertex 45.7605 2.75418 4.3
      vertex 45.4142 3.05 4.3
    endloop
  endfacet
  facet normal 0 0 1
    outer loop
      vertex 14.6395 2.75418 4.3
      vertex 45.7605 2.75418 4.3
      vertex 14.9858 3.05 4.3
    endloop
  endfacet
  facet normal 0 0 1
    outer loop
      vertex 45.7605 2.75418 4.3
      vertex 14.6395 2.75418 4.3
      vertex 46.4296 2.34415 4.3
    endloop
  endfacet
  facet normal 0 0 1
    outer loop
      vertex 13.9704 2.34415 4.3
      vertex 46.4296 2.34415 4.3
      vertex 14.6395 2.75418 4.3
    endloop
  endfacet
  facet normal 0 0 1
    outer loop
      vertex 46.4296 2.34415 4.3
      vertex 13.9704 2.34415 4.3
      vertex 47.1398 2.05 4.3
    endloop
  endfacet
  facet normal 0 0 1
    outer loop
      vertex 47.1398 2.05 4.3
      vertex 13.9704 2.34415 4.3
      vertex 13.2602 2.05 4.3
    endloop
  endfacet
  facet normal 0.5225 0.85264 -0
    outer loop
      vertex 9.42963 2.34415 2.8
      vertex 8.76052 2.75418 4.3
      vertex 9.42963 2.34415 4.3
    endloop
  endfacet
  facet normal 0.5225 0.85264 0
    outer loop
      vertex 8.76052 2.75418 4.3
      vertex 9.42963 2.34415 2.8
      vertex 8.76052 2.75418 2.8
    endloop
  endfacet
  facet normal 0.649452 0.760402 -0
    outer loop
      vertex 8.76052 2.75418 2.8
      vertex 8.41416 3.05 4.3
      vertex 8.76052 2.75418 4.3
    endloop
  endfacet
  facet normal 0.649452 0.760402 0
    outer loop
      vertex 8.41416 3.05 4.3
      vertex 8.76052 2.75418 2.8
      vertex 8.41416 3.05 2.8
    endloop
  endfacet
  facet normal 0 1 -0
    outer loop
      vertex 8.41416 3.05 2.8
      vertex 3.99999 3.05 4.3
      vertex 8.41416 3.05 4.3
    endloop
  endfacet
  facet normal 0 1 0
    outer loop
      vertex 3.99999 3.05 4.3
      vertex 8.41416 3.05 2.8
      vertex 3.99999 3.05 2.8
    endloop
  endfacet
  facet normal 0.0785124 0.996913 -0
    outer loop
      vertex 3.99999 3.05 2.8
      vertex 3.85138 3.06171 4.3
      vertex 3.99999 3.05 4.3
    endloop
  endfacet
  facet normal 0.0785124 0.996913 0
    outer loop
      vertex 3.85138 3.06171 4.3
      vertex 3.99999 3.05 2.8
      vertex 3.85138 3.06171 2.8
    endloop
  endfacet
  facet normal 0.233373 0.972387 -0
    outer loop
      vertex 3.85138 3.06171 2.8
      vertex 3.70642 3.0965 4.3
      vertex 3.85138 3.06171 4.3
    endloop
  endfacet
  facet normal 0.233373 0.972387 0
    outer loop
      vertex 3.70642 3.0965 4.3
      vertex 3.85138 3.06171 2.8
      vertex 3.70642 3.0965 2.8
    endloop
  endfacet
  facet normal 0.382747 0.923853 -0
    outer loop
      vertex 3.70642 3.0965 2.8
      vertex 3.56871 3.15355 4.3
      vertex 3.70642 3.0965 4.3
    endloop
  endfacet
  facet normal 0.382747 0.923853 0
    outer loop
      vertex 3.56871 3.15355 4.3
      vertex 3.70642 3.0965 2.8
      vertex 3.56871 3.15355 2.8
    endloop
  endfacet
  facet normal 0.522526 0.852623 -0
    outer loop
      vertex 3.56871 3.15355 2.8
      vertex 3.44161 3.23145 4.3
      vertex 3.56871 3.15355 4.3
    endloop
  endfacet
  facet normal 0.522526 0.852623 0
    outer loop
      vertex 3.44161 3.23145 4.3
      vertex 3.56871 3.15355 2.8
      vertex 3.44161 3.23145 2.8
    endloop
  endfacet
  facet normal 0.64945 0.760404 -0
    outer loop
      vertex 3.44161 3.23145 2.8
      vertex 3.32825 3.32826 4.3
      vertex 3.44161 3.23145 4.3
    endloop
  endfacet
  facet normal 0.64945 0.760404 0
    outer loop
      vertex 3.32825 3.32826 4.3
      vertex 3.44161 3.23145 2.8
      vertex 3.32825 3.32826 2.8
    endloop
  endfacet
  facet normal 0.760412 0.649441 0
    outer loop
      vertex 3.32825 3.32826 4.3
      vertex 3.23145 3.4416 2.8
      vertex 3.23145 3.4416 4.3
    endloop
  endfacet
  facet normal 0.760412 0.649441 0
    outer loop
      vertex 3.23145 3.4416 2.8
      vertex 3.32825 3.32826 4.3
      vertex 3.32825 3.32826 2.8
    endloop
  endfacet
  facet normal 0.852623 0.522526 0
    outer loop
      vertex 3.23145 3.4416 4.3
      vertex 3.15355 3.56871 2.8
      vertex 3.15355 3.56871 4.3
    endloop
  endfacet
  facet normal 0.852623 0.522526 0
    outer loop
      vertex 3.15355 3.56871 2.8
      vertex 3.23145 3.4416 4.3
      vertex 3.23145 3.4416 2.8
    endloop
  endfacet
  facet normal 0.923868 0.38271 0
    outer loop
      vertex 3.15355 3.56871 4.3
      vertex 3.0965 3.70644 2.8
      vertex 3.0965 3.70644 4.3
    endloop
  endfacet
  facet normal 0.923868 0.38271 0
    outer loop
      vertex 3.0965 3.70644 2.8
      vertex 3.15355 3.56871 4.3
      vertex 3.15355 3.56871 2.8
    endloop
  endfacet
  facet normal 0.972387 0.233373 0
    outer loop
      vertex 3.0965 3.70644 4.3
      vertex 3.06171 3.85139 2.8
      vertex 3.06171 3.85139 4.3
    endloop
  endfacet
  facet normal 0.972387 0.233373 0
    outer loop
      vertex 3.06171 3.85139 2.8
      vertex 3.0965 3.70644 4.3
      vertex 3.0965 3.70644 2.8
    endloop
  endfacet
  facet normal 0.996913 0.0785124 0
    outer loop
      vertex 3.06171 3.85139 4.3
      vertex 3.05001 4 2.8
      vertex 3.05001 4 4.3
    endloop
  endfacet
  facet normal 0.996913 0.0785124 0
    outer loop
      vertex 3.05001 4 2.8
      vertex 3.06171 3.85139 4.3
      vertex 3.06171 3.85139 2.8
    endloop
  endfacet
  facet normal 1 -0 0
    outer loop
      vertex 3.05001 4 4.3
      vertex 3.05001 23.4 2.8
      vertex 3.05001 23.4 4.3
    endloop
  endfacet
  facet normal 1 0 0
    outer loop
      vertex 3.05001 23.4 2.8
      vertex 3.05001 4 4.3
      vertex 3.05001 4 2.8
    endloop
  endfacet
  facet normal 1 -0 0
    outer loop
      vertex 3.05001 35.2 4.3
      vertex 3.05001 54 2.8
      vertex 3.05001 54 4.3
    endloop
  endfacet
  facet normal 1 0 0
    outer loop
      vertex 3.05001 54 2.8
      vertex 3.05001 35.2 4.3
      vertex 3.05001 35.2 2.8
    endloop
  endfacet
  facet normal 1 -0 0
    outer loop
      vertex 3.05001 25.2 4.3
      vertex 3.05001 25.8 2.8
      vertex 3.05001 25.8 4.3
    endloop
  endfacet
  facet normal 1 0 0
    outer loop
      vertex 3.05001 25.8 2.8
      vertex 3.05001 25.2 4.3
      vertex 3.05001 25.2 2.8
    endloop
  endfacet
  facet normal 1 -0 0
    outer loop
      vertex 3.05001 32.8 4.3
      vertex 3.05001 33.4 2.8
      vertex 3.05001 33.4 4.3
    endloop
  endfacet
  facet normal 1 0 0
    outer loop
      vertex 3.05001 33.4 2.8
      vertex 3.05001 32.8 4.3
      vertex 3.05001 32.8 2.8
    endloop
  endfacet
  facet normal 0.996913 -0.0785124 0
    outer loop
      vertex 3.05001 54 4.3
      vertex 3.06171 54.1486 2.8
      vertex 3.06171 54.1486 4.3
    endloop
  endfacet
  facet normal 0.996913 -0.0785124 0
    outer loop
      vertex 3.06171 54.1486 2.8
      vertex 3.05001 54 4.3
      vertex 3.05001 54 2.8
    endloop
  endfacet
  facet normal 0.972387 -0.233373 0
    outer loop
      vertex 3.06171 54.1486 4.3
      vertex 3.0965 54.2936 2.8
      vertex 3.0965 54.2936 4.3
    endloop
  endfacet
  facet normal 0.972387 -0.233373 0
    outer loop
      vertex 3.0965 54.2936 2.8
      vertex 3.06171 54.1486 4.3
      vertex 3.06171 54.1486 2.8
    endloop
  endfacet
  facet normal 0.923868 -0.38271 0
    outer loop
      vertex 3.0965 54.2936 4.3
      vertex 3.15355 54.4313 2.8
      vertex 3.15355 54.4313 4.3
    endloop
  endfacet
  facet normal 0.923868 -0.38271 0
    outer loop
      vertex 3.15355 54.4313 2.8
      vertex 3.0965 54.2936 4.3
      vertex 3.0965 54.2936 2.8
    endloop
  endfacet
  facet normal 0.852623 -0.522526 0
    outer loop
      vertex 3.15355 54.4313 4.3
      vertex 3.23145 54.5584 2.8
      vertex 3.23145 54.5584 4.3
    endloop
  endfacet
  facet normal 0.852623 -0.522526 0
    outer loop
      vertex 3.23145 54.5584 2.8
      vertex 3.15355 54.4313 4.3
      vertex 3.15355 54.4313 2.8
    endloop
  endfacet
  facet normal 0.760412 -0.649441 0
    outer loop
      vertex 3.23145 54.5584 4.3
      vertex 3.32825 54.6717 2.8
      vertex 3.32825 54.6717 4.3
    endloop
  endfacet
  facet normal 0.760412 -0.649441 0
    outer loop
      vertex 3.32825 54.6717 2.8
      vertex 3.23145 54.5584 4.3
      vertex 3.23145 54.5584 2.8
    endloop
  endfacet
  facet normal 0.64945 -0.760404 0
    outer loop
      vertex 3.32825 54.6717 2.8
      vertex 3.44161 54.7686 4.3
      vertex 3.32825 54.6717 4.3
    endloop
  endfacet
  facet normal 0.64945 -0.760404 0
    outer loop
      vertex 3.44161 54.7686 4.3
      vertex 3.32825 54.6717 2.8
      vertex 3.44161 54.7686 2.8
    endloop
  endfacet
  facet normal 0.522526 -0.852623 0
    outer loop
      vertex 3.44161 54.7686 2.8
      vertex 3.56871 54.8465 4.3
      vertex 3.44161 54.7686 4.3
    endloop
  endfacet
  facet normal 0.522526 -0.852623 0
    outer loop
      vertex 3.56871 54.8465 4.3
      vertex 3.44161 54.7686 2.8
      vertex 3.56871 54.8465 2.8
    endloop
  endfacet
  facet normal 0.382747 -0.923853 0
    outer loop
      vertex 3.56871 54.8465 2.8
      vertex 3.70642 54.9035 4.3
      vertex 3.56871 54.8465 4.3
    endloop
  endfacet
  facet normal 0.382747 -0.923853 0
    outer loop
      vertex 3.70642 54.9035 4.3
      vertex 3.56871 54.8465 2.8
      vertex 3.70642 54.9035 2.8
    endloop
  endfacet
  facet normal 0.233373 -0.972387 0
    outer loop
      vertex 3.70642 54.9035 2.8
      vertex 3.85138 54.9383 4.3
      vertex 3.70642 54.9035 4.3
    endloop
  endfacet
  facet normal 0.233373 -0.972387 0
    outer loop
      vertex 3.85138 54.9383 4.3
      vertex 3.70642 54.9035 2.8
      vertex 3.85138 54.9383 2.8
    endloop
  endfacet
  facet normal 0.0785124 -0.996913 0
    outer loop
      vertex 3.85138 54.9383 2.8
      vertex 3.99999 54.95 4.3
      vertex 3.85138 54.9383 4.3
    endloop
  endfacet
  facet normal 0.0785124 -0.996913 0
    outer loop
      vertex 3.99999 54.95 4.3
      vertex 3.85138 54.9383 2.8
      vertex 3.99999 54.95 2.8
    endloop
  endfacet
  facet normal 0 -1 0
    outer loop
      vertex 3.99999 54.95 2.8
      vertex 22.6483 54.95 4.3
      vertex 3.99999 54.95 4.3
    endloop
  endfacet
  facet normal 0 -1 -0
    outer loop
      vertex 22.6483 54.95 4.3
      vertex 3.99999 54.95 2.8
      vertex 22.6483 54.95 2.8
    endloop
  endfacet
  facet normal 0.649445 -0.760409 0
    outer loop
      vertex 22.6483 54.95 2.8
      vertex 22.7605 55.0458 4.3
      vertex 22.6483 54.95 4.3
    endloop
  endfacet
  facet normal 0.649445 -0.760409 0
    outer loop
      vertex 22.7605 55.0458 4.3
      vertex 22.6483 54.95 2.8
      vertex 22.7605 55.0458 2.8
    endloop
  endfacet
  facet normal 0.5225 -0.85264 0
    outer loop
      vertex 22.7605 55.0458 2.8
      vertex 23.4296 55.4559 4.3
      vertex 22.7605 55.0458 4.3
    endloop
  endfacet
  facet normal 0.5225 -0.85264 0
    outer loop
      vertex 23.4296 55.4559 4.3
      vertex 22.7605 55.0458 2.8
      vertex 23.4296 55.4559 2.8
    endloop
  endfacet
  facet normal 0.382675 -0.923883 0
    outer loop
      vertex 23.4296 55.4559 2.8
      vertex 24.1546 55.7561 4.3
      vertex 23.4296 55.4559 4.3
    endloop
  endfacet
  facet normal 0.382675 -0.923883 0
    outer loop
      vertex 24.1546 55.7561 4.3
      vertex 23.4296 55.4559 2.8
      vertex 24.1546 55.7561 2.8
    endloop
  endfacet
  facet normal 0.233448 -0.972369 0
    outer loop
      vertex 24.1546 55.7561 2.8
      vertex 24.9177 55.9393 4.3
      vertex 24.1546 55.7561 4.3
    endloop
  endfacet
  facet normal 0.233448 -0.972369 0
    outer loop
      vertex 24.9177 55.9393 4.3
      vertex 24.1546 55.7561 2.8
      vertex 24.9177 55.9393 2.8
    endloop
  endfacet
  facet normal 0.0784761 -0.996916 0
    outer loop
      vertex 24.9177 55.9393 2.8
      vertex 25.053 55.95 4.3
      vertex 24.9177 55.9393 4.3
    endloop
  endfacet
  facet normal 0.0784761 -0.996916 0
    outer loop
      vertex 25.053 55.95 4.3
      vertex 24.9177 55.9393 2.8
      vertex 25.053 55.95 2.8
    endloop
  endfacet
  facet normal 0 1 -0
    outer loop
      vertex 25.053 55.95 2.8
      vertex 3.99999 55.95 4.3
      vertex 25.053 55.95 4.3
    endloop
  endfacet
  facet normal 0 1 0
    outer loop
      vertex 3.99999 55.95 4.3
      vertex 25.053 55.95 2.8
      vertex 3.99999 55.95 2.8
    endloop
  endfacet
  facet normal -0.0784964 0.996914 0
    outer loop
      vertex 3.99999 55.95 2.8
      vertex 3.69496 55.926 4.3
      vertex 3.99999 55.95 4.3
    endloop
  endfacet
  facet normal -0.0784964 0.996914 0
    outer loop
      vertex 3.69496 55.926 4.3
      vertex 3.99999 55.95 2.8
      vertex 3.69496 55.926 2.8
    endloop
  endfacet
  facet normal -0.23342 0.972376 0
    outer loop
      vertex 3.69496 55.926 2.8
      vertex 3.39742 55.8546 4.3
      vertex 3.69496 55.926 4.3
    endloop
  endfacet
  facet normal -0.23342 0.972376 0
    outer loop
      vertex 3.39742 55.8546 4.3
      vertex 3.69496 55.926 2.8
      vertex 3.39742 55.8546 2.8
    endloop
  endfacet
  facet normal -0.382678 0.923882 0
    outer loop
      vertex 3.39742 55.8546 2.8
      vertex 3.11472 55.7375 4.3
      vertex 3.39742 55.8546 4.3
    endloop
  endfacet
  facet normal -0.382678 0.923882 0
    outer loop
      vertex 3.11472 55.7375 4.3
      vertex 3.39742 55.8546 2.8
      vertex 3.11472 55.7375 2.8
    endloop
  endfacet
  facet normal -0.522511 0.852633 0
    outer loop
      vertex 3.11472 55.7375 2.8
      vertex 2.85382 55.5776 4.3
      vertex 3.11472 55.7375 4.3
    endloop
  endfacet
  facet normal -0.522511 0.852633 0
    outer loop
      vertex 2.85382 55.5776 4.3
      vertex 3.11472 55.7375 2.8
      vertex 2.85382 55.5776 2.8
    endloop
  endfacet
  facet normal -0.649452 0.760403 0
    outer loop
      vertex 2.85382 55.5776 2.8
      vertex 2.62114 55.3788 4.3
      vertex 2.85382 55.5776 4.3
    endloop
  endfacet
  facet normal -0.649452 0.760403 0
    outer loop
      vertex 2.62114 55.3788 4.3
      vertex 2.85382 55.5776 2.8
      vertex 2.62114 55.3788 2.8
    endloop
  endfacet
  facet normal -0.760407 0.649447 0
    outer loop
      vertex 2.42243 55.1462 2.8
      vertex 2.62114 55.3788 4.3
      vertex 2.62114 55.3788 2.8
    endloop
  endfacet
  facet normal -0.760407 0.649447 0
    outer loop
      vertex 2.62114 55.3788 4.3
      vertex 2.42243 55.1462 2.8
      vertex 2.42243 55.1462 4.3
    endloop
  endfacet
  facet normal -0.852646 0.522488 0
    outer loop
      vertex 2.26255 54.8853 2.8
      vertex 2.42243 55.1462 4.3
      vertex 2.42243 55.1462 2.8
    endloop
  endfacet
  facet normal -0.852646 0.522488 0
    outer loop
      vertex 2.42243 55.1462 4.3
      vertex 2.26255 54.8853 2.8
      vertex 2.26255 54.8853 4.3
    endloop
  endfacet
  facet normal -0.923882 0.382678 0
    outer loop
      vertex 2.14545 54.6026 2.8
      vertex 2.26255 54.8853 4.3
      vertex 2.26255 54.8853 2.8
    endloop
  endfacet
  facet normal -0.923882 0.382678 0
    outer loop
      vertex 2.26255 54.8853 4.3
      vertex 2.14545 54.6026 2.8
      vertex 2.14545 54.6026 4.3
    endloop
  endfacet
  facet normal -0.972362 0.233479 0
    outer loop
      vertex 2.07401 54.305 2.8
      vertex 2.14545 54.6026 4.3
      vertex 2.14545 54.6026 2.8
    endloop
  endfacet
  facet normal -0.972362 0.233479 0
    outer loop
      vertex 2.14545 54.6026 4.3
      vertex 2.07401 54.305 2.8
      vertex 2.07401 54.305 4.3
    endloop
  endfacet
  facet normal -0.996919 0.0784429 0
    outer loop
      vertex 2.05001 54 2.8
      vertex 2.07401 54.305 4.3
      vertex 2.07401 54.305 2.8
    endloop
  endfacet
  facet normal -0.996919 0.0784429 0
    outer loop
      vertex 2.07401 54.305 4.3
      vertex 2.05001 54 2.8
      vertex 2.05001 54 4.3
    endloop
  endfacet
  facet normal -1 0 0
    outer loop
      vertex 2.05001 4 2.8
      vertex 2.05001 25.8 4.3
      vertex 2.05001 25.8 2.8
    endloop
  endfacet
  facet normal -1 -0 0
    outer loop
      vertex 2.05001 25.8 4.3
      vertex 2.05001 4 2.8
      vertex 2.05001 4 4.3
    endloop
  endfacet
  facet normal -1 0 0
    outer loop
      vertex 2.05001 32.8 2.8
      vertex 2.05001 54 4.3
      vertex 2.05001 54 2.8
    endloop
  endfacet
  facet normal -1 -0 0
    outer loop
      vertex 2.05001 54 4.3
      vertex 2.05001 32.8 2.8
      vertex 2.05001 32.8 4.3
    endloop
  endfacet
  facet normal -0.996919 -0.0784429 0
    outer loop
      vertex 2.07401 3.69496 2.8
      vertex 2.05001 4 4.3
      vertex 2.05001 4 2.8
    endloop
  endfacet
  facet normal -0.996919 -0.0784429 0
    outer loop
      vertex 2.05001 4 4.3
      vertex 2.07401 3.69496 2.8
      vertex 2.07401 3.69496 4.3
    endloop
  endfacet
  facet normal -0.972362 -0.233479 0
    outer loop
      vertex 2.14545 3.39743 2.8
      vertex 2.07401 3.69496 4.3
      vertex 2.07401 3.69496 2.8
    endloop
  endfacet
  facet normal -0.972362 -0.233479 0
    outer loop
      vertex 2.07401 3.69496 4.3
      vertex 2.14545 3.39743 2.8
      vertex 2.14545 3.39743 4.3
    endloop
  endfacet
  facet normal -0.923882 -0.382678 0
    outer loop
      vertex 2.26255 3.11473 2.8
      vertex 2.14545 3.39743 4.3
      vertex 2.14545 3.39743 2.8
    endloop
  endfacet
  facet normal -0.923882 -0.382678 0
    outer loop
      vertex 2.14545 3.39743 4.3
      vertex 2.26255 3.11473 2.8
      vertex 2.26255 3.11473 4.3
    endloop
  endfacet
  facet normal -0.852646 -0.522488 0
    outer loop
      vertex 2.42243 2.85382 2.8
      vertex 2.26255 3.11473 4.3
      vertex 2.26255 3.11473 2.8
    endloop
  endfacet
  facet normal -0.852646 -0.522488 0
    outer loop
      vertex 2.26255 3.11473 4.3
      vertex 2.42243 2.85382 2.8
      vertex 2.42243 2.85382 4.3
    endloop
  endfacet
  facet normal -0.760407 -0.649447 0
    outer loop
      vertex 2.62114 2.62115 2.8
      vertex 2.42243 2.85382 4.3
      vertex 2.42243 2.85382 2.8
    endloop
  endfacet
  facet normal -0.760407 -0.649447 0
    outer loop
      vertex 2.42243 2.85382 4.3
      vertex 2.62114 2.62115 2.8
      vertex 2.62114 2.62115 4.3
    endloop
  endfacet
  facet normal -0.649452 -0.760403 0
    outer loop
      vertex 2.62114 2.62115 2.8
      vertex 2.85382 2.42242 4.3
      vertex 2.62114 2.62115 4.3
    endloop
  endfacet
  facet normal -0.649452 -0.760403 -0
    outer loop
      vertex 2.85382 2.42242 4.3
      vertex 2.62114 2.62115 2.8
      vertex 2.85382 2.42242 2.8
    endloop
  endfacet
  facet normal -0.522511 -0.852633 0
    outer loop
      vertex 2.85382 2.42242 2.8
      vertex 3.11472 2.26254 4.3
      vertex 2.85382 2.42242 4.3
    endloop
  endfacet
  facet normal -0.522511 -0.852633 -0
    outer loop
      vertex 3.11472 2.26254 4.3
      vertex 2.85382 2.42242 2.8
      vertex 3.11472 2.26254 2.8
    endloop
  endfacet
  facet normal -0.382678 -0.923882 0
    outer loop
      vertex 3.11472 2.26254 2.8
      vertex 3.39742 2.14545 4.3
      vertex 3.11472 2.26254 4.3
    endloop
  endfacet
  facet normal -0.382678 -0.923882 -0
    outer loop
      vertex 3.39742 2.14545 4.3
      vertex 3.11472 2.26254 2.8
      vertex 3.39742 2.14545 2.8
    endloop
  endfacet
  facet normal -0.23342 -0.972376 0
    outer loop
      vertex 3.39742 2.14545 2.8
      vertex 3.69496 2.07402 4.3
      vertex 3.39742 2.14545 4.3
    endloop
  endfacet
  facet normal -0.23342 -0.972376 -0
    outer loop
      vertex 3.69496 2.07402 4.3
      vertex 3.39742 2.14545 2.8
      vertex 3.69496 2.07402 2.8
    endloop
  endfacet
  facet normal -0.0784964 -0.996914 0
    outer loop
      vertex 3.69496 2.07402 2.8
      vertex 3.99999 2.05 4.3
      vertex 3.69496 2.07402 4.3
    endloop
  endfacet
  facet normal -0.0784964 -0.996914 -0
    outer loop
      vertex 3.99999 2.05 4.3
      vertex 3.69496 2.07402 2.8
      vertex 3.99999 2.05 2.8
    endloop
  endfacet
  facet normal 0 -1 0
    outer loop
      vertex 3.99999 2.05 2.8
      vertex 10.1398 2.05 4.3
      vertex 3.99999 2.05 4.3
    endloop
  endfacet
  facet normal 0 -1 -0
    outer loop
      vertex 10.1398 2.05 4.3
      vertex 3.99999 2.05 2.8
      vertex 10.1398 2.05 2.8
    endloop
  endfacet
  facet normal 0.382675 0.923883 -0
    outer loop
      vertex 10.1398 2.05 2.8
      vertex 9.42963 2.34415 4.3
      vertex 10.1398 2.05 4.3
    endloop
  endfacet
  facet normal 0.382675 0.923883 0
    outer loop
      vertex 9.42963 2.34415 4.3
      vertex 10.1398 2.05 2.8
      vertex 9.42963 2.34415 2.8
    endloop
  endfacet
  facet normal 0.5225 -0.85264 0
    outer loop
      vertex 45.7605 55.0458 2.8
      vertex 46.4296 55.4559 4.3
      vertex 45.7605 55.0458 4.3
    endloop
  endfacet
  facet normal 0.5225 -0.85264 0
    outer loop
      vertex 46.4296 55.4559 4.3
      vertex 45.7605 55.0458 2.8
      vertex 46.4296 55.4559 2.8
    endloop
  endfacet
  facet normal 0.382675 -0.923883 0
    outer loop
      vertex 46.4296 55.4559 2.8
      vertex 47.1546 55.7561 4.3
      vertex 46.4296 55.4559 4.3
    endloop
  endfacet
  facet normal 0.382675 -0.923883 0
    outer loop
      vertex 47.1546 55.7561 4.3
      vertex 46.4296 55.4559 2.8
      vertex 47.1546 55.7561 2.8
    endloop
  endfacet
  facet normal 0.233448 -0.972369 0
    outer loop
      vertex 47.1546 55.7561 2.8
      vertex 47.9177 55.9393 4.3
      vertex 47.1546 55.7561 4.3
    endloop
  endfacet
  facet normal 0.233448 -0.972369 0
    outer loop
      vertex 47.9177 55.9393 4.3
      vertex 47.1546 55.7561 2.8
      vertex 47.9177 55.9393 2.8
    endloop
  endfacet
  facet normal 0.0784761 -0.996916 0
    outer loop
      vertex 47.9177 55.9393 2.8
      vertex 48.053 55.95 4.3
      vertex 47.9177 55.9393 4.3
    endloop
  endfacet
  facet normal 0.0784761 -0.996916 0
    outer loop
      vertex 48.053 55.95 4.3
      vertex 47.9177 55.9393 2.8
      vertex 48.053 55.95 2.8
    endloop
  endfacet
  facet normal 0 1 -0
    outer loop
      vertex 48.053 55.95 2.8
      vertex 26.347 55.95 4.3
      vertex 48.053 55.95 4.3
    endloop
  endfacet
  facet normal 0 1 0
    outer loop
      vertex 26.347 55.95 4.3
      vertex 48.053 55.95 2.8
      vertex 26.347 55.95 2.8
    endloop
  endfacet
  facet normal -0.0784761 -0.996916 0
    outer loop
      vertex 26.347 55.95 2.8
      vertex 26.4823 55.9393 4.3
      vertex 26.347 55.95 4.3
    endloop
  endfacet
  facet normal -0.0784761 -0.996916 -0
    outer loop
      vertex 26.4823 55.9393 4.3
      vertex 26.347 55.95 2.8
      vertex 26.4823 55.9393 2.8
    endloop
  endfacet
  facet normal -0.233448 -0.972369 0
    outer loop
      vertex 26.4823 55.9393 2.8
      vertex 27.2454 55.7561 4.3
      vertex 26.4823 55.9393 4.3
    endloop
  endfacet
  facet normal -0.233448 -0.972369 -0
    outer loop
      vertex 27.2454 55.7561 4.3
      vertex 26.4823 55.9393 2.8
      vertex 27.2454 55.7561 2.8
    endloop
  endfacet
  facet normal -0.382675 -0.923883 0
    outer loop
      vertex 27.2454 55.7561 2.8
      vertex 27.9704 55.4559 4.3
      vertex 27.2454 55.7561 4.3
    endloop
  endfacet
  facet normal -0.382675 -0.923883 -0
    outer loop
      vertex 27.9704 55.4559 4.3
      vertex 27.2454 55.7561 2.8
      vertex 27.9704 55.4559 2.8
    endloop
  endfacet
  facet normal -0.5225 -0.85264 0
    outer loop
      vertex 27.9704 55.4559 2.8
      vertex 28.6395 55.0458 4.3
      vertex 27.9704 55.4559 4.3
    endloop
  endfacet
  facet normal -0.5225 -0.85264 -0
    outer loop
      vertex 28.6395 55.0458 4.3
      vertex 27.9704 55.4559 2.8
      vertex 28.6395 55.0458 2.8
    endloop
  endfacet
  facet normal -0.649445 -0.760409 0
    outer loop
      vertex 28.6395 55.0458 2.8
      vertex 28.7517 54.95 4.3
      vertex 28.6395 55.0458 4.3
    endloop
  endfacet
  facet normal -0.649445 -0.760409 -0
    outer loop
      vertex 28.7517 54.95 4.3
      vertex 28.6395 55.0458 2.8
      vertex 28.7517 54.95 2.8
    endloop
  endfacet
  facet normal 0 -1 0
    outer loop
      vertex 28.7517 54.95 2.8
      vertex 45.6483 54.95 4.3
      vertex 28.7517 54.95 4.3
    endloop
  endfacet
  facet normal 0 -1 -0
    outer loop
      vertex 45.6483 54.95 4.3
      vertex 28.7517 54.95 2.8
      vertex 45.6483 54.95 2.8
    endloop
  endfacet
  facet normal 0.649445 -0.760409 0
    outer loop
      vertex 45.6483 54.95 2.8
      vertex 45.7605 55.0458 4.3
      vertex 45.6483 54.95 4.3
    endloop
  endfacet
  facet normal 0.649445 -0.760409 0
    outer loop
      vertex 45.7605 55.0458 4.3
      vertex 45.6483 54.95 2.8
      vertex 45.7605 55.0458 2.8
    endloop
  endfacet
  facet normal 0.233431 -0.972373 0
    outer loop
      vertex 84.005 2.07402 2.8
      vertex 84.3026 2.14545 4.3
      vertex 84.005 2.07402 4.3
    endloop
  endfacet
  facet normal 0.233431 -0.972373 0
    outer loop
      vertex 84.3026 2.14545 4.3
      vertex 84.005 2.07402 2.8
      vertex 84.3026 2.14545 2.8
    endloop
  endfacet
  facet normal 0.382678 -0.923882 0
    outer loop
      vertex 84.3026 2.14545 2.8
      vertex 84.5853 2.26254 4.3
      vertex 84.3026 2.14545 4.3
    endloop
  endfacet
  facet normal 0.382678 -0.923882 0
    outer loop
      vertex 84.5853 2.26254 4.3
      vertex 84.3026 2.14545 2.8
      vertex 84.5853 2.26254 2.8
    endloop
  endfacet
  facet normal 0.522488 -0.852646 0
    outer loop
      vertex 84.5853 2.26254 2.8
      vertex 84.8462 2.42242 4.3
      vertex 84.5853 2.26254 4.3
    endloop
  endfacet
  facet normal 0.522488 -0.852646 0
    outer loop
      vertex 84.8462 2.42242 4.3
      vertex 84.5853 2.26254 2.8
      vertex 84.8462 2.42242 2.8
    endloop
  endfacet
  facet normal 0.649476 -0.760382 0
    outer loop
      vertex 84.8462 2.42242 2.8
      vertex 85.0788 2.62115 4.3
      vertex 84.8462 2.42242 4.3
    endloop
  endfacet
  facet normal 0.649476 -0.760382 0
    outer loop
      vertex 85.0788 2.62115 4.3
      vertex 84.8462 2.42242 2.8
      vertex 85.0788 2.62115 2.8
    endloop
  endfacet
  facet normal 0.760382 -0.649476 0
    outer loop
      vertex 85.0788 2.62115 4.3
      vertex 85.2776 2.85382 2.8
      vertex 85.2776 2.85382 4.3
    endloop
  endfacet
  facet normal 0.760382 -0.649476 0
    outer loop
      vertex 85.2776 2.85382 2.8
      vertex 85.0788 2.62115 4.3
      vertex 85.0788 2.62115 2.8
    endloop
  endfacet
  facet normal 0.852646 -0.522488 0
    outer loop
      vertex 85.2776 2.85382 4.3
      vertex 85.4375 3.11473 2.8
      vertex 85.4375 3.11473 4.3
    endloop
  endfacet
  facet normal 0.852646 -0.522488 0
    outer loop
      vertex 85.4375 3.11473 2.8
      vertex 85.2776 2.85382 4.3
      vertex 85.2776 2.85382 2.8
    endloop
  endfacet
  facet normal 0.923882 -0.382678 0
    outer loop
      vertex 85.4375 3.11473 4.3
      vertex 85.5546 3.39743 2.8
      vertex 85.5546 3.39743 4.3
    endloop
  endfacet
  facet normal 0.923882 -0.382678 0
    outer loop
      vertex 85.5546 3.39743 2.8
      vertex 85.4375 3.11473 4.3
      vertex 85.4375 3.11473 2.8
    endloop
  endfacet
  facet normal 0.972373 -0.233431 0
    outer loop
      vertex 85.5546 3.39743 4.3
      vertex 85.626 3.69496 2.8
      vertex 85.626 3.69496 4.3
    endloop
  endfacet
  facet normal 0.972373 -0.233431 0
    outer loop
      vertex 85.626 3.69496 2.8
      vertex 85.5546 3.39743 4.3
      vertex 85.5546 3.39743 2.8
    endloop
  endfacet
  facet normal 0.996915 -0.0784925 0
    outer loop
      vertex 85.626 3.69496 4.3
      vertex 85.65 4 2.8
      vertex 85.65 4 4.3
    endloop
  endfacet
  facet normal 0.996915 -0.0784925 0
    outer loop
      vertex 85.65 4 2.8
      vertex 85.626 3.69496 4.3
      vertex 85.626 3.69496 2.8
    endloop
  endfacet
  facet normal 1 -0 0
    outer loop
      vertex 85.65 4 4.3
      vertex 85.65 54 2.8
      vertex 85.65 54 4.3
    endloop
  endfacet
  facet normal 1 0 0
    outer loop
      vertex 85.65 54 2.8
      vertex 85.65 4 4.3
      vertex 85.65 4 2.8
    endloop
  endfacet
  facet normal 0.996915 0.0784925 0
    outer loop
      vertex 85.65 54 4.3
      vertex 85.626 54.305 2.8
      vertex 85.626 54.305 4.3
    endloop
  endfacet
  facet normal 0.996915 0.0784925 0
    outer loop
      vertex 85.626 54.305 2.8
      vertex 85.65 54 4.3
      vertex 85.65 54 2.8
    endloop
  endfacet
  facet normal 0.972373 0.233431 0
    outer loop
      vertex 85.626 54.305 4.3
      vertex 85.5546 54.6026 2.8
      vertex 85.5546 54.6026 4.3
    endloop
  endfacet
  facet normal 0.972373 0.233431 0
    outer loop
      vertex 85.5546 54.6026 2.8
      vertex 85.626 54.305 4.3
      vertex 85.626 54.305 2.8
    endloop
  endfacet
  facet normal 0.923882 0.382678 0
    outer loop
      vertex 85.5546 54.6026 4.3
      vertex 85.4375 54.8853 2.8
      vertex 85.4375 54.8853 4.3
    endloop
  endfacet
  facet normal 0.923882 0.382678 0
    outer loop
      vertex 85.4375 54.8853 2.8
      vertex 85.5546 54.6026 4.3
      vertex 85.5546 54.6026 2.8
    endloop
  endfacet
  facet normal 0.852646 0.522488 0
    outer loop
      vertex 85.4375 54.8853 4.3
      vertex 85.2776 55.1462 2.8
      vertex 85.2776 55.1462 4.3
    endloop
  endfacet
  facet normal 0.852646 0.522488 0
    outer loop
      vertex 85.2776 55.1462 2.8
      vertex 85.4375 54.8853 4.3
      vertex 85.4375 54.8853 2.8
    endloop
  endfacet
  facet normal 0.760382 0.649476 0
    outer loop
      vertex 85.2776 55.1462 4.3
      vertex 85.0788 55.3788 2.8
      vertex 85.0788 55.3788 4.3
    endloop
  endfacet
  facet normal 0.760382 0.649476 0
    outer loop
      vertex 85.0788 55.3788 2.8
      vertex 85.2776 55.1462 4.3
      vertex 85.2776 55.1462 2.8
    endloop
  endfacet
  facet normal 0.649476 0.760382 -0
    outer loop
      vertex 85.0788 55.3788 2.8
      vertex 84.8462 55.5776 4.3
      vertex 85.0788 55.3788 4.3
    endloop
  endfacet
  facet normal 0.649476 0.760382 0
    outer loop
      vertex 84.8462 55.5776 4.3
      vertex 85.0788 55.3788 2.8
      vertex 84.8462 55.5776 2.8
    endloop
  endfacet
  facet normal 0.522488 0.852646 -0
    outer loop
      vertex 84.8462 55.5776 2.8
      vertex 84.5853 55.7375 4.3
      vertex 84.8462 55.5776 4.3
    endloop
  endfacet
  facet normal 0.522488 0.852646 0
    outer loop
      vertex 84.5853 55.7375 4.3
      vertex 84.8462 55.5776 2.8
      vertex 84.5853 55.7375 2.8
    endloop
  endfacet
  facet normal 0.382678 0.923882 -0
    outer loop
      vertex 84.5853 55.7375 2.8
      vertex 84.3026 55.8546 4.3
      vertex 84.5853 55.7375 4.3
    endloop
  endfacet
  facet normal 0.382678 0.923882 0
    outer loop
      vertex 84.3026 55.8546 4.3
      vertex 84.5853 55.7375 2.8
      vertex 84.3026 55.8546 2.8
    endloop
  endfacet
  facet normal 0.233431 0.972373 -0
    outer loop
      vertex 84.3026 55.8546 2.8
      vertex 84.005 55.926 4.3
      vertex 84.3026 55.8546 4.3
    endloop
  endfacet
  facet normal 0.233431 0.972373 0
    outer loop
      vertex 84.005 55.926 4.3
      vertex 84.3026 55.8546 2.8
      vertex 84.005 55.926 2.8
    endloop
  endfacet
  facet normal 0.0784925 0.996915 -0
    outer loop
      vertex 84.005 55.926 2.8
      vertex 83.7 55.95 4.3
      vertex 84.005 55.926 4.3
    endloop
  endfacet
  facet normal 0.0784925 0.996915 0
    outer loop
      vertex 83.7 55.95 4.3
      vertex 84.005 55.926 2.8
      vertex 83.7 55.95 2.8
    endloop
  endfacet
  facet normal 0 1 -0
    outer loop
      vertex 83.7 55.95 2.8
      vertex 49.347 55.95 4.3
      vertex 83.7 55.95 4.3
    endloop
  endfacet
  facet normal 0 1 0
    outer loop
      vertex 49.347 55.95 4.3
      vertex 83.7 55.95 2.8
      vertex 49.347 55.95 2.8
    endloop
  endfacet
  facet normal -0.0784761 -0.996916 0
    outer loop
      vertex 49.347 55.95 2.8
      vertex 49.4823 55.9393 4.3
      vertex 49.347 55.95 4.3
    endloop
  endfacet
  facet normal -0.0784761 -0.996916 -0
    outer loop
      vertex 49.4823 55.9393 4.3
      vertex 49.347 55.95 2.8
      vertex 49.4823 55.9393 2.8
    endloop
  endfacet
  facet normal -0.233448 -0.972369 0
    outer loop
      vertex 49.4823 55.9393 2.8
      vertex 50.2454 55.7561 4.3
      vertex 49.4823 55.9393 4.3
    endloop
  endfacet
  facet normal -0.233448 -0.972369 -0
    outer loop
      vertex 50.2454 55.7561 4.3
      vertex 49.4823 55.9393 2.8
      vertex 50.2454 55.7561 2.8
    endloop
  endfacet
  facet normal -0.382675 -0.923883 0
    outer loop
      vertex 50.2454 55.7561 2.8
      vertex 50.9704 55.4559 4.3
      vertex 50.2454 55.7561 4.3
    endloop
  endfacet
  facet normal -0.382675 -0.923883 -0
    outer loop
      vertex 50.9704 55.4559 4.3
      vertex 50.2454 55.7561 2.8
      vertex 50.9704 55.4559 2.8
    endloop
  endfacet
  facet normal -0.5225 -0.85264 0
    outer loop
      vertex 50.9704 55.4559 2.8
      vertex 51.6395 55.0458 4.3
      vertex 50.9704 55.4559 4.3
    endloop
  endfacet
  facet normal -0.5225 -0.85264 -0
    outer loop
      vertex 51.6395 55.0458 4.3
      vertex 50.9704 55.4559 2.8
      vertex 51.6395 55.0458 2.8
    endloop
  endfacet
  facet normal -0.649445 -0.760409 0
    outer loop
      vertex 51.6395 55.0458 2.8
      vertex 51.7517 54.95 4.3
      vertex 51.6395 55.0458 4.3
    endloop
  endfacet
  facet normal -0.649445 -0.760409 -0
    outer loop
      vertex 51.7517 54.95 4.3
      vertex 51.6395 55.0458 2.8
      vertex 51.7517 54.95 2.8
    endloop
  endfacet
  facet normal 0 -1 0
    outer loop
      vertex 51.7517 54.95 2.8
      vertex 83.7 54.95 4.3
      vertex 51.7517 54.95 4.3
    endloop
  endfacet
  facet normal 0 -1 -0
    outer loop
      vertex 83.7 54.95 4.3
      vertex 51.7517 54.95 2.8
      vertex 83.7 54.95 2.8
    endloop
  endfacet
  facet normal -0.0785124 -0.996913 0
    outer loop
      vertex 83.7 54.95 2.8
      vertex 83.8486 54.9383 4.3
      vertex 83.7 54.95 4.3
    endloop
  endfacet
  facet normal -0.0785124 -0.996913 -0
    outer loop
      vertex 83.8486 54.9383 4.3
      vertex 83.7 54.95 2.8
      vertex 83.8486 54.9383 2.8
    endloop
  endfacet
  facet normal -0.233373 -0.972387 0
    outer loop
      vertex 83.8486 54.9383 2.8
      vertex 83.9936 54.9035 4.3
      vertex 83.8486 54.9383 4.3
    endloop
  endfacet
  facet normal -0.233373 -0.972387 -0
    outer loop
      vertex 83.9936 54.9035 4.3
      vertex 83.8486 54.9383 2.8
      vertex 83.9936 54.9035 2.8
    endloop
  endfacet
  facet normal -0.38271 -0.923868 0
    outer loop
      vertex 83.9936 54.9035 2.8
      vertex 84.1313 54.8465 4.3
      vertex 83.9936 54.9035 4.3
    endloop
  endfacet
  facet normal -0.38271 -0.923868 -0
    outer loop
      vertex 84.1313 54.8465 4.3
      vertex 83.9936 54.9035 2.8
      vertex 84.1313 54.8465 2.8
    endloop
  endfacet
  facet normal -0.522526 -0.852623 0
    outer loop
      vertex 84.1313 54.8465 2.8
      vertex 84.2584 54.7686 4.3
      vertex 84.1313 54.8465 4.3
    endloop
  endfacet
  facet normal -0.522526 -0.852623 -0
    outer loop
      vertex 84.2584 54.7686 4.3
      vertex 84.1313 54.8465 2.8
      vertex 84.2584 54.7686 2.8
    endloop
  endfacet
  facet normal -0.649501 -0.760361 0
    outer loop
      vertex 84.2584 54.7686 2.8
      vertex 84.3717 54.6717 4.3
      vertex 84.2584 54.7686 4.3
    endloop
  endfacet
  facet normal -0.649501 -0.760361 -0
    outer loop
      vertex 84.3717 54.6717 4.3
      vertex 84.2584 54.7686 2.8
      vertex 84.3717 54.6717 2.8
    endloop
  endfacet
  facet normal -0.760361 -0.649501 0
    outer loop
      vertex 84.4686 54.5584 2.8
      vertex 84.3717 54.6717 4.3
      vertex 84.3717 54.6717 2.8
    endloop
  endfacet
  facet normal -0.760361 -0.649501 0
    outer loop
      vertex 84.3717 54.6717 4.3
      vertex 84.4686 54.5584 2.8
      vertex 84.4686 54.5584 4.3
    endloop
  endfacet
  facet normal -0.852623 -0.522526 0
    outer loop
      vertex 84.5464 54.4313 2.8
      vertex 84.4686 54.5584 4.3
      vertex 84.4686 54.5584 2.8
    endloop
  endfacet
  facet normal -0.852623 -0.522526 0
    outer loop
      vertex 84.4686 54.5584 4.3
      vertex 84.5464 54.4313 2.8
      vertex 84.5464 54.4313 4.3
    endloop
  endfacet
  facet normal -0.923868 -0.38271 0
    outer loop
      vertex 84.6035 54.2936 2.8
      vertex 84.5464 54.4313 4.3
      vertex 84.5464 54.4313 2.8
    endloop
  endfacet
  facet normal -0.923868 -0.38271 0
    outer loop
      vertex 84.5464 54.4313 4.3
      vertex 84.6035 54.2936 2.8
      vertex 84.6035 54.2936 4.3
    endloop
  endfacet
  facet normal -0.972387 -0.233373 0
    outer loop
      vertex 84.6383 54.1486 2.8
      vertex 84.6035 54.2936 4.3
      vertex 84.6035 54.2936 2.8
    endloop
  endfacet
  facet normal -0.972387 -0.233373 0
    outer loop
      vertex 84.6035 54.2936 4.3
      vertex 84.6383 54.1486 2.8
      vertex 84.6383 54.1486 4.3
    endloop
  endfacet
  facet normal -0.996913 -0.0785124 0
    outer loop
      vertex 84.65 54 2.8
      vertex 84.6383 54.1486 4.3
      vertex 84.6383 54.1486 2.8
    endloop
  endfacet
  facet normal -0.996913 -0.0785124 0
    outer loop
      vertex 84.6383 54.1486 4.3
      vertex 84.65 54 2.8
      vertex 84.65 54 4.3
    endloop
  endfacet
  facet normal -1 0 0
    outer loop
      vertex 84.65 4 2.8
      vertex 84.65 54 4.3
      vertex 84.65 54 2.8
    endloop
  endfacet
  facet normal -1 -0 0
    outer loop
      vertex 84.65 54 4.3
      vertex 84.65 4 2.8
      vertex 84.65 4 4.3
    endloop
  endfacet
  facet normal -0.996913 0.0785124 0
    outer loop
      vertex 84.6383 3.85139 2.8
      vertex 84.65 4 4.3
      vertex 84.65 4 2.8
    endloop
  endfacet
  facet normal -0.996913 0.0785124 0
    outer loop
      vertex 84.65 4 4.3
      vertex 84.6383 3.85139 2.8
      vertex 84.6383 3.85139 4.3
    endloop
  endfacet
  facet normal -0.972387 0.233373 0
    outer loop
      vertex 84.6035 3.70644 2.8
      vertex 84.6383 3.85139 4.3
      vertex 84.6383 3.85139 2.8
    endloop
  endfacet
  facet normal -0.972387 0.233373 0
    outer loop
      vertex 84.6383 3.85139 4.3
      vertex 84.6035 3.70644 2.8
      vertex 84.6035 3.70644 4.3
    endloop
  endfacet
  facet normal -0.923868 0.38271 0
    outer loop
      vertex 84.5464 3.56871 2.8
      vertex 84.6035 3.70644 4.3
      vertex 84.6035 3.70644 2.8
    endloop
  endfacet
  facet normal -0.923868 0.38271 0
    outer loop
      vertex 84.6035 3.70644 4.3
      vertex 84.5464 3.56871 2.8
      vertex 84.5464 3.56871 4.3
    endloop
  endfacet
  facet normal -0.852623 0.522526 0
    outer loop
      vertex 84.4686 3.4416 2.8
      vertex 84.5464 3.56871 4.3
      vertex 84.5464 3.56871 2.8
    endloop
  endfacet
  facet normal -0.852623 0.522526 0
    outer loop
      vertex 84.5464 3.56871 4.3
      vertex 84.4686 3.4416 2.8
      vertex 84.4686 3.4416 4.3
    endloop
  endfacet
  facet normal -0.760361 0.649501 0
    outer loop
      vertex 84.3717 3.32826 2.8
      vertex 84.4686 3.4416 4.3
      vertex 84.4686 3.4416 2.8
    endloop
  endfacet
  facet normal -0.760361 0.649501 0
    outer loop
      vertex 84.4686 3.4416 4.3
      vertex 84.3717 3.32826 2.8
      vertex 84.3717 3.32826 4.3
    endloop
  endfacet
  facet normal -0.649501 0.760361 0
    outer loop
      vertex 84.3717 3.32826 2.8
      vertex 84.2584 3.23145 4.3
      vertex 84.3717 3.32826 4.3
    endloop
  endfacet
  facet normal -0.649501 0.760361 0
    outer loop
      vertex 84.2584 3.23145 4.3
      vertex 84.3717 3.32826 2.8
      vertex 84.2584 3.23145 2.8
    endloop
  endfacet
  facet normal -0.522526 0.852623 0
    outer loop
      vertex 84.2584 3.23145 2.8
      vertex 84.1313 3.15355 4.3
      vertex 84.2584 3.23145 4.3
    endloop
  endfacet
  facet normal -0.522526 0.852623 0
    outer loop
      vertex 84.1313 3.15355 4.3
      vertex 84.2584 3.23145 2.8
      vertex 84.1313 3.15355 2.8
    endloop
  endfacet
  facet normal -0.38271 0.923868 0
    outer loop
      vertex 84.1313 3.15355 2.8
      vertex 83.9936 3.0965 4.3
      vertex 84.1313 3.15355 4.3
    endloop
  endfacet
  facet normal -0.38271 0.923868 0
    outer loop
      vertex 83.9936 3.0965 4.3
      vertex 84.1313 3.15355 2.8
      vertex 83.9936 3.0965 2.8
    endloop
  endfacet
  facet normal -0.233373 0.972387 0
    outer loop
      vertex 83.9936 3.0965 2.8
      vertex 83.8486 3.06171 4.3
      vertex 83.9936 3.0965 4.3
    endloop
  endfacet
  facet normal -0.233373 0.972387 0
    outer loop
      vertex 83.8486 3.06171 4.3
      vertex 83.9936 3.0965 2.8
      vertex 83.8486 3.06171 2.8
    endloop
  endfacet
  facet normal -0.0785124 0.996913 0
    outer loop
      vertex 83.8486 3.06171 2.8
      vertex 83.7 3.05 4.3
      vertex 83.8486 3.06171 4.3
    endloop
  endfacet
  facet normal -0.0785124 0.996913 0
    outer loop
      vertex 83.7 3.05 4.3
      vertex 83.8486 3.06171 2.8
      vertex 83.7 3.05 2.8
    endloop
  endfacet
  facet normal 0 1 -0
    outer loop
      vertex 83.7 3.05 2.8
      vertex 51.9858 3.05 4.3
      vertex 83.7 3.05 4.3
    endloop
  endfacet
  facet normal 0 1 0
    outer loop
      vertex 51.9858 3.05 4.3
      vertex 83.7 3.05 2.8
      vertex 51.9858 3.05 2.8
    endloop
  endfacet
  facet normal -0.649452 0.760402 0
    outer loop
      vertex 51.9858 3.05 2.8
      vertex 51.6395 2.75418 4.3
      vertex 51.9858 3.05 4.3
    endloop
  endfacet
  facet normal -0.649452 0.760402 0
    outer loop
      vertex 51.6395 2.75418 4.3
      vertex 51.9858 3.05 2.8
      vertex 51.6395 2.75418 2.8
    endloop
  endfacet
  facet normal -0.5225 0.85264 0
    outer loop
      vertex 51.6395 2.75418 2.8
      vertex 50.9704 2.34415 4.3
      vertex 51.6395 2.75418 4.3
    endloop
  endfacet
  facet normal -0.5225 0.85264 0
    outer loop
      vertex 50.9704 2.34415 4.3
      vertex 51.6395 2.75418 2.8
      vertex 50.9704 2.34415 2.8
    endloop
  endfacet
  facet normal -0.382675 0.923883 0
    outer loop
      vertex 50.9704 2.34415 2.8
      vertex 50.2602 2.05 4.3
      vertex 50.9704 2.34415 4.3
    endloop
  endfacet
  facet normal -0.382675 0.923883 0
    outer loop
      vertex 50.2602 2.05 4.3
      vertex 50.9704 2.34415 2.8
      vertex 50.2602 2.05 2.8
    endloop
  endfacet
  facet normal 0 -1 0
    outer loop
      vertex 50.2602 2.05 2.8
      vertex 83.7 2.05 4.3
      vertex 50.2602 2.05 4.3
    endloop
  endfacet
  facet normal 0 -1 -0
    outer loop
      vertex 83.7 2.05 4.3
      vertex 50.2602 2.05 2.8
      vertex 83.7 2.05 2.8
    endloop
  endfacet
  facet normal 0.0784925 -0.996915 0
    outer loop
      vertex 83.7 2.05 2.8
      vertex 84.005 2.07402 4.3
      vertex 83.7 2.05 4.3
    endloop
  endfacet
  facet normal 0.0784925 -0.996915 0
    outer loop
      vertex 84.005 2.07402 4.3
      vertex 83.7 2.05 2.8
      vertex 84.005 2.07402 2.8
    endloop
  endfacet
  facet normal 0.5225 0.85264 -0
    outer loop
      vertex 46.4296 2.34415 2.8
      vertex 45.7605 2.75418 4.3
      vertex 46.4296 2.34415 4.3
    endloop
  endfacet
  facet normal 0.5225 0.85264 0
    outer loop
      vertex 45.7605 2.75418 4.3
      vertex 46.4296 2.34415 2.8
      vertex 45.7605 2.75418 2.8
    endloop
  endfacet
  facet normal 0.649452 0.760402 -0
    outer loop
      vertex 45.7605 2.75418 2.8
      vertex 45.4142 3.05 4.3
      vertex 45.7605 2.75418 4.3
    endloop
  endfacet
  facet normal 0.649452 0.760402 0
    outer loop
      vertex 45.4142 3.05 4.3
      vertex 45.7605 2.75418 2.8
      vertex 45.4142 3.05 2.8
    endloop
  endfacet
  facet normal 0 1 -0
    outer loop
      vertex 45.4142 3.05 2.8
      vertex 14.9858 3.05 4.3
      vertex 45.4142 3.05 4.3
    endloop
  endfacet
  facet normal 0 1 0
    outer loop
      vertex 14.9858 3.05 4.3
      vertex 45.4142 3.05 2.8
      vertex 14.9858 3.05 2.8
    endloop
  endfacet
  facet normal -0.649452 0.760402 0
    outer loop
      vertex 14.9858 3.05 2.8
      vertex 14.6395 2.75418 4.3
      vertex 14.9858 3.05 4.3
    endloop
  endfacet
  facet normal -0.649452 0.760402 0
    outer loop
      vertex 14.6395 2.75418 4.3
      vertex 14.9858 3.05 2.8
      vertex 14.6395 2.75418 2.8
    endloop
  endfacet
  facet normal -0.5225 0.85264 0
    outer loop
      vertex 14.6395 2.75418 2.8
      vertex 13.9704 2.34415 4.3
      vertex 14.6395 2.75418 4.3
    endloop
  endfacet
  facet normal -0.5225 0.85264 0
    outer loop
      vertex 13.9704 2.34415 4.3
      vertex 14.6395 2.75418 2.8
      vertex 13.9704 2.34415 2.8
    endloop
  endfacet
  facet normal -0.382675 0.923883 0
    outer loop
      vertex 13.9704 2.34415 2.8
      vertex 13.2602 2.05 4.3
      vertex 13.9704 2.34415 4.3
    endloop
  endfacet
  facet normal -0.382675 0.923883 0
    outer loop
      vertex 13.2602 2.05 4.3
      vertex 13.9704 2.34415 2.8
      vertex 13.2602 2.05 2.8
    endloop
  endfacet
  facet normal 0 -1 0
    outer loop
      vertex 13.2602 2.05 2.8
      vertex 47.1398 2.05 4.3
      vertex 13.2602 2.05 4.3
    endloop
  endfacet
  facet normal 0 -1 -0
    outer loop
      vertex 47.1398 2.05 4.3
      vertex 13.2602 2.05 2.8
      vertex 47.1398 2.05 2.8
    endloop
  endfacet
  facet normal 0.382675 0.923883 -0
    outer loop
      vertex 47.1398 2.05 2.8
      vertex 46.4296 2.34415 4.3
      vertex 47.1398 2.05 4.3
    endloop
  endfacet
  facet normal 0.382675 0.923883 0
    outer loop
      vertex 46.4296 2.34415 4.3
      vertex 47.1398 2.05 2.8
      vertex 46.4296 2.34415 2.8
    endloop
  endfacet
  facet normal 0 0 1
    outer loop
      vertex 51 51 23.7
      vertex 53.4 51 23.7
      vertex 53.3421 51.7352 23.7
    endloop
  endfacet
  facet normal 0 0 1
    outer loop
      vertex 50.9717 51.3598 23.7
      vertex 53.3421 51.7352 23.7
      vertex 53.17 52.4524 23.7
    endloop
  endfacet
  facet normal 0 0 1
    outer loop
      vertex 53.4 51 23.7
      vertex 51 51 23.7
      vertex 53.3421 50.2648 23.7
    endloop
  endfacet
  facet normal 0 0 1
    outer loop
      vertex 50.8874 51.7107 23.7
      vertex 53.17 52.4524 23.7
      vertex 52.8877 53.1337 23.7
    endloop
  endfacet
  facet normal -0 0 1
    outer loop
      vertex 50.9717 50.6402 23.7
      vertex 53.3421 50.2648 23.7
      vertex 51 51 23.7
    endloop
  endfacet
  facet normal 0 0 1
    outer loop
      vertex 50.7493 52.0442 23.7
      vertex 52.8877 53.1337 23.7
      vertex 52.5024 53.7626 23.7
    endloop
  endfacet
  facet normal 0 0 1
    outer loop
      vertex 53.3421 50.2648 23.7
      vertex 50.9717 50.6402 23.7
      vertex 53.17 49.5476 23.7
    endloop
  endfacet
  facet normal 0 0 1
    outer loop
      vertex 50.5607 52.3519 23.7
      vertex 52.5024 53.7626 23.7
      vertex 52.0234 54.3234 23.7
    endloop
  endfacet
  facet normal -0 0 1
    outer loop
      vertex 50.8874 50.2893 23.7
      vertex 53.17 49.5476 23.7
      vertex 50.9717 50.6402 23.7
    endloop
  endfacet
  facet normal 0 0 1
    outer loop
      vertex 50.3263 52.6263 23.7
      vertex 52.0234 54.3234 23.7
      vertex 51.4626 54.8024 23.7
    endloop
  endfacet
  facet normal 0 0 1
    outer loop
      vertex 53.17 49.5476 23.7
      vertex 50.8874 50.2893 23.7
      vertex 52.8877 48.8662 23.7
    endloop
  endfacet
  facet normal -0 0 1
    outer loop
      vertex 50.7493 49.9558 23.7
      vertex 52.8877 48.8662 23.7
      vertex 50.8874 50.2893 23.7
    endloop
  endfacet
  facet normal 0 0 1
    outer loop
      vertex 53.3421 51.7352 23.7
      vertex 50.9717 51.3598 23.7
      vertex 51 51 23.7
    endloop
  endfacet
  facet normal 0 0 1
    outer loop
      vertex 53.17 52.4524 23.7
      vertex 50.8874 51.7107 23.7
      vertex 50.9717 51.3598 23.7
    endloop
  endfacet
  facet normal 0 0 1
    outer loop
      vertex 50.0519 52.8607 23.7
      vertex 51.4626 54.8024 23.7
      vertex 50.8337 55.1877 23.7
    endloop
  endfacet
  facet normal 0 0 1
    outer loop
      vertex 52.8877 53.1337 23.7
      vertex 50.7493 52.0442 23.7
      vertex 50.8874 51.7107 23.7
    endloop
  endfacet
  facet normal 0 0 1
    outer loop
      vertex 52.5024 53.7626 23.7
      vertex 50.5607 52.3519 23.7
      vertex 50.7493 52.0442 23.7
    endloop
  endfacet
  facet normal 0 0 1
    outer loop
      vertex 52.0234 54.3234 23.7
      vertex 50.3263 52.6263 23.7
      vertex 50.5607 52.3519 23.7
    endloop
  endfacet
  facet normal 0 0 1
    outer loop
      vertex 49.7442 53.0493 23.7
      vertex 50.8337 55.1877 23.7
      vertex 50.1524 55.47 23.7
    endloop
  endfacet
  facet normal 0 0 1
    outer loop
      vertex 51.4626 54.8024 23.7
      vertex 50.0519 52.8607 23.7
      vertex 50.3263 52.6263 23.7
    endloop
  endfacet
  facet normal 0 0 1
    outer loop
      vertex 50.8337 55.1877 23.7
      vertex 49.7442 53.0493 23.7
      vertex 50.0519 52.8607 23.7
    endloop
  endfacet
  facet normal 0 0 1
    outer loop
      vertex 49.4107 53.1874 23.7
      vertex 50.1524 55.47 23.7
      vertex 49.4352 55.6421 23.7
    endloop
  endfacet
  facet normal 0 0 1
    outer loop
      vertex 50.1524 55.47 23.7
      vertex 49.4107 53.1874 23.7
      vertex 49.7442 53.0493 23.7
    endloop
  endfacet
  facet normal 0 0 1
    outer loop
      vertex 49.4352 55.6421 23.7
      vertex 49.0598 53.2717 23.7
      vertex 49.4107 53.1874 23.7
    endloop
  endfacet
  facet normal 0 0 1
    outer loop
      vertex 48.7 55.7 23.7
      vertex 49.0598 53.2717 23.7
      vertex 49.4352 55.6421 23.7
    endloop
  endfacet
  facet normal 0 0 1
    outer loop
      vertex 48.7 55.7 23.7
      vertex 48.7 53.3 23.7
      vertex 49.0598 53.2717 23.7
    endloop
  endfacet
  facet normal 0 0 1
    outer loop
      vertex 48.7 55.7 23.7
      vertex 48.3402 53.2717 23.7
      vertex 48.7 53.3 23.7
    endloop
  endfacet
  facet normal -0 0 1
    outer loop
      vertex 47.9648 55.6421 23.7
      vertex 48.3402 53.2717 23.7
      vertex 48.7 55.7 23.7
    endloop
  endfacet
  facet normal 0 0 1
    outer loop
      vertex 48.3402 53.2717 23.7
      vertex 47.9648 55.6421 23.7
      vertex 47.9893 53.1874 23.7
    endloop
  endfacet
  facet normal -0 0 1
    outer loop
      vertex 47.2476 55.47 23.7
      vertex 47.9893 53.1874 23.7
      vertex 47.9648 55.6421 23.7
    endloop
  endfacet
  facet normal 0 0 1
    outer loop
      vertex 47.9893 53.1874 23.7
      vertex 47.2476 55.47 23.7
      vertex 47.6558 53.0493 23.7
    endloop
  endfacet
  facet normal -0 0 1
    outer loop
      vertex 46.5662 55.1877 23.7
      vertex 47.6558 53.0493 23.7
      vertex 47.2476 55.47 23.7
    endloop
  endfacet
  facet normal 0 0 1
    outer loop
      vertex 47.6558 53.0493 23.7
      vertex 46.5662 55.1877 23.7
      vertex 47.3481 52.8607 23.7
    endloop
  endfacet
  facet normal -0 0 1
    outer loop
      vertex 45.9374 54.8024 23.7
      vertex 47.3481 52.8607 23.7
      vertex 46.5662 55.1877 23.7
    endloop
  endfacet
  facet normal 0 0 1
    outer loop
      vertex 47.3481 52.8607 23.7
      vertex 45.9374 54.8024 23.7
      vertex 47.0737 52.6263 23.7
    endloop
  endfacet
  facet normal -0 0 1
    outer loop
      vertex 45.3766 54.3234 23.7
      vertex 47.0737 52.6263 23.7
      vertex 45.9374 54.8024 23.7
    endloop
  endfacet
  facet normal 0 0 1
    outer loop
      vertex 47.0737 52.6263 23.7
      vertex 45.3766 54.3234 23.7
      vertex 46.8393 52.3519 23.7
    endloop
  endfacet
  facet normal -0 0 1
    outer loop
      vertex 44.8976 53.7626 23.7
      vertex 46.8393 52.3519 23.7
      vertex 45.3766 54.3234 23.7
    endloop
  endfacet
  facet normal 0 0 1
    outer loop
      vertex 46.8393 52.3519 23.7
      vertex 44.8976 53.7626 23.7
      vertex 46.6507 52.0442 23.7
    endloop
  endfacet
  facet normal -0 0 1
    outer loop
      vertex 44.5123 53.1337 23.7
      vertex 46.6507 52.0442 23.7
      vertex 44.8976 53.7626 23.7
    endloop
  endfacet
  facet normal 0 0 1
    outer loop
      vertex 52.8877 48.8662 23.7
      vertex 50.7493 49.9558 23.7
      vertex 52.5024 48.2374 23.7
    endloop
  endfacet
  facet normal -0 0 1
    outer loop
      vertex 50.5607 49.6481 23.7
      vertex 52.5024 48.2374 23.7
      vertex 50.7493 49.9558 23.7
    endloop
  endfacet
  facet normal 0 0 1
    outer loop
      vertex 52.5024 48.2374 23.7
      vertex 50.5607 49.6481 23.7
      vertex 52.0234 47.6766 23.7
    endloop
  endfacet
  facet normal -0 0 1
    outer loop
      vertex 50.3263 49.3737 23.7
      vertex 52.0234 47.6766 23.7
      vertex 50.5607 49.6481 23.7
    endloop
  endfacet
  facet normal 0 0 1
    outer loop
      vertex 52.0234 47.6766 23.7
      vertex 50.3263 49.3737 23.7
      vertex 51.4626 47.1976 23.7
    endloop
  endfacet
  facet normal -0 0 1
    outer loop
      vertex 50.0519 49.1393 23.7
      vertex 51.4626 47.1976 23.7
      vertex 50.3263 49.3737 23.7
    endloop
  endfacet
  facet normal 0 0 1
    outer loop
      vertex 51.4626 47.1976 23.7
      vertex 50.0519 49.1393 23.7
      vertex 50.8337 46.8123 23.7
    endloop
  endfacet
  facet normal -0 0 1
    outer loop
      vertex 49.7442 48.9507 23.7
      vertex 50.8337 46.8123 23.7
      vertex 50.0519 49.1393 23.7
    endloop
  endfacet
  facet normal 0 0 1
    outer loop
      vertex 50.8337 46.8123 23.7
      vertex 49.7442 48.9507 23.7
      vertex 50.1524 46.53 23.7
    endloop
  endfacet
  facet normal -0 0 1
    outer loop
      vertex 49.4107 48.8126 23.7
      vertex 50.1524 46.53 23.7
      vertex 49.7442 48.9507 23.7
    endloop
  endfacet
  facet normal 0 0 1
    outer loop
      vertex 50.1524 46.53 23.7
      vertex 49.4107 48.8126 23.7
      vertex 49.4352 46.3579 23.7
    endloop
  endfacet
  facet normal -0 0 1
    outer loop
      vertex 49.0598 48.7283 23.7
      vertex 49.4352 46.3579 23.7
      vertex 49.4107 48.8126 23.7
    endloop
  endfacet
  facet normal -0 0 1
    outer loop
      vertex 48.7 48.7 23.7
      vertex 49.4352 46.3579 23.7
      vertex 49.0598 48.7283 23.7
    endloop
  endfacet
  facet normal 0 0 1
    outer loop
      vertex 48.7 48.7 23.7
      vertex 48.7 46.3 23.7
      vertex 49.4352 46.3579 23.7
    endloop
  endfacet
  facet normal 0 0 1
    outer loop
      vertex 48.3402 48.7283 23.7
      vertex 48.7 46.3 23.7
      vertex 48.7 48.7 23.7
    endloop
  endfacet
  facet normal 0 0 1
    outer loop
      vertex 47.9648 46.3579 23.7
      vertex 48.3402 48.7283 23.7
      vertex 47.9893 48.8126 23.7
    endloop
  endfacet
  facet normal 0 0 1
    outer loop
      vertex 48.3402 48.7283 23.7
      vertex 47.9648 46.3579 23.7
      vertex 48.7 46.3 23.7
    endloop
  endfacet
  facet normal 0 0 1
    outer loop
      vertex 47.2476 46.53 23.7
      vertex 47.9893 48.8126 23.7
      vertex 47.6558 48.9507 23.7
    endloop
  endfacet
  facet normal 0 0 1
    outer loop
      vertex 46.5662 46.8123 23.7
      vertex 47.6558 48.9507 23.7
      vertex 47.3481 49.1393 23.7
    endloop
  endfacet
  facet normal 0 0 1
    outer loop
      vertex 47.9893 48.8126 23.7
      vertex 47.2476 46.53 23.7
      vertex 47.9648 46.3579 23.7
    endloop
  endfacet
  facet normal 0 0 1
    outer loop
      vertex 45.9374 47.1976 23.7
      vertex 47.3481 49.1393 23.7
      vertex 47.0737 49.3737 23.7
    endloop
  endfacet
  facet normal 0 0 1
    outer loop
      vertex 45.3766 47.6766 23.7
      vertex 47.0737 49.3737 23.7
      vertex 46.8393 49.6481 23.7
    endloop
  endfacet
  facet normal 0 0 1
    outer loop
      vertex 44.8976 48.2374 23.7
      vertex 46.8393 49.6481 23.7
      vertex 46.6507 49.9558 23.7
    endloop
  endfacet
  facet normal 0 0 1
    outer loop
      vertex 47.6558 48.9507 23.7
      vertex 46.5662 46.8123 23.7
      vertex 47.2476 46.53 23.7
    endloop
  endfacet
  facet normal 0 0 1
    outer loop
      vertex 44.5123 48.8662 23.7
      vertex 46.6507 49.9558 23.7
      vertex 46.5126 50.2893 23.7
    endloop
  endfacet
  facet normal 0 0 1
    outer loop
      vertex 44.23 49.5476 23.7
      vertex 46.5126 50.2893 23.7
      vertex 46.4283 50.6402 23.7
    endloop
  endfacet
  facet normal 0 0 1
    outer loop
      vertex 44.0579 50.2648 23.7
      vertex 46.4283 50.6402 23.7
      vertex 46.4 51 23.7
    endloop
  endfacet
  facet normal 0 0 1
    outer loop
      vertex 46.6507 52.0442 23.7
      vertex 44.5123 53.1337 23.7
      vertex 46.5126 51.7107 23.7
    endloop
  endfacet
  facet normal 0 0 1
    outer loop
      vertex 47.3481 49.1393 23.7
      vertex 45.9374 47.1976 23.7
      vertex 46.5662 46.8123 23.7
    endloop
  endfacet
  facet normal -0 0 1
    outer loop
      vertex 44.23 52.4524 23.7
      vertex 46.5126 51.7107 23.7
      vertex 44.5123 53.1337 23.7
    endloop
  endfacet
  facet normal 0 0 1
    outer loop
      vertex 47.0737 49.3737 23.7
      vertex 45.3766 47.6766 23.7
      vertex 45.9374 47.1976 23.7
    endloop
  endfacet
  facet normal 0 0 1
    outer loop
      vertex 46.5126 51.7107 23.7
      vertex 44.23 52.4524 23.7
      vertex 46.4283 51.3598 23.7
    endloop
  endfacet
  facet normal 0 0 1
    outer loop
      vertex 46.8393 49.6481 23.7
      vertex 44.8976 48.2374 23.7
      vertex 45.3766 47.6766 23.7
    endloop
  endfacet
  facet normal -0 0 1
    outer loop
      vertex 44.0579 51.7352 23.7
      vertex 46.4283 51.3598 23.7
      vertex 44.23 52.4524 23.7
    endloop
  endfacet
  facet normal 0 0 1
    outer loop
      vertex 46.6507 49.9558 23.7
      vertex 44.5123 48.8662 23.7
      vertex 44.8976 48.2374 23.7
    endloop
  endfacet
  facet normal 0 0 1
    outer loop
      vertex 46.4283 51.3598 23.7
      vertex 44.0579 51.7352 23.7
      vertex 46.4 51 23.7
    endloop
  endfacet
  facet normal 0 0 1
    outer loop
      vertex 46.5126 50.2893 23.7
      vertex 44.23 49.5476 23.7
      vertex 44.5123 48.8662 23.7
    endloop
  endfacet
  facet normal 0 0 1
    outer loop
      vertex 44 51 23.7
      vertex 46.4 51 23.7
      vertex 44.0579 51.7352 23.7
    endloop
  endfacet
  facet normal 0 0 1
    outer loop
      vertex 46.4283 50.6402 23.7
      vertex 44.0579 50.2648 23.7
      vertex 44.23 49.5476 23.7
    endloop
  endfacet
  facet normal 0 0 1
    outer loop
      vertex 46.4 51 23.7
      vertex 44 51 23.7
      vertex 44.0579 50.2648 23.7
    endloop
  endfacet
  facet normal 0 0 1
    outer loop
      vertex 28 51 23.7
      vertex 30.4 51 23.7
      vertex 30.3421 51.7352 23.7
    endloop
  endfacet
  facet normal 0 0 1
    outer loop
      vertex 27.9717 51.3598 23.7
      vertex 30.3421 51.7352 23.7
      vertex 30.17 52.4524 23.7
    endloop
  endfacet
  facet normal 0 0 1
    outer loop
      vertex 30.4 51 23.7
      vertex 28 51 23.7
      vertex 30.3421 50.2648 23.7
    endloop
  endfacet
  facet normal 0 0 1
    outer loop
      vertex 27.8874 51.7107 23.7
      vertex 30.17 52.4524 23.7
      vertex 29.8877 53.1337 23.7
    endloop
  endfacet
  facet normal -0 0 1
    outer loop
      vertex 27.9717 50.6402 23.7
      vertex 30.3421 50.2648 23.7
      vertex 28 51 23.7
    endloop
  endfacet
  facet normal 0 0 1
    outer loop
      vertex 27.7493 52.0442 23.7
      vertex 29.8877 53.1337 23.7
      vertex 29.5024 53.7626 23.7
    endloop
  endfacet
  facet normal 0 0 1
    outer loop
      vertex 30.3421 50.2648 23.7
      vertex 27.9717 50.6402 23.7
      vertex 30.17 49.5476 23.7
    endloop
  endfacet
  facet normal 0 0 1
    outer loop
      vertex 27.5607 52.3519 23.7
      vertex 29.5024 53.7626 23.7
      vertex 29.0234 54.3234 23.7
    endloop
  endfacet
  facet normal -0 0 1
    outer loop
      vertex 27.8874 50.2893 23.7
      vertex 30.17 49.5476 23.7
      vertex 27.9717 50.6402 23.7
    endloop
  endfacet
  facet normal 0 0 1
    outer loop
      vertex 27.3263 52.6263 23.7
      vertex 29.0234 54.3234 23.7
      vertex 28.4626 54.8024 23.7
    endloop
  endfacet
  facet normal 0 0 1
    outer loop
      vertex 30.17 49.5476 23.7
      vertex 27.8874 50.2893 23.7
      vertex 29.8877 48.8662 23.7
    endloop
  endfacet
  facet normal -0 0 1
    outer loop
      vertex 27.7493 49.9558 23.7
      vertex 29.8877 48.8662 23.7
      vertex 27.8874 50.2893 23.7
    endloop
  endfacet
  facet normal 0 0 1
    outer loop
      vertex 30.3421 51.7352 23.7
      vertex 27.9717 51.3598 23.7
      vertex 28 51 23.7
    endloop
  endfacet
  facet normal 0 0 1
    outer loop
      vertex 30.17 52.4524 23.7
      vertex 27.8874 51.7107 23.7
      vertex 27.9717 51.3598 23.7
    endloop
  endfacet
  facet normal 0 0 1
    outer loop
      vertex 27.0519 52.8607 23.7
      vertex 28.4626 54.8024 23.7
      vertex 27.8337 55.1877 23.7
    endloop
  endfacet
  facet normal 0 0 1
    outer loop
      vertex 29.8877 53.1337 23.7
      vertex 27.7493 52.0442 23.7
      vertex 27.8874 51.7107 23.7
    endloop
  endfacet
  facet normal 0 0 1
    outer loop
      vertex 29.5024 53.7626 23.7
      vertex 27.5607 52.3519 23.7
      vertex 27.7493 52.0442 23.7
    endloop
  endfacet
  facet normal 0 0 1
    outer loop
      vertex 29.0234 54.3234 23.7
      vertex 27.3263 52.6263 23.7
      vertex 27.5607 52.3519 23.7
    endloop
  endfacet
  facet normal 0 0 1
    outer loop
      vertex 26.7442 53.0493 23.7
      vertex 27.8337 55.1877 23.7
      vertex 27.1524 55.47 23.7
    endloop
  endfacet
  facet normal 0 0 1
    outer loop
      vertex 28.4626 54.8024 23.7
      vertex 27.0519 52.8607 23.7
      vertex 27.3263 52.6263 23.7
    endloop
  endfacet
  facet normal 0 0 1
    outer loop
      vertex 27.8337 55.1877 23.7
      vertex 26.7442 53.0493 23.7
      vertex 27.0519 52.8607 23.7
    endloop
  endfacet
  facet normal 0 0 1
    outer loop
      vertex 26.4107 53.1874 23.7
      vertex 27.1524 55.47 23.7
      vertex 26.4352 55.6421 23.7
    endloop
  endfacet
  facet normal 0 0 1
    outer loop
      vertex 27.1524 55.47 23.7
      vertex 26.4107 53.1874 23.7
      vertex 26.7442 53.0493 23.7
    endloop
  endfacet
  facet normal 0 0 1
    outer loop
      vertex 26.4352 55.6421 23.7
      vertex 26.0598 53.2717 23.7
      vertex 26.4107 53.1874 23.7
    endloop
  endfacet
  facet normal 0 0 1
    outer loop
      vertex 25.7 55.7 23.7
      vertex 26.0598 53.2717 23.7
      vertex 26.4352 55.6421 23.7
    endloop
  endfacet
  facet normal 0 0 1
    outer loop
      vertex 25.7 55.7 23.7
      vertex 25.7 53.3 23.7
      vertex 26.0598 53.2717 23.7
    endloop
  endfacet
  facet normal 0 0 1
    outer loop
      vertex 25.7 55.7 23.7
      vertex 25.3402 53.2717 23.7
      vertex 25.7 53.3 23.7
    endloop
  endfacet
  facet normal -0 0 1
    outer loop
      vertex 24.9648 55.6421 23.7
      vertex 25.3402 53.2717 23.7
      vertex 25.7 55.7 23.7
    endloop
  endfacet
  facet normal 0 0 1
    outer loop
      vertex 25.3402 53.2717 23.7
      vertex 24.9648 55.6421 23.7
      vertex 24.9893 53.1874 23.7
    endloop
  endfacet
  facet normal -0 0 1
    outer loop
      vertex 24.2476 55.47 23.7
      vertex 24.9893 53.1874 23.7
      vertex 24.9648 55.6421 23.7
    endloop
  endfacet
  facet normal 0 0 1
    outer loop
      vertex 24.9893 53.1874 23.7
      vertex 24.2476 55.47 23.7
      vertex 24.6558 53.0493 23.7
    endloop
  endfacet
  facet normal -0 0 1
    outer loop
      vertex 23.5662 55.1877 23.7
      vertex 24.6558 53.0493 23.7
      vertex 24.2476 55.47 23.7
    endloop
  endfacet
  facet normal 0 0 1
    outer loop
      vertex 24.6558 53.0493 23.7
      vertex 23.5662 55.1877 23.7
      vertex 24.3481 52.8607 23.7
    endloop
  endfacet
  facet normal -0 0 1
    outer loop
      vertex 22.9374 54.8024 23.7
      vertex 24.3481 52.8607 23.7
      vertex 23.5662 55.1877 23.7
    endloop
  endfacet
  facet normal 0 0 1
    outer loop
      vertex 24.3481 52.8607 23.7
      vertex 22.9374 54.8024 23.7
      vertex 24.0737 52.6263 23.7
    endloop
  endfacet
  facet normal -0 0 1
    outer loop
      vertex 22.3766 54.3234 23.7
      vertex 24.0737 52.6263 23.7
      vertex 22.9374 54.8024 23.7
    endloop
  endfacet
  facet normal 0 0 1
    outer loop
      vertex 24.0737 52.6263 23.7
      vertex 22.3766 54.3234 23.7
      vertex 23.8393 52.3519 23.7
    endloop
  endfacet
  facet normal -0 0 1
    outer loop
      vertex 21.8976 53.7626 23.7
      vertex 23.8393 52.3519 23.7
      vertex 22.3766 54.3234 23.7
    endloop
  endfacet
  facet normal 0 0 1
    outer loop
      vertex 23.8393 52.3519 23.7
      vertex 21.8976 53.7626 23.7
      vertex 23.6507 52.0442 23.7
    endloop
  endfacet
  facet normal -0 0 1
    outer loop
      vertex 21.5123 53.1337 23.7
      vertex 23.6507 52.0442 23.7
      vertex 21.8976 53.7626 23.7
    endloop
  endfacet
  facet normal 0 0 1
    outer loop
      vertex 29.8877 48.8662 23.7
      vertex 27.7493 49.9558 23.7
      vertex 29.5024 48.2374 23.7
    endloop
  endfacet
  facet normal -0 0 1
    outer loop
      vertex 27.5607 49.6481 23.7
      vertex 29.5024 48.2374 23.7
      vertex 27.7493 49.9558 23.7
    endloop
  endfacet
  facet normal 0 0 1
    outer loop
      vertex 29.5024 48.2374 23.7
      vertex 27.5607 49.6481 23.7
      vertex 29.0234 47.6766 23.7
    endloop
  endfacet
  facet normal -0 0 1
    outer loop
      vertex 27.3263 49.3737 23.7
      vertex 29.0234 47.6766 23.7
      vertex 27.5607 49.6481 23.7
    endloop
  endfacet
  facet normal 0 0 1
    outer loop
      vertex 29.0234 47.6766 23.7
      vertex 27.3263 49.3737 23.7
      vertex 28.4626 47.1976 23.7
    endloop
  endfacet
  facet normal -0 0 1
    outer loop
      vertex 27.0519 49.1393 23.7
      vertex 28.4626 47.1976 23.7
      vertex 27.3263 49.3737 23.7
    endloop
  endfacet
  facet normal 0 0 1
    outer loop
      vertex 28.4626 47.1976 23.7
      vertex 27.0519 49.1393 23.7
      vertex 27.8337 46.8123 23.7
    endloop
  endfacet
  facet normal -0 0 1
    outer loop
      vertex 26.7442 48.9507 23.7
      vertex 27.8337 46.8123 23.7
      vertex 27.0519 49.1393 23.7
    endloop
  endfacet
  facet normal 0 0 1
    outer loop
      vertex 27.8337 46.8123 23.7
      vertex 26.7442 48.9507 23.7
      vertex 27.1524 46.53 23.7
    endloop
  endfacet
  facet normal -0 0 1
    outer loop
      vertex 26.4107 48.8126 23.7
      vertex 27.1524 46.53 23.7
      vertex 26.7442 48.9507 23.7
    endloop
  endfacet
  facet normal 0 0 1
    outer loop
      vertex 27.1524 46.53 23.7
      vertex 26.4107 48.8126 23.7
      vertex 26.4352 46.3579 23.7
    endloop
  endfacet
  facet normal -0 0 1
    outer loop
      vertex 26.0598 48.7283 23.7
      vertex 26.4352 46.3579 23.7
      vertex 26.4107 48.8126 23.7
    endloop
  endfacet
  facet normal -0 0 1
    outer loop
      vertex 25.7 48.7 23.7
      vertex 26.4352 46.3579 23.7
      vertex 26.0598 48.7283 23.7
    endloop
  endfacet
  facet normal 0 0 1
    outer loop
      vertex 25.7 48.7 23.7
      vertex 25.7 46.3 23.7
      vertex 26.4352 46.3579 23.7
    endloop
  endfacet
  facet normal 0 0 1
    outer loop
      vertex 25.3402 48.7283 23.7
      vertex 25.7 46.3 23.7
      vertex 25.7 48.7 23.7
    endloop
  endfacet
  facet normal 0 0 1
    outer loop
      vertex 24.9648 46.3579 23.7
      vertex 25.3402 48.7283 23.7
      vertex 24.9893 48.8126 23.7
    endloop
  endfacet
  facet normal 0 0 1
    outer loop
      vertex 25.3402 48.7283 23.7
      vertex 24.9648 46.3579 23.7
      vertex 25.7 46.3 23.7
    endloop
  endfacet
  facet normal 0 0 1
    outer loop
      vertex 24.2476 46.53 23.7
      vertex 24.9893 48.8126 23.7
      vertex 24.6558 48.9507 23.7
    endloop
  endfacet
  facet normal 0 0 1
    outer loop
      vertex 23.5662 46.8123 23.7
      vertex 24.6558 48.9507 23.7
      vertex 24.3481 49.1393 23.7
    endloop
  endfacet
  facet normal 0 0 1
    outer loop
      vertex 24.9893 48.8126 23.7
      vertex 24.2476 46.53 23.7
      vertex 24.9648 46.3579 23.7
    endloop
  endfacet
  facet normal 0 0 1
    outer loop
      vertex 22.9374 47.1976 23.7
      vertex 24.3481 49.1393 23.7
      vertex 24.0737 49.3737 23.7
    endloop
  endfacet
  facet normal 0 0 1
    outer loop
      vertex 22.3766 47.6766 23.7
      vertex 24.0737 49.3737 23.7
      vertex 23.8393 49.6481 23.7
    endloop
  endfacet
  facet normal 0 0 1
    outer loop
      vertex 21.8976 48.2374 23.7
      vertex 23.8393 49.6481 23.7
      vertex 23.6507 49.9558 23.7
    endloop
  endfacet
  facet normal 0 0 1
    outer loop
      vertex 24.6558 48.9507 23.7
      vertex 23.5662 46.8123 23.7
      vertex 24.2476 46.53 23.7
    endloop
  endfacet
  facet normal 0 0 1
    outer loop
      vertex 21.5123 48.8662 23.7
      vertex 23.6507 49.9558 23.7
      vertex 23.5126 50.2893 23.7
    endloop
  endfacet
  facet normal 0 0 1
    outer loop
      vertex 21.23 49.5476 23.7
      vertex 23.5126 50.2893 23.7
      vertex 23.4283 50.6402 23.7
    endloop
  endfacet
  facet normal 0 0 1
    outer loop
      vertex 21.0579 50.2648 23.7
      vertex 23.4283 50.6402 23.7
      vertex 23.4 51 23.7
    endloop
  endfacet
  facet normal 0 0 1
    outer loop
      vertex 23.6507 52.0442 23.7
      vertex 21.5123 53.1337 23.7
      vertex 23.5126 51.7107 23.7
    endloop
  endfacet
  facet normal 0 0 1
    outer loop
      vertex 24.3481 49.1393 23.7
      vertex 22.9374 47.1976 23.7
      vertex 23.5662 46.8123 23.7
    endloop
  endfacet
  facet normal -0 0 1
    outer loop
      vertex 21.23 52.4524 23.7
      vertex 23.5126 51.7107 23.7
      vertex 21.5123 53.1337 23.7
    endloop
  endfacet
  facet normal 0 0 1
    outer loop
      vertex 24.0737 49.3737 23.7
      vertex 22.3766 47.6766 23.7
      vertex 22.9374 47.1976 23.7
    endloop
  endfacet
  facet normal 0 0 1
    outer loop
      vertex 23.5126 51.7107 23.7
      vertex 21.23 52.4524 23.7
      vertex 23.4283 51.3598 23.7
    endloop
  endfacet
  facet normal 0 0 1
    outer loop
      vertex 23.8393 49.6481 23.7
      vertex 21.8976 48.2374 23.7
      vertex 22.3766 47.6766 23.7
    endloop
  endfacet
  facet normal -0 0 1
    outer loop
      vertex 21.0579 51.7352 23.7
      vertex 23.4283 51.3598 23.7
      vertex 21.23 52.4524 23.7
    endloop
  endfacet
  facet normal 0 0 1
    outer loop
      vertex 23.6507 49.9558 23.7
      vertex 21.5123 48.8662 23.7
      vertex 21.8976 48.2374 23.7
    endloop
  endfacet
  facet normal 0 0 1
    outer loop
      vertex 23.4283 51.3598 23.7
      vertex 21.0579 51.7352 23.7
      vertex 23.4 51 23.7
    endloop
  endfacet
  facet normal 0 0 1
    outer loop
      vertex 23.5126 50.2893 23.7
      vertex 21.23 49.5476 23.7
      vertex 21.5123 48.8662 23.7
    endloop
  endfacet
  facet normal 0 0 1
    outer loop
      vertex 21 51 23.7
      vertex 23.4 51 23.7
      vertex 21.0579 51.7352 23.7
    endloop
  endfacet
  facet normal 0 0 1
    outer loop
      vertex 23.4283 50.6402 23.7
      vertex 21.0579 50.2648 23.7
      vertex 21.23 49.5476 23.7
    endloop
  endfacet
  facet normal 0 0 1
    outer loop
      vertex 23.4 51 23.7
      vertex 21 51 23.7
      vertex 21.0579 50.2648 23.7
    endloop
  endfacet
  facet normal 0 0 1
    outer loop
      vertex 14 6.8 23.7
      vertex 16.4 6.8 23.7
      vertex 16.3421 7.53525 23.7
    endloop
  endfacet
  facet normal 0 0 1
    outer loop
      vertex 13.9717 7.1598 23.7
      vertex 16.3421 7.53525 23.7
      vertex 16.17 8.25238 23.7
    endloop
  endfacet
  facet normal 0 0 1
    outer loop
      vertex 16.4 6.8 23.7
      vertex 14 6.8 23.7
      vertex 16.3421 6.06476 23.7
    endloop
  endfacet
  facet normal 0 0 1
    outer loop
      vertex 13.8874 7.51074 23.7
      vertex 16.17 8.25238 23.7
      vertex 15.8877 8.93376 23.7
    endloop
  endfacet
  facet normal -0 0 1
    outer loop
      vertex 13.9717 6.4402 23.7
      vertex 16.3421 6.06476 23.7
      vertex 14 6.8 23.7
    endloop
  endfacet
  facet normal 0 0 1
    outer loop
      vertex 13.7493 7.84418 23.7
      vertex 15.8877 8.93376 23.7
      vertex 15.5024 9.56259 23.7
    endloop
  endfacet
  facet normal 0 0 1
    outer loop
      vertex 16.3421 6.06476 23.7
      vertex 13.9717 6.4402 23.7
      vertex 16.17 5.34763 23.7
    endloop
  endfacet
  facet normal 0 0 1
    outer loop
      vertex 13.5607 8.15191 23.7
      vertex 15.5024 9.56259 23.7
      vertex 15.0234 10.1234 23.7
    endloop
  endfacet
  facet normal -0 0 1
    outer loop
      vertex 13.8874 6.08926 23.7
      vertex 16.17 5.34763 23.7
      vertex 13.9717 6.4402 23.7
    endloop
  endfacet
  facet normal 0 0 1
    outer loop
      vertex 13.3263 8.42634 23.7
      vertex 15.0234 10.1234 23.7
      vertex 14.4626 10.6024 23.7
    endloop
  endfacet
  facet normal 0 0 1
    outer loop
      vertex 16.17 5.34763 23.7
      vertex 13.8874 6.08926 23.7
      vertex 15.8877 4.66626 23.7
    endloop
  endfacet
  facet normal -0 0 1
    outer loop
      vertex 13.7493 5.75582 23.7
      vertex 15.8877 4.66626 23.7
      vertex 13.8874 6.08926 23.7
    endloop
  endfacet
  facet normal 0 0 1
    outer loop
      vertex 16.3421 7.53525 23.7
      vertex 13.9717 7.1598 23.7
      vertex 14 6.8 23.7
    endloop
  endfacet
  facet normal 0 0 1
    outer loop
      vertex 16.17 8.25238 23.7
      vertex 13.8874 7.51074 23.7
      vertex 13.9717 7.1598 23.7
    endloop
  endfacet
  facet normal 0 0 1
    outer loop
      vertex 13.0519 8.66074 23.7
      vertex 14.4626 10.6024 23.7
      vertex 13.8337 10.9877 23.7
    endloop
  endfacet
  facet normal 0 0 1
    outer loop
      vertex 15.8877 8.93376 23.7
      vertex 13.7493 7.84418 23.7
      vertex 13.8874 7.51074 23.7
    endloop
  endfacet
  facet normal 0 0 1
    outer loop
      vertex 15.5024 9.56259 23.7
      vertex 13.5607 8.15191 23.7
      vertex 13.7493 7.84418 23.7
    endloop
  endfacet
  facet normal 0 0 1
    outer loop
      vertex 15.0234 10.1234 23.7
      vertex 13.3263 8.42634 23.7
      vertex 13.5607 8.15191 23.7
    endloop
  endfacet
  facet normal 0 0 1
    outer loop
      vertex 12.7442 8.84931 23.7
      vertex 13.8337 10.9877 23.7
      vertex 13.1524 11.27 23.7
    endloop
  endfacet
  facet normal 0 0 1
    outer loop
      vertex 14.4626 10.6024 23.7
      vertex 13.0519 8.66074 23.7
      vertex 13.3263 8.42634 23.7
    endloop
  endfacet
  facet normal 0 0 1
    outer loop
      vertex 13.8337 10.9877 23.7
      vertex 12.7442 8.84931 23.7
      vertex 13.0519 8.66074 23.7
    endloop
  endfacet
  facet normal 0 0 1
    outer loop
      vertex 12.4107 8.98743 23.7
      vertex 13.1524 11.27 23.7
      vertex 12.4352 11.4421 23.7
    endloop
  endfacet
  facet normal 0 0 1
    outer loop
      vertex 13.1524 11.27 23.7
      vertex 12.4107 8.98743 23.7
      vertex 12.7442 8.84931 23.7
    endloop
  endfacet
  facet normal 0 0 1
    outer loop
      vertex 12.4352 11.4421 23.7
      vertex 12.0598 9.07168 23.7
      vertex 12.4107 8.98743 23.7
    endloop
  endfacet
  facet normal 0 0 1
    outer loop
      vertex 11.7 11.5 23.7
      vertex 12.0598 9.07168 23.7
      vertex 12.4352 11.4421 23.7
    endloop
  endfacet
  facet normal 0 0 1
    outer loop
      vertex 11.7 11.5 23.7
      vertex 11.7 9.1 23.7
      vertex 12.0598 9.07168 23.7
    endloop
  endfacet
  facet normal 0 0 1
    outer loop
      vertex 11.7 11.5 23.7
      vertex 11.3402 9.07168 23.7
      vertex 11.7 9.1 23.7
    endloop
  endfacet
  facet normal -0 0 1
    outer loop
      vertex 10.9648 11.4421 23.7
      vertex 11.3402 9.07168 23.7
      vertex 11.7 11.5 23.7
    endloop
  endfacet
  facet normal 0 0 1
    outer loop
      vertex 11.3402 9.07168 23.7
      vertex 10.9648 11.4421 23.7
      vertex 10.9893 8.98743 23.7
    endloop
  endfacet
  facet normal -0 0 1
    outer loop
      vertex 10.2476 11.27 23.7
      vertex 10.9893 8.98743 23.7
      vertex 10.9648 11.4421 23.7
    endloop
  endfacet
  facet normal 0 0 1
    outer loop
      vertex 10.9893 8.98743 23.7
      vertex 10.2476 11.27 23.7
      vertex 10.6558 8.84931 23.7
    endloop
  endfacet
  facet normal -0 0 1
    outer loop
      vertex 9.56624 10.9877 23.7
      vertex 10.6558 8.84931 23.7
      vertex 10.2476 11.27 23.7
    endloop
  endfacet
  facet normal 0 0 1
    outer loop
      vertex 10.6558 8.84931 23.7
      vertex 9.56624 10.9877 23.7
      vertex 10.3481 8.66074 23.7
    endloop
  endfacet
  facet normal -0 0 1
    outer loop
      vertex 8.9374 10.6024 23.7
      vertex 10.3481 8.66074 23.7
      vertex 9.56624 10.9877 23.7
    endloop
  endfacet
  facet normal 0 0 1
    outer loop
      vertex 10.3481 8.66074 23.7
      vertex 8.9374 10.6024 23.7
      vertex 10.0737 8.42634 23.7
    endloop
  endfacet
  facet normal -0 0 1
    outer loop
      vertex 8.37659 10.1234 23.7
      vertex 10.0737 8.42634 23.7
      vertex 8.9374 10.6024 23.7
    endloop
  endfacet
  facet normal 0 0 1
    outer loop
      vertex 10.0737 8.42634 23.7
      vertex 8.37659 10.1234 23.7
      vertex 9.83926 8.15191 23.7
    endloop
  endfacet
  facet normal -0 0 1
    outer loop
      vertex 7.89762 9.56259 23.7
      vertex 9.83926 8.15191 23.7
      vertex 8.37659 10.1234 23.7
    endloop
  endfacet
  facet normal 0 0 1
    outer loop
      vertex 9.83926 8.15191 23.7
      vertex 7.89762 9.56259 23.7
      vertex 9.65069 7.84418 23.7
    endloop
  endfacet
  facet normal -0 0 1
    outer loop
      vertex 7.51226 8.93376 23.7
      vertex 9.65069 7.84418 23.7
      vertex 7.89762 9.56259 23.7
    endloop
  endfacet
  facet normal 0 0 1
    outer loop
      vertex 15.8877 4.66626 23.7
      vertex 13.7493 5.75582 23.7
      vertex 15.5024 4.03741 23.7
    endloop
  endfacet
  facet normal -0 0 1
    outer loop
      vertex 13.5607 5.44809 23.7
      vertex 15.5024 4.03741 23.7
      vertex 13.7493 5.75582 23.7
    endloop
  endfacet
  facet normal 0 0 1
    outer loop
      vertex 15.5024 4.03741 23.7
      vertex 13.5607 5.44809 23.7
      vertex 15.0234 3.47661 23.7
    endloop
  endfacet
  facet normal -0 0 1
    outer loop
      vertex 13.3263 5.17366 23.7
      vertex 15.0234 3.47661 23.7
      vertex 13.5607 5.44809 23.7
    endloop
  endfacet
  facet normal 0 0 1
    outer loop
      vertex 15.0234 3.47661 23.7
      vertex 13.3263 5.17366 23.7
      vertex 14.4626 2.99763 23.7
    endloop
  endfacet
  facet normal -0 0 1
    outer loop
      vertex 13.0519 4.93926 23.7
      vertex 14.4626 2.99763 23.7
      vertex 13.3263 5.17366 23.7
    endloop
  endfacet
  facet normal 0 0 1
    outer loop
      vertex 14.4626 2.99763 23.7
      vertex 13.0519 4.93926 23.7
      vertex 13.8337 2.61227 23.7
    endloop
  endfacet
  facet normal -0 0 1
    outer loop
      vertex 12.7442 4.75069 23.7
      vertex 13.8337 2.61227 23.7
      vertex 13.0519 4.93926 23.7
    endloop
  endfacet
  facet normal 0 0 1
    outer loop
      vertex 13.8337 2.61227 23.7
      vertex 12.7442 4.75069 23.7
      vertex 13.1524 2.33005 23.7
    endloop
  endfacet
  facet normal -0 0 1
    outer loop
      vertex 12.4107 4.61257 23.7
      vertex 13.1524 2.33005 23.7
      vertex 12.7442 4.75069 23.7
    endloop
  endfacet
  facet normal 0 0 1
    outer loop
      vertex 13.1524 2.33005 23.7
      vertex 12.4107 4.61257 23.7
      vertex 12.4352 2.15787 23.7
    endloop
  endfacet
  facet normal -0 0 1
    outer loop
      vertex 12.0598 4.52832 23.7
      vertex 12.4352 2.15787 23.7
      vertex 12.4107 4.61257 23.7
    endloop
  endfacet
  facet normal -0 0 1
    outer loop
      vertex 11.7 4.5 23.7
      vertex 12.4352 2.15787 23.7
      vertex 12.0598 4.52832 23.7
    endloop
  endfacet
  facet normal 0 0 1
    outer loop
      vertex 11.7 4.5 23.7
      vertex 11.7 2.10001 23.7
      vertex 12.4352 2.15787 23.7
    endloop
  endfacet
  facet normal 0 0 1
    outer loop
      vertex 11.3402 4.52832 23.7
      vertex 11.7 2.10001 23.7
      vertex 11.7 4.5 23.7
    endloop
  endfacet
  facet normal 0 0 1
    outer loop
      vertex 10.9648 2.15787 23.7
      vertex 11.3402 4.52832 23.7
      vertex 10.9893 4.61257 23.7
    endloop
  endfacet
  facet normal 0 0 1
    outer loop
      vertex 11.3402 4.52832 23.7
      vertex 10.9648 2.15787 23.7
      vertex 11.7 2.10001 23.7
    endloop
  endfacet
  facet normal 0 0 1
    outer loop
      vertex 10.2476 2.33005 23.7
      vertex 10.9893 4.61257 23.7
      vertex 10.6558 4.75069 23.7
    endloop
  endfacet
  facet normal 0 0 1
    outer loop
      vertex 9.56624 2.61227 23.7
      vertex 10.6558 4.75069 23.7
      vertex 10.3481 4.93926 23.7
    endloop
  endfacet
  facet normal 0 0 1
    outer loop
      vertex 10.9893 4.61257 23.7
      vertex 10.2476 2.33005 23.7
      vertex 10.9648 2.15787 23.7
    endloop
  endfacet
  facet normal 0 0 1
    outer loop
      vertex 8.9374 2.99763 23.7
      vertex 10.3481 4.93926 23.7
      vertex 10.0737 5.17366 23.7
    endloop
  endfacet
  facet normal 0 0 1
    outer loop
      vertex 8.37659 3.47661 23.7
      vertex 10.0737 5.17366 23.7
      vertex 9.83926 5.44809 23.7
    endloop
  endfacet
  facet normal 0 0 1
    outer loop
      vertex 7.89762 4.03741 23.7
      vertex 9.83926 5.44809 23.7
      vertex 9.65069 5.75582 23.7
    endloop
  endfacet
  facet normal 0 0 1
    outer loop
      vertex 10.6558 4.75069 23.7
      vertex 9.56624 2.61227 23.7
      vertex 10.2476 2.33005 23.7
    endloop
  endfacet
  facet normal 0 0 1
    outer loop
      vertex 7.51226 4.66626 23.7
      vertex 9.65069 5.75582 23.7
      vertex 9.51257 6.08926 23.7
    endloop
  endfacet
  facet normal 0 0 1
    outer loop
      vertex 7.23003 5.34763 23.7
      vertex 9.51257 6.08926 23.7
      vertex 9.42832 6.4402 23.7
    endloop
  endfacet
  facet normal 0 0 1
    outer loop
      vertex 7.05786 6.06476 23.7
      vertex 9.42832 6.4402 23.7
      vertex 9.4 6.8 23.7
    endloop
  endfacet
  facet normal 0 0 1
    outer loop
      vertex 9.65069 7.84418 23.7
      vertex 7.51226 8.93376 23.7
      vertex 9.51257 7.51074 23.7
    endloop
  endfacet
  facet normal 0 0 1
    outer loop
      vertex 10.3481 4.93926 23.7
      vertex 8.9374 2.99763 23.7
      vertex 9.56624 2.61227 23.7
    endloop
  endfacet
  facet normal -0 0 1
    outer loop
      vertex 7.23003 8.25238 23.7
      vertex 9.51257 7.51074 23.7
      vertex 7.51226 8.93376 23.7
    endloop
  endfacet
  facet normal 0 0 1
    outer loop
      vertex 10.0737 5.17366 23.7
      vertex 8.37659 3.47661 23.7
      vertex 8.9374 2.99763 23.7
    endloop
  endfacet
  facet normal 0 0 1
    outer loop
      vertex 9.51257 7.51074 23.7
      vertex 7.23003 8.25238 23.7
      vertex 9.42832 7.1598 23.7
    endloop
  endfacet
  facet normal 0 0 1
    outer loop
      vertex 9.83926 5.44809 23.7
      vertex 7.89762 4.03741 23.7
      vertex 8.37659 3.47661 23.7
    endloop
  endfacet
  facet normal -0 0 1
    outer loop
      vertex 7.05786 7.53525 23.7
      vertex 9.42832 7.1598 23.7
      vertex 7.23003 8.25238 23.7
    endloop
  endfacet
  facet normal 0 0 1
    outer loop
      vertex 9.65069 5.75582 23.7
      vertex 7.51226 4.66626 23.7
      vertex 7.89762 4.03741 23.7
    endloop
  endfacet
  facet normal 0 0 1
    outer loop
      vertex 9.42832 7.1598 23.7
      vertex 7.05786 7.53525 23.7
      vertex 9.4 6.8 23.7
    endloop
  endfacet
  facet normal 0 0 1
    outer loop
      vertex 9.51257 6.08926 23.7
      vertex 7.23003 5.34763 23.7
      vertex 7.51226 4.66626 23.7
    endloop
  endfacet
  facet normal -0 0 1
    outer loop
      vertex 6.99999 6.8 23.7
      vertex 9.4 6.8 23.7
      vertex 7.05786 7.53525 23.7
    endloop
  endfacet
  facet normal 0 0 1
    outer loop
      vertex 9.42832 6.4402 23.7
      vertex 7.05786 6.06476 23.7
      vertex 7.23003 5.34763 23.7
    endloop
  endfacet
  facet normal 0 0 1
    outer loop
      vertex 9.4 6.8 23.7
      vertex 6.99999 6.8 23.7
      vertex 7.05786 6.06476 23.7
    endloop
  endfacet
  facet normal 0 0 1
    outer loop
      vertex 51 6.8 23.7
      vertex 53.4 6.8 23.7
      vertex 53.3421 7.53525 23.7
    endloop
  endfacet
  facet normal 0 0 1
    outer loop
      vertex 50.9717 7.1598 23.7
      vertex 53.3421 7.53525 23.7
      vertex 53.17 8.25238 23.7
    endloop
  endfacet
  facet normal 0 0 1
    outer loop
      vertex 53.4 6.8 23.7
      vertex 51 6.8 23.7
      vertex 53.3421 6.06476 23.7
    endloop
  endfacet
  facet normal 0 0 1
    outer loop
      vertex 50.8874 7.51074 23.7
      vertex 53.17 8.25238 23.7
      vertex 52.8877 8.93376 23.7
    endloop
  endfacet
  facet normal -0 0 1
    outer loop
      vertex 50.9717 6.4402 23.7
      vertex 53.3421 6.06476 23.7
      vertex 51 6.8 23.7
    endloop
  endfacet
  facet normal 0 0 1
    outer loop
      vertex 50.7493 7.84418 23.7
      vertex 52.8877 8.93376 23.7
      vertex 52.5024 9.56259 23.7
    endloop
  endfacet
  facet normal 0 0 1
    outer loop
      vertex 53.3421 6.06476 23.7
      vertex 50.9717 6.4402 23.7
      vertex 53.17 5.34763 23.7
    endloop
  endfacet
  facet normal 0 0 1
    outer loop
      vertex 50.5607 8.15191 23.7
      vertex 52.5024 9.56259 23.7
      vertex 52.0234 10.1234 23.7
    endloop
  endfacet
  facet normal -0 0 1
    outer loop
      vertex 50.8874 6.08926 23.7
      vertex 53.17 5.34763 23.7
      vertex 50.9717 6.4402 23.7
    endloop
  endfacet
  facet normal 0 0 1
    outer loop
      vertex 50.3263 8.42634 23.7
      vertex 52.0234 10.1234 23.7
      vertex 51.4626 10.6024 23.7
    endloop
  endfacet
  facet normal 0 0 1
    outer loop
      vertex 53.17 5.34763 23.7
      vertex 50.8874 6.08926 23.7
      vertex 52.8877 4.66626 23.7
    endloop
  endfacet
  facet normal -0 0 1
    outer loop
      vertex 50.7493 5.75582 23.7
      vertex 52.8877 4.66626 23.7
      vertex 50.8874 6.08926 23.7
    endloop
  endfacet
  facet normal 0 0 1
    outer loop
      vertex 53.3421 7.53525 23.7
      vertex 50.9717 7.1598 23.7
      vertex 51 6.8 23.7
    endloop
  endfacet
  facet normal 0 0 1
    outer loop
      vertex 53.17 8.25238 23.7
      vertex 50.8874 7.51074 23.7
      vertex 50.9717 7.1598 23.7
    endloop
  endfacet
  facet normal 0 0 1
    outer loop
      vertex 50.0519 8.66074 23.7
      vertex 51.4626 10.6024 23.7
      vertex 50.8337 10.9877 23.7
    endloop
  endfacet
  facet normal 0 0 1
    outer loop
      vertex 52.8877 8.93376 23.7
      vertex 50.7493 7.84418 23.7
      vertex 50.8874 7.51074 23.7
    endloop
  endfacet
  facet normal 0 0 1
    outer loop
      vertex 52.5024 9.56259 23.7
      vertex 50.5607 8.15191 23.7
      vertex 50.7493 7.84418 23.7
    endloop
  endfacet
  facet normal 0 0 1
    outer loop
      vertex 52.0234 10.1234 23.7
      vertex 50.3263 8.42634 23.7
      vertex 50.5607 8.15191 23.7
    endloop
  endfacet
  facet normal 0 0 1
    outer loop
      vertex 49.7442 8.84931 23.7
      vertex 50.8337 10.9877 23.7
      vertex 50.1524 11.27 23.7
    endloop
  endfacet
  facet normal 0 0 1
    outer loop
      vertex 51.4626 10.6024 23.7
      vertex 50.0519 8.66074 23.7
      vertex 50.3263 8.42634 23.7
    endloop
  endfacet
  facet normal 0 0 1
    outer loop
      vertex 50.8337 10.9877 23.7
      vertex 49.7442 8.84931 23.7
      vertex 50.0519 8.66074 23.7
    endloop
  endfacet
  facet normal 0 0 1
    outer loop
      vertex 49.4107 8.98743 23.7
      vertex 50.1524 11.27 23.7
      vertex 49.4352 11.4421 23.7
    endloop
  endfacet
  facet normal 0 0 1
    outer loop
      vertex 50.1524 11.27 23.7
      vertex 49.4107 8.98743 23.7
      vertex 49.7442 8.84931 23.7
    endloop
  endfacet
  facet normal 0 0 1
    outer loop
      vertex 49.4352 11.4421 23.7
      vertex 49.0598 9.07168 23.7
      vertex 49.4107 8.98743 23.7
    endloop
  endfacet
  facet normal 0 0 1
    outer loop
      vertex 48.7 11.5 23.7
      vertex 49.0598 9.07168 23.7
      vertex 49.4352 11.4421 23.7
    endloop
  endfacet
  facet normal 0 0 1
    outer loop
      vertex 48.7 11.5 23.7
      vertex 48.7 9.1 23.7
      vertex 49.0598 9.07168 23.7
    endloop
  endfacet
  facet normal 0 0 1
    outer loop
      vertex 48.7 11.5 23.7
      vertex 48.3402 9.07168 23.7
      vertex 48.7 9.1 23.7
    endloop
  endfacet
  facet normal -0 0 1
    outer loop
      vertex 47.9648 11.4421 23.7
      vertex 48.3402 9.07168 23.7
      vertex 48.7 11.5 23.7
    endloop
  endfacet
  facet normal 0 0 1
    outer loop
      vertex 48.3402 9.07168 23.7
      vertex 47.9648 11.4421 23.7
      vertex 47.9893 8.98743 23.7
    endloop
  endfacet
  facet normal -0 0 1
    outer loop
      vertex 47.2476 11.27 23.7
      vertex 47.9893 8.98743 23.7
      vertex 47.9648 11.4421 23.7
    endloop
  endfacet
  facet normal 0 0 1
    outer loop
      vertex 47.9893 8.98743 23.7
      vertex 47.2476 11.27 23.7
      vertex 47.6558 8.84931 23.7
    endloop
  endfacet
  facet normal -0 0 1
    outer loop
      vertex 46.5662 10.9877 23.7
      vertex 47.6558 8.84931 23.7
      vertex 47.2476 11.27 23.7
    endloop
  endfacet
  facet normal 0 0 1
    outer loop
      vertex 47.6558 8.84931 23.7
      vertex 46.5662 10.9877 23.7
      vertex 47.3481 8.66074 23.7
    endloop
  endfacet
  facet normal -0 0 1
    outer loop
      vertex 45.9374 10.6024 23.7
      vertex 47.3481 8.66074 23.7
      vertex 46.5662 10.9877 23.7
    endloop
  endfacet
  facet normal 0 0 1
    outer loop
      vertex 47.3481 8.66074 23.7
      vertex 45.9374 10.6024 23.7
      vertex 47.0737 8.42634 23.7
    endloop
  endfacet
  facet normal -0 0 1
    outer loop
      vertex 45.3766 10.1234 23.7
      vertex 47.0737 8.42634 23.7
      vertex 45.9374 10.6024 23.7
    endloop
  endfacet
  facet normal 0 0 1
    outer loop
      vertex 47.0737 8.42634 23.7
      vertex 45.3766 10.1234 23.7
      vertex 46.8393 8.15191 23.7
    endloop
  endfacet
  facet normal -0 0 1
    outer loop
      vertex 44.8976 9.56259 23.7
      vertex 46.8393 8.15191 23.7
      vertex 45.3766 10.1234 23.7
    endloop
  endfacet
  facet normal 0 0 1
    outer loop
      vertex 46.8393 8.15191 23.7
      vertex 44.8976 9.56259 23.7
      vertex 46.6507 7.84418 23.7
    endloop
  endfacet
  facet normal -0 0 1
    outer loop
      vertex 44.5123 8.93376 23.7
      vertex 46.6507 7.84418 23.7
      vertex 44.8976 9.56259 23.7
    endloop
  endfacet
  facet normal 0 0 1
    outer loop
      vertex 52.8877 4.66626 23.7
      vertex 50.7493 5.75582 23.7
      vertex 52.5024 4.03741 23.7
    endloop
  endfacet
  facet normal -0 0 1
    outer loop
      vertex 50.5607 5.44809 23.7
      vertex 52.5024 4.03741 23.7
      vertex 50.7493 5.75582 23.7
    endloop
  endfacet
  facet normal 0 0 1
    outer loop
      vertex 52.5024 4.03741 23.7
      vertex 50.5607 5.44809 23.7
      vertex 52.0234 3.47661 23.7
    endloop
  endfacet
  facet normal -0 0 1
    outer loop
      vertex 50.3263 5.17366 23.7
      vertex 52.0234 3.47661 23.7
      vertex 50.5607 5.44809 23.7
    endloop
  endfacet
  facet normal 0 0 1
    outer loop
      vertex 52.0234 3.47661 23.7
      vertex 50.3263 5.17366 23.7
      vertex 51.4626 2.99763 23.7
    endloop
  endfacet
  facet normal -0 0 1
    outer loop
      vertex 50.0519 4.93926 23.7
      vertex 51.4626 2.99763 23.7
      vertex 50.3263 5.17366 23.7
    endloop
  endfacet
  facet normal 0 0 1
    outer loop
      vertex 51.4626 2.99763 23.7
      vertex 50.0519 4.93926 23.7
      vertex 50.8337 2.61227 23.7
    endloop
  endfacet
  facet normal -0 0 1
    outer loop
      vertex 49.7442 4.75069 23.7
      vertex 50.8337 2.61227 23.7
      vertex 50.0519 4.93926 23.7
    endloop
  endfacet
  facet normal 0 0 1
    outer loop
      vertex 50.8337 2.61227 23.7
      vertex 49.7442 4.75069 23.7
      vertex 50.1524 2.33005 23.7
    endloop
  endfacet
  facet normal -0 0 1
    outer loop
      vertex 49.4107 4.61257 23.7
      vertex 50.1524 2.33005 23.7
      vertex 49.7442 4.75069 23.7
    endloop
  endfacet
  facet normal 0 0 1
    outer loop
      vertex 50.1524 2.33005 23.7
      vertex 49.4107 4.61257 23.7
      vertex 49.4352 2.15787 23.7
    endloop
  endfacet
  facet normal -0 0 1
    outer loop
      vertex 49.0598 4.52832 23.7
      vertex 49.4352 2.15787 23.7
      vertex 49.4107 4.61257 23.7
    endloop
  endfacet
  facet normal -0 0 1
    outer loop
      vertex 48.7 4.5 23.7
      vertex 49.4352 2.15787 23.7
      vertex 49.0598 4.52832 23.7
    endloop
  endfacet
  facet normal 0 0 1
    outer loop
      vertex 48.7 4.5 23.7
      vertex 48.7 2.10001 23.7
      vertex 49.4352 2.15787 23.7
    endloop
  endfacet
  facet normal 0 0 1
    outer loop
      vertex 48.3402 4.52832 23.7
      vertex 48.7 2.10001 23.7
      vertex 48.7 4.5 23.7
    endloop
  endfacet
  facet normal 0 0 1
    outer loop
      vertex 47.9648 2.15787 23.7
      vertex 48.3402 4.52832 23.7
      vertex 47.9893 4.61257 23.7
    endloop
  endfacet
  facet normal 0 0 1
    outer loop
      vertex 48.3402 4.52832 23.7
      vertex 47.9648 2.15787 23.7
      vertex 48.7 2.10001 23.7
    endloop
  endfacet
  facet normal 0 0 1
    outer loop
      vertex 47.2476 2.33005 23.7
      vertex 47.9893 4.61257 23.7
      vertex 47.6558 4.75069 23.7
    endloop
  endfacet
  facet normal 0 0 1
    outer loop
      vertex 46.5662 2.61227 23.7
      vertex 47.6558 4.75069 23.7
      vertex 47.3481 4.93926 23.7
    endloop
  endfacet
  facet normal 0 0 1
    outer loop
      vertex 47.9893 4.61257 23.7
      vertex 47.2476 2.33005 23.7
      vertex 47.9648 2.15787 23.7
    endloop
  endfacet
  facet normal 0 0 1
    outer loop
      vertex 45.9374 2.99763 23.7
      vertex 47.3481 4.93926 23.7
      vertex 47.0737 5.17366 23.7
    endloop
  endfacet
  facet normal 0 0 1
    outer loop
      vertex 45.3766 3.47661 23.7
      vertex 47.0737 5.17366 23.7
      vertex 46.8393 5.44809 23.7
    endloop
  endfacet
  facet normal 0 0 1
    outer loop
      vertex 44.8976 4.03741 23.7
      vertex 46.8393 5.44809 23.7
      vertex 46.6507 5.75582 23.7
    endloop
  endfacet
  facet normal 0 0 1
    outer loop
      vertex 47.6558 4.75069 23.7
      vertex 46.5662 2.61227 23.7
      vertex 47.2476 2.33005 23.7
    endloop
  endfacet
  facet normal 0 0 1
    outer loop
      vertex 44.5123 4.66626 23.7
      vertex 46.6507 5.75582 23.7
      vertex 46.5126 6.08926 23.7
    endloop
  endfacet
  facet normal 0 0 1
    outer loop
      vertex 44.23 5.34763 23.7
      vertex 46.5126 6.08926 23.7
      vertex 46.4283 6.4402 23.7
    endloop
  endfacet
  facet normal 0 0 1
    outer loop
      vertex 44.0579 6.06476 23.7
      vertex 46.4283 6.4402 23.7
      vertex 46.4 6.8 23.7
    endloop
  endfacet
  facet normal 0 0 1
    outer loop
      vertex 46.6507 7.84418 23.7
      vertex 44.5123 8.93376 23.7
      vertex 46.5126 7.51074 23.7
    endloop
  endfacet
  facet normal 0 0 1
    outer loop
      vertex 47.3481 4.93926 23.7
      vertex 45.9374 2.99763 23.7
      vertex 46.5662 2.61227 23.7
    endloop
  endfacet
  facet normal -0 0 1
    outer loop
      vertex 44.23 8.25238 23.7
      vertex 46.5126 7.51074 23.7
      vertex 44.5123 8.93376 23.7
    endloop
  endfacet
  facet normal 0 0 1
    outer loop
      vertex 47.0737 5.17366 23.7
      vertex 45.3766 3.47661 23.7
      vertex 45.9374 2.99763 23.7
    endloop
  endfacet
  facet normal 0 0 1
    outer loop
      vertex 46.5126 7.51074 23.7
      vertex 44.23 8.25238 23.7
      vertex 46.4283 7.1598 23.7
    endloop
  endfacet
  facet normal 0 0 1
    outer loop
      vertex 46.8393 5.44809 23.7
      vertex 44.8976 4.03741 23.7
      vertex 45.3766 3.47661 23.7
    endloop
  endfacet
  facet normal -0 0 1
    outer loop
      vertex 44.0579 7.53525 23.7
      vertex 46.4283 7.1598 23.7
      vertex 44.23 8.25238 23.7
    endloop
  endfacet
  facet normal 0 0 1
    outer loop
      vertex 46.6507 5.75582 23.7
      vertex 44.5123 4.66626 23.7
      vertex 44.8976 4.03741 23.7
    endloop
  endfacet
  facet normal 0 0 1
    outer loop
      vertex 46.4283 7.1598 23.7
      vertex 44.0579 7.53525 23.7
      vertex 46.4 6.8 23.7
    endloop
  endfacet
  facet normal 0 0 1
    outer loop
      vertex 46.5126 6.08926 23.7
      vertex 44.23 5.34763 23.7
      vertex 44.5123 4.66626 23.7
    endloop
  endfacet
  facet normal -0 0 1
    outer loop
      vertex 44 6.8 23.7
      vertex 46.4 6.8 23.7
      vertex 44.0579 7.53525 23.7
    endloop
  endfacet
  facet normal 0 0 1
    outer loop
      vertex 46.4283 6.4402 23.7
      vertex 44.0579 6.06476 23.7
      vertex 44.23 5.34763 23.7
    endloop
  endfacet
  facet normal 0 0 1
    outer loop
      vertex 46.4 6.8 23.7
      vertex 44 6.8 23.7
      vertex 44.0579 6.06476 23.7
    endloop
  endfacet
  facet normal 0.233436 -0.972372 0
    outer loop
      vertex 26.4352 46.3579 2.8
      vertex 27.1524 46.53 23.7
      vertex 26.4352 46.3579 23.7
    endloop
  endfacet
  facet normal 0.233436 -0.972372 0
    outer loop
      vertex 27.1524 46.53 23.7
      vertex 26.4352 46.3579 2.8
      vertex 27.1524 46.53 2.8
    endloop
  endfacet
  facet normal 0.382678 -0.923882 0
    outer loop
      vertex 27.1524 46.53 2.8
      vertex 27.8337 46.8123 23.7
      vertex 27.1524 46.53 23.7
    endloop
  endfacet
  facet normal 0.382678 -0.923882 0
    outer loop
      vertex 27.8337 46.8123 23.7
      vertex 27.1524 46.53 2.8
      vertex 27.8337 46.8123 2.8
    endloop
  endfacet
  facet normal 0.522502 -0.852638 0
    outer loop
      vertex 27.8337 46.8123 2.8
      vertex 28.4626 47.1976 23.7
      vertex 27.8337 46.8123 23.7
    endloop
  endfacet
  facet normal 0.522502 -0.852638 0
    outer loop
      vertex 28.4626 47.1976 23.7
      vertex 27.8337 46.8123 2.8
      vertex 28.4626 47.1976 2.8
    endloop
  endfacet
  facet normal 0.649448 -0.760406 0
    outer loop
      vertex 28.4626 47.1976 2.8
      vertex 29.0234 47.6766 23.7
      vertex 28.4626 47.1976 23.7
    endloop
  endfacet
  facet normal 0.649448 -0.760406 0
    outer loop
      vertex 29.0234 47.6766 23.7
      vertex 28.4626 47.1976 2.8
      vertex 29.0234 47.6766 2.8
    endloop
  endfacet
  facet normal 0.760406 -0.649448 0
    outer loop
      vertex 29.0234 47.6766 23.7
      vertex 29.5024 48.2374 2.8
      vertex 29.5024 48.2374 23.7
    endloop
  endfacet
  facet normal 0.760406 -0.649448 0
    outer loop
      vertex 29.5024 48.2374 2.8
      vertex 29.0234 47.6766 23.7
      vertex 29.0234 47.6766 2.8
    endloop
  endfacet
  facet normal 0.852638 -0.522502 0
    outer loop
      vertex 29.5024 48.2374 23.7
      vertex 29.8877 48.8662 2.8
      vertex 29.8877 48.8662 23.7
    endloop
  endfacet
  facet normal 0.852638 -0.522502 0
    outer loop
      vertex 29.8877 48.8662 2.8
      vertex 29.5024 48.2374 23.7
      vertex 29.5024 48.2374 2.8
    endloop
  endfacet
  facet normal 0.923882 -0.382678 0
    outer loop
      vertex 29.8877 48.8662 23.7
      vertex 30.17 49.5476 2.8
      vertex 30.17 49.5476 23.7
    endloop
  endfacet
  facet normal 0.923882 -0.382678 0
    outer loop
      vertex 30.17 49.5476 2.8
      vertex 29.8877 48.8662 23.7
      vertex 29.8877 48.8662 2.8
    endloop
  endfacet
  facet normal 0.972372 -0.233436 0
    outer loop
      vertex 30.17 49.5476 23.7
      vertex 30.3421 50.2648 2.8
      vertex 30.3421 50.2648 23.7
    endloop
  endfacet
  facet normal 0.972372 -0.233436 0
    outer loop
      vertex 30.3421 50.2648 2.8
      vertex 30.17 49.5476 23.7
      vertex 30.17 49.5476 2.8
    endloop
  endfacet
  facet normal 0.996916 -0.0784747 0
    outer loop
      vertex 30.3421 50.2648 23.7
      vertex 30.4 51 2.8
      vertex 30.4 51 23.7
    endloop
  endfacet
  facet normal 0.996916 -0.0784747 0
    outer loop
      vertex 30.4 51 2.8
      vertex 30.3421 50.2648 23.7
      vertex 30.3421 50.2648 2.8
    endloop
  endfacet
  facet normal 0.996916 0.0784763 0
    outer loop
      vertex 30.4 51 23.7
      vertex 30.3421 51.7352 2.8
      vertex 30.3421 51.7352 23.7
    endloop
  endfacet
  facet normal 0.996916 0.0784763 0
    outer loop
      vertex 30.3421 51.7352 2.8
      vertex 30.4 51 23.7
      vertex 30.4 51 2.8
    endloop
  endfacet
  facet normal 0.972372 0.233436 0
    outer loop
      vertex 30.3421 51.7352 23.7
      vertex 30.17 52.4524 2.8
      vertex 30.17 52.4524 23.7
    endloop
  endfacet
  facet normal 0.972372 0.233436 0
    outer loop
      vertex 30.17 52.4524 2.8
      vertex 30.3421 51.7352 23.7
      vertex 30.3421 51.7352 2.8
    endloop
  endfacet
  facet normal 0.923882 0.382678 0
    outer loop
      vertex 30.17 52.4524 23.7
      vertex 29.8877 53.1337 2.8
      vertex 29.8877 53.1337 23.7
    endloop
  endfacet
  facet normal 0.923882 0.382678 0
    outer loop
      vertex 29.8877 53.1337 2.8
      vertex 30.17 52.4524 23.7
      vertex 30.17 52.4524 2.8
    endloop
  endfacet
  facet normal 0.852638 0.522502 0
    outer loop
      vertex 29.8877 53.1337 23.7
      vertex 29.5024 53.7626 2.8
      vertex 29.5024 53.7626 23.7
    endloop
  endfacet
  facet normal 0.852638 0.522502 0
    outer loop
      vertex 29.5024 53.7626 2.8
      vertex 29.8877 53.1337 23.7
      vertex 29.8877 53.1337 2.8
    endloop
  endfacet
  facet normal 0.760406 0.649448 0
    outer loop
      vertex 29.5024 53.7626 23.7
      vertex 29.0234 54.3234 2.8
      vertex 29.0234 54.3234 23.7
    endloop
  endfacet
  facet normal 0.760406 0.649448 0
    outer loop
      vertex 29.0234 54.3234 2.8
      vertex 29.5024 53.7626 23.7
      vertex 29.5024 53.7626 2.8
    endloop
  endfacet
  facet normal 0.649448 0.760406 -0
    outer loop
      vertex 29.0234 54.3234 2.8
      vertex 28.4626 54.8024 23.7
      vertex 29.0234 54.3234 23.7
    endloop
  endfacet
  facet normal 0.649448 0.760406 0
    outer loop
      vertex 28.4626 54.8024 23.7
      vertex 29.0234 54.3234 2.8
      vertex 28.4626 54.8024 2.8
    endloop
  endfacet
  facet normal 0.522502 0.852638 -0
    outer loop
      vertex 28.4626 54.8024 2.8
      vertex 27.8337 55.1877 23.7
      vertex 28.4626 54.8024 23.7
    endloop
  endfacet
  facet normal 0.522502 0.852638 0
    outer loop
      vertex 27.8337 55.1877 23.7
      vertex 28.4626 54.8024 2.8
      vertex 27.8337 55.1877 2.8
    endloop
  endfacet
  facet normal 0.382678 0.923882 -0
    outer loop
      vertex 27.8337 55.1877 2.8
      vertex 27.1524 55.47 23.7
      vertex 27.8337 55.1877 23.7
    endloop
  endfacet
  facet normal 0.382678 0.923882 0
    outer loop
      vertex 27.1524 55.47 23.7
      vertex 27.8337 55.1877 2.8
      vertex 27.1524 55.47 2.8
    endloop
  endfacet
  facet normal 0.233436 0.972372 -0
    outer loop
      vertex 27.1524 55.47 2.8
      vertex 26.4352 55.6421 23.7
      vertex 27.1524 55.47 23.7
    endloop
  endfacet
  facet normal 0.233436 0.972372 0
    outer loop
      vertex 26.4352 55.6421 23.7
      vertex 27.1524 55.47 2.8
      vertex 26.4352 55.6421 2.8
    endloop
  endfacet
  facet normal 0.0784763 0.996916 -0
    outer loop
      vertex 26.4352 55.6421 2.8
      vertex 25.7 55.7 23.7
      vertex 26.4352 55.6421 23.7
    endloop
  endfacet
  facet normal 0.0784763 0.996916 0
    outer loop
      vertex 25.7 55.7 23.7
      vertex 26.4352 55.6421 2.8
      vertex 25.7 55.7 2.8
    endloop
  endfacet
  facet normal -0.0784747 0.996916 0
    outer loop
      vertex 25.7 55.7 2.8
      vertex 24.9648 55.6421 23.7
      vertex 25.7 55.7 23.7
    endloop
  endfacet
  facet normal -0.0784747 0.996916 0
    outer loop
      vertex 24.9648 55.6421 23.7
      vertex 25.7 55.7 2.8
      vertex 24.9648 55.6421 2.8
    endloop
  endfacet
  facet normal -0.233436 0.972372 0
    outer loop
      vertex 24.9648 55.6421 2.8
      vertex 24.2476 55.47 23.7
      vertex 24.9648 55.6421 23.7
    endloop
  endfacet
  facet normal -0.233436 0.972372 0
    outer loop
      vertex 24.2476 55.47 23.7
      vertex 24.9648 55.6421 2.8
      vertex 24.2476 55.47 2.8
    endloop
  endfacet
  facet normal -0.382678 0.923882 0
    outer loop
      vertex 24.2476 55.47 2.8
      vertex 23.5662 55.1877 23.7
      vertex 24.2476 55.47 23.7
    endloop
  endfacet
  facet normal -0.382678 0.923882 0
    outer loop
      vertex 23.5662 55.1877 23.7
      vertex 24.2476 55.47 2.8
      vertex 23.5662 55.1877 2.8
    endloop
  endfacet
  facet normal -0.522502 0.852638 0
    outer loop
      vertex 23.5662 55.1877 2.8
      vertex 22.9374 54.8024 23.7
      vertex 23.5662 55.1877 23.7
    endloop
  endfacet
  facet normal -0.522502 0.852638 0
    outer loop
      vertex 22.9374 54.8024 23.7
      vertex 23.5662 55.1877 2.8
      vertex 22.9374 54.8024 2.8
    endloop
  endfacet
  facet normal -0.649448 0.760406 0
    outer loop
      vertex 22.9374 54.8024 2.8
      vertex 22.3766 54.3234 23.7
      vertex 22.9374 54.8024 23.7
    endloop
  endfacet
  facet normal -0.649448 0.760406 0
    outer loop
      vertex 22.3766 54.3234 23.7
      vertex 22.9374 54.8024 2.8
      vertex 22.3766 54.3234 2.8
    endloop
  endfacet
  facet normal -0.760406 0.649448 0
    outer loop
      vertex 21.8976 53.7626 2.8
      vertex 22.3766 54.3234 23.7
      vertex 22.3766 54.3234 2.8
    endloop
  endfacet
  facet normal -0.760406 0.649448 0
    outer loop
      vertex 22.3766 54.3234 23.7
      vertex 21.8976 53.7626 2.8
      vertex 21.8976 53.7626 23.7
    endloop
  endfacet
  facet normal -0.852638 0.522502 0
    outer loop
      vertex 21.5123 53.1337 2.8
      vertex 21.8976 53.7626 23.7
      vertex 21.8976 53.7626 2.8
    endloop
  endfacet
  facet normal -0.852638 0.522502 0
    outer loop
      vertex 21.8976 53.7626 23.7
      vertex 21.5123 53.1337 2.8
      vertex 21.5123 53.1337 23.7
    endloop
  endfacet
  facet normal -0.923882 0.382678 0
    outer loop
      vertex 21.23 52.4524 2.8
      vertex 21.5123 53.1337 23.7
      vertex 21.5123 53.1337 2.8
    endloop
  endfacet
  facet normal -0.923882 0.382678 0
    outer loop
      vertex 21.5123 53.1337 23.7
      vertex 21.23 52.4524 2.8
      vertex 21.23 52.4524 23.7
    endloop
  endfacet
  facet normal -0.972372 0.233436 0
    outer loop
      vertex 21.0579 51.7352 2.8
      vertex 21.23 52.4524 23.7
      vertex 21.23 52.4524 2.8
    endloop
  endfacet
  facet normal -0.972372 0.233436 0
    outer loop
      vertex 21.23 52.4524 23.7
      vertex 21.0579 51.7352 2.8
      vertex 21.0579 51.7352 23.7
    endloop
  endfacet
  facet normal -0.996916 0.0784763 0
    outer loop
      vertex 21 51 2.8
      vertex 21.0579 51.7352 23.7
      vertex 21.0579 51.7352 2.8
    endloop
  endfacet
  facet normal -0.996916 0.0784763 0
    outer loop
      vertex 21.0579 51.7352 23.7
      vertex 21 51 2.8
      vertex 21 51 23.7
    endloop
  endfacet
  facet normal -0.996916 -0.0784747 0
    outer loop
      vertex 21.0579 50.2648 2.8
      vertex 21 51 23.7
      vertex 21 51 2.8
    endloop
  endfacet
  facet normal -0.996916 -0.0784747 0
    outer loop
      vertex 21 51 23.7
      vertex 21.0579 50.2648 2.8
      vertex 21.0579 50.2648 23.7
    endloop
  endfacet
  facet normal -0.972372 -0.233436 0
    outer loop
      vertex 21.23 49.5476 2.8
      vertex 21.0579 50.2648 23.7
      vertex 21.0579 50.2648 2.8
    endloop
  endfacet
  facet normal -0.972372 -0.233436 0
    outer loop
      vertex 21.0579 50.2648 23.7
      vertex 21.23 49.5476 2.8
      vertex 21.23 49.5476 23.7
    endloop
  endfacet
  facet normal -0.923882 -0.382678 0
    outer loop
      vertex 21.5123 48.8662 2.8
      vertex 21.23 49.5476 23.7
      vertex 21.23 49.5476 2.8
    endloop
  endfacet
  facet normal -0.923882 -0.382678 0
    outer loop
      vertex 21.23 49.5476 23.7
      vertex 21.5123 48.8662 2.8
      vertex 21.5123 48.8662 23.7
    endloop
  endfacet
  facet normal -0.852638 -0.522502 0
    outer loop
      vertex 21.8976 48.2374 2.8
      vertex 21.5123 48.8662 23.7
      vertex 21.5123 48.8662 2.8
    endloop
  endfacet
  facet normal -0.852638 -0.522502 0
    outer loop
      vertex 21.5123 48.8662 23.7
      vertex 21.8976 48.2374 2.8
      vertex 21.8976 48.2374 23.7
    endloop
  endfacet
  facet normal -0.760406 -0.649448 0
    outer loop
      vertex 22.3766 47.6766 2.8
      vertex 21.8976 48.2374 23.7
      vertex 21.8976 48.2374 2.8
    endloop
  endfacet
  facet normal -0.760406 -0.649448 0
    outer loop
      vertex 21.8976 48.2374 23.7
      vertex 22.3766 47.6766 2.8
      vertex 22.3766 47.6766 23.7
    endloop
  endfacet
  facet normal -0.649448 -0.760406 0
    outer loop
      vertex 22.3766 47.6766 2.8
      vertex 22.9374 47.1976 23.7
      vertex 22.3766 47.6766 23.7
    endloop
  endfacet
  facet normal -0.649448 -0.760406 -0
    outer loop
      vertex 22.9374 47.1976 23.7
      vertex 22.3766 47.6766 2.8
      vertex 22.9374 47.1976 2.8
    endloop
  endfacet
  facet normal -0.522502 -0.852638 0
    outer loop
      vertex 22.9374 47.1976 2.8
      vertex 23.5662 46.8123 23.7
      vertex 22.9374 47.1976 23.7
    endloop
  endfacet
  facet normal -0.522502 -0.852638 -0
    outer loop
      vertex 23.5662 46.8123 23.7
      vertex 22.9374 47.1976 2.8
      vertex 23.5662 46.8123 2.8
    endloop
  endfacet
  facet normal -0.382678 -0.923882 0
    outer loop
      vertex 23.5662 46.8123 2.8
      vertex 24.2476 46.53 23.7
      vertex 23.5662 46.8123 23.7
    endloop
  endfacet
  facet normal -0.382678 -0.923882 -0
    outer loop
      vertex 24.2476 46.53 23.7
      vertex 23.5662 46.8123 2.8
      vertex 24.2476 46.53 2.8
    endloop
  endfacet
  facet normal -0.233436 -0.972372 0
    outer loop
      vertex 24.2476 46.53 2.8
      vertex 24.9648 46.3579 23.7
      vertex 24.2476 46.53 23.7
    endloop
  endfacet
  facet normal -0.233436 -0.972372 -0
    outer loop
      vertex 24.9648 46.3579 23.7
      vertex 24.2476 46.53 2.8
      vertex 24.9648 46.3579 2.8
    endloop
  endfacet
  facet normal -0.0784747 -0.996916 0
    outer loop
      vertex 24.9648 46.3579 2.8
      vertex 25.7 46.3 23.7
      vertex 24.9648 46.3579 23.7
    endloop
  endfacet
  facet normal -0.0784747 -0.996916 -0
    outer loop
      vertex 25.7 46.3 23.7
      vertex 24.9648 46.3579 2.8
      vertex 25.7 46.3 2.8
    endloop
  endfacet
  facet normal 0.0784763 -0.996916 0
    outer loop
      vertex 25.7 46.3 2.8
      vertex 26.4352 46.3579 23.7
      vertex 25.7 46.3 23.7
    endloop
  endfacet
  facet normal 0.0784763 -0.996916 0
    outer loop
      vertex 26.4352 46.3579 23.7
      vertex 25.7 46.3 2.8
      vertex 26.4352 46.3579 2.8
    endloop
  endfacet
  facet normal 0.233436 -0.972372 0
    outer loop
      vertex 49.4352 46.3579 2.8
      vertex 50.1524 46.53 23.7
      vertex 49.4352 46.3579 23.7
    endloop
  endfacet
  facet normal 0.233436 -0.972372 0
    outer loop
      vertex 50.1524 46.53 23.7
      vertex 49.4352 46.3579 2.8
      vertex 50.1524 46.53 2.8
    endloop
  endfacet
  facet normal 0.382678 -0.923882 0
    outer loop
      vertex 50.1524 46.53 2.8
      vertex 50.8337 46.8123 23.7
      vertex 50.1524 46.53 23.7
    endloop
  endfacet
  facet normal 0.382678 -0.923882 0
    outer loop
      vertex 50.8337 46.8123 23.7
      vertex 50.1524 46.53 2.8
      vertex 50.8337 46.8123 2.8
    endloop
  endfacet
  facet normal 0.522502 -0.852638 0
    outer loop
      vertex 50.8337 46.8123 2.8
      vertex 51.4626 47.1976 23.7
      vertex 50.8337 46.8123 23.7
    endloop
  endfacet
  facet normal 0.522502 -0.852638 0
    outer loop
      vertex 51.4626 47.1976 23.7
      vertex 50.8337 46.8123 2.8
      vertex 51.4626 47.1976 2.8
    endloop
  endfacet
  facet normal 0.649448 -0.760406 0
    outer loop
      vertex 51.4626 47.1976 2.8
      vertex 52.0234 47.6766 23.7
      vertex 51.4626 47.1976 23.7
    endloop
  endfacet
  facet normal 0.649448 -0.760406 0
    outer loop
      vertex 52.0234 47.6766 23.7
      vertex 51.4626 47.1976 2.8
      vertex 52.0234 47.6766 2.8
    endloop
  endfacet
  facet normal 0.760406 -0.649448 0
    outer loop
      vertex 52.0234 47.6766 23.7
      vertex 52.5024 48.2374 2.8
      vertex 52.5024 48.2374 23.7
    endloop
  endfacet
  facet normal 0.760406 -0.649448 0
    outer loop
      vertex 52.5024 48.2374 2.8
      vertex 52.0234 47.6766 23.7
      vertex 52.0234 47.6766 2.8
    endloop
  endfacet
  facet normal 0.852638 -0.522502 0
    outer loop
      vertex 52.5024 48.2374 23.7
      vertex 52.8877 48.8662 2.8
      vertex 52.8877 48.8662 23.7
    endloop
  endfacet
  facet normal 0.852638 -0.522502 0
    outer loop
      vertex 52.8877 48.8662 2.8
      vertex 52.5024 48.2374 23.7
      vertex 52.5024 48.2374 2.8
    endloop
  endfacet
  facet normal 0.923882 -0.382678 0
    outer loop
      vertex 52.8877 48.8662 23.7
      vertex 53.17 49.5476 2.8
      vertex 53.17 49.5476 23.7
    endloop
  endfacet
  facet normal 0.923882 -0.382678 0
    outer loop
      vertex 53.17 49.5476 2.8
      vertex 52.8877 48.8662 23.7
      vertex 52.8877 48.8662 2.8
    endloop
  endfacet
  facet normal 0.972372 -0.233436 0
    outer loop
      vertex 53.17 49.5476 23.7
      vertex 53.3421 50.2648 2.8
      vertex 53.3421 50.2648 23.7
    endloop
  endfacet
  facet normal 0.972372 -0.233436 0
    outer loop
      vertex 53.3421 50.2648 2.8
      vertex 53.17 49.5476 23.7
      vertex 53.17 49.5476 2.8
    endloop
  endfacet
  facet normal 0.996916 -0.0784747 0
    outer loop
      vertex 53.3421 50.2648 23.7
      vertex 53.4 51 2.8
      vertex 53.4 51 23.7
    endloop
  endfacet
  facet normal 0.996916 -0.0784747 0
    outer loop
      vertex 53.4 51 2.8
      vertex 53.3421 50.2648 23.7
      vertex 53.3421 50.2648 2.8
    endloop
  endfacet
  facet normal 0.996916 0.0784763 0
    outer loop
      vertex 53.4 51 23.7
      vertex 53.3421 51.7352 2.8
      vertex 53.3421 51.7352 23.7
    endloop
  endfacet
  facet normal 0.996916 0.0784763 0
    outer loop
      vertex 53.3421 51.7352 2.8
      vertex 53.4 51 23.7
      vertex 53.4 51 2.8
    endloop
  endfacet
  facet normal 0.972372 0.233436 0
    outer loop
      vertex 53.3421 51.7352 23.7
      vertex 53.17 52.4524 2.8
      vertex 53.17 52.4524 23.7
    endloop
  endfacet
  facet normal 0.972372 0.233436 0
    outer loop
      vertex 53.17 52.4524 2.8
      vertex 53.3421 51.7352 23.7
      vertex 53.3421 51.7352 2.8
    endloop
  endfacet
  facet normal 0.923882 0.382678 0
    outer loop
      vertex 53.17 52.4524 23.7
      vertex 52.8877 53.1337 2.8
      vertex 52.8877 53.1337 23.7
    endloop
  endfacet
  facet normal 0.923882 0.382678 0
    outer loop
      vertex 52.8877 53.1337 2.8
      vertex 53.17 52.4524 23.7
      vertex 53.17 52.4524 2.8
    endloop
  endfacet
  facet normal 0.852638 0.522502 0
    outer loop
      vertex 52.8877 53.1337 23.7
      vertex 52.5024 53.7626 2.8
      vertex 52.5024 53.7626 23.7
    endloop
  endfacet
  facet normal 0.852638 0.522502 0
    outer loop
      vertex 52.5024 53.7626 2.8
      vertex 52.8877 53.1337 23.7
      vertex 52.8877 53.1337 2.8
    endloop
  endfacet
  facet normal 0.760406 0.649448 0
    outer loop
      vertex 52.5024 53.7626 23.7
      vertex 52.0234 54.3234 2.8
      vertex 52.0234 54.3234 23.7
    endloop
  endfacet
  facet normal 0.760406 0.649448 0
    outer loop
      vertex 52.0234 54.3234 2.8
      vertex 52.5024 53.7626 23.7
      vertex 52.5024 53.7626 2.8
    endloop
  endfacet
  facet normal 0.649448 0.760406 -0
    outer loop
      vertex 52.0234 54.3234 2.8
      vertex 51.4626 54.8024 23.7
      vertex 52.0234 54.3234 23.7
    endloop
  endfacet
  facet normal 0.649448 0.760406 0
    outer loop
      vertex 51.4626 54.8024 23.7
      vertex 52.0234 54.3234 2.8
      vertex 51.4626 54.8024 2.8
    endloop
  endfacet
  facet normal 0.522502 0.852638 -0
    outer loop
      vertex 51.4626 54.8024 2.8
      vertex 50.8337 55.1877 23.7
      vertex 51.4626 54.8024 23.7
    endloop
  endfacet
  facet normal 0.522502 0.852638 0
    outer loop
      vertex 50.8337 55.1877 23.7
      vertex 51.4626 54.8024 2.8
      vertex 50.8337 55.1877 2.8
    endloop
  endfacet
  facet normal 0.382678 0.923882 -0
    outer loop
      vertex 50.8337 55.1877 2.8
      vertex 50.1524 55.47 23.7
      vertex 50.8337 55.1877 23.7
    endloop
  endfacet
  facet normal 0.382678 0.923882 0
    outer loop
      vertex 50.1524 55.47 23.7
      vertex 50.8337 55.1877 2.8
      vertex 50.1524 55.47 2.8
    endloop
  endfacet
  facet normal 0.233436 0.972372 -0
    outer loop
      vertex 50.1524 55.47 2.8
      vertex 49.4352 55.6421 23.7
      vertex 50.1524 55.47 23.7
    endloop
  endfacet
  facet normal 0.233436 0.972372 0
    outer loop
      vertex 49.4352 55.6421 23.7
      vertex 50.1524 55.47 2.8
      vertex 49.4352 55.6421 2.8
    endloop
  endfacet
  facet normal 0.0784763 0.996916 -0
    outer loop
      vertex 49.4352 55.6421 2.8
      vertex 48.7 55.7 23.7
      vertex 49.4352 55.6421 23.7
    endloop
  endfacet
  facet normal 0.0784763 0.996916 0
    outer loop
      vertex 48.7 55.7 23.7
      vertex 49.4352 55.6421 2.8
      vertex 48.7 55.7 2.8
    endloop
  endfacet
  facet normal -0.0784747 0.996916 0
    outer loop
      vertex 48.7 55.7 2.8
      vertex 47.9648 55.6421 23.7
      vertex 48.7 55.7 23.7
    endloop
  endfacet
  facet normal -0.0784747 0.996916 0
    outer loop
      vertex 47.9648 55.6421 23.7
      vertex 48.7 55.7 2.8
      vertex 47.9648 55.6421 2.8
    endloop
  endfacet
  facet normal -0.233436 0.972372 0
    outer loop
      vertex 47.9648 55.6421 2.8
      vertex 47.2476 55.47 23.7
      vertex 47.9648 55.6421 23.7
    endloop
  endfacet
  facet normal -0.233436 0.972372 0
    outer loop
      vertex 47.2476 55.47 23.7
      vertex 47.9648 55.6421 2.8
      vertex 47.2476 55.47 2.8
    endloop
  endfacet
  facet normal -0.382678 0.923882 0
    outer loop
      vertex 47.2476 55.47 2.8
      vertex 46.5662 55.1877 23.7
      vertex 47.2476 55.47 23.7
    endloop
  endfacet
  facet normal -0.382678 0.923882 0
    outer loop
      vertex 46.5662 55.1877 23.7
      vertex 47.2476 55.47 2.8
      vertex 46.5662 55.1877 2.8
    endloop
  endfacet
  facet normal -0.522502 0.852638 0
    outer loop
      vertex 46.5662 55.1877 2.8
      vertex 45.9374 54.8024 23.7
      vertex 46.5662 55.1877 23.7
    endloop
  endfacet
  facet normal -0.522502 0.852638 0
    outer loop
      vertex 45.9374 54.8024 23.7
      vertex 46.5662 55.1877 2.8
      vertex 45.9374 54.8024 2.8
    endloop
  endfacet
  facet normal -0.649448 0.760406 0
    outer loop
      vertex 45.9374 54.8024 2.8
      vertex 45.3766 54.3234 23.7
      vertex 45.9374 54.8024 23.7
    endloop
  endfacet
  facet normal -0.649448 0.760406 0
    outer loop
      vertex 45.3766 54.3234 23.7
      vertex 45.9374 54.8024 2.8
      vertex 45.3766 54.3234 2.8
    endloop
  endfacet
  facet normal -0.760406 0.649448 0
    outer loop
      vertex 44.8976 53.7626 2.8
      vertex 45.3766 54.3234 23.7
      vertex 45.3766 54.3234 2.8
    endloop
  endfacet
  facet normal -0.760406 0.649448 0
    outer loop
      vertex 45.3766 54.3234 23.7
      vertex 44.8976 53.7626 2.8
      vertex 44.8976 53.7626 23.7
    endloop
  endfacet
  facet normal -0.852638 0.522502 0
    outer loop
      vertex 44.5123 53.1337 2.8
      vertex 44.8976 53.7626 23.7
      vertex 44.8976 53.7626 2.8
    endloop
  endfacet
  facet normal -0.852638 0.522502 0
    outer loop
      vertex 44.8976 53.7626 23.7
      vertex 44.5123 53.1337 2.8
      vertex 44.5123 53.1337 23.7
    endloop
  endfacet
  facet normal -0.923882 0.382678 0
    outer loop
      vertex 44.23 52.4524 2.8
      vertex 44.5123 53.1337 23.7
      vertex 44.5123 53.1337 2.8
    endloop
  endfacet
  facet normal -0.923882 0.382678 0
    outer loop
      vertex 44.5123 53.1337 23.7
      vertex 44.23 52.4524 2.8
      vertex 44.23 52.4524 23.7
    endloop
  endfacet
  facet normal -0.972372 0.233436 0
    outer loop
      vertex 44.0579 51.7352 2.8
      vertex 44.23 52.4524 23.7
      vertex 44.23 52.4524 2.8
    endloop
  endfacet
  facet normal -0.972372 0.233436 0
    outer loop
      vertex 44.23 52.4524 23.7
      vertex 44.0579 51.7352 2.8
      vertex 44.0579 51.7352 23.7
    endloop
  endfacet
  facet normal -0.996916 0.0784763 0
    outer loop
      vertex 44 51 2.8
      vertex 44.0579 51.7352 23.7
      vertex 44.0579 51.7352 2.8
    endloop
  endfacet
  facet normal -0.996916 0.0784763 0
    outer loop
      vertex 44.0579 51.7352 23.7
      vertex 44 51 2.8
      vertex 44 51 23.7
    endloop
  endfacet
  facet normal -0.996916 -0.0784747 0
    outer loop
      vertex 44.0579 50.2648 2.8
      vertex 44 51 23.7
      vertex 44 51 2.8
    endloop
  endfacet
  facet normal -0.996916 -0.0784747 0
    outer loop
      vertex 44 51 23.7
      vertex 44.0579 50.2648 2.8
      vertex 44.0579 50.2648 23.7
    endloop
  endfacet
  facet normal -0.972372 -0.233436 0
    outer loop
      vertex 44.23 49.5476 2.8
      vertex 44.0579 50.2648 23.7
      vertex 44.0579 50.2648 2.8
    endloop
  endfacet
  facet normal -0.972372 -0.233436 0
    outer loop
      vertex 44.0579 50.2648 23.7
      vertex 44.23 49.5476 2.8
      vertex 44.23 49.5476 23.7
    endloop
  endfacet
  facet normal -0.923882 -0.382678 0
    outer loop
      vertex 44.5123 48.8662 2.8
      vertex 44.23 49.5476 23.7
      vertex 44.23 49.5476 2.8
    endloop
  endfacet
  facet normal -0.923882 -0.382678 0
    outer loop
      vertex 44.23 49.5476 23.7
      vertex 44.5123 48.8662 2.8
      vertex 44.5123 48.8662 23.7
    endloop
  endfacet
  facet normal -0.852638 -0.522502 0
    outer loop
      vertex 44.8976 48.2374 2.8
      vertex 44.5123 48.8662 23.7
      vertex 44.5123 48.8662 2.8
    endloop
  endfacet
  facet normal -0.852638 -0.522502 0
    outer loop
      vertex 44.5123 48.8662 23.7
      vertex 44.8976 48.2374 2.8
      vertex 44.8976 48.2374 23.7
    endloop
  endfacet
  facet normal -0.760406 -0.649448 0
    outer loop
      vertex 45.3766 47.6766 2.8
      vertex 44.8976 48.2374 23.7
      vertex 44.8976 48.2374 2.8
    endloop
  endfacet
  facet normal -0.760406 -0.649448 0
    outer loop
      vertex 44.8976 48.2374 23.7
      vertex 45.3766 47.6766 2.8
      vertex 45.3766 47.6766 23.7
    endloop
  endfacet
  facet normal -0.649448 -0.760406 0
    outer loop
      vertex 45.3766 47.6766 2.8
      vertex 45.9374 47.1976 23.7
      vertex 45.3766 47.6766 23.7
    endloop
  endfacet
  facet normal -0.649448 -0.760406 -0
    outer loop
      vertex 45.9374 47.1976 23.7
      vertex 45.3766 47.6766 2.8
      vertex 45.9374 47.1976 2.8
    endloop
  endfacet
  facet normal -0.522502 -0.852638 0
    outer loop
      vertex 45.9374 47.1976 2.8
      vertex 46.5662 46.8123 23.7
      vertex 45.9374 47.1976 23.7
    endloop
  endfacet
  facet normal -0.522502 -0.852638 -0
    outer loop
      vertex 46.5662 46.8123 23.7
      vertex 45.9374 47.1976 2.8
      vertex 46.5662 46.8123 2.8
    endloop
  endfacet
  facet normal -0.382678 -0.923882 0
    outer loop
      vertex 46.5662 46.8123 2.8
      vertex 47.2476 46.53 23.7
      vertex 46.5662 46.8123 23.7
    endloop
  endfacet
  facet normal -0.382678 -0.923882 -0
    outer loop
      vertex 47.2476 46.53 23.7
      vertex 46.5662 46.8123 2.8
      vertex 47.2476 46.53 2.8
    endloop
  endfacet
  facet normal -0.233436 -0.972372 0
    outer loop
      vertex 47.2476 46.53 2.8
      vertex 47.9648 46.3579 23.7
      vertex 47.2476 46.53 23.7
    endloop
  endfacet
  facet normal -0.233436 -0.972372 -0
    outer loop
      vertex 47.9648 46.3579 23.7
      vertex 47.2476 46.53 2.8
      vertex 47.9648 46.3579 2.8
    endloop
  endfacet
  facet normal -0.0784747 -0.996916 0
    outer loop
      vertex 47.9648 46.3579 2.8
      vertex 48.7 46.3 23.7
      vertex 47.9648 46.3579 23.7
    endloop
  endfacet
  facet normal -0.0784747 -0.996916 -0
    outer loop
      vertex 48.7 46.3 23.7
      vertex 47.9648 46.3579 2.8
      vertex 48.7 46.3 2.8
    endloop
  endfacet
  facet normal 0.0784763 -0.996916 0
    outer loop
      vertex 48.7 46.3 2.8
      vertex 49.4352 46.3579 23.7
      vertex 48.7 46.3 23.7
    endloop
  endfacet
  facet normal 0.0784763 -0.996916 0
    outer loop
      vertex 49.4352 46.3579 23.7
      vertex 48.7 46.3 2.8
      vertex 49.4352 46.3579 2.8
    endloop
  endfacet
  facet normal 0.233456 -0.972367 0
    outer loop
      vertex 12.4352 2.15787 2.8
      vertex 13.1524 2.33005 23.7
      vertex 12.4352 2.15787 23.7
    endloop
  endfacet
  facet normal 0.233456 -0.972367 0
    outer loop
      vertex 13.1524 2.33005 23.7
      vertex 12.4352 2.15787 2.8
      vertex 13.1524 2.33005 2.8
    endloop
  endfacet
  facet normal 0.382678 -0.923882 0
    outer loop
      vertex 13.1524 2.33005 2.8
      vertex 13.8337 2.61227 23.7
      vertex 13.1524 2.33005 23.7
    endloop
  endfacet
  facet normal 0.382678 -0.923882 0
    outer loop
      vertex 13.8337 2.61227 23.7
      vertex 13.1524 2.33005 2.8
      vertex 13.8337 2.61227 2.8
    endloop
  endfacet
  facet normal 0.522502 -0.852638 0
    outer loop
      vertex 13.8337 2.61227 2.8
      vertex 14.4626 2.99763 23.7
      vertex 13.8337 2.61227 23.7
    endloop
  endfacet
  facet normal 0.522502 -0.852638 0
    outer loop
      vertex 14.4626 2.99763 23.7
      vertex 13.8337 2.61227 2.8
      vertex 14.4626 2.99763 2.8
    endloop
  endfacet
  facet normal 0.649448 -0.760406 0
    outer loop
      vertex 14.4626 2.99763 2.8
      vertex 15.0234 3.47661 23.7
      vertex 14.4626 2.99763 23.7
    endloop
  endfacet
  facet normal 0.649448 -0.760406 0
    outer loop
      vertex 15.0234 3.47661 23.7
      vertex 14.4626 2.99763 2.8
      vertex 15.0234 3.47661 2.8
    endloop
  endfacet
  facet normal 0.760406 -0.649448 0
    outer loop
      vertex 15.0234 3.47661 23.7
      vertex 15.5024 4.03741 2.8
      vertex 15.5024 4.03741 23.7
    endloop
  endfacet
  facet normal 0.760406 -0.649448 0
    outer loop
      vertex 15.5024 4.03741 2.8
      vertex 15.0234 3.47661 23.7
      vertex 15.0234 3.47661 2.8
    endloop
  endfacet
  facet normal 0.852638 -0.522502 0
    outer loop
      vertex 15.5024 4.03741 23.7
      vertex 15.8877 4.66626 2.8
      vertex 15.8877 4.66626 23.7
    endloop
  endfacet
  facet normal 0.852638 -0.522502 0
    outer loop
      vertex 15.8877 4.66626 2.8
      vertex 15.5024 4.03741 23.7
      vertex 15.5024 4.03741 2.8
    endloop
  endfacet
  facet normal 0.923881 -0.382679 0
    outer loop
      vertex 15.8877 4.66626 23.7
      vertex 16.17 5.34763 2.8
      vertex 16.17 5.34763 23.7
    endloop
  endfacet
  facet normal 0.923881 -0.382679 0
    outer loop
      vertex 16.17 5.34763 2.8
      vertex 15.8877 4.66626 23.7
      vertex 15.8877 4.66626 2.8
    endloop
  endfacet
  facet normal 0.972371 -0.233441 0
    outer loop
      vertex 16.17 5.34763 23.7
      vertex 16.3421 6.06476 2.8
      vertex 16.3421 6.06476 23.7
    endloop
  endfacet
  facet normal 0.972371 -0.233441 0
    outer loop
      vertex 16.3421 6.06476 2.8
      vertex 16.17 5.34763 23.7
      vertex 16.17 5.34763 2.8
    endloop
  endfacet
  facet normal 0.996916 -0.0784747 0
    outer loop
      vertex 16.3421 6.06476 23.7
      vertex 16.4 6.8 2.8
      vertex 16.4 6.8 23.7
    endloop
  endfacet
  facet normal 0.996916 -0.0784747 0
    outer loop
      vertex 16.4 6.8 2.8
      vertex 16.3421 6.06476 23.7
      vertex 16.3421 6.06476 2.8
    endloop
  endfacet
  facet normal 0.996916 0.0784747 0
    outer loop
      vertex 16.4 6.8 23.7
      vertex 16.3421 7.53525 2.8
      vertex 16.3421 7.53525 23.7
    endloop
  endfacet
  facet normal 0.996916 0.0784747 0
    outer loop
      vertex 16.3421 7.53525 2.8
      vertex 16.4 6.8 23.7
      vertex 16.4 6.8 2.8
    endloop
  endfacet
  facet normal 0.972371 0.233441 0
    outer loop
      vertex 16.3421 7.53525 23.7
      vertex 16.17 8.25238 2.8
      vertex 16.17 8.25238 23.7
    endloop
  endfacet
  facet normal 0.972371 0.233441 0
    outer loop
      vertex 16.17 8.25238 2.8
      vertex 16.3421 7.53525 23.7
      vertex 16.3421 7.53525 2.8
    endloop
  endfacet
  facet normal 0.923884 0.382672 0
    outer loop
      vertex 16.17 8.25238 23.7
      vertex 15.8877 8.93376 2.8
      vertex 15.8877 8.93376 23.7
    endloop
  endfacet
  facet normal 0.923884 0.382672 0
    outer loop
      vertex 15.8877 8.93376 2.8
      vertex 16.17 8.25238 23.7
      vertex 16.17 8.25238 2.8
    endloop
  endfacet
  facet normal 0.852632 0.522512 0
    outer loop
      vertex 15.8877 8.93376 23.7
      vertex 15.5024 9.56259 2.8
      vertex 15.5024 9.56259 23.7
    endloop
  endfacet
  facet normal 0.852632 0.522512 0
    outer loop
      vertex 15.5024 9.56259 2.8
      vertex 15.8877 8.93376 23.7
      vertex 15.8877 8.93376 2.8
    endloop
  endfacet
  facet normal 0.760415 0.649438 0
    outer loop
      vertex 15.5024 9.56259 23.7
      vertex 15.0234 10.1234 2.8
      vertex 15.0234 10.1234 23.7
    endloop
  endfacet
  facet normal 0.760415 0.649438 0
    outer loop
      vertex 15.0234 10.1234 2.8
      vertex 15.5024 9.56259 23.7
      vertex 15.5024 9.56259 2.8
    endloop
  endfacet
  facet normal 0.649448 0.760406 -0
    outer loop
      vertex 15.0234 10.1234 2.8
      vertex 14.4626 10.6024 23.7
      vertex 15.0234 10.1234 23.7
    endloop
  endfacet
  facet normal 0.649448 0.760406 0
    outer loop
      vertex 14.4626 10.6024 23.7
      vertex 15.0234 10.1234 2.8
      vertex 14.4626 10.6024 2.8
    endloop
  endfacet
  facet normal 0.522487 0.852647 -0
    outer loop
      vertex 14.4626 10.6024 2.8
      vertex 13.8337 10.9877 23.7
      vertex 14.4626 10.6024 23.7
    endloop
  endfacet
  facet normal 0.522487 0.852647 0
    outer loop
      vertex 13.8337 10.9877 23.7
      vertex 14.4626 10.6024 2.8
      vertex 13.8337 10.9877 2.8
    endloop
  endfacet
  facet normal 0.382696 0.923874 -0
    outer loop
      vertex 13.8337 10.9877 2.8
      vertex 13.1524 11.27 23.7
      vertex 13.8337 10.9877 23.7
    endloop
  endfacet
  facet normal 0.382696 0.923874 0
    outer loop
      vertex 13.1524 11.27 23.7
      vertex 13.8337 10.9877 2.8
      vertex 13.1524 11.27 2.8
    endloop
  endfacet
  facet normal 0.233436 0.972372 -0
    outer loop
      vertex 13.1524 11.27 2.8
      vertex 12.4352 11.4421 23.7
      vertex 13.1524 11.27 23.7
    endloop
  endfacet
  facet normal 0.233436 0.972372 0
    outer loop
      vertex 12.4352 11.4421 23.7
      vertex 13.1524 11.27 2.8
      vertex 12.4352 11.4421 2.8
    endloop
  endfacet
  facet normal 0.0784557 0.996918 -0
    outer loop
      vertex 12.4352 11.4421 2.8
      vertex 11.7 11.5 23.7
      vertex 12.4352 11.4421 23.7
    endloop
  endfacet
  facet normal 0.0784557 0.996918 0
    outer loop
      vertex 11.7 11.5 23.7
      vertex 12.4352 11.4421 2.8
      vertex 11.7 11.5 2.8
    endloop
  endfacet
  facet normal -0.0784541 0.996918 0
    outer loop
      vertex 11.7 11.5 2.8
      vertex 10.9648 11.4421 23.7
      vertex 11.7 11.5 23.7
    endloop
  endfacet
  facet normal -0.0784541 0.996918 0
    outer loop
      vertex 10.9648 11.4421 23.7
      vertex 11.7 11.5 2.8
      vertex 10.9648 11.4421 2.8
    endloop
  endfacet
  facet normal -0.233436 0.972372 0
    outer loop
      vertex 10.9648 11.4421 2.8
      vertex 10.2476 11.27 23.7
      vertex 10.9648 11.4421 23.7
    endloop
  endfacet
  facet normal -0.233436 0.972372 0
    outer loop
      vertex 10.2476 11.27 23.7
      vertex 10.9648 11.4421 2.8
      vertex 10.2476 11.27 2.8
    endloop
  endfacet
  facet normal -0.382696 0.923874 0
    outer loop
      vertex 10.2476 11.27 2.8
      vertex 9.56624 10.9877 23.7
      vertex 10.2476 11.27 23.7
    endloop
  endfacet
  facet normal -0.382696 0.923874 0
    outer loop
      vertex 9.56624 10.9877 23.7
      vertex 10.2476 11.27 2.8
      vertex 9.56624 10.9877 2.8
    endloop
  endfacet
  facet normal -0.522487 0.852647 0
    outer loop
      vertex 9.56624 10.9877 2.8
      vertex 8.9374 10.6024 23.7
      vertex 9.56624 10.9877 23.7
    endloop
  endfacet
  facet normal -0.522487 0.852647 0
    outer loop
      vertex 8.9374 10.6024 23.7
      vertex 9.56624 10.9877 2.8
      vertex 8.9374 10.6024 2.8
    endloop
  endfacet
  facet normal -0.649448 0.760406 0
    outer loop
      vertex 8.9374 10.6024 2.8
      vertex 8.37659 10.1234 23.7
      vertex 8.9374 10.6024 23.7
    endloop
  endfacet
  facet normal -0.649448 0.760406 0
    outer loop
      vertex 8.37659 10.1234 23.7
      vertex 8.9374 10.6024 2.8
      vertex 8.37659 10.1234 2.8
    endloop
  endfacet
  facet normal -0.760415 0.649438 0
    outer loop
      vertex 7.89762 9.56259 2.8
      vertex 8.37659 10.1234 23.7
      vertex 8.37659 10.1234 2.8
    endloop
  endfacet
  facet normal -0.760415 0.649438 0
    outer loop
      vertex 8.37659 10.1234 23.7
      vertex 7.89762 9.56259 2.8
      vertex 7.89762 9.56259 23.7
    endloop
  endfacet
  facet normal -0.852632 0.522512 0
    outer loop
      vertex 7.51226 8.93376 2.8
      vertex 7.89762 9.56259 23.7
      vertex 7.89762 9.56259 2.8
    endloop
  endfacet
  facet normal -0.852632 0.522512 0
    outer loop
      vertex 7.89762 9.56259 23.7
      vertex 7.51226 8.93376 2.8
      vertex 7.51226 8.93376 23.7
    endloop
  endfacet
  facet normal -0.923885 0.382671 0
    outer loop
      vertex 7.23003 8.25238 2.8
      vertex 7.51226 8.93376 23.7
      vertex 7.51226 8.93376 2.8
    endloop
  endfacet
  facet normal -0.923885 0.382671 0
    outer loop
      vertex 7.51226 8.93376 23.7
      vertex 7.23003 8.25238 2.8
      vertex 7.23003 8.25238 23.7
    endloop
  endfacet
  facet normal -0.972371 0.233441 0
    outer loop
      vertex 7.05786 7.53525 2.8
      vertex 7.23003 8.25238 23.7
      vertex 7.23003 8.25238 2.8
    endloop
  endfacet
  facet normal -0.972371 0.233441 0
    outer loop
      vertex 7.23003 8.25238 23.7
      vertex 7.05786 7.53525 2.8
      vertex 7.05786 7.53525 23.7
    endloop
  endfacet
  facet normal -0.996916 0.0784747 0
    outer loop
      vertex 6.99999 6.8 2.8
      vertex 7.05786 7.53525 23.7
      vertex 7.05786 7.53525 2.8
    endloop
  endfacet
  facet normal -0.996916 0.0784747 0
    outer loop
      vertex 7.05786 7.53525 23.7
      vertex 6.99999 6.8 2.8
      vertex 6.99999 6.8 23.7
    endloop
  endfacet
  facet normal -0.996916 -0.0784747 0
    outer loop
      vertex 7.05786 6.06476 2.8
      vertex 6.99999 6.8 23.7
      vertex 6.99999 6.8 2.8
    endloop
  endfacet
  facet normal -0.996916 -0.0784747 0
    outer loop
      vertex 6.99999 6.8 23.7
      vertex 7.05786 6.06476 2.8
      vertex 7.05786 6.06476 23.7
    endloop
  endfacet
  facet normal -0.972371 -0.233441 0
    outer loop
      vertex 7.23003 5.34763 2.8
      vertex 7.05786 6.06476 23.7
      vertex 7.05786 6.06476 2.8
    endloop
  endfacet
  facet normal -0.972371 -0.233441 0
    outer loop
      vertex 7.05786 6.06476 23.7
      vertex 7.23003 5.34763 2.8
      vertex 7.23003 5.34763 23.7
    endloop
  endfacet
  facet normal -0.923882 -0.382678 0
    outer loop
      vertex 7.51226 4.66626 2.8
      vertex 7.23003 5.34763 23.7
      vertex 7.23003 5.34763 2.8
    endloop
  endfacet
  facet normal -0.923882 -0.382678 0
    outer loop
      vertex 7.23003 5.34763 23.7
      vertex 7.51226 4.66626 2.8
      vertex 7.51226 4.66626 23.7
    endloop
  endfacet
  facet normal -0.852638 -0.522502 0
    outer loop
      vertex 7.89762 4.03741 2.8
      vertex 7.51226 4.66626 23.7
      vertex 7.51226 4.66626 2.8
    endloop
  endfacet
  facet normal -0.852638 -0.522502 0
    outer loop
      vertex 7.51226 4.66626 23.7
      vertex 7.89762 4.03741 2.8
      vertex 7.89762 4.03741 23.7
    endloop
  endfacet
  facet normal -0.760406 -0.649448 0
    outer loop
      vertex 8.37659 3.47661 2.8
      vertex 7.89762 4.03741 23.7
      vertex 7.89762 4.03741 2.8
    endloop
  endfacet
  facet normal -0.760406 -0.649448 0
    outer loop
      vertex 7.89762 4.03741 23.7
      vertex 8.37659 3.47661 2.8
      vertex 8.37659 3.47661 23.7
    endloop
  endfacet
  facet normal -0.649448 -0.760406 0
    outer loop
      vertex 8.37659 3.47661 2.8
      vertex 8.9374 2.99763 23.7
      vertex 8.37659 3.47661 23.7
    endloop
  endfacet
  facet normal -0.649448 -0.760406 -0
    outer loop
      vertex 8.9374 2.99763 23.7
      vertex 8.37659 3.47661 2.8
      vertex 8.9374 2.99763 2.8
    endloop
  endfacet
  facet normal -0.522502 -0.852638 0
    outer loop
      vertex 8.9374 2.99763 2.8
      vertex 9.56624 2.61227 23.7
      vertex 8.9374 2.99763 23.7
    endloop
  endfacet
  facet normal -0.522502 -0.852638 -0
    outer loop
      vertex 9.56624 2.61227 23.7
      vertex 8.9374 2.99763 2.8
      vertex 9.56624 2.61227 2.8
    endloop
  endfacet
  facet normal -0.382678 -0.923882 0
    outer loop
      vertex 9.56624 2.61227 2.8
      vertex 10.2476 2.33005 23.7
      vertex 9.56624 2.61227 23.7
    endloop
  endfacet
  facet normal -0.382678 -0.923882 -0
    outer loop
      vertex 10.2476 2.33005 23.7
      vertex 9.56624 2.61227 2.8
      vertex 10.2476 2.33005 2.8
    endloop
  endfacet
  facet normal -0.233456 -0.972367 0
    outer loop
      vertex 10.2476 2.33005 2.8
      vertex 10.9648 2.15787 23.7
      vertex 10.2476 2.33005 23.7
    endloop
  endfacet
  facet normal -0.233456 -0.972367 -0
    outer loop
      vertex 10.9648 2.15787 23.7
      vertex 10.2476 2.33005 2.8
      vertex 10.9648 2.15787 2.8
    endloop
  endfacet
  facet normal -0.0784557 -0.996918 0
    outer loop
      vertex 10.9648 2.15787 2.8
      vertex 11.7 2.10001 23.7
      vertex 10.9648 2.15787 23.7
    endloop
  endfacet
  facet normal -0.0784557 -0.996918 -0
    outer loop
      vertex 11.7 2.10001 23.7
      vertex 10.9648 2.15787 2.8
      vertex 11.7 2.10001 2.8
    endloop
  endfacet
  facet normal 0.0784541 -0.996918 0
    outer loop
      vertex 11.7 2.10001 2.8
      vertex 12.4352 2.15787 23.7
      vertex 11.7 2.10001 23.7
    endloop
  endfacet
  facet normal 0.0784541 -0.996918 0
    outer loop
      vertex 12.4352 2.15787 23.7
      vertex 11.7 2.10001 2.8
      vertex 12.4352 2.15787 2.8
    endloop
  endfacet
  facet normal 0.233456 -0.972367 0
    outer loop
      vertex 49.4352 2.15787 2.8
      vertex 50.1524 2.33005 23.7
      vertex 49.4352 2.15787 23.7
    endloop
  endfacet
  facet normal 0.233456 -0.972367 0
    outer loop
      vertex 50.1524 2.33005 23.7
      vertex 49.4352 2.15787 2.8
      vertex 50.1524 2.33005 2.8
    endloop
  endfacet
  facet normal 0.382678 -0.923882 0
    outer loop
      vertex 50.1524 2.33005 2.8
      vertex 50.8337 2.61227 23.7
      vertex 50.1524 2.33005 23.7
    endloop
  endfacet
  facet normal 0.382678 -0.923882 0
    outer loop
      vertex 50.8337 2.61227 23.7
      vertex 50.1524 2.33005 2.8
      vertex 50.8337 2.61227 2.8
    endloop
  endfacet
  facet normal 0.522502 -0.852638 0
    outer loop
      vertex 50.8337 2.61227 2.8
      vertex 51.4626 2.99763 23.7
      vertex 50.8337 2.61227 23.7
    endloop
  endfacet
  facet normal 0.522502 -0.852638 0
    outer loop
      vertex 51.4626 2.99763 23.7
      vertex 50.8337 2.61227 2.8
      vertex 51.4626 2.99763 2.8
    endloop
  endfacet
  facet normal 0.649448 -0.760406 0
    outer loop
      vertex 51.4626 2.99763 2.8
      vertex 52.0234 3.47661 23.7
      vertex 51.4626 2.99763 23.7
    endloop
  endfacet
  facet normal 0.649448 -0.760406 0
    outer loop
      vertex 52.0234 3.47661 23.7
      vertex 51.4626 2.99763 2.8
      vertex 52.0234 3.47661 2.8
    endloop
  endfacet
  facet normal 0.760406 -0.649448 0
    outer loop
      vertex 52.0234 3.47661 23.7
      vertex 52.5024 4.03741 2.8
      vertex 52.5024 4.03741 23.7
    endloop
  endfacet
  facet normal 0.760406 -0.649448 0
    outer loop
      vertex 52.5024 4.03741 2.8
      vertex 52.0234 3.47661 23.7
      vertex 52.0234 3.47661 2.8
    endloop
  endfacet
  facet normal 0.852638 -0.522502 0
    outer loop
      vertex 52.5024 4.03741 23.7
      vertex 52.8877 4.66626 2.8
      vertex 52.8877 4.66626 23.7
    endloop
  endfacet
  facet normal 0.852638 -0.522502 0
    outer loop
      vertex 52.8877 4.66626 2.8
      vertex 52.5024 4.03741 23.7
      vertex 52.5024 4.03741 2.8
    endloop
  endfacet
  facet normal 0.923882 -0.382678 0
    outer loop
      vertex 52.8877 4.66626 23.7
      vertex 53.17 5.34763 2.8
      vertex 53.17 5.34763 23.7
    endloop
  endfacet
  facet normal 0.923882 -0.382678 0
    outer loop
      vertex 53.17 5.34763 2.8
      vertex 52.8877 4.66626 23.7
      vertex 52.8877 4.66626 2.8
    endloop
  endfacet
  facet normal 0.972371 -0.233441 0
    outer loop
      vertex 53.17 5.34763 23.7
      vertex 53.3421 6.06476 2.8
      vertex 53.3421 6.06476 23.7
    endloop
  endfacet
  facet normal 0.972371 -0.233441 0
    outer loop
      vertex 53.3421 6.06476 2.8
      vertex 53.17 5.34763 23.7
      vertex 53.17 5.34763 2.8
    endloop
  endfacet
  facet normal 0.996916 -0.0784747 0
    outer loop
      vertex 53.3421 6.06476 23.7
      vertex 53.4 6.8 2.8
      vertex 53.4 6.8 23.7
    endloop
  endfacet
  facet normal 0.996916 -0.0784747 0
    outer loop
      vertex 53.4 6.8 2.8
      vertex 53.3421 6.06476 23.7
      vertex 53.3421 6.06476 2.8
    endloop
  endfacet
  facet normal 0.996916 0.0784747 0
    outer loop
      vertex 53.4 6.8 23.7
      vertex 53.3421 7.53525 2.8
      vertex 53.3421 7.53525 23.7
    endloop
  endfacet
  facet normal 0.996916 0.0784747 0
    outer loop
      vertex 53.3421 7.53525 2.8
      vertex 53.4 6.8 23.7
      vertex 53.4 6.8 2.8
    endloop
  endfacet
  facet normal 0.972371 0.233441 0
    outer loop
      vertex 53.3421 7.53525 23.7
      vertex 53.17 8.25238 2.8
      vertex 53.17 8.25238 23.7
    endloop
  endfacet
  facet normal 0.972371 0.233441 0
    outer loop
      vertex 53.17 8.25238 2.8
      vertex 53.3421 7.53525 23.7
      vertex 53.3421 7.53525 2.8
    endloop
  endfacet
  facet normal 0.923885 0.382671 0
    outer loop
      vertex 53.17 8.25238 23.7
      vertex 52.8877 8.93376 2.8
      vertex 52.8877 8.93376 23.7
    endloop
  endfacet
  facet normal 0.923885 0.382671 0
    outer loop
      vertex 52.8877 8.93376 2.8
      vertex 53.17 8.25238 23.7
      vertex 53.17 8.25238 2.8
    endloop
  endfacet
  facet normal 0.852632 0.522512 0
    outer loop
      vertex 52.8877 8.93376 23.7
      vertex 52.5024 9.56259 2.8
      vertex 52.5024 9.56259 23.7
    endloop
  endfacet
  facet normal 0.852632 0.522512 0
    outer loop
      vertex 52.5024 9.56259 2.8
      vertex 52.8877 8.93376 23.7
      vertex 52.8877 8.93376 2.8
    endloop
  endfacet
  facet normal 0.760415 0.649438 0
    outer loop
      vertex 52.5024 9.56259 23.7
      vertex 52.0234 10.1234 2.8
      vertex 52.0234 10.1234 23.7
    endloop
  endfacet
  facet normal 0.760415 0.649438 0
    outer loop
      vertex 52.0234 10.1234 2.8
      vertex 52.5024 9.56259 23.7
      vertex 52.5024 9.56259 2.8
    endloop
  endfacet
  facet normal 0.649448 0.760406 -0
    outer loop
      vertex 52.0234 10.1234 2.8
      vertex 51.4626 10.6024 23.7
      vertex 52.0234 10.1234 23.7
    endloop
  endfacet
  facet normal 0.649448 0.760406 0
    outer loop
      vertex 51.4626 10.6024 23.7
      vertex 52.0234 10.1234 2.8
      vertex 51.4626 10.6024 2.8
    endloop
  endfacet
  facet normal 0.522487 0.852647 -0
    outer loop
      vertex 51.4626 10.6024 2.8
      vertex 50.8337 10.9877 23.7
      vertex 51.4626 10.6024 23.7
    endloop
  endfacet
  facet normal 0.522487 0.852647 0
    outer loop
      vertex 50.8337 10.9877 23.7
      vertex 51.4626 10.6024 2.8
      vertex 50.8337 10.9877 2.8
    endloop
  endfacet
  facet normal 0.382696 0.923874 -0
    outer loop
      vertex 50.8337 10.9877 2.8
      vertex 50.1524 11.27 23.7
      vertex 50.8337 10.9877 23.7
    endloop
  endfacet
  facet normal 0.382696 0.923874 0
    outer loop
      vertex 50.1524 11.27 23.7
      vertex 50.8337 10.9877 2.8
      vertex 50.1524 11.27 2.8
    endloop
  endfacet
  facet normal 0.233436 0.972372 -0
    outer loop
      vertex 50.1524 11.27 2.8
      vertex 49.4352 11.4421 23.7
      vertex 50.1524 11.27 23.7
    endloop
  endfacet
  facet normal 0.233436 0.972372 0
    outer loop
      vertex 49.4352 11.4421 23.7
      vertex 50.1524 11.27 2.8
      vertex 49.4352 11.4421 2.8
    endloop
  endfacet
  facet normal 0.0784557 0.996918 -0
    outer loop
      vertex 49.4352 11.4421 2.8
      vertex 48.7 11.5 23.7
      vertex 49.4352 11.4421 23.7
    endloop
  endfacet
  facet normal 0.0784557 0.996918 0
    outer loop
      vertex 48.7 11.5 23.7
      vertex 49.4352 11.4421 2.8
      vertex 48.7 11.5 2.8
    endloop
  endfacet
  facet normal -0.0784541 0.996918 0
    outer loop
      vertex 48.7 11.5 2.8
      vertex 47.9648 11.4421 23.7
      vertex 48.7 11.5 23.7
    endloop
  endfacet
  facet normal -0.0784541 0.996918 0
    outer loop
      vertex 47.9648 11.4421 23.7
      vertex 48.7 11.5 2.8
      vertex 47.9648 11.4421 2.8
    endloop
  endfacet
  facet normal -0.233436 0.972372 0
    outer loop
      vertex 47.9648 11.4421 2.8
      vertex 47.2476 11.27 23.7
      vertex 47.9648 11.4421 23.7
    endloop
  endfacet
  facet normal -0.233436 0.972372 0
    outer loop
      vertex 47.2476 11.27 23.7
      vertex 47.9648 11.4421 2.8
      vertex 47.2476 11.27 2.8
    endloop
  endfacet
  facet normal -0.382696 0.923874 0
    outer loop
      vertex 47.2476 11.27 2.8
      vertex 46.5662 10.9877 23.7
      vertex 47.2476 11.27 23.7
    endloop
  endfacet
  facet normal -0.382696 0.923874 0
    outer loop
      vertex 46.5662 10.9877 23.7
      vertex 47.2476 11.27 2.8
      vertex 46.5662 10.9877 2.8
    endloop
  endfacet
  facet normal -0.522487 0.852647 0
    outer loop
      vertex 46.5662 10.9877 2.8
      vertex 45.9374 10.6024 23.7
      vertex 46.5662 10.9877 23.7
    endloop
  endfacet
  facet normal -0.522487 0.852647 0
    outer loop
      vertex 45.9374 10.6024 23.7
      vertex 46.5662 10.9877 2.8
      vertex 45.9374 10.6024 2.8
    endloop
  endfacet
  facet normal -0.649448 0.760406 0
    outer loop
      vertex 45.9374 10.6024 2.8
      vertex 45.3766 10.1234 23.7
      vertex 45.9374 10.6024 23.7
    endloop
  endfacet
  facet normal -0.649448 0.760406 0
    outer loop
      vertex 45.3766 10.1234 23.7
      vertex 45.9374 10.6024 2.8
      vertex 45.3766 10.1234 2.8
    endloop
  endfacet
  facet normal -0.760415 0.649438 0
    outer loop
      vertex 44.8976 9.56259 2.8
      vertex 45.3766 10.1234 23.7
      vertex 45.3766 10.1234 2.8
    endloop
  endfacet
  facet normal -0.760415 0.649438 0
    outer loop
      vertex 45.3766 10.1234 23.7
      vertex 44.8976 9.56259 2.8
      vertex 44.8976 9.56259 23.7
    endloop
  endfacet
  facet normal -0.852632 0.522512 0
    outer loop
      vertex 44.5123 8.93376 2.8
      vertex 44.8976 9.56259 23.7
      vertex 44.8976 9.56259 2.8
    endloop
  endfacet
  facet normal -0.852632 0.522512 0
    outer loop
      vertex 44.8976 9.56259 23.7
      vertex 44.5123 8.93376 2.8
      vertex 44.5123 8.93376 23.7
    endloop
  endfacet
  facet normal -0.923885 0.382671 0
    outer loop
      vertex 44.23 8.25238 2.8
      vertex 44.5123 8.93376 23.7
      vertex 44.5123 8.93376 2.8
    endloop
  endfacet
  facet normal -0.923885 0.382671 0
    outer loop
      vertex 44.5123 8.93376 23.7
      vertex 44.23 8.25238 2.8
      vertex 44.23 8.25238 23.7
    endloop
  endfacet
  facet normal -0.972371 0.233441 0
    outer loop
      vertex 44.0579 7.53525 2.8
      vertex 44.23 8.25238 23.7
      vertex 44.23 8.25238 2.8
    endloop
  endfacet
  facet normal -0.972371 0.233441 0
    outer loop
      vertex 44.23 8.25238 23.7
      vertex 44.0579 7.53525 2.8
      vertex 44.0579 7.53525 23.7
    endloop
  endfacet
  facet normal -0.996916 0.0784747 0
    outer loop
      vertex 44 6.8 2.8
      vertex 44.0579 7.53525 23.7
      vertex 44.0579 7.53525 2.8
    endloop
  endfacet
  facet normal -0.996916 0.0784747 0
    outer loop
      vertex 44.0579 7.53525 23.7
      vertex 44 6.8 2.8
      vertex 44 6.8 23.7
    endloop
  endfacet
  facet normal -0.996916 -0.0784747 0
    outer loop
      vertex 44.0579 6.06476 2.8
      vertex 44 6.8 23.7
      vertex 44 6.8 2.8
    endloop
  endfacet
  facet normal -0.996916 -0.0784747 0
    outer loop
      vertex 44 6.8 23.7
      vertex 44.0579 6.06476 2.8
      vertex 44.0579 6.06476 23.7
    endloop
  endfacet
  facet normal -0.972371 -0.233441 0
    outer loop
      vertex 44.23 5.34763 2.8
      vertex 44.0579 6.06476 23.7
      vertex 44.0579 6.06476 2.8
    endloop
  endfacet
  facet normal -0.972371 -0.233441 0
    outer loop
      vertex 44.0579 6.06476 23.7
      vertex 44.23 5.34763 2.8
      vertex 44.23 5.34763 23.7
    endloop
  endfacet
  facet normal -0.923882 -0.382678 0
    outer loop
      vertex 44.5123 4.66626 2.8
      vertex 44.23 5.34763 23.7
      vertex 44.23 5.34763 2.8
    endloop
  endfacet
  facet normal -0.923882 -0.382678 0
    outer loop
      vertex 44.23 5.34763 23.7
      vertex 44.5123 4.66626 2.8
      vertex 44.5123 4.66626 23.7
    endloop
  endfacet
  facet normal -0.852638 -0.522502 0
    outer loop
      vertex 44.8976 4.03741 2.8
      vertex 44.5123 4.66626 23.7
      vertex 44.5123 4.66626 2.8
    endloop
  endfacet
  facet normal -0.852638 -0.522502 0
    outer loop
      vertex 44.5123 4.66626 23.7
      vertex 44.8976 4.03741 2.8
      vertex 44.8976 4.03741 23.7
    endloop
  endfacet
  facet normal -0.760406 -0.649448 0
    outer loop
      vertex 45.3766 3.47661 2.8
      vertex 44.8976 4.03741 23.7
      vertex 44.8976 4.03741 2.8
    endloop
  endfacet
  facet normal -0.760406 -0.649448 0
    outer loop
      vertex 44.8976 4.03741 23.7
      vertex 45.3766 3.47661 2.8
      vertex 45.3766 3.47661 23.7
    endloop
  endfacet
  facet normal -0.649448 -0.760406 0
    outer loop
      vertex 45.3766 3.47661 2.8
      vertex 45.9374 2.99763 23.7
      vertex 45.3766 3.47661 23.7
    endloop
  endfacet
  facet normal -0.649448 -0.760406 -0
    outer loop
      vertex 45.9374 2.99763 23.7
      vertex 45.3766 3.47661 2.8
      vertex 45.9374 2.99763 2.8
    endloop
  endfacet
  facet normal -0.522502 -0.852638 0
    outer loop
      vertex 45.9374 2.99763 2.8
      vertex 46.5662 2.61227 23.7
      vertex 45.9374 2.99763 23.7
    endloop
  endfacet
  facet normal -0.522502 -0.852638 -0
    outer loop
      vertex 46.5662 2.61227 23.7
      vertex 45.9374 2.99763 2.8
      vertex 46.5662 2.61227 2.8
    endloop
  endfacet
  facet normal -0.382678 -0.923882 0
    outer loop
      vertex 46.5662 2.61227 2.8
      vertex 47.2476 2.33005 23.7
      vertex 46.5662 2.61227 23.7
    endloop
  endfacet
  facet normal -0.382678 -0.923882 -0
    outer loop
      vertex 47.2476 2.33005 23.7
      vertex 46.5662 2.61227 2.8
      vertex 47.2476 2.33005 2.8
    endloop
  endfacet
  facet normal -0.233456 -0.972367 0
    outer loop
      vertex 47.2476 2.33005 2.8
      vertex 47.9648 2.15787 23.7
      vertex 47.2476 2.33005 23.7
    endloop
  endfacet
  facet normal -0.233456 -0.972367 -0
    outer loop
      vertex 47.9648 2.15787 23.7
      vertex 47.2476 2.33005 2.8
      vertex 47.9648 2.15787 2.8
    endloop
  endfacet
  facet normal -0.0784541 -0.996918 0
    outer loop
      vertex 47.9648 2.15787 2.8
      vertex 48.7 2.10001 23.7
      vertex 47.9648 2.15787 23.7
    endloop
  endfacet
  facet normal -0.0784541 -0.996918 -0
    outer loop
      vertex 48.7 2.10001 23.7
      vertex 47.9648 2.15787 2.8
      vertex 48.7 2.10001 2.8
    endloop
  endfacet
  facet normal 0.0784557 -0.996918 0
    outer loop
      vertex 48.7 2.10001 2.8
      vertex 49.4352 2.15787 23.7
      vertex 48.7 2.10001 23.7
    endloop
  endfacet
  facet normal 0.0784557 -0.996918 0
    outer loop
      vertex 49.4352 2.15787 23.7
      vertex 48.7 2.10001 2.8
      vertex 49.4352 2.15787 2.8
    endloop
  endfacet
  facet normal -0.996917 -0.0784591 0
    outer loop
      vertex 7.25 15 12.3
      vertex 7.23092 15.2425 13.5
      vertex 7.23092 15.2425 12.3
    endloop
  endfacet
  facet normal -0.996917 -0.0784591 0
    outer loop
      vertex 7.23092 15.2425 13.5
      vertex 7.25 15 12.3
      vertex 7.25 15 13.5
    endloop
  endfacet
  facet normal 0.0784588 -0.996917 0
    outer loop
      vertex 5.45753 16.5309 12.3
      vertex 5.7 16.55 13.5
      vertex 5.45753 16.5309 13.5
    endloop
  endfacet
  facet normal 0.0784588 -0.996917 0
    outer loop
      vertex 5.7 16.55 13.5
      vertex 5.45753 16.5309 12.3
      vertex 5.7 16.55 12.3
    endloop
  endfacet
  facet normal -0.0784588 0.996917 0
    outer loop
      vertex 5.94247 13.4691 12.3
      vertex 5.7 13.45 13.5
      vertex 5.94247 13.4691 13.5
    endloop
  endfacet
  facet normal -0.0784588 0.996917 0
    outer loop
      vertex 5.7 13.45 13.5
      vertex 5.94247 13.4691 12.3
      vertex 5.7 13.45 12.3
    endloop
  endfacet
  facet normal -0.649444 -0.760409 0
    outer loop
      vertex 6.61107 16.254 12.3
      vertex 6.79601 16.096 13.5
      vertex 6.61107 16.254 13.5
    endloop
  endfacet
  facet normal -0.649444 -0.760409 -0
    outer loop
      vertex 6.79601 16.096 13.5
      vertex 6.61107 16.254 12.3
      vertex 6.79601 16.096 12.3
    endloop
  endfacet
  facet normal 0.760407 -0.649447 0
    outer loop
      vertex 4.44602 15.9111 13.5
      vertex 4.60398 16.096 12.3
      vertex 4.60398 16.096 13.5
    endloop
  endfacet
  facet normal 0.760407 -0.649447 0
    outer loop
      vertex 4.60398 16.096 12.3
      vertex 4.44602 15.9111 13.5
      vertex 4.44602 15.9111 12.3
    endloop
  endfacet
  facet normal 0.522501 -0.852639 0
    outer loop
      vertex 4.78893 16.254 12.3
      vertex 4.99631 16.3811 13.5
      vertex 4.78893 16.254 13.5
    endloop
  endfacet
  facet normal 0.522501 -0.852639 0
    outer loop
      vertex 4.99631 16.3811 13.5
      vertex 4.78893 16.254 12.3
      vertex 4.99631 16.3811 12.3
    endloop
  endfacet
  facet normal 0.852641 0.522498 0
    outer loop
      vertex 4.44602 14.0889 13.5
      vertex 4.31894 14.2963 12.3
      vertex 4.31894 14.2963 13.5
    endloop
  endfacet
  facet normal 0.852641 0.522498 0
    outer loop
      vertex 4.31894 14.2963 12.3
      vertex 4.44602 14.0889 13.5
      vertex 4.44602 14.0889 12.3
    endloop
  endfacet
  facet normal -0.852641 -0.522498 0
    outer loop
      vertex 7.08106 15.7037 12.3
      vertex 6.95398 15.9111 13.5
      vertex 6.95398 15.9111 12.3
    endloop
  endfacet
  facet normal -0.852641 -0.522498 0
    outer loop
      vertex 6.95398 15.9111 13.5
      vertex 7.08106 15.7037 12.3
      vertex 7.08106 15.7037 13.5
    endloop
  endfacet
  facet normal -0.97237 -0.233443 0
    outer loop
      vertex 7.23092 15.2425 12.3
      vertex 7.17414 15.479 13.5
      vertex 7.17414 15.479 12.3
    endloop
  endfacet
  facet normal -0.97237 -0.233443 0
    outer loop
      vertex 7.17414 15.479 13.5
      vertex 7.23092 15.2425 12.3
      vertex 7.23092 15.2425 13.5
    endloop
  endfacet
  facet normal -0.760407 -0.649447 0
    outer loop
      vertex 6.95398 15.9111 12.3
      vertex 6.79601 16.096 13.5
      vertex 6.79601 16.096 12.3
    endloop
  endfacet
  facet normal -0.760407 -0.649447 0
    outer loop
      vertex 6.79601 16.096 13.5
      vertex 6.95398 15.9111 12.3
      vertex 6.95398 15.9111 13.5
    endloop
  endfacet
  facet normal -0.382681 -0.92388 0
    outer loop
      vertex 6.17898 16.4741 12.3
      vertex 6.40368 16.3811 13.5
      vertex 6.17898 16.4741 13.5
    endloop
  endfacet
  facet normal -0.382681 -0.92388 -0
    outer loop
      vertex 6.40368 16.3811 13.5
      vertex 6.17898 16.4741 12.3
      vertex 6.40368 16.3811 12.3
    endloop
  endfacet
  facet normal -0.522501 -0.852639 0
    outer loop
      vertex 6.40368 16.3811 12.3
      vertex 6.61107 16.254 13.5
      vertex 6.40368 16.3811 13.5
    endloop
  endfacet
  facet normal -0.522501 -0.852639 -0
    outer loop
      vertex 6.61107 16.254 13.5
      vertex 6.40368 16.3811 12.3
      vertex 6.61107 16.254 12.3
    endloop
  endfacet
  facet normal 0.923879 -0.382685 0
    outer loop
      vertex 4.22586 15.479 13.5
      vertex 4.31894 15.7037 12.3
      vertex 4.31894 15.7037 13.5
    endloop
  endfacet
  facet normal 0.923879 -0.382685 0
    outer loop
      vertex 4.31894 15.7037 12.3
      vertex 4.22586 15.479 13.5
      vertex 4.22586 15.479 12.3
    endloop
  endfacet
  facet normal 0 0 1
    outer loop
      vertex 7.23092 15.2425 12.3
      vertex 7.23092 14.7575 12.3
      vertex 7.25 15 12.3
    endloop
  endfacet
  facet normal 0 0 1
    outer loop
      vertex 7.17414 15.479 12.3
      vertex 7.23092 14.7575 12.3
      vertex 7.23092 15.2425 12.3
    endloop
  endfacet
  facet normal 0 0 1
    outer loop
      vertex 7.17414 15.479 12.3
      vertex 7.17414 14.521 12.3
      vertex 7.23092 14.7575 12.3
    endloop
  endfacet
  facet normal 0 0 1
    outer loop
      vertex 7.08106 15.7037 12.3
      vertex 7.17414 14.521 12.3
      vertex 7.17414 15.479 12.3
    endloop
  endfacet
  facet normal 0 0 1
    outer loop
      vertex 7.08106 15.7037 12.3
      vertex 7.08106 14.2963 12.3
      vertex 7.17414 14.521 12.3
    endloop
  endfacet
  facet normal 0 0 1
    outer loop
      vertex 6.95398 15.9111 12.3
      vertex 7.08106 14.2963 12.3
      vertex 7.08106 15.7037 12.3
    endloop
  endfacet
  facet normal 0 0 1
    outer loop
      vertex 6.95398 15.9111 12.3
      vertex 6.95398 14.0889 12.3
      vertex 7.08106 14.2963 12.3
    endloop
  endfacet
  facet normal 0 0 1
    outer loop
      vertex 6.79601 16.096 12.3
      vertex 6.95398 14.0889 12.3
      vertex 6.95398 15.9111 12.3
    endloop
  endfacet
  facet normal 0 0 1
    outer loop
      vertex 6.79601 16.096 12.3
      vertex 6.79601 13.904 12.3
      vertex 6.95398 14.0889 12.3
    endloop
  endfacet
  facet normal 0 0 1
    outer loop
      vertex 6.61107 16.254 12.3
      vertex 6.79601 13.904 12.3
      vertex 6.79601 16.096 12.3
    endloop
  endfacet
  facet normal 0 0 1
    outer loop
      vertex 6.61107 16.254 12.3
      vertex 6.61107 13.746 12.3
      vertex 6.79601 13.904 12.3
    endloop
  endfacet
  facet normal 0 0 1
    outer loop
      vertex 6.40368 16.3811 12.3
      vertex 6.61107 13.746 12.3
      vertex 6.61107 16.254 12.3
    endloop
  endfacet
  facet normal 0 0 1
    outer loop
      vertex 6.40368 16.3811 12.3
      vertex 6.40368 13.6189 12.3
      vertex 6.61107 13.746 12.3
    endloop
  endfacet
  facet normal 0 0 1
    outer loop
      vertex 6.17898 16.4741 12.3
      vertex 6.40368 13.6189 12.3
      vertex 6.40368 16.3811 12.3
    endloop
  endfacet
  facet normal 0 0 1
    outer loop
      vertex 6.17898 16.4741 12.3
      vertex 6.17898 13.5259 12.3
      vertex 6.40368 13.6189 12.3
    endloop
  endfacet
  facet normal 0 0 1
    outer loop
      vertex 5.94247 16.5309 12.3
      vertex 6.17898 13.5259 12.3
      vertex 6.17898 16.4741 12.3
    endloop
  endfacet
  facet normal 0 0 1
    outer loop
      vertex 5.94247 16.5309 12.3
      vertex 5.94247 13.4691 12.3
      vertex 6.17898 13.5259 12.3
    endloop
  endfacet
  facet normal 0 0 1
    outer loop
      vertex 5.7 16.55 12.3
      vertex 5.94247 13.4691 12.3
      vertex 5.94247 16.5309 12.3
    endloop
  endfacet
  facet normal 0 0 1
    outer loop
      vertex 5.7 16.55 12.3
      vertex 5.7 13.45 12.3
      vertex 5.94247 13.4691 12.3
    endloop
  endfacet
  facet normal -0 0 1
    outer loop
      vertex 5.45753 16.5309 12.3
      vertex 5.7 13.45 12.3
      vertex 5.7 16.55 12.3
    endloop
  endfacet
  facet normal 0 0 1
    outer loop
      vertex 5.45753 16.5309 12.3
      vertex 5.45753 13.4691 12.3
      vertex 5.7 13.45 12.3
    endloop
  endfacet
  facet normal -0 0 1
    outer loop
      vertex 5.22102 16.4741 12.3
      vertex 5.45753 13.4691 12.3
      vertex 5.45753 16.5309 12.3
    endloop
  endfacet
  facet normal 0 0 1
    outer loop
      vertex 5.22102 16.4741 12.3
      vertex 5.22102 13.5259 12.3
      vertex 5.45753 13.4691 12.3
    endloop
  endfacet
  facet normal -0 0 1
    outer loop
      vertex 4.99631 16.3811 12.3
      vertex 5.22102 13.5259 12.3
      vertex 5.22102 16.4741 12.3
    endloop
  endfacet
  facet normal 0 0 1
    outer loop
      vertex 4.99631 16.3811 12.3
      vertex 4.99631 13.6189 12.3
      vertex 5.22102 13.5259 12.3
    endloop
  endfacet
  facet normal -0 0 1
    outer loop
      vertex 4.78893 16.254 12.3
      vertex 4.99631 13.6189 12.3
      vertex 4.99631 16.3811 12.3
    endloop
  endfacet
  facet normal 0 0 1
    outer loop
      vertex 4.78893 16.254 12.3
      vertex 4.78893 13.746 12.3
      vertex 4.99631 13.6189 12.3
    endloop
  endfacet
  facet normal -0 0 1
    outer loop
      vertex 4.60398 16.096 12.3
      vertex 4.78893 13.746 12.3
      vertex 4.78893 16.254 12.3
    endloop
  endfacet
  facet normal 0 0 1
    outer loop
      vertex 4.60398 16.096 12.3
      vertex 4.60398 13.904 12.3
      vertex 4.78893 13.746 12.3
    endloop
  endfacet
  facet normal -0 0 1
    outer loop
      vertex 4.44602 15.9111 12.3
      vertex 4.60398 13.904 12.3
      vertex 4.60398 16.096 12.3
    endloop
  endfacet
  facet normal 0 0 1
    outer loop
      vertex 4.44602 15.9111 12.3
      vertex 4.44602 14.0889 12.3
      vertex 4.60398 13.904 12.3
    endloop
  endfacet
  facet normal -0 0 1
    outer loop
      vertex 4.31894 15.7037 12.3
      vertex 4.44602 14.0889 12.3
      vertex 4.44602 15.9111 12.3
    endloop
  endfacet
  facet normal 0 0 1
    outer loop
      vertex 4.31894 15.7037 12.3
      vertex 4.31894 14.2963 12.3
      vertex 4.44602 14.0889 12.3
    endloop
  endfacet
  facet normal -0 0 1
    outer loop
      vertex 4.22586 15.479 12.3
      vertex 4.31894 14.2963 12.3
      vertex 4.31894 15.7037 12.3
    endloop
  endfacet
  facet normal 0 0 1
    outer loop
      vertex 4.22586 15.479 12.3
      vertex 4.22586 14.521 12.3
      vertex 4.31894 14.2963 12.3
    endloop
  endfacet
  facet normal -0 0 1
    outer loop
      vertex 4.16908 15.2425 12.3
      vertex 4.22586 14.521 12.3
      vertex 4.22586 15.479 12.3
    endloop
  endfacet
  facet normal 0 0 1
    outer loop
      vertex 4.16908 15.2425 12.3
      vertex 4.16908 14.7575 12.3
      vertex 4.22586 14.521 12.3
    endloop
  endfacet
  facet normal 0 -0 1
    outer loop
      vertex 4.16908 14.7575 12.3
      vertex 4.16908 15.2425 12.3
      vertex 4.15 15 12.3
    endloop
  endfacet
  facet normal 0.852641 -0.522498 0
    outer loop
      vertex 4.31894 15.7037 13.5
      vertex 4.44602 15.9111 12.3
      vertex 4.44602 15.9111 13.5
    endloop
  endfacet
  facet normal 0.852641 -0.522498 0
    outer loop
      vertex 4.44602 15.9111 12.3
      vertex 4.31894 15.7037 13.5
      vertex 4.31894 15.7037 12.3
    endloop
  endfacet
  facet normal 0.649444 -0.760409 0
    outer loop
      vertex 4.60398 16.096 12.3
      vertex 4.78893 16.254 13.5
      vertex 4.60398 16.096 13.5
    endloop
  endfacet
  facet normal 0.649444 -0.760409 0
    outer loop
      vertex 4.78893 16.254 13.5
      vertex 4.60398 16.096 12.3
      vertex 4.78893 16.254 12.3
    endloop
  endfacet
  facet normal 0.233447 -0.97237 0
    outer loop
      vertex 5.22102 16.4741 12.3
      vertex 5.45753 16.5309 13.5
      vertex 5.22102 16.4741 13.5
    endloop
  endfacet
  facet normal 0.233447 -0.97237 0
    outer loop
      vertex 5.45753 16.5309 13.5
      vertex 5.22102 16.4741 12.3
      vertex 5.45753 16.5309 12.3
    endloop
  endfacet
  facet normal -0.522498 0.852641 0
    outer loop
      vertex 6.61107 13.746 12.3
      vertex 6.40368 13.6189 13.5
      vertex 6.61107 13.746 13.5
    endloop
  endfacet
  facet normal -0.522498 0.852641 0
    outer loop
      vertex 6.40368 13.6189 13.5
      vertex 6.61107 13.746 12.3
      vertex 6.40368 13.6189 12.3
    endloop
  endfacet
  facet normal -0.233443 0.97237 0
    outer loop
      vertex 6.17898 13.5259 12.3
      vertex 5.94247 13.4691 13.5
      vertex 6.17898 13.5259 13.5
    endloop
  endfacet
  facet normal -0.233443 0.97237 0
    outer loop
      vertex 5.94247 13.4691 13.5
      vertex 6.17898 13.5259 12.3
      vertex 5.94247 13.4691 12.3
    endloop
  endfacet
  facet normal -0.649449 0.760405 0
    outer loop
      vertex 6.79601 13.904 12.3
      vertex 6.61107 13.746 13.5
      vertex 6.79601 13.904 13.5
    endloop
  endfacet
  facet normal -0.649449 0.760405 0
    outer loop
      vertex 6.61107 13.746 13.5
      vertex 6.79601 13.904 12.3
      vertex 6.61107 13.746 12.3
    endloop
  endfacet
  facet normal -0.852641 0.522498 0
    outer loop
      vertex 6.95398 14.0889 12.3
      vertex 7.08106 14.2963 13.5
      vertex 7.08106 14.2963 12.3
    endloop
  endfacet
  facet normal -0.852641 0.522498 0
    outer loop
      vertex 7.08106 14.2963 13.5
      vertex 6.95398 14.0889 12.3
      vertex 6.95398 14.0889 13.5
    endloop
  endfacet
  facet normal -0.97237 0.233443 0
    outer loop
      vertex 7.17414 14.521 12.3
      vertex 7.23092 14.7575 13.5
      vertex 7.23092 14.7575 12.3
    endloop
  endfacet
  facet normal -0.97237 0.233443 0
    outer loop
      vertex 7.23092 14.7575 13.5
      vertex 7.17414 14.521 12.3
      vertex 7.17414 14.521 13.5
    endloop
  endfacet
  facet normal 0.522498 0.852641 -0
    outer loop
      vertex 4.99631 13.6189 12.3
      vertex 4.78893 13.746 13.5
      vertex 4.99631 13.6189 13.5
    endloop
  endfacet
  facet normal 0.522498 0.852641 0
    outer loop
      vertex 4.78893 13.746 13.5
      vertex 4.99631 13.6189 12.3
      vertex 4.78893 13.746 12.3
    endloop
  endfacet
  facet normal 0.760405 0.649449 0
    outer loop
      vertex 4.60398 13.904 13.5
      vertex 4.44602 14.0889 12.3
      vertex 4.44602 14.0889 13.5
    endloop
  endfacet
  facet normal 0.760405 0.649449 0
    outer loop
      vertex 4.44602 14.0889 12.3
      vertex 4.60398 13.904 13.5
      vertex 4.60398 13.904 12.3
    endloop
  endfacet
  facet normal 0.97237 0.233443 0
    outer loop
      vertex 4.22586 14.521 13.5
      vertex 4.16908 14.7575 12.3
      vertex 4.16908 14.7575 13.5
    endloop
  endfacet
  facet normal 0.97237 0.233443 0
    outer loop
      vertex 4.16908 14.7575 12.3
      vertex 4.22586 14.521 13.5
      vertex 4.22586 14.521 12.3
    endloop
  endfacet
  facet normal -0.923879 -0.382685 0
    outer loop
      vertex 7.17414 15.479 12.3
      vertex 7.08106 15.7037 13.5
      vertex 7.08106 15.7037 12.3
    endloop
  endfacet
  facet normal -0.923879 -0.382685 0
    outer loop
      vertex 7.08106 15.7037 13.5
      vertex 7.17414 15.479 12.3
      vertex 7.17414 15.479 13.5
    endloop
  endfacet
  facet normal -0.233447 -0.97237 0
    outer loop
      vertex 5.94247 16.5309 12.3
      vertex 6.17898 16.4741 13.5
      vertex 5.94247 16.5309 13.5
    endloop
  endfacet
  facet normal -0.233447 -0.97237 -0
    outer loop
      vertex 6.17898 16.4741 13.5
      vertex 5.94247 16.5309 12.3
      vertex 6.17898 16.4741 12.3
    endloop
  endfacet
  facet normal -0.0784591 -0.996917 0
    outer loop
      vertex 5.7 16.55 12.3
      vertex 5.94247 16.5309 13.5
      vertex 5.7 16.55 13.5
    endloop
  endfacet
  facet normal -0.0784591 -0.996917 -0
    outer loop
      vertex 5.94247 16.5309 13.5
      vertex 5.7 16.55 12.3
      vertex 5.94247 16.5309 12.3
    endloop
  endfacet
  facet normal 0.97237 -0.233443 0
    outer loop
      vertex 4.16908 15.2425 13.5
      vertex 4.22586 15.479 12.3
      vertex 4.22586 15.479 13.5
    endloop
  endfacet
  facet normal 0.97237 -0.233443 0
    outer loop
      vertex 4.22586 15.479 12.3
      vertex 4.16908 15.2425 13.5
      vertex 4.16908 15.2425 12.3
    endloop
  endfacet
  facet normal 0.996917 -0.0784591 0
    outer loop
      vertex 4.15 15 13.5
      vertex 4.16908 15.2425 12.3
      vertex 4.16908 15.2425 13.5
    endloop
  endfacet
  facet normal 0.996917 -0.0784591 0
    outer loop
      vertex 4.16908 15.2425 12.3
      vertex 4.15 15 13.5
      vertex 4.15 15 12.3
    endloop
  endfacet
  facet normal 0.996917 0.0784588 0
    outer loop
      vertex 4.16908 14.7575 13.5
      vertex 4.15 15 12.3
      vertex 4.15 15 13.5
    endloop
  endfacet
  facet normal 0.996917 0.0784588 0
    outer loop
      vertex 4.15 15 12.3
      vertex 4.16908 14.7575 13.5
      vertex 4.16908 14.7575 12.3
    endloop
  endfacet
  facet normal 0.382681 -0.92388 0
    outer loop
      vertex 4.99631 16.3811 12.3
      vertex 5.22102 16.4741 13.5
      vertex 4.99631 16.3811 13.5
    endloop
  endfacet
  facet normal 0.382681 -0.92388 0
    outer loop
      vertex 5.22102 16.4741 13.5
      vertex 4.99631 16.3811 12.3
      vertex 5.22102 16.4741 12.3
    endloop
  endfacet
  facet normal -0.382685 0.923879 0
    outer loop
      vertex 6.40368 13.6189 12.3
      vertex 6.17898 13.5259 13.5
      vertex 6.40368 13.6189 13.5
    endloop
  endfacet
  facet normal -0.382685 0.923879 0
    outer loop
      vertex 6.17898 13.5259 13.5
      vertex 6.40368 13.6189 12.3
      vertex 6.17898 13.5259 12.3
    endloop
  endfacet
  facet normal -0.760405 0.649449 0
    outer loop
      vertex 6.79601 13.904 12.3
      vertex 6.95398 14.0889 13.5
      vertex 6.95398 14.0889 12.3
    endloop
  endfacet
  facet normal -0.760405 0.649449 0
    outer loop
      vertex 6.95398 14.0889 13.5
      vertex 6.79601 13.904 12.3
      vertex 6.79601 13.904 13.5
    endloop
  endfacet
  facet normal -0.923879 0.382685 0
    outer loop
      vertex 7.08106 14.2963 12.3
      vertex 7.17414 14.521 13.5
      vertex 7.17414 14.521 12.3
    endloop
  endfacet
  facet normal -0.923879 0.382685 0
    outer loop
      vertex 7.17414 14.521 13.5
      vertex 7.08106 14.2963 12.3
      vertex 7.08106 14.2963 13.5
    endloop
  endfacet
  facet normal 0.382685 0.923879 -0
    outer loop
      vertex 5.22102 13.5259 12.3
      vertex 4.99631 13.6189 13.5
      vertex 5.22102 13.5259 13.5
    endloop
  endfacet
  facet normal 0.382685 0.923879 0
    outer loop
      vertex 4.99631 13.6189 13.5
      vertex 5.22102 13.5259 12.3
      vertex 4.99631 13.6189 12.3
    endloop
  endfacet
  facet normal 0.233443 0.97237 -0
    outer loop
      vertex 5.45753 13.4691 12.3
      vertex 5.22102 13.5259 13.5
      vertex 5.45753 13.4691 13.5
    endloop
  endfacet
  facet normal 0.233443 0.97237 0
    outer loop
      vertex 5.22102 13.5259 13.5
      vertex 5.45753 13.4691 12.3
      vertex 5.22102 13.5259 12.3
    endloop
  endfacet
  facet normal 0.649449 0.760405 -0
    outer loop
      vertex 4.78893 13.746 12.3
      vertex 4.60398 13.904 13.5
      vertex 4.78893 13.746 13.5
    endloop
  endfacet
  facet normal 0.649449 0.760405 0
    outer loop
      vertex 4.60398 13.904 13.5
      vertex 4.78893 13.746 12.3
      vertex 4.60398 13.904 12.3
    endloop
  endfacet
  facet normal 0.923879 0.382685 0
    outer loop
      vertex 4.31894 14.2963 13.5
      vertex 4.22586 14.521 12.3
      vertex 4.22586 14.521 13.5
    endloop
  endfacet
  facet normal 0.923879 0.382685 0
    outer loop
      vertex 4.22586 14.521 12.3
      vertex 4.31894 14.2963 13.5
      vertex 4.31894 14.2963 12.3
    endloop
  endfacet
  facet normal -0.996917 0.0784588 0
    outer loop
      vertex 7.23092 14.7575 12.3
      vertex 7.25 15 13.5
      vertex 7.25 15 12.3
    endloop
  endfacet
  facet normal -0.996917 0.0784588 0
    outer loop
      vertex 7.25 15 13.5
      vertex 7.23092 14.7575 12.3
      vertex 7.23092 14.7575 13.5
    endloop
  endfacet
  facet normal 0.0784591 0.996917 -0
    outer loop
      vertex 5.7 13.45 12.3
      vertex 5.45753 13.4691 13.5
      vertex 5.7 13.45 13.5
    endloop
  endfacet
  facet normal 0.0784591 0.996917 0
    outer loop
      vertex 5.45753 13.4691 13.5
      vertex 5.7 13.45 12.3
      vertex 5.45753 13.4691 12.3
    endloop
  endfacet
  facet normal -0.996917 -0.0784588 0
    outer loop
      vertex 7.25 43.6 12.3
      vertex 7.23092 43.8425 13.5
      vertex 7.23092 43.8425 12.3
    endloop
  endfacet
  facet normal -0.996917 -0.0784588 0
    outer loop
      vertex 7.23092 43.8425 13.5
      vertex 7.25 43.6 12.3
      vertex 7.25 43.6 13.5
    endloop
  endfacet
  facet normal 0.996917 -0.0784588 0
    outer loop
      vertex 4.15 43.6 13.5
      vertex 4.16908 43.8425 12.3
      vertex 4.16908 43.8425 13.5
    endloop
  endfacet
  facet normal 0.996917 -0.0784588 0
    outer loop
      vertex 4.16908 43.8425 12.3
      vertex 4.15 43.6 13.5
      vertex 4.15 43.6 12.3
    endloop
  endfacet
  facet normal 0.0784666 -0.996917 0
    outer loop
      vertex 5.45753 45.1309 12.3
      vertex 5.7 45.15 13.5
      vertex 5.45753 45.1309 13.5
    endloop
  endfacet
  facet normal 0.0784666 -0.996917 0
    outer loop
      vertex 5.7 45.15 13.5
      vertex 5.45753 45.1309 12.3
      vertex 5.7 45.15 12.3
    endloop
  endfacet
  facet normal -0.0784666 0.996917 0
    outer loop
      vertex 5.94247 42.0691 12.3
      vertex 5.7 42.05 13.5
      vertex 5.94247 42.0691 13.5
    endloop
  endfacet
  facet normal -0.0784666 0.996917 0
    outer loop
      vertex 5.7 42.05 13.5
      vertex 5.94247 42.0691 12.3
      vertex 5.7 42.05 12.3
    endloop
  endfacet
  facet normal -0.649454 -0.760401 0
    outer loop
      vertex 6.61107 44.854 12.3
      vertex 6.79601 44.696 13.5
      vertex 6.61107 44.854 13.5
    endloop
  endfacet
  facet normal -0.649454 -0.760401 -0
    outer loop
      vertex 6.79601 44.696 13.5
      vertex 6.61107 44.854 12.3
      vertex 6.79601 44.696 12.3
    endloop
  endfacet
  facet normal 0.649454 -0.760401 0
    outer loop
      vertex 4.60398 44.696 12.3
      vertex 4.78893 44.854 13.5
      vertex 4.60398 44.696 13.5
    endloop
  endfacet
  facet normal 0.649454 -0.760401 0
    outer loop
      vertex 4.78893 44.854 13.5
      vertex 4.60398 44.696 12.3
      vertex 4.78893 44.854 12.3
    endloop
  endfacet
  facet normal 0.382675 -0.923883 0
    outer loop
      vertex 4.99631 44.9811 12.3
      vertex 5.22102 45.0741 13.5
      vertex 4.99631 44.9811 13.5
    endloop
  endfacet
  facet normal 0.382675 -0.923883 0
    outer loop
      vertex 5.22102 45.0741 13.5
      vertex 4.99631 44.9811 12.3
      vertex 5.22102 45.0741 12.3
    endloop
  endfacet
  facet normal -0.852641 0.522498 0
    outer loop
      vertex 6.95398 42.6889 12.3
      vertex 7.08106 42.8963 13.5
      vertex 7.08106 42.8963 12.3
    endloop
  endfacet
  facet normal -0.852641 0.522498 0
    outer loop
      vertex 7.08106 42.8963 13.5
      vertex 6.95398 42.6889 12.3
      vertex 6.95398 42.6889 13.5
    endloop
  endfacet
  facet normal -0.923879 -0.382685 0
    outer loop
      vertex 7.17414 44.079 12.3
      vertex 7.08106 44.3037 13.5
      vertex 7.08106 44.3037 12.3
    endloop
  endfacet
  facet normal -0.923879 -0.382685 0
    outer loop
      vertex 7.08106 44.3037 13.5
      vertex 7.17414 44.079 12.3
      vertex 7.17414 44.079 13.5
    endloop
  endfacet
  facet normal -0.97237 -0.233443 0
    outer loop
      vertex 7.23092 43.8425 12.3
      vertex 7.17414 44.079 13.5
      vertex 7.17414 44.079 12.3
    endloop
  endfacet
  facet normal -0.97237 -0.233443 0
    outer loop
      vertex 7.17414 44.079 13.5
      vertex 7.23092 43.8425 12.3
      vertex 7.23092 43.8425 13.5
    endloop
  endfacet
  facet normal -0.233454 -0.972368 0
    outer loop
      vertex 5.94247 45.1309 12.3
      vertex 6.17898 45.0741 13.5
      vertex 5.94247 45.1309 13.5
    endloop
  endfacet
  facet normal -0.233454 -0.972368 -0
    outer loop
      vertex 6.17898 45.0741 13.5
      vertex 5.94247 45.1309 12.3
      vertex 6.17898 45.0741 12.3
    endloop
  endfacet
  facet normal -0.0784669 -0.996917 0
    outer loop
      vertex 5.7 45.15 12.3
      vertex 5.94247 45.1309 13.5
      vertex 5.7 45.15 13.5
    endloop
  endfacet
  facet normal -0.0784669 -0.996917 -0
    outer loop
      vertex 5.94247 45.1309 13.5
      vertex 5.7 45.15 12.3
      vertex 5.94247 45.1309 12.3
    endloop
  endfacet
  facet normal -0.522495 -0.852642 0
    outer loop
      vertex 6.40368 44.9811 12.3
      vertex 6.61107 44.854 13.5
      vertex 6.40368 44.9811 13.5
    endloop
  endfacet
  facet normal -0.522495 -0.852642 -0
    outer loop
      vertex 6.61107 44.854 13.5
      vertex 6.40368 44.9811 12.3
      vertex 6.61107 44.854 12.3
    endloop
  endfacet
  facet normal 0.923879 -0.382685 0
    outer loop
      vertex 4.22586 44.079 13.5
      vertex 4.31894 44.3037 12.3
      vertex 4.31894 44.3037 13.5
    endloop
  endfacet
  facet normal 0.923879 -0.382685 0
    outer loop
      vertex 4.31894 44.3037 12.3
      vertex 4.22586 44.079 13.5
      vertex 4.22586 44.079 12.3
    endloop
  endfacet
  facet normal 0.97237 -0.233443 0
    outer loop
      vertex 4.16908 43.8425 13.5
      vertex 4.22586 44.079 12.3
      vertex 4.22586 44.079 13.5
    endloop
  endfacet
  facet normal 0.97237 -0.233443 0
    outer loop
      vertex 4.22586 44.079 12.3
      vertex 4.16908 43.8425 13.5
      vertex 4.16908 43.8425 12.3
    endloop
  endfacet
  facet normal 0.522495 -0.852642 0
    outer loop
      vertex 4.78893 44.854 12.3
      vertex 4.99631 44.9811 13.5
      vertex 4.78893 44.854 13.5
    endloop
  endfacet
  facet normal 0.522495 -0.852642 0
    outer loop
      vertex 4.99631 44.9811 13.5
      vertex 4.78893 44.854 12.3
      vertex 4.99631 44.9811 12.3
    endloop
  endfacet
  facet normal 0.233454 -0.972368 0
    outer loop
      vertex 5.22102 45.0741 12.3
      vertex 5.45753 45.1309 13.5
      vertex 5.22102 45.0741 13.5
    endloop
  endfacet
  facet normal 0.233454 -0.972368 0
    outer loop
      vertex 5.45753 45.1309 13.5
      vertex 5.22102 45.0741 12.3
      vertex 5.45753 45.1309 12.3
    endloop
  endfacet
  facet normal 0.923879 0.382685 0
    outer loop
      vertex 4.31894 42.8963 13.5
      vertex 4.22586 43.121 12.3
      vertex 4.22586 43.121 13.5
    endloop
  endfacet
  facet normal 0.923879 0.382685 0
    outer loop
      vertex 4.22586 43.121 12.3
      vertex 4.31894 42.8963 13.5
      vertex 4.31894 42.8963 12.3
    endloop
  endfacet
  facet normal -0.233439 0.972371 0
    outer loop
      vertex 6.17898 42.1259 12.3
      vertex 5.94247 42.0691 13.5
      vertex 6.17898 42.1259 13.5
    endloop
  endfacet
  facet normal -0.233439 0.972371 0
    outer loop
      vertex 5.94247 42.0691 13.5
      vertex 6.17898 42.1259 12.3
      vertex 5.94247 42.0691 12.3
    endloop
  endfacet
  facet normal -0.760405 -0.649449 0
    outer loop
      vertex 6.95398 44.5111 12.3
      vertex 6.79601 44.696 13.5
      vertex 6.79601 44.696 12.3
    endloop
  endfacet
  facet normal -0.760405 -0.649449 0
    outer loop
      vertex 6.79601 44.696 13.5
      vertex 6.95398 44.5111 12.3
      vertex 6.95398 44.5111 13.5
    endloop
  endfacet
  facet normal -0.852641 -0.522498 0
    outer loop
      vertex 7.08106 44.3037 12.3
      vertex 6.95398 44.5111 13.5
      vertex 6.95398 44.5111 12.3
    endloop
  endfacet
  facet normal -0.852641 -0.522498 0
    outer loop
      vertex 6.95398 44.5111 13.5
      vertex 7.08106 44.3037 12.3
      vertex 7.08106 44.3037 13.5
    endloop
  endfacet
  facet normal -0.382675 -0.923883 0
    outer loop
      vertex 6.17898 45.0741 12.3
      vertex 6.40368 44.9811 13.5
      vertex 6.17898 45.0741 13.5
    endloop
  endfacet
  facet normal -0.382675 -0.923883 -0
    outer loop
      vertex 6.40368 44.9811 13.5
      vertex 6.17898 45.0741 12.3
      vertex 6.40368 44.9811 12.3
    endloop
  endfacet
  facet normal 0.852641 -0.522498 0
    outer loop
      vertex 4.31894 44.3037 13.5
      vertex 4.44602 44.5111 12.3
      vertex 4.44602 44.5111 13.5
    endloop
  endfacet
  facet normal 0.852641 -0.522498 0
    outer loop
      vertex 4.44602 44.5111 12.3
      vertex 4.31894 44.3037 13.5
      vertex 4.31894 44.3037 12.3
    endloop
  endfacet
  facet normal 0.760405 -0.649449 0
    outer loop
      vertex 4.44602 44.5111 13.5
      vertex 4.60398 44.696 12.3
      vertex 4.60398 44.696 13.5
    endloop
  endfacet
  facet normal 0.760405 -0.649449 0
    outer loop
      vertex 4.60398 44.696 12.3
      vertex 4.44602 44.5111 13.5
      vertex 4.44602 44.5111 12.3
    endloop
  endfacet
  facet normal -0.996917 0.0784588 0
    outer loop
      vertex 7.23092 43.3575 12.3
      vertex 7.25 43.6 13.5
      vertex 7.25 43.6 12.3
    endloop
  endfacet
  facet normal -0.996917 0.0784588 0
    outer loop
      vertex 7.25 43.6 13.5
      vertex 7.23092 43.3575 12.3
      vertex 7.23092 43.3575 13.5
    endloop
  endfacet
  facet normal -0.649444 0.760409 0
    outer loop
      vertex 6.79601 42.504 12.3
      vertex 6.61107 42.346 13.5
      vertex 6.79601 42.504 13.5
    endloop
  endfacet
  facet normal -0.649444 0.760409 0
    outer loop
      vertex 6.61107 42.346 13.5
      vertex 6.79601 42.504 12.3
      vertex 6.61107 42.346 12.3
    endloop
  endfacet
  facet normal -0.923879 0.382685 0
    outer loop
      vertex 7.08106 42.8963 12.3
      vertex 7.17414 43.121 13.5
      vertex 7.17414 43.121 12.3
    endloop
  endfacet
  facet normal -0.923879 0.382685 0
    outer loop
      vertex 7.17414 43.121 13.5
      vertex 7.08106 42.8963 12.3
      vertex 7.08106 42.8963 13.5
    endloop
  endfacet
  facet normal -0.97237 0.233447 0
    outer loop
      vertex 7.17414 43.121 12.3
      vertex 7.23092 43.3575 13.5
      vertex 7.23092 43.3575 12.3
    endloop
  endfacet
  facet normal -0.97237 0.233447 0
    outer loop
      vertex 7.23092 43.3575 13.5
      vertex 7.17414 43.121 12.3
      vertex 7.17414 43.121 13.5
    endloop
  endfacet
  facet normal 0.522495 0.852642 -0
    outer loop
      vertex 4.99631 42.2189 12.3
      vertex 4.78893 42.346 13.5
      vertex 4.99631 42.2189 13.5
    endloop
  endfacet
  facet normal 0.522495 0.852642 0
    outer loop
      vertex 4.78893 42.346 13.5
      vertex 4.99631 42.2189 12.3
      vertex 4.78893 42.346 12.3
    endloop
  endfacet
  facet normal 0.0784669 0.996917 -0
    outer loop
      vertex 5.7 42.05 12.3
      vertex 5.45753 42.0691 13.5
      vertex 5.7 42.05 13.5
    endloop
  endfacet
  facet normal 0.0784669 0.996917 0
    outer loop
      vertex 5.45753 42.0691 13.5
      vertex 5.7 42.05 12.3
      vertex 5.45753 42.0691 12.3
    endloop
  endfacet
  facet normal 0 0 1
    outer loop
      vertex 7.23092 43.8425 12.3
      vertex 7.23092 43.3575 12.3
      vertex 7.25 43.6 12.3
    endloop
  endfacet
  facet normal 0 0 1
    outer loop
      vertex 7.17414 44.079 12.3
      vertex 7.23092 43.3575 12.3
      vertex 7.23092 43.8425 12.3
    endloop
  endfacet
  facet normal 0 0 1
    outer loop
      vertex 7.17414 44.079 12.3
      vertex 7.17414 43.121 12.3
      vertex 7.23092 43.3575 12.3
    endloop
  endfacet
  facet normal 0 0 1
    outer loop
      vertex 7.08106 44.3037 12.3
      vertex 7.17414 43.121 12.3
      vertex 7.17414 44.079 12.3
    endloop
  endfacet
  facet normal 0 0 1
    outer loop
      vertex 7.08106 44.3037 12.3
      vertex 7.08106 42.8963 12.3
      vertex 7.17414 43.121 12.3
    endloop
  endfacet
  facet normal 0 0 1
    outer loop
      vertex 6.95398 44.5111 12.3
      vertex 7.08106 42.8963 12.3
      vertex 7.08106 44.3037 12.3
    endloop
  endfacet
  facet normal 0 0 1
    outer loop
      vertex 6.95398 44.5111 12.3
      vertex 6.95398 42.6889 12.3
      vertex 7.08106 42.8963 12.3
    endloop
  endfacet
  facet normal 0 0 1
    outer loop
      vertex 6.79601 44.696 12.3
      vertex 6.95398 42.6889 12.3
      vertex 6.95398 44.5111 12.3
    endloop
  endfacet
  facet normal 0 0 1
    outer loop
      vertex 6.79601 44.696 12.3
      vertex 6.79601 42.504 12.3
      vertex 6.95398 42.6889 12.3
    endloop
  endfacet
  facet normal 0 0 1
    outer loop
      vertex 6.61107 44.854 12.3
      vertex 6.79601 42.504 12.3
      vertex 6.79601 44.696 12.3
    endloop
  endfacet
  facet normal 0 0 1
    outer loop
      vertex 6.61107 44.854 12.3
      vertex 6.61107 42.346 12.3
      vertex 6.79601 42.504 12.3
    endloop
  endfacet
  facet normal 0 0 1
    outer loop
      vertex 6.40368 44.9811 12.3
      vertex 6.61107 42.346 12.3
      vertex 6.61107 44.854 12.3
    endloop
  endfacet
  facet normal 0 0 1
    outer loop
      vertex 6.40368 44.9811 12.3
      vertex 6.40368 42.2189 12.3
      vertex 6.61107 42.346 12.3
    endloop
  endfacet
  facet normal 0 0 1
    outer loop
      vertex 6.17898 45.0741 12.3
      vertex 6.40368 42.2189 12.3
      vertex 6.40368 44.9811 12.3
    endloop
  endfacet
  facet normal 0 0 1
    outer loop
      vertex 6.17898 45.0741 12.3
      vertex 6.17898 42.1259 12.3
      vertex 6.40368 42.2189 12.3
    endloop
  endfacet
  facet normal 0 0 1
    outer loop
      vertex 5.94247 45.1309 12.3
      vertex 6.17898 42.1259 12.3
      vertex 6.17898 45.0741 12.3
    endloop
  endfacet
  facet normal 0 0 1
    outer loop
      vertex 5.94247 45.1309 12.3
      vertex 5.94247 42.0691 12.3
      vertex 6.17898 42.1259 12.3
    endloop
  endfacet
  facet normal 0 0 1
    outer loop
      vertex 5.7 45.15 12.3
      vertex 5.94247 42.0691 12.3
      vertex 5.94247 45.1309 12.3
    endloop
  endfacet
  facet normal 0 0 1
    outer loop
      vertex 5.7 45.15 12.3
      vertex 5.7 42.05 12.3
      vertex 5.94247 42.0691 12.3
    endloop
  endfacet
  facet normal -0 0 1
    outer loop
      vertex 5.45753 45.1309 12.3
      vertex 5.7 42.05 12.3
      vertex 5.7 45.15 12.3
    endloop
  endfacet
  facet normal 0 0 1
    outer loop
      vertex 5.45753 45.1309 12.3
      vertex 5.45753 42.0691 12.3
      vertex 5.7 42.05 12.3
    endloop
  endfacet
  facet normal -0 0 1
    outer loop
      vertex 5.22102 45.0741 12.3
      vertex 5.45753 42.0691 12.3
      vertex 5.45753 45.1309 12.3
    endloop
  endfacet
  facet normal 0 0 1
    outer loop
      vertex 5.22102 45.0741 12.3
      vertex 5.22102 42.1259 12.3
      vertex 5.45753 42.0691 12.3
    endloop
  endfacet
  facet normal -0 0 1
    outer loop
      vertex 4.99631 44.9811 12.3
      vertex 5.22102 42.1259 12.3
      vertex 5.22102 45.0741 12.3
    endloop
  endfacet
  facet normal 0 0 1
    outer loop
      vertex 4.99631 44.9811 12.3
      vertex 4.99631 42.2189 12.3
      vertex 5.22102 42.1259 12.3
    endloop
  endfacet
  facet normal -0 0 1
    outer loop
      vertex 4.78893 44.854 12.3
      vertex 4.99631 42.2189 12.3
      vertex 4.99631 44.9811 12.3
    endloop
  endfacet
  facet normal 0 0 1
    outer loop
      vertex 4.78893 44.854 12.3
      vertex 4.78893 42.346 12.3
      vertex 4.99631 42.2189 12.3
    endloop
  endfacet
  facet normal -0 0 1
    outer loop
      vertex 4.60398 44.696 12.3
      vertex 4.78893 42.346 12.3
      vertex 4.78893 44.854 12.3
    endloop
  endfacet
  facet normal 0 0 1
    outer loop
      vertex 4.60398 44.696 12.3
      vertex 4.60398 42.504 12.3
      vertex 4.78893 42.346 12.3
    endloop
  endfacet
  facet normal -0 0 1
    outer loop
      vertex 4.44602 44.5111 12.3
      vertex 4.60398 42.504 12.3
      vertex 4.60398 44.696 12.3
    endloop
  endfacet
  facet normal 0 0 1
    outer loop
      vertex 4.44602 44.5111 12.3
      vertex 4.44602 42.6889 12.3
      vertex 4.60398 42.504 12.3
    endloop
  endfacet
  facet normal -0 0 1
    outer loop
      vertex 4.31894 44.3037 12.3
      vertex 4.44602 42.6889 12.3
      vertex 4.44602 44.5111 12.3
    endloop
  endfacet
  facet normal 0 0 1
    outer loop
      vertex 4.31894 44.3037 12.3
      vertex 4.31894 42.8963 12.3
      vertex 4.44602 42.6889 12.3
    endloop
  endfacet
  facet normal -0 0 1
    outer loop
      vertex 4.22586 44.079 12.3
      vertex 4.31894 42.8963 12.3
      vertex 4.31894 44.3037 12.3
    endloop
  endfacet
  facet normal 0 0 1
    outer loop
      vertex 4.22586 44.079 12.3
      vertex 4.22586 43.121 12.3
      vertex 4.31894 42.8963 12.3
    endloop
  endfacet
  facet normal -0 0 1
    outer loop
      vertex 4.16908 43.8425 12.3
      vertex 4.22586 43.121 12.3
      vertex 4.22586 44.079 12.3
    endloop
  endfacet
  facet normal 0 0 1
    outer loop
      vertex 4.16908 43.8425 12.3
      vertex 4.16908 43.3575 12.3
      vertex 4.22586 43.121 12.3
    endloop
  endfacet
  facet normal 0 -0 1
    outer loop
      vertex 4.16908 43.3575 12.3
      vertex 4.16908 43.8425 12.3
      vertex 4.15 43.6 12.3
    endloop
  endfacet
  facet normal -0.522495 0.852642 0
    outer loop
      vertex 6.61107 42.346 12.3
      vertex 6.40368 42.2189 13.5
      vertex 6.61107 42.346 13.5
    endloop
  endfacet
  facet normal -0.522495 0.852642 0
    outer loop
      vertex 6.40368 42.2189 13.5
      vertex 6.61107 42.346 12.3
      vertex 6.40368 42.2189 12.3
    endloop
  endfacet
  facet normal -0.382688 0.923878 0
    outer loop
      vertex 6.40368 42.2189 12.3
      vertex 6.17898 42.1259 13.5
      vertex 6.40368 42.2189 13.5
    endloop
  endfacet
  facet normal -0.382688 0.923878 0
    outer loop
      vertex 6.17898 42.1259 13.5
      vertex 6.40368 42.2189 12.3
      vertex 6.17898 42.1259 12.3
    endloop
  endfacet
  facet normal -0.760412 0.649441 0
    outer loop
      vertex 6.79601 42.504 12.3
      vertex 6.95398 42.6889 13.5
      vertex 6.95398 42.6889 12.3
    endloop
  endfacet
  facet normal -0.760412 0.649441 0
    outer loop
      vertex 6.95398 42.6889 13.5
      vertex 6.79601 42.504 12.3
      vertex 6.79601 42.504 13.5
    endloop
  endfacet
  facet normal 0.382688 0.923878 -0
    outer loop
      vertex 5.22102 42.1259 12.3
      vertex 4.99631 42.2189 13.5
      vertex 5.22102 42.1259 13.5
    endloop
  endfacet
  facet normal 0.382688 0.923878 0
    outer loop
      vertex 4.99631 42.2189 13.5
      vertex 5.22102 42.1259 12.3
      vertex 4.99631 42.2189 12.3
    endloop
  endfacet
  facet normal 0.233439 0.972371 -0
    outer loop
      vertex 5.45753 42.0691 12.3
      vertex 5.22102 42.1259 13.5
      vertex 5.45753 42.0691 13.5
    endloop
  endfacet
  facet normal 0.233439 0.972371 0
    outer loop
      vertex 5.22102 42.1259 13.5
      vertex 5.45753 42.0691 12.3
      vertex 5.22102 42.1259 12.3
    endloop
  endfacet
  facet normal 0.760412 0.649441 0
    outer loop
      vertex 4.60398 42.504 13.5
      vertex 4.44602 42.6889 12.3
      vertex 4.44602 42.6889 13.5
    endloop
  endfacet
  facet normal 0.760412 0.649441 0
    outer loop
      vertex 4.44602 42.6889 12.3
      vertex 4.60398 42.504 13.5
      vertex 4.60398 42.504 12.3
    endloop
  endfacet
  facet normal 0.649444 0.760409 -0
    outer loop
      vertex 4.78893 42.346 12.3
      vertex 4.60398 42.504 13.5
      vertex 4.78893 42.346 13.5
    endloop
  endfacet
  facet normal 0.649444 0.760409 0
    outer loop
      vertex 4.60398 42.504 13.5
      vertex 4.78893 42.346 12.3
      vertex 4.60398 42.504 12.3
    endloop
  endfacet
  facet normal 0.97237 0.233447 0
    outer loop
      vertex 4.22586 43.121 13.5
      vertex 4.16908 43.3575 12.3
      vertex 4.16908 43.3575 13.5
    endloop
  endfacet
  facet normal 0.97237 0.233447 0
    outer loop
      vertex 4.16908 43.3575 12.3
      vertex 4.22586 43.121 13.5
      vertex 4.22586 43.121 12.3
    endloop
  endfacet
  facet normal 0.996917 0.0784588 0
    outer loop
      vertex 4.16908 43.3575 13.5
      vertex 4.15 43.6 12.3
      vertex 4.15 43.6 13.5
    endloop
  endfacet
  facet normal 0.996917 0.0784588 0
    outer loop
      vertex 4.15 43.6 12.3
      vertex 4.16908 43.3575 13.5
      vertex 4.16908 43.3575 12.3
    endloop
  endfacet
  facet normal 0.852641 0.522498 0
    outer loop
      vertex 4.44602 42.6889 13.5
      vertex 4.31894 42.8963 12.3
      vertex 4.31894 42.8963 13.5
    endloop
  endfacet
  facet normal 0.852641 0.522498 0
    outer loop
      vertex 4.31894 42.8963 12.3
      vertex 4.44602 42.6889 13.5
      vertex 4.44602 42.6889 12.3
    endloop
  endfacet
  facet normal -0.996918 -0.0784514 0
    outer loop
      vertex 75.25 15 12.3
      vertex 75.2309 15.2425 13.5
      vertex 75.2309 15.2425 12.3
    endloop
  endfacet
  facet normal -0.996918 -0.0784514 0
    outer loop
      vertex 75.2309 15.2425 13.5
      vertex 75.25 15 12.3
      vertex 75.25 15 13.5
    endloop
  endfacet
  facet normal 0.0784601 -0.996917 0
    outer loop
      vertex 73.4575 16.5309 12.3
      vertex 73.7 16.55 13.5
      vertex 73.4575 16.5309 13.5
    endloop
  endfacet
  facet normal 0.0784601 -0.996917 0
    outer loop
      vertex 73.7 16.55 13.5
      vertex 73.4575 16.5309 12.3
      vertex 73.7 16.55 12.3
    endloop
  endfacet
  facet normal -0.649452 -0.760402 0
    outer loop
      vertex 74.6111 16.254 12.3
      vertex 74.796 16.096 13.5
      vertex 74.6111 16.254 13.5
    endloop
  endfacet
  facet normal -0.649452 -0.760402 -0
    outer loop
      vertex 74.796 16.096 13.5
      vertex 74.6111 16.254 12.3
      vertex 74.796 16.096 12.3
    endloop
  endfacet
  facet normal 0.760411 -0.649443 0
    outer loop
      vertex 72.446 15.9111 13.5
      vertex 72.604 16.096 12.3
      vertex 72.604 16.096 13.5
    endloop
  endfacet
  facet normal 0.760411 -0.649443 0
    outer loop
      vertex 72.604 16.096 12.3
      vertex 72.446 15.9111 13.5
      vertex 72.446 15.9111 12.3
    endloop
  endfacet
  facet normal 0.522501 -0.852639 0
    outer loop
      vertex 72.7889 16.254 12.3
      vertex 72.9963 16.3811 13.5
      vertex 72.7889 16.254 13.5
    endloop
  endfacet
  facet normal 0.522501 -0.852639 0
    outer loop
      vertex 72.9963 16.3811 13.5
      vertex 72.7889 16.254 12.3
      vertex 72.9963 16.3811 12.3
    endloop
  endfacet
  facet normal 0.852642 0.522495 0
    outer loop
      vertex 72.446 14.0889 13.5
      vertex 72.3189 14.2963 12.3
      vertex 72.3189 14.2963 13.5
    endloop
  endfacet
  facet normal 0.852642 0.522495 0
    outer loop
      vertex 72.3189 14.2963 12.3
      vertex 72.446 14.0889 13.5
      vertex 72.446 14.0889 12.3
    endloop
  endfacet
  facet normal -0.852642 -0.522495 0
    outer loop
      vertex 75.0811 15.7037 12.3
      vertex 74.954 15.9111 13.5
      vertex 74.954 15.9111 12.3
    endloop
  endfacet
  facet normal -0.852642 -0.522495 0
    outer loop
      vertex 74.954 15.9111 13.5
      vertex 75.0811 15.7037 12.3
      vertex 75.0811 15.7037 13.5
    endloop
  endfacet
  facet normal -0.972371 -0.233439 0
    outer loop
      vertex 75.2309 15.2425 12.3
      vertex 75.1741 15.479 13.5
      vertex 75.1741 15.479 12.3
    endloop
  endfacet
  facet normal -0.972371 -0.233439 0
    outer loop
      vertex 75.1741 15.479 13.5
      vertex 75.2309 15.2425 12.3
      vertex 75.2309 15.2425 13.5
    endloop
  endfacet
  facet normal -0.760395 -0.649461 0
    outer loop
      vertex 74.954 15.9111 12.3
      vertex 74.796 16.096 13.5
      vertex 74.796 16.096 12.3
    endloop
  endfacet
  facet normal -0.760395 -0.649461 0
    outer loop
      vertex 74.796 16.096 13.5
      vertex 74.954 15.9111 12.3
      vertex 74.954 15.9111 13.5
    endloop
  endfacet
  facet normal -0.382681 -0.92388 0
    outer loop
      vertex 74.179 16.4741 12.3
      vertex 74.4037 16.3811 13.5
      vertex 74.179 16.4741 13.5
    endloop
  endfacet
  facet normal -0.382681 -0.92388 -0
    outer loop
      vertex 74.4037 16.3811 13.5
      vertex 74.179 16.4741 12.3
      vertex 74.4037 16.3811 12.3
    endloop
  endfacet
  facet normal -0.522501 -0.852639 0
    outer loop
      vertex 74.4037 16.3811 12.3
      vertex 74.6111 16.254 13.5
      vertex 74.4037 16.3811 13.5
    endloop
  endfacet
  facet normal -0.522501 -0.852639 -0
    outer loop
      vertex 74.6111 16.254 13.5
      vertex 74.4037 16.3811 12.3
      vertex 74.6111 16.254 12.3
    endloop
  endfacet
  facet normal 0.923878 -0.382688 0
    outer loop
      vertex 72.2259 15.479 13.5
      vertex 72.3189 15.7037 12.3
      vertex 72.3189 15.7037 13.5
    endloop
  endfacet
  facet normal 0.923878 -0.382688 0
    outer loop
      vertex 72.3189 15.7037 12.3
      vertex 72.2259 15.479 13.5
      vertex 72.2259 15.479 12.3
    endloop
  endfacet
  facet normal 0 0 1
    outer loop
      vertex 75.2309 15.2425 12.3
      vertex 75.2309 14.7575 12.3
      vertex 75.25 15 12.3
    endloop
  endfacet
  facet normal 0 0 1
    outer loop
      vertex 75.1741 15.479 12.3
      vertex 75.2309 14.7575 12.3
      vertex 75.2309 15.2425 12.3
    endloop
  endfacet
  facet normal 0 0 1
    outer loop
      vertex 75.1741 15.479 12.3
      vertex 75.1741 14.521 12.3
      vertex 75.2309 14.7575 12.3
    endloop
  endfacet
  facet normal 0 0 1
    outer loop
      vertex 75.0811 15.7037 12.3
      vertex 75.1741 14.521 12.3
      vertex 75.1741 15.479 12.3
    endloop
  endfacet
  facet normal 0 0 1
    outer loop
      vertex 75.0811 15.7037 12.3
      vertex 75.0811 14.2963 12.3
      vertex 75.1741 14.521 12.3
    endloop
  endfacet
  facet normal 0 0 1
    outer loop
      vertex 74.954 15.9111 12.3
      vertex 75.0811 14.2963 12.3
      vertex 75.0811 15.7037 12.3
    endloop
  endfacet
  facet normal 0 0 1
    outer loop
      vertex 74.954 15.9111 12.3
      vertex 74.954 14.0889 12.3
      vertex 75.0811 14.2963 12.3
    endloop
  endfacet
  facet normal 0 0 1
    outer loop
      vertex 74.796 16.096 12.3
      vertex 74.954 14.0889 12.3
      vertex 74.954 15.9111 12.3
    endloop
  endfacet
  facet normal 0 0 1
    outer loop
      vertex 74.796 16.096 12.3
      vertex 74.796 13.904 12.3
      vertex 74.954 14.0889 12.3
    endloop
  endfacet
  facet normal 0 0 1
    outer loop
      vertex 74.6111 16.254 12.3
      vertex 74.796 13.904 12.3
      vertex 74.796 16.096 12.3
    endloop
  endfacet
  facet normal 0 0 1
    outer loop
      vertex 74.6111 16.254 12.3
      vertex 74.6111 13.746 12.3
      vertex 74.796 13.904 12.3
    endloop
  endfacet
  facet normal 0 0 1
    outer loop
      vertex 74.4037 16.3811 12.3
      vertex 74.6111 13.746 12.3
      vertex 74.6111 16.254 12.3
    endloop
  endfacet
  facet normal 0 0 1
    outer loop
      vertex 74.4037 16.3811 12.3
      vertex 74.4037 13.6189 12.3
      vertex 74.6111 13.746 12.3
    endloop
  endfacet
  facet normal 0 0 1
    outer loop
      vertex 74.179 16.4741 12.3
      vertex 74.4037 13.6189 12.3
      vertex 74.4037 16.3811 12.3
    endloop
  endfacet
  facet normal 0 0 1
    outer loop
      vertex 74.179 16.4741 12.3
      vertex 74.179 13.5259 12.3
      vertex 74.4037 13.6189 12.3
    endloop
  endfacet
  facet normal 0 0 1
    outer loop
      vertex 73.9425 16.5309 12.3
      vertex 74.179 13.5259 12.3
      vertex 74.179 16.4741 12.3
    endloop
  endfacet
  facet normal 0 0 1
    outer loop
      vertex 73.9425 16.5309 12.3
      vertex 73.9425 13.4691 12.3
      vertex 74.179 13.5259 12.3
    endloop
  endfacet
  facet normal 0 0 1
    outer loop
      vertex 73.7 16.55 12.3
      vertex 73.9425 13.4691 12.3
      vertex 73.9425 16.5309 12.3
    endloop
  endfacet
  facet normal 0 0 1
    outer loop
      vertex 73.7 16.55 12.3
      vertex 73.7 13.45 12.3
      vertex 73.9425 13.4691 12.3
    endloop
  endfacet
  facet normal -0 0 1
    outer loop
      vertex 73.4575 16.5309 12.3
      vertex 73.7 13.45 12.3
      vertex 73.7 16.55 12.3
    endloop
  endfacet
  facet normal 0 0 1
    outer loop
      vertex 73.4575 16.5309 12.3
      vertex 73.4575 13.4691 12.3
      vertex 73.7 13.45 12.3
    endloop
  endfacet
  facet normal -0 0 1
    outer loop
      vertex 73.221 16.4741 12.3
      vertex 73.4575 13.4691 12.3
      vertex 73.4575 16.5309 12.3
    endloop
  endfacet
  facet normal 0 0 1
    outer loop
      vertex 73.221 16.4741 12.3
      vertex 73.221 13.5259 12.3
      vertex 73.4575 13.4691 12.3
    endloop
  endfacet
  facet normal -0 0 1
    outer loop
      vertex 72.9963 16.3811 12.3
      vertex 73.221 13.5259 12.3
      vertex 73.221 16.4741 12.3
    endloop
  endfacet
  facet normal 0 0 1
    outer loop
      vertex 72.9963 16.3811 12.3
      vertex 72.9963 13.6189 12.3
      vertex 73.221 13.5259 12.3
    endloop
  endfacet
  facet normal -0 0 1
    outer loop
      vertex 72.7889 16.254 12.3
      vertex 72.9963 13.6189 12.3
      vertex 72.9963 16.3811 12.3
    endloop
  endfacet
  facet normal 0 0 1
    outer loop
      vertex 72.7889 16.254 12.3
      vertex 72.7889 13.746 12.3
      vertex 72.9963 13.6189 12.3
    endloop
  endfacet
  facet normal -0 0 1
    outer loop
      vertex 72.604 16.096 12.3
      vertex 72.7889 13.746 12.3
      vertex 72.7889 16.254 12.3
    endloop
  endfacet
  facet normal 0 0 1
    outer loop
      vertex 72.604 16.096 12.3
      vertex 72.604 13.904 12.3
      vertex 72.7889 13.746 12.3
    endloop
  endfacet
  facet normal -0 0 1
    outer loop
      vertex 72.446 15.9111 12.3
      vertex 72.604 13.904 12.3
      vertex 72.604 16.096 12.3
    endloop
  endfacet
  facet normal 0 0 1
    outer loop
      vertex 72.446 15.9111 12.3
      vertex 72.446 14.0889 12.3
      vertex 72.604 13.904 12.3
    endloop
  endfacet
  facet normal -0 0 1
    outer loop
      vertex 72.3189 15.7037 12.3
      vertex 72.446 14.0889 12.3
      vertex 72.446 15.9111 12.3
    endloop
  endfacet
  facet normal 0 0 1
    outer loop
      vertex 72.3189 15.7037 12.3
      vertex 72.3189 14.2963 12.3
      vertex 72.446 14.0889 12.3
    endloop
  endfacet
  facet normal -0 0 1
    outer loop
      vertex 72.2259 15.479 12.3
      vertex 72.3189 14.2963 12.3
      vertex 72.3189 15.7037 12.3
    endloop
  endfacet
  facet normal 0 0 1
    outer loop
      vertex 72.2259 15.479 12.3
      vertex 72.2259 14.521 12.3
      vertex 72.3189 14.2963 12.3
    endloop
  endfacet
  facet normal -0 0 1
    outer loop
      vertex 72.1691 15.2425 12.3
      vertex 72.2259 14.521 12.3
      vertex 72.2259 15.479 12.3
    endloop
  endfacet
  facet normal 0 0 1
    outer loop
      vertex 72.1691 15.2425 12.3
      vertex 72.1691 14.7575 12.3
      vertex 72.2259 14.521 12.3
    endloop
  endfacet
  facet normal 0 -0 1
    outer loop
      vertex 72.1691 14.7575 12.3
      vertex 72.1691 15.2425 12.3
      vertex 72.15 15 12.3
    endloop
  endfacet
  facet normal 0.852642 -0.522495 0
    outer loop
      vertex 72.3189 15.7037 13.5
      vertex 72.446 15.9111 12.3
      vertex 72.446 15.9111 13.5
    endloop
  endfacet
  facet normal 0.852642 -0.522495 0
    outer loop
      vertex 72.446 15.9111 12.3
      vertex 72.3189 15.7037 13.5
      vertex 72.3189 15.7037 12.3
    endloop
  endfacet
  facet normal 0.649437 -0.760416 0
    outer loop
      vertex 72.604 16.096 12.3
      vertex 72.7889 16.254 13.5
      vertex 72.604 16.096 13.5
    endloop
  endfacet
  facet normal 0.649437 -0.760416 0
    outer loop
      vertex 72.7889 16.254 13.5
      vertex 72.604 16.096 12.3
      vertex 72.7889 16.254 12.3
    endloop
  endfacet
  facet normal 0.233447 -0.97237 0
    outer loop
      vertex 73.221 16.4741 12.3
      vertex 73.4575 16.5309 13.5
      vertex 73.221 16.4741 13.5
    endloop
  endfacet
  facet normal 0.233447 -0.97237 0
    outer loop
      vertex 73.4575 16.5309 13.5
      vertex 73.221 16.4741 12.3
      vertex 73.4575 16.5309 12.3
    endloop
  endfacet
  facet normal -0.233443 0.97237 0
    outer loop
      vertex 74.179 13.5259 12.3
      vertex 73.9425 13.4691 13.5
      vertex 74.179 13.5259 13.5
    endloop
  endfacet
  facet normal -0.233443 0.97237 0
    outer loop
      vertex 73.9425 13.4691 13.5
      vertex 74.179 13.5259 12.3
      vertex 73.9425 13.4691 12.3
    endloop
  endfacet
  facet normal -0.649457 0.760399 0
    outer loop
      vertex 74.796 13.904 12.3
      vertex 74.6111 13.746 13.5
      vertex 74.796 13.904 13.5
    endloop
  endfacet
  facet normal -0.649457 0.760399 0
    outer loop
      vertex 74.6111 13.746 13.5
      vertex 74.796 13.904 12.3
      vertex 74.6111 13.746 12.3
    endloop
  endfacet
  facet normal -0.852642 0.522495 0
    outer loop
      vertex 74.954 14.0889 12.3
      vertex 75.0811 14.2963 13.5
      vertex 75.0811 14.2963 12.3
    endloop
  endfacet
  facet normal -0.852642 0.522495 0
    outer loop
      vertex 75.0811 14.2963 13.5
      vertex 74.954 14.0889 12.3
      vertex 74.954 14.0889 13.5
    endloop
  endfacet
  facet normal -0.972371 0.233439 0
    outer loop
      vertex 75.1741 14.521 12.3
      vertex 75.2309 14.7575 13.5
      vertex 75.2309 14.7575 12.3
    endloop
  endfacet
  facet normal -0.972371 0.233439 0
    outer loop
      vertex 75.2309 14.7575 13.5
      vertex 75.1741 14.521 12.3
      vertex 75.1741 14.521 13.5
    endloop
  endfacet
  facet normal 0.522498 0.852641 -0
    outer loop
      vertex 72.9963 13.6189 12.3
      vertex 72.7889 13.746 13.5
      vertex 72.9963 13.6189 13.5
    endloop
  endfacet
  facet normal 0.522498 0.852641 0
    outer loop
      vertex 72.7889 13.746 13.5
      vertex 72.9963 13.6189 12.3
      vertex 72.7889 13.746 12.3
    endloop
  endfacet
  facet normal 0.760409 0.649444 0
    outer loop
      vertex 72.604 13.904 13.5
      vertex 72.446 14.0889 12.3
      vertex 72.446 14.0889 13.5
    endloop
  endfacet
  facet normal 0.760409 0.649444 0
    outer loop
      vertex 72.446 14.0889 12.3
      vertex 72.604 13.904 13.5
      vertex 72.604 13.904 12.3
    endloop
  endfacet
  facet normal 0.972371 0.233439 0
    outer loop
      vertex 72.2259 14.521 13.5
      vertex 72.1691 14.7575 12.3
      vertex 72.1691 14.7575 13.5
    endloop
  endfacet
  facet normal 0.972371 0.233439 0
    outer loop
      vertex 72.1691 14.7575 12.3
      vertex 72.2259 14.521 13.5
      vertex 72.2259 14.521 12.3
    endloop
  endfacet
  facet normal -0.923878 -0.382688 0
    outer loop
      vertex 75.1741 15.479 12.3
      vertex 75.0811 15.7037 13.5
      vertex 75.0811 15.7037 12.3
    endloop
  endfacet
  facet normal -0.923878 -0.382688 0
    outer loop
      vertex 75.0811 15.7037 13.5
      vertex 75.1741 15.479 12.3
      vertex 75.1741 15.479 13.5
    endloop
  endfacet
  facet normal -0.233447 -0.97237 0
    outer loop
      vertex 73.9425 16.5309 12.3
      vertex 74.179 16.4741 13.5
      vertex 73.9425 16.5309 13.5
    endloop
  endfacet
  facet normal -0.233447 -0.97237 -0
    outer loop
      vertex 74.179 16.4741 13.5
      vertex 73.9425 16.5309 12.3
      vertex 74.179 16.4741 12.3
    endloop
  endfacet
  facet normal -0.0784576 -0.996917 0
    outer loop
      vertex 73.7 16.55 12.3
      vertex 73.9425 16.5309 13.5
      vertex 73.7 16.55 13.5
    endloop
  endfacet
  facet normal -0.0784576 -0.996917 -0
    outer loop
      vertex 73.9425 16.5309 13.5
      vertex 73.7 16.55 12.3
      vertex 73.9425 16.5309 12.3
    endloop
  endfacet
  facet normal 0.972371 -0.233439 0
    outer loop
      vertex 72.1691 15.2425 13.5
      vertex 72.2259 15.479 12.3
      vertex 72.2259 15.479 13.5
    endloop
  endfacet
  facet normal 0.972371 -0.233439 0
    outer loop
      vertex 72.2259 15.479 12.3
      vertex 72.1691 15.2425 13.5
      vertex 72.1691 15.2425 12.3
    endloop
  endfacet
  facet normal 0.996918 -0.0784514 0
    outer loop
      vertex 72.15 15 13.5
      vertex 72.1691 15.2425 12.3
      vertex 72.1691 15.2425 13.5
    endloop
  endfacet
  facet normal 0.996918 -0.0784514 0
    outer loop
      vertex 72.1691 15.2425 12.3
      vertex 72.15 15 13.5
      vertex 72.15 15 12.3
    endloop
  endfacet
  facet normal 0.996918 0.078451 0
    outer loop
      vertex 72.1691 14.7575 13.5
      vertex 72.15 15 12.3
      vertex 72.15 15 13.5
    endloop
  endfacet
  facet normal 0.996918 0.078451 0
    outer loop
      vertex 72.15 15 12.3
      vertex 72.1691 14.7575 13.5
      vertex 72.1691 14.7575 12.3
    endloop
  endfacet
  facet normal 0.382681 -0.92388 0
    outer loop
      vertex 72.9963 16.3811 12.3
      vertex 73.221 16.4741 13.5
      vertex 72.9963 16.3811 13.5
    endloop
  endfacet
  facet normal 0.382681 -0.92388 0
    outer loop
      vertex 73.221 16.4741 13.5
      vertex 72.9963 16.3811 12.3
      vertex 73.221 16.4741 12.3
    endloop
  endfacet
  facet normal -0.382685 0.923879 0
    outer loop
      vertex 74.4037 13.6189 12.3
      vertex 74.179 13.5259 13.5
      vertex 74.4037 13.6189 13.5
    endloop
  endfacet
  facet normal -0.382685 0.923879 0
    outer loop
      vertex 74.179 13.5259 13.5
      vertex 74.4037 13.6189 12.3
      vertex 74.179 13.5259 12.3
    endloop
  endfacet
  facet normal -0.760394 0.649463 0
    outer loop
      vertex 74.796 13.904 12.3
      vertex 74.954 14.0889 13.5
      vertex 74.954 14.0889 12.3
    endloop
  endfacet
  facet normal -0.760394 0.649463 0
    outer loop
      vertex 74.954 14.0889 13.5
      vertex 74.796 13.904 12.3
      vertex 74.796 13.904 13.5
    endloop
  endfacet
  facet normal -0.923878 0.382688 0
    outer loop
      vertex 75.0811 14.2963 12.3
      vertex 75.1741 14.521 13.5
      vertex 75.1741 14.521 12.3
    endloop
  endfacet
  facet normal -0.923878 0.382688 0
    outer loop
      vertex 75.1741 14.521 13.5
      vertex 75.0811 14.2963 12.3
      vertex 75.0811 14.2963 13.5
    endloop
  endfacet
  facet normal 0.382685 0.923879 -0
    outer loop
      vertex 73.221 13.5259 12.3
      vertex 72.9963 13.6189 13.5
      vertex 73.221 13.5259 13.5
    endloop
  endfacet
  facet normal 0.382685 0.923879 0
    outer loop
      vertex 72.9963 13.6189 13.5
      vertex 73.221 13.5259 12.3
      vertex 72.9963 13.6189 12.3
    endloop
  endfacet
  facet normal 0.233443 0.97237 -0
    outer loop
      vertex 73.4575 13.4691 12.3
      vertex 73.221 13.5259 13.5
      vertex 73.4575 13.4691 13.5
    endloop
  endfacet
  facet normal 0.233443 0.97237 0
    outer loop
      vertex 73.221 13.5259 13.5
      vertex 73.4575 13.4691 12.3
      vertex 73.221 13.5259 12.3
    endloop
  endfacet
  facet normal -0.0784576 0.996917 0
    outer loop
      vertex 73.9425 13.4691 12.3
      vertex 73.7 13.45 13.5
      vertex 73.9425 13.4691 13.5
    endloop
  endfacet
  facet normal -0.0784576 0.996917 0
    outer loop
      vertex 73.7 13.45 13.5
      vertex 73.9425 13.4691 12.3
      vertex 73.7 13.45 12.3
    endloop
  endfacet
  facet normal 0.649441 0.760412 -0
    outer loop
      vertex 72.7889 13.746 12.3
      vertex 72.604 13.904 13.5
      vertex 72.7889 13.746 13.5
    endloop
  endfacet
  facet normal 0.649441 0.760412 0
    outer loop
      vertex 72.604 13.904 13.5
      vertex 72.7889 13.746 12.3
      vertex 72.604 13.904 12.3
    endloop
  endfacet
  facet normal 0.923878 0.382688 0
    outer loop
      vertex 72.3189 14.2963 13.5
      vertex 72.2259 14.521 12.3
      vertex 72.2259 14.521 13.5
    endloop
  endfacet
  facet normal 0.923878 0.382688 0
    outer loop
      vertex 72.2259 14.521 12.3
      vertex 72.3189 14.2963 13.5
      vertex 72.3189 14.2963 12.3
    endloop
  endfacet
  facet normal -0.996918 0.078451 0
    outer loop
      vertex 75.2309 14.7575 12.3
      vertex 75.25 15 13.5
      vertex 75.25 15 12.3
    endloop
  endfacet
  facet normal -0.996918 0.078451 0
    outer loop
      vertex 75.25 15 13.5
      vertex 75.2309 14.7575 12.3
      vertex 75.2309 14.7575 13.5
    endloop
  endfacet
  facet normal -0.522498 0.852641 0
    outer loop
      vertex 74.6111 13.746 12.3
      vertex 74.4037 13.6189 13.5
      vertex 74.6111 13.746 13.5
    endloop
  endfacet
  facet normal -0.522498 0.852641 0
    outer loop
      vertex 74.4037 13.6189 13.5
      vertex 74.6111 13.746 12.3
      vertex 74.4037 13.6189 12.3
    endloop
  endfacet
  facet normal 0.0784601 0.996917 -0
    outer loop
      vertex 73.7 13.45 12.3
      vertex 73.4575 13.4691 13.5
      vertex 73.7 13.45 13.5
    endloop
  endfacet
  facet normal 0.0784601 0.996917 0
    outer loop
      vertex 73.4575 13.4691 13.5
      vertex 73.7 13.45 12.3
      vertex 73.4575 13.4691 12.3
    endloop
  endfacet
  facet normal -0.996918 -0.078451 0
    outer loop
      vertex 75.25 43.6 12.3
      vertex 75.2309 43.8425 13.5
      vertex 75.2309 43.8425 12.3
    endloop
  endfacet
  facet normal -0.996918 -0.078451 0
    outer loop
      vertex 75.2309 43.8425 13.5
      vertex 75.25 43.6 12.3
      vertex 75.25 43.6 13.5
    endloop
  endfacet
  facet normal 0.996918 -0.078451 0
    outer loop
      vertex 72.15 43.6 13.5
      vertex 72.1691 43.8425 12.3
      vertex 72.1691 43.8425 13.5
    endloop
  endfacet
  facet normal 0.996918 -0.078451 0
    outer loop
      vertex 72.1691 43.8425 12.3
      vertex 72.15 43.6 13.5
      vertex 72.15 43.6 12.3
    endloop
  endfacet
  facet normal 0.0784679 -0.996917 0
    outer loop
      vertex 73.4575 45.1309 12.3
      vertex 73.7 45.15 13.5
      vertex 73.4575 45.1309 13.5
    endloop
  endfacet
  facet normal 0.0784679 -0.996917 0
    outer loop
      vertex 73.7 45.15 13.5
      vertex 73.4575 45.1309 12.3
      vertex 73.7 45.15 12.3
    endloop
  endfacet
  facet normal -0.0784654 0.996917 0
    outer loop
      vertex 73.9425 42.0691 12.3
      vertex 73.7 42.05 13.5
      vertex 73.9425 42.0691 13.5
    endloop
  endfacet
  facet normal -0.0784654 0.996917 0
    outer loop
      vertex 73.7 42.05 13.5
      vertex 73.9425 42.0691 12.3
      vertex 73.7 42.05 12.3
    endloop
  endfacet
  facet normal -0.649461 -0.760395 0
    outer loop
      vertex 74.6111 44.854 12.3
      vertex 74.796 44.696 13.5
      vertex 74.6111 44.854 13.5
    endloop
  endfacet
  facet normal -0.649461 -0.760395 -0
    outer loop
      vertex 74.796 44.696 13.5
      vertex 74.6111 44.854 12.3
      vertex 74.796 44.696 12.3
    endloop
  endfacet
  facet normal 0.649446 -0.760408 0
    outer loop
      vertex 72.604 44.696 12.3
      vertex 72.7889 44.854 13.5
      vertex 72.604 44.696 13.5
    endloop
  endfacet
  facet normal 0.649446 -0.760408 0
    outer loop
      vertex 72.7889 44.854 13.5
      vertex 72.604 44.696 12.3
      vertex 72.7889 44.854 12.3
    endloop
  endfacet
  facet normal 0.382675 -0.923883 0
    outer loop
      vertex 72.9963 44.9811 12.3
      vertex 73.221 45.0741 13.5
      vertex 72.9963 44.9811 13.5
    endloop
  endfacet
  facet normal 0.382675 -0.923883 0
    outer loop
      vertex 73.221 45.0741 13.5
      vertex 72.9963 44.9811 12.3
      vertex 73.221 45.0741 12.3
    endloop
  endfacet
  facet normal -0.852642 0.522495 0
    outer loop
      vertex 74.954 42.6889 12.3
      vertex 75.0811 42.8963 13.5
      vertex 75.0811 42.8963 12.3
    endloop
  endfacet
  facet normal -0.852642 0.522495 0
    outer loop
      vertex 75.0811 42.8963 13.5
      vertex 74.954 42.6889 12.3
      vertex 74.954 42.6889 13.5
    endloop
  endfacet
  facet normal -0.923878 -0.382688 0
    outer loop
      vertex 75.1741 44.079 12.3
      vertex 75.0811 44.3037 13.5
      vertex 75.0811 44.3037 12.3
    endloop
  endfacet
  facet normal -0.923878 -0.382688 0
    outer loop
      vertex 75.0811 44.3037 13.5
      vertex 75.1741 44.079 12.3
      vertex 75.1741 44.079 13.5
    endloop
  endfacet
  facet normal -0.972371 -0.233439 0
    outer loop
      vertex 75.2309 43.8425 12.3
      vertex 75.1741 44.079 13.5
      vertex 75.1741 44.079 12.3
    endloop
  endfacet
  facet normal -0.972371 -0.233439 0
    outer loop
      vertex 75.1741 44.079 13.5
      vertex 75.2309 43.8425 12.3
      vertex 75.2309 43.8425 13.5
    endloop
  endfacet
  facet normal -0.233454 -0.972368 0
    outer loop
      vertex 73.9425 45.1309 12.3
      vertex 74.179 45.0741 13.5
      vertex 73.9425 45.1309 13.5
    endloop
  endfacet
  facet normal -0.233454 -0.972368 -0
    outer loop
      vertex 74.179 45.0741 13.5
      vertex 73.9425 45.1309 12.3
      vertex 74.179 45.0741 12.3
    endloop
  endfacet
  facet normal -0.0784654 -0.996917 0
    outer loop
      vertex 73.7 45.15 12.3
      vertex 73.9425 45.1309 13.5
      vertex 73.7 45.15 13.5
    endloop
  endfacet
  facet normal -0.0784654 -0.996917 -0
    outer loop
      vertex 73.9425 45.1309 13.5
      vertex 73.7 45.15 12.3
      vertex 73.9425 45.1309 12.3
    endloop
  endfacet
  facet normal -0.522495 -0.852642 0
    outer loop
      vertex 74.4037 44.9811 12.3
      vertex 74.6111 44.854 13.5
      vertex 74.4037 44.9811 13.5
    endloop
  endfacet
  facet normal -0.522495 -0.852642 -0
    outer loop
      vertex 74.6111 44.854 13.5
      vertex 74.4037 44.9811 12.3
      vertex 74.6111 44.854 12.3
    endloop
  endfacet
  facet normal 0.923878 -0.382688 0
    outer loop
      vertex 72.2259 44.079 13.5
      vertex 72.3189 44.3037 12.3
      vertex 72.3189 44.3037 13.5
    endloop
  endfacet
  facet normal 0.923878 -0.382688 0
    outer loop
      vertex 72.3189 44.3037 12.3
      vertex 72.2259 44.079 13.5
      vertex 72.2259 44.079 12.3
    endloop
  endfacet
  facet normal 0.972371 -0.233439 0
    outer loop
      vertex 72.1691 43.8425 13.5
      vertex 72.2259 44.079 12.3
      vertex 72.2259 44.079 13.5
    endloop
  endfacet
  facet normal 0.972371 -0.233439 0
    outer loop
      vertex 72.2259 44.079 12.3
      vertex 72.1691 43.8425 13.5
      vertex 72.1691 43.8425 12.3
    endloop
  endfacet
  facet normal 0.522495 -0.852642 0
    outer loop
      vertex 72.7889 44.854 12.3
      vertex 72.9963 44.9811 13.5
      vertex 72.7889 44.854 13.5
    endloop
  endfacet
  facet normal 0.522495 -0.852642 0
    outer loop
      vertex 72.9963 44.9811 13.5
      vertex 72.7889 44.854 12.3
      vertex 72.9963 44.9811 12.3
    endloop
  endfacet
  facet normal 0.233454 -0.972368 0
    outer loop
      vertex 73.221 45.0741 12.3
      vertex 73.4575 45.1309 13.5
      vertex 73.221 45.0741 13.5
    endloop
  endfacet
  facet normal 0.233454 -0.972368 0
    outer loop
      vertex 73.4575 45.1309 13.5
      vertex 73.221 45.0741 12.3
      vertex 73.4575 45.1309 12.3
    endloop
  endfacet
  facet normal 0.923878 0.382688 0
    outer loop
      vertex 72.3189 42.8963 13.5
      vertex 72.2259 43.121 12.3
      vertex 72.2259 43.121 13.5
    endloop
  endfacet
  facet normal 0.923878 0.382688 0
    outer loop
      vertex 72.2259 43.121 12.3
      vertex 72.3189 42.8963 13.5
      vertex 72.3189 42.8963 12.3
    endloop
  endfacet
  facet normal -0.233439 0.972371 0
    outer loop
      vertex 74.179 42.1259 12.3
      vertex 73.9425 42.0691 13.5
      vertex 74.179 42.1259 13.5
    endloop
  endfacet
  facet normal -0.233439 0.972371 0
    outer loop
      vertex 73.9425 42.0691 13.5
      vertex 74.179 42.1259 12.3
      vertex 73.9425 42.0691 12.3
    endloop
  endfacet
  facet normal -0.760394 -0.649463 0
    outer loop
      vertex 74.954 44.5111 12.3
      vertex 74.796 44.696 13.5
      vertex 74.796 44.696 12.3
    endloop
  endfacet
  facet normal -0.760394 -0.649463 0
    outer loop
      vertex 74.796 44.696 13.5
      vertex 74.954 44.5111 12.3
      vertex 74.954 44.5111 13.5
    endloop
  endfacet
  facet normal -0.852642 -0.522495 0
    outer loop
      vertex 75.0811 44.3037 12.3
      vertex 74.954 44.5111 13.5
      vertex 74.954 44.5111 12.3
    endloop
  endfacet
  facet normal -0.852642 -0.522495 0
    outer loop
      vertex 74.954 44.5111 13.5
      vertex 75.0811 44.3037 12.3
      vertex 75.0811 44.3037 13.5
    endloop
  endfacet
  facet normal -0.382675 -0.923883 0
    outer loop
      vertex 74.179 45.0741 12.3
      vertex 74.4037 44.9811 13.5
      vertex 74.179 45.0741 13.5
    endloop
  endfacet
  facet normal -0.382675 -0.923883 -0
    outer loop
      vertex 74.4037 44.9811 13.5
      vertex 74.179 45.0741 12.3
      vertex 74.4037 44.9811 12.3
    endloop
  endfacet
  facet normal 0.852642 -0.522495 0
    outer loop
      vertex 72.3189 44.3037 13.5
      vertex 72.446 44.5111 12.3
      vertex 72.446 44.5111 13.5
    endloop
  endfacet
  facet normal 0.852642 -0.522495 0
    outer loop
      vertex 72.446 44.5111 12.3
      vertex 72.3189 44.3037 13.5
      vertex 72.3189 44.3037 12.3
    endloop
  endfacet
  facet normal 0.760409 -0.649444 0
    outer loop
      vertex 72.446 44.5111 13.5
      vertex 72.604 44.696 12.3
      vertex 72.604 44.696 13.5
    endloop
  endfacet
  facet normal 0.760409 -0.649444 0
    outer loop
      vertex 72.604 44.696 12.3
      vertex 72.446 44.5111 13.5
      vertex 72.446 44.5111 12.3
    endloop
  endfacet
  facet normal 0.996918 0.078451 0
    outer loop
      vertex 72.1691 43.3575 13.5
      vertex 72.15 43.6 12.3
      vertex 72.15 43.6 13.5
    endloop
  endfacet
  facet normal 0.996918 0.078451 0
    outer loop
      vertex 72.15 43.6 12.3
      vertex 72.1691 43.3575 13.5
      vertex 72.1691 43.3575 12.3
    endloop
  endfacet
  facet normal -0.649452 0.760402 0
    outer loop
      vertex 74.796 42.504 12.3
      vertex 74.6111 42.346 13.5
      vertex 74.796 42.504 13.5
    endloop
  endfacet
  facet normal -0.649452 0.760402 0
    outer loop
      vertex 74.6111 42.346 13.5
      vertex 74.796 42.504 12.3
      vertex 74.6111 42.346 12.3
    endloop
  endfacet
  facet normal -0.923878 0.382688 0
    outer loop
      vertex 75.0811 42.8963 12.3
      vertex 75.1741 43.121 13.5
      vertex 75.1741 43.121 12.3
    endloop
  endfacet
  facet normal -0.923878 0.382688 0
    outer loop
      vertex 75.1741 43.121 13.5
      vertex 75.0811 42.8963 12.3
      vertex 75.0811 42.8963 13.5
    endloop
  endfacet
  facet normal -0.972371 0.233443 0
    outer loop
      vertex 75.1741 43.121 12.3
      vertex 75.2309 43.3575 13.5
      vertex 75.2309 43.3575 12.3
    endloop
  endfacet
  facet normal -0.972371 0.233443 0
    outer loop
      vertex 75.2309 43.3575 13.5
      vertex 75.1741 43.121 12.3
      vertex 75.1741 43.121 13.5
    endloop
  endfacet
  facet normal 0 0 1
    outer loop
      vertex 75.2309 43.8425 12.3
      vertex 75.2309 43.3575 12.3
      vertex 75.25 43.6 12.3
    endloop
  endfacet
  facet normal 0 0 1
    outer loop
      vertex 75.1741 44.079 12.3
      vertex 75.2309 43.3575 12.3
      vertex 75.2309 43.8425 12.3
    endloop
  endfacet
  facet normal 0 0 1
    outer loop
      vertex 75.1741 44.079 12.3
      vertex 75.1741 43.121 12.3
      vertex 75.2309 43.3575 12.3
    endloop
  endfacet
  facet normal 0 0 1
    outer loop
      vertex 75.0811 44.3037 12.3
      vertex 75.1741 43.121 12.3
      vertex 75.1741 44.079 12.3
    endloop
  endfacet
  facet normal 0 0 1
    outer loop
      vertex 75.0811 44.3037 12.3
      vertex 75.0811 42.8963 12.3
      vertex 75.1741 43.121 12.3
    endloop
  endfacet
  facet normal 0 0 1
    outer loop
      vertex 74.954 44.5111 12.3
      vertex 75.0811 42.8963 12.3
      vertex 75.0811 44.3037 12.3
    endloop
  endfacet
  facet normal 0 0 1
    outer loop
      vertex 74.954 44.5111 12.3
      vertex 74.954 42.6889 12.3
      vertex 75.0811 42.8963 12.3
    endloop
  endfacet
  facet normal 0 0 1
    outer loop
      vertex 74.796 44.696 12.3
      vertex 74.954 42.6889 12.3
      vertex 74.954 44.5111 12.3
    endloop
  endfacet
  facet normal 0 0 1
    outer loop
      vertex 74.796 44.696 12.3
      vertex 74.796 42.504 12.3
      vertex 74.954 42.6889 12.3
    endloop
  endfacet
  facet normal 0 0 1
    outer loop
      vertex 74.6111 44.854 12.3
      vertex 74.796 42.504 12.3
      vertex 74.796 44.696 12.3
    endloop
  endfacet
  facet normal 0 0 1
    outer loop
      vertex 74.6111 44.854 12.3
      vertex 74.6111 42.346 12.3
      vertex 74.796 42.504 12.3
    endloop
  endfacet
  facet normal 0 0 1
    outer loop
      vertex 74.4037 44.9811 12.3
      vertex 74.6111 42.346 12.3
      vertex 74.6111 44.854 12.3
    endloop
  endfacet
  facet normal 0 0 1
    outer loop
      vertex 74.4037 44.9811 12.3
      vertex 74.4037 42.2189 12.3
      vertex 74.6111 42.346 12.3
    endloop
  endfacet
  facet normal 0 0 1
    outer loop
      vertex 74.179 45.0741 12.3
      vertex 74.4037 42.2189 12.3
      vertex 74.4037 44.9811 12.3
    endloop
  endfacet
  facet normal 0 0 1
    outer loop
      vertex 74.179 45.0741 12.3
      vertex 74.179 42.1259 12.3
      vertex 74.4037 42.2189 12.3
    endloop
  endfacet
  facet normal 0 0 1
    outer loop
      vertex 73.9425 45.1309 12.3
      vertex 74.179 42.1259 12.3
      vertex 74.179 45.0741 12.3
    endloop
  endfacet
  facet normal 0 0 1
    outer loop
      vertex 73.9425 45.1309 12.3
      vertex 73.9425 42.0691 12.3
      vertex 74.179 42.1259 12.3
    endloop
  endfacet
  facet normal 0 0 1
    outer loop
      vertex 73.7 45.15 12.3
      vertex 73.9425 42.0691 12.3
      vertex 73.9425 45.1309 12.3
    endloop
  endfacet
  facet normal 0 0 1
    outer loop
      vertex 73.7 45.15 12.3
      vertex 73.7 42.05 12.3
      vertex 73.9425 42.0691 12.3
    endloop
  endfacet
  facet normal -0 0 1
    outer loop
      vertex 73.4575 45.1309 12.3
      vertex 73.7 42.05 12.3
      vertex 73.7 45.15 12.3
    endloop
  endfacet
  facet normal 0 0 1
    outer loop
      vertex 73.4575 45.1309 12.3
      vertex 73.4575 42.0691 12.3
      vertex 73.7 42.05 12.3
    endloop
  endfacet
  facet normal -0 0 1
    outer loop
      vertex 73.221 45.0741 12.3
      vertex 73.4575 42.0691 12.3
      vertex 73.4575 45.1309 12.3
    endloop
  endfacet
  facet normal 0 0 1
    outer loop
      vertex 73.221 45.0741 12.3
      vertex 73.221 42.1259 12.3
      vertex 73.4575 42.0691 12.3
    endloop
  endfacet
  facet normal -0 0 1
    outer loop
      vertex 72.9963 44.9811 12.3
      vertex 73.221 42.1259 12.3
      vertex 73.221 45.0741 12.3
    endloop
  endfacet
  facet normal 0 0 1
    outer loop
      vertex 72.9963 44.9811 12.3
      vertex 72.9963 42.2189 12.3
      vertex 73.221 42.1259 12.3
    endloop
  endfacet
  facet normal -0 0 1
    outer loop
      vertex 72.7889 44.854 12.3
      vertex 72.9963 42.2189 12.3
      vertex 72.9963 44.9811 12.3
    endloop
  endfacet
  facet normal 0 0 1
    outer loop
      vertex 72.7889 44.854 12.3
      vertex 72.7889 42.346 12.3
      vertex 72.9963 42.2189 12.3
    endloop
  endfacet
  facet normal -0 0 1
    outer loop
      vertex 72.604 44.696 12.3
      vertex 72.7889 42.346 12.3
      vertex 72.7889 44.854 12.3
    endloop
  endfacet
  facet normal 0 0 1
    outer loop
      vertex 72.604 44.696 12.3
      vertex 72.604 42.504 12.3
      vertex 72.7889 42.346 12.3
    endloop
  endfacet
  facet normal -0 0 1
    outer loop
      vertex 72.446 44.5111 12.3
      vertex 72.604 42.504 12.3
      vertex 72.604 44.696 12.3
    endloop
  endfacet
  facet normal 0 0 1
    outer loop
      vertex 72.446 44.5111 12.3
      vertex 72.446 42.6889 12.3
      vertex 72.604 42.504 12.3
    endloop
  endfacet
  facet normal -0 0 1
    outer loop
      vertex 72.3189 44.3037 12.3
      vertex 72.446 42.6889 12.3
      vertex 72.446 44.5111 12.3
    endloop
  endfacet
  facet normal 0 0 1
    outer loop
      vertex 72.3189 44.3037 12.3
      vertex 72.3189 42.8963 12.3
      vertex 72.446 42.6889 12.3
    endloop
  endfacet
  facet normal -0 0 1
    outer loop
      vertex 72.2259 44.079 12.3
      vertex 72.3189 42.8963 12.3
      vertex 72.3189 44.3037 12.3
    endloop
  endfacet
  facet normal 0 0 1
    outer loop
      vertex 72.2259 44.079 12.3
      vertex 72.2259 43.121 12.3
      vertex 72.3189 42.8963 12.3
    endloop
  endfacet
  facet normal -0 0 1
    outer loop
      vertex 72.1691 43.8425 12.3
      vertex 72.2259 43.121 12.3
      vertex 72.2259 44.079 12.3
    endloop
  endfacet
  facet normal 0 0 1
    outer loop
      vertex 72.1691 43.8425 12.3
      vertex 72.1691 43.3575 12.3
      vertex 72.2259 43.121 12.3
    endloop
  endfacet
  facet normal 0 -0 1
    outer loop
      vertex 72.1691 43.3575 12.3
      vertex 72.1691 43.8425 12.3
      vertex 72.15 43.6 12.3
    endloop
  endfacet
  facet normal -0.522495 0.852642 0
    outer loop
      vertex 74.6111 42.346 12.3
      vertex 74.4037 42.2189 13.5
      vertex 74.6111 42.346 13.5
    endloop
  endfacet
  facet normal -0.522495 0.852642 0
    outer loop
      vertex 74.4037 42.2189 13.5
      vertex 74.6111 42.346 12.3
      vertex 74.4037 42.2189 12.3
    endloop
  endfacet
  facet normal -0.382688 0.923878 0
    outer loop
      vertex 74.4037 42.2189 12.3
      vertex 74.179 42.1259 13.5
      vertex 74.4037 42.2189 13.5
    endloop
  endfacet
  facet normal -0.382688 0.923878 0
    outer loop
      vertex 74.179 42.1259 13.5
      vertex 74.4037 42.2189 12.3
      vertex 74.179 42.1259 12.3
    endloop
  endfacet
  facet normal -0.7604 0.649455 0
    outer loop
      vertex 74.796 42.504 12.3
      vertex 74.954 42.6889 13.5
      vertex 74.954 42.6889 12.3
    endloop
  endfacet
  facet normal -0.7604 0.649455 0
    outer loop
      vertex 74.954 42.6889 13.5
      vertex 74.796 42.504 12.3
      vertex 74.796 42.504 13.5
    endloop
  endfacet
  facet normal -0.996918 0.078451 0
    outer loop
      vertex 75.2309 43.3575 12.3
      vertex 75.25 43.6 13.5
      vertex 75.25 43.6 12.3
    endloop
  endfacet
  facet normal -0.996918 0.078451 0
    outer loop
      vertex 75.25 43.6 13.5
      vertex 75.2309 43.3575 12.3
      vertex 75.2309 43.3575 13.5
    endloop
  endfacet
  facet normal 0.233439 0.972371 -0
    outer loop
      vertex 73.4575 42.0691 12.3
      vertex 73.221 42.1259 13.5
      vertex 73.4575 42.0691 13.5
    endloop
  endfacet
  facet normal 0.233439 0.972371 0
    outer loop
      vertex 73.221 42.1259 13.5
      vertex 73.4575 42.0691 12.3
      vertex 73.221 42.1259 12.3
    endloop
  endfacet
  facet normal 0.0784679 0.996917 -0
    outer loop
      vertex 73.7 42.05 12.3
      vertex 73.4575 42.0691 13.5
      vertex 73.7 42.05 13.5
    endloop
  endfacet
  facet normal 0.0784679 0.996917 0
    outer loop
      vertex 73.4575 42.0691 13.5
      vertex 73.7 42.05 12.3
      vertex 73.4575 42.0691 12.3
    endloop
  endfacet
  facet normal 0.760416 0.649437 0
    outer loop
      vertex 72.604 42.504 13.5
      vertex 72.446 42.6889 12.3
      vertex 72.446 42.6889 13.5
    endloop
  endfacet
  facet normal 0.760416 0.649437 0
    outer loop
      vertex 72.446 42.6889 12.3
      vertex 72.604 42.504 13.5
      vertex 72.604 42.504 12.3
    endloop
  endfacet
  facet normal 0.649437 0.760416 -0
    outer loop
      vertex 72.7889 42.346 12.3
      vertex 72.604 42.504 13.5
      vertex 72.7889 42.346 13.5
    endloop
  endfacet
  facet normal 0.649437 0.760416 0
    outer loop
      vertex 72.604 42.504 13.5
      vertex 72.7889 42.346 12.3
      vertex 72.604 42.504 12.3
    endloop
  endfacet
  facet normal 0.972371 0.233443 0
    outer loop
      vertex 72.2259 43.121 13.5
      vertex 72.1691 43.3575 12.3
      vertex 72.1691 43.3575 13.5
    endloop
  endfacet
  facet normal 0.972371 0.233443 0
    outer loop
      vertex 72.1691 43.3575 12.3
      vertex 72.2259 43.121 13.5
      vertex 72.2259 43.121 12.3
    endloop
  endfacet
  facet normal 0.522495 0.852642 -0
    outer loop
      vertex 72.9963 42.2189 12.3
      vertex 72.7889 42.346 13.5
      vertex 72.9963 42.2189 13.5
    endloop
  endfacet
  facet normal 0.522495 0.852642 0
    outer loop
      vertex 72.7889 42.346 13.5
      vertex 72.9963 42.2189 12.3
      vertex 72.7889 42.346 12.3
    endloop
  endfacet
  facet normal 0.852642 0.522495 0
    outer loop
      vertex 72.446 42.6889 13.5
      vertex 72.3189 42.8963 12.3
      vertex 72.3189 42.8963 13.5
    endloop
  endfacet
  facet normal 0.852642 0.522495 0
    outer loop
      vertex 72.3189 42.8963 12.3
      vertex 72.446 42.6889 13.5
      vertex 72.446 42.6889 12.3
    endloop
  endfacet
  facet normal 0.382688 0.923878 -0
    outer loop
      vertex 73.221 42.1259 12.3
      vertex 72.9963 42.2189 13.5
      vertex 73.221 42.1259 13.5
    endloop
  endfacet
  facet normal 0.382688 0.923878 0
    outer loop
      vertex 72.9963 42.2189 13.5
      vertex 73.221 42.1259 12.3
      vertex 72.9963 42.2189 12.3
    endloop
  endfacet
  facet normal -0.996917 -0.0784584 0
    outer loop
      vertex 14 6.8 18.7
      vertex 13.9717 7.1598 23.7
      vertex 13.9717 7.1598 18.7
    endloop
  endfacet
  facet normal -0.996917 -0.0784584 0
    outer loop
      vertex 13.9717 7.1598 23.7
      vertex 14 6.8 18.7
      vertex 14 6.8 23.7
    endloop
  endfacet
  facet normal 0.996917 -0.0784584 0
    outer loop
      vertex 9.4 6.8 23.7
      vertex 9.42832 7.1598 18.7
      vertex 9.42832 7.1598 23.7
    endloop
  endfacet
  facet normal 0.996917 -0.0784584 0
    outer loop
      vertex 9.42832 7.1598 18.7
      vertex 9.4 6.8 23.7
      vertex 9.4 6.8 18.7
    endloop
  endfacet
  facet normal 0.0784584 -0.996917 0
    outer loop
      vertex 11.3402 9.07168 18.7
      vertex 11.7 9.1 23.7
      vertex 11.3402 9.07168 23.7
    endloop
  endfacet
  facet normal 0.0784584 -0.996917 0
    outer loop
      vertex 11.7 9.1 23.7
      vertex 11.3402 9.07168 18.7
      vertex 11.7 9.1 18.7
    endloop
  endfacet
  facet normal -0.0784584 0.996917 0
    outer loop
      vertex 12.0598 4.52832 18.7
      vertex 11.7 4.5 23.7
      vertex 12.0598 4.52832 23.7
    endloop
  endfacet
  facet normal -0.0784584 0.996917 0
    outer loop
      vertex 11.7 4.5 23.7
      vertex 12.0598 4.52832 18.7
      vertex 11.7 4.5 18.7
    endloop
  endfacet
  facet normal -0.64945 -0.760404 0
    outer loop
      vertex 13.0519 8.66074 18.7
      vertex 13.3263 8.42634 23.7
      vertex 13.0519 8.66074 23.7
    endloop
  endfacet
  facet normal -0.64945 -0.760404 -0
    outer loop
      vertex 13.3263 8.42634 23.7
      vertex 13.0519 8.66074 18.7
      vertex 13.3263 8.42634 18.7
    endloop
  endfacet
  facet normal 0.760404 -0.64945 0
    outer loop
      vertex 9.83926 8.15191 23.7
      vertex 10.0737 8.42634 18.7
      vertex 10.0737 8.42634 23.7
    endloop
  endfacet
  facet normal 0.760404 -0.64945 0
    outer loop
      vertex 10.0737 8.42634 18.7
      vertex 9.83926 8.15191 23.7
      vertex 9.83926 8.15191 18.7
    endloop
  endfacet
  facet normal 0.522498 -0.85264 0
    outer loop
      vertex 10.3481 8.66074 18.7
      vertex 10.6558 8.84931 23.7
      vertex 10.3481 8.66074 23.7
    endloop
  endfacet
  facet normal 0.522498 -0.85264 0
    outer loop
      vertex 10.6558 8.84931 23.7
      vertex 10.3481 8.66074 18.7
      vertex 10.6558 8.84931 18.7
    endloop
  endfacet
  facet normal -0.85264 0.522498 0
    outer loop
      vertex 13.5607 5.44809 18.7
      vertex 13.7493 5.75582 23.7
      vertex 13.7493 5.75582 18.7
    endloop
  endfacet
  facet normal -0.85264 0.522498 0
    outer loop
      vertex 13.7493 5.75582 23.7
      vertex 13.5607 5.44809 18.7
      vertex 13.5607 5.44809 23.7
    endloop
  endfacet
  facet normal -0.85264 -0.522498 0
    outer loop
      vertex 13.7493 7.84418 18.7
      vertex 13.5607 8.15191 23.7
      vertex 13.5607 8.15191 18.7
    endloop
  endfacet
  facet normal -0.85264 -0.522498 0
    outer loop
      vertex 13.5607 8.15191 23.7
      vertex 13.7493 7.84418 18.7
      vertex 13.7493 7.84418 23.7
    endloop
  endfacet
  facet normal -0.760404 -0.64945 0
    outer loop
      vertex 13.5607 8.15191 18.7
      vertex 13.3263 8.42634 23.7
      vertex 13.3263 8.42634 18.7
    endloop
  endfacet
  facet normal -0.760404 -0.64945 0
    outer loop
      vertex 13.3263 8.42634 23.7
      vertex 13.5607 8.15191 18.7
      vertex 13.5607 8.15191 23.7
    endloop
  endfacet
  facet normal -0.233446 -0.97237 0
    outer loop
      vertex 12.0598 9.07168 18.7
      vertex 12.4107 8.98743 23.7
      vertex 12.0598 9.07168 23.7
    endloop
  endfacet
  facet normal -0.233446 -0.97237 -0
    outer loop
      vertex 12.4107 8.98743 23.7
      vertex 12.0598 9.07168 18.7
      vertex 12.4107 8.98743 18.7
    endloop
  endfacet
  facet normal -0.0784584 -0.996917 0
    outer loop
      vertex 11.7 9.1 18.7
      vertex 12.0598 9.07168 23.7
      vertex 11.7 9.1 23.7
    endloop
  endfacet
  facet normal -0.0784584 -0.996917 -0
    outer loop
      vertex 12.0598 9.07168 23.7
      vertex 11.7 9.1 18.7
      vertex 12.0598 9.07168 18.7
    endloop
  endfacet
  facet normal -0.522498 -0.85264 0
    outer loop
      vertex 12.7442 8.84931 18.7
      vertex 13.0519 8.66074 23.7
      vertex 12.7442 8.84931 23.7
    endloop
  endfacet
  facet normal -0.522498 -0.85264 -0
    outer loop
      vertex 13.0519 8.66074 23.7
      vertex 12.7442 8.84931 18.7
      vertex 13.0519 8.66074 18.7
    endloop
  endfacet
  facet normal 0.92388 -0.382683 0
    outer loop
      vertex 9.51257 7.51074 23.7
      vertex 9.65069 7.84418 18.7
      vertex 9.65069 7.84418 23.7
    endloop
  endfacet
  facet normal 0.92388 -0.382683 0
    outer loop
      vertex 9.65069 7.84418 18.7
      vertex 9.51257 7.51074 23.7
      vertex 9.51257 7.51074 18.7
    endloop
  endfacet
  facet normal 0.85264 -0.522498 0
    outer loop
      vertex 9.65069 7.84418 23.7
      vertex 9.83926 8.15191 18.7
      vertex 9.83926 8.15191 23.7
    endloop
  endfacet
  facet normal 0.85264 -0.522498 0
    outer loop
      vertex 9.83926 8.15191 18.7
      vertex 9.65069 7.84418 23.7
      vertex 9.65069 7.84418 18.7
    endloop
  endfacet
  facet normal 0.97237 -0.233446 0
    outer loop
      vertex 9.42832 7.1598 23.7
      vertex 9.51257 7.51074 18.7
      vertex 9.51257 7.51074 23.7
    endloop
  endfacet
  facet normal 0.97237 -0.233446 0
    outer loop
      vertex 9.51257 7.51074 18.7
      vertex 9.42832 7.1598 23.7
      vertex 9.42832 7.1598 18.7
    endloop
  endfacet
  facet normal 0.64945 -0.760404 0
    outer loop
      vertex 10.0737 8.42634 18.7
      vertex 10.3481 8.66074 23.7
      vertex 10.0737 8.42634 23.7
    endloop
  endfacet
  facet normal 0.64945 -0.760404 0
    outer loop
      vertex 10.3481 8.66074 23.7
      vertex 10.0737 8.42634 18.7
      vertex 10.3481 8.66074 18.7
    endloop
  endfacet
  facet normal 0.382683 -0.92388 0
    outer loop
      vertex 10.6558 8.84931 18.7
      vertex 10.9893 8.98743 23.7
      vertex 10.6558 8.84931 23.7
    endloop
  endfacet
  facet normal 0.382683 -0.92388 0
    outer loop
      vertex 10.9893 8.98743 23.7
      vertex 10.6558 8.84931 18.7
      vertex 10.9893 8.98743 18.7
    endloop
  endfacet
  facet normal 0 0 1
    outer loop
      vertex 13.4 6.8 18.7
      vertex 14 6.8 18.7
      vertex 13.9717 7.1598 18.7
    endloop
  endfacet
  facet normal 0 0 1
    outer loop
      vertex 13.3791 7.06594 18.7
      vertex 13.9717 7.1598 18.7
      vertex 13.8874 7.51074 18.7
    endloop
  endfacet
  facet normal 0 0 1
    outer loop
      vertex 14 6.8 18.7
      vertex 13.4 6.8 18.7
      vertex 13.9717 6.4402 18.7
    endloop
  endfacet
  facet normal 0 0 1
    outer loop
      vertex 13.3168 7.32533 18.7
      vertex 13.8874 7.51074 18.7
      vertex 13.7493 7.84418 18.7
    endloop
  endfacet
  facet normal -0 0 1
    outer loop
      vertex 13.3791 6.53406 18.7
      vertex 13.9717 6.4402 18.7
      vertex 13.4 6.8 18.7
    endloop
  endfacet
  facet normal 0 0 1
    outer loop
      vertex 13.2147 7.57178 18.7
      vertex 13.7493 7.84418 18.7
      vertex 13.5607 8.15191 18.7
    endloop
  endfacet
  facet normal 0 0 1
    outer loop
      vertex 13.9717 6.4402 18.7
      vertex 13.3791 6.53406 18.7
      vertex 13.8874 6.08926 18.7
    endloop
  endfacet
  facet normal -0 0 1
    outer loop
      vertex 13.3168 6.27467 18.7
      vertex 13.8874 6.08926 18.7
      vertex 13.3791 6.53406 18.7
    endloop
  endfacet
  facet normal 0 0 1
    outer loop
      vertex 13.9717 7.1598 18.7
      vertex 13.3791 7.06594 18.7
      vertex 13.4 6.8 18.7
    endloop
  endfacet
  facet normal 0 0 1
    outer loop
      vertex 13.0753 7.79923 18.7
      vertex 13.5607 8.15191 18.7
      vertex 13.3263 8.42634 18.7
    endloop
  endfacet
  facet normal 0 0 1
    outer loop
      vertex 13.8874 7.51074 18.7
      vertex 13.3168 7.32533 18.7
      vertex 13.3791 7.06594 18.7
    endloop
  endfacet
  facet normal 0 0 1
    outer loop
      vertex 13.7493 7.84418 18.7
      vertex 13.2147 7.57178 18.7
      vertex 13.3168 7.32533 18.7
    endloop
  endfacet
  facet normal 0 0 1
    outer loop
      vertex 13.5607 8.15191 18.7
      vertex 13.0753 7.79923 18.7
      vertex 13.2147 7.57178 18.7
    endloop
  endfacet
  facet normal 0 0 1
    outer loop
      vertex 12.9021 8.00208 18.7
      vertex 13.3263 8.42634 18.7
      vertex 13.0519 8.66074 18.7
    endloop
  endfacet
  facet normal 0 0 1
    outer loop
      vertex 13.3263 8.42634 18.7
      vertex 12.9021 8.00208 18.7
      vertex 13.0753 7.79923 18.7
    endloop
  endfacet
  facet normal 0 0 1
    outer loop
      vertex 12.6992 8.17533 18.7
      vertex 13.0519 8.66074 18.7
      vertex 12.7442 8.84931 18.7
    endloop
  endfacet
  facet normal 0 0 1
    outer loop
      vertex 13.0519 8.66074 18.7
      vertex 12.6992 8.17533 18.7
      vertex 12.9021 8.00208 18.7
    endloop
  endfacet
  facet normal 0 0 1
    outer loop
      vertex 12.7442 8.84931 18.7
      vertex 12.4718 8.31471 18.7
      vertex 12.6992 8.17533 18.7
    endloop
  endfacet
  facet normal 0 0 1
    outer loop
      vertex 12.4107 8.98743 18.7
      vertex 12.4718 8.31471 18.7
      vertex 12.7442 8.84931 18.7
    endloop
  endfacet
  facet normal 0 0 1
    outer loop
      vertex 12.4107 8.98743 18.7
      vertex 12.2253 8.4168 18.7
      vertex 12.4718 8.31471 18.7
    endloop
  endfacet
  facet normal 0 0 1
    outer loop
      vertex 12.0598 9.07168 18.7
      vertex 12.2253 8.4168 18.7
      vertex 12.4107 8.98743 18.7
    endloop
  endfacet
  facet normal 0 0 1
    outer loop
      vertex 12.0598 9.07168 18.7
      vertex 11.9659 8.47907 18.7
      vertex 12.2253 8.4168 18.7
    endloop
  endfacet
  facet normal 0 0 1
    outer loop
      vertex 11.7 9.1 18.7
      vertex 11.9659 8.47907 18.7
      vertex 12.0598 9.07168 18.7
    endloop
  endfacet
  facet normal 0 0 1
    outer loop
      vertex 11.7 9.1 18.7
      vertex 11.7 8.5 18.7
      vertex 11.9659 8.47907 18.7
    endloop
  endfacet
  facet normal 0 0 1
    outer loop
      vertex 11.7 9.1 18.7
      vertex 11.4341 8.47907 18.7
      vertex 11.7 8.5 18.7
    endloop
  endfacet
  facet normal -0 0 1
    outer loop
      vertex 11.3402 9.07168 18.7
      vertex 11.4341 8.47907 18.7
      vertex 11.7 9.1 18.7
    endloop
  endfacet
  facet normal 0 0 1
    outer loop
      vertex 11.3402 9.07168 18.7
      vertex 11.1747 8.4168 18.7
      vertex 11.4341 8.47907 18.7
    endloop
  endfacet
  facet normal -0 0 1
    outer loop
      vertex 10.9893 8.98743 18.7
      vertex 11.1747 8.4168 18.7
      vertex 11.3402 9.07168 18.7
    endloop
  endfacet
  facet normal 0 0 1
    outer loop
      vertex 10.9893 8.98743 18.7
      vertex 10.9282 8.31471 18.7
      vertex 11.1747 8.4168 18.7
    endloop
  endfacet
  facet normal -0 0 1
    outer loop
      vertex 10.6558 8.84931 18.7
      vertex 10.9282 8.31471 18.7
      vertex 10.9893 8.98743 18.7
    endloop
  endfacet
  facet normal 0 0 1
    outer loop
      vertex 10.9282 8.31471 18.7
      vertex 10.6558 8.84931 18.7
      vertex 10.7008 8.17533 18.7
    endloop
  endfacet
  facet normal -0 0 1
    outer loop
      vertex 10.3481 8.66074 18.7
      vertex 10.7008 8.17533 18.7
      vertex 10.6558 8.84931 18.7
    endloop
  endfacet
  facet normal 0 0 1
    outer loop
      vertex 10.7008 8.17533 18.7
      vertex 10.3481 8.66074 18.7
      vertex 10.4979 8.00208 18.7
    endloop
  endfacet
  facet normal -0 0 1
    outer loop
      vertex 10.0737 8.42634 18.7
      vertex 10.4979 8.00208 18.7
      vertex 10.3481 8.66074 18.7
    endloop
  endfacet
  facet normal 0 0 1
    outer loop
      vertex 10.4979 8.00208 18.7
      vertex 10.0737 8.42634 18.7
      vertex 10.3247 7.79923 18.7
    endloop
  endfacet
  facet normal -0 0 1
    outer loop
      vertex 9.83926 8.15191 18.7
      vertex 10.3247 7.79923 18.7
      vertex 10.0737 8.42634 18.7
    endloop
  endfacet
  facet normal 0 0 1
    outer loop
      vertex 10.3247 7.79923 18.7
      vertex 9.83926 8.15191 18.7
      vertex 10.1853 7.57178 18.7
    endloop
  endfacet
  facet normal -0 0 1
    outer loop
      vertex 9.65069 7.84418 18.7
      vertex 10.1853 7.57178 18.7
      vertex 9.83926 8.15191 18.7
    endloop
  endfacet
  facet normal 0 0 1
    outer loop
      vertex 10.1853 7.57178 18.7
      vertex 9.65069 7.84418 18.7
      vertex 10.0832 7.32533 18.7
    endloop
  endfacet
  facet normal -0 0 1
    outer loop
      vertex 9.51257 7.51074 18.7
      vertex 10.0832 7.32533 18.7
      vertex 9.65069 7.84418 18.7
    endloop
  endfacet
  facet normal 0 0 1
    outer loop
      vertex 13.8874 6.08926 18.7
      vertex 13.3168 6.27467 18.7
      vertex 13.7493 5.75582 18.7
    endloop
  endfacet
  facet normal -0 0 1
    outer loop
      vertex 13.2147 6.02822 18.7
      vertex 13.7493 5.75582 18.7
      vertex 13.3168 6.27467 18.7
    endloop
  endfacet
  facet normal 0 0 1
    outer loop
      vertex 13.7493 5.75582 18.7
      vertex 13.2147 6.02822 18.7
      vertex 13.5607 5.44809 18.7
    endloop
  endfacet
  facet normal -0 0 1
    outer loop
      vertex 13.0753 5.80077 18.7
      vertex 13.5607 5.44809 18.7
      vertex 13.2147 6.02822 18.7
    endloop
  endfacet
  facet normal 0 0 1
    outer loop
      vertex 13.5607 5.44809 18.7
      vertex 13.0753 5.80077 18.7
      vertex 13.3263 5.17366 18.7
    endloop
  endfacet
  facet normal -0 0 1
    outer loop
      vertex 12.9021 5.59792 18.7
      vertex 13.3263 5.17366 18.7
      vertex 13.0753 5.80077 18.7
    endloop
  endfacet
  facet normal 0 0 1
    outer loop
      vertex 13.3263 5.17366 18.7
      vertex 12.9021 5.59792 18.7
      vertex 13.0519 4.93926 18.7
    endloop
  endfacet
  facet normal -0 0 1
    outer loop
      vertex 12.6992 5.42467 18.7
      vertex 13.0519 4.93926 18.7
      vertex 12.9021 5.59792 18.7
    endloop
  endfacet
  facet normal 0 0 1
    outer loop
      vertex 13.0519 4.93926 18.7
      vertex 12.6992 5.42467 18.7
      vertex 12.7442 4.75069 18.7
    endloop
  endfacet
  facet normal -0 0 1
    outer loop
      vertex 12.4718 5.28529 18.7
      vertex 12.7442 4.75069 18.7
      vertex 12.6992 5.42467 18.7
    endloop
  endfacet
  facet normal 0 0 1
    outer loop
      vertex 12.4718 5.28529 18.7
      vertex 12.4107 4.61257 18.7
      vertex 12.7442 4.75069 18.7
    endloop
  endfacet
  facet normal -0 0 1
    outer loop
      vertex 12.2253 5.1832 18.7
      vertex 12.4107 4.61257 18.7
      vertex 12.4718 5.28529 18.7
    endloop
  endfacet
  facet normal 0 0 1
    outer loop
      vertex 12.2253 5.1832 18.7
      vertex 12.0598 4.52832 18.7
      vertex 12.4107 4.61257 18.7
    endloop
  endfacet
  facet normal -0 0 1
    outer loop
      vertex 11.9659 5.12093 18.7
      vertex 12.0598 4.52832 18.7
      vertex 12.2253 5.1832 18.7
    endloop
  endfacet
  facet normal -0 0 1
    outer loop
      vertex 11.7 5.1 18.7
      vertex 12.0598 4.52832 18.7
      vertex 11.9659 5.12093 18.7
    endloop
  endfacet
  facet normal 0 0 1
    outer loop
      vertex 11.7 5.1 18.7
      vertex 11.7 4.5 18.7
      vertex 12.0598 4.52832 18.7
    endloop
  endfacet
  facet normal 0 0 1
    outer loop
      vertex 11.4341 5.12093 18.7
      vertex 11.7 4.5 18.7
      vertex 11.7 5.1 18.7
    endloop
  endfacet
  facet normal 0 0 1
    outer loop
      vertex 11.4341 5.12093 18.7
      vertex 11.3402 4.52832 18.7
      vertex 11.7 4.5 18.7
    endloop
  endfacet
  facet normal 0 0 1
    outer loop
      vertex 11.1747 5.1832 18.7
      vertex 11.3402 4.52832 18.7
      vertex 11.4341 5.12093 18.7
    endloop
  endfacet
  facet normal 0 0 1
    outer loop
      vertex 11.1747 5.1832 18.7
      vertex 10.9893 4.61257 18.7
      vertex 11.3402 4.52832 18.7
    endloop
  endfacet
  facet normal 0 0 1
    outer loop
      vertex 10.9282 5.28529 18.7
      vertex 10.9893 4.61257 18.7
      vertex 11.1747 5.1832 18.7
    endloop
  endfacet
  facet normal 0 0 1
    outer loop
      vertex 10.6558 4.75069 18.7
      vertex 10.9282 5.28529 18.7
      vertex 10.7008 5.42467 18.7
    endloop
  endfacet
  facet normal 0 0 1
    outer loop
      vertex 10.9282 5.28529 18.7
      vertex 10.6558 4.75069 18.7
      vertex 10.9893 4.61257 18.7
    endloop
  endfacet
  facet normal 0 0 1
    outer loop
      vertex 10.3481 4.93926 18.7
      vertex 10.7008 5.42467 18.7
      vertex 10.4979 5.59792 18.7
    endloop
  endfacet
  facet normal 0 0 1
    outer loop
      vertex 10.7008 5.42467 18.7
      vertex 10.3481 4.93926 18.7
      vertex 10.6558 4.75069 18.7
    endloop
  endfacet
  facet normal 0 0 1
    outer loop
      vertex 10.0737 5.17366 18.7
      vertex 10.4979 5.59792 18.7
      vertex 10.3247 5.80077 18.7
    endloop
  endfacet
  facet normal 0 0 1
    outer loop
      vertex 9.83926 5.44809 18.7
      vertex 10.3247 5.80077 18.7
      vertex 10.1853 6.02822 18.7
    endloop
  endfacet
  facet normal 0 0 1
    outer loop
      vertex 9.65069 5.75582 18.7
      vertex 10.1853 6.02822 18.7
      vertex 10.0832 6.27467 18.7
    endloop
  endfacet
  facet normal 0 0 1
    outer loop
      vertex 10.4979 5.59792 18.7
      vertex 10.0737 5.17366 18.7
      vertex 10.3481 4.93926 18.7
    endloop
  endfacet
  facet normal 0 0 1
    outer loop
      vertex 9.51257 6.08926 18.7
      vertex 10.0832 6.27467 18.7
      vertex 10.0209 6.53406 18.7
    endloop
  endfacet
  facet normal 0 0 1
    outer loop
      vertex 9.42832 6.4402 18.7
      vertex 10.0209 6.53406 18.7
      vertex 10 6.8 18.7
    endloop
  endfacet
  facet normal 0 0 1
    outer loop
      vertex 10.0832 7.32533 18.7
      vertex 9.51257 7.51074 18.7
      vertex 10.0209 7.06594 18.7
    endloop
  endfacet
  facet normal 0 0 1
    outer loop
      vertex 10.3247 5.80077 18.7
      vertex 9.83926 5.44809 18.7
      vertex 10.0737 5.17366 18.7
    endloop
  endfacet
  facet normal -0 0 1
    outer loop
      vertex 9.42832 7.1598 18.7
      vertex 10.0209 7.06594 18.7
      vertex 9.51257 7.51074 18.7
    endloop
  endfacet
  facet normal 0 0 1
    outer loop
      vertex 10.1853 6.02822 18.7
      vertex 9.65069 5.75582 18.7
      vertex 9.83926 5.44809 18.7
    endloop
  endfacet
  facet normal 0 0 1
    outer loop
      vertex 10.0209 7.06594 18.7
      vertex 9.42832 7.1598 18.7
      vertex 10 6.8 18.7
    endloop
  endfacet
  facet normal 0 0 1
    outer loop
      vertex 10.0832 6.27467 18.7
      vertex 9.51257 6.08926 18.7
      vertex 9.65069 5.75582 18.7
    endloop
  endfacet
  facet normal 0 0 1
    outer loop
      vertex 9.4 6.8 18.7
      vertex 10 6.8 18.7
      vertex 9.42832 7.1598 18.7
    endloop
  endfacet
  facet normal 0 0 1
    outer loop
      vertex 10.0209 6.53406 18.7
      vertex 9.42832 6.4402 18.7
      vertex 9.51257 6.08926 18.7
    endloop
  endfacet
  facet normal 0 0 1
    outer loop
      vertex 10 6.8 18.7
      vertex 9.4 6.8 18.7
      vertex 9.42832 6.4402 18.7
    endloop
  endfacet
  facet normal -0.233446 0.97237 0
    outer loop
      vertex 12.4107 4.61257 18.7
      vertex 12.0598 4.52832 23.7
      vertex 12.4107 4.61257 23.7
    endloop
  endfacet
  facet normal -0.233446 0.97237 0
    outer loop
      vertex 12.0598 4.52832 23.7
      vertex 12.4107 4.61257 18.7
      vertex 12.0598 4.52832 18.7
    endloop
  endfacet
  facet normal -0.92388 -0.382683 0
    outer loop
      vertex 13.8874 7.51074 18.7
      vertex 13.7493 7.84418 23.7
      vertex 13.7493 7.84418 18.7
    endloop
  endfacet
  facet normal -0.92388 -0.382683 0
    outer loop
      vertex 13.7493 7.84418 23.7
      vertex 13.8874 7.51074 18.7
      vertex 13.8874 7.51074 23.7
    endloop
  endfacet
  facet normal -0.97237 -0.233446 0
    outer loop
      vertex 13.9717 7.1598 18.7
      vertex 13.8874 7.51074 23.7
      vertex 13.8874 7.51074 18.7
    endloop
  endfacet
  facet normal -0.97237 -0.233446 0
    outer loop
      vertex 13.8874 7.51074 23.7
      vertex 13.9717 7.1598 18.7
      vertex 13.9717 7.1598 23.7
    endloop
  endfacet
  facet normal -0.382683 -0.92388 0
    outer loop
      vertex 12.4107 8.98743 18.7
      vertex 12.7442 8.84931 23.7
      vertex 12.4107 8.98743 23.7
    endloop
  endfacet
  facet normal -0.382683 -0.92388 -0
    outer loop
      vertex 12.7442 8.84931 23.7
      vertex 12.4107 8.98743 18.7
      vertex 12.7442 8.84931 18.7
    endloop
  endfacet
  facet normal 0.233446 -0.97237 0
    outer loop
      vertex 10.9893 8.98743 18.7
      vertex 11.3402 9.07168 23.7
      vertex 10.9893 8.98743 23.7
    endloop
  endfacet
  facet normal 0.233446 -0.97237 0
    outer loop
      vertex 11.3402 9.07168 23.7
      vertex 10.9893 8.98743 18.7
      vertex 11.3402 9.07168 18.7
    endloop
  endfacet
  facet normal -0.996917 0.0784584 0
    outer loop
      vertex 13.9717 6.4402 18.7
      vertex 14 6.8 23.7
      vertex 14 6.8 18.7
    endloop
  endfacet
  facet normal -0.996917 0.0784584 0
    outer loop
      vertex 14 6.8 23.7
      vertex 13.9717 6.4402 18.7
      vertex 13.9717 6.4402 23.7
    endloop
  endfacet
  facet normal 0.85264 0.522498 0
    outer loop
      vertex 9.83926 5.44809 23.7
      vertex 9.65069 5.75582 18.7
      vertex 9.65069 5.75582 23.7
    endloop
  endfacet
  facet normal 0.85264 0.522498 0
    outer loop
      vertex 9.65069 5.75582 18.7
      vertex 9.83926 5.44809 23.7
      vertex 9.83926 5.44809 18.7
    endloop
  endfacet
  facet normal 0.996917 0.0784584 0
    outer loop
      vertex 9.42832 6.4402 23.7
      vertex 9.4 6.8 18.7
      vertex 9.4 6.8 23.7
    endloop
  endfacet
  facet normal 0.996917 0.0784584 0
    outer loop
      vertex 9.4 6.8 18.7
      vertex 9.42832 6.4402 23.7
      vertex 9.42832 6.4402 18.7
    endloop
  endfacet
  facet normal -0.64945 0.760404 0
    outer loop
      vertex 13.3263 5.17366 18.7
      vertex 13.0519 4.93926 23.7
      vertex 13.3263 5.17366 23.7
    endloop
  endfacet
  facet normal -0.64945 0.760404 0
    outer loop
      vertex 13.0519 4.93926 23.7
      vertex 13.3263 5.17366 18.7
      vertex 13.0519 4.93926 18.7
    endloop
  endfacet
  facet normal -0.92388 0.382683 0
    outer loop
      vertex 13.7493 5.75582 18.7
      vertex 13.8874 6.08926 23.7
      vertex 13.8874 6.08926 18.7
    endloop
  endfacet
  facet normal -0.92388 0.382683 0
    outer loop
      vertex 13.8874 6.08926 23.7
      vertex 13.7493 5.75582 18.7
      vertex 13.7493 5.75582 23.7
    endloop
  endfacet
  facet normal 0.522498 0.85264 -0
    outer loop
      vertex 10.6558 4.75069 18.7
      vertex 10.3481 4.93926 23.7
      vertex 10.6558 4.75069 23.7
    endloop
  endfacet
  facet normal 0.522498 0.85264 0
    outer loop
      vertex 10.3481 4.93926 23.7
      vertex 10.6558 4.75069 18.7
      vertex 10.3481 4.93926 18.7
    endloop
  endfacet
  facet normal 0.0784584 0.996917 -0
    outer loop
      vertex 11.7 4.5 18.7
      vertex 11.3402 4.52832 23.7
      vertex 11.7 4.5 23.7
    endloop
  endfacet
  facet normal 0.0784584 0.996917 0
    outer loop
      vertex 11.3402 4.52832 23.7
      vertex 11.7 4.5 18.7
      vertex 11.3402 4.52832 18.7
    endloop
  endfacet
  facet normal 0.97237 0.233446 0
    outer loop
      vertex 9.51257 6.08926 23.7
      vertex 9.42832 6.4402 18.7
      vertex 9.42832 6.4402 23.7
    endloop
  endfacet
  facet normal 0.97237 0.233446 0
    outer loop
      vertex 9.42832 6.4402 18.7
      vertex 9.51257 6.08926 23.7
      vertex 9.51257 6.08926 18.7
    endloop
  endfacet
  facet normal 0.92388 0.382683 0
    outer loop
      vertex 9.65069 5.75582 23.7
      vertex 9.51257 6.08926 18.7
      vertex 9.51257 6.08926 23.7
    endloop
  endfacet
  facet normal 0.92388 0.382683 0
    outer loop
      vertex 9.51257 6.08926 18.7
      vertex 9.65069 5.75582 23.7
      vertex 9.65069 5.75582 18.7
    endloop
  endfacet
  facet normal -0.760404 0.64945 0
    outer loop
      vertex 13.3263 5.17366 18.7
      vertex 13.5607 5.44809 23.7
      vertex 13.5607 5.44809 18.7
    endloop
  endfacet
  facet normal -0.760404 0.64945 0
    outer loop
      vertex 13.5607 5.44809 23.7
      vertex 13.3263 5.17366 18.7
      vertex 13.3263 5.17366 23.7
    endloop
  endfacet
  facet normal -0.522498 0.85264 0
    outer loop
      vertex 13.0519 4.93926 18.7
      vertex 12.7442 4.75069 23.7
      vertex 13.0519 4.93926 23.7
    endloop
  endfacet
  facet normal -0.522498 0.85264 0
    outer loop
      vertex 12.7442 4.75069 23.7
      vertex 13.0519 4.93926 18.7
      vertex 12.7442 4.75069 18.7
    endloop
  endfacet
  facet normal -0.382683 0.92388 0
    outer loop
      vertex 12.7442 4.75069 18.7
      vertex 12.4107 4.61257 23.7
      vertex 12.7442 4.75069 23.7
    endloop
  endfacet
  facet normal -0.382683 0.92388 0
    outer loop
      vertex 12.4107 4.61257 23.7
      vertex 12.7442 4.75069 18.7
      vertex 12.4107 4.61257 18.7
    endloop
  endfacet
  facet normal -0.97237 0.233446 0
    outer loop
      vertex 13.8874 6.08926 18.7
      vertex 13.9717 6.4402 23.7
      vertex 13.9717 6.4402 18.7
    endloop
  endfacet
  facet normal -0.97237 0.233446 0
    outer loop
      vertex 13.9717 6.4402 23.7
      vertex 13.8874 6.08926 18.7
      vertex 13.8874 6.08926 23.7
    endloop
  endfacet
  facet normal 0.382683 0.92388 -0
    outer loop
      vertex 10.9893 4.61257 18.7
      vertex 10.6558 4.75069 23.7
      vertex 10.9893 4.61257 23.7
    endloop
  endfacet
  facet normal 0.382683 0.92388 0
    outer loop
      vertex 10.6558 4.75069 23.7
      vertex 10.9893 4.61257 18.7
      vertex 10.6558 4.75069 18.7
    endloop
  endfacet
  facet normal 0.760404 0.64945 0
    outer loop
      vertex 10.0737 5.17366 23.7
      vertex 9.83926 5.44809 18.7
      vertex 9.83926 5.44809 23.7
    endloop
  endfacet
  facet normal 0.760404 0.64945 0
    outer loop
      vertex 9.83926 5.44809 18.7
      vertex 10.0737 5.17366 23.7
      vertex 10.0737 5.17366 18.7
    endloop
  endfacet
  facet normal 0.64945 0.760404 -0
    outer loop
      vertex 10.3481 4.93926 18.7
      vertex 10.0737 5.17366 23.7
      vertex 10.3481 4.93926 23.7
    endloop
  endfacet
  facet normal 0.64945 0.760404 0
    outer loop
      vertex 10.0737 5.17366 23.7
      vertex 10.3481 4.93926 18.7
      vertex 10.0737 5.17366 18.7
    endloop
  endfacet
  facet normal 0.233446 0.97237 -0
    outer loop
      vertex 11.3402 4.52832 18.7
      vertex 10.9893 4.61257 23.7
      vertex 11.3402 4.52832 23.7
    endloop
  endfacet
  facet normal 0.233446 0.97237 0
    outer loop
      vertex 10.9893 4.61257 23.7
      vertex 11.3402 4.52832 18.7
      vertex 10.9893 4.61257 18.7
    endloop
  endfacet
  facet normal -0.996917 -0.0784611 0
    outer loop
      vertex 13.4 6.8 17.5
      vertex 13.3791 7.06594 18.7
      vertex 13.3791 7.06594 17.5
    endloop
  endfacet
  facet normal -0.996917 -0.0784611 0
    outer loop
      vertex 13.3791 7.06594 18.7
      vertex 13.4 6.8 17.5
      vertex 13.4 6.8 18.7
    endloop
  endfacet
  facet normal 0.996917 -0.0784611 0
    outer loop
      vertex 10 6.8 18.7
      vertex 10.0209 7.06594 17.5
      vertex 10.0209 7.06594 18.7
    endloop
  endfacet
  facet normal 0.996917 -0.0784611 0
    outer loop
      vertex 10.0209 7.06594 17.5
      vertex 10 6.8 18.7
      vertex 10 6.8 17.5
    endloop
  endfacet
  facet normal -0.0784611 -0.996917 0
    outer loop
      vertex 11.7 8.5 17.5
      vertex 11.9659 8.47907 18.7
      vertex 11.7 8.5 18.7
    endloop
  endfacet
  facet normal -0.0784611 -0.996917 -0
    outer loop
      vertex 11.9659 8.47907 18.7
      vertex 11.7 8.5 17.5
      vertex 11.9659 8.47907 17.5
    endloop
  endfacet
  facet normal -0.760406 -0.649448 0
    outer loop
      vertex 13.0753 7.79923 17.5
      vertex 12.9021 8.00208 18.7
      vertex 12.9021 8.00208 17.5
    endloop
  endfacet
  facet normal -0.760406 -0.649448 0
    outer loop
      vertex 12.9021 8.00208 18.7
      vertex 13.0753 7.79923 17.5
      vertex 13.0753 7.79923 18.7
    endloop
  endfacet
  facet normal 0.649448 -0.760406 0
    outer loop
      vertex 10.4979 8.00208 17.5
      vertex 10.7008 8.17533 18.7
      vertex 10.4979 8.00208 18.7
    endloop
  endfacet
  facet normal 0.649448 -0.760406 0
    outer loop
      vertex 10.7008 8.17533 18.7
      vertex 10.4979 8.00208 17.5
      vertex 10.7008 8.17533 17.5
    endloop
  endfacet
  facet normal 0.382684 -0.923879 0
    outer loop
      vertex 10.9282 8.31471 17.5
      vertex 11.1747 8.4168 18.7
      vertex 10.9282 8.31471 18.7
    endloop
  endfacet
  facet normal 0.382684 -0.923879 0
    outer loop
      vertex 11.1747 8.4168 18.7
      vertex 10.9282 8.31471 17.5
      vertex 11.1747 8.4168 17.5
    endloop
  endfacet
  facet normal -0.852639 0.5225 0
    outer loop
      vertex 13.0753 5.80077 17.5
      vertex 13.2147 6.02822 18.7
      vertex 13.2147 6.02822 17.5
    endloop
  endfacet
  facet normal -0.852639 0.5225 0
    outer loop
      vertex 13.2147 6.02822 18.7
      vertex 13.0753 5.80077 17.5
      vertex 13.0753 5.80077 18.7
    endloop
  endfacet
  facet normal 0.760406 0.649448 0
    outer loop
      vertex 10.4979 5.59792 18.7
      vertex 10.3247 5.80077 17.5
      vertex 10.3247 5.80077 18.7
    endloop
  endfacet
  facet normal 0.760406 0.649448 0
    outer loop
      vertex 10.3247 5.80077 17.5
      vertex 10.4979 5.59792 18.7
      vertex 10.4979 5.59792 17.5
    endloop
  endfacet
  facet normal -0.923879 -0.382684 0
    outer loop
      vertex 13.3168 7.32533 17.5
      vertex 13.2147 7.57178 18.7
      vertex 13.2147 7.57178 17.5
    endloop
  endfacet
  facet normal -0.923879 -0.382684 0
    outer loop
      vertex 13.2147 7.57178 18.7
      vertex 13.3168 7.32533 17.5
      vertex 13.3168 7.32533 18.7
    endloop
  endfacet
  facet normal -0.97237 -0.233444 0
    outer loop
      vertex 13.3791 7.06594 17.5
      vertex 13.3168 7.32533 18.7
      vertex 13.3168 7.32533 17.5
    endloop
  endfacet
  facet normal -0.97237 -0.233444 0
    outer loop
      vertex 13.3168 7.32533 18.7
      vertex 13.3791 7.06594 17.5
      vertex 13.3791 7.06594 18.7
    endloop
  endfacet
  facet normal -0.852639 -0.5225 0
    outer loop
      vertex 13.2147 7.57178 17.5
      vertex 13.0753 7.79923 18.7
      vertex 13.0753 7.79923 17.5
    endloop
  endfacet
  facet normal -0.852639 -0.5225 0
    outer loop
      vertex 13.0753 7.79923 18.7
      vertex 13.2147 7.57178 17.5
      vertex 13.2147 7.57178 18.7
    endloop
  endfacet
  facet normal -0.5225 -0.852639 0
    outer loop
      vertex 12.4718 8.31471 17.5
      vertex 12.6992 8.17533 18.7
      vertex 12.4718 8.31471 18.7
    endloop
  endfacet
  facet normal -0.5225 -0.852639 -0
    outer loop
      vertex 12.6992 8.17533 18.7
      vertex 12.4718 8.31471 17.5
      vertex 12.6992 8.17533 17.5
    endloop
  endfacet
  facet normal -0.382684 -0.923879 0
    outer loop
      vertex 12.2253 8.4168 17.5
      vertex 12.4718 8.31471 18.7
      vertex 12.2253 8.4168 18.7
    endloop
  endfacet
  facet normal -0.382684 -0.923879 -0
    outer loop
      vertex 12.4718 8.31471 18.7
      vertex 12.2253 8.4168 17.5
      vertex 12.4718 8.31471 17.5
    endloop
  endfacet
  facet normal -0.649448 -0.760406 0
    outer loop
      vertex 12.6992 8.17533 17.5
      vertex 12.9021 8.00208 18.7
      vertex 12.6992 8.17533 18.7
    endloop
  endfacet
  facet normal -0.649448 -0.760406 -0
    outer loop
      vertex 12.9021 8.00208 18.7
      vertex 12.6992 8.17533 17.5
      vertex 12.9021 8.00208 17.5
    endloop
  endfacet
  facet normal 0.852639 -0.5225 0
    outer loop
      vertex 10.1853 7.57178 18.7
      vertex 10.3247 7.79923 17.5
      vertex 10.3247 7.79923 18.7
    endloop
  endfacet
  facet normal 0.852639 -0.5225 0
    outer loop
      vertex 10.3247 7.79923 17.5
      vertex 10.1853 7.57178 18.7
      vertex 10.1853 7.57178 17.5
    endloop
  endfacet
  facet normal 0.760406 -0.649448 0
    outer loop
      vertex 10.3247 7.79923 18.7
      vertex 10.4979 8.00208 17.5
      vertex 10.4979 8.00208 18.7
    endloop
  endfacet
  facet normal 0.760406 -0.649448 0
    outer loop
      vertex 10.4979 8.00208 17.5
      vertex 10.3247 7.79923 18.7
      vertex 10.3247 7.79923 17.5
    endloop
  endfacet
  facet normal 0.923879 -0.382684 0
    outer loop
      vertex 10.0832 7.32533 18.7
      vertex 10.1853 7.57178 17.5
      vertex 10.1853 7.57178 18.7
    endloop
  endfacet
  facet normal 0.923879 -0.382684 0
    outer loop
      vertex 10.1853 7.57178 17.5
      vertex 10.0832 7.32533 18.7
      vertex 10.0832 7.32533 17.5
    endloop
  endfacet
  facet normal 0.5225 -0.852639 0
    outer loop
      vertex 10.7008 8.17533 17.5
      vertex 10.9282 8.31471 18.7
      vertex 10.7008 8.17533 18.7
    endloop
  endfacet
  facet normal 0.5225 -0.852639 0
    outer loop
      vertex 10.9282 8.31471 18.7
      vertex 10.7008 8.17533 17.5
      vertex 10.9282 8.31471 17.5
    endloop
  endfacet
  facet normal 0.0784611 -0.996917 0
    outer loop
      vertex 11.4341 8.47907 17.5
      vertex 11.7 8.5 18.7
      vertex 11.4341 8.47907 18.7
    endloop
  endfacet
  facet normal 0.0784611 -0.996917 0
    outer loop
      vertex 11.7 8.5 18.7
      vertex 11.4341 8.47907 17.5
      vertex 11.7 8.5 17.5
    endloop
  endfacet
  facet normal -0.996917 0.0784611 0
    outer loop
      vertex 13.3791 6.53406 17.5
      vertex 13.4 6.8 18.7
      vertex 13.4 6.8 17.5
    endloop
  endfacet
  facet normal -0.996917 0.0784611 0
    outer loop
      vertex 13.4 6.8 18.7
      vertex 13.3791 6.53406 17.5
      vertex 13.3791 6.53406 18.7
    endloop
  endfacet
  facet normal 0.649448 0.760406 -0
    outer loop
      vertex 10.7008 5.42467 17.5
      vertex 10.4979 5.59792 18.7
      vertex 10.7008 5.42467 18.7
    endloop
  endfacet
  facet normal 0.649448 0.760406 0
    outer loop
      vertex 10.4979 5.59792 18.7
      vertex 10.7008 5.42467 17.5
      vertex 10.4979 5.59792 17.5
    endloop
  endfacet
  facet normal 0.382684 0.923879 -0
    outer loop
      vertex 11.1747 5.1832 17.5
      vertex 10.9282 5.28529 18.7
      vertex 11.1747 5.1832 18.7
    endloop
  endfacet
  facet normal 0.382684 0.923879 0
    outer loop
      vertex 10.9282 5.28529 18.7
      vertex 11.1747 5.1832 17.5
      vertex 10.9282 5.28529 17.5
    endloop
  endfacet
  facet normal 0.97237 0.233444 0
    outer loop
      vertex 10.0832 6.27467 18.7
      vertex 10.0209 6.53406 17.5
      vertex 10.0209 6.53406 18.7
    endloop
  endfacet
  facet normal 0.97237 0.233444 0
    outer loop
      vertex 10.0209 6.53406 17.5
      vertex 10.0832 6.27467 18.7
      vertex 10.0832 6.27467 17.5
    endloop
  endfacet
  facet normal 0.852639 0.5225 0
    outer loop
      vertex 10.3247 5.80077 18.7
      vertex 10.1853 6.02822 17.5
      vertex 10.1853 6.02822 18.7
    endloop
  endfacet
  facet normal 0.852639 0.5225 0
    outer loop
      vertex 10.1853 6.02822 17.5
      vertex 10.3247 5.80077 18.7
      vertex 10.3247 5.80077 17.5
    endloop
  endfacet
  facet normal 0.923879 0.382684 0
    outer loop
      vertex 10.1853 6.02822 18.7
      vertex 10.0832 6.27467 17.5
      vertex 10.0832 6.27467 18.7
    endloop
  endfacet
  facet normal 0.923879 0.382684 0
    outer loop
      vertex 10.0832 6.27467 17.5
      vertex 10.1853 6.02822 18.7
      vertex 10.1853 6.02822 17.5
    endloop
  endfacet
  facet normal 0.233444 -0.97237 0
    outer loop
      vertex 11.1747 8.4168 17.5
      vertex 11.4341 8.47907 18.7
      vertex 11.1747 8.4168 18.7
    endloop
  endfacet
  facet normal 0.233444 -0.97237 0
    outer loop
      vertex 11.4341 8.47907 18.7
      vertex 11.1747 8.4168 17.5
      vertex 11.4341 8.47907 17.5
    endloop
  endfacet
  facet normal -0.382684 0.923879 0
    outer loop
      vertex 12.4718 5.28529 17.5
      vertex 12.2253 5.1832 18.7
      vertex 12.4718 5.28529 18.7
    endloop
  endfacet
  facet normal -0.382684 0.923879 0
    outer loop
      vertex 12.2253 5.1832 18.7
      vertex 12.4718 5.28529 17.5
      vertex 12.2253 5.1832 17.5
    endloop
  endfacet
  facet normal -0.0784611 0.996917 0
    outer loop
      vertex 11.9659 5.12093 17.5
      vertex 11.7 5.1 18.7
      vertex 11.9659 5.12093 18.7
    endloop
  endfacet
  facet normal -0.0784611 0.996917 0
    outer loop
      vertex 11.7 5.1 18.7
      vertex 11.9659 5.12093 17.5
      vertex 11.7 5.1 17.5
    endloop
  endfacet
  facet normal -0.233444 0.97237 0
    outer loop
      vertex 12.2253 5.1832 17.5
      vertex 11.9659 5.12093 18.7
      vertex 12.2253 5.1832 18.7
    endloop
  endfacet
  facet normal -0.233444 0.97237 0
    outer loop
      vertex 11.9659 5.12093 18.7
      vertex 12.2253 5.1832 17.5
      vertex 11.9659 5.12093 17.5
    endloop
  endfacet
  facet normal -0.5225 0.852639 0
    outer loop
      vertex 12.6992 5.42467 17.5
      vertex 12.4718 5.28529 18.7
      vertex 12.6992 5.42467 18.7
    endloop
  endfacet
  facet normal -0.5225 0.852639 0
    outer loop
      vertex 12.4718 5.28529 18.7
      vertex 12.6992 5.42467 17.5
      vertex 12.4718 5.28529 17.5
    endloop
  endfacet
  facet normal -0.760406 0.649448 0
    outer loop
      vertex 12.9021 5.59792 17.5
      vertex 13.0753 5.80077 18.7
      vertex 13.0753 5.80077 17.5
    endloop
  endfacet
  facet normal -0.760406 0.649448 0
    outer loop
      vertex 13.0753 5.80077 18.7
      vertex 12.9021 5.59792 17.5
      vertex 12.9021 5.59792 18.7
    endloop
  endfacet
  facet normal -0.649448 0.760406 0
    outer loop
      vertex 12.9021 5.59792 17.5
      vertex 12.6992 5.42467 18.7
      vertex 12.9021 5.59792 18.7
    endloop
  endfacet
  facet normal -0.649448 0.760406 0
    outer loop
      vertex 12.6992 5.42467 18.7
      vertex 12.9021 5.59792 17.5
      vertex 12.6992 5.42467 17.5
    endloop
  endfacet
  facet normal -0.923879 0.382684 0
    outer loop
      vertex 13.2147 6.02822 17.5
      vertex 13.3168 6.27467 18.7
      vertex 13.3168 6.27467 17.5
    endloop
  endfacet
  facet normal -0.923879 0.382684 0
    outer loop
      vertex 13.3168 6.27467 18.7
      vertex 13.2147 6.02822 17.5
      vertex 13.2147 6.02822 18.7
    endloop
  endfacet
  facet normal -0.97237 0.233444 0
    outer loop
      vertex 13.3168 6.27467 17.5
      vertex 13.3791 6.53406 18.7
      vertex 13.3791 6.53406 17.5
    endloop
  endfacet
  facet normal -0.97237 0.233444 0
    outer loop
      vertex 13.3791 6.53406 18.7
      vertex 13.3168 6.27467 17.5
      vertex 13.3168 6.27467 18.7
    endloop
  endfacet
  facet normal 0.233444 0.97237 -0
    outer loop
      vertex 11.4341 5.12093 17.5
      vertex 11.1747 5.1832 18.7
      vertex 11.4341 5.12093 18.7
    endloop
  endfacet
  facet normal 0.233444 0.97237 0
    outer loop
      vertex 11.1747 5.1832 18.7
      vertex 11.4341 5.12093 17.5
      vertex 11.1747 5.1832 17.5
    endloop
  endfacet
  facet normal 0.5225 0.852639 -0
    outer loop
      vertex 10.9282 5.28529 17.5
      vertex 10.7008 5.42467 18.7
      vertex 10.9282 5.28529 18.7
    endloop
  endfacet
  facet normal 0.5225 0.852639 0
    outer loop
      vertex 10.7008 5.42467 18.7
      vertex 10.9282 5.28529 17.5
      vertex 10.7008 5.42467 17.5
    endloop
  endfacet
  facet normal 0.0784611 0.996917 -0
    outer loop
      vertex 11.7 5.1 17.5
      vertex 11.4341 5.12093 18.7
      vertex 11.7 5.1 18.7
    endloop
  endfacet
  facet normal 0.0784611 0.996917 0
    outer loop
      vertex 11.4341 5.12093 18.7
      vertex 11.7 5.1 17.5
      vertex 11.4341 5.12093 17.5
    endloop
  endfacet
  facet normal 0.996917 0.0784611 0
    outer loop
      vertex 10.0209 6.53406 18.7
      vertex 10 6.8 17.5
      vertex 10 6.8 18.7
    endloop
  endfacet
  facet normal 0.996917 0.0784611 0
    outer loop
      vertex 10 6.8 17.5
      vertex 10.0209 6.53406 18.7
      vertex 10.0209 6.53406 17.5
    endloop
  endfacet
  facet normal 0 0 1
    outer loop
      vertex 13.3791 7.06594 17.5
      vertex 13.3791 6.53406 17.5
      vertex 13.4 6.8 17.5
    endloop
  endfacet
  facet normal 0 0 1
    outer loop
      vertex 13.3168 7.32533 17.5
      vertex 13.3791 6.53406 17.5
      vertex 13.3791 7.06594 17.5
    endloop
  endfacet
  facet normal 0 0 1
    outer loop
      vertex 13.3168 7.32533 17.5
      vertex 13.3168 6.27467 17.5
      vertex 13.3791 6.53406 17.5
    endloop
  endfacet
  facet normal 0 0 1
    outer loop
      vertex 13.2147 7.57178 17.5
      vertex 13.3168 6.27467 17.5
      vertex 13.3168 7.32533 17.5
    endloop
  endfacet
  facet normal 0 0 1
    outer loop
      vertex 13.2147 7.57178 17.5
      vertex 13.2147 6.02822 17.5
      vertex 13.3168 6.27467 17.5
    endloop
  endfacet
  facet normal 0 0 1
    outer loop
      vertex 13.0753 7.79923 17.5
      vertex 13.2147 6.02822 17.5
      vertex 13.2147 7.57178 17.5
    endloop
  endfacet
  facet normal 0 0 1
    outer loop
      vertex 13.0753 7.79923 17.5
      vertex 13.0753 5.80077 17.5
      vertex 13.2147 6.02822 17.5
    endloop
  endfacet
  facet normal 0 0 1
    outer loop
      vertex 12.9021 8.00208 17.5
      vertex 13.0753 5.80077 17.5
      vertex 13.0753 7.79923 17.5
    endloop
  endfacet
  facet normal 0 0 1
    outer loop
      vertex 12.9021 8.00208 17.5
      vertex 12.9021 5.59792 17.5
      vertex 13.0753 5.80077 17.5
    endloop
  endfacet
  facet normal 0 0 1
    outer loop
      vertex 12.6992 8.17533 17.5
      vertex 12.9021 5.59792 17.5
      vertex 12.9021 8.00208 17.5
    endloop
  endfacet
  facet normal 0 0 1
    outer loop
      vertex 12.6992 8.17533 17.5
      vertex 12.6992 5.42467 17.5
      vertex 12.9021 5.59792 17.5
    endloop
  endfacet
  facet normal 0 0 1
    outer loop
      vertex 12.4718 8.31471 17.5
      vertex 12.6992 5.42467 17.5
      vertex 12.6992 8.17533 17.5
    endloop
  endfacet
  facet normal 0 0 1
    outer loop
      vertex 12.4718 8.31471 17.5
      vertex 12.4718 5.28529 17.5
      vertex 12.6992 5.42467 17.5
    endloop
  endfacet
  facet normal 0 0 1
    outer loop
      vertex 12.2253 8.4168 17.5
      vertex 12.4718 5.28529 17.5
      vertex 12.4718 8.31471 17.5
    endloop
  endfacet
  facet normal 0 0 1
    outer loop
      vertex 12.2253 8.4168 17.5
      vertex 12.2253 5.1832 17.5
      vertex 12.4718 5.28529 17.5
    endloop
  endfacet
  facet normal 0 0 1
    outer loop
      vertex 11.9659 8.47907 17.5
      vertex 12.2253 5.1832 17.5
      vertex 12.2253 8.4168 17.5
    endloop
  endfacet
  facet normal 0 0 1
    outer loop
      vertex 11.9659 8.47907 17.5
      vertex 11.9659 5.12093 17.5
      vertex 12.2253 5.1832 17.5
    endloop
  endfacet
  facet normal 0 0 1
    outer loop
      vertex 11.7 8.5 17.5
      vertex 11.9659 5.12093 17.5
      vertex 11.9659 8.47907 17.5
    endloop
  endfacet
  facet normal 0 0 1
    outer loop
      vertex 11.7 8.5 17.5
      vertex 11.7 5.1 17.5
      vertex 11.9659 5.12093 17.5
    endloop
  endfacet
  facet normal -0 0 1
    outer loop
      vertex 11.4341 8.47907 17.5
      vertex 11.7 5.1 17.5
      vertex 11.7 8.5 17.5
    endloop
  endfacet
  facet normal 0 0 1
    outer loop
      vertex 11.4341 8.47907 17.5
      vertex 11.4341 5.12093 17.5
      vertex 11.7 5.1 17.5
    endloop
  endfacet
  facet normal -0 0 1
    outer loop
      vertex 11.1747 8.4168 17.5
      vertex 11.4341 5.12093 17.5
      vertex 11.4341 8.47907 17.5
    endloop
  endfacet
  facet normal 0 0 1
    outer loop
      vertex 11.1747 8.4168 17.5
      vertex 11.1747 5.1832 17.5
      vertex 11.4341 5.12093 17.5
    endloop
  endfacet
  facet normal -0 0 1
    outer loop
      vertex 10.9282 8.31471 17.5
      vertex 11.1747 5.1832 17.5
      vertex 11.1747 8.4168 17.5
    endloop
  endfacet
  facet normal 0 0 1
    outer loop
      vertex 10.9282 8.31471 17.5
      vertex 10.9282 5.28529 17.5
      vertex 11.1747 5.1832 17.5
    endloop
  endfacet
  facet normal -0 0 1
    outer loop
      vertex 10.7008 8.17533 17.5
      vertex 10.9282 5.28529 17.5
      vertex 10.9282 8.31471 17.5
    endloop
  endfacet
  facet normal 0 0 1
    outer loop
      vertex 10.7008 8.17533 17.5
      vertex 10.7008 5.42467 17.5
      vertex 10.9282 5.28529 17.5
    endloop
  endfacet
  facet normal -0 0 1
    outer loop
      vertex 10.4979 8.00208 17.5
      vertex 10.7008 5.42467 17.5
      vertex 10.7008 8.17533 17.5
    endloop
  endfacet
  facet normal 0 0 1
    outer loop
      vertex 10.4979 8.00208 17.5
      vertex 10.4979 5.59792 17.5
      vertex 10.7008 5.42467 17.5
    endloop
  endfacet
  facet normal -0 0 1
    outer loop
      vertex 10.3247 7.79923 17.5
      vertex 10.4979 5.59792 17.5
      vertex 10.4979 8.00208 17.5
    endloop
  endfacet
  facet normal 0 0 1
    outer loop
      vertex 10.3247 7.79923 17.5
      vertex 10.3247 5.80077 17.5
      vertex 10.4979 5.59792 17.5
    endloop
  endfacet
  facet normal -0 0 1
    outer loop
      vertex 10.1853 7.57178 17.5
      vertex 10.3247 5.80077 17.5
      vertex 10.3247 7.79923 17.5
    endloop
  endfacet
  facet normal 0 0 1
    outer loop
      vertex 10.1853 7.57178 17.5
      vertex 10.1853 6.02822 17.5
      vertex 10.3247 5.80077 17.5
    endloop
  endfacet
  facet normal -0 0 1
    outer loop
      vertex 10.0832 7.32533 17.5
      vertex 10.1853 6.02822 17.5
      vertex 10.1853 7.57178 17.5
    endloop
  endfacet
  facet normal 0 0 1
    outer loop
      vertex 10.0832 7.32533 17.5
      vertex 10.0832 6.27467 17.5
      vertex 10.1853 6.02822 17.5
    endloop
  endfacet
  facet normal -0 0 1
    outer loop
      vertex 10.0209 7.06594 17.5
      vertex 10.0832 6.27467 17.5
      vertex 10.0832 7.32533 17.5
    endloop
  endfacet
  facet normal 0 0 1
    outer loop
      vertex 10.0209 7.06594 17.5
      vertex 10.0209 6.53406 17.5
      vertex 10.0832 6.27467 17.5
    endloop
  endfacet
  facet normal 0 -0 1
    outer loop
      vertex 10.0209 6.53406 17.5
      vertex 10.0209 7.06594 17.5
      vertex 10 6.8 17.5
    endloop
  endfacet
  facet normal -0.233444 -0.97237 0
    outer loop
      vertex 11.9659 8.47907 17.5
      vertex 12.2253 8.4168 18.7
      vertex 11.9659 8.47907 18.7
    endloop
  endfacet
  facet normal -0.233444 -0.97237 -0
    outer loop
      vertex 12.2253 8.4168 18.7
      vertex 11.9659 8.47907 17.5
      vertex 12.2253 8.4168 17.5
    endloop
  endfacet
  facet normal 0.97237 -0.233444 0
    outer loop
      vertex 10.0209 7.06594 18.7
      vertex 10.0832 7.32533 17.5
      vertex 10.0832 7.32533 18.7
    endloop
  endfacet
  facet normal 0.97237 -0.233444 0
    outer loop
      vertex 10.0832 7.32533 17.5
      vertex 10.0209 7.06594 18.7
      vertex 10.0209 7.06594 17.5
    endloop
  endfacet
  facet normal -0.996917 -0.0784584 0
    outer loop
      vertex 51 6.8 18.7
      vertex 50.9717 7.1598 23.7
      vertex 50.9717 7.1598 18.7
    endloop
  endfacet
  facet normal -0.996917 -0.0784584 0
    outer loop
      vertex 50.9717 7.1598 23.7
      vertex 51 6.8 18.7
      vertex 51 6.8 23.7
    endloop
  endfacet
  facet normal 0.996917 -0.0784584 0
    outer loop
      vertex 46.4 6.8 23.7
      vertex 46.4283 7.1598 18.7
      vertex 46.4283 7.1598 23.7
    endloop
  endfacet
  facet normal 0.996917 -0.0784584 0
    outer loop
      vertex 46.4283 7.1598 18.7
      vertex 46.4 6.8 23.7
      vertex 46.4 6.8 18.7
    endloop
  endfacet
  facet normal 0.0784584 -0.996917 0
    outer loop
      vertex 48.3402 9.07168 18.7
      vertex 48.7 9.1 23.7
      vertex 48.3402 9.07168 23.7
    endloop
  endfacet
  facet normal 0.0784584 -0.996917 0
    outer loop
      vertex 48.7 9.1 23.7
      vertex 48.3402 9.07168 18.7
      vertex 48.7 9.1 18.7
    endloop
  endfacet
  facet normal -0.0784584 0.996917 0
    outer loop
      vertex 49.0598 4.52832 18.7
      vertex 48.7 4.5 23.7
      vertex 49.0598 4.52832 23.7
    endloop
  endfacet
  facet normal -0.0784584 0.996917 0
    outer loop
      vertex 48.7 4.5 23.7
      vertex 49.0598 4.52832 18.7
      vertex 48.7 4.5 18.7
    endloop
  endfacet
  facet normal -0.649452 -0.760402 0
    outer loop
      vertex 50.0519 8.66074 18.7
      vertex 50.3263 8.42634 23.7
      vertex 50.0519 8.66074 23.7
    endloop
  endfacet
  facet normal -0.649452 -0.760402 -0
    outer loop
      vertex 50.3263 8.42634 23.7
      vertex 50.0519 8.66074 18.7
      vertex 50.3263 8.42634 18.7
    endloop
  endfacet
  facet normal 0.760404 -0.64945 0
    outer loop
      vertex 46.8393 8.15191 23.7
      vertex 47.0737 8.42634 18.7
      vertex 47.0737 8.42634 23.7
    endloop
  endfacet
  facet normal 0.760404 -0.64945 0
    outer loop
      vertex 47.0737 8.42634 18.7
      vertex 46.8393 8.15191 23.7
      vertex 46.8393 8.15191 18.7
    endloop
  endfacet
  facet normal 0.522498 -0.85264 0
    outer loop
      vertex 47.3481 8.66074 18.7
      vertex 47.6558 8.84931 23.7
      vertex 47.3481 8.66074 23.7
    endloop
  endfacet
  facet normal 0.522498 -0.85264 0
    outer loop
      vertex 47.6558 8.84931 23.7
      vertex 47.3481 8.66074 18.7
      vertex 47.6558 8.84931 18.7
    endloop
  endfacet
  facet normal -0.85264 0.522498 0
    outer loop
      vertex 50.5607 5.44809 18.7
      vertex 50.7493 5.75582 23.7
      vertex 50.7493 5.75582 18.7
    endloop
  endfacet
  facet normal -0.85264 0.522498 0
    outer loop
      vertex 50.7493 5.75582 23.7
      vertex 50.5607 5.44809 18.7
      vertex 50.5607 5.44809 23.7
    endloop
  endfacet
  facet normal -0.85264 -0.522498 0
    outer loop
      vertex 50.7493 7.84418 18.7
      vertex 50.5607 8.15191 23.7
      vertex 50.5607 8.15191 18.7
    endloop
  endfacet
  facet normal -0.85264 -0.522498 0
    outer loop
      vertex 50.5607 8.15191 23.7
      vertex 50.7493 7.84418 18.7
      vertex 50.7493 7.84418 23.7
    endloop
  endfacet
  facet normal -0.760404 -0.64945 0
    outer loop
      vertex 50.5607 8.15191 18.7
      vertex 50.3263 8.42634 23.7
      vertex 50.3263 8.42634 18.7
    endloop
  endfacet
  facet normal -0.760404 -0.64945 0
    outer loop
      vertex 50.3263 8.42634 23.7
      vertex 50.5607 8.15191 18.7
      vertex 50.5607 8.15191 23.7
    endloop
  endfacet
  facet normal -0.233445 -0.97237 0
    outer loop
      vertex 49.0598 9.07168 18.7
      vertex 49.4107 8.98743 23.7
      vertex 49.0598 9.07168 23.7
    endloop
  endfacet
  facet normal -0.233445 -0.97237 -0
    outer loop
      vertex 49.4107 8.98743 23.7
      vertex 49.0598 9.07168 18.7
      vertex 49.4107 8.98743 18.7
    endloop
  endfacet
  facet normal -0.0784584 -0.996917 0
    outer loop
      vertex 48.7 9.1 18.7
      vertex 49.0598 9.07168 23.7
      vertex 48.7 9.1 23.7
    endloop
  endfacet
  facet normal -0.0784584 -0.996917 -0
    outer loop
      vertex 49.0598 9.07168 23.7
      vertex 48.7 9.1 18.7
      vertex 49.0598 9.07168 18.7
    endloop
  endfacet
  facet normal -0.522498 -0.85264 0
    outer loop
      vertex 49.7442 8.84931 18.7
      vertex 50.0519 8.66074 23.7
      vertex 49.7442 8.84931 23.7
    endloop
  endfacet
  facet normal -0.522498 -0.85264 -0
    outer loop
      vertex 50.0519 8.66074 23.7
      vertex 49.7442 8.84931 18.7
      vertex 50.0519 8.66074 18.7
    endloop
  endfacet
  facet normal 0.92388 -0.382683 0
    outer loop
      vertex 46.5126 7.51074 23.7
      vertex 46.6507 7.84418 18.7
      vertex 46.6507 7.84418 23.7
    endloop
  endfacet
  facet normal 0.92388 -0.382683 0
    outer loop
      vertex 46.6507 7.84418 18.7
      vertex 46.5126 7.51074 23.7
      vertex 46.5126 7.51074 18.7
    endloop
  endfacet
  facet normal 0.85264 -0.522498 0
    outer loop
      vertex 46.6507 7.84418 23.7
      vertex 46.8393 8.15191 18.7
      vertex 46.8393 8.15191 23.7
    endloop
  endfacet
  facet normal 0.85264 -0.522498 0
    outer loop
      vertex 46.8393 8.15191 18.7
      vertex 46.6507 7.84418 23.7
      vertex 46.6507 7.84418 18.7
    endloop
  endfacet
  facet normal 0.972371 -0.233441 0
    outer loop
      vertex 46.4283 7.1598 23.7
      vertex 46.5126 7.51074 18.7
      vertex 46.5126 7.51074 23.7
    endloop
  endfacet
  facet normal 0.972371 -0.233441 0
    outer loop
      vertex 46.5126 7.51074 18.7
      vertex 46.4283 7.1598 23.7
      vertex 46.4283 7.1598 18.7
    endloop
  endfacet
  facet normal 0.649447 -0.760407 0
    outer loop
      vertex 47.0737 8.42634 18.7
      vertex 47.3481 8.66074 23.7
      vertex 47.0737 8.42634 23.7
    endloop
  endfacet
  facet normal 0.649447 -0.760407 0
    outer loop
      vertex 47.3481 8.66074 23.7
      vertex 47.0737 8.42634 18.7
      vertex 47.3481 8.66074 18.7
    endloop
  endfacet
  facet normal 0.382683 -0.92388 0
    outer loop
      vertex 47.6558 8.84931 18.7
      vertex 47.9893 8.98743 23.7
      vertex 47.6558 8.84931 23.7
    endloop
  endfacet
  facet normal 0.382683 -0.92388 0
    outer loop
      vertex 47.9893 8.98743 23.7
      vertex 47.6558 8.84931 18.7
      vertex 47.9893 8.98743 18.7
    endloop
  endfacet
  facet normal 0 0 1
    outer loop
      vertex 50.4 6.8 18.7
      vertex 51 6.8 18.7
      vertex 50.9717 7.1598 18.7
    endloop
  endfacet
  facet normal 0 0 1
    outer loop
      vertex 50.3791 7.06594 18.7
      vertex 50.9717 7.1598 18.7
      vertex 50.8874 7.51074 18.7
    endloop
  endfacet
  facet normal 0 0 1
    outer loop
      vertex 51 6.8 18.7
      vertex 50.4 6.8 18.7
      vertex 50.9717 6.4402 18.7
    endloop
  endfacet
  facet normal 0 0 1
    outer loop
      vertex 50.3168 7.32533 18.7
      vertex 50.8874 7.51074 18.7
      vertex 50.7493 7.84418 18.7
    endloop
  endfacet
  facet normal -0 0 1
    outer loop
      vertex 50.3791 6.53406 18.7
      vertex 50.9717 6.4402 18.7
      vertex 50.4 6.8 18.7
    endloop
  endfacet
  facet normal 0 0 1
    outer loop
      vertex 50.2147 7.57178 18.7
      vertex 50.7493 7.84418 18.7
      vertex 50.5607 8.15191 18.7
    endloop
  endfacet
  facet normal 0 0 1
    outer loop
      vertex 50.9717 6.4402 18.7
      vertex 50.3791 6.53406 18.7
      vertex 50.8874 6.08926 18.7
    endloop
  endfacet
  facet normal -0 0 1
    outer loop
      vertex 50.3168 6.27467 18.7
      vertex 50.8874 6.08926 18.7
      vertex 50.3791 6.53406 18.7
    endloop
  endfacet
  facet normal 0 0 1
    outer loop
      vertex 50.9717 7.1598 18.7
      vertex 50.3791 7.06594 18.7
      vertex 50.4 6.8 18.7
    endloop
  endfacet
  facet normal 0 0 1
    outer loop
      vertex 50.0753 7.79923 18.7
      vertex 50.5607 8.15191 18.7
      vertex 50.3263 8.42634 18.7
    endloop
  endfacet
  facet normal 0 0 1
    outer loop
      vertex 50.8874 7.51074 18.7
      vertex 50.3168 7.32533 18.7
      vertex 50.3791 7.06594 18.7
    endloop
  endfacet
  facet normal 0 0 1
    outer loop
      vertex 50.7493 7.84418 18.7
      vertex 50.2147 7.57178 18.7
      vertex 50.3168 7.32533 18.7
    endloop
  endfacet
  facet normal 0 0 1
    outer loop
      vertex 50.5607 8.15191 18.7
      vertex 50.0753 7.79923 18.7
      vertex 50.2147 7.57178 18.7
    endloop
  endfacet
  facet normal 0 0 1
    outer loop
      vertex 49.9021 8.00208 18.7
      vertex 50.3263 8.42634 18.7
      vertex 50.0519 8.66074 18.7
    endloop
  endfacet
  facet normal 0 0 1
    outer loop
      vertex 50.3263 8.42634 18.7
      vertex 49.9021 8.00208 18.7
      vertex 50.0753 7.79923 18.7
    endloop
  endfacet
  facet normal 0 0 1
    outer loop
      vertex 49.6992 8.17533 18.7
      vertex 50.0519 8.66074 18.7
      vertex 49.7442 8.84931 18.7
    endloop
  endfacet
  facet normal 0 0 1
    outer loop
      vertex 50.0519 8.66074 18.7
      vertex 49.6992 8.17533 18.7
      vertex 49.9021 8.00208 18.7
    endloop
  endfacet
  facet normal 0 0 1
    outer loop
      vertex 49.7442 8.84931 18.7
      vertex 49.4718 8.31471 18.7
      vertex 49.6992 8.17533 18.7
    endloop
  endfacet
  facet normal 0 0 1
    outer loop
      vertex 49.4107 8.98743 18.7
      vertex 49.4718 8.31471 18.7
      vertex 49.7442 8.84931 18.7
    endloop
  endfacet
  facet normal 0 0 1
    outer loop
      vertex 49.4107 8.98743 18.7
      vertex 49.2253 8.4168 18.7
      vertex 49.4718 8.31471 18.7
    endloop
  endfacet
  facet normal 0 0 1
    outer loop
      vertex 49.0598 9.07168 18.7
      vertex 49.2253 8.4168 18.7
      vertex 49.4107 8.98743 18.7
    endloop
  endfacet
  facet normal 0 0 1
    outer loop
      vertex 49.0598 9.07168 18.7
      vertex 48.9659 8.47907 18.7
      vertex 49.2253 8.4168 18.7
    endloop
  endfacet
  facet normal 0 0 1
    outer loop
      vertex 48.7 9.1 18.7
      vertex 48.9659 8.47907 18.7
      vertex 49.0598 9.07168 18.7
    endloop
  endfacet
  facet normal 0 0 1
    outer loop
      vertex 48.7 9.1 18.7
      vertex 48.7 8.5 18.7
      vertex 48.9659 8.47907 18.7
    endloop
  endfacet
  facet normal 0 0 1
    outer loop
      vertex 48.7 9.1 18.7
      vertex 48.4341 8.47907 18.7
      vertex 48.7 8.5 18.7
    endloop
  endfacet
  facet normal -0 0 1
    outer loop
      vertex 48.3402 9.07168 18.7
      vertex 48.4341 8.47907 18.7
      vertex 48.7 9.1 18.7
    endloop
  endfacet
  facet normal 0 0 1
    outer loop
      vertex 48.3402 9.07168 18.7
      vertex 48.1747 8.4168 18.7
      vertex 48.4341 8.47907 18.7
    endloop
  endfacet
  facet normal -0 0 1
    outer loop
      vertex 47.9893 8.98743 18.7
      vertex 48.1747 8.4168 18.7
      vertex 48.3402 9.07168 18.7
    endloop
  endfacet
  facet normal 0 0 1
    outer loop
      vertex 47.9893 8.98743 18.7
      vertex 47.9282 8.31471 18.7
      vertex 48.1747 8.4168 18.7
    endloop
  endfacet
  facet normal -0 0 1
    outer loop
      vertex 47.6558 8.84931 18.7
      vertex 47.9282 8.31471 18.7
      vertex 47.9893 8.98743 18.7
    endloop
  endfacet
  facet normal 0 0 1
    outer loop
      vertex 47.9282 8.31471 18.7
      vertex 47.6558 8.84931 18.7
      vertex 47.7008 8.17533 18.7
    endloop
  endfacet
  facet normal -0 0 1
    outer loop
      vertex 47.3481 8.66074 18.7
      vertex 47.7008 8.17533 18.7
      vertex 47.6558 8.84931 18.7
    endloop
  endfacet
  facet normal 0 0 1
    outer loop
      vertex 47.7008 8.17533 18.7
      vertex 47.3481 8.66074 18.7
      vertex 47.4979 8.00208 18.7
    endloop
  endfacet
  facet normal -0 0 1
    outer loop
      vertex 47.0737 8.42634 18.7
      vertex 47.4979 8.00208 18.7
      vertex 47.3481 8.66074 18.7
    endloop
  endfacet
  facet normal 0 0 1
    outer loop
      vertex 47.4979 8.00208 18.7
      vertex 47.0737 8.42634 18.7
      vertex 47.3247 7.79923 18.7
    endloop
  endfacet
  facet normal -0 0 1
    outer loop
      vertex 46.8393 8.15191 18.7
      vertex 47.3247 7.79923 18.7
      vertex 47.0737 8.42634 18.7
    endloop
  endfacet
  facet normal 0 0 1
    outer loop
      vertex 47.3247 7.79923 18.7
      vertex 46.8393 8.15191 18.7
      vertex 47.1853 7.57178 18.7
    endloop
  endfacet
  facet normal -0 0 1
    outer loop
      vertex 46.6507 7.84418 18.7
      vertex 47.1853 7.57178 18.7
      vertex 46.8393 8.15191 18.7
    endloop
  endfacet
  facet normal 0 0 1
    outer loop
      vertex 47.1853 7.57178 18.7
      vertex 46.6507 7.84418 18.7
      vertex 47.0832 7.32533 18.7
    endloop
  endfacet
  facet normal -0 0 1
    outer loop
      vertex 46.5126 7.51074 18.7
      vertex 47.0832 7.32533 18.7
      vertex 46.6507 7.84418 18.7
    endloop
  endfacet
  facet normal 0 0 1
    outer loop
      vertex 50.8874 6.08926 18.7
      vertex 50.3168 6.27467 18.7
      vertex 50.7493 5.75582 18.7
    endloop
  endfacet
  facet normal -0 0 1
    outer loop
      vertex 50.2147 6.02822 18.7
      vertex 50.7493 5.75582 18.7
      vertex 50.3168 6.27467 18.7
    endloop
  endfacet
  facet normal 0 0 1
    outer loop
      vertex 50.7493 5.75582 18.7
      vertex 50.2147 6.02822 18.7
      vertex 50.5607 5.44809 18.7
    endloop
  endfacet
  facet normal -0 0 1
    outer loop
      vertex 50.0753 5.80077 18.7
      vertex 50.5607 5.44809 18.7
      vertex 50.2147 6.02822 18.7
    endloop
  endfacet
  facet normal 0 0 1
    outer loop
      vertex 50.5607 5.44809 18.7
      vertex 50.0753 5.80077 18.7
      vertex 50.3263 5.17366 18.7
    endloop
  endfacet
  facet normal -0 0 1
    outer loop
      vertex 49.9021 5.59792 18.7
      vertex 50.3263 5.17366 18.7
      vertex 50.0753 5.80077 18.7
    endloop
  endfacet
  facet normal 0 0 1
    outer loop
      vertex 50.3263 5.17366 18.7
      vertex 49.9021 5.59792 18.7
      vertex 50.0519 4.93926 18.7
    endloop
  endfacet
  facet normal -0 0 1
    outer loop
      vertex 49.6992 5.42467 18.7
      vertex 50.0519 4.93926 18.7
      vertex 49.9021 5.59792 18.7
    endloop
  endfacet
  facet normal 0 0 1
    outer loop
      vertex 50.0519 4.93926 18.7
      vertex 49.6992 5.42467 18.7
      vertex 49.7442 4.75069 18.7
    endloop
  endfacet
  facet normal -0 0 1
    outer loop
      vertex 49.4718 5.28529 18.7
      vertex 49.7442 4.75069 18.7
      vertex 49.6992 5.42467 18.7
    endloop
  endfacet
  facet normal 0 0 1
    outer loop
      vertex 49.4718 5.28529 18.7
      vertex 49.4107 4.61257 18.7
      vertex 49.7442 4.75069 18.7
    endloop
  endfacet
  facet normal -0 0 1
    outer loop
      vertex 49.2253 5.1832 18.7
      vertex 49.4107 4.61257 18.7
      vertex 49.4718 5.28529 18.7
    endloop
  endfacet
  facet normal 0 0 1
    outer loop
      vertex 49.2253 5.1832 18.7
      vertex 49.0598 4.52832 18.7
      vertex 49.4107 4.61257 18.7
    endloop
  endfacet
  facet normal -0 0 1
    outer loop
      vertex 48.9659 5.12093 18.7
      vertex 49.0598 4.52832 18.7
      vertex 49.2253 5.1832 18.7
    endloop
  endfacet
  facet normal -0 0 1
    outer loop
      vertex 48.7 5.1 18.7
      vertex 49.0598 4.52832 18.7
      vertex 48.9659 5.12093 18.7
    endloop
  endfacet
  facet normal 0 0 1
    outer loop
      vertex 48.7 5.1 18.7
      vertex 48.7 4.5 18.7
      vertex 49.0598 4.52832 18.7
    endloop
  endfacet
  facet normal 0 0 1
    outer loop
      vertex 48.4341 5.12093 18.7
      vertex 48.7 4.5 18.7
      vertex 48.7 5.1 18.7
    endloop
  endfacet
  facet normal 0 0 1
    outer loop
      vertex 48.4341 5.12093 18.7
      vertex 48.3402 4.52832 18.7
      vertex 48.7 4.5 18.7
    endloop
  endfacet
  facet normal 0 0 1
    outer loop
      vertex 48.1747 5.1832 18.7
      vertex 48.3402 4.52832 18.7
      vertex 48.4341 5.12093 18.7
    endloop
  endfacet
  facet normal 0 0 1
    outer loop
      vertex 48.1747 5.1832 18.7
      vertex 47.9893 4.61257 18.7
      vertex 48.3402 4.52832 18.7
    endloop
  endfacet
  facet normal 0 0 1
    outer loop
      vertex 47.9282 5.28529 18.7
      vertex 47.9893 4.61257 18.7
      vertex 48.1747 5.1832 18.7
    endloop
  endfacet
  facet normal 0 0 1
    outer loop
      vertex 47.6558 4.75069 18.7
      vertex 47.9282 5.28529 18.7
      vertex 47.7008 5.42467 18.7
    endloop
  endfacet
  facet normal 0 0 1
    outer loop
      vertex 47.9282 5.28529 18.7
      vertex 47.6558 4.75069 18.7
      vertex 47.9893 4.61257 18.7
    endloop
  endfacet
  facet normal 0 0 1
    outer loop
      vertex 47.3481 4.93926 18.7
      vertex 47.7008 5.42467 18.7
      vertex 47.4979 5.59792 18.7
    endloop
  endfacet
  facet normal 0 0 1
    outer loop
      vertex 47.7008 5.42467 18.7
      vertex 47.3481 4.93926 18.7
      vertex 47.6558 4.75069 18.7
    endloop
  endfacet
  facet normal 0 0 1
    outer loop
      vertex 47.0737 5.17366 18.7
      vertex 47.4979 5.59792 18.7
      vertex 47.3247 5.80077 18.7
    endloop
  endfacet
  facet normal 0 0 1
    outer loop
      vertex 46.8393 5.44809 18.7
      vertex 47.3247 5.80077 18.7
      vertex 47.1853 6.02822 18.7
    endloop
  endfacet
  facet normal 0 0 1
    outer loop
      vertex 46.6507 5.75582 18.7
      vertex 47.1853 6.02822 18.7
      vertex 47.0832 6.27467 18.7
    endloop
  endfacet
  facet normal 0 0 1
    outer loop
      vertex 47.4979 5.59792 18.7
      vertex 47.0737 5.17366 18.7
      vertex 47.3481 4.93926 18.7
    endloop
  endfacet
  facet normal 0 0 1
    outer loop
      vertex 46.5126 6.08926 18.7
      vertex 47.0832 6.27467 18.7
      vertex 47.0209 6.53406 18.7
    endloop
  endfacet
  facet normal 0 0 1
    outer loop
      vertex 46.4283 6.4402 18.7
      vertex 47.0209 6.53406 18.7
      vertex 47 6.8 18.7
    endloop
  endfacet
  facet normal 0 0 1
    outer loop
      vertex 47.0832 7.32533 18.7
      vertex 46.5126 7.51074 18.7
      vertex 47.0209 7.06594 18.7
    endloop
  endfacet
  facet normal 0 0 1
    outer loop
      vertex 47.3247 5.80077 18.7
      vertex 46.8393 5.44809 18.7
      vertex 47.0737 5.17366 18.7
    endloop
  endfacet
  facet normal -0 0 1
    outer loop
      vertex 46.4283 7.1598 18.7
      vertex 47.0209 7.06594 18.7
      vertex 46.5126 7.51074 18.7
    endloop
  endfacet
  facet normal 0 0 1
    outer loop
      vertex 47.1853 6.02822 18.7
      vertex 46.6507 5.75582 18.7
      vertex 46.8393 5.44809 18.7
    endloop
  endfacet
  facet normal 0 0 1
    outer loop
      vertex 47.0209 7.06594 18.7
      vertex 46.4283 7.1598 18.7
      vertex 47 6.8 18.7
    endloop
  endfacet
  facet normal 0 0 1
    outer loop
      vertex 47.0832 6.27467 18.7
      vertex 46.5126 6.08926 18.7
      vertex 46.6507 5.75582 18.7
    endloop
  endfacet
  facet normal 0 0 1
    outer loop
      vertex 46.4 6.8 18.7
      vertex 47 6.8 18.7
      vertex 46.4283 7.1598 18.7
    endloop
  endfacet
  facet normal 0 0 1
    outer loop
      vertex 47.0209 6.53406 18.7
      vertex 46.4283 6.4402 18.7
      vertex 46.5126 6.08926 18.7
    endloop
  endfacet
  facet normal 0 0 1
    outer loop
      vertex 47 6.8 18.7
      vertex 46.4 6.8 18.7
      vertex 46.4283 6.4402 18.7
    endloop
  endfacet
  facet normal -0.233445 0.97237 0
    outer loop
      vertex 49.4107 4.61257 18.7
      vertex 49.0598 4.52832 23.7
      vertex 49.4107 4.61257 23.7
    endloop
  endfacet
  facet normal -0.233445 0.97237 0
    outer loop
      vertex 49.0598 4.52832 23.7
      vertex 49.4107 4.61257 18.7
      vertex 49.0598 4.52832 18.7
    endloop
  endfacet
  facet normal -0.92388 -0.382683 0
    outer loop
      vertex 50.8874 7.51074 18.7
      vertex 50.7493 7.84418 23.7
      vertex 50.7493 7.84418 18.7
    endloop
  endfacet
  facet normal -0.92388 -0.382683 0
    outer loop
      vertex 50.7493 7.84418 23.7
      vertex 50.8874 7.51074 18.7
      vertex 50.8874 7.51074 23.7
    endloop
  endfacet
  facet normal -0.972369 -0.233451 0
    outer loop
      vertex 50.9717 7.1598 18.7
      vertex 50.8874 7.51074 23.7
      vertex 50.8874 7.51074 18.7
    endloop
  endfacet
  facet normal -0.972369 -0.233451 0
    outer loop
      vertex 50.8874 7.51074 23.7
      vertex 50.9717 7.1598 18.7
      vertex 50.9717 7.1598 23.7
    endloop
  endfacet
  facet normal -0.382683 -0.92388 0
    outer loop
      vertex 49.4107 8.98743 18.7
      vertex 49.7442 8.84931 23.7
      vertex 49.4107 8.98743 23.7
    endloop
  endfacet
  facet normal -0.382683 -0.92388 -0
    outer loop
      vertex 49.7442 8.84931 23.7
      vertex 49.4107 8.98743 18.7
      vertex 49.7442 8.84931 18.7
    endloop
  endfacet
  facet normal 0.233445 -0.97237 0
    outer loop
      vertex 47.9893 8.98743 18.7
      vertex 48.3402 9.07168 23.7
      vertex 47.9893 8.98743 23.7
    endloop
  endfacet
  facet normal 0.233445 -0.97237 0
    outer loop
      vertex 48.3402 9.07168 23.7
      vertex 47.9893 8.98743 18.7
      vertex 48.3402 9.07168 18.7
    endloop
  endfacet
  facet normal -0.996917 0.0784584 0
    outer loop
      vertex 50.9717 6.4402 18.7
      vertex 51 6.8 23.7
      vertex 51 6.8 18.7
    endloop
  endfacet
  facet normal -0.996917 0.0784584 0
    outer loop
      vertex 51 6.8 23.7
      vertex 50.9717 6.4402 18.7
      vertex 50.9717 6.4402 23.7
    endloop
  endfacet
  facet normal 0.85264 0.522498 0
    outer loop
      vertex 46.8393 5.44809 23.7
      vertex 46.6507 5.75582 18.7
      vertex 46.6507 5.75582 23.7
    endloop
  endfacet
  facet normal 0.85264 0.522498 0
    outer loop
      vertex 46.6507 5.75582 18.7
      vertex 46.8393 5.44809 23.7
      vertex 46.8393 5.44809 18.7
    endloop
  endfacet
  facet normal 0.996917 0.0784584 0
    outer loop
      vertex 46.4283 6.4402 23.7
      vertex 46.4 6.8 18.7
      vertex 46.4 6.8 23.7
    endloop
  endfacet
  facet normal 0.996917 0.0784584 0
    outer loop
      vertex 46.4 6.8 18.7
      vertex 46.4283 6.4402 23.7
      vertex 46.4283 6.4402 18.7
    endloop
  endfacet
  facet normal -0.649452 0.760402 0
    outer loop
      vertex 50.3263 5.17366 18.7
      vertex 50.0519 4.93926 23.7
      vertex 50.3263 5.17366 23.7
    endloop
  endfacet
  facet normal -0.649452 0.760402 0
    outer loop
      vertex 50.0519 4.93926 23.7
      vertex 50.3263 5.17366 18.7
      vertex 50.0519 4.93926 18.7
    endloop
  endfacet
  facet normal -0.92388 0.382683 0
    outer loop
      vertex 50.7493 5.75582 18.7
      vertex 50.8874 6.08926 23.7
      vertex 50.8874 6.08926 18.7
    endloop
  endfacet
  facet normal -0.92388 0.382683 0
    outer loop
      vertex 50.8874 6.08926 23.7
      vertex 50.7493 5.75582 18.7
      vertex 50.7493 5.75582 23.7
    endloop
  endfacet
  facet normal 0.522498 0.85264 -0
    outer loop
      vertex 47.6558 4.75069 18.7
      vertex 47.3481 4.93926 23.7
      vertex 47.6558 4.75069 23.7
    endloop
  endfacet
  facet normal 0.522498 0.85264 0
    outer loop
      vertex 47.3481 4.93926 23.7
      vertex 47.6558 4.75069 18.7
      vertex 47.3481 4.93926 18.7
    endloop
  endfacet
  facet normal 0.0784584 0.996917 -0
    outer loop
      vertex 48.7 4.5 18.7
      vertex 48.3402 4.52832 23.7
      vertex 48.7 4.5 23.7
    endloop
  endfacet
  facet normal 0.0784584 0.996917 0
    outer loop
      vertex 48.3402 4.52832 23.7
      vertex 48.7 4.5 18.7
      vertex 48.3402 4.52832 18.7
    endloop
  endfacet
  facet normal 0.972371 0.233441 0
    outer loop
      vertex 46.5126 6.08926 23.7
      vertex 46.4283 6.4402 18.7
      vertex 46.4283 6.4402 23.7
    endloop
  endfacet
  facet normal 0.972371 0.233441 0
    outer loop
      vertex 46.4283 6.4402 18.7
      vertex 46.5126 6.08926 23.7
      vertex 46.5126 6.08926 18.7
    endloop
  endfacet
  facet normal 0.92388 0.382683 0
    outer loop
      vertex 46.6507 5.75582 23.7
      vertex 46.5126 6.08926 18.7
      vertex 46.5126 6.08926 23.7
    endloop
  endfacet
  facet normal 0.92388 0.382683 0
    outer loop
      vertex 46.5126 6.08926 18.7
      vertex 46.6507 5.75582 23.7
      vertex 46.6507 5.75582 18.7
    endloop
  endfacet
  facet normal -0.760404 0.64945 0
    outer loop
      vertex 50.3263 5.17366 18.7
      vertex 50.5607 5.44809 23.7
      vertex 50.5607 5.44809 18.7
    endloop
  endfacet
  facet normal -0.760404 0.64945 0
    outer loop
      vertex 50.5607 5.44809 23.7
      vertex 50.3263 5.17366 18.7
      vertex 50.3263 5.17366 23.7
    endloop
  endfacet
  facet normal -0.522498 0.85264 0
    outer loop
      vertex 50.0519 4.93926 18.7
      vertex 49.7442 4.75069 23.7
      vertex 50.0519 4.93926 23.7
    endloop
  endfacet
  facet normal -0.522498 0.85264 0
    outer loop
      vertex 49.7442 4.75069 23.7
      vertex 50.0519 4.93926 18.7
      vertex 49.7442 4.75069 18.7
    endloop
  endfacet
  facet normal -0.382683 0.92388 0
    outer loop
      vertex 49.7442 4.75069 18.7
      vertex 49.4107 4.61257 23.7
      vertex 49.7442 4.75069 23.7
    endloop
  endfacet
  facet normal -0.382683 0.92388 0
    outer loop
      vertex 49.4107 4.61257 23.7
      vertex 49.7442 4.75069 18.7
      vertex 49.4107 4.61257 18.7
    endloop
  endfacet
  facet normal -0.972369 0.233451 0
    outer loop
      vertex 50.8874 6.08926 18.7
      vertex 50.9717 6.4402 23.7
      vertex 50.9717 6.4402 18.7
    endloop
  endfacet
  facet normal -0.972369 0.233451 0
    outer loop
      vertex 50.9717 6.4402 23.7
      vertex 50.8874 6.08926 18.7
      vertex 50.8874 6.08926 23.7
    endloop
  endfacet
  facet normal 0.382683 0.92388 -0
    outer loop
      vertex 47.9893 4.61257 18.7
      vertex 47.6558 4.75069 23.7
      vertex 47.9893 4.61257 23.7
    endloop
  endfacet
  facet normal 0.382683 0.92388 0
    outer loop
      vertex 47.6558 4.75069 23.7
      vertex 47.9893 4.61257 18.7
      vertex 47.6558 4.75069 18.7
    endloop
  endfacet
  facet normal 0.760404 0.64945 0
    outer loop
      vertex 47.0737 5.17366 23.7
      vertex 46.8393 5.44809 18.7
      vertex 46.8393 5.44809 23.7
    endloop
  endfacet
  facet normal 0.760404 0.64945 0
    outer loop
      vertex 46.8393 5.44809 18.7
      vertex 47.0737 5.17366 23.7
      vertex 47.0737 5.17366 18.7
    endloop
  endfacet
  facet normal 0.649447 0.760407 -0
    outer loop
      vertex 47.3481 4.93926 18.7
      vertex 47.0737 5.17366 23.7
      vertex 47.3481 4.93926 23.7
    endloop
  endfacet
  facet normal 0.649447 0.760407 0
    outer loop
      vertex 47.0737 5.17366 23.7
      vertex 47.3481 4.93926 18.7
      vertex 47.0737 5.17366 18.7
    endloop
  endfacet
  facet normal 0.233445 0.97237 -0
    outer loop
      vertex 48.3402 4.52832 18.7
      vertex 47.9893 4.61257 23.7
      vertex 48.3402 4.52832 23.7
    endloop
  endfacet
  facet normal 0.233445 0.97237 0
    outer loop
      vertex 47.9893 4.61257 23.7
      vertex 48.3402 4.52832 18.7
      vertex 47.9893 4.61257 18.7
    endloop
  endfacet
  facet normal -0.996917 -0.0784646 0
    outer loop
      vertex 50.4 6.8 17.5
      vertex 50.3791 7.06594 18.7
      vertex 50.3791 7.06594 17.5
    endloop
  endfacet
  facet normal -0.996917 -0.0784646 0
    outer loop
      vertex 50.3791 7.06594 18.7
      vertex 50.4 6.8 17.5
      vertex 50.4 6.8 18.7
    endloop
  endfacet
  facet normal 0.996917 -0.0784646 0
    outer loop
      vertex 47 6.8 18.7
      vertex 47.0209 7.06594 17.5
      vertex 47.0209 7.06594 18.7
    endloop
  endfacet
  facet normal 0.996917 -0.0784646 0
    outer loop
      vertex 47.0209 7.06594 17.5
      vertex 47 6.8 18.7
      vertex 47 6.8 17.5
    endloop
  endfacet
  facet normal -0.0784611 -0.996917 0
    outer loop
      vertex 48.7 8.5 17.5
      vertex 48.9659 8.47907 18.7
      vertex 48.7 8.5 18.7
    endloop
  endfacet
  facet normal -0.0784611 -0.996917 -0
    outer loop
      vertex 48.9659 8.47907 18.7
      vertex 48.7 8.5 17.5
      vertex 48.9659 8.47907 17.5
    endloop
  endfacet
  facet normal -0.760404 -0.64945 0
    outer loop
      vertex 50.0753 7.79923 17.5
      vertex 49.9021 8.00208 18.7
      vertex 49.9021 8.00208 17.5
    endloop
  endfacet
  facet normal -0.760404 -0.64945 0
    outer loop
      vertex 49.9021 8.00208 18.7
      vertex 50.0753 7.79923 17.5
      vertex 50.0753 7.79923 18.7
    endloop
  endfacet
  facet normal 0.649448 -0.760406 0
    outer loop
      vertex 47.4979 8.00208 17.5
      vertex 47.7008 8.17533 18.7
      vertex 47.4979 8.00208 18.7
    endloop
  endfacet
  facet normal 0.649448 -0.760406 0
    outer loop
      vertex 47.7008 8.17533 18.7
      vertex 47.4979 8.00208 17.5
      vertex 47.7008 8.17533 17.5
    endloop
  endfacet
  facet normal 0.382682 -0.92388 0
    outer loop
      vertex 47.9282 8.31471 17.5
      vertex 48.1747 8.4168 18.7
      vertex 47.9282 8.31471 18.7
    endloop
  endfacet
  facet normal 0.382682 -0.92388 0
    outer loop
      vertex 48.1747 8.4168 18.7
      vertex 47.9282 8.31471 17.5
      vertex 48.1747 8.4168 17.5
    endloop
  endfacet
  facet normal -0.852641 0.522498 0
    outer loop
      vertex 50.0753 5.80077 17.5
      vertex 50.2147 6.02822 18.7
      vertex 50.2147 6.02822 17.5
    endloop
  endfacet
  facet normal -0.852641 0.522498 0
    outer loop
      vertex 50.2147 6.02822 18.7
      vertex 50.0753 5.80077 17.5
      vertex 50.0753 5.80077 18.7
    endloop
  endfacet
  facet normal 0.760404 0.64945 0
    outer loop
      vertex 47.4979 5.59792 18.7
      vertex 47.3247 5.80077 17.5
      vertex 47.3247 5.80077 18.7
    endloop
  endfacet
  facet normal 0.760404 0.64945 0
    outer loop
      vertex 47.3247 5.80077 17.5
      vertex 47.4979 5.59792 18.7
      vertex 47.4979 5.59792 17.5
    endloop
  endfacet
  facet normal -0.923879 -0.382684 0
    outer loop
      vertex 50.3168 7.32533 17.5
      vertex 50.2147 7.57178 18.7
      vertex 50.2147 7.57178 17.5
    endloop
  endfacet
  facet normal -0.923879 -0.382684 0
    outer loop
      vertex 50.2147 7.57178 18.7
      vertex 50.3168 7.32533 17.5
      vertex 50.3168 7.32533 18.7
    endloop
  endfacet
  facet normal -0.972369 -0.233448 0
    outer loop
      vertex 50.3791 7.06594 17.5
      vertex 50.3168 7.32533 18.7
      vertex 50.3168 7.32533 17.5
    endloop
  endfacet
  facet normal -0.972369 -0.233448 0
    outer loop
      vertex 50.3168 7.32533 18.7
      vertex 50.3791 7.06594 17.5
      vertex 50.3791 7.06594 18.7
    endloop
  endfacet
  facet normal -0.852641 -0.522498 0
    outer loop
      vertex 50.2147 7.57178 17.5
      vertex 50.0753 7.79923 18.7
      vertex 50.0753 7.79923 17.5
    endloop
  endfacet
  facet normal -0.852641 -0.522498 0
    outer loop
      vertex 50.0753 7.79923 18.7
      vertex 50.2147 7.57178 17.5
      vertex 50.2147 7.57178 18.7
    endloop
  endfacet
  facet normal -0.522499 -0.85264 0
    outer loop
      vertex 49.4718 8.31471 17.5
      vertex 49.6992 8.17533 18.7
      vertex 49.4718 8.31471 18.7
    endloop
  endfacet
  facet normal -0.522499 -0.85264 -0
    outer loop
      vertex 49.6992 8.17533 18.7
      vertex 49.4718 8.31471 17.5
      vertex 49.6992 8.17533 17.5
    endloop
  endfacet
  facet normal -0.382687 -0.923878 0
    outer loop
      vertex 49.2253 8.4168 17.5
      vertex 49.4718 8.31471 18.7
      vertex 49.2253 8.4168 18.7
    endloop
  endfacet
  facet normal -0.382687 -0.923878 -0
    outer loop
      vertex 49.4718 8.31471 18.7
      vertex 49.2253 8.4168 17.5
      vertex 49.4718 8.31471 17.5
    endloop
  endfacet
  facet normal -0.649448 -0.760406 0
    outer loop
      vertex 49.6992 8.17533 17.5
      vertex 49.9021 8.00208 18.7
      vertex 49.6992 8.17533 18.7
    endloop
  endfacet
  facet normal -0.649448 -0.760406 -0
    outer loop
      vertex 49.9021 8.00208 18.7
      vertex 49.6992 8.17533 17.5
      vertex 49.9021 8.00208 17.5
    endloop
  endfacet
  facet normal 0.852641 -0.522498 0
    outer loop
      vertex 47.1853 7.57178 18.7
      vertex 47.3247 7.79923 17.5
      vertex 47.3247 7.79923 18.7
    endloop
  endfacet
  facet normal 0.852641 -0.522498 0
    outer loop
      vertex 47.3247 7.79923 17.5
      vertex 47.1853 7.57178 18.7
      vertex 47.1853 7.57178 17.5
    endloop
  endfacet
  facet normal 0.760404 -0.64945 0
    outer loop
      vertex 47.3247 7.79923 18.7
      vertex 47.4979 8.00208 17.5
      vertex 47.4979 8.00208 18.7
    endloop
  endfacet
  facet normal 0.760404 -0.64945 0
    outer loop
      vertex 47.4979 8.00208 17.5
      vertex 47.3247 7.79923 18.7
      vertex 47.3247 7.79923 17.5
    endloop
  endfacet
  facet normal 0.923879 -0.382684 0
    outer loop
      vertex 47.0832 7.32533 18.7
      vertex 47.1853 7.57178 17.5
      vertex 47.1853 7.57178 18.7
    endloop
  endfacet
  facet normal 0.923879 -0.382684 0
    outer loop
      vertex 47.1853 7.57178 17.5
      vertex 47.0832 7.32533 18.7
      vertex 47.0832 7.32533 17.5
    endloop
  endfacet
  facet normal 0.522505 -0.852636 0
    outer loop
      vertex 47.7008 8.17533 17.5
      vertex 47.9282 8.31471 18.7
      vertex 47.7008 8.17533 18.7
    endloop
  endfacet
  facet normal 0.522505 -0.852636 0
    outer loop
      vertex 47.9282 8.31471 18.7
      vertex 47.7008 8.17533 17.5
      vertex 47.9282 8.31471 17.5
    endloop
  endfacet
  facet normal 0.0784611 -0.996917 0
    outer loop
      vertex 48.4341 8.47907 17.5
      vertex 48.7 8.5 18.7
      vertex 48.4341 8.47907 18.7
    endloop
  endfacet
  facet normal 0.0784611 -0.996917 0
    outer loop
      vertex 48.7 8.5 18.7
      vertex 48.4341 8.47907 17.5
      vertex 48.7 8.5 17.5
    endloop
  endfacet
  facet normal -0.996917 0.0784646 0
    outer loop
      vertex 50.3791 6.53406 17.5
      vertex 50.4 6.8 18.7
      vertex 50.4 6.8 17.5
    endloop
  endfacet
  facet normal -0.996917 0.0784646 0
    outer loop
      vertex 50.4 6.8 18.7
      vertex 50.3791 6.53406 17.5
      vertex 50.3791 6.53406 18.7
    endloop
  endfacet
  facet normal 0.649448 0.760406 -0
    outer loop
      vertex 47.7008 5.42467 17.5
      vertex 47.4979 5.59792 18.7
      vertex 47.7008 5.42467 18.7
    endloop
  endfacet
  facet normal 0.649448 0.760406 0
    outer loop
      vertex 47.4979 5.59792 18.7
      vertex 47.7008 5.42467 17.5
      vertex 47.4979 5.59792 17.5
    endloop
  endfacet
  facet normal 0.382682 0.92388 -0
    outer loop
      vertex 48.1747 5.1832 17.5
      vertex 47.9282 5.28529 18.7
      vertex 48.1747 5.1832 18.7
    endloop
  endfacet
  facet normal 0.382682 0.92388 0
    outer loop
      vertex 47.9282 5.28529 18.7
      vertex 48.1747 5.1832 17.5
      vertex 47.9282 5.28529 17.5
    endloop
  endfacet
  facet normal 0.972369 0.233448 0
    outer loop
      vertex 47.0832 6.27467 18.7
      vertex 47.0209 6.53406 17.5
      vertex 47.0209 6.53406 18.7
    endloop
  endfacet
  facet normal 0.972369 0.233448 0
    outer loop
      vertex 47.0209 6.53406 17.5
      vertex 47.0832 6.27467 18.7
      vertex 47.0832 6.27467 17.5
    endloop
  endfacet
  facet normal 0.852641 0.522498 0
    outer loop
      vertex 47.3247 5.80077 18.7
      vertex 47.1853 6.02822 17.5
      vertex 47.1853 6.02822 18.7
    endloop
  endfacet
  facet normal 0.852641 0.522498 0
    outer loop
      vertex 47.1853 6.02822 17.5
      vertex 47.3247 5.80077 18.7
      vertex 47.3247 5.80077 17.5
    endloop
  endfacet
  facet normal 0.923879 0.382684 0
    outer loop
      vertex 47.1853 6.02822 18.7
      vertex 47.0832 6.27467 17.5
      vertex 47.0832 6.27467 18.7
    endloop
  endfacet
  facet normal 0.923879 0.382684 0
    outer loop
      vertex 47.0832 6.27467 17.5
      vertex 47.1853 6.02822 18.7
      vertex 47.1853 6.02822 17.5
    endloop
  endfacet
  facet normal 0.233444 -0.97237 0
    outer loop
      vertex 48.1747 8.4168 17.5
      vertex 48.4341 8.47907 18.7
      vertex 48.1747 8.4168 18.7
    endloop
  endfacet
  facet normal 0.233444 -0.97237 0
    outer loop
      vertex 48.4341 8.47907 18.7
      vertex 48.1747 8.4168 17.5
      vertex 48.4341 8.47907 17.5
    endloop
  endfacet
  facet normal -0.382687 0.923878 0
    outer loop
      vertex 49.4718 5.28529 17.5
      vertex 49.2253 5.1832 18.7
      vertex 49.4718 5.28529 18.7
    endloop
  endfacet
  facet normal -0.382687 0.923878 0
    outer loop
      vertex 49.2253 5.1832 18.7
      vertex 49.4718 5.28529 17.5
      vertex 49.2253 5.1832 17.5
    endloop
  endfacet
  facet normal -0.0784611 0.996917 0
    outer loop
      vertex 48.9659 5.12093 17.5
      vertex 48.7 5.1 18.7
      vertex 48.9659 5.12093 18.7
    endloop
  endfacet
  facet normal -0.0784611 0.996917 0
    outer loop
      vertex 48.7 5.1 18.7
      vertex 48.9659 5.12093 17.5
      vertex 48.7 5.1 17.5
    endloop
  endfacet
  facet normal -0.233444 0.97237 0
    outer loop
      vertex 49.2253 5.1832 17.5
      vertex 48.9659 5.12093 18.7
      vertex 49.2253 5.1832 18.7
    endloop
  endfacet
  facet normal -0.233444 0.97237 0
    outer loop
      vertex 48.9659 5.12093 18.7
      vertex 49.2253 5.1832 17.5
      vertex 48.9659 5.12093 17.5
    endloop
  endfacet
  facet normal -0.522499 0.85264 0
    outer loop
      vertex 49.6992 5.42467 17.5
      vertex 49.4718 5.28529 18.7
      vertex 49.6992 5.42467 18.7
    endloop
  endfacet
  facet normal -0.522499 0.85264 0
    outer loop
      vertex 49.4718 5.28529 18.7
      vertex 49.6992 5.42467 17.5
      vertex 49.4718 5.28529 17.5
    endloop
  endfacet
  facet normal -0.760404 0.64945 0
    outer loop
      vertex 49.9021 5.59792 17.5
      vertex 50.0753 5.80077 18.7
      vertex 50.0753 5.80077 17.5
    endloop
  endfacet
  facet normal -0.760404 0.64945 0
    outer loop
      vertex 50.0753 5.80077 18.7
      vertex 49.9021 5.59792 17.5
      vertex 49.9021 5.59792 18.7
    endloop
  endfacet
  facet normal -0.649448 0.760406 0
    outer loop
      vertex 49.9021 5.59792 17.5
      vertex 49.6992 5.42467 18.7
      vertex 49.9021 5.59792 18.7
    endloop
  endfacet
  facet normal -0.649448 0.760406 0
    outer loop
      vertex 49.6992 5.42467 18.7
      vertex 49.9021 5.59792 17.5
      vertex 49.6992 5.42467 17.5
    endloop
  endfacet
  facet normal -0.923879 0.382684 0
    outer loop
      vertex 50.2147 6.02822 17.5
      vertex 50.3168 6.27467 18.7
      vertex 50.3168 6.27467 17.5
    endloop
  endfacet
  facet normal -0.923879 0.382684 0
    outer loop
      vertex 50.3168 6.27467 18.7
      vertex 50.2147 6.02822 17.5
      vertex 50.2147 6.02822 18.7
    endloop
  endfacet
  facet normal -0.972369 0.233448 0
    outer loop
      vertex 50.3168 6.27467 17.5
      vertex 50.3791 6.53406 18.7
      vertex 50.3791 6.53406 17.5
    endloop
  endfacet
  facet normal -0.972369 0.233448 0
    outer loop
      vertex 50.3791 6.53406 18.7
      vertex 50.3168 6.27467 17.5
      vertex 50.3168 6.27467 18.7
    endloop
  endfacet
  facet normal 0.233444 0.97237 -0
    outer loop
      vertex 48.4341 5.12093 17.5
      vertex 48.1747 5.1832 18.7
      vertex 48.4341 5.12093 18.7
    endloop
  endfacet
  facet normal 0.233444 0.97237 0
    outer loop
      vertex 48.1747 5.1832 18.7
      vertex 48.4341 5.12093 17.5
      vertex 48.1747 5.1832 17.5
    endloop
  endfacet
  facet normal 0.522505 0.852636 -0
    outer loop
      vertex 47.9282 5.28529 17.5
      vertex 47.7008 5.42467 18.7
      vertex 47.9282 5.28529 18.7
    endloop
  endfacet
  facet normal 0.522505 0.852636 0
    outer loop
      vertex 47.7008 5.42467 18.7
      vertex 47.9282 5.28529 17.5
      vertex 47.7008 5.42467 17.5
    endloop
  endfacet
  facet normal 0.0784611 0.996917 -0
    outer loop
      vertex 48.7 5.1 17.5
      vertex 48.4341 5.12093 18.7
      vertex 48.7 5.1 18.7
    endloop
  endfacet
  facet normal 0.0784611 0.996917 0
    outer loop
      vertex 48.4341 5.12093 18.7
      vertex 48.7 5.1 17.5
      vertex 48.4341 5.12093 17.5
    endloop
  endfacet
  facet normal 0.996917 0.0784646 0
    outer loop
      vertex 47.0209 6.53406 18.7
      vertex 47 6.8 17.5
      vertex 47 6.8 18.7
    endloop
  endfacet
  facet normal 0.996917 0.0784646 0
    outer loop
      vertex 47 6.8 17.5
      vertex 47.0209 6.53406 18.7
      vertex 47.0209 6.53406 17.5
    endloop
  endfacet
  facet normal 0 0 1
    outer loop
      vertex 50.3791 7.06594 17.5
      vertex 50.3791 6.53406 17.5
      vertex 50.4 6.8 17.5
    endloop
  endfacet
  facet normal 0 0 1
    outer loop
      vertex 50.3168 7.32533 17.5
      vertex 50.3791 6.53406 17.5
      vertex 50.3791 7.06594 17.5
    endloop
  endfacet
  facet normal 0 0 1
    outer loop
      vertex 50.3168 7.32533 17.5
      vertex 50.3168 6.27467 17.5
      vertex 50.3791 6.53406 17.5
    endloop
  endfacet
  facet normal 0 0 1
    outer loop
      vertex 50.2147 7.57178 17.5
      vertex 50.3168 6.27467 17.5
      vertex 50.3168 7.32533 17.5
    endloop
  endfacet
  facet normal 0 0 1
    outer loop
      vertex 50.2147 7.57178 17.5
      vertex 50.2147 6.02822 17.5
      vertex 50.3168 6.27467 17.5
    endloop
  endfacet
  facet normal 0 0 1
    outer loop
      vertex 50.0753 7.79923 17.5
      vertex 50.2147 6.02822 17.5
      vertex 50.2147 7.57178 17.5
    endloop
  endfacet
  facet normal 0 0 1
    outer loop
      vertex 50.0753 7.79923 17.5
      vertex 50.0753 5.80077 17.5
      vertex 50.2147 6.02822 17.5
    endloop
  endfacet
  facet normal 0 0 1
    outer loop
      vertex 49.9021 8.00208 17.5
      vertex 50.0753 5.80077 17.5
      vertex 50.0753 7.79923 17.5
    endloop
  endfacet
  facet normal 0 0 1
    outer loop
      vertex 49.9021 8.00208 17.5
      vertex 49.9021 5.59792 17.5
      vertex 50.0753 5.80077 17.5
    endloop
  endfacet
  facet normal 0 0 1
    outer loop
      vertex 49.6992 8.17533 17.5
      vertex 49.9021 5.59792 17.5
      vertex 49.9021 8.00208 17.5
    endloop
  endfacet
  facet normal 0 0 1
    outer loop
      vertex 49.6992 8.17533 17.5
      vertex 49.6992 5.42467 17.5
      vertex 49.9021 5.59792 17.5
    endloop
  endfacet
  facet normal 0 0 1
    outer loop
      vertex 49.4718 8.31471 17.5
      vertex 49.6992 5.42467 17.5
      vertex 49.6992 8.17533 17.5
    endloop
  endfacet
  facet normal 0 0 1
    outer loop
      vertex 49.4718 8.31471 17.5
      vertex 49.4718 5.28529 17.5
      vertex 49.6992 5.42467 17.5
    endloop
  endfacet
  facet normal 0 0 1
    outer loop
      vertex 49.2253 8.4168 17.5
      vertex 49.4718 5.28529 17.5
      vertex 49.4718 8.31471 17.5
    endloop
  endfacet
  facet normal 0 0 1
    outer loop
      vertex 49.2253 8.4168 17.5
      vertex 49.2253 5.1832 17.5
      vertex 49.4718 5.28529 17.5
    endloop
  endfacet
  facet normal 0 0 1
    outer loop
      vertex 48.9659 8.47907 17.5
      vertex 49.2253 5.1832 17.5
      vertex 49.2253 8.4168 17.5
    endloop
  endfacet
  facet normal 0 0 1
    outer loop
      vertex 48.9659 8.47907 17.5
      vertex 48.9659 5.12093 17.5
      vertex 49.2253 5.1832 17.5
    endloop
  endfacet
  facet normal 0 0 1
    outer loop
      vertex 48.7 8.5 17.5
      vertex 48.9659 5.12093 17.5
      vertex 48.9659 8.47907 17.5
    endloop
  endfacet
  facet normal 0 0 1
    outer loop
      vertex 48.7 8.5 17.5
      vertex 48.7 5.1 17.5
      vertex 48.9659 5.12093 17.5
    endloop
  endfacet
  facet normal -0 0 1
    outer loop
      vertex 48.4341 8.47907 17.5
      vertex 48.7 5.1 17.5
      vertex 48.7 8.5 17.5
    endloop
  endfacet
  facet normal 0 0 1
    outer loop
      vertex 48.4341 8.47907 17.5
      vertex 48.4341 5.12093 17.5
      vertex 48.7 5.1 17.5
    endloop
  endfacet
  facet normal -0 0 1
    outer loop
      vertex 48.1747 8.4168 17.5
      vertex 48.4341 5.12093 17.5
      vertex 48.4341 8.47907 17.5
    endloop
  endfacet
  facet normal 0 0 1
    outer loop
      vertex 48.1747 8.4168 17.5
      vertex 48.1747 5.1832 17.5
      vertex 48.4341 5.12093 17.5
    endloop
  endfacet
  facet normal -0 0 1
    outer loop
      vertex 47.9282 8.31471 17.5
      vertex 48.1747 5.1832 17.5
      vertex 48.1747 8.4168 17.5
    endloop
  endfacet
  facet normal 0 0 1
    outer loop
      vertex 47.9282 8.31471 17.5
      vertex 47.9282 5.28529 17.5
      vertex 48.1747 5.1832 17.5
    endloop
  endfacet
  facet normal -0 0 1
    outer loop
      vertex 47.7008 8.17533 17.5
      vertex 47.9282 5.28529 17.5
      vertex 47.9282 8.31471 17.5
    endloop
  endfacet
  facet normal 0 0 1
    outer loop
      vertex 47.7008 8.17533 17.5
      vertex 47.7008 5.42467 17.5
      vertex 47.9282 5.28529 17.5
    endloop
  endfacet
  facet normal -0 0 1
    outer loop
      vertex 47.4979 8.00208 17.5
      vertex 47.7008 5.42467 17.5
      vertex 47.7008 8.17533 17.5
    endloop
  endfacet
  facet normal 0 0 1
    outer loop
      vertex 47.4979 8.00208 17.5
      vertex 47.4979 5.59792 17.5
      vertex 47.7008 5.42467 17.5
    endloop
  endfacet
  facet normal -0 0 1
    outer loop
      vertex 47.3247 7.79923 17.5
      vertex 47.4979 5.59792 17.5
      vertex 47.4979 8.00208 17.5
    endloop
  endfacet
  facet normal 0 0 1
    outer loop
      vertex 47.3247 7.79923 17.5
      vertex 47.3247 5.80077 17.5
      vertex 47.4979 5.59792 17.5
    endloop
  endfacet
  facet normal -0 0 1
    outer loop
      vertex 47.1853 7.57178 17.5
      vertex 47.3247 5.80077 17.5
      vertex 47.3247 7.79923 17.5
    endloop
  endfacet
  facet normal 0 0 1
    outer loop
      vertex 47.1853 7.57178 17.5
      vertex 47.1853 6.02822 17.5
      vertex 47.3247 5.80077 17.5
    endloop
  endfacet
  facet normal -0 0 1
    outer loop
      vertex 47.0832 7.32533 17.5
      vertex 47.1853 6.02822 17.5
      vertex 47.1853 7.57178 17.5
    endloop
  endfacet
  facet normal 0 0 1
    outer loop
      vertex 47.0832 7.32533 17.5
      vertex 47.0832 6.27467 17.5
      vertex 47.1853 6.02822 17.5
    endloop
  endfacet
  facet normal -0 0 1
    outer loop
      vertex 47.0209 7.06594 17.5
      vertex 47.0832 6.27467 17.5
      vertex 47.0832 7.32533 17.5
    endloop
  endfacet
  facet normal 0 0 1
    outer loop
      vertex 47.0209 7.06594 17.5
      vertex 47.0209 6.53406 17.5
      vertex 47.0832 6.27467 17.5
    endloop
  endfacet
  facet normal 0 -0 1
    outer loop
      vertex 47.0209 6.53406 17.5
      vertex 47.0209 7.06594 17.5
      vertex 47 6.8 17.5
    endloop
  endfacet
  facet normal -0.233444 -0.97237 0
    outer loop
      vertex 48.9659 8.47907 17.5
      vertex 49.2253 8.4168 18.7
      vertex 48.9659 8.47907 18.7
    endloop
  endfacet
  facet normal -0.233444 -0.97237 -0
    outer loop
      vertex 49.2253 8.4168 18.7
      vertex 48.9659 8.47907 17.5
      vertex 49.2253 8.4168 17.5
    endloop
  endfacet
  facet normal 0.972369 -0.233448 0
    outer loop
      vertex 47.0209 7.06594 18.7
      vertex 47.0832 7.32533 17.5
      vertex 47.0832 7.32533 18.7
    endloop
  endfacet
  facet normal 0.972369 -0.233448 0
    outer loop
      vertex 47.0832 7.32533 17.5
      vertex 47.0209 7.06594 18.7
      vertex 47.0209 7.06594 17.5
    endloop
  endfacet
  facet normal -0.996917 -0.0784584 0
    outer loop
      vertex 28 51 18.7
      vertex 27.9717 51.3598 23.7
      vertex 27.9717 51.3598 18.7
    endloop
  endfacet
  facet normal -0.996917 -0.0784584 0
    outer loop
      vertex 27.9717 51.3598 23.7
      vertex 28 51 18.7
      vertex 28 51 23.7
    endloop
  endfacet
  facet normal 0.996917 -0.0784584 0
    outer loop
      vertex 23.4 51 23.7
      vertex 23.4283 51.3598 18.7
      vertex 23.4283 51.3598 23.7
    endloop
  endfacet
  facet normal 0.996917 -0.0784584 0
    outer loop
      vertex 23.4283 51.3598 18.7
      vertex 23.4 51 23.7
      vertex 23.4 51 18.7
    endloop
  endfacet
  facet normal 0.0784584 -0.996917 0
    outer loop
      vertex 25.3402 53.2717 18.7
      vertex 25.7 53.3 23.7
      vertex 25.3402 53.2717 23.7
    endloop
  endfacet
  facet normal 0.0784584 -0.996917 0
    outer loop
      vertex 25.7 53.3 23.7
      vertex 25.3402 53.2717 18.7
      vertex 25.7 53.3 18.7
    endloop
  endfacet
  facet normal -0.0784584 0.996917 0
    outer loop
      vertex 26.0598 48.7283 18.7
      vertex 25.7 48.7 23.7
      vertex 26.0598 48.7283 23.7
    endloop
  endfacet
  facet normal -0.0784584 0.996917 0
    outer loop
      vertex 25.7 48.7 23.7
      vertex 26.0598 48.7283 18.7
      vertex 25.7 48.7 18.7
    endloop
  endfacet
  facet normal -0.649456 -0.760399 0
    outer loop
      vertex 27.0519 52.8607 18.7
      vertex 27.3263 52.6263 23.7
      vertex 27.0519 52.8607 23.7
    endloop
  endfacet
  facet normal -0.649456 -0.760399 -0
    outer loop
      vertex 27.3263 52.6263 23.7
      vertex 27.0519 52.8607 18.7
      vertex 27.3263 52.6263 18.7
    endloop
  endfacet
  facet normal 0.760402 -0.649452 0
    outer loop
      vertex 23.8393 52.3519 23.7
      vertex 24.0737 52.6263 18.7
      vertex 24.0737 52.6263 23.7
    endloop
  endfacet
  facet normal 0.760402 -0.649452 0
    outer loop
      vertex 24.0737 52.6263 18.7
      vertex 23.8393 52.3519 23.7
      vertex 23.8393 52.3519 18.7
    endloop
  endfacet
  facet normal 0.522498 -0.85264 0
    outer loop
      vertex 24.3481 52.8607 18.7
      vertex 24.6558 53.0493 23.7
      vertex 24.3481 52.8607 23.7
    endloop
  endfacet
  facet normal 0.522498 -0.85264 0
    outer loop
      vertex 24.6558 53.0493 23.7
      vertex 24.3481 52.8607 18.7
      vertex 24.6558 53.0493 18.7
    endloop
  endfacet
  facet normal -0.85264 0.522498 0
    outer loop
      vertex 27.5607 49.6481 18.7
      vertex 27.7493 49.9558 23.7
      vertex 27.7493 49.9558 18.7
    endloop
  endfacet
  facet normal -0.85264 0.522498 0
    outer loop
      vertex 27.7493 49.9558 23.7
      vertex 27.5607 49.6481 18.7
      vertex 27.5607 49.6481 23.7
    endloop
  endfacet
  facet normal -0.85264 -0.522498 0
    outer loop
      vertex 27.7493 52.0442 18.7
      vertex 27.5607 52.3519 23.7
      vertex 27.5607 52.3519 18.7
    endloop
  endfacet
  facet normal -0.85264 -0.522498 0
    outer loop
      vertex 27.5607 52.3519 23.7
      vertex 27.7493 52.0442 18.7
      vertex 27.7493 52.0442 23.7
    endloop
  endfacet
  facet normal -0.760402 -0.649452 0
    outer loop
      vertex 27.5607 52.3519 18.7
      vertex 27.3263 52.6263 23.7
      vertex 27.3263 52.6263 18.7
    endloop
  endfacet
  facet normal -0.760402 -0.649452 0
    outer loop
      vertex 27.3263 52.6263 23.7
      vertex 27.5607 52.3519 18.7
      vertex 27.5607 52.3519 23.7
    endloop
  endfacet
  facet normal -0.233441 -0.972371 0
    outer loop
      vertex 26.0598 53.2717 18.7
      vertex 26.4107 53.1874 23.7
      vertex 26.0598 53.2717 23.7
    endloop
  endfacet
  facet normal -0.233441 -0.972371 -0
    outer loop
      vertex 26.4107 53.1874 23.7
      vertex 26.0598 53.2717 18.7
      vertex 26.4107 53.1874 18.7
    endloop
  endfacet
  facet normal -0.0784584 -0.996917 0
    outer loop
      vertex 25.7 53.3 18.7
      vertex 26.0598 53.2717 23.7
      vertex 25.7 53.3 23.7
    endloop
  endfacet
  facet normal -0.0784584 -0.996917 -0
    outer loop
      vertex 26.0598 53.2717 23.7
      vertex 25.7 53.3 18.7
      vertex 26.0598 53.2717 18.7
    endloop
  endfacet
  facet normal -0.522498 -0.85264 0
    outer loop
      vertex 26.7442 53.0493 18.7
      vertex 27.0519 52.8607 23.7
      vertex 26.7442 53.0493 23.7
    endloop
  endfacet
  facet normal -0.522498 -0.85264 -0
    outer loop
      vertex 27.0519 52.8607 23.7
      vertex 26.7442 53.0493 18.7
      vertex 27.0519 52.8607 18.7
    endloop
  endfacet
  facet normal 0.92388 -0.382683 0
    outer loop
      vertex 23.5126 51.7107 23.7
      vertex 23.6507 52.0442 18.7
      vertex 23.6507 52.0442 23.7
    endloop
  endfacet
  facet normal 0.92388 -0.382683 0
    outer loop
      vertex 23.6507 52.0442 18.7
      vertex 23.5126 51.7107 23.7
      vertex 23.5126 51.7107 18.7
    endloop
  endfacet
  facet normal 0.85264 -0.522498 0
    outer loop
      vertex 23.6507 52.0442 23.7
      vertex 23.8393 52.3519 18.7
      vertex 23.8393 52.3519 23.7
    endloop
  endfacet
  facet normal 0.85264 -0.522498 0
    outer loop
      vertex 23.8393 52.3519 18.7
      vertex 23.6507 52.0442 23.7
      vertex 23.6507 52.0442 18.7
    endloop
  endfacet
  facet normal 0.97237 -0.233445 0
    outer loop
      vertex 23.4283 51.3598 23.7
      vertex 23.5126 51.7107 18.7
      vertex 23.5126 51.7107 23.7
    endloop
  endfacet
  facet normal 0.97237 -0.233445 0
    outer loop
      vertex 23.5126 51.7107 18.7
      vertex 23.4283 51.3598 23.7
      vertex 23.4283 51.3598 18.7
    endloop
  endfacet
  facet normal 0.649456 -0.760399 0
    outer loop
      vertex 24.0737 52.6263 18.7
      vertex 24.3481 52.8607 23.7
      vertex 24.0737 52.6263 23.7
    endloop
  endfacet
  facet normal 0.649456 -0.760399 0
    outer loop
      vertex 24.3481 52.8607 23.7
      vertex 24.0737 52.6263 18.7
      vertex 24.3481 52.8607 18.7
    endloop
  endfacet
  facet normal 0.382683 -0.92388 0
    outer loop
      vertex 24.6558 53.0493 18.7
      vertex 24.9893 53.1874 23.7
      vertex 24.6558 53.0493 23.7
    endloop
  endfacet
  facet normal 0.382683 -0.92388 0
    outer loop
      vertex 24.9893 53.1874 23.7
      vertex 24.6558 53.0493 18.7
      vertex 24.9893 53.1874 18.7
    endloop
  endfacet
  facet normal 0 0 1
    outer loop
      vertex 27.4 51 18.7
      vertex 28 51 18.7
      vertex 27.9717 51.3598 18.7
    endloop
  endfacet
  facet normal 0 0 1
    outer loop
      vertex 27.3791 51.2659 18.7
      vertex 27.9717 51.3598 18.7
      vertex 27.8874 51.7107 18.7
    endloop
  endfacet
  facet normal 0 0 1
    outer loop
      vertex 28 51 18.7
      vertex 27.4 51 18.7
      vertex 27.9717 50.6402 18.7
    endloop
  endfacet
  facet normal 0 0 1
    outer loop
      vertex 27.3168 51.5253 18.7
      vertex 27.8874 51.7107 18.7
      vertex 27.7493 52.0442 18.7
    endloop
  endfacet
  facet normal -0 0 1
    outer loop
      vertex 27.3791 50.7341 18.7
      vertex 27.9717 50.6402 18.7
      vertex 27.4 51 18.7
    endloop
  endfacet
  facet normal 0 0 1
    outer loop
      vertex 27.2147 51.7718 18.7
      vertex 27.7493 52.0442 18.7
      vertex 27.5607 52.3519 18.7
    endloop
  endfacet
  facet normal 0 0 1
    outer loop
      vertex 27.9717 50.6402 18.7
      vertex 27.3791 50.7341 18.7
      vertex 27.8874 50.2893 18.7
    endloop
  endfacet
  facet normal -0 0 1
    outer loop
      vertex 27.3168 50.4747 18.7
      vertex 27.8874 50.2893 18.7
      vertex 27.3791 50.7341 18.7
    endloop
  endfacet
  facet normal 0 0 1
    outer loop
      vertex 27.9717 51.3598 18.7
      vertex 27.3791 51.2659 18.7
      vertex 27.4 51 18.7
    endloop
  endfacet
  facet normal 0 0 1
    outer loop
      vertex 27.0753 51.9992 18.7
      vertex 27.5607 52.3519 18.7
      vertex 27.3263 52.6263 18.7
    endloop
  endfacet
  facet normal 0 0 1
    outer loop
      vertex 27.8874 51.7107 18.7
      vertex 27.3168 51.5253 18.7
      vertex 27.3791 51.2659 18.7
    endloop
  endfacet
  facet normal 0 0 1
    outer loop
      vertex 27.7493 52.0442 18.7
      vertex 27.2147 51.7718 18.7
      vertex 27.3168 51.5253 18.7
    endloop
  endfacet
  facet normal 0 0 1
    outer loop
      vertex 27.5607 52.3519 18.7
      vertex 27.0753 51.9992 18.7
      vertex 27.2147 51.7718 18.7
    endloop
  endfacet
  facet normal 0 0 1
    outer loop
      vertex 26.9021 52.2021 18.7
      vertex 27.3263 52.6263 18.7
      vertex 27.0519 52.8607 18.7
    endloop
  endfacet
  facet normal 0 0 1
    outer loop
      vertex 27.3263 52.6263 18.7
      vertex 26.9021 52.2021 18.7
      vertex 27.0753 51.9992 18.7
    endloop
  endfacet
  facet normal 0 0 1
    outer loop
      vertex 26.6992 52.3753 18.7
      vertex 27.0519 52.8607 18.7
      vertex 26.7442 53.0493 18.7
    endloop
  endfacet
  facet normal 0 0 1
    outer loop
      vertex 27.0519 52.8607 18.7
      vertex 26.6992 52.3753 18.7
      vertex 26.9021 52.2021 18.7
    endloop
  endfacet
  facet normal 0 0 1
    outer loop
      vertex 26.7442 53.0493 18.7
      vertex 26.4718 52.5147 18.7
      vertex 26.6992 52.3753 18.7
    endloop
  endfacet
  facet normal 0 0 1
    outer loop
      vertex 26.4107 53.1874 18.7
      vertex 26.4718 52.5147 18.7
      vertex 26.7442 53.0493 18.7
    endloop
  endfacet
  facet normal 0 0 1
    outer loop
      vertex 26.4107 53.1874 18.7
      vertex 26.2253 52.6168 18.7
      vertex 26.4718 52.5147 18.7
    endloop
  endfacet
  facet normal 0 0 1
    outer loop
      vertex 26.0598 53.2717 18.7
      vertex 26.2253 52.6168 18.7
      vertex 26.4107 53.1874 18.7
    endloop
  endfacet
  facet normal 0 0 1
    outer loop
      vertex 26.0598 53.2717 18.7
      vertex 25.9659 52.6791 18.7
      vertex 26.2253 52.6168 18.7
    endloop
  endfacet
  facet normal 0 0 1
    outer loop
      vertex 25.7 53.3 18.7
      vertex 25.9659 52.6791 18.7
      vertex 26.0598 53.2717 18.7
    endloop
  endfacet
  facet normal 0 0 1
    outer loop
      vertex 25.7 53.3 18.7
      vertex 25.7 52.7 18.7
      vertex 25.9659 52.6791 18.7
    endloop
  endfacet
  facet normal 0 0 1
    outer loop
      vertex 25.7 53.3 18.7
      vertex 25.4341 52.6791 18.7
      vertex 25.7 52.7 18.7
    endloop
  endfacet
  facet normal -0 0 1
    outer loop
      vertex 25.3402 53.2717 18.7
      vertex 25.4341 52.6791 18.7
      vertex 25.7 53.3 18.7
    endloop
  endfacet
  facet normal 0 0 1
    outer loop
      vertex 25.3402 53.2717 18.7
      vertex 25.1747 52.6168 18.7
      vertex 25.4341 52.6791 18.7
    endloop
  endfacet
  facet normal -0 0 1
    outer loop
      vertex 24.9893 53.1874 18.7
      vertex 25.1747 52.6168 18.7
      vertex 25.3402 53.2717 18.7
    endloop
  endfacet
  facet normal 0 0 1
    outer loop
      vertex 24.9893 53.1874 18.7
      vertex 24.9282 52.5147 18.7
      vertex 25.1747 52.6168 18.7
    endloop
  endfacet
  facet normal -0 0 1
    outer loop
      vertex 24.6558 53.0493 18.7
      vertex 24.9282 52.5147 18.7
      vertex 24.9893 53.1874 18.7
    endloop
  endfacet
  facet normal 0 0 1
    outer loop
      vertex 24.9282 52.5147 18.7
      vertex 24.6558 53.0493 18.7
      vertex 24.7008 52.3753 18.7
    endloop
  endfacet
  facet normal -0 0 1
    outer loop
      vertex 24.3481 52.8607 18.7
      vertex 24.7008 52.3753 18.7
      vertex 24.6558 53.0493 18.7
    endloop
  endfacet
  facet normal 0 0 1
    outer loop
      vertex 24.7008 52.3753 18.7
      vertex 24.3481 52.8607 18.7
      vertex 24.4979 52.2021 18.7
    endloop
  endfacet
  facet normal -0 0 1
    outer loop
      vertex 24.0737 52.6263 18.7
      vertex 24.4979 52.2021 18.7
      vertex 24.3481 52.8607 18.7
    endloop
  endfacet
  facet normal 0 0 1
    outer loop
      vertex 24.4979 52.2021 18.7
      vertex 24.0737 52.6263 18.7
      vertex 24.3247 51.9992 18.7
    endloop
  endfacet
  facet normal -0 0 1
    outer loop
      vertex 23.8393 52.3519 18.7
      vertex 24.3247 51.9992 18.7
      vertex 24.0737 52.6263 18.7
    endloop
  endfacet
  facet normal 0 0 1
    outer loop
      vertex 24.3247 51.9992 18.7
      vertex 23.8393 52.3519 18.7
      vertex 24.1853 51.7718 18.7
    endloop
  endfacet
  facet normal -0 0 1
    outer loop
      vertex 23.6507 52.0442 18.7
      vertex 24.1853 51.7718 18.7
      vertex 23.8393 52.3519 18.7
    endloop
  endfacet
  facet normal 0 0 1
    outer loop
      vertex 24.1853 51.7718 18.7
      vertex 23.6507 52.0442 18.7
      vertex 24.0832 51.5253 18.7
    endloop
  endfacet
  facet normal -0 0 1
    outer loop
      vertex 23.5126 51.7107 18.7
      vertex 24.0832 51.5253 18.7
      vertex 23.6507 52.0442 18.7
    endloop
  endfacet
  facet normal 0 0 1
    outer loop
      vertex 27.8874 50.2893 18.7
      vertex 27.3168 50.4747 18.7
      vertex 27.7493 49.9558 18.7
    endloop
  endfacet
  facet normal -0 0 1
    outer loop
      vertex 27.2147 50.2282 18.7
      vertex 27.7493 49.9558 18.7
      vertex 27.3168 50.4747 18.7
    endloop
  endfacet
  facet normal 0 0 1
    outer loop
      vertex 27.7493 49.9558 18.7
      vertex 27.2147 50.2282 18.7
      vertex 27.5607 49.6481 18.7
    endloop
  endfacet
  facet normal -0 0 1
    outer loop
      vertex 27.0753 50.0008 18.7
      vertex 27.5607 49.6481 18.7
      vertex 27.2147 50.2282 18.7
    endloop
  endfacet
  facet normal 0 0 1
    outer loop
      vertex 27.5607 49.6481 18.7
      vertex 27.0753 50.0008 18.7
      vertex 27.3263 49.3737 18.7
    endloop
  endfacet
  facet normal -0 0 1
    outer loop
      vertex 26.9021 49.7979 18.7
      vertex 27.3263 49.3737 18.7
      vertex 27.0753 50.0008 18.7
    endloop
  endfacet
  facet normal 0 0 1
    outer loop
      vertex 27.3263 49.3737 18.7
      vertex 26.9021 49.7979 18.7
      vertex 27.0519 49.1393 18.7
    endloop
  endfacet
  facet normal -0 0 1
    outer loop
      vertex 26.6992 49.6247 18.7
      vertex 27.0519 49.1393 18.7
      vertex 26.9021 49.7979 18.7
    endloop
  endfacet
  facet normal 0 0 1
    outer loop
      vertex 27.0519 49.1393 18.7
      vertex 26.6992 49.6247 18.7
      vertex 26.7442 48.9507 18.7
    endloop
  endfacet
  facet normal -0 0 1
    outer loop
      vertex 26.4718 49.4853 18.7
      vertex 26.7442 48.9507 18.7
      vertex 26.6992 49.6247 18.7
    endloop
  endfacet
  facet normal 0 0 1
    outer loop
      vertex 26.4718 49.4853 18.7
      vertex 26.4107 48.8126 18.7
      vertex 26.7442 48.9507 18.7
    endloop
  endfacet
  facet normal -0 0 1
    outer loop
      vertex 26.2253 49.3832 18.7
      vertex 26.4107 48.8126 18.7
      vertex 26.4718 49.4853 18.7
    endloop
  endfacet
  facet normal 0 0 1
    outer loop
      vertex 26.2253 49.3832 18.7
      vertex 26.0598 48.7283 18.7
      vertex 26.4107 48.8126 18.7
    endloop
  endfacet
  facet normal -0 0 1
    outer loop
      vertex 25.9659 49.3209 18.7
      vertex 26.0598 48.7283 18.7
      vertex 26.2253 49.3832 18.7
    endloop
  endfacet
  facet normal -0 0 1
    outer loop
      vertex 25.7 49.3 18.7
      vertex 26.0598 48.7283 18.7
      vertex 25.9659 49.3209 18.7
    endloop
  endfacet
  facet normal 0 0 1
    outer loop
      vertex 25.7 49.3 18.7
      vertex 25.7 48.7 18.7
      vertex 26.0598 48.7283 18.7
    endloop
  endfacet
  facet normal 0 0 1
    outer loop
      vertex 25.4341 49.3209 18.7
      vertex 25.7 48.7 18.7
      vertex 25.7 49.3 18.7
    endloop
  endfacet
  facet normal 0 0 1
    outer loop
      vertex 25.4341 49.3209 18.7
      vertex 25.3402 48.7283 18.7
      vertex 25.7 48.7 18.7
    endloop
  endfacet
  facet normal 0 0 1
    outer loop
      vertex 25.1747 49.3832 18.7
      vertex 25.3402 48.7283 18.7
      vertex 25.4341 49.3209 18.7
    endloop
  endfacet
  facet normal 0 0 1
    outer loop
      vertex 25.1747 49.3832 18.7
      vertex 24.9893 48.8126 18.7
      vertex 25.3402 48.7283 18.7
    endloop
  endfacet
  facet normal 0 0 1
    outer loop
      vertex 24.9282 49.4853 18.7
      vertex 24.9893 48.8126 18.7
      vertex 25.1747 49.3832 18.7
    endloop
  endfacet
  facet normal 0 0 1
    outer loop
      vertex 24.6558 48.9507 18.7
      vertex 24.9282 49.4853 18.7
      vertex 24.7008 49.6247 18.7
    endloop
  endfacet
  facet normal 0 0 1
    outer loop
      vertex 24.9282 49.4853 18.7
      vertex 24.6558 48.9507 18.7
      vertex 24.9893 48.8126 18.7
    endloop
  endfacet
  facet normal 0 0 1
    outer loop
      vertex 24.3481 49.1393 18.7
      vertex 24.7008 49.6247 18.7
      vertex 24.4979 49.7979 18.7
    endloop
  endfacet
  facet normal 0 0 1
    outer loop
      vertex 24.7008 49.6247 18.7
      vertex 24.3481 49.1393 18.7
      vertex 24.6558 48.9507 18.7
    endloop
  endfacet
  facet normal 0 0 1
    outer loop
      vertex 24.0737 49.3737 18.7
      vertex 24.4979 49.7979 18.7
      vertex 24.3247 50.0008 18.7
    endloop
  endfacet
  facet normal 0 0 1
    outer loop
      vertex 23.8393 49.6481 18.7
      vertex 24.3247 50.0008 18.7
      vertex 24.1853 50.2282 18.7
    endloop
  endfacet
  facet normal 0 0 1
    outer loop
      vertex 23.6507 49.9558 18.7
      vertex 24.1853 50.2282 18.7
      vertex 24.0832 50.4747 18.7
    endloop
  endfacet
  facet normal 0 0 1
    outer loop
      vertex 24.4979 49.7979 18.7
      vertex 24.0737 49.3737 18.7
      vertex 24.3481 49.1393 18.7
    endloop
  endfacet
  facet normal 0 0 1
    outer loop
      vertex 23.5126 50.2893 18.7
      vertex 24.0832 50.4747 18.7
      vertex 24.0209 50.7341 18.7
    endloop
  endfacet
  facet normal 0 0 1
    outer loop
      vertex 23.4283 50.6402 18.7
      vertex 24.0209 50.7341 18.7
      vertex 24 51 18.7
    endloop
  endfacet
  facet normal 0 0 1
    outer loop
      vertex 24.0832 51.5253 18.7
      vertex 23.5126 51.7107 18.7
      vertex 24.0209 51.2659 18.7
    endloop
  endfacet
  facet normal 0 0 1
    outer loop
      vertex 24.3247 50.0008 18.7
      vertex 23.8393 49.6481 18.7
      vertex 24.0737 49.3737 18.7
    endloop
  endfacet
  facet normal -0 0 1
    outer loop
      vertex 23.4283 51.3598 18.7
      vertex 24.0209 51.2659 18.7
      vertex 23.5126 51.7107 18.7
    endloop
  endfacet
  facet normal 0 0 1
    outer loop
      vertex 24.1853 50.2282 18.7
      vertex 23.6507 49.9558 18.7
      vertex 23.8393 49.6481 18.7
    endloop
  endfacet
  facet normal 0 0 1
    outer loop
      vertex 24.0209 51.2659 18.7
      vertex 23.4283 51.3598 18.7
      vertex 24 51 18.7
    endloop
  endfacet
  facet normal 0 0 1
    outer loop
      vertex 24.0832 50.4747 18.7
      vertex 23.5126 50.2893 18.7
      vertex 23.6507 49.9558 18.7
    endloop
  endfacet
  facet normal 0 0 1
    outer loop
      vertex 23.4 51 18.7
      vertex 24 51 18.7
      vertex 23.4283 51.3598 18.7
    endloop
  endfacet
  facet normal 0 0 1
    outer loop
      vertex 24.0209 50.7341 18.7
      vertex 23.4283 50.6402 18.7
      vertex 23.5126 50.2893 18.7
    endloop
  endfacet
  facet normal 0 0 1
    outer loop
      vertex 24 51 18.7
      vertex 23.4 51 18.7
      vertex 23.4283 50.6402 18.7
    endloop
  endfacet
  facet normal -0.233441 0.972371 0
    outer loop
      vertex 26.4107 48.8126 18.7
      vertex 26.0598 48.7283 23.7
      vertex 26.4107 48.8126 23.7
    endloop
  endfacet
  facet normal -0.233441 0.972371 0
    outer loop
      vertex 26.0598 48.7283 23.7
      vertex 26.4107 48.8126 18.7
      vertex 26.0598 48.7283 18.7
    endloop
  endfacet
  facet normal -0.92388 -0.382683 0
    outer loop
      vertex 27.8874 51.7107 18.7
      vertex 27.7493 52.0442 23.7
      vertex 27.7493 52.0442 18.7
    endloop
  endfacet
  facet normal -0.92388 -0.382683 0
    outer loop
      vertex 27.7493 52.0442 23.7
      vertex 27.8874 51.7107 18.7
      vertex 27.8874 51.7107 23.7
    endloop
  endfacet
  facet normal -0.97237 -0.233445 0
    outer loop
      vertex 27.9717 51.3598 18.7
      vertex 27.8874 51.7107 23.7
      vertex 27.8874 51.7107 18.7
    endloop
  endfacet
  facet normal -0.97237 -0.233445 0
    outer loop
      vertex 27.8874 51.7107 23.7
      vertex 27.9717 51.3598 18.7
      vertex 27.9717 51.3598 23.7
    endloop
  endfacet
  facet normal -0.382682 -0.92388 0
    outer loop
      vertex 26.4107 53.1874 18.7
      vertex 26.7442 53.0493 23.7
      vertex 26.4107 53.1874 23.7
    endloop
  endfacet
  facet normal -0.382682 -0.92388 -0
    outer loop
      vertex 26.7442 53.0493 23.7
      vertex 26.4107 53.1874 18.7
      vertex 26.7442 53.0493 18.7
    endloop
  endfacet
  facet normal 0.23344 -0.972371 0
    outer loop
      vertex 24.9893 53.1874 18.7
      vertex 25.3402 53.2717 23.7
      vertex 24.9893 53.1874 23.7
    endloop
  endfacet
  facet normal 0.23344 -0.972371 0
    outer loop
      vertex 25.3402 53.2717 23.7
      vertex 24.9893 53.1874 18.7
      vertex 25.3402 53.2717 18.7
    endloop
  endfacet
  facet normal -0.996917 0.0784584 0
    outer loop
      vertex 27.9717 50.6402 18.7
      vertex 28 51 23.7
      vertex 28 51 18.7
    endloop
  endfacet
  facet normal -0.996917 0.0784584 0
    outer loop
      vertex 28 51 23.7
      vertex 27.9717 50.6402 18.7
      vertex 27.9717 50.6402 23.7
    endloop
  endfacet
  facet normal 0.85264 0.522498 0
    outer loop
      vertex 23.8393 49.6481 23.7
      vertex 23.6507 49.9558 18.7
      vertex 23.6507 49.9558 23.7
    endloop
  endfacet
  facet normal 0.85264 0.522498 0
    outer loop
      vertex 23.6507 49.9558 18.7
      vertex 23.8393 49.6481 23.7
      vertex 23.8393 49.6481 18.7
    endloop
  endfacet
  facet normal 0.996917 0.0784584 0
    outer loop
      vertex 23.4283 50.6402 23.7
      vertex 23.4 51 18.7
      vertex 23.4 51 23.7
    endloop
  endfacet
  facet normal 0.996917 0.0784584 0
    outer loop
      vertex 23.4 51 18.7
      vertex 23.4283 50.6402 23.7
      vertex 23.4283 50.6402 18.7
    endloop
  endfacet
  facet normal -0.649456 0.760399 0
    outer loop
      vertex 27.3263 49.3737 18.7
      vertex 27.0519 49.1393 23.7
      vertex 27.3263 49.3737 23.7
    endloop
  endfacet
  facet normal -0.649456 0.760399 0
    outer loop
      vertex 27.0519 49.1393 23.7
      vertex 27.3263 49.3737 18.7
      vertex 27.0519 49.1393 18.7
    endloop
  endfacet
  facet normal -0.92388 0.382683 0
    outer loop
      vertex 27.7493 49.9558 18.7
      vertex 27.8874 50.2893 23.7
      vertex 27.8874 50.2893 18.7
    endloop
  endfacet
  facet normal -0.92388 0.382683 0
    outer loop
      vertex 27.8874 50.2893 23.7
      vertex 27.7493 49.9558 18.7
      vertex 27.7493 49.9558 23.7
    endloop
  endfacet
  facet normal 0.522498 0.85264 -0
    outer loop
      vertex 24.6558 48.9507 18.7
      vertex 24.3481 49.1393 23.7
      vertex 24.6558 48.9507 23.7
    endloop
  endfacet
  facet normal 0.522498 0.85264 0
    outer loop
      vertex 24.3481 49.1393 23.7
      vertex 24.6558 48.9507 18.7
      vertex 24.3481 49.1393 18.7
    endloop
  endfacet
  facet normal 0.0784584 0.996917 -0
    outer loop
      vertex 25.7 48.7 18.7
      vertex 25.3402 48.7283 23.7
      vertex 25.7 48.7 23.7
    endloop
  endfacet
  facet normal 0.0784584 0.996917 0
    outer loop
      vertex 25.3402 48.7283 23.7
      vertex 25.7 48.7 18.7
      vertex 25.3402 48.7283 18.7
    endloop
  endfacet
  facet normal 0.97237 0.233445 0
    outer loop
      vertex 23.5126 50.2893 23.7
      vertex 23.4283 50.6402 18.7
      vertex 23.4283 50.6402 23.7
    endloop
  endfacet
  facet normal 0.97237 0.233445 0
    outer loop
      vertex 23.4283 50.6402 18.7
      vertex 23.5126 50.2893 23.7
      vertex 23.5126 50.2893 18.7
    endloop
  endfacet
  facet normal 0.92388 0.382683 0
    outer loop
      vertex 23.6507 49.9558 23.7
      vertex 23.5126 50.2893 18.7
      vertex 23.5126 50.2893 23.7
    endloop
  endfacet
  facet normal 0.92388 0.382683 0
    outer loop
      vertex 23.5126 50.2893 18.7
      vertex 23.6507 49.9558 23.7
      vertex 23.6507 49.9558 18.7
    endloop
  endfacet
  facet normal -0.760402 0.649452 0
    outer loop
      vertex 27.3263 49.3737 18.7
      vertex 27.5607 49.6481 23.7
      vertex 27.5607 49.6481 18.7
    endloop
  endfacet
  facet normal -0.760402 0.649452 0
    outer loop
      vertex 27.5607 49.6481 23.7
      vertex 27.3263 49.3737 18.7
      vertex 27.3263 49.3737 23.7
    endloop
  endfacet
  facet normal -0.522498 0.85264 0
    outer loop
      vertex 27.0519 49.1393 18.7
      vertex 26.7442 48.9507 23.7
      vertex 27.0519 49.1393 23.7
    endloop
  endfacet
  facet normal -0.522498 0.85264 0
    outer loop
      vertex 26.7442 48.9507 23.7
      vertex 27.0519 49.1393 18.7
      vertex 26.7442 48.9507 18.7
    endloop
  endfacet
  facet normal -0.382682 0.92388 0
    outer loop
      vertex 26.7442 48.9507 18.7
      vertex 26.4107 48.8126 23.7
      vertex 26.7442 48.9507 23.7
    endloop
  endfacet
  facet normal -0.382682 0.92388 0
    outer loop
      vertex 26.4107 48.8126 23.7
      vertex 26.7442 48.9507 18.7
      vertex 26.4107 48.8126 18.7
    endloop
  endfacet
  facet normal -0.97237 0.233445 0
    outer loop
      vertex 27.8874 50.2893 18.7
      vertex 27.9717 50.6402 23.7
      vertex 27.9717 50.6402 18.7
    endloop
  endfacet
  facet normal -0.97237 0.233445 0
    outer loop
      vertex 27.9717 50.6402 23.7
      vertex 27.8874 50.2893 18.7
      vertex 27.8874 50.2893 23.7
    endloop
  endfacet
  facet normal 0.382683 0.92388 -0
    outer loop
      vertex 24.9893 48.8126 18.7
      vertex 24.6558 48.9507 23.7
      vertex 24.9893 48.8126 23.7
    endloop
  endfacet
  facet normal 0.382683 0.92388 0
    outer loop
      vertex 24.6558 48.9507 23.7
      vertex 24.9893 48.8126 18.7
      vertex 24.6558 48.9507 18.7
    endloop
  endfacet
  facet normal 0.760402 0.649452 0
    outer loop
      vertex 24.0737 49.3737 23.7
      vertex 23.8393 49.6481 18.7
      vertex 23.8393 49.6481 23.7
    endloop
  endfacet
  facet normal 0.760402 0.649452 0
    outer loop
      vertex 23.8393 49.6481 18.7
      vertex 24.0737 49.3737 23.7
      vertex 24.0737 49.3737 18.7
    endloop
  endfacet
  facet normal 0.649456 0.760399 -0
    outer loop
      vertex 24.3481 49.1393 18.7
      vertex 24.0737 49.3737 23.7
      vertex 24.3481 49.1393 23.7
    endloop
  endfacet
  facet normal 0.649456 0.760399 0
    outer loop
      vertex 24.0737 49.3737 23.7
      vertex 24.3481 49.1393 18.7
      vertex 24.0737 49.3737 18.7
    endloop
  endfacet
  facet normal 0.23344 0.972371 -0
    outer loop
      vertex 25.3402 48.7283 18.7
      vertex 24.9893 48.8126 23.7
      vertex 25.3402 48.7283 23.7
    endloop
  endfacet
  facet normal 0.23344 0.972371 0
    outer loop
      vertex 24.9893 48.8126 23.7
      vertex 25.3402 48.7283 18.7
      vertex 24.9893 48.8126 18.7
    endloop
  endfacet
  facet normal -0.996917 -0.0784575 0
    outer loop
      vertex 27.4 51 17.5
      vertex 27.3791 51.2659 18.7
      vertex 27.3791 51.2659 17.5
    endloop
  endfacet
  facet normal -0.996917 -0.0784575 0
    outer loop
      vertex 27.3791 51.2659 18.7
      vertex 27.4 51 17.5
      vertex 27.4 51 18.7
    endloop
  endfacet
  facet normal 0.996917 -0.0784646 0
    outer loop
      vertex 24 51 18.7
      vertex 24.0209 51.2659 17.5
      vertex 24.0209 51.2659 18.7
    endloop
  endfacet
  facet normal 0.996917 -0.0784646 0
    outer loop
      vertex 24.0209 51.2659 17.5
      vertex 24 51 18.7
      vertex 24 51 17.5
    endloop
  endfacet
  facet normal -0.0784646 -0.996917 0
    outer loop
      vertex 25.7 52.7 17.5
      vertex 25.9659 52.6791 18.7
      vertex 25.7 52.7 18.7
    endloop
  endfacet
  facet normal -0.0784646 -0.996917 -0
    outer loop
      vertex 25.9659 52.6791 18.7
      vertex 25.7 52.7 17.5
      vertex 25.9659 52.6791 17.5
    endloop
  endfacet
  facet normal -0.760404 -0.64945 0
    outer loop
      vertex 27.0753 51.9992 17.5
      vertex 26.9021 52.2021 18.7
      vertex 26.9021 52.2021 17.5
    endloop
  endfacet
  facet normal -0.760404 -0.64945 0
    outer loop
      vertex 26.9021 52.2021 18.7
      vertex 27.0753 51.9992 17.5
      vertex 27.0753 51.9992 18.7
    endloop
  endfacet
  facet normal 0.64945 -0.760404 0
    outer loop
      vertex 24.4979 52.2021 17.5
      vertex 24.7008 52.3753 18.7
      vertex 24.4979 52.2021 18.7
    endloop
  endfacet
  facet normal 0.64945 -0.760404 0
    outer loop
      vertex 24.7008 52.3753 18.7
      vertex 24.4979 52.2021 17.5
      vertex 24.7008 52.3753 17.5
    endloop
  endfacet
  facet normal 0.382685 -0.923879 0
    outer loop
      vertex 24.9282 52.5147 17.5
      vertex 25.1747 52.6168 18.7
      vertex 24.9282 52.5147 18.7
    endloop
  endfacet
  facet normal 0.382685 -0.923879 0
    outer loop
      vertex 25.1747 52.6168 18.7
      vertex 24.9282 52.5147 17.5
      vertex 25.1747 52.6168 17.5
    endloop
  endfacet
  facet normal -0.852642 0.522496 0
    outer loop
      vertex 27.0753 50.0008 17.5
      vertex 27.2147 50.2282 18.7
      vertex 27.2147 50.2282 17.5
    endloop
  endfacet
  facet normal -0.852642 0.522496 0
    outer loop
      vertex 27.2147 50.2282 18.7
      vertex 27.0753 50.0008 17.5
      vertex 27.0753 50.0008 18.7
    endloop
  endfacet
  facet normal 0.760408 0.649446 0
    outer loop
      vertex 24.4979 49.7979 18.7
      vertex 24.3247 50.0008 17.5
      vertex 24.3247 50.0008 18.7
    endloop
  endfacet
  facet normal 0.760408 0.649446 0
    outer loop
      vertex 24.3247 50.0008 17.5
      vertex 24.4979 49.7979 18.7
      vertex 24.4979 49.7979 17.5
    endloop
  endfacet
  facet normal -0.923878 -0.382687 0
    outer loop
      vertex 27.3168 51.5253 17.5
      vertex 27.2147 51.7718 18.7
      vertex 27.2147 51.7718 17.5
    endloop
  endfacet
  facet normal -0.923878 -0.382687 0
    outer loop
      vertex 27.2147 51.7718 18.7
      vertex 27.3168 51.5253 17.5
      vertex 27.3168 51.5253 18.7
    endloop
  endfacet
  facet normal -0.97237 -0.233447 0
    outer loop
      vertex 27.3791 51.2659 17.5
      vertex 27.3168 51.5253 18.7
      vertex 27.3168 51.5253 17.5
    endloop
  endfacet
  facet normal -0.97237 -0.233447 0
    outer loop
      vertex 27.3168 51.5253 18.7
      vertex 27.3791 51.2659 17.5
      vertex 27.3791 51.2659 18.7
    endloop
  endfacet
  facet normal -0.852642 -0.522496 0
    outer loop
      vertex 27.2147 51.7718 17.5
      vertex 27.0753 51.9992 18.7
      vertex 27.0753 51.9992 17.5
    endloop
  endfacet
  facet normal -0.852642 -0.522496 0
    outer loop
      vertex 27.0753 51.9992 18.7
      vertex 27.2147 51.7718 17.5
      vertex 27.2147 51.7718 18.7
    endloop
  endfacet
  facet normal -0.522499 -0.85264 0
    outer loop
      vertex 26.4718 52.5147 17.5
      vertex 26.6992 52.3753 18.7
      vertex 26.4718 52.5147 18.7
    endloop
  endfacet
  facet normal -0.522499 -0.85264 -0
    outer loop
      vertex 26.6992 52.3753 18.7
      vertex 26.4718 52.5147 17.5
      vertex 26.6992 52.3753 17.5
    endloop
  endfacet
  facet normal -0.382682 -0.92388 0
    outer loop
      vertex 26.2253 52.6168 17.5
      vertex 26.4718 52.5147 18.7
      vertex 26.2253 52.6168 18.7
    endloop
  endfacet
  facet normal -0.382682 -0.92388 -0
    outer loop
      vertex 26.4718 52.5147 18.7
      vertex 26.2253 52.6168 17.5
      vertex 26.4718 52.5147 17.5
    endloop
  endfacet
  facet normal -0.64945 -0.760404 0
    outer loop
      vertex 26.6992 52.3753 17.5
      vertex 26.9021 52.2021 18.7
      vertex 26.6992 52.3753 18.7
    endloop
  endfacet
  facet normal -0.64945 -0.760404 -0
    outer loop
      vertex 26.9021 52.2021 18.7
      vertex 26.6992 52.3753 17.5
      vertex 26.9021 52.2021 17.5
    endloop
  endfacet
  facet normal 0.852639 -0.522501 0
    outer loop
      vertex 24.1853 51.7718 18.7
      vertex 24.3247 51.9992 17.5
      vertex 24.3247 51.9992 18.7
    endloop
  endfacet
  facet normal 0.852639 -0.522501 0
    outer loop
      vertex 24.3247 51.9992 17.5
      vertex 24.1853 51.7718 18.7
      vertex 24.1853 51.7718 17.5
    endloop
  endfacet
  facet normal 0.760408 -0.649446 0
    outer loop
      vertex 24.3247 51.9992 18.7
      vertex 24.4979 52.2021 17.5
      vertex 24.4979 52.2021 18.7
    endloop
  endfacet
  facet normal 0.760408 -0.649446 0
    outer loop
      vertex 24.4979 52.2021 17.5
      vertex 24.3247 51.9992 18.7
      vertex 24.3247 51.9992 17.5
    endloop
  endfacet
  facet normal 0.923878 -0.382687 0
    outer loop
      vertex 24.0832 51.5253 18.7
      vertex 24.1853 51.7718 17.5
      vertex 24.1853 51.7718 18.7
    endloop
  endfacet
  facet normal 0.923878 -0.382687 0
    outer loop
      vertex 24.1853 51.7718 17.5
      vertex 24.0832 51.5253 18.7
      vertex 24.0832 51.5253 17.5
    endloop
  endfacet
  facet normal 0.522496 -0.852642 0
    outer loop
      vertex 24.7008 52.3753 17.5
      vertex 24.9282 52.5147 18.7
      vertex 24.7008 52.3753 18.7
    endloop
  endfacet
  facet normal 0.522496 -0.852642 0
    outer loop
      vertex 24.9282 52.5147 18.7
      vertex 24.7008 52.3753 17.5
      vertex 24.9282 52.5147 17.5
    endloop
  endfacet
  facet normal 0.0784646 -0.996917 0
    outer loop
      vertex 25.4341 52.6791 17.5
      vertex 25.7 52.7 18.7
      vertex 25.4341 52.6791 18.7
    endloop
  endfacet
  facet normal 0.0784646 -0.996917 0
    outer loop
      vertex 25.7 52.7 18.7
      vertex 25.4341 52.6791 17.5
      vertex 25.7 52.7 17.5
    endloop
  endfacet
  facet normal -0.996917 0.0784575 0
    outer loop
      vertex 27.3791 50.7341 17.5
      vertex 27.4 51 18.7
      vertex 27.4 51 17.5
    endloop
  endfacet
  facet normal -0.996917 0.0784575 0
    outer loop
      vertex 27.4 51 18.7
      vertex 27.3791 50.7341 17.5
      vertex 27.3791 50.7341 18.7
    endloop
  endfacet
  facet normal 0.64945 0.760404 -0
    outer loop
      vertex 24.7008 49.6247 17.5
      vertex 24.4979 49.7979 18.7
      vertex 24.7008 49.6247 18.7
    endloop
  endfacet
  facet normal 0.64945 0.760404 0
    outer loop
      vertex 24.4979 49.7979 18.7
      vertex 24.7008 49.6247 17.5
      vertex 24.4979 49.7979 17.5
    endloop
  endfacet
  facet normal 0.382685 0.923879 -0
    outer loop
      vertex 25.1747 49.3832 17.5
      vertex 24.9282 49.4853 18.7
      vertex 25.1747 49.3832 18.7
    endloop
  endfacet
  facet normal 0.382685 0.923879 0
    outer loop
      vertex 24.9282 49.4853 18.7
      vertex 25.1747 49.3832 17.5
      vertex 24.9282 49.4853 17.5
    endloop
  endfacet
  facet normal 0.972371 0.23344 0
    outer loop
      vertex 24.0832 50.4747 18.7
      vertex 24.0209 50.7341 17.5
      vertex 24.0209 50.7341 18.7
    endloop
  endfacet
  facet normal 0.972371 0.23344 0
    outer loop
      vertex 24.0209 50.7341 17.5
      vertex 24.0832 50.4747 18.7
      vertex 24.0832 50.4747 17.5
    endloop
  endfacet
  facet normal 0.852639 0.522501 0
    outer loop
      vertex 24.3247 50.0008 18.7
      vertex 24.1853 50.2282 17.5
      vertex 24.1853 50.2282 18.7
    endloop
  endfacet
  facet normal 0.852639 0.522501 0
    outer loop
      vertex 24.1853 50.2282 17.5
      vertex 24.3247 50.0008 18.7
      vertex 24.3247 50.0008 17.5
    endloop
  endfacet
  facet normal 0.923878 0.382687 0
    outer loop
      vertex 24.1853 50.2282 18.7
      vertex 24.0832 50.4747 17.5
      vertex 24.0832 50.4747 18.7
    endloop
  endfacet
  facet normal 0.923878 0.382687 0
    outer loop
      vertex 24.0832 50.4747 17.5
      vertex 24.1853 50.2282 18.7
      vertex 24.1853 50.2282 17.5
    endloop
  endfacet
  facet normal 0.233447 -0.97237 0
    outer loop
      vertex 25.1747 52.6168 17.5
      vertex 25.4341 52.6791 18.7
      vertex 25.1747 52.6168 18.7
    endloop
  endfacet
  facet normal 0.233447 -0.97237 0
    outer loop
      vertex 25.4341 52.6791 18.7
      vertex 25.1747 52.6168 17.5
      vertex 25.4341 52.6791 17.5
    endloop
  endfacet
  facet normal -0.382682 0.92388 0
    outer loop
      vertex 26.4718 49.4853 17.5
      vertex 26.2253 49.3832 18.7
      vertex 26.4718 49.4853 18.7
    endloop
  endfacet
  facet normal -0.382682 0.92388 0
    outer loop
      vertex 26.2253 49.3832 18.7
      vertex 26.4718 49.4853 17.5
      vertex 26.2253 49.3832 17.5
    endloop
  endfacet
  facet normal -0.0784646 0.996917 0
    outer loop
      vertex 25.9659 49.3209 17.5
      vertex 25.7 49.3 18.7
      vertex 25.9659 49.3209 18.7
    endloop
  endfacet
  facet normal -0.0784646 0.996917 0
    outer loop
      vertex 25.7 49.3 18.7
      vertex 25.9659 49.3209 17.5
      vertex 25.7 49.3 17.5
    endloop
  endfacet
  facet normal -0.233449 0.972369 0
    outer loop
      vertex 26.2253 49.3832 17.5
      vertex 25.9659 49.3209 18.7
      vertex 26.2253 49.3832 18.7
    endloop
  endfacet
  facet normal -0.233449 0.972369 0
    outer loop
      vertex 25.9659 49.3209 18.7
      vertex 26.2253 49.3832 17.5
      vertex 25.9659 49.3209 17.5
    endloop
  endfacet
  facet normal -0.522499 0.85264 0
    outer loop
      vertex 26.6992 49.6247 17.5
      vertex 26.4718 49.4853 18.7
      vertex 26.6992 49.6247 18.7
    endloop
  endfacet
  facet normal -0.522499 0.85264 0
    outer loop
      vertex 26.4718 49.4853 18.7
      vertex 26.6992 49.6247 17.5
      vertex 26.4718 49.4853 17.5
    endloop
  endfacet
  facet normal -0.760404 0.64945 0
    outer loop
      vertex 26.9021 49.7979 17.5
      vertex 27.0753 50.0008 18.7
      vertex 27.0753 50.0008 17.5
    endloop
  endfacet
  facet normal -0.760404 0.64945 0
    outer loop
      vertex 27.0753 50.0008 18.7
      vertex 26.9021 49.7979 17.5
      vertex 26.9021 49.7979 18.7
    endloop
  endfacet
  facet normal -0.64945 0.760404 0
    outer loop
      vertex 26.9021 49.7979 17.5
      vertex 26.6992 49.6247 18.7
      vertex 26.9021 49.7979 18.7
    endloop
  endfacet
  facet normal -0.64945 0.760404 0
    outer loop
      vertex 26.6992 49.6247 18.7
      vertex 26.9021 49.7979 17.5
      vertex 26.6992 49.6247 17.5
    endloop
  endfacet
  facet normal -0.923878 0.382687 0
    outer loop
      vertex 27.2147 50.2282 17.5
      vertex 27.3168 50.4747 18.7
      vertex 27.3168 50.4747 17.5
    endloop
  endfacet
  facet normal -0.923878 0.382687 0
    outer loop
      vertex 27.3168 50.4747 18.7
      vertex 27.2147 50.2282 17.5
      vertex 27.2147 50.2282 18.7
    endloop
  endfacet
  facet normal -0.97237 0.233447 0
    outer loop
      vertex 27.3168 50.4747 17.5
      vertex 27.3791 50.7341 18.7
      vertex 27.3791 50.7341 17.5
    endloop
  endfacet
  facet normal -0.97237 0.233447 0
    outer loop
      vertex 27.3791 50.7341 18.7
      vertex 27.3168 50.4747 17.5
      vertex 27.3168 50.4747 18.7
    endloop
  endfacet
  facet normal 0.233447 0.97237 -0
    outer loop
      vertex 25.4341 49.3209 17.5
      vertex 25.1747 49.3832 18.7
      vertex 25.4341 49.3209 18.7
    endloop
  endfacet
  facet normal 0.233447 0.97237 0
    outer loop
      vertex 25.1747 49.3832 18.7
      vertex 25.4341 49.3209 17.5
      vertex 25.1747 49.3832 17.5
    endloop
  endfacet
  facet normal 0.522496 0.852642 -0
    outer loop
      vertex 24.9282 49.4853 17.5
      vertex 24.7008 49.6247 18.7
      vertex 24.9282 49.4853 18.7
    endloop
  endfacet
  facet normal 0.522496 0.852642 0
    outer loop
      vertex 24.7008 49.6247 18.7
      vertex 24.9282 49.4853 17.5
      vertex 24.7008 49.6247 17.5
    endloop
  endfacet
  facet normal 0.0784646 0.996917 -0
    outer loop
      vertex 25.7 49.3 17.5
      vertex 25.4341 49.3209 18.7
      vertex 25.7 49.3 18.7
    endloop
  endfacet
  facet normal 0.0784646 0.996917 0
    outer loop
      vertex 25.4341 49.3209 18.7
      vertex 25.7 49.3 17.5
      vertex 25.4341 49.3209 17.5
    endloop
  endfacet
  facet normal 0.996917 0.0784646 0
    outer loop
      vertex 24.0209 50.7341 18.7
      vertex 24 51 17.5
      vertex 24 51 18.7
    endloop
  endfacet
  facet normal 0.996917 0.0784646 0
    outer loop
      vertex 24 51 17.5
      vertex 24.0209 50.7341 18.7
      vertex 24.0209 50.7341 17.5
    endloop
  endfacet
  facet normal 0 0 1
    outer loop
      vertex 27.3791 51.2659 17.5
      vertex 27.3791 50.7341 17.5
      vertex 27.4 51 17.5
    endloop
  endfacet
  facet normal 0 0 1
    outer loop
      vertex 27.3168 51.5253 17.5
      vertex 27.3791 50.7341 17.5
      vertex 27.3791 51.2659 17.5
    endloop
  endfacet
  facet normal 0 0 1
    outer loop
      vertex 27.3168 51.5253 17.5
      vertex 27.3168 50.4747 17.5
      vertex 27.3791 50.7341 17.5
    endloop
  endfacet
  facet normal 0 0 1
    outer loop
      vertex 27.2147 51.7718 17.5
      vertex 27.3168 50.4747 17.5
      vertex 27.3168 51.5253 17.5
    endloop
  endfacet
  facet normal 0 0 1
    outer loop
      vertex 27.2147 51.7718 17.5
      vertex 27.2147 50.2282 17.5
      vertex 27.3168 50.4747 17.5
    endloop
  endfacet
  facet normal 0 0 1
    outer loop
      vertex 27.0753 51.9992 17.5
      vertex 27.2147 50.2282 17.5
      vertex 27.2147 51.7718 17.5
    endloop
  endfacet
  facet normal 0 0 1
    outer loop
      vertex 27.0753 51.9992 17.5
      vertex 27.0753 50.0008 17.5
      vertex 27.2147 50.2282 17.5
    endloop
  endfacet
  facet normal 0 0 1
    outer loop
      vertex 26.9021 52.2021 17.5
      vertex 27.0753 50.0008 17.5
      vertex 27.0753 51.9992 17.5
    endloop
  endfacet
  facet normal 0 0 1
    outer loop
      vertex 26.9021 52.2021 17.5
      vertex 26.9021 49.7979 17.5
      vertex 27.0753 50.0008 17.5
    endloop
  endfacet
  facet normal 0 0 1
    outer loop
      vertex 26.6992 52.3753 17.5
      vertex 26.9021 49.7979 17.5
      vertex 26.9021 52.2021 17.5
    endloop
  endfacet
  facet normal 0 0 1
    outer loop
      vertex 26.6992 52.3753 17.5
      vertex 26.6992 49.6247 17.5
      vertex 26.9021 49.7979 17.5
    endloop
  endfacet
  facet normal 0 0 1
    outer loop
      vertex 26.4718 52.5147 17.5
      vertex 26.6992 49.6247 17.5
      vertex 26.6992 52.3753 17.5
    endloop
  endfacet
  facet normal 0 0 1
    outer loop
      vertex 26.4718 52.5147 17.5
      vertex 26.4718 49.4853 17.5
      vertex 26.6992 49.6247 17.5
    endloop
  endfacet
  facet normal 0 0 1
    outer loop
      vertex 26.2253 52.6168 17.5
      vertex 26.4718 49.4853 17.5
      vertex 26.4718 52.5147 17.5
    endloop
  endfacet
  facet normal 0 0 1
    outer loop
      vertex 26.2253 52.6168 17.5
      vertex 26.2253 49.3832 17.5
      vertex 26.4718 49.4853 17.5
    endloop
  endfacet
  facet normal 0 0 1
    outer loop
      vertex 25.9659 52.6791 17.5
      vertex 26.2253 49.3832 17.5
      vertex 26.2253 52.6168 17.5
    endloop
  endfacet
  facet normal 0 0 1
    outer loop
      vertex 25.9659 52.6791 17.5
      vertex 25.9659 49.3209 17.5
      vertex 26.2253 49.3832 17.5
    endloop
  endfacet
  facet normal 0 0 1
    outer loop
      vertex 25.7 52.7 17.5
      vertex 25.9659 49.3209 17.5
      vertex 25.9659 52.6791 17.5
    endloop
  endfacet
  facet normal 0 0 1
    outer loop
      vertex 25.7 52.7 17.5
      vertex 25.7 49.3 17.5
      vertex 25.9659 49.3209 17.5
    endloop
  endfacet
  facet normal -0 0 1
    outer loop
      vertex 25.4341 52.6791 17.5
      vertex 25.7 49.3 17.5
      vertex 25.7 52.7 17.5
    endloop
  endfacet
  facet normal 0 0 1
    outer loop
      vertex 25.4341 52.6791 17.5
      vertex 25.4341 49.3209 17.5
      vertex 25.7 49.3 17.5
    endloop
  endfacet
  facet normal -0 0 1
    outer loop
      vertex 25.1747 52.6168 17.5
      vertex 25.4341 49.3209 17.5
      vertex 25.4341 52.6791 17.5
    endloop
  endfacet
  facet normal 0 0 1
    outer loop
      vertex 25.1747 52.6168 17.5
      vertex 25.1747 49.3832 17.5
      vertex 25.4341 49.3209 17.5
    endloop
  endfacet
  facet normal -0 0 1
    outer loop
      vertex 24.9282 52.5147 17.5
      vertex 25.1747 49.3832 17.5
      vertex 25.1747 52.6168 17.5
    endloop
  endfacet
  facet normal 0 0 1
    outer loop
      vertex 24.9282 52.5147 17.5
      vertex 24.9282 49.4853 17.5
      vertex 25.1747 49.3832 17.5
    endloop
  endfacet
  facet normal -0 0 1
    outer loop
      vertex 24.7008 52.3753 17.5
      vertex 24.9282 49.4853 17.5
      vertex 24.9282 52.5147 17.5
    endloop
  endfacet
  facet normal 0 0 1
    outer loop
      vertex 24.7008 52.3753 17.5
      vertex 24.7008 49.6247 17.5
      vertex 24.9282 49.4853 17.5
    endloop
  endfacet
  facet normal -0 0 1
    outer loop
      vertex 24.4979 52.2021 17.5
      vertex 24.7008 49.6247 17.5
      vertex 24.7008 52.3753 17.5
    endloop
  endfacet
  facet normal 0 0 1
    outer loop
      vertex 24.4979 52.2021 17.5
      vertex 24.4979 49.7979 17.5
      vertex 24.7008 49.6247 17.5
    endloop
  endfacet
  facet normal -0 0 1
    outer loop
      vertex 24.3247 51.9992 17.5
      vertex 24.4979 49.7979 17.5
      vertex 24.4979 52.2021 17.5
    endloop
  endfacet
  facet normal 0 0 1
    outer loop
      vertex 24.3247 51.9992 17.5
      vertex 24.3247 50.0008 17.5
      vertex 24.4979 49.7979 17.5
    endloop
  endfacet
  facet normal -0 0 1
    outer loop
      vertex 24.1853 51.7718 17.5
      vertex 24.3247 50.0008 17.5
      vertex 24.3247 51.9992 17.5
    endloop
  endfacet
  facet normal 0 0 1
    outer loop
      vertex 24.1853 51.7718 17.5
      vertex 24.1853 50.2282 17.5
      vertex 24.3247 50.0008 17.5
    endloop
  endfacet
  facet normal -0 0 1
    outer loop
      vertex 24.0832 51.5253 17.5
      vertex 24.1853 50.2282 17.5
      vertex 24.1853 51.7718 17.5
    endloop
  endfacet
  facet normal 0 0 1
    outer loop
      vertex 24.0832 51.5253 17.5
      vertex 24.0832 50.4747 17.5
      vertex 24.1853 50.2282 17.5
    endloop
  endfacet
  facet normal -0 0 1
    outer loop
      vertex 24.0209 51.2659 17.5
      vertex 24.0832 50.4747 17.5
      vertex 24.0832 51.5253 17.5
    endloop
  endfacet
  facet normal 0 0 1
    outer loop
      vertex 24.0209 51.2659 17.5
      vertex 24.0209 50.7341 17.5
      vertex 24.0832 50.4747 17.5
    endloop
  endfacet
  facet normal 0 -0 1
    outer loop
      vertex 24.0209 50.7341 17.5
      vertex 24.0209 51.2659 17.5
      vertex 24 51 17.5
    endloop
  endfacet
  facet normal -0.233449 -0.972369 0
    outer loop
      vertex 25.9659 52.6791 17.5
      vertex 26.2253 52.6168 18.7
      vertex 25.9659 52.6791 18.7
    endloop
  endfacet
  facet normal -0.233449 -0.972369 -0
    outer loop
      vertex 26.2253 52.6168 18.7
      vertex 25.9659 52.6791 17.5
      vertex 26.2253 52.6168 17.5
    endloop
  endfacet
  facet normal 0.972371 -0.23344 0
    outer loop
      vertex 24.0209 51.2659 18.7
      vertex 24.0832 51.5253 17.5
      vertex 24.0832 51.5253 18.7
    endloop
  endfacet
  facet normal 0.972371 -0.23344 0
    outer loop
      vertex 24.0832 51.5253 17.5
      vertex 24.0209 51.2659 18.7
      vertex 24.0209 51.2659 17.5
    endloop
  endfacet
  facet normal -0.996917 -0.0784584 0
    outer loop
      vertex 51 51 18.7
      vertex 50.9717 51.3598 23.7
      vertex 50.9717 51.3598 18.7
    endloop
  endfacet
  facet normal -0.996917 -0.0784584 0
    outer loop
      vertex 50.9717 51.3598 23.7
      vertex 51 51 18.7
      vertex 51 51 23.7
    endloop
  endfacet
  facet normal 0.996917 -0.0784584 0
    outer loop
      vertex 46.4 51 23.7
      vertex 46.4283 51.3598 18.7
      vertex 46.4283 51.3598 23.7
    endloop
  endfacet
  facet normal 0.996917 -0.0784584 0
    outer loop
      vertex 46.4283 51.3598 18.7
      vertex 46.4 51 23.7
      vertex 46.4 51 18.7
    endloop
  endfacet
  facet normal 0.0784584 -0.996917 0
    outer loop
      vertex 48.3402 53.2717 18.7
      vertex 48.7 53.3 23.7
      vertex 48.3402 53.2717 23.7
    endloop
  endfacet
  facet normal 0.0784584 -0.996917 0
    outer loop
      vertex 48.7 53.3 23.7
      vertex 48.3402 53.2717 18.7
      vertex 48.7 53.3 18.7
    endloop
  endfacet
  facet normal -0.0784584 0.996917 0
    outer loop
      vertex 49.0598 48.7283 18.7
      vertex 48.7 48.7 23.7
      vertex 49.0598 48.7283 23.7
    endloop
  endfacet
  facet normal -0.0784584 0.996917 0
    outer loop
      vertex 48.7 48.7 23.7
      vertex 49.0598 48.7283 18.7
      vertex 48.7 48.7 18.7
    endloop
  endfacet
  facet normal -0.649459 -0.760397 0
    outer loop
      vertex 50.0519 52.8607 18.7
      vertex 50.3263 52.6263 23.7
      vertex 50.0519 52.8607 23.7
    endloop
  endfacet
  facet normal -0.649459 -0.760397 -0
    outer loop
      vertex 50.3263 52.6263 23.7
      vertex 50.0519 52.8607 18.7
      vertex 50.3263 52.6263 18.7
    endloop
  endfacet
  facet normal 0.760402 -0.649452 0
    outer loop
      vertex 46.8393 52.3519 23.7
      vertex 47.0737 52.6263 18.7
      vertex 47.0737 52.6263 23.7
    endloop
  endfacet
  facet normal 0.760402 -0.649452 0
    outer loop
      vertex 47.0737 52.6263 18.7
      vertex 46.8393 52.3519 23.7
      vertex 46.8393 52.3519 18.7
    endloop
  endfacet
  facet normal 0.522498 -0.85264 0
    outer loop
      vertex 47.3481 52.8607 18.7
      vertex 47.6558 53.0493 23.7
      vertex 47.3481 52.8607 23.7
    endloop
  endfacet
  facet normal 0.522498 -0.85264 0
    outer loop
      vertex 47.6558 53.0493 23.7
      vertex 47.3481 52.8607 18.7
      vertex 47.6558 53.0493 18.7
    endloop
  endfacet
  facet normal -0.85264 0.522498 0
    outer loop
      vertex 50.5607 49.6481 18.7
      vertex 50.7493 49.9558 23.7
      vertex 50.7493 49.9558 18.7
    endloop
  endfacet
  facet normal -0.85264 0.522498 0
    outer loop
      vertex 50.7493 49.9558 23.7
      vertex 50.5607 49.6481 18.7
      vertex 50.5607 49.6481 23.7
    endloop
  endfacet
  facet normal -0.85264 -0.522498 0
    outer loop
      vertex 50.7493 52.0442 18.7
      vertex 50.5607 52.3519 23.7
      vertex 50.5607 52.3519 18.7
    endloop
  endfacet
  facet normal -0.85264 -0.522498 0
    outer loop
      vertex 50.5607 52.3519 23.7
      vertex 50.7493 52.0442 18.7
      vertex 50.7493 52.0442 23.7
    endloop
  endfacet
  facet normal -0.760402 -0.649452 0
    outer loop
      vertex 50.5607 52.3519 18.7
      vertex 50.3263 52.6263 23.7
      vertex 50.3263 52.6263 18.7
    endloop
  endfacet
  facet normal -0.760402 -0.649452 0
    outer loop
      vertex 50.3263 52.6263 23.7
      vertex 50.5607 52.3519 18.7
      vertex 50.5607 52.3519 23.7
    endloop
  endfacet
  facet normal -0.23344 -0.972371 0
    outer loop
      vertex 49.0598 53.2717 18.7
      vertex 49.4107 53.1874 23.7
      vertex 49.0598 53.2717 23.7
    endloop
  endfacet
  facet normal -0.23344 -0.972371 -0
    outer loop
      vertex 49.4107 53.1874 23.7
      vertex 49.0598 53.2717 18.7
      vertex 49.4107 53.1874 18.7
    endloop
  endfacet
  facet normal -0.0784584 -0.996917 0
    outer loop
      vertex 48.7 53.3 18.7
      vertex 49.0598 53.2717 23.7
      vertex 48.7 53.3 23.7
    endloop
  endfacet
  facet normal -0.0784584 -0.996917 -0
    outer loop
      vertex 49.0598 53.2717 23.7
      vertex 48.7 53.3 18.7
      vertex 49.0598 53.2717 18.7
    endloop
  endfacet
  facet normal -0.522498 -0.85264 0
    outer loop
      vertex 49.7442 53.0493 18.7
      vertex 50.0519 52.8607 23.7
      vertex 49.7442 53.0493 23.7
    endloop
  endfacet
  facet normal -0.522498 -0.85264 -0
    outer loop
      vertex 50.0519 52.8607 23.7
      vertex 49.7442 53.0493 18.7
      vertex 50.0519 52.8607 18.7
    endloop
  endfacet
  facet normal 0.92388 -0.382683 0
    outer loop
      vertex 46.5126 51.7107 23.7
      vertex 46.6507 52.0442 18.7
      vertex 46.6507 52.0442 23.7
    endloop
  endfacet
  facet normal 0.92388 -0.382683 0
    outer loop
      vertex 46.6507 52.0442 18.7
      vertex 46.5126 51.7107 23.7
      vertex 46.5126 51.7107 18.7
    endloop
  endfacet
  facet normal 0.85264 -0.522498 0
    outer loop
      vertex 46.6507 52.0442 23.7
      vertex 46.8393 52.3519 18.7
      vertex 46.8393 52.3519 23.7
    endloop
  endfacet
  facet normal 0.85264 -0.522498 0
    outer loop
      vertex 46.8393 52.3519 18.7
      vertex 46.6507 52.0442 23.7
      vertex 46.6507 52.0442 18.7
    endloop
  endfacet
  facet normal 0.972371 -0.23344 0
    outer loop
      vertex 46.4283 51.3598 23.7
      vertex 46.5126 51.7107 18.7
      vertex 46.5126 51.7107 23.7
    endloop
  endfacet
  facet normal 0.972371 -0.23344 0
    outer loop
      vertex 46.5126 51.7107 18.7
      vertex 46.4283 51.3598 23.7
      vertex 46.4283 51.3598 18.7
    endloop
  endfacet
  facet normal 0.649453 -0.760401 0
    outer loop
      vertex 47.0737 52.6263 18.7
      vertex 47.3481 52.8607 23.7
      vertex 47.0737 52.6263 23.7
    endloop
  endfacet
  facet normal 0.649453 -0.760401 0
    outer loop
      vertex 47.3481 52.8607 23.7
      vertex 47.0737 52.6263 18.7
      vertex 47.3481 52.8607 18.7
    endloop
  endfacet
  facet normal 0.382683 -0.92388 0
    outer loop
      vertex 47.6558 53.0493 18.7
      vertex 47.9893 53.1874 23.7
      vertex 47.6558 53.0493 23.7
    endloop
  endfacet
  facet normal 0.382683 -0.92388 0
    outer loop
      vertex 47.9893 53.1874 23.7
      vertex 47.6558 53.0493 18.7
      vertex 47.9893 53.1874 18.7
    endloop
  endfacet
  facet normal 0 0 1
    outer loop
      vertex 50.4 51 18.7
      vertex 51 51 18.7
      vertex 50.9717 51.3598 18.7
    endloop
  endfacet
  facet normal 0 0 1
    outer loop
      vertex 50.3791 51.2659 18.7
      vertex 50.9717 51.3598 18.7
      vertex 50.8874 51.7107 18.7
    endloop
  endfacet
  facet normal 0 0 1
    outer loop
      vertex 51 51 18.7
      vertex 50.4 51 18.7
      vertex 50.9717 50.6402 18.7
    endloop
  endfacet
  facet normal 0 0 1
    outer loop
      vertex 50.3168 51.5253 18.7
      vertex 50.8874 51.7107 18.7
      vertex 50.7493 52.0442 18.7
    endloop
  endfacet
  facet normal -0 0 1
    outer loop
      vertex 50.3791 50.7341 18.7
      vertex 50.9717 50.6402 18.7
      vertex 50.4 51 18.7
    endloop
  endfacet
  facet normal 0 0 1
    outer loop
      vertex 50.2147 51.7718 18.7
      vertex 50.7493 52.0442 18.7
      vertex 50.5607 52.3519 18.7
    endloop
  endfacet
  facet normal 0 0 1
    outer loop
      vertex 50.9717 50.6402 18.7
      vertex 50.3791 50.7341 18.7
      vertex 50.8874 50.2893 18.7
    endloop
  endfacet
  facet normal -0 0 1
    outer loop
      vertex 50.3168 50.4747 18.7
      vertex 50.8874 50.2893 18.7
      vertex 50.3791 50.7341 18.7
    endloop
  endfacet
  facet normal 0 0 1
    outer loop
      vertex 50.9717 51.3598 18.7
      vertex 50.3791 51.2659 18.7
      vertex 50.4 51 18.7
    endloop
  endfacet
  facet normal 0 0 1
    outer loop
      vertex 50.0753 51.9992 18.7
      vertex 50.5607 52.3519 18.7
      vertex 50.3263 52.6263 18.7
    endloop
  endfacet
  facet normal 0 0 1
    outer loop
      vertex 50.8874 51.7107 18.7
      vertex 50.3168 51.5253 18.7
      vertex 50.3791 51.2659 18.7
    endloop
  endfacet
  facet normal 0 0 1
    outer loop
      vertex 50.7493 52.0442 18.7
      vertex 50.2147 51.7718 18.7
      vertex 50.3168 51.5253 18.7
    endloop
  endfacet
  facet normal 0 0 1
    outer loop
      vertex 50.5607 52.3519 18.7
      vertex 50.0753 51.9992 18.7
      vertex 50.2147 51.7718 18.7
    endloop
  endfacet
  facet normal 0 0 1
    outer loop
      vertex 49.9021 52.2021 18.7
      vertex 50.3263 52.6263 18.7
      vertex 50.0519 52.8607 18.7
    endloop
  endfacet
  facet normal 0 0 1
    outer loop
      vertex 50.3263 52.6263 18.7
      vertex 49.9021 52.2021 18.7
      vertex 50.0753 51.9992 18.7
    endloop
  endfacet
  facet normal 0 0 1
    outer loop
      vertex 49.6992 52.3753 18.7
      vertex 50.0519 52.8607 18.7
      vertex 49.7442 53.0493 18.7
    endloop
  endfacet
  facet normal 0 0 1
    outer loop
      vertex 50.0519 52.8607 18.7
      vertex 49.6992 52.3753 18.7
      vertex 49.9021 52.2021 18.7
    endloop
  endfacet
  facet normal 0 0 1
    outer loop
      vertex 49.7442 53.0493 18.7
      vertex 49.4718 52.5147 18.7
      vertex 49.6992 52.3753 18.7
    endloop
  endfacet
  facet normal 0 0 1
    outer loop
      vertex 49.4107 53.1874 18.7
      vertex 49.4718 52.5147 18.7
      vertex 49.7442 53.0493 18.7
    endloop
  endfacet
  facet normal 0 0 1
    outer loop
      vertex 49.4107 53.1874 18.7
      vertex 49.2253 52.6168 18.7
      vertex 49.4718 52.5147 18.7
    endloop
  endfacet
  facet normal 0 0 1
    outer loop
      vertex 49.0598 53.2717 18.7
      vertex 49.2253 52.6168 18.7
      vertex 49.4107 53.1874 18.7
    endloop
  endfacet
  facet normal 0 0 1
    outer loop
      vertex 49.0598 53.2717 18.7
      vertex 48.9659 52.6791 18.7
      vertex 49.2253 52.6168 18.7
    endloop
  endfacet
  facet normal 0 0 1
    outer loop
      vertex 48.7 53.3 18.7
      vertex 48.9659 52.6791 18.7
      vertex 49.0598 53.2717 18.7
    endloop
  endfacet
  facet normal 0 0 1
    outer loop
      vertex 48.7 53.3 18.7
      vertex 48.7 52.7 18.7
      vertex 48.9659 52.6791 18.7
    endloop
  endfacet
  facet normal 0 0 1
    outer loop
      vertex 48.7 53.3 18.7
      vertex 48.4341 52.6791 18.7
      vertex 48.7 52.7 18.7
    endloop
  endfacet
  facet normal -0 0 1
    outer loop
      vertex 48.3402 53.2717 18.7
      vertex 48.4341 52.6791 18.7
      vertex 48.7 53.3 18.7
    endloop
  endfacet
  facet normal 0 0 1
    outer loop
      vertex 48.3402 53.2717 18.7
      vertex 48.1747 52.6168 18.7
      vertex 48.4341 52.6791 18.7
    endloop
  endfacet
  facet normal -0 0 1
    outer loop
      vertex 47.9893 53.1874 18.7
      vertex 48.1747 52.6168 18.7
      vertex 48.3402 53.2717 18.7
    endloop
  endfacet
  facet normal 0 0 1
    outer loop
      vertex 47.9893 53.1874 18.7
      vertex 47.9282 52.5147 18.7
      vertex 48.1747 52.6168 18.7
    endloop
  endfacet
  facet normal -0 0 1
    outer loop
      vertex 47.6558 53.0493 18.7
      vertex 47.9282 52.5147 18.7
      vertex 47.9893 53.1874 18.7
    endloop
  endfacet
  facet normal 0 0 1
    outer loop
      vertex 47.9282 52.5147 18.7
      vertex 47.6558 53.0493 18.7
      vertex 47.7008 52.3753 18.7
    endloop
  endfacet
  facet normal -0 0 1
    outer loop
      vertex 47.3481 52.8607 18.7
      vertex 47.7008 52.3753 18.7
      vertex 47.6558 53.0493 18.7
    endloop
  endfacet
  facet normal 0 0 1
    outer loop
      vertex 47.7008 52.3753 18.7
      vertex 47.3481 52.8607 18.7
      vertex 47.4979 52.2021 18.7
    endloop
  endfacet
  facet normal -0 0 1
    outer loop
      vertex 47.0737 52.6263 18.7
      vertex 47.4979 52.2021 18.7
      vertex 47.3481 52.8607 18.7
    endloop
  endfacet
  facet normal 0 0 1
    outer loop
      vertex 47.4979 52.2021 18.7
      vertex 47.0737 52.6263 18.7
      vertex 47.3247 51.9992 18.7
    endloop
  endfacet
  facet normal -0 0 1
    outer loop
      vertex 46.8393 52.3519 18.7
      vertex 47.3247 51.9992 18.7
      vertex 47.0737 52.6263 18.7
    endloop
  endfacet
  facet normal 0 0 1
    outer loop
      vertex 47.3247 51.9992 18.7
      vertex 46.8393 52.3519 18.7
      vertex 47.1853 51.7718 18.7
    endloop
  endfacet
  facet normal -0 0 1
    outer loop
      vertex 46.6507 52.0442 18.7
      vertex 47.1853 51.7718 18.7
      vertex 46.8393 52.3519 18.7
    endloop
  endfacet
  facet normal 0 0 1
    outer loop
      vertex 47.1853 51.7718 18.7
      vertex 46.6507 52.0442 18.7
      vertex 47.0832 51.5253 18.7
    endloop
  endfacet
  facet normal -0 0 1
    outer loop
      vertex 46.5126 51.7107 18.7
      vertex 47.0832 51.5253 18.7
      vertex 46.6507 52.0442 18.7
    endloop
  endfacet
  facet normal 0 0 1
    outer loop
      vertex 50.8874 50.2893 18.7
      vertex 50.3168 50.4747 18.7
      vertex 50.7493 49.9558 18.7
    endloop
  endfacet
  facet normal -0 0 1
    outer loop
      vertex 50.2147 50.2282 18.7
      vertex 50.7493 49.9558 18.7
      vertex 50.3168 50.4747 18.7
    endloop
  endfacet
  facet normal 0 0 1
    outer loop
      vertex 50.7493 49.9558 18.7
      vertex 50.2147 50.2282 18.7
      vertex 50.5607 49.6481 18.7
    endloop
  endfacet
  facet normal -0 0 1
    outer loop
      vertex 50.0753 50.0008 18.7
      vertex 50.5607 49.6481 18.7
      vertex 50.2147 50.2282 18.7
    endloop
  endfacet
  facet normal 0 0 1
    outer loop
      vertex 50.5607 49.6481 18.7
      vertex 50.0753 50.0008 18.7
      vertex 50.3263 49.3737 18.7
    endloop
  endfacet
  facet normal -0 0 1
    outer loop
      vertex 49.9021 49.7979 18.7
      vertex 50.3263 49.3737 18.7
      vertex 50.0753 50.0008 18.7
    endloop
  endfacet
  facet normal 0 0 1
    outer loop
      vertex 50.3263 49.3737 18.7
      vertex 49.9021 49.7979 18.7
      vertex 50.0519 49.1393 18.7
    endloop
  endfacet
  facet normal -0 0 1
    outer loop
      vertex 49.6992 49.6247 18.7
      vertex 50.0519 49.1393 18.7
      vertex 49.9021 49.7979 18.7
    endloop
  endfacet
  facet normal 0 0 1
    outer loop
      vertex 50.0519 49.1393 18.7
      vertex 49.6992 49.6247 18.7
      vertex 49.7442 48.9507 18.7
    endloop
  endfacet
  facet normal -0 0 1
    outer loop
      vertex 49.4718 49.4853 18.7
      vertex 49.7442 48.9507 18.7
      vertex 49.6992 49.6247 18.7
    endloop
  endfacet
  facet normal 0 0 1
    outer loop
      vertex 49.4718 49.4853 18.7
      vertex 49.4107 48.8126 18.7
      vertex 49.7442 48.9507 18.7
    endloop
  endfacet
  facet normal -0 0 1
    outer loop
      vertex 49.2253 49.3832 18.7
      vertex 49.4107 48.8126 18.7
      vertex 49.4718 49.4853 18.7
    endloop
  endfacet
  facet normal 0 0 1
    outer loop
      vertex 49.2253 49.3832 18.7
      vertex 49.0598 48.7283 18.7
      vertex 49.4107 48.8126 18.7
    endloop
  endfacet
  facet normal -0 0 1
    outer loop
      vertex 48.9659 49.3209 18.7
      vertex 49.0598 48.7283 18.7
      vertex 49.2253 49.3832 18.7
    endloop
  endfacet
  facet normal -0 0 1
    outer loop
      vertex 48.7 49.3 18.7
      vertex 49.0598 48.7283 18.7
      vertex 48.9659 49.3209 18.7
    endloop
  endfacet
  facet normal 0 0 1
    outer loop
      vertex 48.7 49.3 18.7
      vertex 48.7 48.7 18.7
      vertex 49.0598 48.7283 18.7
    endloop
  endfacet
  facet normal 0 0 1
    outer loop
      vertex 48.4341 49.3209 18.7
      vertex 48.7 48.7 18.7
      vertex 48.7 49.3 18.7
    endloop
  endfacet
  facet normal 0 0 1
    outer loop
      vertex 48.4341 49.3209 18.7
      vertex 48.3402 48.7283 18.7
      vertex 48.7 48.7 18.7
    endloop
  endfacet
  facet normal 0 0 1
    outer loop
      vertex 48.1747 49.3832 18.7
      vertex 48.3402 48.7283 18.7
      vertex 48.4341 49.3209 18.7
    endloop
  endfacet
  facet normal 0 0 1
    outer loop
      vertex 48.1747 49.3832 18.7
      vertex 47.9893 48.8126 18.7
      vertex 48.3402 48.7283 18.7
    endloop
  endfacet
  facet normal 0 0 1
    outer loop
      vertex 47.9282 49.4853 18.7
      vertex 47.9893 48.8126 18.7
      vertex 48.1747 49.3832 18.7
    endloop
  endfacet
  facet normal 0 0 1
    outer loop
      vertex 47.6558 48.9507 18.7
      vertex 47.9282 49.4853 18.7
      vertex 47.7008 49.6247 18.7
    endloop
  endfacet
  facet normal 0 0 1
    outer loop
      vertex 47.9282 49.4853 18.7
      vertex 47.6558 48.9507 18.7
      vertex 47.9893 48.8126 18.7
    endloop
  endfacet
  facet normal 0 0 1
    outer loop
      vertex 47.3481 49.1393 18.7
      vertex 47.7008 49.6247 18.7
      vertex 47.4979 49.7979 18.7
    endloop
  endfacet
  facet normal 0 0 1
    outer loop
      vertex 47.7008 49.6247 18.7
      vertex 47.3481 49.1393 18.7
      vertex 47.6558 48.9507 18.7
    endloop
  endfacet
  facet normal 0 0 1
    outer loop
      vertex 47.0737 49.3737 18.7
      vertex 47.4979 49.7979 18.7
      vertex 47.3247 50.0008 18.7
    endloop
  endfacet
  facet normal 0 0 1
    outer loop
      vertex 46.8393 49.6481 18.7
      vertex 47.3247 50.0008 18.7
      vertex 47.1853 50.2282 18.7
    endloop
  endfacet
  facet normal 0 0 1
    outer loop
      vertex 46.6507 49.9558 18.7
      vertex 47.1853 50.2282 18.7
      vertex 47.0832 50.4747 18.7
    endloop
  endfacet
  facet normal 0 0 1
    outer loop
      vertex 47.4979 49.7979 18.7
      vertex 47.0737 49.3737 18.7
      vertex 47.3481 49.1393 18.7
    endloop
  endfacet
  facet normal 0 0 1
    outer loop
      vertex 46.5126 50.2893 18.7
      vertex 47.0832 50.4747 18.7
      vertex 47.0209 50.7341 18.7
    endloop
  endfacet
  facet normal 0 0 1
    outer loop
      vertex 46.4283 50.6402 18.7
      vertex 47.0209 50.7341 18.7
      vertex 47 51 18.7
    endloop
  endfacet
  facet normal 0 0 1
    outer loop
      vertex 47.0832 51.5253 18.7
      vertex 46.5126 51.7107 18.7
      vertex 47.0209 51.2659 18.7
    endloop
  endfacet
  facet normal 0 0 1
    outer loop
      vertex 47.3247 50.0008 18.7
      vertex 46.8393 49.6481 18.7
      vertex 47.0737 49.3737 18.7
    endloop
  endfacet
  facet normal -0 0 1
    outer loop
      vertex 46.4283 51.3598 18.7
      vertex 47.0209 51.2659 18.7
      vertex 46.5126 51.7107 18.7
    endloop
  endfacet
  facet normal 0 0 1
    outer loop
      vertex 47.1853 50.2282 18.7
      vertex 46.6507 49.9558 18.7
      vertex 46.8393 49.6481 18.7
    endloop
  endfacet
  facet normal 0 0 1
    outer loop
      vertex 47.0209 51.2659 18.7
      vertex 46.4283 51.3598 18.7
      vertex 47 51 18.7
    endloop
  endfacet
  facet normal 0 0 1
    outer loop
      vertex 47.0832 50.4747 18.7
      vertex 46.5126 50.2893 18.7
      vertex 46.6507 49.9558 18.7
    endloop
  endfacet
  facet normal 0 0 1
    outer loop
      vertex 46.4 51 18.7
      vertex 47 51 18.7
      vertex 46.4283 51.3598 18.7
    endloop
  endfacet
  facet normal 0 0 1
    outer loop
      vertex 47.0209 50.7341 18.7
      vertex 46.4283 50.6402 18.7
      vertex 46.5126 50.2893 18.7
    endloop
  endfacet
  facet normal 0 0 1
    outer loop
      vertex 47 51 18.7
      vertex 46.4 51 18.7
      vertex 46.4283 50.6402 18.7
    endloop
  endfacet
  facet normal -0.23344 0.972371 0
    outer loop
      vertex 49.4107 48.8126 18.7
      vertex 49.0598 48.7283 23.7
      vertex 49.4107 48.8126 23.7
    endloop
  endfacet
  facet normal -0.23344 0.972371 0
    outer loop
      vertex 49.0598 48.7283 23.7
      vertex 49.4107 48.8126 18.7
      vertex 49.0598 48.7283 18.7
    endloop
  endfacet
  facet normal -0.92388 -0.382683 0
    outer loop
      vertex 50.8874 51.7107 18.7
      vertex 50.7493 52.0442 23.7
      vertex 50.7493 52.0442 18.7
    endloop
  endfacet
  facet normal -0.92388 -0.382683 0
    outer loop
      vertex 50.7493 52.0442 23.7
      vertex 50.8874 51.7107 18.7
      vertex 50.8874 51.7107 23.7
    endloop
  endfacet
  facet normal -0.972369 -0.23345 0
    outer loop
      vertex 50.9717 51.3598 18.7
      vertex 50.8874 51.7107 23.7
      vertex 50.8874 51.7107 18.7
    endloop
  endfacet
  facet normal -0.972369 -0.23345 0
    outer loop
      vertex 50.8874 51.7107 23.7
      vertex 50.9717 51.3598 18.7
      vertex 50.9717 51.3598 23.7
    endloop
  endfacet
  facet normal -0.382683 -0.92388 0
    outer loop
      vertex 49.4107 53.1874 18.7
      vertex 49.7442 53.0493 23.7
      vertex 49.4107 53.1874 23.7
    endloop
  endfacet
  facet normal -0.382683 -0.92388 -0
    outer loop
      vertex 49.7442 53.0493 23.7
      vertex 49.4107 53.1874 18.7
      vertex 49.7442 53.0493 18.7
    endloop
  endfacet
  facet normal 0.23344 -0.972371 0
    outer loop
      vertex 47.9893 53.1874 18.7
      vertex 48.3402 53.2717 23.7
      vertex 47.9893 53.1874 23.7
    endloop
  endfacet
  facet normal 0.23344 -0.972371 0
    outer loop
      vertex 48.3402 53.2717 23.7
      vertex 47.9893 53.1874 18.7
      vertex 48.3402 53.2717 18.7
    endloop
  endfacet
  facet normal -0.996917 0.0784584 0
    outer loop
      vertex 50.9717 50.6402 18.7
      vertex 51 51 23.7
      vertex 51 51 18.7
    endloop
  endfacet
  facet normal -0.996917 0.0784584 0
    outer loop
      vertex 51 51 23.7
      vertex 50.9717 50.6402 18.7
      vertex 50.9717 50.6402 23.7
    endloop
  endfacet
  facet normal 0.85264 0.522498 0
    outer loop
      vertex 46.8393 49.6481 23.7
      vertex 46.6507 49.9558 18.7
      vertex 46.6507 49.9558 23.7
    endloop
  endfacet
  facet normal 0.85264 0.522498 0
    outer loop
      vertex 46.6507 49.9558 18.7
      vertex 46.8393 49.6481 23.7
      vertex 46.8393 49.6481 18.7
    endloop
  endfacet
  facet normal 0.996917 0.0784584 0
    outer loop
      vertex 46.4283 50.6402 23.7
      vertex 46.4 51 18.7
      vertex 46.4 51 23.7
    endloop
  endfacet
  facet normal 0.996917 0.0784584 0
    outer loop
      vertex 46.4 51 18.7
      vertex 46.4283 50.6402 23.7
      vertex 46.4283 50.6402 18.7
    endloop
  endfacet
  facet normal -0.649459 0.760397 0
    outer loop
      vertex 50.3263 49.3737 18.7
      vertex 50.0519 49.1393 23.7
      vertex 50.3263 49.3737 23.7
    endloop
  endfacet
  facet normal -0.649459 0.760397 0
    outer loop
      vertex 50.0519 49.1393 23.7
      vertex 50.3263 49.3737 18.7
      vertex 50.0519 49.1393 18.7
    endloop
  endfacet
  facet normal -0.92388 0.382683 0
    outer loop
      vertex 50.7493 49.9558 18.7
      vertex 50.8874 50.2893 23.7
      vertex 50.8874 50.2893 18.7
    endloop
  endfacet
  facet normal -0.92388 0.382683 0
    outer loop
      vertex 50.8874 50.2893 23.7
      vertex 50.7493 49.9558 18.7
      vertex 50.7493 49.9558 23.7
    endloop
  endfacet
  facet normal 0.522498 0.85264 -0
    outer loop
      vertex 47.6558 48.9507 18.7
      vertex 47.3481 49.1393 23.7
      vertex 47.6558 48.9507 23.7
    endloop
  endfacet
  facet normal 0.522498 0.85264 0
    outer loop
      vertex 47.3481 49.1393 23.7
      vertex 47.6558 48.9507 18.7
      vertex 47.3481 49.1393 18.7
    endloop
  endfacet
  facet normal 0.0784584 0.996917 -0
    outer loop
      vertex 48.7 48.7 18.7
      vertex 48.3402 48.7283 23.7
      vertex 48.7 48.7 23.7
    endloop
  endfacet
  facet normal 0.0784584 0.996917 0
    outer loop
      vertex 48.3402 48.7283 23.7
      vertex 48.7 48.7 18.7
      vertex 48.3402 48.7283 18.7
    endloop
  endfacet
  facet normal 0.972371 0.23344 0
    outer loop
      vertex 46.5126 50.2893 23.7
      vertex 46.4283 50.6402 18.7
      vertex 46.4283 50.6402 23.7
    endloop
  endfacet
  facet normal 0.972371 0.23344 0
    outer loop
      vertex 46.4283 50.6402 18.7
      vertex 46.5126 50.2893 23.7
      vertex 46.5126 50.2893 18.7
    endloop
  endfacet
  facet normal 0.92388 0.382683 0
    outer loop
      vertex 46.6507 49.9558 23.7
      vertex 46.5126 50.2893 18.7
      vertex 46.5126 50.2893 23.7
    endloop
  endfacet
  facet normal 0.92388 0.382683 0
    outer loop
      vertex 46.5126 50.2893 18.7
      vertex 46.6507 49.9558 23.7
      vertex 46.6507 49.9558 18.7
    endloop
  endfacet
  facet normal -0.760402 0.649452 0
    outer loop
      vertex 50.3263 49.3737 18.7
      vertex 50.5607 49.6481 23.7
      vertex 50.5607 49.6481 18.7
    endloop
  endfacet
  facet normal -0.760402 0.649452 0
    outer loop
      vertex 50.5607 49.6481 23.7
      vertex 50.3263 49.3737 18.7
      vertex 50.3263 49.3737 23.7
    endloop
  endfacet
  facet normal -0.522498 0.85264 0
    outer loop
      vertex 50.0519 49.1393 18.7
      vertex 49.7442 48.9507 23.7
      vertex 50.0519 49.1393 23.7
    endloop
  endfacet
  facet normal -0.522498 0.85264 0
    outer loop
      vertex 49.7442 48.9507 23.7
      vertex 50.0519 49.1393 18.7
      vertex 49.7442 48.9507 18.7
    endloop
  endfacet
  facet normal -0.382683 0.92388 0
    outer loop
      vertex 49.7442 48.9507 18.7
      vertex 49.4107 48.8126 23.7
      vertex 49.7442 48.9507 23.7
    endloop
  endfacet
  facet normal -0.382683 0.92388 0
    outer loop
      vertex 49.4107 48.8126 23.7
      vertex 49.7442 48.9507 18.7
      vertex 49.4107 48.8126 18.7
    endloop
  endfacet
  facet normal -0.972369 0.23345 0
    outer loop
      vertex 50.8874 50.2893 18.7
      vertex 50.9717 50.6402 23.7
      vertex 50.9717 50.6402 18.7
    endloop
  endfacet
  facet normal -0.972369 0.23345 0
    outer loop
      vertex 50.9717 50.6402 23.7
      vertex 50.8874 50.2893 18.7
      vertex 50.8874 50.2893 23.7
    endloop
  endfacet
  facet normal 0.382683 0.92388 -0
    outer loop
      vertex 47.9893 48.8126 18.7
      vertex 47.6558 48.9507 23.7
      vertex 47.9893 48.8126 23.7
    endloop
  endfacet
  facet normal 0.382683 0.92388 0
    outer loop
      vertex 47.6558 48.9507 23.7
      vertex 47.9893 48.8126 18.7
      vertex 47.6558 48.9507 18.7
    endloop
  endfacet
  facet normal 0.760402 0.649452 0
    outer loop
      vertex 47.0737 49.3737 23.7
      vertex 46.8393 49.6481 18.7
      vertex 46.8393 49.6481 23.7
    endloop
  endfacet
  facet normal 0.760402 0.649452 0
    outer loop
      vertex 46.8393 49.6481 18.7
      vertex 47.0737 49.3737 23.7
      vertex 47.0737 49.3737 18.7
    endloop
  endfacet
  facet normal 0.649453 0.760401 -0
    outer loop
      vertex 47.3481 49.1393 18.7
      vertex 47.0737 49.3737 23.7
      vertex 47.3481 49.1393 23.7
    endloop
  endfacet
  facet normal 0.649453 0.760401 0
    outer loop
      vertex 47.0737 49.3737 23.7
      vertex 47.3481 49.1393 18.7
      vertex 47.0737 49.3737 18.7
    endloop
  endfacet
  facet normal 0.23344 0.972371 -0
    outer loop
      vertex 48.3402 48.7283 18.7
      vertex 47.9893 48.8126 23.7
      vertex 48.3402 48.7283 23.7
    endloop
  endfacet
  facet normal 0.23344 0.972371 0
    outer loop
      vertex 47.9893 48.8126 23.7
      vertex 48.3402 48.7283 18.7
      vertex 47.9893 48.8126 18.7
    endloop
  endfacet
  facet normal -0.996917 -0.0784646 0
    outer loop
      vertex 50.4 51 17.5
      vertex 50.3791 51.2659 18.7
      vertex 50.3791 51.2659 17.5
    endloop
  endfacet
  facet normal -0.996917 -0.0784646 0
    outer loop
      vertex 50.3791 51.2659 18.7
      vertex 50.4 51 17.5
      vertex 50.4 51 18.7
    endloop
  endfacet
  facet normal 0.996917 -0.0784646 0
    outer loop
      vertex 47 51 18.7
      vertex 47.0209 51.2659 17.5
      vertex 47.0209 51.2659 18.7
    endloop
  endfacet
  facet normal 0.996917 -0.0784646 0
    outer loop
      vertex 47.0209 51.2659 17.5
      vertex 47 51 18.7
      vertex 47 51 17.5
    endloop
  endfacet
  facet normal -0.0784646 -0.996917 0
    outer loop
      vertex 48.7 52.7 17.5
      vertex 48.9659 52.6791 18.7
      vertex 48.7 52.7 18.7
    endloop
  endfacet
  facet normal -0.0784646 -0.996917 -0
    outer loop
      vertex 48.9659 52.6791 18.7
      vertex 48.7 52.7 17.5
      vertex 48.9659 52.6791 17.5
    endloop
  endfacet
  facet normal -0.760404 -0.64945 0
    outer loop
      vertex 50.0753 51.9992 17.5
      vertex 49.9021 52.2021 18.7
      vertex 49.9021 52.2021 17.5
    endloop
  endfacet
  facet normal -0.760404 -0.64945 0
    outer loop
      vertex 49.9021 52.2021 18.7
      vertex 50.0753 51.9992 17.5
      vertex 50.0753 51.9992 18.7
    endloop
  endfacet
  facet normal 0.64945 -0.760404 0
    outer loop
      vertex 47.4979 52.2021 17.5
      vertex 47.7008 52.3753 18.7
      vertex 47.4979 52.2021 18.7
    endloop
  endfacet
  facet normal 0.64945 -0.760404 0
    outer loop
      vertex 47.7008 52.3753 18.7
      vertex 47.4979 52.2021 17.5
      vertex 47.7008 52.3753 17.5
    endloop
  endfacet
  facet normal 0.382682 -0.92388 0
    outer loop
      vertex 47.9282 52.5147 17.5
      vertex 48.1747 52.6168 18.7
      vertex 47.9282 52.5147 18.7
    endloop
  endfacet
  facet normal 0.382682 -0.92388 0
    outer loop
      vertex 48.1747 52.6168 18.7
      vertex 47.9282 52.5147 17.5
      vertex 48.1747 52.6168 17.5
    endloop
  endfacet
  facet normal -0.852642 0.522496 0
    outer loop
      vertex 50.0753 50.0008 17.5
      vertex 50.2147 50.2282 18.7
      vertex 50.2147 50.2282 17.5
    endloop
  endfacet
  facet normal -0.852642 0.522496 0
    outer loop
      vertex 50.2147 50.2282 18.7
      vertex 50.0753 50.0008 17.5
      vertex 50.0753 50.0008 18.7
    endloop
  endfacet
  facet normal 0.760404 0.64945 0
    outer loop
      vertex 47.4979 49.7979 18.7
      vertex 47.3247 50.0008 17.5
      vertex 47.3247 50.0008 18.7
    endloop
  endfacet
  facet normal 0.760404 0.64945 0
    outer loop
      vertex 47.3247 50.0008 17.5
      vertex 47.4979 49.7979 18.7
      vertex 47.4979 49.7979 17.5
    endloop
  endfacet
  facet normal -0.923878 -0.382687 0
    outer loop
      vertex 50.3168 51.5253 17.5
      vertex 50.2147 51.7718 18.7
      vertex 50.2147 51.7718 17.5
    endloop
  endfacet
  facet normal -0.923878 -0.382687 0
    outer loop
      vertex 50.2147 51.7718 18.7
      vertex 50.3168 51.5253 17.5
      vertex 50.3168 51.5253 18.7
    endloop
  endfacet
  facet normal -0.97237 -0.233447 0
    outer loop
      vertex 50.3791 51.2659 17.5
      vertex 50.3168 51.5253 18.7
      vertex 50.3168 51.5253 17.5
    endloop
  endfacet
  facet normal -0.97237 -0.233447 0
    outer loop
      vertex 50.3168 51.5253 18.7
      vertex 50.3791 51.2659 17.5
      vertex 50.3791 51.2659 18.7
    endloop
  endfacet
  facet normal -0.852642 -0.522496 0
    outer loop
      vertex 50.2147 51.7718 17.5
      vertex 50.0753 51.9992 18.7
      vertex 50.0753 51.9992 17.5
    endloop
  endfacet
  facet normal -0.852642 -0.522496 0
    outer loop
      vertex 50.0753 51.9992 18.7
      vertex 50.2147 51.7718 17.5
      vertex 50.2147 51.7718 18.7
    endloop
  endfacet
  facet normal -0.522496 -0.852642 0
    outer loop
      vertex 49.4718 52.5147 17.5
      vertex 49.6992 52.3753 18.7
      vertex 49.4718 52.5147 18.7
    endloop
  endfacet
  facet normal -0.522496 -0.852642 -0
    outer loop
      vertex 49.6992 52.3753 18.7
      vertex 49.4718 52.5147 17.5
      vertex 49.6992 52.3753 17.5
    endloop
  endfacet
  facet normal -0.382687 -0.923878 0
    outer loop
      vertex 49.2253 52.6168 17.5
      vertex 49.4718 52.5147 18.7
      vertex 49.2253 52.6168 18.7
    endloop
  endfacet
  facet normal -0.382687 -0.923878 -0
    outer loop
      vertex 49.4718 52.5147 18.7
      vertex 49.2253 52.6168 17.5
      vertex 49.4718 52.5147 17.5
    endloop
  endfacet
  facet normal -0.64945 -0.760404 0
    outer loop
      vertex 49.6992 52.3753 17.5
      vertex 49.9021 52.2021 18.7
      vertex 49.6992 52.3753 18.7
    endloop
  endfacet
  facet normal -0.64945 -0.760404 -0
    outer loop
      vertex 49.9021 52.2021 18.7
      vertex 49.6992 52.3753 17.5
      vertex 49.9021 52.2021 17.5
    endloop
  endfacet
  facet normal 0.852642 -0.522496 0
    outer loop
      vertex 47.1853 51.7718 18.7
      vertex 47.3247 51.9992 17.5
      vertex 47.3247 51.9992 18.7
    endloop
  endfacet
  facet normal 0.852642 -0.522496 0
    outer loop
      vertex 47.3247 51.9992 17.5
      vertex 47.1853 51.7718 18.7
      vertex 47.1853 51.7718 17.5
    endloop
  endfacet
  facet normal 0.760404 -0.64945 0
    outer loop
      vertex 47.3247 51.9992 18.7
      vertex 47.4979 52.2021 17.5
      vertex 47.4979 52.2021 18.7
    endloop
  endfacet
  facet normal 0.760404 -0.64945 0
    outer loop
      vertex 47.4979 52.2021 17.5
      vertex 47.3247 51.9992 18.7
      vertex 47.3247 51.9992 17.5
    endloop
  endfacet
  facet normal 0.923878 -0.382687 0
    outer loop
      vertex 47.0832 51.5253 18.7
      vertex 47.1853 51.7718 17.5
      vertex 47.1853 51.7718 18.7
    endloop
  endfacet
  facet normal 0.923878 -0.382687 0
    outer loop
      vertex 47.1853 51.7718 17.5
      vertex 47.0832 51.5253 18.7
      vertex 47.0832 51.5253 17.5
    endloop
  endfacet
  facet normal 0.522502 -0.852638 0
    outer loop
      vertex 47.7008 52.3753 17.5
      vertex 47.9282 52.5147 18.7
      vertex 47.7008 52.3753 18.7
    endloop
  endfacet
  facet normal 0.522502 -0.852638 0
    outer loop
      vertex 47.9282 52.5147 18.7
      vertex 47.7008 52.3753 17.5
      vertex 47.9282 52.5147 17.5
    endloop
  endfacet
  facet normal 0.0784646 -0.996917 0
    outer loop
      vertex 48.4341 52.6791 17.5
      vertex 48.7 52.7 18.7
      vertex 48.4341 52.6791 18.7
    endloop
  endfacet
  facet normal 0.0784646 -0.996917 0
    outer loop
      vertex 48.7 52.7 18.7
      vertex 48.4341 52.6791 17.5
      vertex 48.7 52.7 17.5
    endloop
  endfacet
  facet normal -0.996917 0.0784646 0
    outer loop
      vertex 50.3791 50.7341 17.5
      vertex 50.4 51 18.7
      vertex 50.4 51 17.5
    endloop
  endfacet
  facet normal -0.996917 0.0784646 0
    outer loop
      vertex 50.4 51 18.7
      vertex 50.3791 50.7341 17.5
      vertex 50.3791 50.7341 18.7
    endloop
  endfacet
  facet normal 0.64945 0.760404 -0
    outer loop
      vertex 47.7008 49.6247 17.5
      vertex 47.4979 49.7979 18.7
      vertex 47.7008 49.6247 18.7
    endloop
  endfacet
  facet normal 0.64945 0.760404 0
    outer loop
      vertex 47.4979 49.7979 18.7
      vertex 47.7008 49.6247 17.5
      vertex 47.4979 49.7979 17.5
    endloop
  endfacet
  facet normal 0.382682 0.92388 -0
    outer loop
      vertex 48.1747 49.3832 17.5
      vertex 47.9282 49.4853 18.7
      vertex 48.1747 49.3832 18.7
    endloop
  endfacet
  facet normal 0.382682 0.92388 0
    outer loop
      vertex 47.9282 49.4853 18.7
      vertex 48.1747 49.3832 17.5
      vertex 47.9282 49.4853 17.5
    endloop
  endfacet
  facet normal 0.97237 0.233447 0
    outer loop
      vertex 47.0832 50.4747 18.7
      vertex 47.0209 50.7341 17.5
      vertex 47.0209 50.7341 18.7
    endloop
  endfacet
  facet normal 0.97237 0.233447 0
    outer loop
      vertex 47.0209 50.7341 17.5
      vertex 47.0832 50.4747 18.7
      vertex 47.0832 50.4747 17.5
    endloop
  endfacet
  facet normal 0.852642 0.522496 0
    outer loop
      vertex 47.3247 50.0008 18.7
      vertex 47.1853 50.2282 17.5
      vertex 47.1853 50.2282 18.7
    endloop
  endfacet
  facet normal 0.852642 0.522496 0
    outer loop
      vertex 47.1853 50.2282 17.5
      vertex 47.3247 50.0008 18.7
      vertex 47.3247 50.0008 17.5
    endloop
  endfacet
  facet normal 0.923878 0.382687 0
    outer loop
      vertex 47.1853 50.2282 18.7
      vertex 47.0832 50.4747 17.5
      vertex 47.0832 50.4747 18.7
    endloop
  endfacet
  facet normal 0.923878 0.382687 0
    outer loop
      vertex 47.0832 50.4747 17.5
      vertex 47.1853 50.2282 18.7
      vertex 47.1853 50.2282 17.5
    endloop
  endfacet
  facet normal 0.233447 -0.97237 0
    outer loop
      vertex 48.1747 52.6168 17.5
      vertex 48.4341 52.6791 18.7
      vertex 48.1747 52.6168 18.7
    endloop
  endfacet
  facet normal 0.233447 -0.97237 0
    outer loop
      vertex 48.4341 52.6791 18.7
      vertex 48.1747 52.6168 17.5
      vertex 48.4341 52.6791 17.5
    endloop
  endfacet
  facet normal -0.382687 0.923878 0
    outer loop
      vertex 49.4718 49.4853 17.5
      vertex 49.2253 49.3832 18.7
      vertex 49.4718 49.4853 18.7
    endloop
  endfacet
  facet normal -0.382687 0.923878 0
    outer loop
      vertex 49.2253 49.3832 18.7
      vertex 49.4718 49.4853 17.5
      vertex 49.2253 49.3832 17.5
    endloop
  endfacet
  facet normal -0.0784646 0.996917 0
    outer loop
      vertex 48.9659 49.3209 17.5
      vertex 48.7 49.3 18.7
      vertex 48.9659 49.3209 18.7
    endloop
  endfacet
  facet normal -0.0784646 0.996917 0
    outer loop
      vertex 48.7 49.3 18.7
      vertex 48.9659 49.3209 17.5
      vertex 48.7 49.3 17.5
    endloop
  endfacet
  facet normal -0.233447 0.97237 0
    outer loop
      vertex 49.2253 49.3832 17.5
      vertex 48.9659 49.3209 18.7
      vertex 49.2253 49.3832 18.7
    endloop
  endfacet
  facet normal -0.233447 0.97237 0
    outer loop
      vertex 48.9659 49.3209 18.7
      vertex 49.2253 49.3832 17.5
      vertex 48.9659 49.3209 17.5
    endloop
  endfacet
  facet normal -0.522496 0.852642 0
    outer loop
      vertex 49.6992 49.6247 17.5
      vertex 49.4718 49.4853 18.7
      vertex 49.6992 49.6247 18.7
    endloop
  endfacet
  facet normal -0.522496 0.852642 0
    outer loop
      vertex 49.4718 49.4853 18.7
      vertex 49.6992 49.6247 17.5
      vertex 49.4718 49.4853 17.5
    endloop
  endfacet
  facet normal -0.760404 0.64945 0
    outer loop
      vertex 49.9021 49.7979 17.5
      vertex 50.0753 50.0008 18.7
      vertex 50.0753 50.0008 17.5
    endloop
  endfacet
  facet normal -0.760404 0.64945 0
    outer loop
      vertex 50.0753 50.0008 18.7
      vertex 49.9021 49.7979 17.5
      vertex 49.9021 49.7979 18.7
    endloop
  endfacet
  facet normal -0.64945 0.760404 0
    outer loop
      vertex 49.9021 49.7979 17.5
      vertex 49.6992 49.6247 18.7
      vertex 49.9021 49.7979 18.7
    endloop
  endfacet
  facet normal -0.64945 0.760404 0
    outer loop
      vertex 49.6992 49.6247 18.7
      vertex 49.9021 49.7979 17.5
      vertex 49.6992 49.6247 17.5
    endloop
  endfacet
  facet normal -0.923878 0.382687 0
    outer loop
      vertex 50.2147 50.2282 17.5
      vertex 50.3168 50.4747 18.7
      vertex 50.3168 50.4747 17.5
    endloop
  endfacet
  facet normal -0.923878 0.382687 0
    outer loop
      vertex 50.3168 50.4747 18.7
      vertex 50.2147 50.2282 17.5
      vertex 50.2147 50.2282 18.7
    endloop
  endfacet
  facet normal -0.97237 0.233447 0
    outer loop
      vertex 50.3168 50.4747 17.5
      vertex 50.3791 50.7341 18.7
      vertex 50.3791 50.7341 17.5
    endloop
  endfacet
  facet normal -0.97237 0.233447 0
    outer loop
      vertex 50.3791 50.7341 18.7
      vertex 50.3168 50.4747 17.5
      vertex 50.3168 50.4747 18.7
    endloop
  endfacet
  facet normal 0.233447 0.97237 -0
    outer loop
      vertex 48.4341 49.3209 17.5
      vertex 48.1747 49.3832 18.7
      vertex 48.4341 49.3209 18.7
    endloop
  endfacet
  facet normal 0.233447 0.97237 0
    outer loop
      vertex 48.1747 49.3832 18.7
      vertex 48.4341 49.3209 17.5
      vertex 48.1747 49.3832 17.5
    endloop
  endfacet
  facet normal 0.522502 0.852638 -0
    outer loop
      vertex 47.9282 49.4853 17.5
      vertex 47.7008 49.6247 18.7
      vertex 47.9282 49.4853 18.7
    endloop
  endfacet
  facet normal 0.522502 0.852638 0
    outer loop
      vertex 47.7008 49.6247 18.7
      vertex 47.9282 49.4853 17.5
      vertex 47.7008 49.6247 17.5
    endloop
  endfacet
  facet normal 0.0784646 0.996917 -0
    outer loop
      vertex 48.7 49.3 17.5
      vertex 48.4341 49.3209 18.7
      vertex 48.7 49.3 18.7
    endloop
  endfacet
  facet normal 0.0784646 0.996917 0
    outer loop
      vertex 48.4341 49.3209 18.7
      vertex 48.7 49.3 17.5
      vertex 48.4341 49.3209 17.5
    endloop
  endfacet
  facet normal 0.996917 0.0784646 0
    outer loop
      vertex 47.0209 50.7341 18.7
      vertex 47 51 17.5
      vertex 47 51 18.7
    endloop
  endfacet
  facet normal 0.996917 0.0784646 0
    outer loop
      vertex 47 51 17.5
      vertex 47.0209 50.7341 18.7
      vertex 47.0209 50.7341 17.5
    endloop
  endfacet
  facet normal 0 0 1
    outer loop
      vertex 50.3791 51.2659 17.5
      vertex 50.3791 50.7341 17.5
      vertex 50.4 51 17.5
    endloop
  endfacet
  facet normal 0 0 1
    outer loop
      vertex 50.3168 51.5253 17.5
      vertex 50.3791 50.7341 17.5
      vertex 50.3791 51.2659 17.5
    endloop
  endfacet
  facet normal 0 0 1
    outer loop
      vertex 50.3168 51.5253 17.5
      vertex 50.3168 50.4747 17.5
      vertex 50.3791 50.7341 17.5
    endloop
  endfacet
  facet normal 0 0 1
    outer loop
      vertex 50.2147 51.7718 17.5
      vertex 50.3168 50.4747 17.5
      vertex 50.3168 51.5253 17.5
    endloop
  endfacet
  facet normal 0 0 1
    outer loop
      vertex 50.2147 51.7718 17.5
      vertex 50.2147 50.2282 17.5
      vertex 50.3168 50.4747 17.5
    endloop
  endfacet
  facet normal 0 0 1
    outer loop
      vertex 50.0753 51.9992 17.5
      vertex 50.2147 50.2282 17.5
      vertex 50.2147 51.7718 17.5
    endloop
  endfacet
  facet normal 0 0 1
    outer loop
      vertex 50.0753 51.9992 17.5
      vertex 50.0753 50.0008 17.5
      vertex 50.2147 50.2282 17.5
    endloop
  endfacet
  facet normal 0 0 1
    outer loop
      vertex 49.9021 52.2021 17.5
      vertex 50.0753 50.0008 17.5
      vertex 50.0753 51.9992 17.5
    endloop
  endfacet
  facet normal 0 0 1
    outer loop
      vertex 49.9021 52.2021 17.5
      vertex 49.9021 49.7979 17.5
      vertex 50.0753 50.0008 17.5
    endloop
  endfacet
  facet normal 0 0 1
    outer loop
      vertex 49.6992 52.3753 17.5
      vertex 49.9021 49.7979 17.5
      vertex 49.9021 52.2021 17.5
    endloop
  endfacet
  facet normal 0 0 1
    outer loop
      vertex 49.6992 52.3753 17.5
      vertex 49.6992 49.6247 17.5
      vertex 49.9021 49.7979 17.5
    endloop
  endfacet
  facet normal 0 0 1
    outer loop
      vertex 49.4718 52.5147 17.5
      vertex 49.6992 49.6247 17.5
      vertex 49.6992 52.3753 17.5
    endloop
  endfacet
  facet normal 0 0 1
    outer loop
      vertex 49.4718 52.5147 17.5
      vertex 49.4718 49.4853 17.5
      vertex 49.6992 49.6247 17.5
    endloop
  endfacet
  facet normal 0 0 1
    outer loop
      vertex 49.2253 52.6168 17.5
      vertex 49.4718 49.4853 17.5
      vertex 49.4718 52.5147 17.5
    endloop
  endfacet
  facet normal 0 0 1
    outer loop
      vertex 49.2253 52.6168 17.5
      vertex 49.2253 49.3832 17.5
      vertex 49.4718 49.4853 17.5
    endloop
  endfacet
  facet normal 0 0 1
    outer loop
      vertex 48.9659 52.6791 17.5
      vertex 49.2253 49.3832 17.5
      vertex 49.2253 52.6168 17.5
    endloop
  endfacet
  facet normal 0 0 1
    outer loop
      vertex 48.9659 52.6791 17.5
      vertex 48.9659 49.3209 17.5
      vertex 49.2253 49.3832 17.5
    endloop
  endfacet
  facet normal 0 0 1
    outer loop
      vertex 48.7 52.7 17.5
      vertex 48.9659 49.3209 17.5
      vertex 48.9659 52.6791 17.5
    endloop
  endfacet
  facet normal 0 0 1
    outer loop
      vertex 48.7 52.7 17.5
      vertex 48.7 49.3 17.5
      vertex 48.9659 49.3209 17.5
    endloop
  endfacet
  facet normal -0 0 1
    outer loop
      vertex 48.4341 52.6791 17.5
      vertex 48.7 49.3 17.5
      vertex 48.7 52.7 17.5
    endloop
  endfacet
  facet normal 0 0 1
    outer loop
      vertex 48.4341 52.6791 17.5
      vertex 48.4341 49.3209 17.5
      vertex 48.7 49.3 17.5
    endloop
  endfacet
  facet normal -0 0 1
    outer loop
      vertex 48.1747 52.6168 17.5
      vertex 48.4341 49.3209 17.5
      vertex 48.4341 52.6791 17.5
    endloop
  endfacet
  facet normal 0 0 1
    outer loop
      vertex 48.1747 52.6168 17.5
      vertex 48.1747 49.3832 17.5
      vertex 48.4341 49.3209 17.5
    endloop
  endfacet
  facet normal -0 0 1
    outer loop
      vertex 47.9282 52.5147 17.5
      vertex 48.1747 49.3832 17.5
      vertex 48.1747 52.6168 17.5
    endloop
  endfacet
  facet normal 0 0 1
    outer loop
      vertex 47.9282 52.5147 17.5
      vertex 47.9282 49.4853 17.5
      vertex 48.1747 49.3832 17.5
    endloop
  endfacet
  facet normal -0 0 1
    outer loop
      vertex 47.7008 52.3753 17.5
      vertex 47.9282 49.4853 17.5
      vertex 47.9282 52.5147 17.5
    endloop
  endfacet
  facet normal 0 0 1
    outer loop
      vertex 47.7008 52.3753 17.5
      vertex 47.7008 49.6247 17.5
      vertex 47.9282 49.4853 17.5
    endloop
  endfacet
  facet normal -0 0 1
    outer loop
      vertex 47.4979 52.2021 17.5
      vertex 47.7008 49.6247 17.5
      vertex 47.7008 52.3753 17.5
    endloop
  endfacet
  facet normal 0 0 1
    outer loop
      vertex 47.4979 52.2021 17.5
      vertex 47.4979 49.7979 17.5
      vertex 47.7008 49.6247 17.5
    endloop
  endfacet
  facet normal -0 0 1
    outer loop
      vertex 47.3247 51.9992 17.5
      vertex 47.4979 49.7979 17.5
      vertex 47.4979 52.2021 17.5
    endloop
  endfacet
  facet normal 0 0 1
    outer loop
      vertex 47.3247 51.9992 17.5
      vertex 47.3247 50.0008 17.5
      vertex 47.4979 49.7979 17.5
    endloop
  endfacet
  facet normal -0 0 1
    outer loop
      vertex 47.1853 51.7718 17.5
      vertex 47.3247 50.0008 17.5
      vertex 47.3247 51.9992 17.5
    endloop
  endfacet
  facet normal 0 0 1
    outer loop
      vertex 47.1853 51.7718 17.5
      vertex 47.1853 50.2282 17.5
      vertex 47.3247 50.0008 17.5
    endloop
  endfacet
  facet normal -0 0 1
    outer loop
      vertex 47.0832 51.5253 17.5
      vertex 47.1853 50.2282 17.5
      vertex 47.1853 51.7718 17.5
    endloop
  endfacet
  facet normal 0 0 1
    outer loop
      vertex 47.0832 51.5253 17.5
      vertex 47.0832 50.4747 17.5
      vertex 47.1853 50.2282 17.5
    endloop
  endfacet
  facet normal -0 0 1
    outer loop
      vertex 47.0209 51.2659 17.5
      vertex 47.0832 50.4747 17.5
      vertex 47.0832 51.5253 17.5
    endloop
  endfacet
  facet normal 0 0 1
    outer loop
      vertex 47.0209 51.2659 17.5
      vertex 47.0209 50.7341 17.5
      vertex 47.0832 50.4747 17.5
    endloop
  endfacet
  facet normal 0 -0 1
    outer loop
      vertex 47.0209 50.7341 17.5
      vertex 47.0209 51.2659 17.5
      vertex 47 51 17.5
    endloop
  endfacet
  facet normal -0.233447 -0.97237 0
    outer loop
      vertex 48.9659 52.6791 17.5
      vertex 49.2253 52.6168 18.7
      vertex 48.9659 52.6791 18.7
    endloop
  endfacet
  facet normal -0.233447 -0.97237 -0
    outer loop
      vertex 49.2253 52.6168 18.7
      vertex 48.9659 52.6791 17.5
      vertex 49.2253 52.6168 17.5
    endloop
  endfacet
  facet normal 0.97237 -0.233447 0
    outer loop
      vertex 47.0209 51.2659 18.7
      vertex 47.0832 51.5253 17.5
      vertex 47.0832 51.5253 18.7
    endloop
  endfacet
  facet normal 0.97237 -0.233447 0
    outer loop
      vertex 47.0832 51.5253 17.5
      vertex 47.0209 51.2659 18.7
      vertex 47.0209 51.2659 17.5
    endloop
  endfacet
  facet normal -0.996918 -0.0784501 0
    outer loop
      vertex 64.1 16.06 0
      vertex 64.0581 16.5919 2.4
      vertex 64.0581 16.5919 0
    endloop
  endfacet
  facet normal -0.996918 -0.0784501 0
    outer loop
      vertex 64.0581 16.5919 2.4
      vertex 64.1 16.06 0
      vertex 64.1 16.06 2.4
    endloop
  endfacet
  facet normal 0.996917 -0.0784643 0
    outer loop
      vertex 57.3 16.06 2.4
      vertex 57.3419 16.5919 0
      vertex 57.3419 16.5919 2.4
    endloop
  endfacet
  facet normal 0.996917 -0.0784643 0
    outer loop
      vertex 57.3419 16.5919 0
      vertex 57.3 16.06 2.4
      vertex 57.3 16.06 0
    endloop
  endfacet
  facet normal -0.0784575 -0.996917 0
    outer loop
      vertex 60.7 19.46 0
      vertex 61.2319 19.4181 2.4
      vertex 60.7 19.46 2.4
    endloop
  endfacet
  facet normal -0.0784575 -0.996917 -0
    outer loop
      vertex 61.2319 19.4181 2.4
      vertex 60.7 19.46 0
      vertex 61.2319 19.4181 0
    endloop
  endfacet
  facet normal 0.0784593 0.996917 -0
    outer loop
      vertex 60.7 12.66 0
      vertex 60.1681 12.7019 2.4
      vertex 60.7 12.66 2.4
    endloop
  endfacet
  facet normal 0.0784593 0.996917 0
    outer loop
      vertex 60.1681 12.7019 2.4
      vertex 60.7 12.66 0
      vertex 60.1681 12.7019 0
    endloop
  endfacet
  facet normal 0.760408 0.649446 0
    outer loop
      vertex 58.2958 13.6558 2.4
      vertex 57.9493 14.0615 0
      vertex 57.9493 14.0615 2.4
    endloop
  endfacet
  facet normal 0.760408 0.649446 0
    outer loop
      vertex 57.9493 14.0615 0
      vertex 58.2958 13.6558 2.4
      vertex 58.2958 13.6558 0
    endloop
  endfacet
  facet normal -0.649448 -0.760406 0
    outer loop
      vertex 62.6985 18.8107 0
      vertex 63.1042 18.4642 2.4
      vertex 62.6985 18.8107 2.4
    endloop
  endfacet
  facet normal -0.649448 -0.760406 -0
    outer loop
      vertex 63.1042 18.4642 2.4
      vertex 62.6985 18.8107 0
      vertex 63.1042 18.4642 0
    endloop
  endfacet
  facet normal 0.649448 -0.760406 0
    outer loop
      vertex 58.2958 18.4642 0
      vertex 58.7015 18.8107 2.4
      vertex 58.2958 18.4642 2.4
    endloop
  endfacet
  facet normal 0.649448 -0.760406 0
    outer loop
      vertex 58.7015 18.8107 2.4
      vertex 58.2958 18.4642 0
      vertex 58.7015 18.8107 0
    endloop
  endfacet
  facet normal 0.382685 -0.923879 0
    outer loop
      vertex 59.1564 19.0894 0
      vertex 59.6493 19.2936 2.4
      vertex 59.1564 19.0894 2.4
    endloop
  endfacet
  facet normal 0.382685 -0.923879 0
    outer loop
      vertex 59.6493 19.2936 2.4
      vertex 59.1564 19.0894 0
      vertex 59.6493 19.2936 0
    endloop
  endfacet
  facet normal -0.923879 -0.382684 0
    outer loop
      vertex 63.9336 17.1107 0
      vertex 63.7294 17.6036 2.4
      vertex 63.7294 17.6036 0
    endloop
  endfacet
  facet normal -0.923879 -0.382684 0
    outer loop
      vertex 63.7294 17.6036 2.4
      vertex 63.9336 17.1107 0
      vertex 63.9336 17.1107 2.4
    endloop
  endfacet
  facet normal -0.972369 -0.233449 0
    outer loop
      vertex 64.0581 16.5919 0
      vertex 63.9336 17.1107 2.4
      vertex 63.9336 17.1107 0
    endloop
  endfacet
  facet normal -0.972369 -0.233449 0
    outer loop
      vertex 63.9336 17.1107 2.4
      vertex 64.0581 16.5919 0
      vertex 64.0581 16.5919 2.4
    endloop
  endfacet
  facet normal -0.382682 -0.92388 0
    outer loop
      vertex 61.7507 19.2936 0
      vertex 62.2436 19.0894 2.4
      vertex 61.7507 19.2936 2.4
    endloop
  endfacet
  facet normal -0.382682 -0.92388 -0
    outer loop
      vertex 62.2436 19.0894 2.4
      vertex 61.7507 19.2936 0
      vertex 62.2436 19.0894 0
    endloop
  endfacet
  facet normal -0.233445 -0.97237 0
    outer loop
      vertex 61.2319 19.4181 0
      vertex 61.7507 19.2936 2.4
      vertex 61.2319 19.4181 2.4
    endloop
  endfacet
  facet normal -0.233445 -0.97237 -0
    outer loop
      vertex 61.7507 19.2936 2.4
      vertex 61.2319 19.4181 0
      vertex 61.7507 19.2936 0
    endloop
  endfacet
  facet normal -0.522499 -0.85264 0
    outer loop
      vertex 62.2436 19.0894 0
      vertex 62.6985 18.8107 2.4
      vertex 62.2436 19.0894 2.4
    endloop
  endfacet
  facet normal -0.522499 -0.85264 -0
    outer loop
      vertex 62.6985 18.8107 2.4
      vertex 62.2436 19.0894 0
      vertex 62.6985 18.8107 0
    endloop
  endfacet
  facet normal 0.852639 -0.522501 0
    outer loop
      vertex 57.6706 17.6036 2.4
      vertex 57.9493 18.0585 0
      vertex 57.9493 18.0585 2.4
    endloop
  endfacet
  facet normal 0.852639 -0.522501 0
    outer loop
      vertex 57.9493 18.0585 0
      vertex 57.6706 17.6036 2.4
      vertex 57.6706 17.6036 0
    endloop
  endfacet
  facet normal 0.760408 -0.649446 0
    outer loop
      vertex 57.9493 18.0585 2.4
      vertex 58.2958 18.4642 0
      vertex 58.2958 18.4642 2.4
    endloop
  endfacet
  facet normal 0.760408 -0.649446 0
    outer loop
      vertex 58.2958 18.4642 0
      vertex 57.9493 18.0585 2.4
      vertex 57.9493 18.0585 0
    endloop
  endfacet
  facet normal 0.923879 -0.382684 0
    outer loop
      vertex 57.4664 17.1107 2.4
      vertex 57.6706 17.6036 0
      vertex 57.6706 17.6036 2.4
    endloop
  endfacet
  facet normal 0.923879 -0.382684 0
    outer loop
      vertex 57.6706 17.6036 0
      vertex 57.4664 17.1107 2.4
      vertex 57.4664 17.1107 0
    endloop
  endfacet
  facet normal 0.522499 -0.85264 0
    outer loop
      vertex 58.7015 18.8107 0
      vertex 59.1564 19.0894 2.4
      vertex 58.7015 18.8107 2.4
    endloop
  endfacet
  facet normal 0.522499 -0.85264 0
    outer loop
      vertex 59.1564 19.0894 2.4
      vertex 58.7015 18.8107 0
      vertex 59.1564 19.0894 0
    endloop
  endfacet
  facet normal 0.233444 -0.97237 0
    outer loop
      vertex 59.6493 19.2936 0
      vertex 60.1681 19.4181 2.4
      vertex 59.6493 19.2936 2.4
    endloop
  endfacet
  facet normal 0.233444 -0.97237 0
    outer loop
      vertex 60.1681 19.4181 2.4
      vertex 59.6493 19.2936 0
      vertex 60.1681 19.4181 0
    endloop
  endfacet
  facet normal -0.852638 0.522502 0
    outer loop
      vertex 63.4507 14.0615 0
      vertex 63.7294 14.5164 2.4
      vertex 63.7294 14.5164 0
    endloop
  endfacet
  facet normal -0.852638 0.522502 0
    outer loop
      vertex 63.7294 14.5164 2.4
      vertex 63.4507 14.0615 0
      vertex 63.4507 14.0615 2.4
    endloop
  endfacet
  facet normal -0.972369 0.233448 0
    outer loop
      vertex 63.9336 15.0093 0
      vertex 64.0581 15.5281 2.4
      vertex 64.0581 15.5281 0
    endloop
  endfacet
  facet normal -0.972369 0.233448 0
    outer loop
      vertex 64.0581 15.5281 2.4
      vertex 63.9336 15.0093 0
      vertex 63.9336 15.0093 2.4
    endloop
  endfacet
  facet normal 0.649448 0.760406 -0
    outer loop
      vertex 58.7015 13.3093 0
      vertex 58.2958 13.6558 2.4
      vertex 58.7015 13.3093 2.4
    endloop
  endfacet
  facet normal 0.649448 0.760406 0
    outer loop
      vertex 58.2958 13.6558 2.4
      vertex 58.7015 13.3093 0
      vertex 58.2958 13.6558 0
    endloop
  endfacet
  facet normal 0.382685 0.923879 -0
    outer loop
      vertex 59.6493 12.8264 0
      vertex 59.1564 13.0306 2.4
      vertex 59.6493 12.8264 2.4
    endloop
  endfacet
  facet normal 0.382685 0.923879 0
    outer loop
      vertex 59.1564 13.0306 2.4
      vertex 59.6493 12.8264 0
      vertex 59.1564 13.0306 0
    endloop
  endfacet
  facet normal 0.852638 0.522502 0
    outer loop
      vertex 57.9493 14.0615 2.4
      vertex 57.6706 14.5164 0
      vertex 57.6706 14.5164 2.4
    endloop
  endfacet
  facet normal 0.852638 0.522502 0
    outer loop
      vertex 57.6706 14.5164 0
      vertex 57.9493 14.0615 2.4
      vertex 57.9493 14.0615 0
    endloop
  endfacet
  facet normal -0.760408 -0.649446 0
    outer loop
      vertex 63.4507 18.0585 0
      vertex 63.1042 18.4642 2.4
      vertex 63.1042 18.4642 0
    endloop
  endfacet
  facet normal -0.760408 -0.649446 0
    outer loop
      vertex 63.1042 18.4642 2.4
      vertex 63.4507 18.0585 0
      vertex 63.4507 18.0585 2.4
    endloop
  endfacet
  facet normal -0.852639 -0.522501 0
    outer loop
      vertex 63.7294 17.6036 0
      vertex 63.4507 18.0585 2.4
      vertex 63.4507 18.0585 0
    endloop
  endfacet
  facet normal -0.852639 -0.522501 0
    outer loop
      vertex 63.4507 18.0585 2.4
      vertex 63.7294 17.6036 0
      vertex 63.7294 17.6036 2.4
    endloop
  endfacet
  facet normal 0.972371 -0.233442 0
    outer loop
      vertex 57.3419 16.5919 2.4
      vertex 57.4664 17.1107 0
      vertex 57.4664 17.1107 2.4
    endloop
  endfacet
  facet normal 0.972371 -0.233442 0
    outer loop
      vertex 57.4664 17.1107 0
      vertex 57.3419 16.5919 2.4
      vertex 57.3419 16.5919 0
    endloop
  endfacet
  facet normal 0.0784575 -0.996917 0
    outer loop
      vertex 60.1681 19.4181 0
      vertex 60.7 19.46 2.4
      vertex 60.1681 19.4181 2.4
    endloop
  endfacet
  facet normal 0.0784575 -0.996917 0
    outer loop
      vertex 60.7 19.46 2.4
      vertex 60.1681 19.4181 0
      vertex 60.7 19.46 0
    endloop
  endfacet
  facet normal -0.0784593 0.996917 0
    outer loop
      vertex 61.2319 12.7019 0
      vertex 60.7 12.66 2.4
      vertex 61.2319 12.7019 2.4
    endloop
  endfacet
  facet normal -0.0784593 0.996917 0
    outer loop
      vertex 60.7 12.66 2.4
      vertex 61.2319 12.7019 0
      vertex 60.7 12.66 0
    endloop
  endfacet
  facet normal -0.382682 0.92388 0
    outer loop
      vertex 62.2436 13.0306 0
      vertex 61.7507 12.8264 2.4
      vertex 62.2436 13.0306 2.4
    endloop
  endfacet
  facet normal -0.382682 0.92388 0
    outer loop
      vertex 61.7507 12.8264 2.4
      vertex 62.2436 13.0306 0
      vertex 61.7507 12.8264 0
    endloop
  endfacet
  facet normal -0.760408 0.649446 0
    outer loop
      vertex 63.1042 13.6558 0
      vertex 63.4507 14.0615 2.4
      vertex 63.4507 14.0615 0
    endloop
  endfacet
  facet normal -0.760408 0.649446 0
    outer loop
      vertex 63.4507 14.0615 2.4
      vertex 63.1042 13.6558 0
      vertex 63.1042 13.6558 2.4
    endloop
  endfacet
  facet normal -0.522499 0.85264 0
    outer loop
      vertex 62.6985 13.3093 0
      vertex 62.2436 13.0306 2.4
      vertex 62.6985 13.3093 2.4
    endloop
  endfacet
  facet normal -0.522499 0.85264 0
    outer loop
      vertex 62.2436 13.0306 2.4
      vertex 62.6985 13.3093 0
      vertex 62.2436 13.0306 0
    endloop
  endfacet
  facet normal -0.923879 0.382684 0
    outer loop
      vertex 63.7294 14.5164 0
      vertex 63.9336 15.0093 2.4
      vertex 63.9336 15.0093 0
    endloop
  endfacet
  facet normal -0.923879 0.382684 0
    outer loop
      vertex 63.9336 15.0093 2.4
      vertex 63.7294 14.5164 0
      vertex 63.7294 14.5164 2.4
    endloop
  endfacet
  facet normal 0.522499 0.85264 -0
    outer loop
      vertex 59.1564 13.0306 0
      vertex 58.7015 13.3093 2.4
      vertex 59.1564 13.0306 2.4
    endloop
  endfacet
  facet normal 0.522499 0.85264 0
    outer loop
      vertex 58.7015 13.3093 2.4
      vertex 59.1564 13.0306 0
      vertex 58.7015 13.3093 0
    endloop
  endfacet
  facet normal 0.233444 0.97237 -0
    outer loop
      vertex 60.1681 12.7019 0
      vertex 59.6493 12.8264 2.4
      vertex 60.1681 12.7019 2.4
    endloop
  endfacet
  facet normal 0.233444 0.97237 0
    outer loop
      vertex 59.6493 12.8264 2.4
      vertex 60.1681 12.7019 0
      vertex 59.6493 12.8264 0
    endloop
  endfacet
  facet normal 0.923879 0.382684 0
    outer loop
      vertex 57.6706 14.5164 2.4
      vertex 57.4664 15.0093 0
      vertex 57.4664 15.0093 2.4
    endloop
  endfacet
  facet normal 0.923879 0.382684 0
    outer loop
      vertex 57.4664 15.0093 0
      vertex 57.6706 14.5164 2.4
      vertex 57.6706 14.5164 0
    endloop
  endfacet
  facet normal 0.996917 0.0784646 0
    outer loop
      vertex 57.3419 15.5281 2.4
      vertex 57.3 16.06 0
      vertex 57.3 16.06 2.4
    endloop
  endfacet
  facet normal 0.996917 0.0784646 0
    outer loop
      vertex 57.3 16.06 0
      vertex 57.3419 15.5281 2.4
      vertex 57.3419 15.5281 0
    endloop
  endfacet
  facet normal -0.996918 0.0784504 0
    outer loop
      vertex 64.0581 15.5281 0
      vertex 64.1 16.06 2.4
      vertex 64.1 16.06 0
    endloop
  endfacet
  facet normal -0.996918 0.0784504 0
    outer loop
      vertex 64.1 16.06 2.4
      vertex 64.0581 15.5281 0
      vertex 64.0581 15.5281 2.4
    endloop
  endfacet
  facet normal -0.233445 0.97237 0
    outer loop
      vertex 61.7507 12.8264 0
      vertex 61.2319 12.7019 2.4
      vertex 61.7507 12.8264 2.4
    endloop
  endfacet
  facet normal -0.233445 0.97237 0
    outer loop
      vertex 61.2319 12.7019 2.4
      vertex 61.7507 12.8264 0
      vertex 61.2319 12.7019 0
    endloop
  endfacet
  facet normal -0.649448 0.760406 0
    outer loop
      vertex 63.1042 13.6558 0
      vertex 62.6985 13.3093 2.4
      vertex 63.1042 13.6558 2.4
    endloop
  endfacet
  facet normal -0.649448 0.760406 0
    outer loop
      vertex 62.6985 13.3093 2.4
      vertex 63.1042 13.6558 0
      vertex 62.6985 13.3093 0
    endloop
  endfacet
  facet normal 0.972371 0.233442 0
    outer loop
      vertex 57.4664 15.0093 2.4
      vertex 57.3419 15.5281 0
      vertex 57.3419 15.5281 2.4
    endloop
  endfacet
  facet normal 0.972371 0.233442 0
    outer loop
      vertex 57.3419 15.5281 0
      vertex 57.4664 15.0093 2.4
      vertex 57.4664 15.0093 0
    endloop
  endfacet
  facet normal -0.996917 -0.0784597 0
    outer loop
      vertex 65.8 16.06 2.4
      vertex 65.7372 16.8578 9.3
      vertex 65.7372 16.8578 2.4
    endloop
  endfacet
  facet normal -0.996917 -0.0784597 0
    outer loop
      vertex 65.7372 16.8578 9.3
      vertex 65.8 16.06 2.4
      vertex 65.8 16.06 9.3
    endloop
  endfacet
  facet normal 0.996918 -0.078455 0
    outer loop
      vertex 55.6 16.06 9.3
      vertex 55.6628 16.8578 2.4
      vertex 55.6628 16.8578 9.3
    endloop
  endfacet
  facet normal 0.996918 -0.078455 0
    outer loop
      vertex 55.6628 16.8578 2.4
      vertex 55.6 16.06 9.3
      vertex 55.6 16.06 2.4
    endloop
  endfacet
  facet normal 0.0784595 -0.996917 0
    outer loop
      vertex 59.9022 21.0972 2.4
      vertex 60.7 21.16 9.3
      vertex 59.9022 21.0972 9.3
    endloop
  endfacet
  facet normal 0.0784595 -0.996917 0
    outer loop
      vertex 60.7 21.16 9.3
      vertex 59.9022 21.0972 2.4
      vertex 60.7 21.16 2.4
    endloop
  endfacet
  facet normal -0.0784587 0.996917 0
    outer loop
      vertex 61.4978 11.0228 2.4
      vertex 60.7 10.96 9.3
      vertex 61.4978 11.0228 9.3
    endloop
  endfacet
  facet normal -0.0784587 0.996917 0
    outer loop
      vertex 60.7 10.96 9.3
      vertex 61.4978 11.0228 2.4
      vertex 60.7 10.96 2.4
    endloop
  endfacet
  facet normal -0.649447 -0.760406 0
    outer loop
      vertex 63.6977 20.186 2.4
      vertex 64.3062 19.6662 9.3
      vertex 63.6977 20.186 9.3
    endloop
  endfacet
  facet normal -0.649447 -0.760406 -0
    outer loop
      vertex 64.3062 19.6662 9.3
      vertex 63.6977 20.186 2.4
      vertex 64.3062 19.6662 2.4
    endloop
  endfacet
  facet normal 0.760404 -0.64945 0
    outer loop
      vertex 56.574 19.0577 9.3
      vertex 57.0938 19.6662 2.4
      vertex 57.0938 19.6662 9.3
    endloop
  endfacet
  facet normal 0.760404 -0.64945 0
    outer loop
      vertex 57.0938 19.6662 2.4
      vertex 56.574 19.0577 9.3
      vertex 56.574 19.0577 2.4
    endloop
  endfacet
  facet normal 0.38268 -0.923881 0
    outer loop
      vertex 58.3846 20.6041 2.4
      vertex 59.124 20.9104 9.3
      vertex 58.3846 20.6041 9.3
    endloop
  endfacet
  facet normal 0.38268 -0.923881 0
    outer loop
      vertex 59.124 20.9104 9.3
      vertex 58.3846 20.6041 2.4
      vertex 59.124 20.9104 2.4
    endloop
  endfacet
  facet normal -0.852641 0.522497 0
    outer loop
      vertex 64.826 13.0623 2.4
      vertex 65.2441 13.7446 9.3
      vertex 65.2441 13.7446 2.4
    endloop
  endfacet
  facet normal -0.852641 0.522497 0
    outer loop
      vertex 65.2441 13.7446 9.3
      vertex 64.826 13.0623 2.4
      vertex 64.826 13.0623 9.3
    endloop
  endfacet
  facet normal -0.923881 -0.38268 0
    outer loop
      vertex 65.5504 17.636 2.4
      vertex 65.2441 18.3754 9.3
      vertex 65.2441 18.3754 2.4
    endloop
  endfacet
  facet normal -0.923881 -0.38268 0
    outer loop
      vertex 65.2441 18.3754 9.3
      vertex 65.5504 17.636 2.4
      vertex 65.5504 17.636 9.3
    endloop
  endfacet
  facet normal -0.972368 -0.233453 0
    outer loop
      vertex 65.7372 16.8578 2.4
      vertex 65.5504 17.636 9.3
      vertex 65.5504 17.636 2.4
    endloop
  endfacet
  facet normal -0.972368 -0.233453 0
    outer loop
      vertex 65.5504 17.636 9.3
      vertex 65.7372 16.8578 2.4
      vertex 65.7372 16.8578 9.3
    endloop
  endfacet
  facet normal -0.233446 -0.97237 0
    outer loop
      vertex 61.4978 21.0972 2.4
      vertex 62.276 20.9104 9.3
      vertex 61.4978 21.0972 9.3
    endloop
  endfacet
  facet normal -0.233446 -0.97237 -0
    outer loop
      vertex 62.276 20.9104 9.3
      vertex 61.4978 21.0972 2.4
      vertex 62.276 20.9104 2.4
    endloop
  endfacet
  facet normal -0.0784599 -0.996917 0
    outer loop
      vertex 60.7 21.16 2.4
      vertex 61.4978 21.0972 9.3
      vertex 60.7 21.16 9.3
    endloop
  endfacet
  facet normal -0.0784599 -0.996917 -0
    outer loop
      vertex 61.4978 21.0972 9.3
      vertex 60.7 21.16 2.4
      vertex 61.4978 21.0972 2.4
    endloop
  endfacet
  facet normal -0.522499 -0.85264 0
    outer loop
      vertex 63.0154 20.6041 2.4
      vertex 63.6977 20.186 9.3
      vertex 63.0154 20.6041 9.3
    endloop
  endfacet
  facet normal -0.522499 -0.85264 -0
    outer loop
      vertex 63.6977 20.186 9.3
      vertex 63.0154 20.6041 2.4
      vertex 63.6977 20.186 2.4
    endloop
  endfacet
  facet normal 0.923879 -0.382684 0
    outer loop
      vertex 55.8496 17.636 9.3
      vertex 56.1559 18.3754 2.4
      vertex 56.1559 18.3754 9.3
    endloop
  endfacet
  facet normal 0.923879 -0.382684 0
    outer loop
      vertex 56.1559 18.3754 2.4
      vertex 55.8496 17.636 9.3
      vertex 55.8496 17.636 2.4
    endloop
  endfacet
  facet normal 0.852642 -0.522496 0
    outer loop
      vertex 56.1559 18.3754 9.3
      vertex 56.574 19.0577 2.4
      vertex 56.574 19.0577 9.3
    endloop
  endfacet
  facet normal 0.852642 -0.522496 0
    outer loop
      vertex 56.574 19.0577 2.4
      vertex 56.1559 18.3754 9.3
      vertex 56.1559 18.3754 2.4
    endloop
  endfacet
  facet normal 0.972369 -0.233448 0
    outer loop
      vertex 55.6628 16.8578 9.3
      vertex 55.8496 17.636 2.4
      vertex 55.8496 17.636 9.3
    endloop
  endfacet
  facet normal 0.972369 -0.233448 0
    outer loop
      vertex 55.8496 17.636 2.4
      vertex 55.6628 16.8578 9.3
      vertex 55.6628 16.8578 2.4
    endloop
  endfacet
  facet normal 0.233447 -0.97237 0
    outer loop
      vertex 59.124 20.9104 2.4
      vertex 59.9022 21.0972 9.3
      vertex 59.124 20.9104 9.3
    endloop
  endfacet
  facet normal 0.233447 -0.97237 0
    outer loop
      vertex 59.9022 21.0972 9.3
      vertex 59.124 20.9104 2.4
      vertex 59.9022 21.0972 2.4
    endloop
  endfacet
  facet normal 0.852641 0.522497 0
    outer loop
      vertex 56.574 13.0623 9.3
      vertex 56.1559 13.7446 2.4
      vertex 56.1559 13.7446 9.3
    endloop
  endfacet
  facet normal 0.852641 0.522497 0
    outer loop
      vertex 56.1559 13.7446 2.4
      vertex 56.574 13.0623 9.3
      vertex 56.574 13.0623 2.4
    endloop
  endfacet
  facet normal 0 0 1
    outer loop
      vertex 64.1 16.06 2.4
      vertex 65.8 16.06 2.4
      vertex 65.7372 16.8578 2.4
    endloop
  endfacet
  facet normal 0 0 1
    outer loop
      vertex 64.0581 16.5919 2.4
      vertex 65.7372 16.8578 2.4
      vertex 65.5504 17.636 2.4
    endloop
  endfacet
  facet normal 0 0 1
    outer loop
      vertex 65.8 16.06 2.4
      vertex 64.1 16.06 2.4
      vertex 65.7372 15.2622 2.4
    endloop
  endfacet
  facet normal 0 0 1
    outer loop
      vertex 63.9336 17.1107 2.4
      vertex 65.5504 17.636 2.4
      vertex 65.2441 18.3754 2.4
    endloop
  endfacet
  facet normal -0 0 1
    outer loop
      vertex 64.0581 15.5281 2.4
      vertex 65.7372 15.2622 2.4
      vertex 64.1 16.06 2.4
    endloop
  endfacet
  facet normal 0 0 1
    outer loop
      vertex 63.7294 17.6036 2.4
      vertex 65.2441 18.3754 2.4
      vertex 64.826 19.0577 2.4
    endloop
  endfacet
  facet normal 0 0 1
    outer loop
      vertex 65.7372 15.2622 2.4
      vertex 64.0581 15.5281 2.4
      vertex 65.5504 14.484 2.4
    endloop
  endfacet
  facet normal 0 0 1
    outer loop
      vertex 63.4507 18.0585 2.4
      vertex 64.826 19.0577 2.4
      vertex 64.3062 19.6662 2.4
    endloop
  endfacet
  facet normal -0 0 1
    outer loop
      vertex 63.9336 15.0093 2.4
      vertex 65.5504 14.484 2.4
      vertex 64.0581 15.5281 2.4
    endloop
  endfacet
  facet normal 0 0 1
    outer loop
      vertex 65.5504 14.484 2.4
      vertex 63.9336 15.0093 2.4
      vertex 65.2441 13.7446 2.4
    endloop
  endfacet
  facet normal 0 0 1
    outer loop
      vertex 65.7372 16.8578 2.4
      vertex 64.0581 16.5919 2.4
      vertex 64.1 16.06 2.4
    endloop
  endfacet
  facet normal 0 0 1
    outer loop
      vertex 65.5504 17.636 2.4
      vertex 63.9336 17.1107 2.4
      vertex 64.0581 16.5919 2.4
    endloop
  endfacet
  facet normal 0 0 1
    outer loop
      vertex 65.2441 18.3754 2.4
      vertex 63.7294 17.6036 2.4
      vertex 63.9336 17.1107 2.4
    endloop
  endfacet
  facet normal 0 0 1
    outer loop
      vertex 63.1042 18.4642 2.4
      vertex 64.3062 19.6662 2.4
      vertex 63.6977 20.186 2.4
    endloop
  endfacet
  facet normal 0 0 1
    outer loop
      vertex 64.826 19.0577 2.4
      vertex 63.4507 18.0585 2.4
      vertex 63.7294 17.6036 2.4
    endloop
  endfacet
  facet normal 0 0 1
    outer loop
      vertex 64.3062 19.6662 2.4
      vertex 63.1042 18.4642 2.4
      vertex 63.4507 18.0585 2.4
    endloop
  endfacet
  facet normal 0 0 1
    outer loop
      vertex 62.6985 18.8107 2.4
      vertex 63.6977 20.186 2.4
      vertex 63.0154 20.6041 2.4
    endloop
  endfacet
  facet normal 0 0 1
    outer loop
      vertex 63.6977 20.186 2.4
      vertex 62.6985 18.8107 2.4
      vertex 63.1042 18.4642 2.4
    endloop
  endfacet
  facet normal 0 0 1
    outer loop
      vertex 62.2436 19.0894 2.4
      vertex 63.0154 20.6041 2.4
      vertex 62.276 20.9104 2.4
    endloop
  endfacet
  facet normal 0 0 1
    outer loop
      vertex 63.0154 20.6041 2.4
      vertex 62.2436 19.0894 2.4
      vertex 62.6985 18.8107 2.4
    endloop
  endfacet
  facet normal 0 0 1
    outer loop
      vertex 62.276 20.9104 2.4
      vertex 61.7507 19.2936 2.4
      vertex 62.2436 19.0894 2.4
    endloop
  endfacet
  facet normal 0 0 1
    outer loop
      vertex 61.4978 21.0972 2.4
      vertex 61.7507 19.2936 2.4
      vertex 62.276 20.9104 2.4
    endloop
  endfacet
  facet normal 0 0 1
    outer loop
      vertex 61.4978 21.0972 2.4
      vertex 61.2319 19.4181 2.4
      vertex 61.7507 19.2936 2.4
    endloop
  endfacet
  facet normal 0 0 1
    outer loop
      vertex 60.7 21.16 2.4
      vertex 61.2319 19.4181 2.4
      vertex 61.4978 21.0972 2.4
    endloop
  endfacet
  facet normal 0 0 1
    outer loop
      vertex 60.7 21.16 2.4
      vertex 60.7 19.46 2.4
      vertex 61.2319 19.4181 2.4
    endloop
  endfacet
  facet normal 0 0 1
    outer loop
      vertex 60.7 21.16 2.4
      vertex 60.1681 19.4181 2.4
      vertex 60.7 19.46 2.4
    endloop
  endfacet
  facet normal -0 0 1
    outer loop
      vertex 59.9022 21.0972 2.4
      vertex 60.1681 19.4181 2.4
      vertex 60.7 21.16 2.4
    endloop
  endfacet
  facet normal 0 0 1
    outer loop
      vertex 59.9022 21.0972 2.4
      vertex 59.6493 19.2936 2.4
      vertex 60.1681 19.4181 2.4
    endloop
  endfacet
  facet normal -0 0 1
    outer loop
      vertex 59.124 20.9104 2.4
      vertex 59.6493 19.2936 2.4
      vertex 59.9022 21.0972 2.4
    endloop
  endfacet
  facet normal 0 0 1
    outer loop
      vertex 59.6493 19.2936 2.4
      vertex 59.124 20.9104 2.4
      vertex 59.1564 19.0894 2.4
    endloop
  endfacet
  facet normal -0 0 1
    outer loop
      vertex 58.3846 20.6041 2.4
      vertex 59.1564 19.0894 2.4
      vertex 59.124 20.9104 2.4
    endloop
  endfacet
  facet normal 0 0 1
    outer loop
      vertex 59.1564 19.0894 2.4
      vertex 58.3846 20.6041 2.4
      vertex 58.7015 18.8107 2.4
    endloop
  endfacet
  facet normal -0 0 1
    outer loop
      vertex 57.7023 20.186 2.4
      vertex 58.7015 18.8107 2.4
      vertex 58.3846 20.6041 2.4
    endloop
  endfacet
  facet normal 0 0 1
    outer loop
      vertex 58.7015 18.8107 2.4
      vertex 57.7023 20.186 2.4
      vertex 58.2958 18.4642 2.4
    endloop
  endfacet
  facet normal -0 0 1
    outer loop
      vertex 57.0938 19.6662 2.4
      vertex 58.2958 18.4642 2.4
      vertex 57.7023 20.186 2.4
    endloop
  endfacet
  facet normal 0 0 1
    outer loop
      vertex 58.2958 18.4642 2.4
      vertex 57.0938 19.6662 2.4
      vertex 57.9493 18.0585 2.4
    endloop
  endfacet
  facet normal -0 0 1
    outer loop
      vertex 56.574 19.0577 2.4
      vertex 57.9493 18.0585 2.4
      vertex 57.0938 19.6662 2.4
    endloop
  endfacet
  facet normal 0 0 1
    outer loop
      vertex 57.9493 18.0585 2.4
      vertex 56.574 19.0577 2.4
      vertex 57.6706 17.6036 2.4
    endloop
  endfacet
  facet normal 0 0 1
    outer loop
      vertex 57.6706 17.6036 2.4
      vertex 56.1559 18.3754 2.4
      vertex 57.4664 17.1107 2.4
    endloop
  endfacet
  facet normal -0 0 1
    outer loop
      vertex 56.1559 18.3754 2.4
      vertex 57.6706 17.6036 2.4
      vertex 56.574 19.0577 2.4
    endloop
  endfacet
  facet normal -0 0 1
    outer loop
      vertex 63.7294 14.5164 2.4
      vertex 65.2441 13.7446 2.4
      vertex 63.9336 15.0093 2.4
    endloop
  endfacet
  facet normal 0 0 1
    outer loop
      vertex 65.2441 13.7446 2.4
      vertex 63.7294 14.5164 2.4
      vertex 64.826 13.0623 2.4
    endloop
  endfacet
  facet normal -0 0 1
    outer loop
      vertex 63.4507 14.0615 2.4
      vertex 64.826 13.0623 2.4
      vertex 63.7294 14.5164 2.4
    endloop
  endfacet
  facet normal 0 0 1
    outer loop
      vertex 64.826 13.0623 2.4
      vertex 63.4507 14.0615 2.4
      vertex 64.3062 12.4538 2.4
    endloop
  endfacet
  facet normal -0 0 1
    outer loop
      vertex 63.1042 13.6558 2.4
      vertex 64.3062 12.4538 2.4
      vertex 63.4507 14.0615 2.4
    endloop
  endfacet
  facet normal 0 0 1
    outer loop
      vertex 64.3062 12.4538 2.4
      vertex 63.1042 13.6558 2.4
      vertex 63.6977 11.934 2.4
    endloop
  endfacet
  facet normal -0 0 1
    outer loop
      vertex 62.6985 13.3093 2.4
      vertex 63.6977 11.934 2.4
      vertex 63.1042 13.6558 2.4
    endloop
  endfacet
  facet normal 0 0 1
    outer loop
      vertex 63.6977 11.934 2.4
      vertex 62.6985 13.3093 2.4
      vertex 63.0154 11.5159 2.4
    endloop
  endfacet
  facet normal -0 0 1
    outer loop
      vertex 62.2436 13.0306 2.4
      vertex 63.0154 11.5159 2.4
      vertex 62.6985 13.3093 2.4
    endloop
  endfacet
  facet normal 0 0 1
    outer loop
      vertex 63.0154 11.5159 2.4
      vertex 62.2436 13.0306 2.4
      vertex 62.276 11.2096 2.4
    endloop
  endfacet
  facet normal -0 0 1
    outer loop
      vertex 61.7507 12.8264 2.4
      vertex 62.276 11.2096 2.4
      vertex 62.2436 13.0306 2.4
    endloop
  endfacet
  facet normal 0 0 1
    outer loop
      vertex 61.7507 12.8264 2.4
      vertex 61.4978 11.0228 2.4
      vertex 62.276 11.2096 2.4
    endloop
  endfacet
  facet normal -0 0 1
    outer loop
      vertex 61.2319 12.7019 2.4
      vertex 61.4978 11.0228 2.4
      vertex 61.7507 12.8264 2.4
    endloop
  endfacet
  facet normal -0 0 1
    outer loop
      vertex 60.7 12.66 2.4
      vertex 61.4978 11.0228 2.4
      vertex 61.2319 12.7019 2.4
    endloop
  endfacet
  facet normal 0 0 1
    outer loop
      vertex 60.7 12.66 2.4
      vertex 60.7 10.96 2.4
      vertex 61.4978 11.0228 2.4
    endloop
  endfacet
  facet normal 0 0 1
    outer loop
      vertex 60.1681 12.7019 2.4
      vertex 60.7 10.96 2.4
      vertex 60.7 12.66 2.4
    endloop
  endfacet
  facet normal 0 0 1
    outer loop
      vertex 60.1681 12.7019 2.4
      vertex 59.9022 11.0228 2.4
      vertex 60.7 10.96 2.4
    endloop
  endfacet
  facet normal 0 0 1
    outer loop
      vertex 59.6493 12.8264 2.4
      vertex 59.9022 11.0228 2.4
      vertex 60.1681 12.7019 2.4
    endloop
  endfacet
  facet normal 0 0 1
    outer loop
      vertex 59.124 11.2096 2.4
      vertex 59.6493 12.8264 2.4
      vertex 59.1564 13.0306 2.4
    endloop
  endfacet
  facet normal 0 0 1
    outer loop
      vertex 59.6493 12.8264 2.4
      vertex 59.124 11.2096 2.4
      vertex 59.9022 11.0228 2.4
    endloop
  endfacet
  facet normal 0 0 1
    outer loop
      vertex 58.3846 11.5159 2.4
      vertex 59.1564 13.0306 2.4
      vertex 58.7015 13.3093 2.4
    endloop
  endfacet
  facet normal 0 0 1
    outer loop
      vertex 59.1564 13.0306 2.4
      vertex 58.3846 11.5159 2.4
      vertex 59.124 11.2096 2.4
    endloop
  endfacet
  facet normal 0 0 1
    outer loop
      vertex 57.7023 11.934 2.4
      vertex 58.7015 13.3093 2.4
      vertex 58.2958 13.6558 2.4
    endloop
  endfacet
  facet normal 0 0 1
    outer loop
      vertex 57.0938 12.4538 2.4
      vertex 58.2958 13.6558 2.4
      vertex 57.9493 14.0615 2.4
    endloop
  endfacet
  facet normal 0 0 1
    outer loop
      vertex 58.7015 13.3093 2.4
      vertex 57.7023 11.934 2.4
      vertex 58.3846 11.5159 2.4
    endloop
  endfacet
  facet normal 0 0 1
    outer loop
      vertex 56.574 13.0623 2.4
      vertex 57.9493 14.0615 2.4
      vertex 57.6706 14.5164 2.4
    endloop
  endfacet
  facet normal 0 0 1
    outer loop
      vertex 56.1559 13.7446 2.4
      vertex 57.6706 14.5164 2.4
      vertex 57.4664 15.0093 2.4
    endloop
  endfacet
  facet normal 0 0 1
    outer loop
      vertex 55.8496 14.484 2.4
      vertex 57.4664 15.0093 2.4
      vertex 57.3419 15.5281 2.4
    endloop
  endfacet
  facet normal 0 0 1
    outer loop
      vertex 58.2958 13.6558 2.4
      vertex 57.0938 12.4538 2.4
      vertex 57.7023 11.934 2.4
    endloop
  endfacet
  facet normal 0 0 1
    outer loop
      vertex 55.6628 15.2622 2.4
      vertex 57.3419 15.5281 2.4
      vertex 57.3 16.06 2.4
    endloop
  endfacet
  facet normal -0 0 1
    outer loop
      vertex 55.8496 17.636 2.4
      vertex 57.4664 17.1107 2.4
      vertex 56.1559 18.3754 2.4
    endloop
  endfacet
  facet normal 0 0 1
    outer loop
      vertex 57.4664 17.1107 2.4
      vertex 55.8496 17.636 2.4
      vertex 57.3419 16.5919 2.4
    endloop
  endfacet
  facet normal 0 0 1
    outer loop
      vertex 57.9493 14.0615 2.4
      vertex 56.574 13.0623 2.4
      vertex 57.0938 12.4538 2.4
    endloop
  endfacet
  facet normal -0 0 1
    outer loop
      vertex 55.6628 16.8578 2.4
      vertex 57.3419 16.5919 2.4
      vertex 55.8496 17.636 2.4
    endloop
  endfacet
  facet normal 0 0 1
    outer loop
      vertex 57.6706 14.5164 2.4
      vertex 56.1559 13.7446 2.4
      vertex 56.574 13.0623 2.4
    endloop
  endfacet
  facet normal 0 0 1
    outer loop
      vertex 57.3419 16.5919 2.4
      vertex 55.6628 16.8578 2.4
      vertex 57.3 16.06 2.4
    endloop
  endfacet
  facet normal 0 0 1
    outer loop
      vertex 57.4664 15.0093 2.4
      vertex 55.8496 14.484 2.4
      vertex 56.1559 13.7446 2.4
    endloop
  endfacet
  facet normal 0 0 1
    outer loop
      vertex 55.6 16.06 2.4
      vertex 57.3 16.06 2.4
      vertex 55.6628 16.8578 2.4
    endloop
  endfacet
  facet normal 0 0 1
    outer loop
      vertex 57.3419 15.5281 2.4
      vertex 55.6628 15.2622 2.4
      vertex 55.8496 14.484 2.4
    endloop
  endfacet
  facet normal 0 0 1
    outer loop
      vertex 57.3 16.06 2.4
      vertex 55.6 16.06 2.4
      vertex 55.6628 15.2622 2.4
    endloop
  endfacet
  facet normal -0.760404 -0.64945 0
    outer loop
      vertex 64.826 19.0577 2.4
      vertex 64.3062 19.6662 9.3
      vertex 64.3062 19.6662 2.4
    endloop
  endfacet
  facet normal -0.760404 -0.64945 0
    outer loop
      vertex 64.3062 19.6662 9.3
      vertex 64.826 19.0577 2.4
      vertex 64.826 19.0577 9.3
    endloop
  endfacet
  facet normal -0.852642 -0.522496 0
    outer loop
      vertex 65.2441 18.3754 2.4
      vertex 64.826 19.0577 9.3
      vertex 64.826 19.0577 2.4
    endloop
  endfacet
  facet normal -0.852642 -0.522496 0
    outer loop
      vertex 64.826 19.0577 9.3
      vertex 65.2441 18.3754 2.4
      vertex 65.2441 18.3754 9.3
    endloop
  endfacet
  facet normal -0.382682 -0.92388 0
    outer loop
      vertex 62.276 20.9104 2.4
      vertex 63.0154 20.6041 9.3
      vertex 62.276 20.9104 9.3
    endloop
  endfacet
  facet normal -0.382682 -0.92388 -0
    outer loop
      vertex 63.0154 20.6041 9.3
      vertex 62.276 20.9104 2.4
      vertex 63.0154 20.6041 2.4
    endloop
  endfacet
  facet normal 0.522502 -0.852638 0
    outer loop
      vertex 57.7023 20.186 2.4
      vertex 58.3846 20.6041 9.3
      vertex 57.7023 20.186 9.3
    endloop
  endfacet
  facet normal 0.522502 -0.852638 0
    outer loop
      vertex 58.3846 20.6041 9.3
      vertex 57.7023 20.186 2.4
      vertex 58.3846 20.6041 2.4
    endloop
  endfacet
  facet normal 0.649447 -0.760406 0
    outer loop
      vertex 57.0938 19.6662 2.4
      vertex 57.7023 20.186 9.3
      vertex 57.0938 19.6662 9.3
    endloop
  endfacet
  facet normal 0.649447 -0.760406 0
    outer loop
      vertex 57.7023 20.186 9.3
      vertex 57.0938 19.6662 2.4
      vertex 57.7023 20.186 2.4
    endloop
  endfacet
  facet normal -0.760404 0.64945 0
    outer loop
      vertex 64.3062 12.4538 2.4
      vertex 64.826 13.0623 9.3
      vertex 64.826 13.0623 2.4
    endloop
  endfacet
  facet normal -0.760404 0.64945 0
    outer loop
      vertex 64.826 13.0623 9.3
      vertex 64.3062 12.4538 2.4
      vertex 64.3062 12.4538 9.3
    endloop
  endfacet
  facet normal -0.996917 0.0784598 0
    outer loop
      vertex 65.7372 15.2622 2.4
      vertex 65.8 16.06 9.3
      vertex 65.8 16.06 2.4
    endloop
  endfacet
  facet normal -0.996917 0.0784598 0
    outer loop
      vertex 65.8 16.06 9.3
      vertex 65.7372 15.2622 2.4
      vertex 65.7372 15.2622 9.3
    endloop
  endfacet
  facet normal 0.996918 0.0784551 0
    outer loop
      vertex 55.6628 15.2622 9.3
      vertex 55.6 16.06 2.4
      vertex 55.6 16.06 9.3
    endloop
  endfacet
  facet normal 0.996918 0.0784551 0
    outer loop
      vertex 55.6 16.06 2.4
      vertex 55.6628 15.2622 9.3
      vertex 55.6628 15.2622 2.4
    endloop
  endfacet
  facet normal -0.923881 0.382679 0
    outer loop
      vertex 65.2441 13.7446 2.4
      vertex 65.5504 14.484 9.3
      vertex 65.5504 14.484 2.4
    endloop
  endfacet
  facet normal -0.923881 0.382679 0
    outer loop
      vertex 65.5504 14.484 9.3
      vertex 65.2441 13.7446 2.4
      vertex 65.2441 13.7446 9.3
    endloop
  endfacet
  facet normal 0.0784583 0.996917 -0
    outer loop
      vertex 60.7 10.96 2.4
      vertex 59.9022 11.0228 9.3
      vertex 60.7 10.96 9.3
    endloop
  endfacet
  facet normal 0.0784583 0.996917 0
    outer loop
      vertex 59.9022 11.0228 9.3
      vertex 60.7 10.96 2.4
      vertex 59.9022 11.0228 2.4
    endloop
  endfacet
  facet normal 0.649448 0.760406 -0
    outer loop
      vertex 57.7023 11.934 2.4
      vertex 57.0938 12.4538 9.3
      vertex 57.7023 11.934 9.3
    endloop
  endfacet
  facet normal 0.649448 0.760406 0
    outer loop
      vertex 57.0938 12.4538 9.3
      vertex 57.7023 11.934 2.4
      vertex 57.0938 12.4538 2.4
    endloop
  endfacet
  facet normal 0.972369 0.233448 0
    outer loop
      vertex 55.8496 14.484 9.3
      vertex 55.6628 15.2622 2.4
      vertex 55.6628 15.2622 9.3
    endloop
  endfacet
  facet normal 0.972369 0.233448 0
    outer loop
      vertex 55.6628 15.2622 2.4
      vertex 55.8496 14.484 9.3
      vertex 55.8496 14.484 2.4
    endloop
  endfacet
  facet normal 0.923879 0.382684 0
    outer loop
      vertex 56.1559 13.7446 9.3
      vertex 55.8496 14.484 2.4
      vertex 55.8496 14.484 9.3
    endloop
  endfacet
  facet normal 0.923879 0.382684 0
    outer loop
      vertex 55.8496 14.484 2.4
      vertex 56.1559 13.7446 9.3
      vertex 56.1559 13.7446 2.4
    endloop
  endfacet
  facet normal -0.382683 0.92388 0
    outer loop
      vertex 63.0154 11.5159 2.4
      vertex 62.276 11.2096 9.3
      vertex 63.0154 11.5159 9.3
    endloop
  endfacet
  facet normal -0.382683 0.92388 0
    outer loop
      vertex 62.276 11.2096 9.3
      vertex 63.0154 11.5159 2.4
      vertex 62.276 11.2096 2.4
    endloop
  endfacet
  facet normal -0.233446 0.97237 0
    outer loop
      vertex 62.276 11.2096 2.4
      vertex 61.4978 11.0228 9.3
      vertex 62.276 11.2096 9.3
    endloop
  endfacet
  facet normal -0.233446 0.97237 0
    outer loop
      vertex 61.4978 11.0228 9.3
      vertex 62.276 11.2096 2.4
      vertex 61.4978 11.0228 2.4
    endloop
  endfacet
  facet normal -0.649448 0.760406 0
    outer loop
      vertex 64.3062 12.4538 2.4
      vertex 63.6977 11.934 9.3
      vertex 64.3062 12.4538 9.3
    endloop
  endfacet
  facet normal -0.649448 0.760406 0
    outer loop
      vertex 63.6977 11.934 9.3
      vertex 64.3062 12.4538 2.4
      vertex 63.6977 11.934 2.4
    endloop
  endfacet
  facet normal -0.522499 0.85264 0
    outer loop
      vertex 63.6977 11.934 2.4
      vertex 63.0154 11.5159 9.3
      vertex 63.6977 11.934 9.3
    endloop
  endfacet
  facet normal -0.522499 0.85264 0
    outer loop
      vertex 63.0154 11.5159 9.3
      vertex 63.6977 11.934 2.4
      vertex 63.0154 11.5159 2.4
    endloop
  endfacet
  facet normal -0.972368 0.233453 0
    outer loop
      vertex 65.5504 14.484 2.4
      vertex 65.7372 15.2622 9.3
      vertex 65.7372 15.2622 2.4
    endloop
  endfacet
  facet normal -0.972368 0.233453 0
    outer loop
      vertex 65.7372 15.2622 9.3
      vertex 65.5504 14.484 2.4
      vertex 65.5504 14.484 9.3
    endloop
  endfacet
  facet normal 0.522501 0.852639 -0
    outer loop
      vertex 58.3846 11.5159 2.4
      vertex 57.7023 11.934 9.3
      vertex 58.3846 11.5159 9.3
    endloop
  endfacet
  facet normal 0.522501 0.852639 0
    outer loop
      vertex 57.7023 11.934 9.3
      vertex 58.3846 11.5159 2.4
      vertex 57.7023 11.934 2.4
    endloop
  endfacet
  facet normal 0.760404 0.64945 0
    outer loop
      vertex 57.0938 12.4538 9.3
      vertex 56.574 13.0623 2.4
      vertex 56.574 13.0623 9.3
    endloop
  endfacet
  facet normal 0.760404 0.64945 0
    outer loop
      vertex 56.574 13.0623 2.4
      vertex 57.0938 12.4538 9.3
      vertex 57.0938 12.4538 2.4
    endloop
  endfacet
  facet normal 0.382681 0.92388 -0
    outer loop
      vertex 59.124 11.2096 2.4
      vertex 58.3846 11.5159 9.3
      vertex 59.124 11.2096 9.3
    endloop
  endfacet
  facet normal 0.382681 0.92388 0
    outer loop
      vertex 58.3846 11.5159 9.3
      vertex 59.124 11.2096 2.4
      vertex 58.3846 11.5159 2.4
    endloop
  endfacet
  facet normal 0.233447 0.97237 -0
    outer loop
      vertex 59.9022 11.0228 2.4
      vertex 59.124 11.2096 9.3
      vertex 59.9022 11.0228 9.3
    endloop
  endfacet
  facet normal 0.233447 0.97237 0
    outer loop
      vertex 59.124 11.2096 9.3
      vertex 59.9022 11.0228 2.4
      vertex 59.124 11.2096 2.4
    endloop
  endfacet
  facet normal -0.996918 -0.0784504 0
    outer loop
      vertex 64.1 42.54 0
      vertex 64.0581 43.0719 2.4
      vertex 64.0581 43.0719 0
    endloop
  endfacet
  facet normal -0.996918 -0.0784504 0
    outer loop
      vertex 64.0581 43.0719 2.4
      vertex 64.1 42.54 0
      vertex 64.1 42.54 2.4
    endloop
  endfacet
  facet normal 0.996917 -0.0784646 0
    outer loop
      vertex 57.3 42.54 2.4
      vertex 57.3419 43.0719 0
      vertex 57.3419 43.0719 2.4
    endloop
  endfacet
  facet normal 0.996917 -0.0784646 0
    outer loop
      vertex 57.3419 43.0719 0
      vertex 57.3 42.54 2.4
      vertex 57.3 42.54 0
    endloop
  endfacet
  facet normal -0.0784575 -0.996917 0
    outer loop
      vertex 60.7 45.94 0
      vertex 61.2319 45.8981 2.4
      vertex 60.7 45.94 2.4
    endloop
  endfacet
  facet normal -0.0784575 -0.996917 -0
    outer loop
      vertex 61.2319 45.8981 2.4
      vertex 60.7 45.94 0
      vertex 61.2319 45.8981 0
    endloop
  endfacet
  facet normal 0.0784646 0.996917 -0
    outer loop
      vertex 60.7 39.14 0
      vertex 60.1681 39.1819 2.4
      vertex 60.7 39.14 2.4
    endloop
  endfacet
  facet normal 0.0784646 0.996917 0
    outer loop
      vertex 60.1681 39.1819 2.4
      vertex 60.7 39.14 0
      vertex 60.1681 39.1819 0
    endloop
  endfacet
  facet normal 0.760408 0.649446 0
    outer loop
      vertex 58.2958 40.1358 2.4
      vertex 57.9493 40.5415 0
      vertex 57.9493 40.5415 2.4
    endloop
  endfacet
  facet normal 0.760408 0.649446 0
    outer loop
      vertex 57.9493 40.5415 0
      vertex 58.2958 40.1358 2.4
      vertex 58.2958 40.1358 0
    endloop
  endfacet
  facet normal -0.649446 -0.760408 0
    outer loop
      vertex 62.6985 45.2907 0
      vertex 63.1042 44.9442 2.4
      vertex 62.6985 45.2907 2.4
    endloop
  endfacet
  facet normal -0.649446 -0.760408 -0
    outer loop
      vertex 63.1042 44.9442 2.4
      vertex 62.6985 45.2907 0
      vertex 63.1042 44.9442 0
    endloop
  endfacet
  facet normal 0.649446 -0.760408 0
    outer loop
      vertex 58.2958 44.9442 0
      vertex 58.7015 45.2907 2.4
      vertex 58.2958 44.9442 2.4
    endloop
  endfacet
  facet normal 0.649446 -0.760408 0
    outer loop
      vertex 58.7015 45.2907 2.4
      vertex 58.2958 44.9442 0
      vertex 58.7015 45.2907 0
    endloop
  endfacet
  facet normal 0.382685 -0.923879 0
    outer loop
      vertex 59.1564 45.5694 0
      vertex 59.6493 45.7736 2.4
      vertex 59.1564 45.5694 2.4
    endloop
  endfacet
  facet normal 0.382685 -0.923879 0
    outer loop
      vertex 59.6493 45.7736 2.4
      vertex 59.1564 45.5694 0
      vertex 59.6493 45.7736 0
    endloop
  endfacet
  facet normal -0.92388 -0.382682 0
    outer loop
      vertex 63.9336 43.5907 0
      vertex 63.7294 44.0836 2.4
      vertex 63.7294 44.0836 0
    endloop
  endfacet
  facet normal -0.92388 -0.382682 0
    outer loop
      vertex 63.7294 44.0836 2.4
      vertex 63.9336 43.5907 0
      vertex 63.9336 43.5907 2.4
    endloop
  endfacet
  facet normal -0.972369 -0.233449 0
    outer loop
      vertex 64.0581 43.0719 0
      vertex 63.9336 43.5907 2.4
      vertex 63.9336 43.5907 0
    endloop
  endfacet
  facet normal -0.972369 -0.233449 0
    outer loop
      vertex 63.9336 43.5907 2.4
      vertex 64.0581 43.0719 0
      vertex 64.0581 43.0719 2.4
    endloop
  endfacet
  facet normal -0.382682 -0.92388 0
    outer loop
      vertex 61.7507 45.7736 0
      vertex 62.2436 45.5694 2.4
      vertex 61.7507 45.7736 2.4
    endloop
  endfacet
  facet normal -0.382682 -0.92388 -0
    outer loop
      vertex 62.2436 45.5694 2.4
      vertex 61.7507 45.7736 0
      vertex 62.2436 45.5694 0
    endloop
  endfacet
  facet normal -0.233442 -0.972371 0
    outer loop
      vertex 61.2319 45.8981 0
      vertex 61.7507 45.7736 2.4
      vertex 61.2319 45.8981 2.4
    endloop
  endfacet
  facet normal -0.233442 -0.972371 -0
    outer loop
      vertex 61.7507 45.7736 2.4
      vertex 61.2319 45.8981 0
      vertex 61.7507 45.7736 0
    endloop
  endfacet
  facet normal -0.522501 -0.852639 0
    outer loop
      vertex 62.2436 45.5694 0
      vertex 62.6985 45.2907 2.4
      vertex 62.2436 45.5694 2.4
    endloop
  endfacet
  facet normal -0.522501 -0.852639 -0
    outer loop
      vertex 62.6985 45.2907 2.4
      vertex 62.2436 45.5694 0
      vertex 62.6985 45.2907 0
    endloop
  endfacet
  facet normal 0.852639 -0.522501 0
    outer loop
      vertex 57.6706 44.0836 2.4
      vertex 57.9493 44.5385 0
      vertex 57.9493 44.5385 2.4
    endloop
  endfacet
  facet normal 0.852639 -0.522501 0
    outer loop
      vertex 57.9493 44.5385 0
      vertex 57.6706 44.0836 2.4
      vertex 57.6706 44.0836 0
    endloop
  endfacet
  facet normal 0.760408 -0.649446 0
    outer loop
      vertex 57.9493 44.5385 2.4
      vertex 58.2958 44.9442 0
      vertex 58.2958 44.9442 2.4
    endloop
  endfacet
  facet normal 0.760408 -0.649446 0
    outer loop
      vertex 58.2958 44.9442 0
      vertex 57.9493 44.5385 2.4
      vertex 57.9493 44.5385 0
    endloop
  endfacet
  facet normal 0.92388 -0.382682 0
    outer loop
      vertex 57.4664 43.5907 2.4
      vertex 57.6706 44.0836 0
      vertex 57.6706 44.0836 2.4
    endloop
  endfacet
  facet normal 0.92388 -0.382682 0
    outer loop
      vertex 57.6706 44.0836 0
      vertex 57.4664 43.5907 2.4
      vertex 57.4664 43.5907 0
    endloop
  endfacet
  facet normal 0.522501 -0.852639 0
    outer loop
      vertex 58.7015 45.2907 0
      vertex 59.1564 45.5694 2.4
      vertex 58.7015 45.2907 2.4
    endloop
  endfacet
  facet normal 0.522501 -0.852639 0
    outer loop
      vertex 59.1564 45.5694 2.4
      vertex 58.7015 45.2907 0
      vertex 59.1564 45.5694 0
    endloop
  endfacet
  facet normal 0.23344 -0.972371 0
    outer loop
      vertex 59.6493 45.7736 0
      vertex 60.1681 45.8981 2.4
      vertex 59.6493 45.7736 2.4
    endloop
  endfacet
  facet normal 0.23344 -0.972371 0
    outer loop
      vertex 60.1681 45.8981 2.4
      vertex 59.6493 45.7736 0
      vertex 60.1681 45.8981 0
    endloop
  endfacet
  facet normal -0.852639 0.522501 0
    outer loop
      vertex 63.4507 40.5415 0
      vertex 63.7294 40.9964 2.4
      vertex 63.7294 40.9964 0
    endloop
  endfacet
  facet normal -0.852639 0.522501 0
    outer loop
      vertex 63.7294 40.9964 2.4
      vertex 63.4507 40.5415 0
      vertex 63.4507 40.5415 2.4
    endloop
  endfacet
  facet normal -0.97237 0.233447 0
    outer loop
      vertex 63.9336 41.4893 0
      vertex 64.0581 42.0081 2.4
      vertex 64.0581 42.0081 0
    endloop
  endfacet
  facet normal -0.97237 0.233447 0
    outer loop
      vertex 64.0581 42.0081 2.4
      vertex 63.9336 41.4893 0
      vertex 63.9336 41.4893 2.4
    endloop
  endfacet
  facet normal 0.649446 0.760408 -0
    outer loop
      vertex 58.7015 39.7893 0
      vertex 58.2958 40.1358 2.4
      vertex 58.7015 39.7893 2.4
    endloop
  endfacet
  facet normal 0.649446 0.760408 0
    outer loop
      vertex 58.2958 40.1358 2.4
      vertex 58.7015 39.7893 0
      vertex 58.2958 40.1358 0
    endloop
  endfacet
  facet normal 0.382685 0.923879 -0
    outer loop
      vertex 59.6493 39.3064 0
      vertex 59.1564 39.5106 2.4
      vertex 59.6493 39.3064 2.4
    endloop
  endfacet
  facet normal 0.382685 0.923879 0
    outer loop
      vertex 59.1564 39.5106 2.4
      vertex 59.6493 39.3064 0
      vertex 59.1564 39.5106 0
    endloop
  endfacet
  facet normal 0.852639 0.522501 0
    outer loop
      vertex 57.9493 40.5415 2.4
      vertex 57.6706 40.9964 0
      vertex 57.6706 40.9964 2.4
    endloop
  endfacet
  facet normal 0.852639 0.522501 0
    outer loop
      vertex 57.6706 40.9964 0
      vertex 57.9493 40.5415 2.4
      vertex 57.9493 40.5415 0
    endloop
  endfacet
  facet normal -0.760408 -0.649446 0
    outer loop
      vertex 63.4507 44.5385 0
      vertex 63.1042 44.9442 2.4
      vertex 63.1042 44.9442 0
    endloop
  endfacet
  facet normal -0.760408 -0.649446 0
    outer loop
      vertex 63.1042 44.9442 2.4
      vertex 63.4507 44.5385 0
      vertex 63.4507 44.5385 2.4
    endloop
  endfacet
  facet normal -0.852639 -0.522501 0
    outer loop
      vertex 63.7294 44.0836 0
      vertex 63.4507 44.5385 2.4
      vertex 63.4507 44.5385 0
    endloop
  endfacet
  facet normal -0.852639 -0.522501 0
    outer loop
      vertex 63.4507 44.5385 2.4
      vertex 63.7294 44.0836 0
      vertex 63.7294 44.0836 2.4
    endloop
  endfacet
  facet normal 0.972371 -0.233442 0
    outer loop
      vertex 57.3419 43.0719 2.4
      vertex 57.4664 43.5907 0
      vertex 57.4664 43.5907 2.4
    endloop
  endfacet
  facet normal 0.972371 -0.233442 0
    outer loop
      vertex 57.4664 43.5907 0
      vertex 57.3419 43.0719 2.4
      vertex 57.3419 43.0719 0
    endloop
  endfacet
  facet normal 0.0784575 -0.996917 0
    outer loop
      vertex 60.1681 45.8981 0
      vertex 60.7 45.94 2.4
      vertex 60.1681 45.8981 2.4
    endloop
  endfacet
  facet normal 0.0784575 -0.996917 0
    outer loop
      vertex 60.7 45.94 2.4
      vertex 60.1681 45.8981 0
      vertex 60.7 45.94 0
    endloop
  endfacet
  facet normal -0.0784646 0.996917 0
    outer loop
      vertex 61.2319 39.1819 0
      vertex 60.7 39.14 2.4
      vertex 61.2319 39.1819 2.4
    endloop
  endfacet
  facet normal -0.0784646 0.996917 0
    outer loop
      vertex 60.7 39.14 2.4
      vertex 61.2319 39.1819 0
      vertex 60.7 39.14 0
    endloop
  endfacet
  facet normal -0.382682 0.92388 0
    outer loop
      vertex 62.2436 39.5106 0
      vertex 61.7507 39.3064 2.4
      vertex 62.2436 39.5106 2.4
    endloop
  endfacet
  facet normal -0.382682 0.92388 0
    outer loop
      vertex 61.7507 39.3064 2.4
      vertex 62.2436 39.5106 0
      vertex 61.7507 39.3064 0
    endloop
  endfacet
  facet normal -0.760408 0.649446 0
    outer loop
      vertex 63.1042 40.1358 0
      vertex 63.4507 40.5415 2.4
      vertex 63.4507 40.5415 0
    endloop
  endfacet
  facet normal -0.760408 0.649446 0
    outer loop
      vertex 63.4507 40.5415 2.4
      vertex 63.1042 40.1358 0
      vertex 63.1042 40.1358 2.4
    endloop
  endfacet
  facet normal -0.522501 0.852639 0
    outer loop
      vertex 62.6985 39.7893 0
      vertex 62.2436 39.5106 2.4
      vertex 62.6985 39.7893 2.4
    endloop
  endfacet
  facet normal -0.522501 0.852639 0
    outer loop
      vertex 62.2436 39.5106 2.4
      vertex 62.6985 39.7893 0
      vertex 62.2436 39.5106 0
    endloop
  endfacet
  facet normal -0.923879 0.382685 0
    outer loop
      vertex 63.7294 40.9964 0
      vertex 63.9336 41.4893 2.4
      vertex 63.9336 41.4893 0
    endloop
  endfacet
  facet normal -0.923879 0.382685 0
    outer loop
      vertex 63.9336 41.4893 2.4
      vertex 63.7294 40.9964 0
      vertex 63.7294 40.9964 2.4
    endloop
  endfacet
  facet normal 0.522501 0.852639 -0
    outer loop
      vertex 59.1564 39.5106 0
      vertex 58.7015 39.7893 2.4
      vertex 59.1564 39.5106 2.4
    endloop
  endfacet
  facet normal 0.522501 0.852639 0
    outer loop
      vertex 58.7015 39.7893 2.4
      vertex 59.1564 39.5106 0
      vertex 58.7015 39.7893 0
    endloop
  endfacet
  facet normal 0.23344 0.972371 -0
    outer loop
      vertex 60.1681 39.1819 0
      vertex 59.6493 39.3064 2.4
      vertex 60.1681 39.1819 2.4
    endloop
  endfacet
  facet normal 0.23344 0.972371 0
    outer loop
      vertex 59.6493 39.3064 2.4
      vertex 60.1681 39.1819 0
      vertex 59.6493 39.3064 0
    endloop
  endfacet
  facet normal 0.923879 0.382685 0
    outer loop
      vertex 57.6706 40.9964 2.4
      vertex 57.4664 41.4893 0
      vertex 57.4664 41.4893 2.4
    endloop
  endfacet
  facet normal 0.923879 0.382685 0
    outer loop
      vertex 57.4664 41.4893 0
      vertex 57.6706 40.9964 2.4
      vertex 57.6706 40.9964 0
    endloop
  endfacet
  facet normal 0.996917 0.0784646 0
    outer loop
      vertex 57.3419 42.0081 2.4
      vertex 57.3 42.54 0
      vertex 57.3 42.54 2.4
    endloop
  endfacet
  facet normal 0.996917 0.0784646 0
    outer loop
      vertex 57.3 42.54 0
      vertex 57.3419 42.0081 2.4
      vertex 57.3419 42.0081 0
    endloop
  endfacet
  facet normal -0.996918 0.0784504 0
    outer loop
      vertex 64.0581 42.0081 0
      vertex 64.1 42.54 2.4
      vertex 64.1 42.54 0
    endloop
  endfacet
  facet normal -0.996918 0.0784504 0
    outer loop
      vertex 64.1 42.54 2.4
      vertex 64.0581 42.0081 0
      vertex 64.0581 42.0081 2.4
    endloop
  endfacet
  facet normal -0.233442 0.972371 0
    outer loop
      vertex 61.7507 39.3064 0
      vertex 61.2319 39.1819 2.4
      vertex 61.7507 39.3064 2.4
    endloop
  endfacet
  facet normal -0.233442 0.972371 0
    outer loop
      vertex 61.2319 39.1819 2.4
      vertex 61.7507 39.3064 0
      vertex 61.2319 39.1819 0
    endloop
  endfacet
  facet normal -0.649446 0.760408 0
    outer loop
      vertex 63.1042 40.1358 0
      vertex 62.6985 39.7893 2.4
      vertex 63.1042 40.1358 2.4
    endloop
  endfacet
  facet normal -0.649446 0.760408 0
    outer loop
      vertex 62.6985 39.7893 2.4
      vertex 63.1042 40.1358 0
      vertex 62.6985 39.7893 0
    endloop
  endfacet
  facet normal 0.972371 0.23344 0
    outer loop
      vertex 57.4664 41.4893 2.4
      vertex 57.3419 42.0081 0
      vertex 57.3419 42.0081 2.4
    endloop
  endfacet
  facet normal 0.972371 0.23344 0
    outer loop
      vertex 57.3419 42.0081 0
      vertex 57.4664 41.4893 2.4
      vertex 57.4664 41.4893 0
    endloop
  endfacet
  facet normal -0.996917 -0.0784599 0
    outer loop
      vertex 65.8 42.54 2.4
      vertex 65.7372 43.3378 9.3
      vertex 65.7372 43.3378 2.4
    endloop
  endfacet
  facet normal -0.996917 -0.0784599 0
    outer loop
      vertex 65.7372 43.3378 9.3
      vertex 65.8 42.54 2.4
      vertex 65.8 42.54 9.3
    endloop
  endfacet
  facet normal 0.996918 -0.0784552 0
    outer loop
      vertex 55.6 42.54 9.3
      vertex 55.6628 43.3378 2.4
      vertex 55.6628 43.3378 9.3
    endloop
  endfacet
  facet normal 0.996918 -0.0784552 0
    outer loop
      vertex 55.6628 43.3378 2.4
      vertex 55.6 42.54 9.3
      vertex 55.6 42.54 2.4
    endloop
  endfacet
  facet normal 0.0784595 -0.996917 0
    outer loop
      vertex 59.9022 47.5772 2.4
      vertex 60.7 47.64 9.3
      vertex 59.9022 47.5772 9.3
    endloop
  endfacet
  facet normal 0.0784595 -0.996917 0
    outer loop
      vertex 60.7 47.64 9.3
      vertex 59.9022 47.5772 2.4
      vertex 60.7 47.64 2.4
    endloop
  endfacet
  facet normal -0.0784552 0.996918 0
    outer loop
      vertex 61.4978 37.5028 2.4
      vertex 60.7 37.44 9.3
      vertex 61.4978 37.5028 9.3
    endloop
  endfacet
  facet normal -0.0784552 0.996918 0
    outer loop
      vertex 60.7 37.44 9.3
      vertex 61.4978 37.5028 2.4
      vertex 60.7 37.44 2.4
    endloop
  endfacet
  facet normal -0.649447 -0.760406 0
    outer loop
      vertex 63.6977 46.666 2.4
      vertex 64.3062 46.1462 9.3
      vertex 63.6977 46.666 9.3
    endloop
  endfacet
  facet normal -0.649447 -0.760406 -0
    outer loop
      vertex 64.3062 46.1462 9.3
      vertex 63.6977 46.666 2.4
      vertex 64.3062 46.1462 2.4
    endloop
  endfacet
  facet normal 0.760404 -0.64945 0
    outer loop
      vertex 56.574 45.5377 9.3
      vertex 57.0938 46.1462 2.4
      vertex 57.0938 46.1462 9.3
    endloop
  endfacet
  facet normal 0.760404 -0.64945 0
    outer loop
      vertex 57.0938 46.1462 2.4
      vertex 56.574 45.5377 9.3
      vertex 56.574 45.5377 2.4
    endloop
  endfacet
  facet normal 0.382682 -0.92388 0
    outer loop
      vertex 58.3846 47.0841 2.4
      vertex 59.124 47.3904 9.3
      vertex 58.3846 47.0841 9.3
    endloop
  endfacet
  facet normal 0.382682 -0.92388 0
    outer loop
      vertex 59.124 47.3904 9.3
      vertex 58.3846 47.0841 2.4
      vertex 59.124 47.3904 2.4
    endloop
  endfacet
  facet normal -0.85264 0.522498 0
    outer loop
      vertex 64.826 39.5423 2.4
      vertex 65.2441 40.2246 9.3
      vertex 65.2441 40.2246 2.4
    endloop
  endfacet
  facet normal -0.85264 0.522498 0
    outer loop
      vertex 65.2441 40.2246 9.3
      vertex 64.826 39.5423 2.4
      vertex 64.826 39.5423 9.3
    endloop
  endfacet
  facet normal -0.923881 -0.38268 0
    outer loop
      vertex 65.5504 44.116 2.4
      vertex 65.2441 44.8554 9.3
      vertex 65.2441 44.8554 2.4
    endloop
  endfacet
  facet normal -0.923881 -0.38268 0
    outer loop
      vertex 65.2441 44.8554 9.3
      vertex 65.5504 44.116 2.4
      vertex 65.5504 44.116 9.3
    endloop
  endfacet
  facet normal -0.972368 -0.233453 0
    outer loop
      vertex 65.7372 43.3378 2.4
      vertex 65.5504 44.116 9.3
      vertex 65.5504 44.116 2.4
    endloop
  endfacet
  facet normal -0.972368 -0.233453 0
    outer loop
      vertex 65.5504 44.116 9.3
      vertex 65.7372 43.3378 2.4
      vertex 65.7372 43.3378 9.3
    endloop
  endfacet
  facet normal -0.233444 -0.97237 0
    outer loop
      vertex 61.4978 47.5772 2.4
      vertex 62.276 47.3904 9.3
      vertex 61.4978 47.5772 9.3
    endloop
  endfacet
  facet normal -0.233444 -0.97237 -0
    outer loop
      vertex 62.276 47.3904 9.3
      vertex 61.4978 47.5772 2.4
      vertex 62.276 47.3904 2.4
    endloop
  endfacet
  facet normal -0.0784599 -0.996917 0
    outer loop
      vertex 60.7 47.64 2.4
      vertex 61.4978 47.5772 9.3
      vertex 60.7 47.64 9.3
    endloop
  endfacet
  facet normal -0.0784599 -0.996917 -0
    outer loop
      vertex 61.4978 47.5772 9.3
      vertex 60.7 47.64 2.4
      vertex 61.4978 47.5772 2.4
    endloop
  endfacet
  facet normal -0.522499 -0.85264 0
    outer loop
      vertex 63.0154 47.0841 2.4
      vertex 63.6977 46.666 9.3
      vertex 63.0154 47.0841 9.3
    endloop
  endfacet
  facet normal -0.522499 -0.85264 -0
    outer loop
      vertex 63.6977 46.666 9.3
      vertex 63.0154 47.0841 2.4
      vertex 63.6977 46.666 2.4
    endloop
  endfacet
  facet normal 0.923879 -0.382684 0
    outer loop
      vertex 55.8496 44.116 9.3
      vertex 56.1559 44.8554 2.4
      vertex 56.1559 44.8554 9.3
    endloop
  endfacet
  facet normal 0.923879 -0.382684 0
    outer loop
      vertex 56.1559 44.8554 2.4
      vertex 55.8496 44.116 9.3
      vertex 55.8496 44.116 2.4
    endloop
  endfacet
  facet normal 0.852642 -0.522496 0
    outer loop
      vertex 56.1559 44.8554 9.3
      vertex 56.574 45.5377 2.4
      vertex 56.574 45.5377 9.3
    endloop
  endfacet
  facet normal 0.852642 -0.522496 0
    outer loop
      vertex 56.574 45.5377 2.4
      vertex 56.1559 44.8554 9.3
      vertex 56.1559 44.8554 2.4
    endloop
  endfacet
  facet normal 0.972369 -0.233448 0
    outer loop
      vertex 55.6628 43.3378 9.3
      vertex 55.8496 44.116 2.4
      vertex 55.8496 44.116 9.3
    endloop
  endfacet
  facet normal 0.972369 -0.233448 0
    outer loop
      vertex 55.8496 44.116 2.4
      vertex 55.6628 43.3378 9.3
      vertex 55.6628 43.3378 2.4
    endloop
  endfacet
  facet normal 0.233445 -0.97237 0
    outer loop
      vertex 59.124 47.3904 2.4
      vertex 59.9022 47.5772 9.3
      vertex 59.124 47.3904 9.3
    endloop
  endfacet
  facet normal 0.233445 -0.97237 0
    outer loop
      vertex 59.9022 47.5772 9.3
      vertex 59.124 47.3904 2.4
      vertex 59.9022 47.5772 2.4
    endloop
  endfacet
  facet normal 0.85264 0.522498 0
    outer loop
      vertex 56.574 39.5423 9.3
      vertex 56.1559 40.2246 2.4
      vertex 56.1559 40.2246 9.3
    endloop
  endfacet
  facet normal 0.85264 0.522498 0
    outer loop
      vertex 56.1559 40.2246 2.4
      vertex 56.574 39.5423 9.3
      vertex 56.574 39.5423 2.4
    endloop
  endfacet
  facet normal 0 0 1
    outer loop
      vertex 64.1 42.54 2.4
      vertex 65.8 42.54 2.4
      vertex 65.7372 43.3378 2.4
    endloop
  endfacet
  facet normal 0 0 1
    outer loop
      vertex 64.0581 43.0719 2.4
      vertex 65.7372 43.3378 2.4
      vertex 65.5504 44.116 2.4
    endloop
  endfacet
  facet normal 0 0 1
    outer loop
      vertex 65.8 42.54 2.4
      vertex 64.1 42.54 2.4
      vertex 65.7372 41.7422 2.4
    endloop
  endfacet
  facet normal 0 0 1
    outer loop
      vertex 63.9336 43.5907 2.4
      vertex 65.5504 44.116 2.4
      vertex 65.2441 44.8554 2.4
    endloop
  endfacet
  facet normal -0 0 1
    outer loop
      vertex 64.0581 42.0081 2.4
      vertex 65.7372 41.7422 2.4
      vertex 64.1 42.54 2.4
    endloop
  endfacet
  facet normal 0 0 1
    outer loop
      vertex 63.7294 44.0836 2.4
      vertex 65.2441 44.8554 2.4
      vertex 64.826 45.5377 2.4
    endloop
  endfacet
  facet normal 0 0 1
    outer loop
      vertex 65.7372 41.7422 2.4
      vertex 64.0581 42.0081 2.4
      vertex 65.5504 40.964 2.4
    endloop
  endfacet
  facet normal 0 0 1
    outer loop
      vertex 63.4507 44.5385 2.4
      vertex 64.826 45.5377 2.4
      vertex 64.3062 46.1462 2.4
    endloop
  endfacet
  facet normal -0 0 1
    outer loop
      vertex 63.9336 41.4893 2.4
      vertex 65.5504 40.964 2.4
      vertex 64.0581 42.0081 2.4
    endloop
  endfacet
  facet normal 0 0 1
    outer loop
      vertex 65.5504 40.964 2.4
      vertex 63.9336 41.4893 2.4
      vertex 65.2441 40.2246 2.4
    endloop
  endfacet
  facet normal 0 0 1
    outer loop
      vertex 65.7372 43.3378 2.4
      vertex 64.0581 43.0719 2.4
      vertex 64.1 42.54 2.4
    endloop
  endfacet
  facet normal 0 0 1
    outer loop
      vertex 65.5504 44.116 2.4
      vertex 63.9336 43.5907 2.4
      vertex 64.0581 43.0719 2.4
    endloop
  endfacet
  facet normal 0 0 1
    outer loop
      vertex 65.2441 44.8554 2.4
      vertex 63.7294 44.0836 2.4
      vertex 63.9336 43.5907 2.4
    endloop
  endfacet
  facet normal 0 0 1
    outer loop
      vertex 63.1042 44.9442 2.4
      vertex 64.3062 46.1462 2.4
      vertex 63.6977 46.666 2.4
    endloop
  endfacet
  facet normal 0 0 1
    outer loop
      vertex 64.826 45.5377 2.4
      vertex 63.4507 44.5385 2.4
      vertex 63.7294 44.0836 2.4
    endloop
  endfacet
  facet normal 0 0 1
    outer loop
      vertex 64.3062 46.1462 2.4
      vertex 63.1042 44.9442 2.4
      vertex 63.4507 44.5385 2.4
    endloop
  endfacet
  facet normal 0 0 1
    outer loop
      vertex 62.6985 45.2907 2.4
      vertex 63.6977 46.666 2.4
      vertex 63.0154 47.0841 2.4
    endloop
  endfacet
  facet normal 0 0 1
    outer loop
      vertex 63.6977 46.666 2.4
      vertex 62.6985 45.2907 2.4
      vertex 63.1042 44.9442 2.4
    endloop
  endfacet
  facet normal 0 0 1
    outer loop
      vertex 62.2436 45.5694 2.4
      vertex 63.0154 47.0841 2.4
      vertex 62.276 47.3904 2.4
    endloop
  endfacet
  facet normal 0 0 1
    outer loop
      vertex 63.0154 47.0841 2.4
      vertex 62.2436 45.5694 2.4
      vertex 62.6985 45.2907 2.4
    endloop
  endfacet
  facet normal 0 0 1
    outer loop
      vertex 62.276 47.3904 2.4
      vertex 61.7507 45.7736 2.4
      vertex 62.2436 45.5694 2.4
    endloop
  endfacet
  facet normal 0 0 1
    outer loop
      vertex 61.4978 47.5772 2.4
      vertex 61.7507 45.7736 2.4
      vertex 62.276 47.3904 2.4
    endloop
  endfacet
  facet normal 0 0 1
    outer loop
      vertex 61.4978 47.5772 2.4
      vertex 61.2319 45.8981 2.4
      vertex 61.7507 45.7736 2.4
    endloop
  endfacet
  facet normal 0 0 1
    outer loop
      vertex 60.7 47.64 2.4
      vertex 61.2319 45.8981 2.4
      vertex 61.4978 47.5772 2.4
    endloop
  endfacet
  facet normal 0 0 1
    outer loop
      vertex 60.7 47.64 2.4
      vertex 60.7 45.94 2.4
      vertex 61.2319 45.8981 2.4
    endloop
  endfacet
  facet normal 0 0 1
    outer loop
      vertex 60.7 47.64 2.4
      vertex 60.1681 45.8981 2.4
      vertex 60.7 45.94 2.4
    endloop
  endfacet
  facet normal -0 0 1
    outer loop
      vertex 59.9022 47.5772 2.4
      vertex 60.1681 45.8981 2.4
      vertex 60.7 47.64 2.4
    endloop
  endfacet
  facet normal 0 0 1
    outer loop
      vertex 59.9022 47.5772 2.4
      vertex 59.6493 45.7736 2.4
      vertex 60.1681 45.8981 2.4
    endloop
  endfacet
  facet normal -0 0 1
    outer loop
      vertex 59.124 47.3904 2.4
      vertex 59.6493 45.7736 2.4
      vertex 59.9022 47.5772 2.4
    endloop
  endfacet
  facet normal 0 0 1
    outer loop
      vertex 59.6493 45.7736 2.4
      vertex 59.124 47.3904 2.4
      vertex 59.1564 45.5694 2.4
    endloop
  endfacet
  facet normal -0 0 1
    outer loop
      vertex 58.3846 47.0841 2.4
      vertex 59.1564 45.5694 2.4
      vertex 59.124 47.3904 2.4
    endloop
  endfacet
  facet normal 0 0 1
    outer loop
      vertex 59.1564 45.5694 2.4
      vertex 58.3846 47.0841 2.4
      vertex 58.7015 45.2907 2.4
    endloop
  endfacet
  facet normal -0 0 1
    outer loop
      vertex 57.7023 46.666 2.4
      vertex 58.7015 45.2907 2.4
      vertex 58.3846 47.0841 2.4
    endloop
  endfacet
  facet normal 0 0 1
    outer loop
      vertex 58.7015 45.2907 2.4
      vertex 57.7023 46.666 2.4
      vertex 58.2958 44.9442 2.4
    endloop
  endfacet
  facet normal -0 0 1
    outer loop
      vertex 57.0938 46.1462 2.4
      vertex 58.2958 44.9442 2.4
      vertex 57.7023 46.666 2.4
    endloop
  endfacet
  facet normal 0 0 1
    outer loop
      vertex 58.2958 44.9442 2.4
      vertex 57.0938 46.1462 2.4
      vertex 57.9493 44.5385 2.4
    endloop
  endfacet
  facet normal -0 0 1
    outer loop
      vertex 56.574 45.5377 2.4
      vertex 57.9493 44.5385 2.4
      vertex 57.0938 46.1462 2.4
    endloop
  endfacet
  facet normal 0 0 1
    outer loop
      vertex 57.9493 44.5385 2.4
      vertex 56.574 45.5377 2.4
      vertex 57.6706 44.0836 2.4
    endloop
  endfacet
  facet normal 0 0 1
    outer loop
      vertex 57.6706 44.0836 2.4
      vertex 56.1559 44.8554 2.4
      vertex 57.4664 43.5907 2.4
    endloop
  endfacet
  facet normal -0 0 1
    outer loop
      vertex 56.1559 44.8554 2.4
      vertex 57.6706 44.0836 2.4
      vertex 56.574 45.5377 2.4
    endloop
  endfacet
  facet normal -0 0 1
    outer loop
      vertex 63.7294 40.9964 2.4
      vertex 65.2441 40.2246 2.4
      vertex 63.9336 41.4893 2.4
    endloop
  endfacet
  facet normal 0 0 1
    outer loop
      vertex 65.2441 40.2246 2.4
      vertex 63.7294 40.9964 2.4
      vertex 64.826 39.5423 2.4
    endloop
  endfacet
  facet normal -0 0 1
    outer loop
      vertex 63.4507 40.5415 2.4
      vertex 64.826 39.5423 2.4
      vertex 63.7294 40.9964 2.4
    endloop
  endfacet
  facet normal 0 0 1
    outer loop
      vertex 64.826 39.5423 2.4
      vertex 63.4507 40.5415 2.4
      vertex 64.3062 38.9338 2.4
    endloop
  endfacet
  facet normal -0 0 1
    outer loop
      vertex 63.1042 40.1358 2.4
      vertex 64.3062 38.9338 2.4
      vertex 63.4507 40.5415 2.4
    endloop
  endfacet
  facet normal 0 0 1
    outer loop
      vertex 64.3062 38.9338 2.4
      vertex 63.1042 40.1358 2.4
      vertex 63.6977 38.414 2.4
    endloop
  endfacet
  facet normal -0 0 1
    outer loop
      vertex 62.6985 39.7893 2.4
      vertex 63.6977 38.414 2.4
      vertex 63.1042 40.1358 2.4
    endloop
  endfacet
  facet normal 0 0 1
    outer loop
      vertex 63.6977 38.414 2.4
      vertex 62.6985 39.7893 2.4
      vertex 63.0154 37.9959 2.4
    endloop
  endfacet
  facet normal -0 0 1
    outer loop
      vertex 62.2436 39.5106 2.4
      vertex 63.0154 37.9959 2.4
      vertex 62.6985 39.7893 2.4
    endloop
  endfacet
  facet normal 0 0 1
    outer loop
      vertex 63.0154 37.9959 2.4
      vertex 62.2436 39.5106 2.4
      vertex 62.276 37.6896 2.4
    endloop
  endfacet
  facet normal -0 0 1
    outer loop
      vertex 61.7507 39.3064 2.4
      vertex 62.276 37.6896 2.4
      vertex 62.2436 39.5106 2.4
    endloop
  endfacet
  facet normal 0 0 1
    outer loop
      vertex 61.7507 39.3064 2.4
      vertex 61.4978 37.5028 2.4
      vertex 62.276 37.6896 2.4
    endloop
  endfacet
  facet normal -0 0 1
    outer loop
      vertex 61.2319 39.1819 2.4
      vertex 61.4978 37.5028 2.4
      vertex 61.7507 39.3064 2.4
    endloop
  endfacet
  facet normal -0 0 1
    outer loop
      vertex 60.7 39.14 2.4
      vertex 61.4978 37.5028 2.4
      vertex 61.2319 39.1819 2.4
    endloop
  endfacet
  facet normal 0 0 1
    outer loop
      vertex 60.7 39.14 2.4
      vertex 60.7 37.44 2.4
      vertex 61.4978 37.5028 2.4
    endloop
  endfacet
  facet normal 0 0 1
    outer loop
      vertex 60.1681 39.1819 2.4
      vertex 60.7 37.44 2.4
      vertex 60.7 39.14 2.4
    endloop
  endfacet
  facet normal 0 0 1
    outer loop
      vertex 60.1681 39.1819 2.4
      vertex 59.9022 37.5028 2.4
      vertex 60.7 37.44 2.4
    endloop
  endfacet
  facet normal 0 0 1
    outer loop
      vertex 59.6493 39.3064 2.4
      vertex 59.9022 37.5028 2.4
      vertex 60.1681 39.1819 2.4
    endloop
  endfacet
  facet normal 0 0 1
    outer loop
      vertex 59.124 37.6896 2.4
      vertex 59.6493 39.3064 2.4
      vertex 59.1564 39.5106 2.4
    endloop
  endfacet
  facet normal 0 0 1
    outer loop
      vertex 59.6493 39.3064 2.4
      vertex 59.124 37.6896 2.4
      vertex 59.9022 37.5028 2.4
    endloop
  endfacet
  facet normal 0 0 1
    outer loop
      vertex 58.3846 37.9959 2.4
      vertex 59.1564 39.5106 2.4
      vertex 58.7015 39.7893 2.4
    endloop
  endfacet
  facet normal 0 0 1
    outer loop
      vertex 59.1564 39.5106 2.4
      vertex 58.3846 37.9959 2.4
      vertex 59.124 37.6896 2.4
    endloop
  endfacet
  facet normal 0 0 1
    outer loop
      vertex 57.7023 38.414 2.4
      vertex 58.7015 39.7893 2.4
      vertex 58.2958 40.1358 2.4
    endloop
  endfacet
  facet normal 0 0 1
    outer loop
      vertex 57.0938 38.9338 2.4
      vertex 58.2958 40.1358 2.4
      vertex 57.9493 40.5415 2.4
    endloop
  endfacet
  facet normal 0 0 1
    outer loop
      vertex 58.7015 39.7893 2.4
      vertex 57.7023 38.414 2.4
      vertex 58.3846 37.9959 2.4
    endloop
  endfacet
  facet normal 0 0 1
    outer loop
      vertex 56.574 39.5423 2.4
      vertex 57.9493 40.5415 2.4
      vertex 57.6706 40.9964 2.4
    endloop
  endfacet
  facet normal 0 0 1
    outer loop
      vertex 56.1559 40.2246 2.4
      vertex 57.6706 40.9964 2.4
      vertex 57.4664 41.4893 2.4
    endloop
  endfacet
  facet normal 0 0 1
    outer loop
      vertex 55.8496 40.964 2.4
      vertex 57.4664 41.4893 2.4
      vertex 57.3419 42.0081 2.4
    endloop
  endfacet
  facet normal 0 0 1
    outer loop
      vertex 58.2958 40.1358 2.4
      vertex 57.0938 38.9338 2.4
      vertex 57.7023 38.414 2.4
    endloop
  endfacet
  facet normal 0 0 1
    outer loop
      vertex 55.6628 41.7422 2.4
      vertex 57.3419 42.0081 2.4
      vertex 57.3 42.54 2.4
    endloop
  endfacet
  facet normal -0 0 1
    outer loop
      vertex 55.8496 44.116 2.4
      vertex 57.4664 43.5907 2.4
      vertex 56.1559 44.8554 2.4
    endloop
  endfacet
  facet normal 0 0 1
    outer loop
      vertex 57.4664 43.5907 2.4
      vertex 55.8496 44.116 2.4
      vertex 57.3419 43.0719 2.4
    endloop
  endfacet
  facet normal 0 0 1
    outer loop
      vertex 57.9493 40.5415 2.4
      vertex 56.574 39.5423 2.4
      vertex 57.0938 38.9338 2.4
    endloop
  endfacet
  facet normal -0 0 1
    outer loop
      vertex 55.6628 43.3378 2.4
      vertex 57.3419 43.0719 2.4
      vertex 55.8496 44.116 2.4
    endloop
  endfacet
  facet normal 0 0 1
    outer loop
      vertex 57.6706 40.9964 2.4
      vertex 56.1559 40.2246 2.4
      vertex 56.574 39.5423 2.4
    endloop
  endfacet
  facet normal 0 0 1
    outer loop
      vertex 57.3419 43.0719 2.4
      vertex 55.6628 43.3378 2.4
      vertex 57.3 42.54 2.4
    endloop
  endfacet
  facet normal 0 0 1
    outer loop
      vertex 57.4664 41.4893 2.4
      vertex 55.8496 40.964 2.4
      vertex 56.1559 40.2246 2.4
    endloop
  endfacet
  facet normal 0 0 1
    outer loop
      vertex 55.6 42.54 2.4
      vertex 57.3 42.54 2.4
      vertex 55.6628 43.3378 2.4
    endloop
  endfacet
  facet normal 0 0 1
    outer loop
      vertex 57.3419 42.0081 2.4
      vertex 55.6628 41.7422 2.4
      vertex 55.8496 40.964 2.4
    endloop
  endfacet
  facet normal 0 0 1
    outer loop
      vertex 57.3 42.54 2.4
      vertex 55.6 42.54 2.4
      vertex 55.6628 41.7422 2.4
    endloop
  endfacet
  facet normal -0.760404 -0.64945 0
    outer loop
      vertex 64.826 45.5377 2.4
      vertex 64.3062 46.1462 9.3
      vertex 64.3062 46.1462 2.4
    endloop
  endfacet
  facet normal -0.760404 -0.64945 0
    outer loop
      vertex 64.3062 46.1462 9.3
      vertex 64.826 45.5377 2.4
      vertex 64.826 45.5377 9.3
    endloop
  endfacet
  facet normal -0.852642 -0.522496 0
    outer loop
      vertex 65.2441 44.8554 2.4
      vertex 64.826 45.5377 9.3
      vertex 64.826 45.5377 2.4
    endloop
  endfacet
  facet normal -0.852642 -0.522496 0
    outer loop
      vertex 64.826 45.5377 9.3
      vertex 65.2441 44.8554 2.4
      vertex 65.2441 44.8554 9.3
    endloop
  endfacet
  facet normal -0.382684 -0.923879 0
    outer loop
      vertex 62.276 47.3904 2.4
      vertex 63.0154 47.0841 9.3
      vertex 62.276 47.3904 9.3
    endloop
  endfacet
  facet normal -0.382684 -0.923879 -0
    outer loop
      vertex 63.0154 47.0841 9.3
      vertex 62.276 47.3904 2.4
      vertex 63.0154 47.0841 2.4
    endloop
  endfacet
  facet normal 0.522502 -0.852638 0
    outer loop
      vertex 57.7023 46.666 2.4
      vertex 58.3846 47.0841 9.3
      vertex 57.7023 46.666 9.3
    endloop
  endfacet
  facet normal 0.522502 -0.852638 0
    outer loop
      vertex 58.3846 47.0841 9.3
      vertex 57.7023 46.666 2.4
      vertex 58.3846 47.0841 2.4
    endloop
  endfacet
  facet normal 0.649447 -0.760406 0
    outer loop
      vertex 57.0938 46.1462 2.4
      vertex 57.7023 46.666 9.3
      vertex 57.0938 46.1462 9.3
    endloop
  endfacet
  facet normal 0.649447 -0.760406 0
    outer loop
      vertex 57.7023 46.666 9.3
      vertex 57.0938 46.1462 2.4
      vertex 57.7023 46.666 2.4
    endloop
  endfacet
  facet normal -0.760404 0.64945 0
    outer loop
      vertex 64.3062 38.9338 2.4
      vertex 64.826 39.5423 9.3
      vertex 64.826 39.5423 2.4
    endloop
  endfacet
  facet normal -0.760404 0.64945 0
    outer loop
      vertex 64.826 39.5423 9.3
      vertex 64.3062 38.9338 2.4
      vertex 64.3062 38.9338 9.3
    endloop
  endfacet
  facet normal -0.996917 0.0784595 0
    outer loop
      vertex 65.7372 41.7422 2.4
      vertex 65.8 42.54 9.3
      vertex 65.8 42.54 2.4
    endloop
  endfacet
  facet normal -0.996917 0.0784595 0
    outer loop
      vertex 65.8 42.54 9.3
      vertex 65.7372 41.7422 2.4
      vertex 65.7372 41.7422 9.3
    endloop
  endfacet
  facet normal 0.996918 0.0784548 0
    outer loop
      vertex 55.6628 41.7422 9.3
      vertex 55.6 42.54 2.4
      vertex 55.6 42.54 9.3
    endloop
  endfacet
  facet normal 0.996918 0.0784548 0
    outer loop
      vertex 55.6 42.54 2.4
      vertex 55.6628 41.7422 9.3
      vertex 55.6628 41.7422 2.4
    endloop
  endfacet
  facet normal -0.923882 0.382678 0
    outer loop
      vertex 65.2441 40.2246 2.4
      vertex 65.5504 40.964 9.3
      vertex 65.5504 40.964 2.4
    endloop
  endfacet
  facet normal -0.923882 0.382678 0
    outer loop
      vertex 65.5504 40.964 9.3
      vertex 65.2441 40.2246 2.4
      vertex 65.2441 40.2246 9.3
    endloop
  endfacet
  facet normal 0.0784548 0.996918 -0
    outer loop
      vertex 60.7 37.44 2.4
      vertex 59.9022 37.5028 9.3
      vertex 60.7 37.44 9.3
    endloop
  endfacet
  facet normal 0.0784548 0.996918 0
    outer loop
      vertex 59.9022 37.5028 9.3
      vertex 60.7 37.44 2.4
      vertex 59.9022 37.5028 2.4
    endloop
  endfacet
  facet normal 0.64945 0.760404 -0
    outer loop
      vertex 57.7023 38.414 2.4
      vertex 57.0938 38.9338 9.3
      vertex 57.7023 38.414 9.3
    endloop
  endfacet
  facet normal 0.64945 0.760404 0
    outer loop
      vertex 57.0938 38.9338 9.3
      vertex 57.7023 38.414 2.4
      vertex 57.0938 38.9338 2.4
    endloop
  endfacet
  facet normal 0.972369 0.233449 0
    outer loop
      vertex 55.8496 40.964 9.3
      vertex 55.6628 41.7422 2.4
      vertex 55.6628 41.7422 9.3
    endloop
  endfacet
  facet normal 0.972369 0.233449 0
    outer loop
      vertex 55.6628 41.7422 2.4
      vertex 55.8496 40.964 9.3
      vertex 55.8496 40.964 2.4
    endloop
  endfacet
  facet normal 0.92388 0.382682 0
    outer loop
      vertex 56.1559 40.2246 9.3
      vertex 55.8496 40.964 2.4
      vertex 55.8496 40.964 9.3
    endloop
  endfacet
  facet normal 0.92388 0.382682 0
    outer loop
      vertex 55.8496 40.964 2.4
      vertex 56.1559 40.2246 9.3
      vertex 56.1559 40.2246 2.4
    endloop
  endfacet
  facet normal -0.382684 0.923879 0
    outer loop
      vertex 63.0154 37.9959 2.4
      vertex 62.276 37.6896 9.3
      vertex 63.0154 37.9959 9.3
    endloop
  endfacet
  facet normal -0.382684 0.923879 0
    outer loop
      vertex 62.276 37.6896 9.3
      vertex 63.0154 37.9959 2.4
      vertex 62.276 37.6896 2.4
    endloop
  endfacet
  facet normal -0.233448 0.972369 0
    outer loop
      vertex 62.276 37.6896 2.4
      vertex 61.4978 37.5028 9.3
      vertex 62.276 37.6896 9.3
    endloop
  endfacet
  facet normal -0.233448 0.972369 0
    outer loop
      vertex 61.4978 37.5028 9.3
      vertex 62.276 37.6896 2.4
      vertex 61.4978 37.5028 2.4
    endloop
  endfacet
  facet normal -0.64945 0.760404 0
    outer loop
      vertex 64.3062 38.9338 2.4
      vertex 63.6977 38.414 9.3
      vertex 64.3062 38.9338 9.3
    endloop
  endfacet
  facet normal -0.64945 0.760404 0
    outer loop
      vertex 63.6977 38.414 9.3
      vertex 64.3062 38.9338 2.4
      vertex 63.6977 38.414 2.4
    endloop
  endfacet
  facet normal -0.522496 0.852642 0
    outer loop
      vertex 63.6977 38.414 2.4
      vertex 63.0154 37.9959 9.3
      vertex 63.6977 38.414 9.3
    endloop
  endfacet
  facet normal -0.522496 0.852642 0
    outer loop
      vertex 63.0154 37.9959 9.3
      vertex 63.6977 38.414 2.4
      vertex 63.0154 37.9959 2.4
    endloop
  endfacet
  facet normal -0.972368 0.233454 0
    outer loop
      vertex 65.5504 40.964 2.4
      vertex 65.7372 41.7422 9.3
      vertex 65.7372 41.7422 2.4
    endloop
  endfacet
  facet normal -0.972368 0.233454 0
    outer loop
      vertex 65.7372 41.7422 9.3
      vertex 65.5504 40.964 2.4
      vertex 65.5504 40.964 9.3
    endloop
  endfacet
  facet normal 0.522498 0.85264 -0
    outer loop
      vertex 58.3846 37.9959 2.4
      vertex 57.7023 38.414 9.3
      vertex 58.3846 37.9959 9.3
    endloop
  endfacet
  facet normal 0.522498 0.85264 0
    outer loop
      vertex 57.7023 38.414 9.3
      vertex 58.3846 37.9959 2.4
      vertex 57.7023 38.414 2.4
    endloop
  endfacet
  facet normal 0.760404 0.64945 0
    outer loop
      vertex 57.0938 38.9338 9.3
      vertex 56.574 39.5423 2.4
      vertex 56.574 39.5423 9.3
    endloop
  endfacet
  facet normal 0.760404 0.64945 0
    outer loop
      vertex 56.574 39.5423 2.4
      vertex 57.0938 38.9338 9.3
      vertex 57.0938 38.9338 2.4
    endloop
  endfacet
  facet normal 0.382682 0.92388 -0
    outer loop
      vertex 59.124 37.6896 2.4
      vertex 58.3846 37.9959 9.3
      vertex 59.124 37.6896 9.3
    endloop
  endfacet
  facet normal 0.382682 0.92388 0
    outer loop
      vertex 58.3846 37.9959 9.3
      vertex 59.124 37.6896 2.4
      vertex 58.3846 37.9959 2.4
    endloop
  endfacet
  facet normal 0.233449 0.972369 -0
    outer loop
      vertex 59.9022 37.5028 2.4
      vertex 59.124 37.6896 9.3
      vertex 59.9022 37.5028 9.3
    endloop
  endfacet
  facet normal 0.233449 0.972369 0
    outer loop
      vertex 59.124 37.6896 9.3
      vertex 59.9022 37.5028 2.4
      vertex 59.124 37.6896 2.4
    endloop
  endfacet
  facet normal 1 0 0
    outer loop
      vertex 2.6 25.2 4.3
      vertex 2.6 23.4 4.3
      vertex 2.6 25.2 1
    endloop
  endfacet
  facet normal 1 0 0
    outer loop
      vertex 2.6 33.4 1
      vertex 2.6 35.2 4.3
      vertex 2.6 33.4 4.3
    endloop
  endfacet
  facet normal 1 0 0
    outer loop
      vertex 2.6 35.2 4.3
      vertex 2.6 33.4 1
      vertex 2.6 35.2 0
    endloop
  endfacet
  facet normal 1 -0 0
    outer loop
      vertex 2.6 25.2 1
      vertex 2.6 35.2 0
      vertex 2.6 33.4 1
    endloop
  endfacet
  facet normal 1 0 0
    outer loop
      vertex 2.6 25.2 1
      vertex 2.6 23.4 0
      vertex 2.6 35.2 0
    endloop
  endfacet
  facet normal 1 0 0
    outer loop
      vertex 2.6 23.4 0
      vertex 2.6 25.2 1
      vertex 2.6 23.4 4.3
    endloop
  endfacet
  facet normal -1 0 0
    outer loop
      vertex 5.8 35.2 0
      vertex 5.8 33.4 1
      vertex 5.8 35.2 2.8
    endloop
  endfacet
  facet normal -1 0 0
    outer loop
      vertex 5.8 35.2 0
      vertex 5.8 25.2 1
      vertex 5.8 33.4 1
    endloop
  endfacet
  facet normal -1 0 0
    outer loop
      vertex 5.8 23.4 0
      vertex 5.8 25.2 1
      vertex 5.8 35.2 0
    endloop
  endfacet
  facet normal -1 0 0
    outer loop
      vertex 5.8 23.4 2.8
      vertex 5.8 25.2 1
      vertex 5.8 23.4 0
    endloop
  endfacet
  facet normal -1 0 0
    outer loop
      vertex 5.8 25.2 1
      vertex 5.8 23.4 2.8
      vertex 5.8 25.2 2.8
    endloop
  endfacet
  facet normal -1 -0 0
    outer loop
      vertex 5.8 35.2 2.8
      vertex 5.8 33.4 1
      vertex 5.8 33.4 2.8
    endloop
  endfacet
  facet normal 0 -1 0
    outer loop
      vertex 2.6 25.2 4.3
      vertex 3.05001 25.2 2.8
      vertex 3.05001 25.2 4.3
    endloop
  endfacet
  facet normal 0 -1 0
    outer loop
      vertex 2.6 25.2 1
      vertex 3.05001 25.2 2.8
      vertex 2.6 25.2 4.3
    endloop
  endfacet
  facet normal 0 -1 0
    outer loop
      vertex 5.8 25.2 1
      vertex 3.05001 25.2 2.8
      vertex 2.6 25.2 1
    endloop
  endfacet
  facet normal 0 -1 0
    outer loop
      vertex 3.05001 25.2 2.8
      vertex 5.8 25.2 1
      vertex 5.8 25.2 2.8
    endloop
  endfacet
  facet normal 0 1 0
    outer loop
      vertex 5.8 23.4 2.8
      vertex 5.8 23.4 0
      vertex 3.05001 23.4 2.8
    endloop
  endfacet
  facet normal 0 1 -0
    outer loop
      vertex 3.05001 23.4 2.8
      vertex 2.6 23.4 4.3
      vertex 3.05001 23.4 4.3
    endloop
  endfacet
  facet normal 0 1 0
    outer loop
      vertex 3.05001 23.4 2.8
      vertex 2.6 23.4 0
      vertex 2.6 23.4 4.3
    endloop
  endfacet
  facet normal 0 1 0
    outer loop
      vertex 2.6 23.4 0
      vertex 3.05001 23.4 2.8
      vertex 5.8 23.4 0
    endloop
  endfacet
  facet normal 0 -1 0
    outer loop
      vertex 2.6 35.2 4.3
      vertex 3.05001 35.2 2.8
      vertex 3.05001 35.2 4.3
    endloop
  endfacet
  facet normal 0 -1 0
    outer loop
      vertex 2.6 35.2 0
      vertex 3.05001 35.2 2.8
      vertex 2.6 35.2 4.3
    endloop
  endfacet
  facet normal 0 -1 0
    outer loop
      vertex 5.8 35.2 0
      vertex 3.05001 35.2 2.8
      vertex 2.6 35.2 0
    endloop
  endfacet
  facet normal 0 -1 0
    outer loop
      vertex 3.05001 35.2 2.8
      vertex 5.8 35.2 0
      vertex 5.8 35.2 2.8
    endloop
  endfacet
  facet normal 0 1 0
    outer loop
      vertex 5.8 33.4 2.8
      vertex 5.8 33.4 1
      vertex 3.05001 33.4 2.8
    endloop
  endfacet
  facet normal 0 1 -0
    outer loop
      vertex 3.05001 33.4 2.8
      vertex 2.6 33.4 4.3
      vertex 3.05001 33.4 4.3
    endloop
  endfacet
  facet normal 0 1 0
    outer loop
      vertex 3.05001 33.4 2.8
      vertex 2.6 33.4 1
      vertex 2.6 33.4 4.3
    endloop
  endfacet
  facet normal 0 1 0
    outer loop
      vertex 2.6 33.4 1
      vertex 3.05001 33.4 2.8
      vertex 5.8 33.4 1
    endloop
  endfacet
  facet normal 0 0 -1
    outer loop
      vertex 2.6 25.2 1
      vertex 5.8 33.4 1
      vertex 5.8 25.2 1
    endloop
  endfacet
  facet normal -0 0 -1
    outer loop
      vertex 5.8 33.4 1
      vertex 2.6 25.2 1
      vertex 2.6 33.4 1
    endloop
  endfacet
  facet normal -1 0 0
    outer loop
      vertex 4.05 25.8 2.78
      vertex 4.05 32.8 2.8
      vertex 4.05 32.8 2.78
    endloop
  endfacet
  facet normal -1 -0 0
    outer loop
      vertex 4.05 32.8 2.8
      vertex 4.05 25.8 2.78
      vertex 4.05 25.8 2.8
    endloop
  endfacet
  facet normal 0 -1 0
    outer loop
      vertex 3.05176e-06 32.8 2.78
      vertex 2.05001 32.8 2.8
      vertex 3.05176e-06 32.8 2.8
    endloop
  endfacet
  facet normal 0 -1 0
    outer loop
      vertex 4.05 32.8 2.78
      vertex 2.05001 32.8 2.8
      vertex 3.05176e-06 32.8 2.78
    endloop
  endfacet
  facet normal 0 -1 0
    outer loop
      vertex 2.05001 32.8 2.8
      vertex 4.05 32.8 2.78
      vertex 3.05001 32.8 2.8
    endloop
  endfacet
  facet normal 0 -1 0
    outer loop
      vertex 3.05001 32.8 2.8
      vertex 4.05 32.8 2.78
      vertex 4.05 32.8 2.8
    endloop
  endfacet
  facet normal 0 -1 0
    outer loop
      vertex 2.05001 32.8 2.8
      vertex 3.05001 32.8 4.3
      vertex 2.05001 32.8 4.3
    endloop
  endfacet
  facet normal 0 -1 -0
    outer loop
      vertex 3.05001 32.8 4.3
      vertex 2.05001 32.8 2.8
      vertex 3.05001 32.8 2.8
    endloop
  endfacet
  facet normal -0 0 1
    outer loop
      vertex 3.05176e-06 32.8 2.78
      vertex 4.05 25.8 2.78
      vertex 4.05 32.8 2.78
    endloop
  endfacet
  facet normal 0 0 1
    outer loop
      vertex 4.05 25.8 2.78
      vertex 3.05176e-06 32.8 2.78
      vertex 3.05176e-06 25.8 2.78
    endloop
  endfacet
  facet normal 0 1 -0
    outer loop
      vertex 4.05 25.8 2.78
      vertex 3.05001 25.8 2.8
      vertex 4.05 25.8 2.8
    endloop
  endfacet
  facet normal 0 1 0
    outer loop
      vertex 3.05001 25.8 2.8
      vertex 4.05 25.8 2.78
      vertex 2.05001 25.8 2.8
    endloop
  endfacet
  facet normal 0 1 0
    outer loop
      vertex 3.05176e-06 25.8 2.78
      vertex 2.05001 25.8 2.8
      vertex 4.05 25.8 2.78
    endloop
  endfacet
  facet normal 0 1 0
    outer loop
      vertex 2.05001 25.8 2.8
      vertex 3.05176e-06 25.8 2.78
      vertex 3.05176e-06 25.8 2.8
    endloop
  endfacet
  facet normal 0 1 -0
    outer loop
      vertex 3.05001 25.8 2.8
      vertex 2.05001 25.8 4.3
      vertex 3.05001 25.8 4.3
    endloop
  endfacet
  facet normal 0 1 0
    outer loop
      vertex 2.05001 25.8 4.3
      vertex 3.05001 25.8 2.8
      vertex 2.05001 25.8 2.8
    endloop
  endfacet
endsolid OpenSCAD_Model
