solid OpenSCAD_Model
  facet normal -0.233447 0.972369 0
    outer loop
      vertex 3.37427 57.9507 5.72205e-07
      vertex 2.76393 57.8042 38.3
      vertex 3.37427 57.9507 38.3
    endloop
  endfacet
  facet normal -0.233447 0.972369 0
    outer loop
      vertex 2.76393 57.8042 38.3
      vertex 3.37427 57.9507 5.72205e-07
      vertex 2.76393 57.8042 5.72205e-07
    endloop
  endfacet
  facet normal -0.382667 0.923886 0
    outer loop
      vertex 2.76393 57.8042 5.72205e-07
      vertex 2.18404 57.564 38.3
      vertex 2.76393 57.8042 38.3
    endloop
  endfacet
  facet normal -0.382667 0.923886 0
    outer loop
      vertex 2.18404 57.564 38.3
      vertex 2.76393 57.8042 5.72205e-07
      vertex 2.18404 57.564 5.72205e-07
    endloop
  endfacet
  facet normal 0 0 -1
    outer loop
      vertex 45.2624 50.6585 5.72205e-07
      vertex 29.1376 50.6585 5.72205e-07
      vertex 29.1802 51.2 5.72205e-07
    endloop
  endfacet
  facet normal 0 0 -1
    outer loop
      vertex 45.5991 49.62 5.72205e-07
      vertex 29.1374 50.6556 5.72205e-07
      vertex 29.1376 50.6585 5.72205e-07
    endloop
  endfacet
  facet normal 0 0 -1
    outer loop
      vertex 45.5991 49.62 5.72205e-07
      vertex 29.1367 50.6527 5.72205e-07
      vertex 29.1374 50.6556 5.72205e-07
    endloop
  endfacet
  facet normal 0 0 -1
    outer loop
      vertex 45.5991 49.62 5.72205e-07
      vertex 29.0099 50.1246 5.72205e-07
      vertex 29.1367 50.6527 5.72205e-07
    endloop
  endfacet
  facet normal 0 0 -1
    outer loop
      vertex 45.5991 49.62 5.72205e-07
      vertex 28.802 49.6227 5.72205e-07
      vertex 29.0099 50.1246 5.72205e-07
    endloop
  endfacet
  facet normal 0 0 -1
    outer loop
      vertex 45.5991 49.62 5.72205e-07
      vertex 28.8009 49.62 5.72205e-07
      vertex 28.802 49.6227 5.72205e-07
    endloop
  endfacet
  facet normal 0 0 -1
    outer loop
      vertex 44.2284 37.089 5.72205e-07
      vertex 28.5171 49.1569 5.72205e-07
      vertex 28.8009 49.62 5.72205e-07
    endloop
  endfacet
  facet normal 0 0 -1
    outer loop
      vertex 44.2284 37.089 5.72205e-07
      vertex 28.5156 49.1544 5.72205e-07
      vertex 28.5171 49.1569 5.72205e-07
    endloop
  endfacet
  facet normal 0 0 -1
    outer loop
      vertex 44.2284 37.089 5.72205e-07
      vertex 28.1628 48.7413 5.72205e-07
      vertex 28.5156 49.1544 5.72205e-07
    endloop
  endfacet
  facet normal 0 0 -1
    outer loop
      vertex 44.2284 37.089 5.72205e-07
      vertex 28.1609 48.7391 5.72205e-07
      vertex 28.1628 48.7413 5.72205e-07
    endloop
  endfacet
  facet normal 0 0 -1
    outer loop
      vertex 44.2284 37.089 5.72205e-07
      vertex 28.1587 48.7372 5.72205e-07
      vertex 28.1609 48.7391 5.72205e-07
    endloop
  endfacet
  facet normal 0 0 -1
    outer loop
      vertex 44.2284 37.089 5.72205e-07
      vertex 27.7456 48.3844 5.72205e-07
      vertex 28.1587 48.7372 5.72205e-07
    endloop
  endfacet
  facet normal 0 0 -1
    outer loop
      vertex 44.2284 37.089 5.72205e-07
      vertex 27.7431 48.3829 5.72205e-07
      vertex 27.7456 48.3844 5.72205e-07
    endloop
  endfacet
  facet normal 0 0 -1
    outer loop
      vertex 44.2284 37.089 5.72205e-07
      vertex 27.28 48.0991 5.72205e-07
      vertex 27.7431 48.3829 5.72205e-07
    endloop
  endfacet
  facet normal 0 0 -1
    outer loop
      vertex 44.2284 37.089 5.72205e-07
      vertex 27.2773 48.098 5.72205e-07
      vertex 27.28 48.0991 5.72205e-07
    endloop
  endfacet
  facet normal 0 0 -1
    outer loop
      vertex 44.2284 37.089 5.72205e-07
      vertex 26.7754 47.8901 5.72205e-07
      vertex 27.2773 48.098 5.72205e-07
    endloop
  endfacet
  facet normal 0 0 -1
    outer loop
      vertex 44.2284 37.089 5.72205e-07
      vertex 26.2473 47.7633 5.72205e-07
      vertex 26.7754 47.8901 5.72205e-07
    endloop
  endfacet
  facet normal 0 0 -1
    outer loop
      vertex 44.2284 37.089 5.72205e-07
      vertex 26.2444 47.7626 5.72205e-07
      vertex 26.2473 47.7633 5.72205e-07
    endloop
  endfacet
  facet normal 0 0 -1
    outer loop
      vertex 44.2284 37.089 5.72205e-07
      vertex 26.2415 47.7624 5.72205e-07
      vertex 26.2444 47.7626 5.72205e-07
    endloop
  endfacet
  facet normal 0 0 -1
    outer loop
      vertex 11.2284 37.089 5.72205e-07
      vertex 26.2415 47.7624 5.72205e-07
      vertex 44.2284 37.089 5.72205e-07
    endloop
  endfacet
  facet normal 0 0 -1
    outer loop
      vertex 26.2415 47.7624 5.72205e-07
      vertex 11.2284 37.089 5.72205e-07
      vertex 25.7 47.7198 5.72205e-07
    endloop
  endfacet
  facet normal -0 0 -1
    outer loop
      vertex 25.7 47.7198 5.72205e-07
      vertex 11.2284 37.089 5.72205e-07
      vertex 25.1585 47.7624 5.72205e-07
    endloop
  endfacet
  facet normal -0 0 -1
    outer loop
      vertex 25.1585 47.7624 5.72205e-07
      vertex 11.2284 37.089 5.72205e-07
      vertex 25.1556 47.7626 5.72205e-07
    endloop
  endfacet
  facet normal -0 0 -1
    outer loop
      vertex 25.1556 47.7626 5.72205e-07
      vertex 11.2284 37.089 5.72205e-07
      vertex 25.1527 47.7633 5.72205e-07
    endloop
  endfacet
  facet normal -0 0 -1
    outer loop
      vertex 25.1527 47.7633 5.72205e-07
      vertex 11.2284 37.089 5.72205e-07
      vertex 24.6246 47.8901 5.72205e-07
    endloop
  endfacet
  facet normal -0 0 -1
    outer loop
      vertex 24.6246 47.8901 5.72205e-07
      vertex 11.2284 37.089 5.72205e-07
      vertex 24.1227 48.098 5.72205e-07
    endloop
  endfacet
  facet normal 0 0 -1
    outer loop
      vertex 11.2284 37.089 5.72205e-07
      vertex 23.2413 48.7372 5.72205e-07
      vertex 23.6544 48.3844 5.72205e-07
    endloop
  endfacet
  facet normal 0 0 -1
    outer loop
      vertex 11.2284 37.089 5.72205e-07
      vertex 23.2372 48.7413 5.72205e-07
      vertex 23.2391 48.7391 5.72205e-07
    endloop
  endfacet
  facet normal 0 0 -1
    outer loop
      vertex 11.2284 37.089 5.72205e-07
      vertex 22.8829 49.1569 5.72205e-07
      vertex 22.8844 49.1544 5.72205e-07
    endloop
  endfacet
  facet normal 0 0 -1
    outer loop
      vertex 11.2284 37.089 5.72205e-07
      vertex 22.598 49.6227 5.72205e-07
      vertex 22.5991 49.62 5.72205e-07
    endloop
  endfacet
  facet normal 0 0 -1
    outer loop
      vertex 22.2626 50.6556 5.72205e-07
      vertex 3.99999 58 5.72205e-07
      vertex 22.2624 50.6585 5.72205e-07
    endloop
  endfacet
  facet normal 0 0 -1
    outer loop
      vertex 3.99999 58 5.72205e-07
      vertex 22.2626 50.6556 5.72205e-07
      vertex 11.2284 37.089 5.72205e-07
    endloop
  endfacet
  facet normal -0 0 -1
    outer loop
      vertex 22.2633 50.6527 5.72205e-07
      vertex 11.2284 37.089 5.72205e-07
      vertex 22.2626 50.6556 5.72205e-07
    endloop
  endfacet
  facet normal -0 0 -1
    outer loop
      vertex 22.3901 50.1246 5.72205e-07
      vertex 11.2284 37.089 5.72205e-07
      vertex 22.2633 50.6527 5.72205e-07
    endloop
  endfacet
  facet normal -0 0 -1
    outer loop
      vertex 22.598 49.6227 5.72205e-07
      vertex 11.2284 37.089 5.72205e-07
      vertex 22.3901 50.1246 5.72205e-07
    endloop
  endfacet
  facet normal -0 0 -1
    outer loop
      vertex 22.8829 49.1569 5.72205e-07
      vertex 11.2284 37.089 5.72205e-07
      vertex 22.5991 49.62 5.72205e-07
    endloop
  endfacet
  facet normal -0 0 -1
    outer loop
      vertex 23.2372 48.7413 5.72205e-07
      vertex 11.2284 37.089 5.72205e-07
      vertex 22.8844 49.1544 5.72205e-07
    endloop
  endfacet
  facet normal -0 0 -1
    outer loop
      vertex 23.2413 48.7372 5.72205e-07
      vertex 11.2284 37.089 5.72205e-07
      vertex 23.2391 48.7391 5.72205e-07
    endloop
  endfacet
  facet normal -0 0 -1
    outer loop
      vertex 23.6569 48.3829 5.72205e-07
      vertex 11.2284 37.089 5.72205e-07
      vertex 23.6544 48.3844 5.72205e-07
    endloop
  endfacet
  facet normal -0 0 -1
    outer loop
      vertex 24.12 48.0991 5.72205e-07
      vertex 11.2284 37.089 5.72205e-07
      vertex 23.6569 48.3829 5.72205e-07
    endloop
  endfacet
  facet normal -0 0 -1
    outer loop
      vertex 24.1227 48.098 5.72205e-07
      vertex 11.2284 37.089 5.72205e-07
      vertex 24.12 48.0991 5.72205e-07
    endloop
  endfacet
  facet normal 0 0 -1
    outer loop
      vertex 29.1367 7.54728 5.72205e-07
      vertex 45.2633 7.54728 5.72205e-07
      vertex 29.1374 7.54443 5.72205e-07
    endloop
  endfacet
  facet normal 0 0 -1
    outer loop
      vertex 45.2633 7.54728 5.72205e-07
      vertex 29.1367 7.54728 5.72205e-07
      vertex 45.3901 8.07545 5.72205e-07
    endloop
  endfacet
  facet normal 0 0 -1
    outer loop
      vertex 29.0099 8.07545 5.72205e-07
      vertex 45.3901 8.07545 5.72205e-07
      vertex 29.1367 7.54728 5.72205e-07
    endloop
  endfacet
  facet normal 0 0 -1
    outer loop
      vertex 45.3901 8.07545 5.72205e-07
      vertex 29.0099 8.07545 5.72205e-07
      vertex 44.2284 16.589 5.72205e-07
    endloop
  endfacet
  facet normal 0 0 -1
    outer loop
      vertex 28.802 8.57728 5.72205e-07
      vertex 44.2284 16.589 5.72205e-07
      vertex 29.0099 8.07545 5.72205e-07
    endloop
  endfacet
  facet normal 0 0 -1
    outer loop
      vertex 28.8009 8.57999 5.72205e-07
      vertex 44.2284 16.589 5.72205e-07
      vertex 28.802 8.57728 5.72205e-07
    endloop
  endfacet
  facet normal 0 0 -1
    outer loop
      vertex 28.5171 9.04312 5.72205e-07
      vertex 44.2284 16.589 5.72205e-07
      vertex 28.8009 8.57999 5.72205e-07
    endloop
  endfacet
  facet normal 0 0 -1
    outer loop
      vertex 28.5156 9.04562 5.72205e-07
      vertex 44.2284 16.589 5.72205e-07
      vertex 28.5171 9.04312 5.72205e-07
    endloop
  endfacet
  facet normal 0 0 -1
    outer loop
      vertex 28.1628 9.45866 5.72205e-07
      vertex 44.2284 16.589 5.72205e-07
      vertex 28.5156 9.04562 5.72205e-07
    endloop
  endfacet
  facet normal 0 0 -1
    outer loop
      vertex 28.1609 9.46089 5.72205e-07
      vertex 44.2284 16.589 5.72205e-07
      vertex 28.1628 9.45866 5.72205e-07
    endloop
  endfacet
  facet normal 0 0 -1
    outer loop
      vertex 28.1587 9.46279 5.72205e-07
      vertex 44.2284 16.589 5.72205e-07
      vertex 28.1609 9.46089 5.72205e-07
    endloop
  endfacet
  facet normal 0 0 -1
    outer loop
      vertex 27.7456 9.81556 5.72205e-07
      vertex 44.2284 16.589 5.72205e-07
      vertex 28.1587 9.46279 5.72205e-07
    endloop
  endfacet
  facet normal 0 0 -1
    outer loop
      vertex 27.7431 9.81709 5.72205e-07
      vertex 44.2284 16.589 5.72205e-07
      vertex 27.7456 9.81556 5.72205e-07
    endloop
  endfacet
  facet normal 0 0 -1
    outer loop
      vertex 27.28 10.1009 5.72205e-07
      vertex 44.2284 16.589 5.72205e-07
      vertex 27.7431 9.81709 5.72205e-07
    endloop
  endfacet
  facet normal 0 0 -1
    outer loop
      vertex 27.2773 10.102 5.72205e-07
      vertex 44.2284 16.589 5.72205e-07
      vertex 27.28 10.1009 5.72205e-07
    endloop
  endfacet
  facet normal 0 0 -1
    outer loop
      vertex 26.7754 10.3099 5.72205e-07
      vertex 44.2284 16.589 5.72205e-07
      vertex 27.2773 10.102 5.72205e-07
    endloop
  endfacet
  facet normal 0 0 -1
    outer loop
      vertex 26.2473 10.4367 5.72205e-07
      vertex 44.2284 16.589 5.72205e-07
      vertex 26.7754 10.3099 5.72205e-07
    endloop
  endfacet
  facet normal 0 0 -1
    outer loop
      vertex 26.2444 10.4374 5.72205e-07
      vertex 44.2284 16.589 5.72205e-07
      vertex 26.2473 10.4367 5.72205e-07
    endloop
  endfacet
  facet normal 0 0 -1
    outer loop
      vertex 26.2415 10.4376 5.72205e-07
      vertex 44.2284 16.589 5.72205e-07
      vertex 26.2444 10.4374 5.72205e-07
    endloop
  endfacet
  facet normal 0 0 -1
    outer loop
      vertex 25.7 10.4802 5.72205e-07
      vertex 44.2284 16.589 5.72205e-07
      vertex 26.2415 10.4376 5.72205e-07
    endloop
  endfacet
  facet normal 0 0 -1
    outer loop
      vertex 11.2284 16.589 5.72205e-07
      vertex 25.7 10.4802 5.72205e-07
      vertex 25.1585 10.4376 5.72205e-07
    endloop
  endfacet
  facet normal 0 0 -1
    outer loop
      vertex 11.2284 16.589 5.72205e-07
      vertex 25.1585 10.4376 5.72205e-07
      vertex 25.1556 10.4374 5.72205e-07
    endloop
  endfacet
  facet normal 0 0 -1
    outer loop
      vertex 11.2284 16.589 5.72205e-07
      vertex 25.1556 10.4374 5.72205e-07
      vertex 25.1527 10.4367 5.72205e-07
    endloop
  endfacet
  facet normal 0 0 -1
    outer loop
      vertex 11.2284 16.589 5.72205e-07
      vertex 25.1527 10.4367 5.72205e-07
      vertex 24.6246 10.3099 5.72205e-07
    endloop
  endfacet
  facet normal 0 0 -1
    outer loop
      vertex 11.2284 16.589 5.72205e-07
      vertex 24.1227 10.102 5.72205e-07
      vertex 24.12 10.1009 5.72205e-07
    endloop
  endfacet
  facet normal 0 0 -1
    outer loop
      vertex 11.2284 16.589 5.72205e-07
      vertex 23.2413 9.46279 5.72205e-07
      vertex 23.2391 9.46089 5.72205e-07
    endloop
  endfacet
  facet normal 0 0 -1
    outer loop
      vertex 11.2284 16.589 5.72205e-07
      vertex 23.2372 9.45866 5.72205e-07
      vertex 22.8844 9.04562 5.72205e-07
    endloop
  endfacet
  facet normal 0 0 -1
    outer loop
      vertex 11.2284 16.589 5.72205e-07
      vertex 22.598 8.57728 5.72205e-07
      vertex 22.3901 8.07545 5.72205e-07
    endloop
  endfacet
  facet normal 0 0 -1
    outer loop
      vertex 25.7 10.4802 5.72205e-07
      vertex 11.2284 16.589 5.72205e-07
      vertex 44.2284 16.589 5.72205e-07
    endloop
  endfacet
  facet normal 0 0 -1
    outer loop
      vertex 24.1227 10.102 5.72205e-07
      vertex 11.2284 16.589 5.72205e-07
      vertex 24.6246 10.3099 5.72205e-07
    endloop
  endfacet
  facet normal 0 0 -1
    outer loop
      vertex 23.6569 9.81709 5.72205e-07
      vertex 11.2284 16.589 5.72205e-07
      vertex 24.12 10.1009 5.72205e-07
    endloop
  endfacet
  facet normal 0 0 -1
    outer loop
      vertex 23.6544 9.81556 5.72205e-07
      vertex 11.2284 16.589 5.72205e-07
      vertex 23.6569 9.81709 5.72205e-07
    endloop
  endfacet
  facet normal 0 0 -1
    outer loop
      vertex 23.2413 9.46279 5.72205e-07
      vertex 11.2284 16.589 5.72205e-07
      vertex 23.6544 9.81556 5.72205e-07
    endloop
  endfacet
  facet normal 0 0 -1
    outer loop
      vertex 23.2372 9.45866 5.72205e-07
      vertex 11.2284 16.589 5.72205e-07
      vertex 23.2391 9.46089 5.72205e-07
    endloop
  endfacet
  facet normal 0 0 -1
    outer loop
      vertex 22.8829 9.04312 5.72205e-07
      vertex 11.2284 16.589 5.72205e-07
      vertex 22.8844 9.04562 5.72205e-07
    endloop
  endfacet
  facet normal 0 0 -1
    outer loop
      vertex 22.5991 8.57999 5.72205e-07
      vertex 11.2284 16.589 5.72205e-07
      vertex 22.8829 9.04312 5.72205e-07
    endloop
  endfacet
  facet normal 0 0 -1
    outer loop
      vertex 22.598 8.57728 5.72205e-07
      vertex 11.2284 16.589 5.72205e-07
      vertex 22.5991 8.57999 5.72205e-07
    endloop
  endfacet
  facet normal 0 0 -1
    outer loop
      vertex 22.2633 7.54728 5.72205e-07
      vertex 11.2284 16.589 5.72205e-07
      vertex 22.3901 8.07545 5.72205e-07
    endloop
  endfacet
  facet normal 0 0 -1
    outer loop
      vertex 22.2626 7.54443 5.72205e-07
      vertex 11.2284 16.589 5.72205e-07
      vertex 22.2633 7.54728 5.72205e-07
    endloop
  endfacet
  facet normal 0 0 -1
    outer loop
      vertex 22.2624 7.5415 5.72205e-07
      vertex 11.2284 16.589 5.72205e-07
      vertex 22.2626 7.54443 5.72205e-07
    endloop
  endfacet
  facet normal 0 0 -1
    outer loop
      vertex 11.2284 16.589 5.72205e-07
      vertex 22.2624 7.5415 5.72205e-07
      vertex 22.2198 7 5.72205e-07
    endloop
  endfacet
  facet normal 0 0 -1
    outer loop
      vertex 46.8741 24.0572 5.72205e-07
      vertex 50.2133 24.0572 5.72205e-07
      vertex 47.0173 23.9349 5.72205e-07
    endloop
  endfacet
  facet normal 0 0 -1
    outer loop
      vertex 50.2133 24.0572 5.72205e-07
      vertex 46.8741 24.0572 5.72205e-07
      vertex 50.3738 24.1556 5.72205e-07
    endloop
  endfacet
  facet normal 0 0 -1
    outer loop
      vertex 55.7 29 5.72205e-07
      vertex 44.2284 37.089 5.72205e-07
      vertex 48.1527 47.7633 5.72205e-07
    endloop
  endfacet
  facet normal 0 0 -1
    outer loop
      vertex 46.7136 24.1556 5.72205e-07
      vertex 50.3738 24.1556 5.72205e-07
      vertex 46.8741 24.0572 5.72205e-07
    endloop
  endfacet
  facet normal -0 0 -1
    outer loop
      vertex 48.1527 47.7633 5.72205e-07
      vertex 44.2284 37.089 5.72205e-07
      vertex 47.6246 47.8901 5.72205e-07
    endloop
  endfacet
  facet normal -0 0 -1
    outer loop
      vertex 47.6246 47.8901 5.72205e-07
      vertex 44.2284 37.089 5.72205e-07
      vertex 47.1227 48.098 5.72205e-07
    endloop
  endfacet
  facet normal 0 0 -1
    outer loop
      vertex 50.3738 24.1556 5.72205e-07
      vertex 46.7136 24.1556 5.72205e-07
      vertex 50.5478 24.2277 5.72205e-07
    endloop
  endfacet
  facet normal 0 0 -1
    outer loop
      vertex 46.5396 24.2277 5.72205e-07
      vertex 50.5478 24.2277 5.72205e-07
      vertex 46.7136 24.1556 5.72205e-07
    endloop
  endfacet
  facet normal 0 0 -1
    outer loop
      vertex 44.2284 37.089 5.72205e-07
      vertex 50.5478 24.2277 5.72205e-07
      vertex 46.5396 24.2277 5.72205e-07
    endloop
  endfacet
  facet normal -0 0 -1
    outer loop
      vertex 47.1227 48.098 5.72205e-07
      vertex 44.2284 37.089 5.72205e-07
      vertex 47.12 48.0991 5.72205e-07
    endloop
  endfacet
  facet normal -0 0 -1
    outer loop
      vertex 47.12 48.0991 5.72205e-07
      vertex 44.2284 37.089 5.72205e-07
      vertex 46.6569 48.3829 5.72205e-07
    endloop
  endfacet
  facet normal 0 0 -1
    outer loop
      vertex 50.5478 24.2277 5.72205e-07
      vertex 44.2284 37.089 5.72205e-07
      vertex 55.7 29 5.72205e-07
    endloop
  endfacet
  facet normal 0 0 -1
    outer loop
      vertex 44.2284 37.089 5.72205e-07
      vertex 46.5396 24.2277 5.72205e-07
      vertex 46.3565 24.2716 5.72205e-07
    endloop
  endfacet
  facet normal -0 0 -1
    outer loop
      vertex 46.6569 48.3829 5.72205e-07
      vertex 44.2284 37.089 5.72205e-07
      vertex 46.6544 48.3844 5.72205e-07
    endloop
  endfacet
  facet normal -0 0 -1
    outer loop
      vertex 46.6544 48.3844 5.72205e-07
      vertex 44.2284 37.089 5.72205e-07
      vertex 46.2413 48.7372 5.72205e-07
    endloop
  endfacet
  facet normal -0 0 -1
    outer loop
      vertex 46.2413 48.7372 5.72205e-07
      vertex 44.2284 37.089 5.72205e-07
      vertex 46.2391 48.7391 5.72205e-07
    endloop
  endfacet
  facet normal 0 0 -1
    outer loop
      vertex 44.2284 37.089 5.72205e-07
      vertex 46.3565 24.2716 5.72205e-07
      vertex 46.1688 24.2864 5.72205e-07
    endloop
  endfacet
  facet normal 0 0 -1
    outer loop
      vertex 44.2284 37.089 5.72205e-07
      vertex 46.1688 24.2864 5.72205e-07
      vertex 45.9811 24.2716 5.72205e-07
    endloop
  endfacet
  facet normal -0 0 -1
    outer loop
      vertex 46.2391 48.7391 5.72205e-07
      vertex 44.2284 37.089 5.72205e-07
      vertex 46.2372 48.7413 5.72205e-07
    endloop
  endfacet
  facet normal -0 0 -1
    outer loop
      vertex 46.2372 48.7413 5.72205e-07
      vertex 44.2284 37.089 5.72205e-07
      vertex 45.8844 49.1544 5.72205e-07
    endloop
  endfacet
  facet normal 0 0 -1
    outer loop
      vertex 44.2284 37.089 5.72205e-07
      vertex 45.9811 24.2716 5.72205e-07
      vertex 45.798 24.2277 5.72205e-07
    endloop
  endfacet
  facet normal 0 0 -1
    outer loop
      vertex 44.2284 37.089 5.72205e-07
      vertex 45.798 24.2277 5.72205e-07
      vertex 45.624 24.1556 5.72205e-07
    endloop
  endfacet
  facet normal -0 0 -1
    outer loop
      vertex 45.8844 49.1544 5.72205e-07
      vertex 44.2284 37.089 5.72205e-07
      vertex 45.8829 49.1569 5.72205e-07
    endloop
  endfacet
  facet normal -0 0 -1
    outer loop
      vertex 45.8829 49.1569 5.72205e-07
      vertex 44.2284 37.089 5.72205e-07
      vertex 45.5991 49.62 5.72205e-07
    endloop
  endfacet
  facet normal 0 0 -1
    outer loop
      vertex 44.2284 37.089 5.72205e-07
      vertex 45.624 24.1556 5.72205e-07
      vertex 45.4635 24.0572 5.72205e-07
    endloop
  endfacet
  facet normal 0 0 -1
    outer loop
      vertex 28.8009 49.62 5.72205e-07
      vertex 45.5991 49.62 5.72205e-07
      vertex 44.2284 37.089 5.72205e-07
    endloop
  endfacet
  facet normal 0 0 -1
    outer loop
      vertex 44.2284 37.089 5.72205e-07
      vertex 45.4635 24.0572 5.72205e-07
      vertex 45.3203 23.9349 5.72205e-07
    endloop
  endfacet
  facet normal 0 0 -1
    outer loop
      vertex 29.1376 50.6585 5.72205e-07
      vertex 45.598 49.6227 5.72205e-07
      vertex 45.5991 49.62 5.72205e-07
    endloop
  endfacet
  facet normal 0 0 -1
    outer loop
      vertex 29.1376 50.6585 5.72205e-07
      vertex 45.3901 50.1246 5.72205e-07
      vertex 45.598 49.6227 5.72205e-07
    endloop
  endfacet
  facet normal 0 0 -1
    outer loop
      vertex 29.1376 50.6585 5.72205e-07
      vertex 45.2633 50.6527 5.72205e-07
      vertex 45.3901 50.1246 5.72205e-07
    endloop
  endfacet
  facet normal 0 0 -1
    outer loop
      vertex 29.1376 50.6585 5.72205e-07
      vertex 45.2626 50.6556 5.72205e-07
      vertex 45.2633 50.6527 5.72205e-07
    endloop
  endfacet
  facet normal 0 0 -1
    outer loop
      vertex 44.2284 37.089 5.72205e-07
      vertex 45.3203 23.9349 5.72205e-07
      vertex 45.198 23.7917 5.72205e-07
    endloop
  endfacet
  facet normal 0 0 -1
    outer loop
      vertex 52.0099 8.07545 5.72205e-07
      vertex 68.7 9.2 5.72205e-07
      vertex 52.1367 7.54728 5.72205e-07
    endloop
  endfacet
  facet normal -0 0 -1
    outer loop
      vertex 61.7 27 5.72205e-07
      vertex 52.1038 23.2741 5.72205e-07
      vertex 55.7 29 5.72205e-07
    endloop
  endfacet
  facet normal 0 0 -1
    outer loop
      vertex 51.802 8.57728 5.72205e-07
      vertex 68.7 9.2 5.72205e-07
      vertex 52.0099 8.07545 5.72205e-07
    endloop
  endfacet
  facet normal 0 0 -1
    outer loop
      vertex 55.7 29 5.72205e-07
      vertex 52.1376 50.6585 5.72205e-07
      vertex 52.1802 51.2 5.72205e-07
    endloop
  endfacet
  facet normal 0 0 -1
    outer loop
      vertex 51.8009 8.57999 5.72205e-07
      vertex 68.7 9.2 5.72205e-07
      vertex 51.802 8.57728 5.72205e-07
    endloop
  endfacet
  facet normal 0 0 -1
    outer loop
      vertex 55.7 29 5.72205e-07
      vertex 52.1374 50.6556 5.72205e-07
      vertex 52.1376 50.6585 5.72205e-07
    endloop
  endfacet
  facet normal 0 0 -1
    outer loop
      vertex 52.0599 23.4572 5.72205e-07
      vertex 55.7 29 5.72205e-07
      vertex 52.1038 23.2741 5.72205e-07
    endloop
  endfacet
  facet normal 0 0 -1
    outer loop
      vertex 52.1038 23.2741 5.72205e-07
      vertex 61.7 27 5.72205e-07
      vertex 52.1186 23.0864 5.72205e-07
    endloop
  endfacet
  facet normal 0 -0 -1
    outer loop
      vertex 52.1186 23.0864 5.72205e-07
      vertex 61.7 27 5.72205e-07
      vertex 52.1038 22.8987 5.72205e-07
    endloop
  endfacet
  facet normal 0 -0 -1
    outer loop
      vertex 52.1038 22.8987 5.72205e-07
      vertex 61.7 27 5.72205e-07
      vertex 52.0599 22.7156 5.72205e-07
    endloop
  endfacet
  facet normal 0 0 -1
    outer loop
      vertex 61.7 27 5.72205e-07
      vertex 51.9878 22.5416 5.72205e-07
      vertex 52.0599 22.7156 5.72205e-07
    endloop
  endfacet
  facet normal 0 0 -1
    outer loop
      vertex 51.5171 9.04312 5.72205e-07
      vertex 68.7 9.2 5.72205e-07
      vertex 51.8009 8.57999 5.72205e-07
    endloop
  endfacet
  facet normal 0 0 -1
    outer loop
      vertex 51.5156 9.04562 5.72205e-07
      vertex 68.7 9.2 5.72205e-07
      vertex 51.5171 9.04312 5.72205e-07
    endloop
  endfacet
  facet normal 0 0 -1
    outer loop
      vertex 61.7 27 5.72205e-07
      vertex 51.8894 22.3811 5.72205e-07
      vertex 51.9878 22.5416 5.72205e-07
    endloop
  endfacet
  facet normal 0 -0 -1
    outer loop
      vertex 51.8894 22.3811 5.72205e-07
      vertex 68.7 9.2 5.72205e-07
      vertex 51.5156 9.04562 5.72205e-07
    endloop
  endfacet
  facet normal 0 0 -1
    outer loop
      vertex 68.7 9.2 5.72205e-07
      vertex 51.8894 22.3811 5.72205e-07
      vertex 61.7 27 5.72205e-07
    endloop
  endfacet
  facet normal 0 0 -1
    outer loop
      vertex 51.8894 22.3811 5.72205e-07
      vertex 51.5156 9.04562 5.72205e-07
      vertex 51.7671 22.2379 5.72205e-07
    endloop
  endfacet
  facet normal 0 0 -1
    outer loop
      vertex 51.1628 9.45866 5.72205e-07
      vertex 51.7671 22.2379 5.72205e-07
      vertex 51.5156 9.04562 5.72205e-07
    endloop
  endfacet
  facet normal 0 0 -1
    outer loop
      vertex 51.1609 9.46089 5.72205e-07
      vertex 51.7671 22.2379 5.72205e-07
      vertex 51.1628 9.45866 5.72205e-07
    endloop
  endfacet
  facet normal 0 0 -1
    outer loop
      vertex 51.7671 22.2379 5.72205e-07
      vertex 51.1609 9.46089 5.72205e-07
      vertex 51.6239 22.1156 5.72205e-07
    endloop
  endfacet
  facet normal 0 0 -1
    outer loop
      vertex 51.1587 9.46279 5.72205e-07
      vertex 51.6239 22.1156 5.72205e-07
      vertex 51.1609 9.46089 5.72205e-07
    endloop
  endfacet
  facet normal 0 0 -1
    outer loop
      vertex 50.7456 9.81556 5.72205e-07
      vertex 51.6239 22.1156 5.72205e-07
      vertex 51.1587 9.46279 5.72205e-07
    endloop
  endfacet
  facet normal 0 0 -1
    outer loop
      vertex 51.6239 22.1156 5.72205e-07
      vertex 50.7456 9.81556 5.72205e-07
      vertex 51.4634 22.0172 5.72205e-07
    endloop
  endfacet
  facet normal 0 0 -1
    outer loop
      vertex 50.7431 9.81709 5.72205e-07
      vertex 51.4634 22.0172 5.72205e-07
      vertex 50.7456 9.81556 5.72205e-07
    endloop
  endfacet
  facet normal 0 0 -1
    outer loop
      vertex 50.28 10.1009 5.72205e-07
      vertex 51.4634 22.0172 5.72205e-07
      vertex 50.7431 9.81709 5.72205e-07
    endloop
  endfacet
  facet normal 0 0 -1
    outer loop
      vertex 51.4634 22.0172 5.72205e-07
      vertex 50.28 10.1009 5.72205e-07
      vertex 51.2894 21.9451 5.72205e-07
    endloop
  endfacet
  facet normal 0 0 -1
    outer loop
      vertex 51.2894 21.9451 5.72205e-07
      vertex 50.28 10.1009 5.72205e-07
      vertex 51.1063 21.9012 5.72205e-07
    endloop
  endfacet
  facet normal 0 0 -1
    outer loop
      vertex 50.2773 10.102 5.72205e-07
      vertex 51.1063 21.9012 5.72205e-07
      vertex 50.28 10.1009 5.72205e-07
    endloop
  endfacet
  facet normal 0 0 -1
    outer loop
      vertex 49.7754 10.3099 5.72205e-07
      vertex 51.1063 21.9012 5.72205e-07
      vertex 50.2773 10.102 5.72205e-07
    endloop
  endfacet
  facet normal 0 0 -1
    outer loop
      vertex 51.1063 21.9012 5.72205e-07
      vertex 49.7754 10.3099 5.72205e-07
      vertex 50.9186 21.8864 5.72205e-07
    endloop
  endfacet
  facet normal 0 0 -1
    outer loop
      vertex 49.2473 10.4367 5.72205e-07
      vertex 50.9186 21.8864 5.72205e-07
      vertex 49.7754 10.3099 5.72205e-07
    endloop
  endfacet
  facet normal 0 0 -1
    outer loop
      vertex 49.2444 10.4374 5.72205e-07
      vertex 50.9186 21.8864 5.72205e-07
      vertex 49.2473 10.4367 5.72205e-07
    endloop
  endfacet
  facet normal -0 0 -1
    outer loop
      vertex 50.9186 21.8864 5.72205e-07
      vertex 49.2444 10.4374 5.72205e-07
      vertex 50.7309 21.9012 5.72205e-07
    endloop
  endfacet
  facet normal 0 0 -1
    outer loop
      vertex 44.2284 16.589 5.72205e-07
      vertex 50.7309 21.9012 5.72205e-07
      vertex 49.2444 10.4374 5.72205e-07
    endloop
  endfacet
  facet normal -0 0 -1
    outer loop
      vertex 50.7309 21.9012 5.72205e-07
      vertex 44.2284 16.589 5.72205e-07
      vertex 50.5478 21.9451 5.72205e-07
    endloop
  endfacet
  facet normal -0 0 -1
    outer loop
      vertex 50.5478 21.9451 5.72205e-07
      vertex 44.2284 16.589 5.72205e-07
      vertex 50.3738 22.0172 5.72205e-07
    endloop
  endfacet
  facet normal 0 -0 -1
    outer loop
      vertex 46.7136 22.0172 5.72205e-07
      vertex 50.3738 22.0172 5.72205e-07
      vertex 44.2284 16.589 5.72205e-07
    endloop
  endfacet
  facet normal 0 0 -1
    outer loop
      vertex 50.3738 22.0172 5.72205e-07
      vertex 46.7136 22.0172 5.72205e-07
      vertex 50.2133 22.1156 5.72205e-07
    endloop
  endfacet
  facet normal 0 -0 -1
    outer loop
      vertex 46.8741 22.1156 5.72205e-07
      vertex 50.2133 22.1156 5.72205e-07
      vertex 46.7136 22.0172 5.72205e-07
    endloop
  endfacet
  facet normal 0 0 -1
    outer loop
      vertex 50.2133 22.1156 5.72205e-07
      vertex 46.8741 22.1156 5.72205e-07
      vertex 50.0701 22.2379 5.72205e-07
    endloop
  endfacet
  facet normal 0 -0 -1
    outer loop
      vertex 47.0173 22.2379 5.72205e-07
      vertex 50.0701 22.2379 5.72205e-07
      vertex 46.8741 22.1156 5.72205e-07
    endloop
  endfacet
  facet normal 0 0 -1
    outer loop
      vertex 55.7 29 5.72205e-07
      vertex 52.1367 50.6527 5.72205e-07
      vertex 52.1374 50.6556 5.72205e-07
    endloop
  endfacet
  facet normal 0 0 -1
    outer loop
      vertex 51.9878 23.6312 5.72205e-07
      vertex 55.7 29 5.72205e-07
      vertex 52.0599 23.4572 5.72205e-07
    endloop
  endfacet
  facet normal 0 0 -1
    outer loop
      vertex 55.7 29 5.72205e-07
      vertex 52.0099 50.1246 5.72205e-07
      vertex 52.1367 50.6527 5.72205e-07
    endloop
  endfacet
  facet normal 0 0 -1
    outer loop
      vertex 51.8894 23.7917 5.72205e-07
      vertex 55.7 29 5.72205e-07
      vertex 51.9878 23.6312 5.72205e-07
    endloop
  endfacet
  facet normal 0 0 -1
    outer loop
      vertex 51.7671 23.9349 5.72205e-07
      vertex 55.7 29 5.72205e-07
      vertex 51.8894 23.7917 5.72205e-07
    endloop
  endfacet
  facet normal 0 0 -1
    outer loop
      vertex 55.7 29 5.72205e-07
      vertex 51.802 49.6227 5.72205e-07
      vertex 52.0099 50.1246 5.72205e-07
    endloop
  endfacet
  facet normal 0 0 -1
    outer loop
      vertex 55.7 29 5.72205e-07
      vertex 51.8009 49.62 5.72205e-07
      vertex 51.802 49.6227 5.72205e-07
    endloop
  endfacet
  facet normal 0 0 -1
    outer loop
      vertex 51.6239 24.0572 5.72205e-07
      vertex 55.7 29 5.72205e-07
      vertex 51.7671 23.9349 5.72205e-07
    endloop
  endfacet
  facet normal 0 0 -1
    outer loop
      vertex 51.4634 24.1556 5.72205e-07
      vertex 55.7 29 5.72205e-07
      vertex 51.6239 24.0572 5.72205e-07
    endloop
  endfacet
  facet normal 0 0 -1
    outer loop
      vertex 55.7 29 5.72205e-07
      vertex 51.5171 49.1569 5.72205e-07
      vertex 51.8009 49.62 5.72205e-07
    endloop
  endfacet
  facet normal 0 0 -1
    outer loop
      vertex 55.7 29 5.72205e-07
      vertex 51.5156 49.1544 5.72205e-07
      vertex 51.5171 49.1569 5.72205e-07
    endloop
  endfacet
  facet normal 0 0 -1
    outer loop
      vertex 51.2894 24.2277 5.72205e-07
      vertex 55.7 29 5.72205e-07
      vertex 51.4634 24.1556 5.72205e-07
    endloop
  endfacet
  facet normal 0 0 -1
    outer loop
      vertex 51.1063 24.2716 5.72205e-07
      vertex 55.7 29 5.72205e-07
      vertex 51.2894 24.2277 5.72205e-07
    endloop
  endfacet
  facet normal 0 0 -1
    outer loop
      vertex 55.7 29 5.72205e-07
      vertex 51.1628 48.7413 5.72205e-07
      vertex 51.5156 49.1544 5.72205e-07
    endloop
  endfacet
  facet normal 0 0 -1
    outer loop
      vertex 55.7 29 5.72205e-07
      vertex 51.1609 48.7391 5.72205e-07
      vertex 51.1628 48.7413 5.72205e-07
    endloop
  endfacet
  facet normal 0 0 -1
    outer loop
      vertex 55.7 29 5.72205e-07
      vertex 51.1587 48.7372 5.72205e-07
      vertex 51.1609 48.7391 5.72205e-07
    endloop
  endfacet
  facet normal 0 0 -1
    outer loop
      vertex 50.9186 24.2864 5.72205e-07
      vertex 55.7 29 5.72205e-07
      vertex 51.1063 24.2716 5.72205e-07
    endloop
  endfacet
  facet normal 0 0 -1
    outer loop
      vertex 50.7309 24.2716 5.72205e-07
      vertex 55.7 29 5.72205e-07
      vertex 50.9186 24.2864 5.72205e-07
    endloop
  endfacet
  facet normal 0 0 -1
    outer loop
      vertex 55.7 29 5.72205e-07
      vertex 50.7456 48.3844 5.72205e-07
      vertex 51.1587 48.7372 5.72205e-07
    endloop
  endfacet
  facet normal 0 0 -1
    outer loop
      vertex 55.7 29 5.72205e-07
      vertex 50.7431 48.3829 5.72205e-07
      vertex 50.7456 48.3844 5.72205e-07
    endloop
  endfacet
  facet normal 0 0 -1
    outer loop
      vertex 50.5478 24.2277 5.72205e-07
      vertex 55.7 29 5.72205e-07
      vertex 50.7309 24.2716 5.72205e-07
    endloop
  endfacet
  facet normal 0 0 -1
    outer loop
      vertex 50.0701 23.9349 5.72205e-07
      vertex 47.0173 23.9349 5.72205e-07
      vertex 50.2133 24.0572 5.72205e-07
    endloop
  endfacet
  facet normal 0 0 -1
    outer loop
      vertex 49.9478 23.7917 5.72205e-07
      vertex 47.1396 23.7917 5.72205e-07
      vertex 50.0701 23.9349 5.72205e-07
    endloop
  endfacet
  facet normal 0 0 -1
    outer loop
      vertex 55.7 29 5.72205e-07
      vertex 50.28 48.0991 5.72205e-07
      vertex 50.7431 48.3829 5.72205e-07
    endloop
  endfacet
  facet normal 0 0 -1
    outer loop
      vertex 55.7 29 5.72205e-07
      vertex 50.2773 48.098 5.72205e-07
      vertex 50.28 48.0991 5.72205e-07
    endloop
  endfacet
  facet normal 0 0 -1
    outer loop
      vertex 49.8494 23.6312 5.72205e-07
      vertex 47.238 23.6312 5.72205e-07
      vertex 49.9478 23.7917 5.72205e-07
    endloop
  endfacet
  facet normal 0 0 -1
    outer loop
      vertex 47.238 23.6312 5.72205e-07
      vertex 49.8494 23.6312 5.72205e-07
      vertex 47.3101 23.4572 5.72205e-07
    endloop
  endfacet
  facet normal 0 0 -1
    outer loop
      vertex 49.7773 23.4572 5.72205e-07
      vertex 47.3101 23.4572 5.72205e-07
      vertex 49.8494 23.6312 5.72205e-07
    endloop
  endfacet
  facet normal 0 0 -1
    outer loop
      vertex 47.3101 23.4572 5.72205e-07
      vertex 49.7773 23.4572 5.72205e-07
      vertex 47.354 23.2741 5.72205e-07
    endloop
  endfacet
  facet normal 0 0 -1
    outer loop
      vertex 49.7334 23.2741 5.72205e-07
      vertex 47.354 23.2741 5.72205e-07
      vertex 49.7773 23.4572 5.72205e-07
    endloop
  endfacet
  facet normal 0 0 -1
    outer loop
      vertex 55.7 29 5.72205e-07
      vertex 49.7754 47.8901 5.72205e-07
      vertex 50.2773 48.098 5.72205e-07
    endloop
  endfacet
  facet normal 0 0 -1
    outer loop
      vertex 47.354 23.2741 5.72205e-07
      vertex 49.7334 23.2741 5.72205e-07
      vertex 47.3688 23.0864 5.72205e-07
    endloop
  endfacet
  facet normal 0 0 -1
    outer loop
      vertex 47.3688 23.0864 5.72205e-07
      vertex 49.7334 23.2741 5.72205e-07
      vertex 49.7186 23.0864 5.72205e-07
    endloop
  endfacet
  facet normal 0 0 -1
    outer loop
      vertex 50.0701 22.2379 5.72205e-07
      vertex 47.0173 22.2379 5.72205e-07
      vertex 49.9478 22.3811 5.72205e-07
    endloop
  endfacet
  facet normal 0 0 -1
    outer loop
      vertex 47.1396 23.7917 5.72205e-07
      vertex 49.9478 23.7917 5.72205e-07
      vertex 47.238 23.6312 5.72205e-07
    endloop
  endfacet
  facet normal 0 0 -1
    outer loop
      vertex 49.9478 22.3811 5.72205e-07
      vertex 47.1396 22.3811 5.72205e-07
      vertex 49.8494 22.5416 5.72205e-07
    endloop
  endfacet
  facet normal 0 0 -1
    outer loop
      vertex 55.7 29 5.72205e-07
      vertex 49.2473 47.7633 5.72205e-07
      vertex 49.7754 47.8901 5.72205e-07
    endloop
  endfacet
  facet normal 0 0 -1
    outer loop
      vertex 44.2284 16.589 5.72205e-07
      vertex 49.2444 10.4374 5.72205e-07
      vertex 49.2415 10.4376 5.72205e-07
    endloop
  endfacet
  facet normal 0 0 -1
    outer loop
      vertex 55.7 29 5.72205e-07
      vertex 49.2444 47.7626 5.72205e-07
      vertex 49.2473 47.7633 5.72205e-07
    endloop
  endfacet
  facet normal 0 0 -1
    outer loop
      vertex 44.2284 16.589 5.72205e-07
      vertex 49.2415 10.4376 5.72205e-07
      vertex 48.7 10.4802 5.72205e-07
    endloop
  endfacet
  facet normal 0 0 -1
    outer loop
      vertex 55.7 29 5.72205e-07
      vertex 49.2415 47.7624 5.72205e-07
      vertex 49.2444 47.7626 5.72205e-07
    endloop
  endfacet
  facet normal 0 0 -1
    outer loop
      vertex 44.2284 16.589 5.72205e-07
      vertex 48.7 10.4802 5.72205e-07
      vertex 48.1585 10.4376 5.72205e-07
    endloop
  endfacet
  facet normal 0 0 -1
    outer loop
      vertex 55.7 29 5.72205e-07
      vertex 48.7 47.7198 5.72205e-07
      vertex 49.2415 47.7624 5.72205e-07
    endloop
  endfacet
  facet normal 0 0 -1
    outer loop
      vertex 44.2284 16.589 5.72205e-07
      vertex 48.1585 10.4376 5.72205e-07
      vertex 48.1556 10.4374 5.72205e-07
    endloop
  endfacet
  facet normal 0 0 -1
    outer loop
      vertex 55.7 29 5.72205e-07
      vertex 48.1585 47.7624 5.72205e-07
      vertex 48.7 47.7198 5.72205e-07
    endloop
  endfacet
  facet normal 0 0 -1
    outer loop
      vertex 44.2284 16.589 5.72205e-07
      vertex 48.1556 10.4374 5.72205e-07
      vertex 48.1527 10.4367 5.72205e-07
    endloop
  endfacet
  facet normal 0 0 -1
    outer loop
      vertex 55.7 29 5.72205e-07
      vertex 48.1556 47.7626 5.72205e-07
      vertex 48.1585 47.7624 5.72205e-07
    endloop
  endfacet
  facet normal 0 0 -1
    outer loop
      vertex 44.2284 16.589 5.72205e-07
      vertex 48.1527 10.4367 5.72205e-07
      vertex 47.6246 10.3099 5.72205e-07
    endloop
  endfacet
  facet normal 0 0 -1
    outer loop
      vertex 55.7 29 5.72205e-07
      vertex 48.1527 47.7633 5.72205e-07
      vertex 48.1556 47.7626 5.72205e-07
    endloop
  endfacet
  facet normal 0 0 -1
    outer loop
      vertex 47.0173 23.9349 5.72205e-07
      vertex 50.0701 23.9349 5.72205e-07
      vertex 47.1396 23.7917 5.72205e-07
    endloop
  endfacet
  facet normal -0 0 -1
    outer loop
      vertex 49.7186 23.0864 5.72205e-07
      vertex 47.354 22.8987 5.72205e-07
      vertex 47.3688 23.0864 5.72205e-07
    endloop
  endfacet
  facet normal 0 0 -1
    outer loop
      vertex 49.7334 22.8987 5.72205e-07
      vertex 47.354 22.8987 5.72205e-07
      vertex 49.7186 23.0864 5.72205e-07
    endloop
  endfacet
  facet normal 0 -0 -1
    outer loop
      vertex 47.354 22.8987 5.72205e-07
      vertex 49.7334 22.8987 5.72205e-07
      vertex 47.3101 22.7156 5.72205e-07
    endloop
  endfacet
  facet normal 0 0 -1
    outer loop
      vertex 49.7773 22.7156 5.72205e-07
      vertex 47.3101 22.7156 5.72205e-07
      vertex 49.7334 22.8987 5.72205e-07
    endloop
  endfacet
  facet normal 0 0 -1
    outer loop
      vertex 44.2284 16.589 5.72205e-07
      vertex 47.6246 10.3099 5.72205e-07
      vertex 47.1227 10.102 5.72205e-07
    endloop
  endfacet
  facet normal 0 0 -1
    outer loop
      vertex 44.2284 16.589 5.72205e-07
      vertex 47.1227 10.102 5.72205e-07
      vertex 47.12 10.1009 5.72205e-07
    endloop
  endfacet
  facet normal 0 -0 -1
    outer loop
      vertex 47.3101 22.7156 5.72205e-07
      vertex 49.7773 22.7156 5.72205e-07
      vertex 47.238 22.5416 5.72205e-07
    endloop
  endfacet
  facet normal 0 0 -1
    outer loop
      vertex 49.8494 22.5416 5.72205e-07
      vertex 47.238 22.5416 5.72205e-07
      vertex 49.7773 22.7156 5.72205e-07
    endloop
  endfacet
  facet normal 0 -0 -1
    outer loop
      vertex 47.238 22.5416 5.72205e-07
      vertex 49.8494 22.5416 5.72205e-07
      vertex 47.1396 22.3811 5.72205e-07
    endloop
  endfacet
  facet normal 0 0 -1
    outer loop
      vertex 44.2284 16.589 5.72205e-07
      vertex 47.12 10.1009 5.72205e-07
      vertex 46.6569 9.81709 5.72205e-07
    endloop
  endfacet
  facet normal 0 0 -1
    outer loop
      vertex 44.2284 16.589 5.72205e-07
      vertex 46.6569 9.81709 5.72205e-07
      vertex 46.6544 9.81556 5.72205e-07
    endloop
  endfacet
  facet normal 0 -0 -1
    outer loop
      vertex 47.1396 22.3811 5.72205e-07
      vertex 49.9478 22.3811 5.72205e-07
      vertex 47.0173 22.2379 5.72205e-07
    endloop
  endfacet
  facet normal 0 0 -1
    outer loop
      vertex 46.7136 22.0172 5.72205e-07
      vertex 44.2284 16.589 5.72205e-07
      vertex 46.5396 21.9451 5.72205e-07
    endloop
  endfacet
  facet normal 0 0 -1
    outer loop
      vertex 44.2284 16.589 5.72205e-07
      vertex 46.6544 9.81556 5.72205e-07
      vertex 46.2413 9.46279 5.72205e-07
    endloop
  endfacet
  facet normal 0 0 -1
    outer loop
      vertex 44.2284 16.589 5.72205e-07
      vertex 46.2413 9.46279 5.72205e-07
      vertex 46.2391 9.46089 5.72205e-07
    endloop
  endfacet
  facet normal 0 0 -1
    outer loop
      vertex 44.2284 16.589 5.72205e-07
      vertex 46.2391 9.46089 5.72205e-07
      vertex 46.2372 9.45866 5.72205e-07
    endloop
  endfacet
  facet normal 0 0 -1
    outer loop
      vertex 46.5396 21.9451 5.72205e-07
      vertex 44.2284 16.589 5.72205e-07
      vertex 46.3565 21.9012 5.72205e-07
    endloop
  endfacet
  facet normal 0 0 -1
    outer loop
      vertex 46.3565 21.9012 5.72205e-07
      vertex 44.2284 16.589 5.72205e-07
      vertex 46.1688 21.8864 5.72205e-07
    endloop
  endfacet
  facet normal 0 0 -1
    outer loop
      vertex 44.2284 16.589 5.72205e-07
      vertex 46.2372 9.45866 5.72205e-07
      vertex 45.8844 9.04562 5.72205e-07
    endloop
  endfacet
  facet normal 0 0 -1
    outer loop
      vertex 44.2284 16.589 5.72205e-07
      vertex 45.8844 9.04562 5.72205e-07
      vertex 45.8829 9.04312 5.72205e-07
    endloop
  endfacet
  facet normal -0 0 -1
    outer loop
      vertex 46.1688 21.8864 5.72205e-07
      vertex 44.2284 16.589 5.72205e-07
      vertex 45.9811 21.9012 5.72205e-07
    endloop
  endfacet
  facet normal -0 0 -1
    outer loop
      vertex 45.9811 21.9012 5.72205e-07
      vertex 44.2284 16.589 5.72205e-07
      vertex 45.798 21.9451 5.72205e-07
    endloop
  endfacet
  facet normal 0 0 -1
    outer loop
      vertex 44.2284 16.589 5.72205e-07
      vertex 45.8829 9.04312 5.72205e-07
      vertex 45.5991 8.57999 5.72205e-07
    endloop
  endfacet
  facet normal 0 0 -1
    outer loop
      vertex 44.2284 16.589 5.72205e-07
      vertex 45.5991 8.57999 5.72205e-07
      vertex 45.598 8.57728 5.72205e-07
    endloop
  endfacet
  facet normal -0 0 -1
    outer loop
      vertex 45.798 21.9451 5.72205e-07
      vertex 44.2284 16.589 5.72205e-07
      vertex 45.624 22.0172 5.72205e-07
    endloop
  endfacet
  facet normal 0 0 -1
    outer loop
      vertex 44.2284 16.589 5.72205e-07
      vertex 45.598 8.57728 5.72205e-07
      vertex 45.3901 8.07545 5.72205e-07
    endloop
  endfacet
  facet normal -0 0 -1
    outer loop
      vertex 45.624 22.0172 5.72205e-07
      vertex 44.2284 16.589 5.72205e-07
      vertex 45.4635 22.1156 5.72205e-07
    endloop
  endfacet
  facet normal 0 0 -1
    outer loop
      vertex 29.1374 7.54443 5.72205e-07
      vertex 45.2626 7.54443 5.72205e-07
      vertex 29.1376 7.5415 5.72205e-07
    endloop
  endfacet
  facet normal 0 0 -1
    outer loop
      vertex 45.2624 7.5415 5.72205e-07
      vertex 29.1376 7.5415 5.72205e-07
      vertex 45.2626 7.54443 5.72205e-07
    endloop
  endfacet
  facet normal 0 0 -1
    outer loop
      vertex 29.1376 7.5415 5.72205e-07
      vertex 45.2624 7.5415 5.72205e-07
      vertex 29.1802 7 5.72205e-07
    endloop
  endfacet
  facet normal 0 0 -1
    outer loop
      vertex 29.1802 7 5.72205e-07
      vertex 45.2624 7.5415 5.72205e-07
      vertex 45.2198 7 5.72205e-07
    endloop
  endfacet
  facet normal -0 0 -1
    outer loop
      vertex 45.4635 22.1156 5.72205e-07
      vertex 44.2284 16.589 5.72205e-07
      vertex 45.3203 22.2379 5.72205e-07
    endloop
  endfacet
  facet normal 0 0 -1
    outer loop
      vertex 61.7 33 5.72205e-07
      vertex 55.7 33 5.72205e-07
      vertex 61.7 35 5.72205e-07
    endloop
  endfacet
  facet normal 0 0 -1
    outer loop
      vertex 78.3402 7.27168 5.72205e-07
      vertex 78.7 10 5.72205e-07
      vertex 78.7 7.3 5.72205e-07
    endloop
  endfacet
  facet normal 0 0 -1
    outer loop
      vertex 77.9178 9.93844 5.72205e-07
      vertex 78.3402 7.27168 5.72205e-07
      vertex 77.9893 7.18743 5.72205e-07
    endloop
  endfacet
  facet normal 0 0 -1
    outer loop
      vertex 78.3402 7.27168 5.72205e-07
      vertex 77.9178 9.93844 5.72205e-07
      vertex 78.7 10 5.72205e-07
    endloop
  endfacet
  facet normal 0 0 -1
    outer loop
      vertex 77.1549 9.75528 5.72205e-07
      vertex 77.9893 7.18743 5.72205e-07
      vertex 77.6558 7.04932 5.72205e-07
    endloop
  endfacet
  facet normal 0 0 -1
    outer loop
      vertex 76.0139 9.2 5.72205e-07
      vertex 77.6558 7.04932 5.72205e-07
      vertex 77.3481 6.86074 5.72205e-07
    endloop
  endfacet
  facet normal 0 0 -1
    outer loop
      vertex 77.9893 7.18743 5.72205e-07
      vertex 77.1549 9.75528 5.72205e-07
      vertex 77.9178 9.93844 5.72205e-07
    endloop
  endfacet
  facet normal 0 0 -1
    outer loop
      vertex 76.0139 9.2 5.72205e-07
      vertex 77.3481 6.86074 5.72205e-07
      vertex 77.0737 6.62635 5.72205e-07
    endloop
  endfacet
  facet normal 0 0 -1
    outer loop
      vertex 76.0139 9.2 5.72205e-07
      vertex 77.0737 6.62635 5.72205e-07
      vertex 76.8393 6.35191 5.72205e-07
    endloop
  endfacet
  facet normal 0 0 -1
    outer loop
      vertex 76.0139 9.2 5.72205e-07
      vertex 76.8393 6.35191 5.72205e-07
      vertex 76.6507 6.04418 5.72205e-07
    endloop
  endfacet
  facet normal 0 0 -1
    outer loop
      vertex 76.0139 9.2 5.72205e-07
      vertex 76.6507 6.04418 5.72205e-07
      vertex 76.5126 5.71074 5.72205e-07
    endloop
  endfacet
  facet normal 0 0 -1
    outer loop
      vertex 77.6558 7.04932 5.72205e-07
      vertex 76.43 9.45503 5.72205e-07
      vertex 77.1549 9.75528 5.72205e-07
    endloop
  endfacet
  facet normal 0 0 -1
    outer loop
      vertex 68.7 9.2 5.72205e-07
      vertex 76.5126 5.71074 5.72205e-07
      vertex 76.4283 5.3598 5.72205e-07
    endloop
  endfacet
  facet normal 0 0 -1
    outer loop
      vertex 68.7 9.2 5.72205e-07
      vertex 76.4283 5.3598 5.72205e-07
      vertex 76.4 5 5.72205e-07
    endloop
  endfacet
  facet normal 0 0 -1
    outer loop
      vertex 77.6558 7.04932 5.72205e-07
      vertex 76.0139 9.2 5.72205e-07
      vertex 76.43 9.45503 5.72205e-07
    endloop
  endfacet
  facet normal 0 0 -1
    outer loop
      vertex 80.7493 6.04418 5.72205e-07
      vertex 87.7 4 5.72205e-07
      vertex 80.8874 5.71074 5.72205e-07
    endloop
  endfacet
  facet normal 0 0 -1
    outer loop
      vertex 87.7 54 5.72205e-07
      vertex 80.9717 52.6402 5.72205e-07
      vertex 81 53 5.72205e-07
    endloop
  endfacet
  facet normal 0 0 -1
    outer loop
      vertex 80.5607 6.35191 5.72205e-07
      vertex 87.7 4 5.72205e-07
      vertex 80.7493 6.04418 5.72205e-07
    endloop
  endfacet
  facet normal 0 0 -1
    outer loop
      vertex 87.7 54 5.72205e-07
      vertex 80.8874 52.2893 5.72205e-07
      vertex 80.9717 52.6402 5.72205e-07
    endloop
  endfacet
  facet normal 0 0 -1
    outer loop
      vertex 87.7 4 5.72205e-07
      vertex 78.7 10 5.72205e-07
      vertex 87.7 54 5.72205e-07
    endloop
  endfacet
  facet normal 0 0 -1
    outer loop
      vertex 87.7 54 5.72205e-07
      vertex 80.7493 51.9558 5.72205e-07
      vertex 80.8874 52.2893 5.72205e-07
    endloop
  endfacet
  facet normal 0 0 -1
    outer loop
      vertex 80.3263 6.62635 5.72205e-07
      vertex 87.7 4 5.72205e-07
      vertex 80.5607 6.35191 5.72205e-07
    endloop
  endfacet
  facet normal 0 0 -1
    outer loop
      vertex 78.7 48 5.72205e-07
      vertex 87.7 54 5.72205e-07
      vertex 78.7 10 5.72205e-07
    endloop
  endfacet
  facet normal 0 0 -1
    outer loop
      vertex 87.7 4 5.72205e-07
      vertex 80.3263 6.62635 5.72205e-07
      vertex 78.7 10 5.72205e-07
    endloop
  endfacet
  facet normal 0 -0 -1
    outer loop
      vertex 80.3263 51.3737 5.72205e-07
      vertex 87.7 54 5.72205e-07
      vertex 78.7 48 5.72205e-07
    endloop
  endfacet
  facet normal 0 0 -1
    outer loop
      vertex 78.7 10 5.72205e-07
      vertex 80.3263 6.62635 5.72205e-07
      vertex 80.0519 6.86074 5.72205e-07
    endloop
  endfacet
  facet normal 0 0 -1
    outer loop
      vertex 87.7 54 5.72205e-07
      vertex 80.5607 51.6481 5.72205e-07
      vertex 80.7493 51.9558 5.72205e-07
    endloop
  endfacet
  facet normal 0 0 -1
    outer loop
      vertex 78.7 10 5.72205e-07
      vertex 80.0519 6.86074 5.72205e-07
      vertex 79.7442 7.04932 5.72205e-07
    endloop
  endfacet
  facet normal 0 0 -1
    outer loop
      vertex 87.7 54 5.72205e-07
      vertex 80.3263 51.3737 5.72205e-07
      vertex 80.5607 51.6481 5.72205e-07
    endloop
  endfacet
  facet normal 0 0 -1
    outer loop
      vertex 78.7 10 5.72205e-07
      vertex 79.7442 7.04932 5.72205e-07
      vertex 79.4107 7.18743 5.72205e-07
    endloop
  endfacet
  facet normal 0 0 -1
    outer loop
      vertex 80.3263 51.3737 5.72205e-07
      vertex 78.7 48 5.72205e-07
      vertex 80.0519 51.1393 5.72205e-07
    endloop
  endfacet
  facet normal 0 0 -1
    outer loop
      vertex 78.7 10 5.72205e-07
      vertex 79.4107 7.18743 5.72205e-07
      vertex 79.0598 7.27168 5.72205e-07
    endloop
  endfacet
  facet normal 0 0 -1
    outer loop
      vertex 80.0519 51.1393 5.72205e-07
      vertex 78.7 48 5.72205e-07
      vertex 79.7442 50.9507 5.72205e-07
    endloop
  endfacet
  facet normal 0 0 -1
    outer loop
      vertex 78.7 10 5.72205e-07
      vertex 79.0598 7.27168 5.72205e-07
      vertex 78.7 7.3 5.72205e-07
    endloop
  endfacet
  facet normal 0 0 -1
    outer loop
      vertex 79.7442 50.9507 5.72205e-07
      vertex 78.7 48 5.72205e-07
      vertex 79.4107 50.8126 5.72205e-07
    endloop
  endfacet
  facet normal 0 0 -1
    outer loop
      vertex 79.4107 50.8126 5.72205e-07
      vertex 78.7 48 5.72205e-07
      vertex 79.0598 50.7283 5.72205e-07
    endloop
  endfacet
  facet normal 0 0 -1
    outer loop
      vertex 78.7 48 5.72205e-07
      vertex 78.7 50.7 5.72205e-07
      vertex 79.0598 50.7283 5.72205e-07
    endloop
  endfacet
  facet normal 0 0 -1
    outer loop
      vertex 78.7 48 5.72205e-07
      vertex 78.3402 50.7283 5.72205e-07
      vertex 78.7 50.7 5.72205e-07
    endloop
  endfacet
  facet normal 0 0 -1
    outer loop
      vertex 77.9178 48.0616 5.72205e-07
      vertex 78.3402 50.7283 5.72205e-07
      vertex 78.7 48 5.72205e-07
    endloop
  endfacet
  facet normal 0 0 -1
    outer loop
      vertex 77.3412 48.2 5.72205e-07
      vertex 78.3402 50.7283 5.72205e-07
      vertex 77.9178 48.0616 5.72205e-07
    endloop
  endfacet
  facet normal -0 0 -1
    outer loop
      vertex 78.3402 50.7283 5.72205e-07
      vertex 77.3412 48.2 5.72205e-07
      vertex 77.9893 50.8126 5.72205e-07
    endloop
  endfacet
  facet normal -0 0 -1
    outer loop
      vertex 77.9893 50.8126 5.72205e-07
      vertex 77.3412 48.2 5.72205e-07
      vertex 77.6558 50.9507 5.72205e-07
    endloop
  endfacet
  facet normal -0 0 -1
    outer loop
      vertex 77.6558 50.9507 5.72205e-07
      vertex 77.3412 48.2 5.72205e-07
      vertex 77.3481 51.1393 5.72205e-07
    endloop
  endfacet
  facet normal 0 0 -1
    outer loop
      vertex 77.3412 48.2 5.72205e-07
      vertex 77.0737 51.3737 5.72205e-07
      vertex 77.3481 51.1393 5.72205e-07
    endloop
  endfacet
  facet normal 0 0 -1
    outer loop
      vertex 77.3412 48.2 5.72205e-07
      vertex 76.8393 51.6481 5.72205e-07
      vertex 77.0737 51.3737 5.72205e-07
    endloop
  endfacet
  facet normal 0 0 -1
    outer loop
      vertex 68.7 48.2 5.72205e-07
      vertex 76.8393 51.6481 5.72205e-07
      vertex 77.3412 48.2 5.72205e-07
    endloop
  endfacet
  facet normal -0 0 -1
    outer loop
      vertex 76.8393 51.6481 5.72205e-07
      vertex 68.7 48.2 5.72205e-07
      vertex 76.6507 51.9558 5.72205e-07
    endloop
  endfacet
  facet normal -0 0 -1
    outer loop
      vertex 76.6507 51.9558 5.72205e-07
      vertex 68.7 48.2 5.72205e-07
      vertex 76.5126 52.2893 5.72205e-07
    endloop
  endfacet
  facet normal -0 0 -1
    outer loop
      vertex 76.4283 52.6402 5.72205e-07
      vertex 68.7 48.2 5.72205e-07
      vertex 76.4 53 5.72205e-07
    endloop
  endfacet
  facet normal -0 0 -1
    outer loop
      vertex 76.5126 52.2893 5.72205e-07
      vertex 68.7 48.2 5.72205e-07
      vertex 76.4283 52.6402 5.72205e-07
    endloop
  endfacet
  facet normal 0 0 -1
    outer loop
      vertex 80.9717 4.6402 5.72205e-07
      vertex 87.7 4 5.72205e-07
      vertex 87.6507 3.37427 5.72205e-07
    endloop
  endfacet
  facet normal 0 0 -1
    outer loop
      vertex 80.9717 5.3598 5.72205e-07
      vertex 87.7 4 5.72205e-07
      vertex 81 5 5.72205e-07
    endloop
  endfacet
  facet normal 0 0 -1
    outer loop
      vertex 80.9717 4.6402 5.72205e-07
      vertex 87.6507 3.37427 5.72205e-07
      vertex 87.5042 2.76395 5.72205e-07
    endloop
  endfacet
  facet normal 0 0 -1
    outer loop
      vertex 80.8874 5.71074 5.72205e-07
      vertex 87.7 4 5.72205e-07
      vertex 80.9717 5.3598 5.72205e-07
    endloop
  endfacet
  facet normal 0 0 -1
    outer loop
      vertex 80.9717 4.6402 5.72205e-07
      vertex 87.5042 2.76395 5.72205e-07
      vertex 87.264 2.18405 5.72205e-07
    endloop
  endfacet
  facet normal 0 0 -1
    outer loop
      vertex 80.9717 53.3598 5.72205e-07
      vertex 87.7 54 5.72205e-07
      vertex 81 53 5.72205e-07
    endloop
  endfacet
  facet normal 0 0 -1
    outer loop
      vertex 80.9717 4.6402 5.72205e-07
      vertex 87.264 2.18405 5.72205e-07
      vertex 86.9361 1.64886 5.72205e-07
    endloop
  endfacet
  facet normal -0 0 -1
    outer loop
      vertex 87.7 54 5.72205e-07
      vertex 80.9717 53.3598 5.72205e-07
      vertex 87.6507 54.6257 5.72205e-07
    endloop
  endfacet
  facet normal 0 0 -1
    outer loop
      vertex 80.8874 4.28926 5.72205e-07
      vertex 86.9361 1.64886 5.72205e-07
      vertex 86.5284 1.17159 5.72205e-07
    endloop
  endfacet
  facet normal -0 0 -1
    outer loop
      vertex 87.6507 54.6257 5.72205e-07
      vertex 80.9717 53.3598 5.72205e-07
      vertex 87.5042 55.2361 5.72205e-07
    endloop
  endfacet
  facet normal 0 0 -1
    outer loop
      vertex 80.8874 4.28926 5.72205e-07
      vertex 86.5284 1.17159 5.72205e-07
      vertex 86.0511 0.763947 5.72205e-07
    endloop
  endfacet
  facet normal -0 0 -1
    outer loop
      vertex 87.5042 55.2361 5.72205e-07
      vertex 80.9717 53.3598 5.72205e-07
      vertex 87.264 55.8159 5.72205e-07
    endloop
  endfacet
  facet normal 0 0 -1
    outer loop
      vertex 80.8874 4.28926 5.72205e-07
      vertex 86.0511 0.763947 5.72205e-07
      vertex 85.5159 0.435974 5.72205e-07
    endloop
  endfacet
  facet normal -0 0 -1
    outer loop
      vertex 87.264 55.8159 5.72205e-07
      vertex 80.9717 53.3598 5.72205e-07
      vertex 86.9361 56.3511 5.72205e-07
    endloop
  endfacet
  facet normal 0 0 -1
    outer loop
      vertex 80.8874 4.28926 5.72205e-07
      vertex 85.5159 0.435974 5.72205e-07
      vertex 84.9361 0.195786 5.72205e-07
    endloop
  endfacet
  facet normal 0 0 -1
    outer loop
      vertex 80.8874 53.7107 5.72205e-07
      vertex 86.9361 56.3511 5.72205e-07
      vertex 80.9717 53.3598 5.72205e-07
    endloop
  endfacet
  facet normal 0 0 -1
    outer loop
      vertex 80.8874 4.28926 5.72205e-07
      vertex 84.9361 0.195786 5.72205e-07
      vertex 84.3257 0.0492554 5.72205e-07
    endloop
  endfacet
  facet normal -0 0 -1
    outer loop
      vertex 86.9361 56.3511 5.72205e-07
      vertex 80.8874 53.7107 5.72205e-07
      vertex 86.5284 56.8284 5.72205e-07
    endloop
  endfacet
  facet normal 0 0 -1
    outer loop
      vertex 80.8874 4.28926 5.72205e-07
      vertex 84.3257 0.0492554 5.72205e-07
      vertex 83.7 -5.0333e-15 5.72205e-07
    endloop
  endfacet
  facet normal -0 0 -1
    outer loop
      vertex 86.5284 56.8284 5.72205e-07
      vertex 80.8874 53.7107 5.72205e-07
      vertex 86.0511 57.2361 5.72205e-07
    endloop
  endfacet
  facet normal -0 0 -1
    outer loop
      vertex 86.0511 57.2361 5.72205e-07
      vertex 80.8874 53.7107 5.72205e-07
      vertex 85.5159 57.564 5.72205e-07
    endloop
  endfacet
  facet normal 0 0 -1
    outer loop
      vertex 87.7 4 5.72205e-07
      vertex 80.9717 4.6402 5.72205e-07
      vertex 81 5 5.72205e-07
    endloop
  endfacet
  facet normal 0 0 -1
    outer loop
      vertex 86.9361 1.64886 5.72205e-07
      vertex 80.8874 4.28926 5.72205e-07
      vertex 80.9717 4.6402 5.72205e-07
    endloop
  endfacet
  facet normal 0 0 -1
    outer loop
      vertex 83.7 -5.0333e-15 5.72205e-07
      vertex 80.7493 3.95582 5.72205e-07
      vertex 80.8874 4.28926 5.72205e-07
    endloop
  endfacet
  facet normal 0 0 -1
    outer loop
      vertex 83.7 -5.0333e-15 5.72205e-07
      vertex 80.5607 3.64809 5.72205e-07
      vertex 80.7493 3.95582 5.72205e-07
    endloop
  endfacet
  facet normal 0 0 -1
    outer loop
      vertex 83.7 -5.0333e-15 5.72205e-07
      vertex 80.3263 3.37366 5.72205e-07
      vertex 80.5607 3.64809 5.72205e-07
    endloop
  endfacet
  facet normal 0 0 -1
    outer loop
      vertex 83.7 -5.0333e-15 5.72205e-07
      vertex 80.0519 3.13926 5.72205e-07
      vertex 80.3263 3.37366 5.72205e-07
    endloop
  endfacet
  facet normal 0 0 -1
    outer loop
      vertex 83.7 -5.0333e-15 5.72205e-07
      vertex 79.7442 2.95069 5.72205e-07
      vertex 80.0519 3.13926 5.72205e-07
    endloop
  endfacet
  facet normal 0 0 -1
    outer loop
      vertex 83.7 -5.0333e-15 5.72205e-07
      vertex 79.4107 2.81257 5.72205e-07
      vertex 79.7442 2.95069 5.72205e-07
    endloop
  endfacet
  facet normal 0 0 -1
    outer loop
      vertex 83.7 -5.0333e-15 5.72205e-07
      vertex 79.0598 2.72832 5.72205e-07
      vertex 79.4107 2.81257 5.72205e-07
    endloop
  endfacet
  facet normal 0 0 -1
    outer loop
      vertex 83.7 -5.0333e-15 5.72205e-07
      vertex 78.7 2.7 5.72205e-07
      vertex 79.0598 2.72832 5.72205e-07
    endloop
  endfacet
  facet normal 0 0 -1
    outer loop
      vertex 83.7 -5.0333e-15 5.72205e-07
      vertex 78.3402 2.72832 5.72205e-07
      vertex 78.7 2.7 5.72205e-07
    endloop
  endfacet
  facet normal 0 0 -1
    outer loop
      vertex 83.7 -5.0333e-15 5.72205e-07
      vertex 77.9893 2.81257 5.72205e-07
      vertex 78.3402 2.72832 5.72205e-07
    endloop
  endfacet
  facet normal 0 0 -1
    outer loop
      vertex 49.7754 3.69012 5.72205e-07
      vertex 77.9893 2.81257 5.72205e-07
      vertex 83.7 -5.0333e-15 5.72205e-07
    endloop
  endfacet
  facet normal 0 0 -1
    outer loop
      vertex 68.7 9.2 5.72205e-07
      vertex 76.4 5 5.72205e-07
      vertex 76.4283 4.6402 5.72205e-07
    endloop
  endfacet
  facet normal 0 0 -1
    outer loop
      vertex 76.5126 5.71074 5.72205e-07
      vertex 68.7 9.2 5.72205e-07
      vertex 76.0139 9.2 5.72205e-07
    endloop
  endfacet
  facet normal 0 0 -1
    outer loop
      vertex 76.5126 4.28926 5.72205e-07
      vertex 68.7 9.2 5.72205e-07
      vertex 76.4283 4.6402 5.72205e-07
    endloop
  endfacet
  facet normal 0 0 -1
    outer loop
      vertex 76.6507 3.95582 5.72205e-07
      vertex 68.7 9.2 5.72205e-07
      vertex 76.5126 4.28926 5.72205e-07
    endloop
  endfacet
  facet normal 0 0 -1
    outer loop
      vertex 76.8393 3.64809 5.72205e-07
      vertex 68.7 9.2 5.72205e-07
      vertex 76.6507 3.95582 5.72205e-07
    endloop
  endfacet
  facet normal 0 0 -1
    outer loop
      vertex 51.1609 4.53911 5.72205e-07
      vertex 76.8393 3.64809 5.72205e-07
      vertex 77.0737 3.37366 5.72205e-07
    endloop
  endfacet
  facet normal 0 0 -1
    outer loop
      vertex 50.7456 4.18444 5.72205e-07
      vertex 77.0737 3.37366 5.72205e-07
      vertex 77.3481 3.13926 5.72205e-07
    endloop
  endfacet
  facet normal 0 0 -1
    outer loop
      vertex 68.7 9.2 5.72205e-07
      vertex 66.7 31 5.72205e-07
      vertex 68.7 48.2 5.72205e-07
    endloop
  endfacet
  facet normal 0 0 -1
    outer loop
      vertex 68.7 9.2 5.72205e-07
      vertex 61.7 27 5.72205e-07
      vertex 66.7 31 5.72205e-07
    endloop
  endfacet
  facet normal 0 0 -1
    outer loop
      vertex 61.7 27 5.72205e-07
      vertex 55.7 29 5.72205e-07
      vertex 61.7 29 5.72205e-07
    endloop
  endfacet
  facet normal 0 0 -1
    outer loop
      vertex 52.1376 7.5415 5.72205e-07
      vertex 68.7 9.2 5.72205e-07
      vertex 52.1802 7 5.72205e-07
    endloop
  endfacet
  facet normal 0 0 -1
    outer loop
      vertex 52.1367 7.54728 5.72205e-07
      vertex 68.7 9.2 5.72205e-07
      vertex 52.1374 7.54443 5.72205e-07
    endloop
  endfacet
  facet normal 0 0 -1
    outer loop
      vertex 52.1374 7.54443 5.72205e-07
      vertex 68.7 9.2 5.72205e-07
      vertex 52.1376 7.5415 5.72205e-07
    endloop
  endfacet
  facet normal 0 0 -1
    outer loop
      vertex 76.8393 3.64809 5.72205e-07
      vertex 51.1609 4.53911 5.72205e-07
      vertex 68.7 9.2 5.72205e-07
    endloop
  endfacet
  facet normal 0 0 -1
    outer loop
      vertex 50.28 3.8991 5.72205e-07
      vertex 77.3481 3.13926 5.72205e-07
      vertex 77.6558 2.95069 5.72205e-07
    endloop
  endfacet
  facet normal 0 0 -1
    outer loop
      vertex 77.9893 2.81257 5.72205e-07
      vertex 49.7754 3.69012 5.72205e-07
      vertex 77.6558 2.95069 5.72205e-07
    endloop
  endfacet
  facet normal 0 0 -1
    outer loop
      vertex 68.7 9.2 5.72205e-07
      vertex 52.1376 6.4585 5.72205e-07
      vertex 52.1802 7 5.72205e-07
    endloop
  endfacet
  facet normal 0 0 -1
    outer loop
      vertex 68.7 9.2 5.72205e-07
      vertex 52.1374 6.45557 5.72205e-07
      vertex 52.1376 6.4585 5.72205e-07
    endloop
  endfacet
  facet normal 0 0 -1
    outer loop
      vertex 68.7 9.2 5.72205e-07
      vertex 52.1367 6.45272 5.72205e-07
      vertex 52.1374 6.45557 5.72205e-07
    endloop
  endfacet
  facet normal 0 0 -1
    outer loop
      vertex 68.7 9.2 5.72205e-07
      vertex 52.0099 5.92455 5.72205e-07
      vertex 52.1367 6.45272 5.72205e-07
    endloop
  endfacet
  facet normal 0 0 -1
    outer loop
      vertex 68.7 9.2 5.72205e-07
      vertex 51.802 5.42272 5.72205e-07
      vertex 52.0099 5.92455 5.72205e-07
    endloop
  endfacet
  facet normal 0 0 -1
    outer loop
      vertex 68.7 9.2 5.72205e-07
      vertex 51.8009 5.42001 5.72205e-07
      vertex 51.802 5.42272 5.72205e-07
    endloop
  endfacet
  facet normal 0 0 -1
    outer loop
      vertex 68.7 9.2 5.72205e-07
      vertex 51.5171 4.95688 5.72205e-07
      vertex 51.8009 5.42001 5.72205e-07
    endloop
  endfacet
  facet normal 0 0 -1
    outer loop
      vertex 68.7 9.2 5.72205e-07
      vertex 51.5156 4.95438 5.72205e-07
      vertex 51.5171 4.95688 5.72205e-07
    endloop
  endfacet
  facet normal 0 0 -1
    outer loop
      vertex 68.7 9.2 5.72205e-07
      vertex 51.1628 4.54134 5.72205e-07
      vertex 51.5156 4.95438 5.72205e-07
    endloop
  endfacet
  facet normal 0 0 -1
    outer loop
      vertex 68.7 9.2 5.72205e-07
      vertex 51.1609 4.53911 5.72205e-07
      vertex 51.1628 4.54134 5.72205e-07
    endloop
  endfacet
  facet normal 0 0 -1
    outer loop
      vertex 77.0737 3.37366 5.72205e-07
      vertex 51.1587 4.53721 5.72205e-07
      vertex 51.1609 4.53911 5.72205e-07
    endloop
  endfacet
  facet normal 0 0 -1
    outer loop
      vertex 77.0737 3.37366 5.72205e-07
      vertex 50.7456 4.18444 5.72205e-07
      vertex 51.1587 4.53721 5.72205e-07
    endloop
  endfacet
  facet normal 0 0 -1
    outer loop
      vertex 77.3481 3.13926 5.72205e-07
      vertex 50.7431 4.18291 5.72205e-07
      vertex 50.7456 4.18444 5.72205e-07
    endloop
  endfacet
  facet normal 0 0 -1
    outer loop
      vertex 77.3481 3.13926 5.72205e-07
      vertex 50.28 3.8991 5.72205e-07
      vertex 50.7431 4.18291 5.72205e-07
    endloop
  endfacet
  facet normal 0 0 -1
    outer loop
      vertex 77.6558 2.95069 5.72205e-07
      vertex 50.2773 3.89798 5.72205e-07
      vertex 50.28 3.8991 5.72205e-07
    endloop
  endfacet
  facet normal 0 0 -1
    outer loop
      vertex 77.6558 2.95069 5.72205e-07
      vertex 49.7754 3.69012 5.72205e-07
      vertex 50.2773 3.89798 5.72205e-07
    endloop
  endfacet
  facet normal 0 0 -1
    outer loop
      vertex 83.7 -5.0333e-15 5.72205e-07
      vertex 49.2473 3.56331 5.72205e-07
      vertex 49.7754 3.69012 5.72205e-07
    endloop
  endfacet
  facet normal 0 0 -1
    outer loop
      vertex 83.7 -5.0333e-15 5.72205e-07
      vertex 49.2444 3.56263 5.72205e-07
      vertex 49.2473 3.56331 5.72205e-07
    endloop
  endfacet
  facet normal 0 0 -1
    outer loop
      vertex 83.7 -5.0333e-15 5.72205e-07
      vertex 49.2415 3.5624 5.72205e-07
      vertex 49.2444 3.56263 5.72205e-07
    endloop
  endfacet
  facet normal 0 0 -1
    outer loop
      vertex 83.7 -5.0333e-15 5.72205e-07
      vertex 48.7 3.51978 5.72205e-07
      vertex 49.2415 3.5624 5.72205e-07
    endloop
  endfacet
  facet normal 0 0 -1
    outer loop
      vertex 3.99999 -5.0333e-15 5.72205e-07
      vertex 48.7 3.51978 5.72205e-07
      vertex 83.7 -5.0333e-15 5.72205e-07
    endloop
  endfacet
  facet normal -0 0 -1
    outer loop
      vertex 48.7 3.51978 5.72205e-07
      vertex 3.99999 -5.0333e-15 5.72205e-07
      vertex 48.1585 3.5624 5.72205e-07
    endloop
  endfacet
  facet normal 0 0 -1
    outer loop
      vertex 48.1556 3.56263 5.72205e-07
      vertex 47.6246 3.69012 5.72205e-07
      vertex 48.1527 3.56331 5.72205e-07
    endloop
  endfacet
  facet normal 0 0 -1
    outer loop
      vertex 27.2773 3.89798 5.72205e-07
      vertex 47.1227 3.89798 5.72205e-07
      vertex 47.6246 3.69012 5.72205e-07
    endloop
  endfacet
  facet normal 0 0 -1
    outer loop
      vertex 27.7431 4.18291 5.72205e-07
      vertex 46.6569 4.18291 5.72205e-07
      vertex 47.12 3.8991 5.72205e-07
    endloop
  endfacet
  facet normal 0 0 -1
    outer loop
      vertex 28.1587 4.53721 5.72205e-07
      vertex 46.2413 4.53721 5.72205e-07
      vertex 46.6544 4.18444 5.72205e-07
    endloop
  endfacet
  facet normal 0 0 -1
    outer loop
      vertex 28.1628 4.54134 5.72205e-07
      vertex 46.2372 4.54134 5.72205e-07
      vertex 46.2391 4.53911 5.72205e-07
    endloop
  endfacet
  facet normal 0 0 -1
    outer loop
      vertex 28.802 5.42272 5.72205e-07
      vertex 45.598 5.42272 5.72205e-07
      vertex 45.5991 5.42001 5.72205e-07
    endloop
  endfacet
  facet normal 0 0 -1
    outer loop
      vertex 29.1367 6.45272 5.72205e-07
      vertex 45.2633 6.45272 5.72205e-07
      vertex 45.3901 5.92455 5.72205e-07
    endloop
  endfacet
  facet normal 0 0 -1
    outer loop
      vertex 29.1376 6.4585 5.72205e-07
      vertex 45.2624 6.4585 5.72205e-07
      vertex 45.2626 6.45557 5.72205e-07
    endloop
  endfacet
  facet normal -0 0 -1
    outer loop
      vertex 45.3203 22.2379 5.72205e-07
      vertex 44.2284 16.589 5.72205e-07
      vertex 45.198 22.3811 5.72205e-07
    endloop
  endfacet
  facet normal -0 0 -1
    outer loop
      vertex 45.198 22.3811 5.72205e-07
      vertex 44.2284 16.589 5.72205e-07
      vertex 45.0996 22.5416 5.72205e-07
    endloop
  endfacet
  facet normal -0 0 -1
    outer loop
      vertex 45.0996 22.5416 5.72205e-07
      vertex 44.2284 16.589 5.72205e-07
      vertex 45.0275 22.7156 5.72205e-07
    endloop
  endfacet
  facet normal -0 0 -1
    outer loop
      vertex 45.0275 22.7156 5.72205e-07
      vertex 44.2284 16.589 5.72205e-07
      vertex 44.9836 22.8987 5.72205e-07
    endloop
  endfacet
  facet normal -0 0 -1
    outer loop
      vertex 44.9836 22.8987 5.72205e-07
      vertex 44.2284 16.589 5.72205e-07
      vertex 44.9688 23.0864 5.72205e-07
    endloop
  endfacet
  facet normal 0 0 -1
    outer loop
      vertex 45.2624 6.4585 5.72205e-07
      vertex 29.1802 7 5.72205e-07
      vertex 45.2198 7 5.72205e-07
    endloop
  endfacet
  facet normal 0 0 -1
    outer loop
      vertex 45.2626 7.54443 5.72205e-07
      vertex 29.1374 7.54443 5.72205e-07
      vertex 45.2633 7.54728 5.72205e-07
    endloop
  endfacet
  facet normal 0 0 -1
    outer loop
      vertex 45.2633 6.45272 5.72205e-07
      vertex 29.1367 6.45272 5.72205e-07
      vertex 45.2626 6.45557 5.72205e-07
    endloop
  endfacet
  facet normal 0 0 -1
    outer loop
      vertex 45.598 5.42272 5.72205e-07
      vertex 29.0099 5.92455 5.72205e-07
      vertex 45.3901 5.92455 5.72205e-07
    endloop
  endfacet
  facet normal 0 0 -1
    outer loop
      vertex 28.8009 5.42001 5.72205e-07
      vertex 45.5991 5.42001 5.72205e-07
      vertex 45.8829 4.95688 5.72205e-07
    endloop
  endfacet
  facet normal 0 0 -1
    outer loop
      vertex 28.5171 4.95688 5.72205e-07
      vertex 45.8829 4.95688 5.72205e-07
      vertex 45.8844 4.95438 5.72205e-07
    endloop
  endfacet
  facet normal 0 0 -1
    outer loop
      vertex 46.2372 4.54134 5.72205e-07
      vertex 28.5156 4.95438 5.72205e-07
      vertex 45.8844 4.95438 5.72205e-07
    endloop
  endfacet
  facet normal 0 0 -1
    outer loop
      vertex 46.2413 4.53721 5.72205e-07
      vertex 28.1587 4.53721 5.72205e-07
      vertex 46.2391 4.53911 5.72205e-07
    endloop
  endfacet
  facet normal 0 0 -1
    outer loop
      vertex 46.6569 4.18291 5.72205e-07
      vertex 27.7431 4.18291 5.72205e-07
      vertex 46.6544 4.18444 5.72205e-07
    endloop
  endfacet
  facet normal 0 0 -1
    outer loop
      vertex 47.1227 3.89798 5.72205e-07
      vertex 27.2773 3.89798 5.72205e-07
      vertex 47.12 3.8991 5.72205e-07
    endloop
  endfacet
  facet normal 0 0 -1
    outer loop
      vertex 26.7754 3.69012 5.72205e-07
      vertex 47.6246 3.69012 5.72205e-07
      vertex 48.1556 3.56263 5.72205e-07
    endloop
  endfacet
  facet normal 0 0 -1
    outer loop
      vertex 45.2624 6.4585 5.72205e-07
      vertex 29.1376 6.4585 5.72205e-07
      vertex 29.1802 7 5.72205e-07
    endloop
  endfacet
  facet normal 0 0 -1
    outer loop
      vertex 45.2626 6.45557 5.72205e-07
      vertex 29.1374 6.45557 5.72205e-07
      vertex 29.1376 6.4585 5.72205e-07
    endloop
  endfacet
  facet normal -0 0 -1
    outer loop
      vertex 45.2626 6.45557 5.72205e-07
      vertex 29.1367 6.45272 5.72205e-07
      vertex 29.1374 6.45557 5.72205e-07
    endloop
  endfacet
  facet normal 0 0 -1
    outer loop
      vertex 45.3901 5.92455 5.72205e-07
      vertex 29.0099 5.92455 5.72205e-07
      vertex 29.1367 6.45272 5.72205e-07
    endloop
  endfacet
  facet normal 0 0 -1
    outer loop
      vertex 45.598 5.42272 5.72205e-07
      vertex 28.802 5.42272 5.72205e-07
      vertex 29.0099 5.92455 5.72205e-07
    endloop
  endfacet
  facet normal -0 0 -1
    outer loop
      vertex 48.1585 3.5624 5.72205e-07
      vertex 3.99999 -5.0333e-15 5.72205e-07
      vertex 48.1556 3.56263 5.72205e-07
    endloop
  endfacet
  facet normal 0 0 -1
    outer loop
      vertex 45.5991 5.42001 5.72205e-07
      vertex 28.8009 5.42001 5.72205e-07
      vertex 28.802 5.42272 5.72205e-07
    endloop
  endfacet
  facet normal 0 0 -1
    outer loop
      vertex 45.8829 4.95688 5.72205e-07
      vertex 28.5171 4.95688 5.72205e-07
      vertex 28.8009 5.42001 5.72205e-07
    endloop
  endfacet
  facet normal 0 0 -1
    outer loop
      vertex 45.8844 4.95438 5.72205e-07
      vertex 28.5156 4.95438 5.72205e-07
      vertex 28.5171 4.95688 5.72205e-07
    endloop
  endfacet
  facet normal 0 0 -1
    outer loop
      vertex 46.2372 4.54134 5.72205e-07
      vertex 28.1628 4.54134 5.72205e-07
      vertex 28.5156 4.95438 5.72205e-07
    endloop
  endfacet
  facet normal 0 0 -1
    outer loop
      vertex 46.2391 4.53911 5.72205e-07
      vertex 28.1609 4.53911 5.72205e-07
      vertex 28.1628 4.54134 5.72205e-07
    endloop
  endfacet
  facet normal -0 0 -1
    outer loop
      vertex 46.2391 4.53911 5.72205e-07
      vertex 28.1587 4.53721 5.72205e-07
      vertex 28.1609 4.53911 5.72205e-07
    endloop
  endfacet
  facet normal 0 0 -1
    outer loop
      vertex 46.6544 4.18444 5.72205e-07
      vertex 27.7456 4.18444 5.72205e-07
      vertex 28.1587 4.53721 5.72205e-07
    endloop
  endfacet
  facet normal -0 0 -1
    outer loop
      vertex 46.6544 4.18444 5.72205e-07
      vertex 27.7431 4.18291 5.72205e-07
      vertex 27.7456 4.18444 5.72205e-07
    endloop
  endfacet
  facet normal 0 0 -1
    outer loop
      vertex 47.12 3.8991 5.72205e-07
      vertex 27.28 3.8991 5.72205e-07
      vertex 27.7431 4.18291 5.72205e-07
    endloop
  endfacet
  facet normal -0 0 -1
    outer loop
      vertex 47.12 3.8991 5.72205e-07
      vertex 27.2773 3.89798 5.72205e-07
      vertex 27.28 3.8991 5.72205e-07
    endloop
  endfacet
  facet normal 0 0 -1
    outer loop
      vertex 47.6246 3.69012 5.72205e-07
      vertex 26.7754 3.69012 5.72205e-07
      vertex 27.2773 3.89798 5.72205e-07
    endloop
  endfacet
  facet normal 0 0 -1
    outer loop
      vertex 48.1556 3.56263 5.72205e-07
      vertex 26.2473 3.56331 5.72205e-07
      vertex 26.7754 3.69012 5.72205e-07
    endloop
  endfacet
  facet normal 0 0 -1
    outer loop
      vertex 48.1556 3.56263 5.72205e-07
      vertex 26.2444 3.56263 5.72205e-07
      vertex 26.2473 3.56331 5.72205e-07
    endloop
  endfacet
  facet normal -0 0 -1
    outer loop
      vertex 48.1556 3.56263 5.72205e-07
      vertex 3.99999 -5.0333e-15 5.72205e-07
      vertex 26.2444 3.56263 5.72205e-07
    endloop
  endfacet
  facet normal 0 0 -1
    outer loop
      vertex 26.2444 3.56263 5.72205e-07
      vertex 3.99999 -5.0333e-15 5.72205e-07
      vertex 26.2415 3.5624 5.72205e-07
    endloop
  endfacet
  facet normal 0 0 -1
    outer loop
      vertex 3.99999 -5.0333e-15 5.72205e-07
      vertex 24.1227 3.89798 5.72205e-07
      vertex 24.6246 3.69012 5.72205e-07
    endloop
  endfacet
  facet normal 0 0 -1
    outer loop
      vertex 3.99999 -5.0333e-15 5.72205e-07
      vertex 23.2413 4.53721 5.72205e-07
      vertex 23.6544 4.18444 5.72205e-07
    endloop
  endfacet
  facet normal 0 0 -1
    outer loop
      vertex 3.99999 -5.0333e-15 5.72205e-07
      vertex 23.2372 4.54134 5.72205e-07
      vertex 23.2391 4.53911 5.72205e-07
    endloop
  endfacet
  facet normal 0 0 -1
    outer loop
      vertex 3.99999 -5.0333e-15 5.72205e-07
      vertex 22.8829 4.95688 5.72205e-07
      vertex 22.8844 4.95438 5.72205e-07
    endloop
  endfacet
  facet normal 0 0 -1
    outer loop
      vertex 3.99999 -5.0333e-15 5.72205e-07
      vertex 22.598 5.42272 5.72205e-07
      vertex 22.5991 5.42001 5.72205e-07
    endloop
  endfacet
  facet normal 0 0 -1
    outer loop
      vertex 3.99999 -5.0333e-15 5.72205e-07
      vertex 22.2198 7 5.72205e-07
      vertex 22.2624 6.4585 5.72205e-07
    endloop
  endfacet
  facet normal 0 0 -1
    outer loop
      vertex 3.99999 -5.0333e-15 5.72205e-07
      vertex 22.2624 6.4585 5.72205e-07
      vertex 22.2626 6.45557 5.72205e-07
    endloop
  endfacet
  facet normal 0 0 -1
    outer loop
      vertex 3.99999 -5.0333e-15 5.72205e-07
      vertex 22.2626 6.45557 5.72205e-07
      vertex 22.2633 6.45272 5.72205e-07
    endloop
  endfacet
  facet normal 0 0 -1
    outer loop
      vertex 3.99999 -5.0333e-15 5.72205e-07
      vertex 22.2633 6.45272 5.72205e-07
      vertex 22.3901 5.92455 5.72205e-07
    endloop
  endfacet
  facet normal -0 0 -1
    outer loop
      vertex 22.598 5.42272 5.72205e-07
      vertex 3.99999 -5.0333e-15 5.72205e-07
      vertex 22.3901 5.92455 5.72205e-07
    endloop
  endfacet
  facet normal -0 0 -1
    outer loop
      vertex 22.8829 4.95688 5.72205e-07
      vertex 3.99999 -5.0333e-15 5.72205e-07
      vertex 22.5991 5.42001 5.72205e-07
    endloop
  endfacet
  facet normal -0 0 -1
    outer loop
      vertex 23.2372 4.54134 5.72205e-07
      vertex 3.99999 -5.0333e-15 5.72205e-07
      vertex 22.8844 4.95438 5.72205e-07
    endloop
  endfacet
  facet normal 0 0 -1
    outer loop
      vertex 3.05176e-06 4 5.72205e-07
      vertex 11.2284 16.589 5.72205e-07
      vertex 3.99999 -5.0333e-15 5.72205e-07
    endloop
  endfacet
  facet normal -0 0 -1
    outer loop
      vertex 22.2198 7 5.72205e-07
      vertex 3.99999 -5.0333e-15 5.72205e-07
      vertex 11.2284 16.589 5.72205e-07
    endloop
  endfacet
  facet normal -0 0 -1
    outer loop
      vertex 23.2413 4.53721 5.72205e-07
      vertex 3.99999 -5.0333e-15 5.72205e-07
      vertex 23.2391 4.53911 5.72205e-07
    endloop
  endfacet
  facet normal -0 0 -1
    outer loop
      vertex 23.6569 4.18291 5.72205e-07
      vertex 3.99999 -5.0333e-15 5.72205e-07
      vertex 23.6544 4.18444 5.72205e-07
    endloop
  endfacet
  facet normal -0 0 -1
    outer loop
      vertex 24.12 3.8991 5.72205e-07
      vertex 3.99999 -5.0333e-15 5.72205e-07
      vertex 23.6569 4.18291 5.72205e-07
    endloop
  endfacet
  facet normal -0 0 -1
    outer loop
      vertex 24.1227 3.89798 5.72205e-07
      vertex 3.99999 -5.0333e-15 5.72205e-07
      vertex 24.12 3.8991 5.72205e-07
    endloop
  endfacet
  facet normal -0 0 -1
    outer loop
      vertex 25.1527 3.56331 5.72205e-07
      vertex 3.99999 -5.0333e-15 5.72205e-07
      vertex 24.6246 3.69012 5.72205e-07
    endloop
  endfacet
  facet normal -0 0 -1
    outer loop
      vertex 25.1556 3.56263 5.72205e-07
      vertex 3.99999 -5.0333e-15 5.72205e-07
      vertex 25.1527 3.56331 5.72205e-07
    endloop
  endfacet
  facet normal -0 0 -1
    outer loop
      vertex 25.1585 3.5624 5.72205e-07
      vertex 3.99999 -5.0333e-15 5.72205e-07
      vertex 25.1556 3.56263 5.72205e-07
    endloop
  endfacet
  facet normal -0 0 -1
    outer loop
      vertex 25.7 3.51978 5.72205e-07
      vertex 3.99999 -5.0333e-15 5.72205e-07
      vertex 25.1585 3.5624 5.72205e-07
    endloop
  endfacet
  facet normal 0 0 -1
    outer loop
      vertex 26.2415 3.5624 5.72205e-07
      vertex 3.99999 -5.0333e-15 5.72205e-07
      vertex 25.7 3.51978 5.72205e-07
    endloop
  endfacet
  facet normal -0 0 -1
    outer loop
      vertex 85.5159 57.564 5.72205e-07
      vertex 80.8874 53.7107 5.72205e-07
      vertex 84.9361 57.8042 5.72205e-07
    endloop
  endfacet
  facet normal -0 0 -1
    outer loop
      vertex 84.9361 57.8042 5.72205e-07
      vertex 80.8874 53.7107 5.72205e-07
      vertex 84.3257 57.9507 5.72205e-07
    endloop
  endfacet
  facet normal -0 0 -1
    outer loop
      vertex 84.3257 57.9507 5.72205e-07
      vertex 80.8874 53.7107 5.72205e-07
      vertex 83.7 58 5.72205e-07
    endloop
  endfacet
  facet normal 0 0 -1
    outer loop
      vertex 80.7493 54.0442 5.72205e-07
      vertex 83.7 58 5.72205e-07
      vertex 80.8874 53.7107 5.72205e-07
    endloop
  endfacet
  facet normal 0 0 -1
    outer loop
      vertex 80.5607 54.3519 5.72205e-07
      vertex 83.7 58 5.72205e-07
      vertex 80.7493 54.0442 5.72205e-07
    endloop
  endfacet
  facet normal 0 0 -1
    outer loop
      vertex 80.3263 54.6263 5.72205e-07
      vertex 83.7 58 5.72205e-07
      vertex 80.5607 54.3519 5.72205e-07
    endloop
  endfacet
  facet normal 0 0 -1
    outer loop
      vertex 80.0519 54.8607 5.72205e-07
      vertex 83.7 58 5.72205e-07
      vertex 80.3263 54.6263 5.72205e-07
    endloop
  endfacet
  facet normal 0 0 -1
    outer loop
      vertex 79.7442 55.0493 5.72205e-07
      vertex 83.7 58 5.72205e-07
      vertex 80.0519 54.8607 5.72205e-07
    endloop
  endfacet
  facet normal 0 0 -1
    outer loop
      vertex 79.4107 55.1874 5.72205e-07
      vertex 83.7 58 5.72205e-07
      vertex 79.7442 55.0493 5.72205e-07
    endloop
  endfacet
  facet normal 0 0 -1
    outer loop
      vertex 79.0598 55.2717 5.72205e-07
      vertex 83.7 58 5.72205e-07
      vertex 79.4107 55.1874 5.72205e-07
    endloop
  endfacet
  facet normal 0 0 -1
    outer loop
      vertex 78.7 55.3 5.72205e-07
      vertex 83.7 58 5.72205e-07
      vertex 79.0598 55.2717 5.72205e-07
    endloop
  endfacet
  facet normal 0 0 -1
    outer loop
      vertex 78.3402 55.2717 5.72205e-07
      vertex 83.7 58 5.72205e-07
      vertex 78.7 55.3 5.72205e-07
    endloop
  endfacet
  facet normal 0 0 -1
    outer loop
      vertex 77.9893 55.1874 5.72205e-07
      vertex 83.7 58 5.72205e-07
      vertex 78.3402 55.2717 5.72205e-07
    endloop
  endfacet
  facet normal 0 0 -1
    outer loop
      vertex 49.7754 54.5099 5.72205e-07
      vertex 77.9893 55.1874 5.72205e-07
      vertex 77.6558 55.0493 5.72205e-07
    endloop
  endfacet
  facet normal 0 0 -1
    outer loop
      vertex 68.7 48.2 5.72205e-07
      vertex 76.4283 53.3598 5.72205e-07
      vertex 76.4 53 5.72205e-07
    endloop
  endfacet
  facet normal 0 0 -1
    outer loop
      vertex 68.7 48.2 5.72205e-07
      vertex 76.5126 53.7107 5.72205e-07
      vertex 76.4283 53.3598 5.72205e-07
    endloop
  endfacet
  facet normal 0 0 -1
    outer loop
      vertex 68.7 48.2 5.72205e-07
      vertex 76.6507 54.0442 5.72205e-07
      vertex 76.5126 53.7107 5.72205e-07
    endloop
  endfacet
  facet normal 0 0 -1
    outer loop
      vertex 68.7 48.2 5.72205e-07
      vertex 76.8393 54.3519 5.72205e-07
      vertex 76.6507 54.0442 5.72205e-07
    endloop
  endfacet
  facet normal 0 0 -1
    outer loop
      vertex 51.5156 53.2456 5.72205e-07
      vertex 76.8393 54.3519 5.72205e-07
      vertex 68.7 48.2 5.72205e-07
    endloop
  endfacet
  facet normal 0 0 -1
    outer loop
      vertex 51.1628 53.6587 5.72205e-07
      vertex 76.8393 54.3519 5.72205e-07
      vertex 51.5156 53.2456 5.72205e-07
    endloop
  endfacet
  facet normal 0 0 -1
    outer loop
      vertex 61.7 35 5.72205e-07
      vertex 68.7 48.2 5.72205e-07
      vertex 66.7 31 5.72205e-07
    endloop
  endfacet
  facet normal 0 0 -1
    outer loop
      vertex 52.1802 51.2 5.72205e-07
      vertex 61.7 35 5.72205e-07
      vertex 55.7 33 5.72205e-07
    endloop
  endfacet
  facet normal 0 0 -1
    outer loop
      vertex 55.7 29 5.72205e-07
      vertex 52.1802 51.2 5.72205e-07
      vertex 55.7 33 5.72205e-07
    endloop
  endfacet
  facet normal 0 0 -1
    outer loop
      vertex 61.7 35 5.72205e-07
      vertex 52.1802 51.2 5.72205e-07
      vertex 68.7 48.2 5.72205e-07
    endloop
  endfacet
  facet normal 0 0 -1
    outer loop
      vertex 52.1376 51.7415 5.72205e-07
      vertex 68.7 48.2 5.72205e-07
      vertex 52.1802 51.2 5.72205e-07
    endloop
  endfacet
  facet normal 0 0 -1
    outer loop
      vertex 52.1374 51.7444 5.72205e-07
      vertex 68.7 48.2 5.72205e-07
      vertex 52.1376 51.7415 5.72205e-07
    endloop
  endfacet
  facet normal 0 0 -1
    outer loop
      vertex 52.1367 51.7473 5.72205e-07
      vertex 68.7 48.2 5.72205e-07
      vertex 52.1374 51.7444 5.72205e-07
    endloop
  endfacet
  facet normal 0 0 -1
    outer loop
      vertex 52.0099 52.2754 5.72205e-07
      vertex 68.7 48.2 5.72205e-07
      vertex 52.1367 51.7473 5.72205e-07
    endloop
  endfacet
  facet normal 0 0 -1
    outer loop
      vertex 51.802 52.7773 5.72205e-07
      vertex 68.7 48.2 5.72205e-07
      vertex 52.0099 52.2754 5.72205e-07
    endloop
  endfacet
  facet normal 0 0 -1
    outer loop
      vertex 51.8009 52.78 5.72205e-07
      vertex 68.7 48.2 5.72205e-07
      vertex 51.802 52.7773 5.72205e-07
    endloop
  endfacet
  facet normal 0 0 -1
    outer loop
      vertex 51.5171 53.2431 5.72205e-07
      vertex 68.7 48.2 5.72205e-07
      vertex 51.8009 52.78 5.72205e-07
    endloop
  endfacet
  facet normal 0 0 -1
    outer loop
      vertex 51.5156 53.2456 5.72205e-07
      vertex 68.7 48.2 5.72205e-07
      vertex 51.5171 53.2431 5.72205e-07
    endloop
  endfacet
  facet normal 0 0 -1
    outer loop
      vertex 51.1609 53.6609 5.72205e-07
      vertex 76.8393 54.3519 5.72205e-07
      vertex 51.1628 53.6587 5.72205e-07
    endloop
  endfacet
  facet normal -0 0 -1
    outer loop
      vertex 76.8393 54.3519 5.72205e-07
      vertex 51.1609 53.6609 5.72205e-07
      vertex 77.0737 54.6263 5.72205e-07
    endloop
  endfacet
  facet normal 0 0 -1
    outer loop
      vertex 51.1587 53.6628 5.72205e-07
      vertex 77.0737 54.6263 5.72205e-07
      vertex 51.1609 53.6609 5.72205e-07
    endloop
  endfacet
  facet normal 0 0 -1
    outer loop
      vertex 50.7456 54.0156 5.72205e-07
      vertex 77.0737 54.6263 5.72205e-07
      vertex 51.1587 53.6628 5.72205e-07
    endloop
  endfacet
  facet normal -0 0 -1
    outer loop
      vertex 77.0737 54.6263 5.72205e-07
      vertex 50.7456 54.0156 5.72205e-07
      vertex 77.3481 54.8607 5.72205e-07
    endloop
  endfacet
  facet normal 0 0 -1
    outer loop
      vertex 50.7431 54.0171 5.72205e-07
      vertex 77.3481 54.8607 5.72205e-07
      vertex 50.7456 54.0156 5.72205e-07
    endloop
  endfacet
  facet normal 0 0 -1
    outer loop
      vertex 50.28 54.3009 5.72205e-07
      vertex 77.3481 54.8607 5.72205e-07
      vertex 50.7431 54.0171 5.72205e-07
    endloop
  endfacet
  facet normal -0 0 -1
    outer loop
      vertex 77.3481 54.8607 5.72205e-07
      vertex 50.28 54.3009 5.72205e-07
      vertex 77.6558 55.0493 5.72205e-07
    endloop
  endfacet
  facet normal 0 0 -1
    outer loop
      vertex 50.2773 54.302 5.72205e-07
      vertex 77.6558 55.0493 5.72205e-07
      vertex 50.28 54.3009 5.72205e-07
    endloop
  endfacet
  facet normal 0 0 -1
    outer loop
      vertex 49.7754 54.5099 5.72205e-07
      vertex 77.6558 55.0493 5.72205e-07
      vertex 50.2773 54.302 5.72205e-07
    endloop
  endfacet
  facet normal -0 0 -1
    outer loop
      vertex 77.9893 55.1874 5.72205e-07
      vertex 49.7754 54.5099 5.72205e-07
      vertex 83.7 58 5.72205e-07
    endloop
  endfacet
  facet normal 0 0 -1
    outer loop
      vertex 49.2473 54.6367 5.72205e-07
      vertex 83.7 58 5.72205e-07
      vertex 49.7754 54.5099 5.72205e-07
    endloop
  endfacet
  facet normal 0 0 -1
    outer loop
      vertex 49.2444 54.6374 5.72205e-07
      vertex 83.7 58 5.72205e-07
      vertex 49.2473 54.6367 5.72205e-07
    endloop
  endfacet
  facet normal 0 0 -1
    outer loop
      vertex 49.2415 54.6376 5.72205e-07
      vertex 83.7 58 5.72205e-07
      vertex 49.2444 54.6374 5.72205e-07
    endloop
  endfacet
  facet normal 0 0 -1
    outer loop
      vertex 48.7 54.6802 5.72205e-07
      vertex 83.7 58 5.72205e-07
      vertex 49.2415 54.6376 5.72205e-07
    endloop
  endfacet
  facet normal 0 0 -1
    outer loop
      vertex 3.99999 58 5.72205e-07
      vertex 48.7 54.6802 5.72205e-07
      vertex 48.1585 54.6376 5.72205e-07
    endloop
  endfacet
  facet normal 0 0 -1
    outer loop
      vertex 3.99999 58 5.72205e-07
      vertex 48.1585 54.6376 5.72205e-07
      vertex 48.1556 54.6374 5.72205e-07
    endloop
  endfacet
  facet normal 0 0 -1
    outer loop
      vertex 27.2773 54.302 5.72205e-07
      vertex 47.1227 54.302 5.72205e-07
      vertex 47.12 54.3009 5.72205e-07
    endloop
  endfacet
  facet normal 0 0 -1
    outer loop
      vertex 29.0099 52.2754 5.72205e-07
      vertex 45.598 52.7773 5.72205e-07
      vertex 45.3901 52.2754 5.72205e-07
    endloop
  endfacet
  facet normal 0 0 -1
    outer loop
      vertex 29.1367 51.7473 5.72205e-07
      vertex 45.2633 51.7473 5.72205e-07
      vertex 45.2626 51.7444 5.72205e-07
    endloop
  endfacet
  facet normal 0 0 -1
    outer loop
      vertex 29.1802 51.2 5.72205e-07
      vertex 45.2624 51.7415 5.72205e-07
      vertex 45.2198 51.2 5.72205e-07
    endloop
  endfacet
  facet normal 0 0 -1
    outer loop
      vertex 44.2284 37.089 5.72205e-07
      vertex 45.198 23.7917 5.72205e-07
      vertex 45.0996 23.6312 5.72205e-07
    endloop
  endfacet
  facet normal 0 0 -1
    outer loop
      vertex 44.2284 37.089 5.72205e-07
      vertex 45.0996 23.6312 5.72205e-07
      vertex 45.0275 23.4572 5.72205e-07
    endloop
  endfacet
  facet normal 0 0 -1
    outer loop
      vertex 44.2284 37.089 5.72205e-07
      vertex 45.0275 23.4572 5.72205e-07
      vertex 44.9836 23.2741 5.72205e-07
    endloop
  endfacet
  facet normal 0 0 -1
    outer loop
      vertex 44.2284 37.089 5.72205e-07
      vertex 44.9836 23.2741 5.72205e-07
      vertex 44.9688 23.0864 5.72205e-07
    endloop
  endfacet
  facet normal 0 0 -1
    outer loop
      vertex 44.2284 37.089 5.72205e-07
      vertex 44.9688 23.0864 5.72205e-07
      vertex 44.2284 16.589 5.72205e-07
    endloop
  endfacet
  facet normal 0 0 -1
    outer loop
      vertex 29.1376 50.6585 5.72205e-07
      vertex 45.2624 50.6585 5.72205e-07
      vertex 45.2626 50.6556 5.72205e-07
    endloop
  endfacet
  facet normal 0 0 -1
    outer loop
      vertex 45.2624 50.6585 5.72205e-07
      vertex 29.1802 51.2 5.72205e-07
      vertex 45.2198 51.2 5.72205e-07
    endloop
  endfacet
  facet normal 0 0 -1
    outer loop
      vertex 29.1376 51.7415 5.72205e-07
      vertex 45.2624 51.7415 5.72205e-07
      vertex 29.1802 51.2 5.72205e-07
    endloop
  endfacet
  facet normal 0 0 -1
    outer loop
      vertex 45.2624 51.7415 5.72205e-07
      vertex 29.1376 51.7415 5.72205e-07
      vertex 45.2626 51.7444 5.72205e-07
    endloop
  endfacet
  facet normal 0 0 -1
    outer loop
      vertex 29.1374 51.7444 5.72205e-07
      vertex 45.2626 51.7444 5.72205e-07
      vertex 29.1376 51.7415 5.72205e-07
    endloop
  endfacet
  facet normal 0 0 -1
    outer loop
      vertex 29.1367 51.7473 5.72205e-07
      vertex 45.2626 51.7444 5.72205e-07
      vertex 29.1374 51.7444 5.72205e-07
    endloop
  endfacet
  facet normal 0 0 -1
    outer loop
      vertex 45.2633 51.7473 5.72205e-07
      vertex 29.1367 51.7473 5.72205e-07
      vertex 45.3901 52.2754 5.72205e-07
    endloop
  endfacet
  facet normal 0 0 -1
    outer loop
      vertex 29.0099 52.2754 5.72205e-07
      vertex 45.3901 52.2754 5.72205e-07
      vertex 29.1367 51.7473 5.72205e-07
    endloop
  endfacet
  facet normal 0 0 -1
    outer loop
      vertex 28.802 52.7773 5.72205e-07
      vertex 45.598 52.7773 5.72205e-07
      vertex 29.0099 52.2754 5.72205e-07
    endloop
  endfacet
  facet normal 0 0 -1
    outer loop
      vertex 45.598 52.7773 5.72205e-07
      vertex 28.802 52.7773 5.72205e-07
      vertex 45.5991 52.78 5.72205e-07
    endloop
  endfacet
  facet normal 0 0 -1
    outer loop
      vertex 28.8009 52.78 5.72205e-07
      vertex 45.5991 52.78 5.72205e-07
      vertex 28.802 52.7773 5.72205e-07
    endloop
  endfacet
  facet normal 0 0 -1
    outer loop
      vertex 45.5991 52.78 5.72205e-07
      vertex 28.8009 52.78 5.72205e-07
      vertex 45.8829 53.2431 5.72205e-07
    endloop
  endfacet
  facet normal 0 0 -1
    outer loop
      vertex 28.5171 53.2431 5.72205e-07
      vertex 45.8829 53.2431 5.72205e-07
      vertex 28.8009 52.78 5.72205e-07
    endloop
  endfacet
  facet normal 0 0 -1
    outer loop
      vertex 45.8829 53.2431 5.72205e-07
      vertex 28.5171 53.2431 5.72205e-07
      vertex 45.8844 53.2456 5.72205e-07
    endloop
  endfacet
  facet normal 0 0 -1
    outer loop
      vertex 28.5156 53.2456 5.72205e-07
      vertex 45.8844 53.2456 5.72205e-07
      vertex 28.5171 53.2431 5.72205e-07
    endloop
  endfacet
  facet normal 0 0 -1
    outer loop
      vertex 45.8844 53.2456 5.72205e-07
      vertex 28.5156 53.2456 5.72205e-07
      vertex 46.2372 53.6587 5.72205e-07
    endloop
  endfacet
  facet normal 0 0 -1
    outer loop
      vertex 28.1628 53.6587 5.72205e-07
      vertex 46.2372 53.6587 5.72205e-07
      vertex 28.5156 53.2456 5.72205e-07
    endloop
  endfacet
  facet normal 0 0 -1
    outer loop
      vertex 46.2372 53.6587 5.72205e-07
      vertex 28.1628 53.6587 5.72205e-07
      vertex 46.2391 53.6609 5.72205e-07
    endloop
  endfacet
  facet normal 0 0 -1
    outer loop
      vertex 28.1609 53.6609 5.72205e-07
      vertex 46.2391 53.6609 5.72205e-07
      vertex 28.1628 53.6587 5.72205e-07
    endloop
  endfacet
  facet normal 0 0 -1
    outer loop
      vertex 46.2391 53.6609 5.72205e-07
      vertex 28.1609 53.6609 5.72205e-07
      vertex 46.2413 53.6628 5.72205e-07
    endloop
  endfacet
  facet normal 0 0 -1
    outer loop
      vertex 28.1587 53.6628 5.72205e-07
      vertex 46.2413 53.6628 5.72205e-07
      vertex 28.1609 53.6609 5.72205e-07
    endloop
  endfacet
  facet normal 0 0 -1
    outer loop
      vertex 46.2413 53.6628 5.72205e-07
      vertex 28.1587 53.6628 5.72205e-07
      vertex 46.6544 54.0156 5.72205e-07
    endloop
  endfacet
  facet normal 0 0 -1
    outer loop
      vertex 27.7456 54.0156 5.72205e-07
      vertex 46.6544 54.0156 5.72205e-07
      vertex 28.1587 53.6628 5.72205e-07
    endloop
  endfacet
  facet normal 0 0 -1
    outer loop
      vertex 46.6544 54.0156 5.72205e-07
      vertex 27.7456 54.0156 5.72205e-07
      vertex 46.6569 54.0171 5.72205e-07
    endloop
  endfacet
  facet normal 0 0 -1
    outer loop
      vertex 27.7431 54.0171 5.72205e-07
      vertex 46.6569 54.0171 5.72205e-07
      vertex 27.7456 54.0156 5.72205e-07
    endloop
  endfacet
  facet normal 0 0 -1
    outer loop
      vertex 46.6569 54.0171 5.72205e-07
      vertex 27.7431 54.0171 5.72205e-07
      vertex 47.12 54.3009 5.72205e-07
    endloop
  endfacet
  facet normal 0 0 -1
    outer loop
      vertex 27.28 54.3009 5.72205e-07
      vertex 47.12 54.3009 5.72205e-07
      vertex 27.7431 54.0171 5.72205e-07
    endloop
  endfacet
  facet normal 0 0 -1
    outer loop
      vertex 27.2773 54.302 5.72205e-07
      vertex 47.12 54.3009 5.72205e-07
      vertex 27.28 54.3009 5.72205e-07
    endloop
  endfacet
  facet normal 0 0 -1
    outer loop
      vertex 47.1227 54.302 5.72205e-07
      vertex 27.2773 54.302 5.72205e-07
      vertex 47.6246 54.5099 5.72205e-07
    endloop
  endfacet
  facet normal 0 0 -1
    outer loop
      vertex 26.7754 54.5099 5.72205e-07
      vertex 47.6246 54.5099 5.72205e-07
      vertex 27.2773 54.302 5.72205e-07
    endloop
  endfacet
  facet normal 0 0 -1
    outer loop
      vertex 47.6246 54.5099 5.72205e-07
      vertex 26.7754 54.5099 5.72205e-07
      vertex 48.1527 54.6367 5.72205e-07
    endloop
  endfacet
  facet normal -0 0 -1
    outer loop
      vertex 48.1527 54.6367 5.72205e-07
      vertex 26.7754 54.5099 5.72205e-07
      vertex 48.1556 54.6374 5.72205e-07
    endloop
  endfacet
  facet normal 0 0 -1
    outer loop
      vertex 26.2473 54.6367 5.72205e-07
      vertex 48.1556 54.6374 5.72205e-07
      vertex 26.7754 54.5099 5.72205e-07
    endloop
  endfacet
  facet normal 0 0 -1
    outer loop
      vertex 26.2444 54.6374 5.72205e-07
      vertex 48.1556 54.6374 5.72205e-07
      vertex 26.2473 54.6367 5.72205e-07
    endloop
  endfacet
  facet normal 0 0 -1
    outer loop
      vertex 3.99999 58 5.72205e-07
      vertex 48.1556 54.6374 5.72205e-07
      vertex 26.2444 54.6374 5.72205e-07
    endloop
  endfacet
  facet normal 0 0 -1
    outer loop
      vertex 3.99999 58 5.72205e-07
      vertex 26.2444 54.6374 5.72205e-07
      vertex 26.2415 54.6376 5.72205e-07
    endloop
  endfacet
  facet normal 0 0 -1
    outer loop
      vertex 3.99999 58 5.72205e-07
      vertex 26.2415 54.6376 5.72205e-07
      vertex 25.7 54.6802 5.72205e-07
    endloop
  endfacet
  facet normal 0 0 -1
    outer loop
      vertex 3.99999 58 5.72205e-07
      vertex 24.1227 54.302 5.72205e-07
      vertex 24.12 54.3009 5.72205e-07
    endloop
  endfacet
  facet normal 0 0 -1
    outer loop
      vertex 3.99999 58 5.72205e-07
      vertex 22.598 52.7773 5.72205e-07
      vertex 22.3901 52.2754 5.72205e-07
    endloop
  endfacet
  facet normal 0 0 -1
    outer loop
      vertex 22.2624 50.6585 5.72205e-07
      vertex 3.99999 58 5.72205e-07
      vertex 22.2198 51.2 5.72205e-07
    endloop
  endfacet
  facet normal 0 0 -1
    outer loop
      vertex 22.2198 51.2 5.72205e-07
      vertex 3.99999 58 5.72205e-07
      vertex 22.2624 51.7415 5.72205e-07
    endloop
  endfacet
  facet normal 0 0 -1
    outer loop
      vertex 22.2624 51.7415 5.72205e-07
      vertex 3.99999 58 5.72205e-07
      vertex 22.2626 51.7444 5.72205e-07
    endloop
  endfacet
  facet normal 0 0 -1
    outer loop
      vertex 22.2626 51.7444 5.72205e-07
      vertex 3.99999 58 5.72205e-07
      vertex 22.2633 51.7473 5.72205e-07
    endloop
  endfacet
  facet normal 0 0 -1
    outer loop
      vertex 22.2633 51.7473 5.72205e-07
      vertex 3.99999 58 5.72205e-07
      vertex 22.3901 52.2754 5.72205e-07
    endloop
  endfacet
  facet normal 0 0 -1
    outer loop
      vertex 22.598 52.7773 5.72205e-07
      vertex 3.99999 58 5.72205e-07
      vertex 22.5991 52.78 5.72205e-07
    endloop
  endfacet
  facet normal 0 0 -1
    outer loop
      vertex 22.5991 52.78 5.72205e-07
      vertex 3.99999 58 5.72205e-07
      vertex 22.8829 53.2431 5.72205e-07
    endloop
  endfacet
  facet normal 0 0 -1
    outer loop
      vertex 48.7 54.6802 5.72205e-07
      vertex 3.99999 58 5.72205e-07
      vertex 83.7 58 5.72205e-07
    endloop
  endfacet
  facet normal 0 0 -1
    outer loop
      vertex 25.1585 54.6376 5.72205e-07
      vertex 3.99999 58 5.72205e-07
      vertex 25.7 54.6802 5.72205e-07
    endloop
  endfacet
  facet normal 0 0 -1
    outer loop
      vertex 25.1556 54.6374 5.72205e-07
      vertex 3.99999 58 5.72205e-07
      vertex 25.1585 54.6376 5.72205e-07
    endloop
  endfacet
  facet normal 0 0 -1
    outer loop
      vertex 25.1527 54.6367 5.72205e-07
      vertex 3.99999 58 5.72205e-07
      vertex 25.1556 54.6374 5.72205e-07
    endloop
  endfacet
  facet normal 0 0 -1
    outer loop
      vertex 24.6246 54.5099 5.72205e-07
      vertex 3.99999 58 5.72205e-07
      vertex 25.1527 54.6367 5.72205e-07
    endloop
  endfacet
  facet normal 0 0 -1
    outer loop
      vertex 24.1227 54.302 5.72205e-07
      vertex 3.99999 58 5.72205e-07
      vertex 24.6246 54.5099 5.72205e-07
    endloop
  endfacet
  facet normal 0 0 -1
    outer loop
      vertex 23.6569 54.0171 5.72205e-07
      vertex 3.99999 58 5.72205e-07
      vertex 24.12 54.3009 5.72205e-07
    endloop
  endfacet
  facet normal 0 0 -1
    outer loop
      vertex 23.6544 54.0156 5.72205e-07
      vertex 3.99999 58 5.72205e-07
      vertex 23.6569 54.0171 5.72205e-07
    endloop
  endfacet
  facet normal 0 0 -1
    outer loop
      vertex 23.2413 53.6628 5.72205e-07
      vertex 3.99999 58 5.72205e-07
      vertex 23.6544 54.0156 5.72205e-07
    endloop
  endfacet
  facet normal 0 0 -1
    outer loop
      vertex 23.2391 53.6609 5.72205e-07
      vertex 3.99999 58 5.72205e-07
      vertex 23.2413 53.6628 5.72205e-07
    endloop
  endfacet
  facet normal 0 0 -1
    outer loop
      vertex 23.2372 53.6587 5.72205e-07
      vertex 3.99999 58 5.72205e-07
      vertex 23.2391 53.6609 5.72205e-07
    endloop
  endfacet
  facet normal 0 0 -1
    outer loop
      vertex 22.8844 53.2456 5.72205e-07
      vertex 3.99999 58 5.72205e-07
      vertex 23.2372 53.6587 5.72205e-07
    endloop
  endfacet
  facet normal 0 0 -1
    outer loop
      vertex 22.8829 53.2431 5.72205e-07
      vertex 3.99999 58 5.72205e-07
      vertex 22.8844 53.2456 5.72205e-07
    endloop
  endfacet
  facet normal -0 0 -1
    outer loop
      vertex 11.2284 16.589 5.72205e-07
      vertex 3.05176e-06 4 5.72205e-07
      vertex 11.2284 37.089 5.72205e-07
    endloop
  endfacet
  facet normal 0 0 -1
    outer loop
      vertex 3.05176e-06 4 5.72205e-07
      vertex 3.99999 -5.0333e-15 5.72205e-07
      vertex 3.37427 0.0492554 5.72205e-07
    endloop
  endfacet
  facet normal 0 0 -1
    outer loop
      vertex 3.05176e-06 54 5.72205e-07
      vertex 11.2284 37.089 5.72205e-07
      vertex 3.05176e-06 4 5.72205e-07
    endloop
  endfacet
  facet normal 0 0 -1
    outer loop
      vertex 3.05176e-06 4 5.72205e-07
      vertex 3.37427 0.0492554 5.72205e-07
      vertex 2.76393 0.195786 5.72205e-07
    endloop
  endfacet
  facet normal 0 0 -1
    outer loop
      vertex 11.2284 37.089 5.72205e-07
      vertex 3.05176e-06 54 5.72205e-07
      vertex 3.99999 58 5.72205e-07
    endloop
  endfacet
  facet normal 0 0 -1
    outer loop
      vertex 3.05176e-06 4 5.72205e-07
      vertex 2.76393 0.195786 5.72205e-07
      vertex 2.18404 0.435974 5.72205e-07
    endloop
  endfacet
  facet normal 0 0 -1
    outer loop
      vertex 3.99999 58 5.72205e-07
      vertex 3.05176e-06 54 5.72205e-07
      vertex 3.37427 57.9507 5.72205e-07
    endloop
  endfacet
  facet normal 0 0 -1
    outer loop
      vertex 3.05176e-06 4 5.72205e-07
      vertex 2.18404 0.435974 5.72205e-07
      vertex 1.64887 0.763947 5.72205e-07
    endloop
  endfacet
  facet normal 0 0 -1
    outer loop
      vertex 3.37427 57.9507 5.72205e-07
      vertex 3.05176e-06 54 5.72205e-07
      vertex 2.76393 57.8042 5.72205e-07
    endloop
  endfacet
  facet normal 0 0 -1
    outer loop
      vertex 3.05176e-06 4 5.72205e-07
      vertex 1.64887 0.763947 5.72205e-07
      vertex 1.17157 1.17159 5.72205e-07
    endloop
  endfacet
  facet normal 0 0 -1
    outer loop
      vertex 2.76393 57.8042 5.72205e-07
      vertex 3.05176e-06 54 5.72205e-07
      vertex 2.18404 57.564 5.72205e-07
    endloop
  endfacet
  facet normal 0 0 -1
    outer loop
      vertex 3.05176e-06 4 5.72205e-07
      vertex 1.17157 1.17159 5.72205e-07
      vertex 0.763934 1.64886 5.72205e-07
    endloop
  endfacet
  facet normal 0 0 -1
    outer loop
      vertex 2.18404 57.564 5.72205e-07
      vertex 3.05176e-06 54 5.72205e-07
      vertex 1.64887 57.2361 5.72205e-07
    endloop
  endfacet
  facet normal 0 0 -1
    outer loop
      vertex 3.05176e-06 4 5.72205e-07
      vertex 0.763934 1.64886 5.72205e-07
      vertex 0.435977 2.18405 5.72205e-07
    endloop
  endfacet
  facet normal 0 0 -1
    outer loop
      vertex 1.64887 57.2361 5.72205e-07
      vertex 3.05176e-06 54 5.72205e-07
      vertex 1.17157 56.8284 5.72205e-07
    endloop
  endfacet
  facet normal 0 0 -1
    outer loop
      vertex 3.05176e-06 4 5.72205e-07
      vertex 0.435977 2.18405 5.72205e-07
      vertex 0.195789 2.76395 5.72205e-07
    endloop
  endfacet
  facet normal 0 0 -1
    outer loop
      vertex 1.17157 56.8284 5.72205e-07
      vertex 3.05176e-06 54 5.72205e-07
      vertex 0.763934 56.3511 5.72205e-07
    endloop
  endfacet
  facet normal 0 0 -1
    outer loop
      vertex 3.05176e-06 4 5.72205e-07
      vertex 0.195789 2.76395 5.72205e-07
      vertex 0.0492584 3.37427 5.72205e-07
    endloop
  endfacet
  facet normal 0 0 -1
    outer loop
      vertex 0.763934 56.3511 5.72205e-07
      vertex 3.05176e-06 54 5.72205e-07
      vertex 0.435977 55.8159 5.72205e-07
    endloop
  endfacet
  facet normal 0 0 -1
    outer loop
      vertex 0.435977 55.8159 5.72205e-07
      vertex 3.05176e-06 54 5.72205e-07
      vertex 0.195789 55.2361 5.72205e-07
    endloop
  endfacet
  facet normal 0 0 -1
    outer loop
      vertex 0.195789 55.2361 5.72205e-07
      vertex 3.05176e-06 54 5.72205e-07
      vertex 0.0492584 54.6257 5.72205e-07
    endloop
  endfacet
  facet normal 0.649451 0.760403 -0
    outer loop
      vertex 86.5284 56.8284 5.72205e-07
      vertex 86.0511 57.2361 38.3
      vertex 86.5284 56.8284 38.3
    endloop
  endfacet
  facet normal 0.649451 0.760403 0
    outer loop
      vertex 86.0511 57.2361 38.3
      vertex 86.5284 56.8284 5.72205e-07
      vertex 86.0511 57.2361 5.72205e-07
    endloop
  endfacet
  facet normal 1 -0 0
    outer loop
      vertex 87.7 4 38.3
      vertex 87.7 54 5.72205e-07
      vertex 87.7 54 38.3
    endloop
  endfacet
  facet normal 1 0 0
    outer loop
      vertex 87.7 54 5.72205e-07
      vertex 87.7 4 38.3
      vertex 87.7 4 5.72205e-07
    endloop
  endfacet
  facet normal 0 0 1
    outer loop
      vertex 85.9 54 38.3
      vertex 87.7 54 38.3
      vertex 87.6507 54.6257 38.3
    endloop
  endfacet
  facet normal 0 0 1
    outer loop
      vertex 87.7 54 38.3
      vertex 85.9 54 38.3
      vertex 87.7 4 38.3
    endloop
  endfacet
  facet normal 0 0 1
    outer loop
      vertex 85.8729 54.3441 38.3
      vertex 87.6507 54.6257 38.3
      vertex 87.5042 55.2361 38.3
    endloop
  endfacet
  facet normal 0 0 1
    outer loop
      vertex 85.9 4 38.3
      vertex 87.7 4 38.3
      vertex 85.9 54 38.3
    endloop
  endfacet
  facet normal 0 0 1
    outer loop
      vertex 85.7923 54.6798 38.3
      vertex 87.5042 55.2361 38.3
      vertex 87.264 55.8159 38.3
    endloop
  endfacet
  facet normal 0 0 1
    outer loop
      vertex 87.7 4 38.3
      vertex 85.9 4 38.3
      vertex 87.6507 3.37427 38.3
    endloop
  endfacet
  facet normal 0 0 1
    outer loop
      vertex 85.6602 54.9988 38.3
      vertex 87.264 55.8159 38.3
      vertex 86.9361 56.3511 38.3
    endloop
  endfacet
  facet normal -0 0 1
    outer loop
      vertex 85.8729 3.65585 38.3
      vertex 87.6507 3.37427 38.3
      vertex 85.9 4 38.3
    endloop
  endfacet
  facet normal 0 0 1
    outer loop
      vertex 85.4798 55.2931 38.3
      vertex 86.9361 56.3511 38.3
      vertex 86.5284 56.8284 38.3
    endloop
  endfacet
  facet normal 0 0 1
    outer loop
      vertex 87.6507 3.37427 38.3
      vertex 85.8729 3.65585 38.3
      vertex 87.5042 2.76395 38.3
    endloop
  endfacet
  facet normal 0 0 1
    outer loop
      vertex 85.2556 55.5556 38.3
      vertex 86.5284 56.8284 38.3
      vertex 86.0511 57.2361 38.3
    endloop
  endfacet
  facet normal -0 0 1
    outer loop
      vertex 85.7923 3.32018 38.3
      vertex 87.5042 2.76395 38.3
      vertex 85.8729 3.65585 38.3
    endloop
  endfacet
  facet normal 0 0 1
    outer loop
      vertex 87.5042 2.76395 38.3
      vertex 85.7923 3.32018 38.3
      vertex 87.264 2.18405 38.3
    endloop
  endfacet
  facet normal 0 0 1
    outer loop
      vertex 87.6507 54.6257 38.3
      vertex 85.8729 54.3441 38.3
      vertex 85.9 54 38.3
    endloop
  endfacet
  facet normal 0 0 1
    outer loop
      vertex 87.5042 55.2361 38.3
      vertex 85.7923 54.6798 38.3
      vertex 85.8729 54.3441 38.3
    endloop
  endfacet
  facet normal 0 0 1
    outer loop
      vertex 87.264 55.8159 38.3
      vertex 85.6602 54.9988 38.3
      vertex 85.7923 54.6798 38.3
    endloop
  endfacet
  facet normal 0 0 1
    outer loop
      vertex 84.9931 55.7798 38.3
      vertex 86.0511 57.2361 38.3
      vertex 85.5159 57.564 38.3
    endloop
  endfacet
  facet normal 0 0 1
    outer loop
      vertex 86.9361 56.3511 38.3
      vertex 85.4798 55.2931 38.3
      vertex 85.6602 54.9988 38.3
    endloop
  endfacet
  facet normal 0 0 1
    outer loop
      vertex 86.5284 56.8284 38.3
      vertex 85.2556 55.5556 38.3
      vertex 85.4798 55.2931 38.3
    endloop
  endfacet
  facet normal 0 0 1
    outer loop
      vertex 86.0511 57.2361 38.3
      vertex 84.9931 55.7798 38.3
      vertex 85.2556 55.5556 38.3
    endloop
  endfacet
  facet normal 0 0 1
    outer loop
      vertex 84.6988 55.9602 38.3
      vertex 85.5159 57.564 38.3
      vertex 84.9361 57.8042 38.3
    endloop
  endfacet
  facet normal 0 0 1
    outer loop
      vertex 85.5159 57.564 38.3
      vertex 84.6988 55.9602 38.3
      vertex 84.9931 55.7798 38.3
    endloop
  endfacet
  facet normal 0 0 1
    outer loop
      vertex 84.9361 57.8042 38.3
      vertex 84.3798 56.0923 38.3
      vertex 84.6988 55.9602 38.3
    endloop
  endfacet
  facet normal 0 0 1
    outer loop
      vertex 84.3257 57.9507 38.3
      vertex 84.3798 56.0923 38.3
      vertex 84.9361 57.8042 38.3
    endloop
  endfacet
  facet normal 0 0 1
    outer loop
      vertex 84.3257 57.9507 38.3
      vertex 84.0441 56.1729 38.3
      vertex 84.3798 56.0923 38.3
    endloop
  endfacet
  facet normal 0 0 1
    outer loop
      vertex 83.7 58 38.3
      vertex 84.0441 56.1729 38.3
      vertex 84.3257 57.9507 38.3
    endloop
  endfacet
  facet normal 0 0 1
    outer loop
      vertex 83.7 58 38.3
      vertex 83.7 56.2 38.3
      vertex 84.0441 56.1729 38.3
    endloop
  endfacet
  facet normal -0 0 1
    outer loop
      vertex 3.99999 58 38.3
      vertex 83.7 56.2 38.3
      vertex 83.7 58 38.3
    endloop
  endfacet
  facet normal 0 0 1
    outer loop
      vertex 3.99999 58 38.3
      vertex 3.99999 56.2 38.3
      vertex 83.7 56.2 38.3
    endloop
  endfacet
  facet normal 0 0 1
    outer loop
      vertex 3.99999 58 38.3
      vertex 3.65586 56.1729 38.3
      vertex 3.99999 56.2 38.3
    endloop
  endfacet
  facet normal -0 0 1
    outer loop
      vertex 3.37427 57.9507 38.3
      vertex 3.65586 56.1729 38.3
      vertex 3.99999 58 38.3
    endloop
  endfacet
  facet normal 0 0 1
    outer loop
      vertex 3.37427 57.9507 38.3
      vertex 3.32016 56.0923 38.3
      vertex 3.65586 56.1729 38.3
    endloop
  endfacet
  facet normal -0 0 1
    outer loop
      vertex 2.76393 57.8042 38.3
      vertex 3.32016 56.0923 38.3
      vertex 3.37427 57.9507 38.3
    endloop
  endfacet
  facet normal 0 0 1
    outer loop
      vertex 3.32016 56.0923 38.3
      vertex 2.76393 57.8042 38.3
      vertex 3.00122 55.9602 38.3
    endloop
  endfacet
  facet normal -0 0 1
    outer loop
      vertex 2.18404 57.564 38.3
      vertex 3.00122 55.9602 38.3
      vertex 2.76393 57.8042 38.3
    endloop
  endfacet
  facet normal 0 0 1
    outer loop
      vertex 3.00122 55.9602 38.3
      vertex 2.18404 57.564 38.3
      vertex 2.70688 55.7798 38.3
    endloop
  endfacet
  facet normal -0 0 1
    outer loop
      vertex 1.64887 57.2361 38.3
      vertex 2.70688 55.7798 38.3
      vertex 2.18404 57.564 38.3
    endloop
  endfacet
  facet normal 0 0 1
    outer loop
      vertex 2.70688 55.7798 38.3
      vertex 1.64887 57.2361 38.3
      vertex 2.44437 55.5556 38.3
    endloop
  endfacet
  facet normal -0 0 1
    outer loop
      vertex 1.17157 56.8284 38.3
      vertex 2.44437 55.5556 38.3
      vertex 1.64887 57.2361 38.3
    endloop
  endfacet
  facet normal 0 0 1
    outer loop
      vertex 2.44437 55.5556 38.3
      vertex 1.17157 56.8284 38.3
      vertex 2.22017 55.2931 38.3
    endloop
  endfacet
  facet normal -0 0 1
    outer loop
      vertex 0.763934 56.3511 38.3
      vertex 2.22017 55.2931 38.3
      vertex 1.17157 56.8284 38.3
    endloop
  endfacet
  facet normal 0 0 1
    outer loop
      vertex 2.0398 54.9988 38.3
      vertex 0.435977 55.8159 38.3
      vertex 1.90769 54.6798 38.3
    endloop
  endfacet
  facet normal -0 0 1
    outer loop
      vertex 0.435977 55.8159 38.3
      vertex 2.0398 54.9988 38.3
      vertex 0.763934 56.3511 38.3
    endloop
  endfacet
  facet normal 0 0 1
    outer loop
      vertex 2.22017 55.2931 38.3
      vertex 0.763934 56.3511 38.3
      vertex 2.0398 54.9988 38.3
    endloop
  endfacet
  facet normal -0 0 1
    outer loop
      vertex 85.6602 3.00124 38.3
      vertex 87.264 2.18405 38.3
      vertex 85.7923 3.32018 38.3
    endloop
  endfacet
  facet normal 0 0 1
    outer loop
      vertex 87.264 2.18405 38.3
      vertex 85.6602 3.00124 38.3
      vertex 86.9361 1.64886 38.3
    endloop
  endfacet
  facet normal -0 0 1
    outer loop
      vertex 85.4798 2.70688 38.3
      vertex 86.9361 1.64886 38.3
      vertex 85.6602 3.00124 38.3
    endloop
  endfacet
  facet normal 0 0 1
    outer loop
      vertex 86.9361 1.64886 38.3
      vertex 85.4798 2.70688 38.3
      vertex 86.5284 1.17159 38.3
    endloop
  endfacet
  facet normal -0 0 1
    outer loop
      vertex 85.2556 2.44437 38.3
      vertex 86.5284 1.17159 38.3
      vertex 85.4798 2.70688 38.3
    endloop
  endfacet
  facet normal 0 0 1
    outer loop
      vertex 86.5284 1.17159 38.3
      vertex 85.2556 2.44437 38.3
      vertex 86.0511 0.763947 38.3
    endloop
  endfacet
  facet normal -0 0 1
    outer loop
      vertex 84.9931 2.22017 38.3
      vertex 86.0511 0.763947 38.3
      vertex 85.2556 2.44437 38.3
    endloop
  endfacet
  facet normal 0 0 1
    outer loop
      vertex 86.0511 0.763947 38.3
      vertex 84.9931 2.22017 38.3
      vertex 85.5159 0.435974 38.3
    endloop
  endfacet
  facet normal -0 0 1
    outer loop
      vertex 84.6988 2.03979 38.3
      vertex 85.5159 0.435974 38.3
      vertex 84.9931 2.22017 38.3
    endloop
  endfacet
  facet normal 0 0 1
    outer loop
      vertex 85.5159 0.435974 38.3
      vertex 84.6988 2.03979 38.3
      vertex 84.9361 0.195786 38.3
    endloop
  endfacet
  facet normal -0 0 1
    outer loop
      vertex 84.3798 1.90768 38.3
      vertex 84.9361 0.195786 38.3
      vertex 84.6988 2.03979 38.3
    endloop
  endfacet
  facet normal 0 0 1
    outer loop
      vertex 84.3798 1.90768 38.3
      vertex 84.3257 0.0492554 38.3
      vertex 84.9361 0.195786 38.3
    endloop
  endfacet
  facet normal -0 0 1
    outer loop
      vertex 84.0441 1.82709 38.3
      vertex 84.3257 0.0492554 38.3
      vertex 84.3798 1.90768 38.3
    endloop
  endfacet
  facet normal -0 0 1
    outer loop
      vertex 83.7 1.8 38.3
      vertex 84.3257 0.0492554 38.3
      vertex 84.0441 1.82709 38.3
    endloop
  endfacet
  facet normal 0 0 1
    outer loop
      vertex 83.7 1.8 38.3
      vertex 83.7 -3.42901e-16 38.3
      vertex 84.3257 0.0492554 38.3
    endloop
  endfacet
  facet normal -0 0 1
    outer loop
      vertex 3.99999 1.8 38.3
      vertex 83.7 -3.42901e-16 38.3
      vertex 83.7 1.8 38.3
    endloop
  endfacet
  facet normal 0 0 1
    outer loop
      vertex 3.99999 1.8 38.3
      vertex 3.99999 -3.42901e-16 38.3
      vertex 83.7 -3.42901e-16 38.3
    endloop
  endfacet
  facet normal 0 0 1
    outer loop
      vertex 3.65586 1.82709 38.3
      vertex 3.99999 -3.42901e-16 38.3
      vertex 3.99999 1.8 38.3
    endloop
  endfacet
  facet normal 0 0 1
    outer loop
      vertex 3.65586 1.82709 38.3
      vertex 3.37427 0.0492554 38.3
      vertex 3.99999 -3.42901e-16 38.3
    endloop
  endfacet
  facet normal 0 0 1
    outer loop
      vertex 3.32016 1.90768 38.3
      vertex 3.37427 0.0492554 38.3
      vertex 3.65586 1.82709 38.3
    endloop
  endfacet
  facet normal 0 0 1
    outer loop
      vertex 2.76393 0.195786 38.3
      vertex 3.32016 1.90768 38.3
      vertex 3.00122 2.03979 38.3
    endloop
  endfacet
  facet normal 0 0 1
    outer loop
      vertex 3.32016 1.90768 38.3
      vertex 2.76393 0.195786 38.3
      vertex 3.37427 0.0492554 38.3
    endloop
  endfacet
  facet normal 0 0 1
    outer loop
      vertex 2.18404 0.435974 38.3
      vertex 3.00122 2.03979 38.3
      vertex 2.70688 2.22017 38.3
    endloop
  endfacet
  facet normal 0 0 1
    outer loop
      vertex 1.64887 0.763947 38.3
      vertex 2.70688 2.22017 38.3
      vertex 2.44437 2.44437 38.3
    endloop
  endfacet
  facet normal 0 0 1
    outer loop
      vertex 1.17157 1.17159 38.3
      vertex 2.44437 2.44437 38.3
      vertex 2.22017 2.70688 38.3
    endloop
  endfacet
  facet normal 0 0 1
    outer loop
      vertex 3.00122 2.03979 38.3
      vertex 2.18404 0.435974 38.3
      vertex 2.76393 0.195786 38.3
    endloop
  endfacet
  facet normal 0 0 1
    outer loop
      vertex 0.763934 1.64886 38.3
      vertex 2.22017 2.70688 38.3
      vertex 2.0398 3.00124 38.3
    endloop
  endfacet
  facet normal 0 0 1
    outer loop
      vertex 0.435977 2.18405 38.3
      vertex 2.0398 3.00124 38.3
      vertex 1.90769 3.32018 38.3
    endloop
  endfacet
  facet normal 0 0 1
    outer loop
      vertex 0.195789 2.76395 38.3
      vertex 1.90769 3.32018 38.3
      vertex 1.82709 3.65585 38.3
    endloop
  endfacet
  facet normal 0 0 1
    outer loop
      vertex 2.70688 2.22017 38.3
      vertex 1.64887 0.763947 38.3
      vertex 2.18404 0.435974 38.3
    endloop
  endfacet
  facet normal 0 0 1
    outer loop
      vertex 0.0492584 3.37427 38.3
      vertex 1.82709 3.65585 38.3
      vertex 1.80001 4 38.3
    endloop
  endfacet
  facet normal 0 0 1
    outer loop
      vertex 1.80001 54 38.3
      vertex 3.05176e-06 54 38.3
      vertex 1.80001 4 38.3
    endloop
  endfacet
  facet normal -0 0 1
    outer loop
      vertex 0.195789 55.2361 38.3
      vertex 1.90769 54.6798 38.3
      vertex 0.435977 55.8159 38.3
    endloop
  endfacet
  facet normal 0 0 1
    outer loop
      vertex 3.05176e-06 4 38.3
      vertex 1.80001 4 38.3
      vertex 3.05176e-06 54 38.3
    endloop
  endfacet
  facet normal 0 0 1
    outer loop
      vertex 1.90769 54.6798 38.3
      vertex 0.195789 55.2361 38.3
      vertex 1.82709 54.3441 38.3
    endloop
  endfacet
  facet normal 0 -0 1
    outer loop
      vertex 0.0492584 3.37427 38.3
      vertex 1.80001 4 38.3
      vertex 3.05176e-06 4 38.3
    endloop
  endfacet
  facet normal -0 0 1
    outer loop
      vertex 0.0492584 54.6257 38.3
      vertex 1.82709 54.3441 38.3
      vertex 0.195789 55.2361 38.3
    endloop
  endfacet
  facet normal 0 0 1
    outer loop
      vertex 2.44437 2.44437 38.3
      vertex 1.17157 1.17159 38.3
      vertex 1.64887 0.763947 38.3
    endloop
  endfacet
  facet normal 0 0 1
    outer loop
      vertex 1.82709 54.3441 38.3
      vertex 0.0492584 54.6257 38.3
      vertex 1.80001 54 38.3
    endloop
  endfacet
  facet normal 0 0 1
    outer loop
      vertex 2.22017 2.70688 38.3
      vertex 0.763934 1.64886 38.3
      vertex 1.17157 1.17159 38.3
    endloop
  endfacet
  facet normal 0 0 1
    outer loop
      vertex 1.80001 54 38.3
      vertex 0.0492584 54.6257 38.3
      vertex 3.05176e-06 54 38.3
    endloop
  endfacet
  facet normal 0 0 1
    outer loop
      vertex 2.0398 3.00124 38.3
      vertex 0.435977 2.18405 38.3
      vertex 0.763934 1.64886 38.3
    endloop
  endfacet
  facet normal 0 0 1
    outer loop
      vertex 1.90769 3.32018 38.3
      vertex 0.195789 2.76395 38.3
      vertex 0.435977 2.18405 38.3
    endloop
  endfacet
  facet normal 0 0 1
    outer loop
      vertex 1.82709 3.65585 38.3
      vertex 0.0492584 3.37427 38.3
      vertex 0.195789 2.76395 38.3
    endloop
  endfacet
  facet normal -1 0 0
    outer loop
      vertex 3.05176e-06 53.75 11.2
      vertex 3.05176e-06 54 5.72205e-07
      vertex 3.05176e-06 53.75 2.8
    endloop
  endfacet
  facet normal -1 0 0
    outer loop
      vertex 3.05176e-06 54 5.72205e-07
      vertex 3.05176e-06 40.25 2.8
      vertex 3.05176e-06 53.75 2.8
    endloop
  endfacet
  facet normal -1 0 0
    outer loop
      vertex 3.05176e-06 22.87 20.85
      vertex 3.05176e-06 40.25 11.2
      vertex 3.05176e-06 40.25 2.8
    endloop
  endfacet
  facet normal -1 0 0
    outer loop
      vertex 3.05176e-06 40.25 11.2
      vertex 3.05176e-06 22.87 20.85
      vertex 3.05176e-06 34.87 20.85
    endloop
  endfacet
  facet normal -1 0 0
    outer loop
      vertex 3.05176e-06 4 38.3
      vertex 3.05176e-06 22.87 20.85
      vertex 3.05176e-06 4 5.72205e-07
    endloop
  endfacet
  facet normal -1 -0 0
    outer loop
      vertex 3.05176e-06 40.25 2.8
      vertex 3.05176e-06 4 5.72205e-07
      vertex 3.05176e-06 22.87 20.85
    endloop
  endfacet
  facet normal -1 0 0
    outer loop
      vertex 3.05176e-06 4 5.72205e-07
      vertex 3.05176e-06 40.25 2.8
      vertex 3.05176e-06 54 5.72205e-07
    endloop
  endfacet
  facet normal -1 0 0
    outer loop
      vertex 3.05176e-06 54 5.72205e-07
      vertex 3.05176e-06 53.75 11.2
      vertex 3.05176e-06 54 38.3
    endloop
  endfacet
  facet normal -1 0 0
    outer loop
      vertex 3.05176e-06 34.87 20.85
      vertex 3.05176e-06 53.75 11.2
      vertex 3.05176e-06 40.25 11.2
    endloop
  endfacet
  facet normal -1 0 0
    outer loop
      vertex 3.05176e-06 34.87 27.85
      vertex 3.05176e-06 53.75 11.2
      vertex 3.05176e-06 34.87 20.85
    endloop
  endfacet
  facet normal -1 0 0
    outer loop
      vertex 3.05176e-06 53.75 11.2
      vertex 3.05176e-06 34.87 27.85
      vertex 3.05176e-06 54 38.3
    endloop
  endfacet
  facet normal -1 0 0
    outer loop
      vertex 3.05176e-06 22.87 27.85
      vertex 3.05176e-06 54 38.3
      vertex 3.05176e-06 34.87 27.85
    endloop
  endfacet
  facet normal -1 0 0
    outer loop
      vertex 3.05176e-06 22.87 27.85
      vertex 3.05176e-06 4 38.3
      vertex 3.05176e-06 54 38.3
    endloop
  endfacet
  facet normal -1 0 0
    outer loop
      vertex 3.05176e-06 22.87 20.85
      vertex 3.05176e-06 4 38.3
      vertex 3.05176e-06 22.87 27.85
    endloop
  endfacet
  facet normal 0 1 -0
    outer loop
      vertex 83.7 58 5.72205e-07
      vertex 3.99999 58 38.3
      vertex 83.7 58 38.3
    endloop
  endfacet
  facet normal 0 1 0
    outer loop
      vertex 3.99999 58 38.3
      vertex 83.7 58 5.72205e-07
      vertex 3.99999 58 5.72205e-07
    endloop
  endfacet
  facet normal -0.0784755 0.996916 0
    outer loop
      vertex 3.99999 58 5.72205e-07
      vertex 3.37427 57.9507 38.3
      vertex 3.99999 58 38.3
    endloop
  endfacet
  facet normal -0.0784755 0.996916 0
    outer loop
      vertex 3.37427 57.9507 38.3
      vertex 3.99999 58 5.72205e-07
      vertex 3.37427 57.9507 5.72205e-07
    endloop
  endfacet
  facet normal 0.0784736 0.996916 -0
    outer loop
      vertex 84.3257 57.9507 5.72205e-07
      vertex 83.7 58 38.3
      vertex 84.3257 57.9507 38.3
    endloop
  endfacet
  facet normal 0.0784736 0.996916 0
    outer loop
      vertex 83.7 58 38.3
      vertex 84.3257 57.9507 5.72205e-07
      vertex 83.7 58 5.72205e-07
    endloop
  endfacet
  facet normal -0.852644 -0.522492 0
    outer loop
      vertex 0.763934 1.64886 5.72205e-07
      vertex 0.435977 2.18405 38.3
      vertex 0.435977 2.18405 5.72205e-07
    endloop
  endfacet
  facet normal -0.852644 -0.522492 0
    outer loop
      vertex 0.435977 2.18405 38.3
      vertex 0.763934 1.64886 5.72205e-07
      vertex 0.763934 1.64886 38.3
    endloop
  endfacet
  facet normal -0.649439 0.760414 0
    outer loop
      vertex 1.64887 57.2361 5.72205e-07
      vertex 1.17157 56.8284 38.3
      vertex 1.64887 57.2361 38.3
    endloop
  endfacet
  facet normal -0.649439 0.760414 0
    outer loop
      vertex 1.17157 56.8284 38.3
      vertex 1.64887 57.2361 5.72205e-07
      vertex 1.17157 56.8284 5.72205e-07
    endloop
  endfacet
  facet normal -0.52252 0.852627 0
    outer loop
      vertex 2.18404 57.564 5.72205e-07
      vertex 1.64887 57.2361 38.3
      vertex 2.18404 57.564 38.3
    endloop
  endfacet
  facet normal -0.52252 0.852627 0
    outer loop
      vertex 1.64887 57.2361 38.3
      vertex 2.18404 57.564 5.72205e-07
      vertex 1.64887 57.2361 5.72205e-07
    endloop
  endfacet
  facet normal 0.382667 0.923886 -0
    outer loop
      vertex 85.5159 57.564 5.72205e-07
      vertex 84.9361 57.8042 38.3
      vertex 85.5159 57.564 38.3
    endloop
  endfacet
  facet normal 0.382667 0.923886 0
    outer loop
      vertex 84.9361 57.8042 38.3
      vertex 85.5159 57.564 5.72205e-07
      vertex 84.9361 57.8042 5.72205e-07
    endloop
  endfacet
  facet normal 0.996916 -0.0784736 0
    outer loop
      vertex 87.6507 3.37427 38.3
      vertex 87.7 4 5.72205e-07
      vertex 87.7 4 38.3
    endloop
  endfacet
  facet normal 0.996916 -0.0784736 0
    outer loop
      vertex 87.7 4 5.72205e-07
      vertex 87.6507 3.37427 38.3
      vertex 87.6507 3.37427 5.72205e-07
    endloop
  endfacet
  facet normal 0 -1 1.22465e-16
    outer loop
      vertex 3.99999 -5.0333e-15 5.72205e-07
      vertex 83.7 -3.42901e-16 38.3
      vertex 3.99999 -3.42901e-16 38.3
    endloop
  endfacet
  facet normal 0 -1 1.22465e-16
    outer loop
      vertex 83.7 -3.42901e-16 38.3
      vertex 3.99999 -5.0333e-15 5.72205e-07
      vertex 83.7 -5.0333e-15 5.72205e-07
    endloop
  endfacet
  facet normal 0.923886 -0.382667 0
    outer loop
      vertex 87.264 2.18405 38.3
      vertex 87.5042 2.76395 5.72205e-07
      vertex 87.5042 2.76395 38.3
    endloop
  endfacet
  facet normal 0.923886 -0.382667 0
    outer loop
      vertex 87.5042 2.76395 5.72205e-07
      vertex 87.264 2.18405 38.3
      vertex 87.264 2.18405 5.72205e-07
    endloop
  endfacet
  facet normal 0.649451 -0.760403 0
    outer loop
      vertex 86.0511 0.763947 5.72205e-07
      vertex 86.5284 1.17159 38.3
      vertex 86.0511 0.763947 38.3
    endloop
  endfacet
  facet normal 0.649451 -0.760403 0
    outer loop
      vertex 86.5284 1.17159 38.3
      vertex 86.0511 0.763947 5.72205e-07
      vertex 86.5284 1.17159 5.72205e-07
    endloop
  endfacet
  facet normal 0.382667 -0.923886 0
    outer loop
      vertex 84.9361 0.195786 5.72205e-07
      vertex 85.5159 0.435974 38.3
      vertex 84.9361 0.195786 38.3
    endloop
  endfacet
  facet normal 0.382667 -0.923886 0
    outer loop
      vertex 85.5159 0.435974 38.3
      vertex 84.9361 0.195786 5.72205e-07
      vertex 85.5159 0.435974 5.72205e-07
    endloop
  endfacet
  facet normal -0.972368 0.233453 0
    outer loop
      vertex 0.0492584 54.6257 5.72205e-07
      vertex 0.195789 55.2361 38.3
      vertex 0.195789 55.2361 5.72205e-07
    endloop
  endfacet
  facet normal -0.972368 0.233453 0
    outer loop
      vertex 0.195789 55.2361 38.3
      vertex 0.0492584 54.6257 5.72205e-07
      vertex 0.0492584 54.6257 38.3
    endloop
  endfacet
  facet normal -0.996916 0.0784736 0
    outer loop
      vertex 3.05176e-06 54 5.72205e-07
      vertex 0.0492584 54.6257 38.3
      vertex 0.0492584 54.6257 5.72205e-07
    endloop
  endfacet
  facet normal -0.996916 0.0784736 0
    outer loop
      vertex 0.0492584 54.6257 38.3
      vertex 3.05176e-06 54 5.72205e-07
      vertex 3.05176e-06 54 38.3
    endloop
  endfacet
  facet normal -0.996916 -0.0784736 0
    outer loop
      vertex 0.0492584 3.37427 5.72205e-07
      vertex 3.05176e-06 4 38.3
      vertex 3.05176e-06 4 5.72205e-07
    endloop
  endfacet
  facet normal -0.996916 -0.0784736 0
    outer loop
      vertex 3.05176e-06 4 38.3
      vertex 0.0492584 3.37427 5.72205e-07
      vertex 0.0492584 3.37427 38.3
    endloop
  endfacet
  facet normal -0.760403 0.649451 0
    outer loop
      vertex 0.763934 56.3511 5.72205e-07
      vertex 1.17157 56.8284 38.3
      vertex 1.17157 56.8284 5.72205e-07
    endloop
  endfacet
  facet normal -0.760403 0.649451 0
    outer loop
      vertex 1.17157 56.8284 38.3
      vertex 0.763934 56.3511 5.72205e-07
      vertex 0.763934 56.3511 38.3
    endloop
  endfacet
  facet normal 0.233453 0.972368 -0
    outer loop
      vertex 84.9361 57.8042 5.72205e-07
      vertex 84.3257 57.9507 38.3
      vertex 84.9361 57.8042 38.3
    endloop
  endfacet
  facet normal 0.233453 0.972368 0
    outer loop
      vertex 84.3257 57.9507 38.3
      vertex 84.9361 57.8042 5.72205e-07
      vertex 84.3257 57.9507 5.72205e-07
    endloop
  endfacet
  facet normal 0.52251 0.852633 -0
    outer loop
      vertex 86.0511 57.2361 5.72205e-07
      vertex 85.5159 57.564 38.3
      vertex 86.0511 57.2361 38.3
    endloop
  endfacet
  facet normal 0.52251 0.852633 0
    outer loop
      vertex 85.5159 57.564 38.3
      vertex 86.0511 57.2361 5.72205e-07
      vertex 85.5159 57.564 5.72205e-07
    endloop
  endfacet
  facet normal 0.996916 0.0784736 0
    outer loop
      vertex 87.7 54 38.3
      vertex 87.6507 54.6257 5.72205e-07
      vertex 87.6507 54.6257 38.3
    endloop
  endfacet
  facet normal 0.996916 0.0784736 0
    outer loop
      vertex 87.6507 54.6257 5.72205e-07
      vertex 87.7 54 38.3
      vertex 87.7 54 5.72205e-07
    endloop
  endfacet
  facet normal 0.923886 0.382667 0
    outer loop
      vertex 87.5042 55.2361 38.3
      vertex 87.264 55.8159 5.72205e-07
      vertex 87.264 55.8159 38.3
    endloop
  endfacet
  facet normal 0.923886 0.382667 0
    outer loop
      vertex 87.264 55.8159 5.72205e-07
      vertex 87.5042 55.2361 38.3
      vertex 87.5042 55.2361 5.72205e-07
    endloop
  endfacet
  facet normal 0.0784736 -0.996916 1.22087e-16
    outer loop
      vertex 83.7 -5.0333e-15 5.72205e-07
      vertex 84.3257 0.0492554 38.3
      vertex 83.7 -3.42901e-16 38.3
    endloop
  endfacet
  facet normal 0.0784736 -0.996916 0
    outer loop
      vertex 84.3257 0.0492554 38.3
      vertex 83.7 -5.0333e-15 5.72205e-07
      vertex 84.3257 0.0492554 5.72205e-07
    endloop
  endfacet
  facet normal 0.972368 -0.233453 0
    outer loop
      vertex 87.5042 2.76395 38.3
      vertex 87.6507 3.37427 5.72205e-07
      vertex 87.6507 3.37427 38.3
    endloop
  endfacet
  facet normal 0.972368 -0.233453 0
    outer loop
      vertex 87.6507 3.37427 5.72205e-07
      vertex 87.5042 2.76395 38.3
      vertex 87.5042 2.76395 5.72205e-07
    endloop
  endfacet
  facet normal 0.52251 -0.852633 0
    outer loop
      vertex 85.5159 0.435974 5.72205e-07
      vertex 86.0511 0.763947 38.3
      vertex 85.5159 0.435974 38.3
    endloop
  endfacet
  facet normal 0.52251 -0.852633 0
    outer loop
      vertex 86.0511 0.763947 38.3
      vertex 85.5159 0.435974 5.72205e-07
      vertex 86.0511 0.763947 5.72205e-07
    endloop
  endfacet
  facet normal -0.649439 -0.760414 0
    outer loop
      vertex 1.17157 1.17159 5.72205e-07
      vertex 1.64887 0.763947 38.3
      vertex 1.17157 1.17159 38.3
    endloop
  endfacet
  facet normal -0.649439 -0.760414 -0
    outer loop
      vertex 1.64887 0.763947 38.3
      vertex 1.17157 1.17159 5.72205e-07
      vertex 1.64887 0.763947 5.72205e-07
    endloop
  endfacet
  facet normal 0.852633 0.52251 0
    outer loop
      vertex 87.264 55.8159 38.3
      vertex 86.9361 56.3511 5.72205e-07
      vertex 86.9361 56.3511 38.3
    endloop
  endfacet
  facet normal 0.852633 0.52251 0
    outer loop
      vertex 86.9361 56.3511 5.72205e-07
      vertex 87.264 55.8159 38.3
      vertex 87.264 55.8159 5.72205e-07
    endloop
  endfacet
  facet normal 0.233453 -0.972368 0
    outer loop
      vertex 84.3257 0.0492554 5.72205e-07
      vertex 84.9361 0.195786 38.3
      vertex 84.3257 0.0492554 38.3
    endloop
  endfacet
  facet normal 0.233453 -0.972368 0
    outer loop
      vertex 84.9361 0.195786 38.3
      vertex 84.3257 0.0492554 5.72205e-07
      vertex 84.9361 0.195786 5.72205e-07
    endloop
  endfacet
  facet normal -0.52252 -0.852627 0
    outer loop
      vertex 1.64887 0.763947 5.72205e-07
      vertex 2.18404 0.435974 38.3
      vertex 1.64887 0.763947 38.3
    endloop
  endfacet
  facet normal -0.52252 -0.852627 -0
    outer loop
      vertex 2.18404 0.435974 38.3
      vertex 1.64887 0.763947 5.72205e-07
      vertex 2.18404 0.435974 5.72205e-07
    endloop
  endfacet
  facet normal -0.382667 -0.923886 0
    outer loop
      vertex 2.18404 0.435974 5.72205e-07
      vertex 2.76393 0.195786 38.3
      vertex 2.18404 0.435974 38.3
    endloop
  endfacet
  facet normal -0.382667 -0.923886 -0
    outer loop
      vertex 2.76393 0.195786 38.3
      vertex 2.18404 0.435974 5.72205e-07
      vertex 2.76393 0.195786 5.72205e-07
    endloop
  endfacet
  facet normal 0.760403 -0.649451 0
    outer loop
      vertex 86.5284 1.17159 38.3
      vertex 86.9361 1.64886 5.72205e-07
      vertex 86.9361 1.64886 38.3
    endloop
  endfacet
  facet normal 0.760403 -0.649451 0
    outer loop
      vertex 86.9361 1.64886 5.72205e-07
      vertex 86.5284 1.17159 38.3
      vertex 86.5284 1.17159 5.72205e-07
    endloop
  endfacet
  facet normal 0.852633 -0.52251 0
    outer loop
      vertex 86.9361 1.64886 38.3
      vertex 87.264 2.18405 5.72205e-07
      vertex 87.264 2.18405 38.3
    endloop
  endfacet
  facet normal 0.852633 -0.52251 0
    outer loop
      vertex 87.264 2.18405 5.72205e-07
      vertex 86.9361 1.64886 38.3
      vertex 86.9361 1.64886 5.72205e-07
    endloop
  endfacet
  facet normal -0.852644 0.522492 0
    outer loop
      vertex 0.435977 55.8159 5.72205e-07
      vertex 0.763934 56.3511 38.3
      vertex 0.763934 56.3511 5.72205e-07
    endloop
  endfacet
  facet normal -0.852644 0.522492 0
    outer loop
      vertex 0.763934 56.3511 38.3
      vertex 0.435977 55.8159 5.72205e-07
      vertex 0.435977 55.8159 38.3
    endloop
  endfacet
  facet normal -0.923886 0.382667 0
    outer loop
      vertex 0.195789 55.2361 5.72205e-07
      vertex 0.435977 55.8159 38.3
      vertex 0.435977 55.8159 5.72205e-07
    endloop
  endfacet
  facet normal -0.923886 0.382667 0
    outer loop
      vertex 0.435977 55.8159 38.3
      vertex 0.195789 55.2361 5.72205e-07
      vertex 0.195789 55.2361 38.3
    endloop
  endfacet
  facet normal -0.760403 -0.649451 0
    outer loop
      vertex 1.17157 1.17159 5.72205e-07
      vertex 0.763934 1.64886 38.3
      vertex 0.763934 1.64886 5.72205e-07
    endloop
  endfacet
  facet normal -0.760403 -0.649451 0
    outer loop
      vertex 0.763934 1.64886 38.3
      vertex 1.17157 1.17159 5.72205e-07
      vertex 1.17157 1.17159 38.3
    endloop
  endfacet
  facet normal -0.972368 -0.233453 0
    outer loop
      vertex 0.195789 2.76395 5.72205e-07
      vertex 0.0492584 3.37427 38.3
      vertex 0.0492584 3.37427 5.72205e-07
    endloop
  endfacet
  facet normal -0.972368 -0.233453 0
    outer loop
      vertex 0.0492584 3.37427 38.3
      vertex 0.195789 2.76395 5.72205e-07
      vertex 0.195789 2.76395 38.3
    endloop
  endfacet
  facet normal -0.923886 -0.382667 0
    outer loop
      vertex 0.435977 2.18405 5.72205e-07
      vertex 0.195789 2.76395 38.3
      vertex 0.195789 2.76395 5.72205e-07
    endloop
  endfacet
  facet normal -0.923886 -0.382667 0
    outer loop
      vertex 0.195789 2.76395 38.3
      vertex 0.435977 2.18405 5.72205e-07
      vertex 0.435977 2.18405 38.3
    endloop
  endfacet
  facet normal 0.760403 0.649451 0
    outer loop
      vertex 86.9361 56.3511 38.3
      vertex 86.5284 56.8284 5.72205e-07
      vertex 86.5284 56.8284 38.3
    endloop
  endfacet
  facet normal 0.760403 0.649451 0
    outer loop
      vertex 86.5284 56.8284 5.72205e-07
      vertex 86.9361 56.3511 38.3
      vertex 86.9361 56.3511 5.72205e-07
    endloop
  endfacet
  facet normal 0.972368 0.233453 0
    outer loop
      vertex 87.6507 54.6257 38.3
      vertex 87.5042 55.2361 5.72205e-07
      vertex 87.5042 55.2361 38.3
    endloop
  endfacet
  facet normal 0.972368 0.233453 0
    outer loop
      vertex 87.5042 55.2361 5.72205e-07
      vertex 87.6507 54.6257 38.3
      vertex 87.6507 54.6257 5.72205e-07
    endloop
  endfacet
  facet normal -0.233447 -0.972369 0
    outer loop
      vertex 2.76393 0.195786 5.72205e-07
      vertex 3.37427 0.0492554 38.3
      vertex 2.76393 0.195786 38.3
    endloop
  endfacet
  facet normal -0.233447 -0.972369 -0
    outer loop
      vertex 3.37427 0.0492554 38.3
      vertex 2.76393 0.195786 5.72205e-07
      vertex 3.37427 0.0492554 5.72205e-07
    endloop
  endfacet
  facet normal -0.0784755 -0.996916 0
    outer loop
      vertex 3.37427 0.0492554 5.72205e-07
      vertex 3.99999 -3.42901e-16 38.3
      vertex 3.37427 0.0492554 38.3
    endloop
  endfacet
  facet normal -0.0784755 -0.996916 1.22087e-16
    outer loop
      vertex 3.99999 -3.42901e-16 38.3
      vertex 3.37427 0.0492554 5.72205e-07
      vertex 3.99999 -5.0333e-15 5.72205e-07
    endloop
  endfacet
  facet normal 0.972365 -0.233467 0
    outer loop
      vertex 1.82709 54.3441 38.3
      vertex 1.90769 54.6798 1.6
      vertex 1.90769 54.6798 38.3
    endloop
  endfacet
  facet normal 0.972365 -0.233467 0
    outer loop
      vertex 1.90769 54.6798 1.6
      vertex 1.82709 54.3441 38.3
      vertex 1.82709 54.3441 1.6
    endloop
  endfacet
  facet normal 1 0 0
    outer loop
      vertex 1.80001 54 38.3
      vertex 1.80001 53.75 11.2
      vertex 1.80001 54 1.6
    endloop
  endfacet
  facet normal 1 -0 0
    outer loop
      vertex 1.80001 34.87 27.85
      vertex 1.80001 53.75 11.2
      vertex 1.80001 54 38.3
    endloop
  endfacet
  facet normal 1 0 0
    outer loop
      vertex 1.80001 53.75 11.2
      vertex 1.80001 34.87 20.85
      vertex 1.80001 40.25 11.2
    endloop
  endfacet
  facet normal 1 0 0
    outer loop
      vertex 1.80001 53.75 11.2
      vertex 1.80001 34.87 27.85
      vertex 1.80001 34.87 20.85
    endloop
  endfacet
  facet normal 1 0 0
    outer loop
      vertex 1.80001 54 38.3
      vertex 1.80001 22.87 27.85
      vertex 1.80001 34.87 27.85
    endloop
  endfacet
  facet normal 1 0 0
    outer loop
      vertex 1.80001 22.87 27.85
      vertex 1.80001 4 38.3
      vertex 1.80001 22.87 20.85
    endloop
  endfacet
  facet normal 1 -0 0
    outer loop
      vertex 1.80001 4 38.3
      vertex 1.80001 22.87 27.85
      vertex 1.80001 54 38.3
    endloop
  endfacet
  facet normal 1 -0 0
    outer loop
      vertex 1.80001 53.75 2.8
      vertex 1.80001 54 1.6
      vertex 1.80001 53.75 11.2
    endloop
  endfacet
  facet normal 1 -0 0
    outer loop
      vertex 1.80001 40.25 2.8
      vertex 1.80001 54 1.6
      vertex 1.80001 53.75 2.8
    endloop
  endfacet
  facet normal 1 -0 0
    outer loop
      vertex 1.80001 22.87 20.85
      vertex 1.80001 40.25 11.2
      vertex 1.80001 34.87 20.85
    endloop
  endfacet
  facet normal 1 0 0
    outer loop
      vertex 1.80001 40.25 11.2
      vertex 1.80001 22.87 20.85
      vertex 1.80001 40.25 2.8
    endloop
  endfacet
  facet normal 1 0 0
    outer loop
      vertex 1.80001 4 1.6
      vertex 1.80001 22.87 20.85
      vertex 1.80001 4 38.3
    endloop
  endfacet
  facet normal 1 0 0
    outer loop
      vertex 1.80001 40.25 2.8
      vertex 1.80001 4 1.6
      vertex 1.80001 54 1.6
    endloop
  endfacet
  facet normal 1 0 0
    outer loop
      vertex 1.80001 22.87 20.85
      vertex 1.80001 4 1.6
      vertex 1.80001 40.25 2.8
    endloop
  endfacet
  facet normal -0.996917 0.0784574 0
    outer loop
      vertex 85.8729 3.65585 1.6
      vertex 85.9 4 38.3
      vertex 85.9 4 1.6
    endloop
  endfacet
  facet normal -0.996917 0.0784574 0
    outer loop
      vertex 85.9 4 38.3
      vertex 85.8729 3.65585 1.6
      vertex 85.8729 3.65585 38.3
    endloop
  endfacet
  facet normal 0.996917 -0.0784574 0
    outer loop
      vertex 1.80001 54 38.3
      vertex 1.82709 54.3441 1.6
      vertex 1.82709 54.3441 38.3
    endloop
  endfacet
  facet normal 0.996917 -0.0784574 0
    outer loop
      vertex 1.82709 54.3441 1.6
      vertex 1.80001 54 38.3
      vertex 1.80001 54 1.6
    endloop
  endfacet
  facet normal 0.0784609 -0.996917 0
    outer loop
      vertex 3.65586 56.1729 1.6
      vertex 3.99999 56.2 38.3
      vertex 3.65586 56.1729 38.3
    endloop
  endfacet
  facet normal 0.0784609 -0.996917 0
    outer loop
      vertex 3.99999 56.2 38.3
      vertex 3.65586 56.1729 1.6
      vertex 3.99999 56.2 1.6
    endloop
  endfacet
  facet normal 0 1 0
    outer loop
      vertex 74.8779 1.8 7
      vertex 83.7 1.8 38.3
      vertex 82.5221 1.8 7
    endloop
  endfacet
  facet normal 0 1 -0
    outer loop
      vertex 83.7 1.8 1.6
      vertex 82.5221 1.8 7
      vertex 83.7 1.8 38.3
    endloop
  endfacet
  facet normal 0 1 0
    outer loop
      vertex 82.5221 1.8 7
      vertex 83.7 1.8 1.6
      vertex 82.5221 1.8 1.6
    endloop
  endfacet
  facet normal 0 1 0
    outer loop
      vertex 83.7 1.8 38.3
      vertex 74.8779 1.8 7
      vertex 3.99999 1.8 38.3
    endloop
  endfacet
  facet normal 0 1 0
    outer loop
      vertex 3.99999 1.8 1.6
      vertex 74.8779 1.8 7
      vertex 74.8779 1.8 1.6
    endloop
  endfacet
  facet normal 0 1 0
    outer loop
      vertex 74.8779 1.8 7
      vertex 3.99999 1.8 1.6
      vertex 3.99999 1.8 38.3
    endloop
  endfacet
  facet normal -0.522481 -0.852651 0
    outer loop
      vertex 84.6988 55.9602 1.6
      vertex 84.9931 55.7798 38.3
      vertex 84.6988 55.9602 38.3
    endloop
  endfacet
  facet normal -0.522481 -0.852651 -0
    outer loop
      vertex 84.9931 55.7798 38.3
      vertex 84.6988 55.9602 1.6
      vertex 84.9931 55.7798 1.6
    endloop
  endfacet
  facet normal 0 0 1
    outer loop
      vertex 44.0579 7.73524 1.6
      vertex 30.3421 7.73524 1.6
      vertex 30.4 7 1.6
    endloop
  endfacet
  facet normal 0 0 1
    outer loop
      vertex 44.5123 9.13376 1.6
      vertex 30.17 8.45239 1.6
      vertex 30.3421 7.73524 1.6
    endloop
  endfacet
  facet normal 0 0 1
    outer loop
      vertex 44.5123 9.13376 1.6
      vertex 29.8877 9.13376 1.6
      vertex 30.17 8.45239 1.6
    endloop
  endfacet
  facet normal 0 0 1
    outer loop
      vertex 42.7284 18.089 1.6
      vertex 29.5024 9.7626 1.6
      vertex 29.8877 9.13376 1.6
    endloop
  endfacet
  facet normal 0 0 1
    outer loop
      vertex 42.7284 18.089 1.6
      vertex 29.0234 10.3234 1.6
      vertex 29.5024 9.7626 1.6
    endloop
  endfacet
  facet normal 0 0 1
    outer loop
      vertex 42.7284 18.089 1.6
      vertex 28.4626 10.8024 1.6
      vertex 29.0234 10.3234 1.6
    endloop
  endfacet
  facet normal 0 0 1
    outer loop
      vertex 42.7284 18.089 1.6
      vertex 27.8337 11.1877 1.6
      vertex 28.4626 10.8024 1.6
    endloop
  endfacet
  facet normal 0 0 1
    outer loop
      vertex 42.7284 18.089 1.6
      vertex 27.1524 11.47 1.6
      vertex 27.8337 11.1877 1.6
    endloop
  endfacet
  facet normal 0 0 1
    outer loop
      vertex 42.7284 18.089 1.6
      vertex 26.4352 11.6421 1.6
      vertex 27.1524 11.47 1.6
    endloop
  endfacet
  facet normal 0 0 1
    outer loop
      vertex 42.7284 18.089 1.6
      vertex 25.7 11.7 1.6
      vertex 26.4352 11.6421 1.6
    endloop
  endfacet
  facet normal -0 0 1
    outer loop
      vertex 12.7284 18.089 1.6
      vertex 25.7 11.7 1.6
      vertex 42.7284 18.089 1.6
    endloop
  endfacet
  facet normal 0 0 1
    outer loop
      vertex 25.7 11.7 1.6
      vertex 12.7284 18.089 1.6
      vertex 24.9648 11.6421 1.6
    endloop
  endfacet
  facet normal 0 0 1
    outer loop
      vertex 3.99999 1.8 1.6
      vertex 21.0579 7.73524 1.6
      vertex 12.7284 18.089 1.6
    endloop
  endfacet
  facet normal 0 0 1
    outer loop
      vertex 21.23 8.45239 1.6
      vertex 12.7284 18.089 1.6
      vertex 21.0579 7.73524 1.6
    endloop
  endfacet
  facet normal 0 0 1
    outer loop
      vertex 21.5123 9.13376 1.6
      vertex 12.7284 18.089 1.6
      vertex 21.23 8.45239 1.6
    endloop
  endfacet
  facet normal 0 0 1
    outer loop
      vertex 21.8976 9.7626 1.6
      vertex 12.7284 18.089 1.6
      vertex 21.5123 9.13376 1.6
    endloop
  endfacet
  facet normal 0 0 1
    outer loop
      vertex 22.3766 10.3234 1.6
      vertex 12.7284 18.089 1.6
      vertex 21.8976 9.7626 1.6
    endloop
  endfacet
  facet normal 0 0 1
    outer loop
      vertex 22.9374 10.8024 1.6
      vertex 12.7284 18.089 1.6
      vertex 22.3766 10.3234 1.6
    endloop
  endfacet
  facet normal 0 0 1
    outer loop
      vertex 23.5662 11.1877 1.6
      vertex 12.7284 18.089 1.6
      vertex 22.9374 10.8024 1.6
    endloop
  endfacet
  facet normal 0 0 1
    outer loop
      vertex 24.2476 11.47 1.6
      vertex 12.7284 18.089 1.6
      vertex 23.5662 11.1877 1.6
    endloop
  endfacet
  facet normal 0 0 1
    outer loop
      vertex 24.9648 11.6421 1.6
      vertex 12.7284 18.089 1.6
      vertex 24.2476 11.47 1.6
    endloop
  endfacet
  facet normal 0 0 1
    outer loop
      vertex 29.8877 49.0662 1.6
      vertex 44.5123 49.0662 1.6
      vertex 30.17 49.7476 1.6
    endloop
  endfacet
  facet normal 0 0 1
    outer loop
      vertex 44.5123 49.0662 1.6
      vertex 29.8877 49.0662 1.6
      vertex 44.8976 48.4374 1.6
    endloop
  endfacet
  facet normal 0 0 1
    outer loop
      vertex 29.5024 48.4374 1.6
      vertex 44.8976 48.4374 1.6
      vertex 29.8877 49.0662 1.6
    endloop
  endfacet
  facet normal 0 0 1
    outer loop
      vertex 44.8976 48.4374 1.6
      vertex 29.5024 48.4374 1.6
      vertex 42.7284 35.589 1.6
    endloop
  endfacet
  facet normal -0 0 1
    outer loop
      vertex 29.0234 47.8766 1.6
      vertex 42.7284 35.589 1.6
      vertex 29.5024 48.4374 1.6
    endloop
  endfacet
  facet normal -0 0 1
    outer loop
      vertex 28.4626 47.3976 1.6
      vertex 42.7284 35.589 1.6
      vertex 29.0234 47.8766 1.6
    endloop
  endfacet
  facet normal -0 0 1
    outer loop
      vertex 27.8337 47.0123 1.6
      vertex 42.7284 35.589 1.6
      vertex 28.4626 47.3976 1.6
    endloop
  endfacet
  facet normal -0 0 1
    outer loop
      vertex 27.1524 46.73 1.6
      vertex 42.7284 35.589 1.6
      vertex 27.8337 47.0123 1.6
    endloop
  endfacet
  facet normal -0 0 1
    outer loop
      vertex 26.4352 46.5579 1.6
      vertex 42.7284 35.589 1.6
      vertex 27.1524 46.73 1.6
    endloop
  endfacet
  facet normal 0 0 1
    outer loop
      vertex 12.7284 35.589 1.6
      vertex 26.4352 46.5579 1.6
      vertex 25.7 46.5 1.6
    endloop
  endfacet
  facet normal 0 0 1
    outer loop
      vertex 12.7284 35.589 1.6
      vertex 25.7 46.5 1.6
      vertex 24.9648 46.5579 1.6
    endloop
  endfacet
  facet normal 0 0 1
    outer loop
      vertex 12.7284 35.589 1.6
      vertex 24.9648 46.5579 1.6
      vertex 24.2476 46.73 1.6
    endloop
  endfacet
  facet normal 0 0 1
    outer loop
      vertex 12.7284 35.589 1.6
      vertex 24.2476 46.73 1.6
      vertex 23.5662 47.0123 1.6
    endloop
  endfacet
  facet normal 0 0 1
    outer loop
      vertex 26.4352 46.5579 1.6
      vertex 12.7284 35.589 1.6
      vertex 42.7284 35.589 1.6
    endloop
  endfacet
  facet normal 0 0 1
    outer loop
      vertex 22.9374 47.3976 1.6
      vertex 12.7284 35.589 1.6
      vertex 23.5662 47.0123 1.6
    endloop
  endfacet
  facet normal 0 0 1
    outer loop
      vertex 22.3766 47.8766 1.6
      vertex 12.7284 35.589 1.6
      vertex 22.9374 47.3976 1.6
    endloop
  endfacet
  facet normal 0 0 1
    outer loop
      vertex 21.8976 48.4374 1.6
      vertex 12.7284 35.589 1.6
      vertex 22.3766 47.8766 1.6
    endloop
  endfacet
  facet normal 0 0 1
    outer loop
      vertex 21.5123 49.0662 1.6
      vertex 12.7284 35.589 1.6
      vertex 21.8976 48.4374 1.6
    endloop
  endfacet
  facet normal 0 0 1
    outer loop
      vertex 21.23 49.7476 1.6
      vertex 12.7284 35.589 1.6
      vertex 21.5123 49.0662 1.6
    endloop
  endfacet
  facet normal 0 0 1
    outer loop
      vertex 1.80001 54 1.6
      vertex 21.23 49.7476 1.6
      vertex 21.0579 50.4648 1.6
    endloop
  endfacet
  facet normal 0 0 1
    outer loop
      vertex 3.99999 56.2 1.6
      vertex 21.0579 50.4648 1.6
      vertex 21 51.2 1.6
    endloop
  endfacet
  facet normal 0 0 1
    outer loop
      vertex 47.1396 22.3811 1.6
      vertex 49.9478 22.3811 1.6
      vertex 47.238 22.5416 1.6
    endloop
  endfacet
  facet normal 0 0 1
    outer loop
      vertex 49.9478 22.3811 1.6
      vertex 47.1396 22.3811 1.6
      vertex 50.0701 22.2379 1.6
    endloop
  endfacet
  facet normal 0 0 1
    outer loop
      vertex 47.0173 22.2379 1.6
      vertex 50.0701 22.2379 1.6
      vertex 47.1396 22.3811 1.6
    endloop
  endfacet
  facet normal 0 0 1
    outer loop
      vertex 50.0701 22.2379 1.6
      vertex 47.0173 22.2379 1.6
      vertex 50.2133 22.1156 1.6
    endloop
  endfacet
  facet normal 0 0 1
    outer loop
      vertex 46.8741 22.1156 1.6
      vertex 50.2133 22.1156 1.6
      vertex 47.0173 22.2379 1.6
    endloop
  endfacet
  facet normal 0 0 1
    outer loop
      vertex 46.7136 22.0172 1.6
      vertex 50.2133 22.1156 1.6
      vertex 46.8741 22.1156 1.6
    endloop
  endfacet
  facet normal 0 0 1
    outer loop
      vertex 46.5396 21.9451 1.6
      vertex 50.2133 22.1156 1.6
      vertex 46.7136 22.0172 1.6
    endloop
  endfacet
  facet normal 0 0 1
    outer loop
      vertex 50.2133 22.1156 1.6
      vertex 46.5396 21.9451 1.6
      vertex 47.9648 11.6421 1.6
    endloop
  endfacet
  facet normal -0 0 1
    outer loop
      vertex 42.7284 18.089 1.6
      vertex 47.9648 11.6421 1.6
      vertex 46.5396 21.9451 1.6
    endloop
  endfacet
  facet normal 0 0 1
    outer loop
      vertex 47.9648 11.6421 1.6
      vertex 42.7284 18.089 1.6
      vertex 47.2476 11.47 1.6
    endloop
  endfacet
  facet normal 0 0 1
    outer loop
      vertex 42.7284 18.089 1.6
      vertex 46.5396 21.9451 1.6
      vertex 46.3565 21.9012 1.6
    endloop
  endfacet
  facet normal 0 0 1
    outer loop
      vertex 42.7284 18.089 1.6
      vertex 46.3565 21.9012 1.6
      vertex 46.1688 21.8864 1.6
    endloop
  endfacet
  facet normal 0 0 1
    outer loop
      vertex 42.7284 18.089 1.6
      vertex 46.1688 21.8864 1.6
      vertex 45.9811 21.9012 1.6
    endloop
  endfacet
  facet normal 0 0 1
    outer loop
      vertex 47.2476 11.47 1.6
      vertex 42.7284 18.089 1.6
      vertex 46.5662 11.1877 1.6
    endloop
  endfacet
  facet normal 0 0 1
    outer loop
      vertex 42.7284 18.089 1.6
      vertex 45.9811 21.9012 1.6
      vertex 45.798 21.9451 1.6
    endloop
  endfacet
  facet normal 0 0 1
    outer loop
      vertex 42.7284 18.089 1.6
      vertex 45.798 21.9451 1.6
      vertex 45.624 22.0172 1.6
    endloop
  endfacet
  facet normal 0 0 1
    outer loop
      vertex 42.7284 18.089 1.6
      vertex 45.624 22.0172 1.6
      vertex 45.4635 22.1156 1.6
    endloop
  endfacet
  facet normal 0 0 1
    outer loop
      vertex 46.5662 11.1877 1.6
      vertex 42.7284 18.089 1.6
      vertex 45.9374 10.8024 1.6
    endloop
  endfacet
  facet normal 0 0 1
    outer loop
      vertex 42.7284 18.089 1.6
      vertex 45.4635 22.1156 1.6
      vertex 45.3203 22.2379 1.6
    endloop
  endfacet
  facet normal 0 0 1
    outer loop
      vertex 42.7284 18.089 1.6
      vertex 45.3203 22.2379 1.6
      vertex 45.198 22.3811 1.6
    endloop
  endfacet
  facet normal 0 0 1
    outer loop
      vertex 42.7284 18.089 1.6
      vertex 45.198 22.3811 1.6
      vertex 45.0996 22.5416 1.6
    endloop
  endfacet
  facet normal 0 0 1
    outer loop
      vertex 42.7284 18.089 1.6
      vertex 45.0996 22.5416 1.6
      vertex 45.0275 22.7156 1.6
    endloop
  endfacet
  facet normal 0 0 1
    outer loop
      vertex 42.7284 18.089 1.6
      vertex 45.0275 22.7156 1.6
      vertex 44.9836 22.8987 1.6
    endloop
  endfacet
  facet normal 0 0 1
    outer loop
      vertex 42.7284 18.089 1.6
      vertex 44.9836 22.8987 1.6
      vertex 44.9688 23.0864 1.6
    endloop
  endfacet
  facet normal 0 0 1
    outer loop
      vertex 45.9374 10.8024 1.6
      vertex 42.7284 18.089 1.6
      vertex 45.3766 10.3234 1.6
    endloop
  endfacet
  facet normal 0 0 1
    outer loop
      vertex 42.7284 18.089 1.6
      vertex 44.9836 23.2741 1.6
      vertex 42.7284 35.589 1.6
    endloop
  endfacet
  facet normal 0 0 1
    outer loop
      vertex 30.17 49.7476 1.6
      vertex 44.23 49.7476 1.6
      vertex 30.3421 50.4648 1.6
    endloop
  endfacet
  facet normal 0 0 1
    outer loop
      vertex 44.9836 23.2741 1.6
      vertex 42.7284 18.089 1.6
      vertex 44.9688 23.0864 1.6
    endloop
  endfacet
  facet normal 0 0 1
    outer loop
      vertex 44.0579 50.4648 1.6
      vertex 30.3421 50.4648 1.6
      vertex 44.23 49.7476 1.6
    endloop
  endfacet
  facet normal 0 0 1
    outer loop
      vertex 45.3766 10.3234 1.6
      vertex 42.7284 18.089 1.6
      vertex 44.8976 9.7626 1.6
    endloop
  endfacet
  facet normal 0 0 1
    outer loop
      vertex 30.3421 50.4648 1.6
      vertex 44.0579 50.4648 1.6
      vertex 30.4 51.2 1.6
    endloop
  endfacet
  facet normal 0 0 1
    outer loop
      vertex 44.8976 9.7626 1.6
      vertex 42.7284 18.089 1.6
      vertex 44.5123 9.13376 1.6
    endloop
  endfacet
  facet normal -0 0 1
    outer loop
      vertex 30.4 51.2 1.6
      vertex 44.0579 50.4648 1.6
      vertex 44 51.2 1.6
    endloop
  endfacet
  facet normal 0 0 1
    outer loop
      vertex 29.8877 9.13376 1.6
      vertex 44.5123 9.13376 1.6
      vertex 42.7284 18.089 1.6
    endloop
  endfacet
  facet normal -0 0 1
    outer loop
      vertex 53.17 49.7476 1.6
      vertex 68.7 48.2 1.6
      vertex 53.3421 50.4648 1.6
    endloop
  endfacet
  facet normal 0 0 1
    outer loop
      vertex 68.7 48.2 1.6
      vertex 53.3421 7.73524 1.6
      vertex 53.4 7 1.6
    endloop
  endfacet
  facet normal -0 0 1
    outer loop
      vertex 52.8877 49.0662 1.6
      vertex 68.7 48.2 1.6
      vertex 53.17 49.7476 1.6
    endloop
  endfacet
  facet normal 0 0 1
    outer loop
      vertex 52.1038 22.8987 1.6
      vertex 68.7 48.2 1.6
      vertex 52.1186 23.0864 1.6
    endloop
  endfacet
  facet normal -0 0 1
    outer loop
      vertex 52.5024 48.4374 1.6
      vertex 68.7 48.2 1.6
      vertex 52.8877 49.0662 1.6
    endloop
  endfacet
  facet normal 0 0 1
    outer loop
      vertex 68.7 48.2 1.6
      vertex 53.17 8.45239 1.6
      vertex 53.3421 7.73524 1.6
    endloop
  endfacet
  facet normal 0 0 1
    outer loop
      vertex 52.0234 47.8766 1.6
      vertex 68.7 48.2 1.6
      vertex 52.5024 48.4374 1.6
    endloop
  endfacet
  facet normal 0 0 1
    outer loop
      vertex 68.7 48.2 1.6
      vertex 52.1038 22.8987 1.6
      vertex 53.17 8.45239 1.6
    endloop
  endfacet
  facet normal -0 0 1
    outer loop
      vertex 52.0599 22.7156 1.6
      vertex 53.17 8.45239 1.6
      vertex 52.1038 22.8987 1.6
    endloop
  endfacet
  facet normal 0 0 1
    outer loop
      vertex 68.7 48.2 1.6
      vertex 52.1038 23.2741 1.6
      vertex 52.1186 23.0864 1.6
    endloop
  endfacet
  facet normal 0 0 1
    outer loop
      vertex 68.7 48.2 1.6
      vertex 52.0599 23.4572 1.6
      vertex 52.1038 23.2741 1.6
    endloop
  endfacet
  facet normal 0 0 1
    outer loop
      vertex 51.4626 47.3976 1.6
      vertex 68.7 48.2 1.6
      vertex 52.0234 47.8766 1.6
    endloop
  endfacet
  facet normal 0 0 1
    outer loop
      vertex 68.7 48.2 1.6
      vertex 51.9878 23.6312 1.6
      vertex 52.0599 23.4572 1.6
    endloop
  endfacet
  facet normal 0 0 1
    outer loop
      vertex 68.7 48.2 1.6
      vertex 51.8894 23.7917 1.6
      vertex 51.9878 23.6312 1.6
    endloop
  endfacet
  facet normal 0 0 1
    outer loop
      vertex 68.7 48.2 1.6
      vertex 51.7671 23.9349 1.6
      vertex 51.8894 23.7917 1.6
    endloop
  endfacet
  facet normal 0 0 1
    outer loop
      vertex 68.7 48.2 1.6
      vertex 51.6239 24.0572 1.6
      vertex 51.7671 23.9349 1.6
    endloop
  endfacet
  facet normal 0 0 1
    outer loop
      vertex 68.7 48.2 1.6
      vertex 51.4626 47.3976 1.6
      vertex 51.6239 24.0572 1.6
    endloop
  endfacet
  facet normal 0 0 1
    outer loop
      vertex 51.6239 24.0572 1.6
      vertex 51.4626 47.3976 1.6
      vertex 51.4634 24.1556 1.6
    endloop
  endfacet
  facet normal -0 0 1
    outer loop
      vertex 50.8337 47.0123 1.6
      vertex 51.4634 24.1556 1.6
      vertex 51.4626 47.3976 1.6
    endloop
  endfacet
  facet normal 0 0 1
    outer loop
      vertex 51.4634 24.1556 1.6
      vertex 50.8337 47.0123 1.6
      vertex 51.2894 24.2277 1.6
    endloop
  endfacet
  facet normal -0 0 1
    outer loop
      vertex 50.1524 46.73 1.6
      vertex 51.2894 24.2277 1.6
      vertex 50.8337 47.0123 1.6
    endloop
  endfacet
  facet normal -0 0 1
    outer loop
      vertex 42.7284 35.589 1.6
      vertex 51.2894 24.2277 1.6
      vertex 50.1524 46.73 1.6
    endloop
  endfacet
  facet normal 0 0 1
    outer loop
      vertex 42.7284 35.589 1.6
      vertex 50.1524 46.73 1.6
      vertex 49.4352 46.5579 1.6
    endloop
  endfacet
  facet normal 0 0 1
    outer loop
      vertex 51.2894 24.2277 1.6
      vertex 42.7284 35.589 1.6
      vertex 51.1063 24.2716 1.6
    endloop
  endfacet
  facet normal 0 0 1
    outer loop
      vertex 51.1063 24.2716 1.6
      vertex 42.7284 35.589 1.6
      vertex 50.9186 24.2864 1.6
    endloop
  endfacet
  facet normal 0 0 1
    outer loop
      vertex 42.7284 35.589 1.6
      vertex 49.4352 46.5579 1.6
      vertex 48.7 46.5 1.6
    endloop
  endfacet
  facet normal 0 0 1
    outer loop
      vertex 50.9186 24.2864 1.6
      vertex 42.7284 35.589 1.6
      vertex 50.7309 24.2716 1.6
    endloop
  endfacet
  facet normal 0 0 1
    outer loop
      vertex 42.7284 35.589 1.6
      vertex 50.5478 24.2277 1.6
      vertex 50.7309 24.2716 1.6
    endloop
  endfacet
  facet normal 0 0 1
    outer loop
      vertex 42.7284 35.589 1.6
      vertex 46.5396 24.2277 1.6
      vertex 50.5478 24.2277 1.6
    endloop
  endfacet
  facet normal 0 0 1
    outer loop
      vertex 50.5478 24.2277 1.6
      vertex 46.5396 24.2277 1.6
      vertex 50.3738 24.1556 1.6
    endloop
  endfacet
  facet normal 0 0 1
    outer loop
      vertex 50.3738 24.1556 1.6
      vertex 46.7136 24.1556 1.6
      vertex 50.2133 24.0572 1.6
    endloop
  endfacet
  facet normal 0 0 1
    outer loop
      vertex 50.2133 24.0572 1.6
      vertex 46.8741 24.0572 1.6
      vertex 50.0701 23.9349 1.6
    endloop
  endfacet
  facet normal 0 -0 1
    outer loop
      vertex 47.0173 23.9349 1.6
      vertex 50.0701 23.9349 1.6
      vertex 46.8741 24.0572 1.6
    endloop
  endfacet
  facet normal 0 -0 1
    outer loop
      vertex 47.1396 23.7917 1.6
      vertex 49.9478 23.7917 1.6
      vertex 47.0173 23.9349 1.6
    endloop
  endfacet
  facet normal 0 0 1
    outer loop
      vertex 73.7616 53.7822 1.6
      vertex 68.7 48.2 1.6
      vertex 73.7 53 1.6
    endloop
  endfacet
  facet normal 0 0 1
    outer loop
      vertex 73.9447 54.5451 1.6
      vertex 68.7 48.2 1.6
      vertex 73.7616 53.7822 1.6
    endloop
  endfacet
  facet normal 0 0 1
    outer loop
      vertex 52.8877 53.3337 1.6
      vertex 73.9447 54.5451 1.6
      vertex 74.245 55.27 1.6
    endloop
  endfacet
  facet normal 0 0 1
    outer loop
      vertex 52.5024 53.9626 1.6
      vertex 74.245 55.27 1.6
      vertex 74.6549 55.9389 1.6
    endloop
  endfacet
  facet normal -0 0 1
    outer loop
      vertex 53.3421 50.4648 1.6
      vertex 68.7 48.2 1.6
      vertex 53.4 51.2 1.6
    endloop
  endfacet
  facet normal 0 0 1
    outer loop
      vertex 73.9447 54.5451 1.6
      vertex 52.8877 53.3337 1.6
      vertex 68.7 48.2 1.6
    endloop
  endfacet
  facet normal 0 0 1
    outer loop
      vertex 52.0234 54.5234 1.6
      vertex 74.6549 55.9389 1.6
      vertex 74.8779 56.2 1.6
    endloop
  endfacet
  facet normal 0 0 1
    outer loop
      vertex 68.7 48.2 1.6
      vertex 53.3421 51.9352 1.6
      vertex 53.4 51.2 1.6
    endloop
  endfacet
  facet normal 0 0 1
    outer loop
      vertex 68.7 48.2 1.6
      vertex 53.17 52.6524 1.6
      vertex 53.3421 51.9352 1.6
    endloop
  endfacet
  facet normal 0 0 1
    outer loop
      vertex 68.7 48.2 1.6
      vertex 52.8877 53.3337 1.6
      vertex 53.17 52.6524 1.6
    endloop
  endfacet
  facet normal 0 0 1
    outer loop
      vertex 74.245 55.27 1.6
      vertex 52.5024 53.9626 1.6
      vertex 52.8877 53.3337 1.6
    endloop
  endfacet
  facet normal 0 0 1
    outer loop
      vertex 74.6549 55.9389 1.6
      vertex 52.0234 54.5234 1.6
      vertex 52.5024 53.9626 1.6
    endloop
  endfacet
  facet normal 0 0 1
    outer loop
      vertex 74.8779 56.2 1.6
      vertex 51.4626 55.0024 1.6
      vertex 52.0234 54.5234 1.6
    endloop
  endfacet
  facet normal 0 0 1
    outer loop
      vertex 74.8779 56.2 1.6
      vertex 50.8337 55.3877 1.6
      vertex 51.4626 55.0024 1.6
    endloop
  endfacet
  facet normal 0 0 1
    outer loop
      vertex 74.8779 56.2 1.6
      vertex 50.1524 55.67 1.6
      vertex 50.8337 55.3877 1.6
    endloop
  endfacet
  facet normal 0 0 1
    outer loop
      vertex 74.8779 56.2 1.6
      vertex 49.4352 55.8421 1.6
      vertex 50.1524 55.67 1.6
    endloop
  endfacet
  facet normal 0 0 1
    outer loop
      vertex 74.8779 56.2 1.6
      vertex 48.7 55.9 1.6
      vertex 49.4352 55.8421 1.6
    endloop
  endfacet
  facet normal 0 0 1
    outer loop
      vertex 30.3421 7.73524 1.6
      vertex 44.23 8.45239 1.6
      vertex 44.5123 9.13376 1.6
    endloop
  endfacet
  facet normal 0 0 1
    outer loop
      vertex 30.4 51.2 1.6
      vertex 44 51.2 1.6
      vertex 44.0579 51.9352 1.6
    endloop
  endfacet
  facet normal 0 0 1
    outer loop
      vertex 44.23 49.7476 1.6
      vertex 30.17 49.7476 1.6
      vertex 44.5123 49.0662 1.6
    endloop
  endfacet
  facet normal 0 0 1
    outer loop
      vertex 30.3421 51.9352 1.6
      vertex 44.0579 51.9352 1.6
      vertex 44.23 52.6524 1.6
    endloop
  endfacet
  facet normal 0 0 1
    outer loop
      vertex 30.17 52.6524 1.6
      vertex 44.23 52.6524 1.6
      vertex 44.5123 53.3337 1.6
    endloop
  endfacet
  facet normal 0 0 1
    outer loop
      vertex 29.8877 53.3337 1.6
      vertex 44.5123 53.3337 1.6
      vertex 44.8976 53.9626 1.6
    endloop
  endfacet
  facet normal 0 0 1
    outer loop
      vertex 29.5024 53.9626 1.6
      vertex 44.8976 53.9626 1.6
      vertex 45.3766 54.5234 1.6
    endloop
  endfacet
  facet normal 0 0 1
    outer loop
      vertex 29.0234 54.5234 1.6
      vertex 45.3766 54.5234 1.6
      vertex 45.9374 55.0024 1.6
    endloop
  endfacet
  facet normal 0 0 1
    outer loop
      vertex 28.4626 55.0024 1.6
      vertex 45.9374 55.0024 1.6
      vertex 46.5662 55.3877 1.6
    endloop
  endfacet
  facet normal 0 0 1
    outer loop
      vertex 27.8337 55.3877 1.6
      vertex 46.5662 55.3877 1.6
      vertex 47.2476 55.67 1.6
    endloop
  endfacet
  facet normal 0 0 1
    outer loop
      vertex 44.0579 51.9352 1.6
      vertex 30.3421 51.9352 1.6
      vertex 30.4 51.2 1.6
    endloop
  endfacet
  facet normal 0 0 1
    outer loop
      vertex 27.1524 55.67 1.6
      vertex 47.2476 55.67 1.6
      vertex 47.9648 55.8421 1.6
    endloop
  endfacet
  facet normal 0 0 1
    outer loop
      vertex 44.23 52.6524 1.6
      vertex 30.17 52.6524 1.6
      vertex 30.3421 51.9352 1.6
    endloop
  endfacet
  facet normal 0 0 1
    outer loop
      vertex 44.5123 53.3337 1.6
      vertex 29.8877 53.3337 1.6
      vertex 30.17 52.6524 1.6
    endloop
  endfacet
  facet normal 0 0 1
    outer loop
      vertex 44.8976 53.9626 1.6
      vertex 29.5024 53.9626 1.6
      vertex 29.8877 53.3337 1.6
    endloop
  endfacet
  facet normal 0 0 1
    outer loop
      vertex 45.3766 54.5234 1.6
      vertex 29.0234 54.5234 1.6
      vertex 29.5024 53.9626 1.6
    endloop
  endfacet
  facet normal 0 0 1
    outer loop
      vertex 26.4352 55.8421 1.6
      vertex 47.9648 55.8421 1.6
      vertex 48.7 55.9 1.6
    endloop
  endfacet
  facet normal 0 0 1
    outer loop
      vertex 45.9374 55.0024 1.6
      vertex 28.4626 55.0024 1.6
      vertex 29.0234 54.5234 1.6
    endloop
  endfacet
  facet normal 0 0 1
    outer loop
      vertex 46.5662 55.3877 1.6
      vertex 27.8337 55.3877 1.6
      vertex 28.4626 55.0024 1.6
    endloop
  endfacet
  facet normal 0 0 1
    outer loop
      vertex 47.2476 55.67 1.6
      vertex 27.1524 55.67 1.6
      vertex 27.8337 55.3877 1.6
    endloop
  endfacet
  facet normal 0 0 1
    outer loop
      vertex 25.7 55.9 1.6
      vertex 48.7 55.9 1.6
      vertex 74.8779 56.2 1.6
    endloop
  endfacet
  facet normal 0 0 1
    outer loop
      vertex 47.9648 55.8421 1.6
      vertex 26.4352 55.8421 1.6
      vertex 27.1524 55.67 1.6
    endloop
  endfacet
  facet normal 0 0 1
    outer loop
      vertex 48.7 55.9 1.6
      vertex 25.7 55.9 1.6
      vertex 26.4352 55.8421 1.6
    endloop
  endfacet
  facet normal 0 0 1
    outer loop
      vertex 3.99999 56.2 1.6
      vertex 21 51.2 1.6
      vertex 21.0579 51.9352 1.6
    endloop
  endfacet
  facet normal 0 0 1
    outer loop
      vertex 3.99999 56.2 1.6
      vertex 21.0579 51.9352 1.6
      vertex 21.23 52.6524 1.6
    endloop
  endfacet
  facet normal 0 0 1
    outer loop
      vertex 3.99999 56.2 1.6
      vertex 21.23 52.6524 1.6
      vertex 21.5123 53.3337 1.6
    endloop
  endfacet
  facet normal 0 0 1
    outer loop
      vertex 21.23 49.7476 1.6
      vertex 1.80001 54 1.6
      vertex 12.7284 35.589 1.6
    endloop
  endfacet
  facet normal 0 0 1
    outer loop
      vertex 21.0579 50.4648 1.6
      vertex 3.99999 56.2 1.6
      vertex 1.80001 54 1.6
    endloop
  endfacet
  facet normal 0 0 1
    outer loop
      vertex 21.8976 53.9626 1.6
      vertex 3.99999 56.2 1.6
      vertex 21.5123 53.3337 1.6
    endloop
  endfacet
  facet normal 0 0 1
    outer loop
      vertex 22.3766 54.5234 1.6
      vertex 3.99999 56.2 1.6
      vertex 21.8976 53.9626 1.6
    endloop
  endfacet
  facet normal 0 0 1
    outer loop
      vertex 22.9374 55.0024 1.6
      vertex 3.99999 56.2 1.6
      vertex 22.3766 54.5234 1.6
    endloop
  endfacet
  facet normal 0 0 1
    outer loop
      vertex 23.5662 55.3877 1.6
      vertex 3.99999 56.2 1.6
      vertex 22.9374 55.0024 1.6
    endloop
  endfacet
  facet normal 0 0 1
    outer loop
      vertex 24.2476 55.67 1.6
      vertex 3.99999 56.2 1.6
      vertex 23.5662 55.3877 1.6
    endloop
  endfacet
  facet normal 0 0 1
    outer loop
      vertex 24.9648 55.8421 1.6
      vertex 3.99999 56.2 1.6
      vertex 24.2476 55.67 1.6
    endloop
  endfacet
  facet normal 0 0 1
    outer loop
      vertex 25.7 55.9 1.6
      vertex 3.99999 56.2 1.6
      vertex 24.9648 55.8421 1.6
    endloop
  endfacet
  facet normal -0 0 1
    outer loop
      vertex 3.99999 56.2 1.6
      vertex 25.7 55.9 1.6
      vertex 74.8779 56.2 1.6
    endloop
  endfacet
  facet normal 0 0 1
    outer loop
      vertex 77.1549 48.2447 1.6
      vertex 68.7 48.2 1.6
      vertex 77.3412 48.2 1.6
    endloop
  endfacet
  facet normal 0 0 1
    outer loop
      vertex 76.43 48.545 1.6
      vertex 68.7 48.2 1.6
      vertex 77.1549 48.2447 1.6
    endloop
  endfacet
  facet normal 0 0 1
    outer loop
      vertex 75.7611 48.9549 1.6
      vertex 68.7 48.2 1.6
      vertex 76.43 48.545 1.6
    endloop
  endfacet
  facet normal 0 0 1
    outer loop
      vertex 75.1645 49.4645 1.6
      vertex 68.7 48.2 1.6
      vertex 75.7611 48.9549 1.6
    endloop
  endfacet
  facet normal 0 0 1
    outer loop
      vertex 74.6549 50.0611 1.6
      vertex 68.7 48.2 1.6
      vertex 75.1645 49.4645 1.6
    endloop
  endfacet
  facet normal 0 0 1
    outer loop
      vertex 74.245 50.73 1.6
      vertex 68.7 48.2 1.6
      vertex 74.6549 50.0611 1.6
    endloop
  endfacet
  facet normal 0 0 1
    outer loop
      vertex 73.9447 51.4549 1.6
      vertex 68.7 48.2 1.6
      vertex 74.245 50.73 1.6
    endloop
  endfacet
  facet normal 0 0 1
    outer loop
      vertex 73.7616 52.2178 1.6
      vertex 68.7 48.2 1.6
      vertex 73.9447 51.4549 1.6
    endloop
  endfacet
  facet normal 0 0 1
    outer loop
      vertex 68.7 48.2 1.6
      vertex 73.7616 52.2178 1.6
      vertex 73.7 53 1.6
    endloop
  endfacet
  facet normal 0 0 1
    outer loop
      vertex 73.7616 5.78217 1.6
      vertex 68.7 9.2 1.6
      vertex 73.7 5 1.6
    endloop
  endfacet
  facet normal 0 0 1
    outer loop
      vertex 73.9447 6.54509 1.6
      vertex 68.7 9.2 1.6
      vertex 73.7616 5.78217 1.6
    endloop
  endfacet
  facet normal 0 0 1
    outer loop
      vertex 74.245 7.26995 1.6
      vertex 68.7 9.2 1.6
      vertex 73.9447 6.54509 1.6
    endloop
  endfacet
  facet normal 0 0 1
    outer loop
      vertex 74.6549 7.93893 1.6
      vertex 68.7 9.2 1.6
      vertex 74.245 7.26995 1.6
    endloop
  endfacet
  facet normal 0 0 1
    outer loop
      vertex 75.1645 8.53553 1.6
      vertex 68.7 9.2 1.6
      vertex 74.6549 7.93893 1.6
    endloop
  endfacet
  facet normal 0 0 1
    outer loop
      vertex 75.7611 9.04509 1.6
      vertex 68.7 9.2 1.6
      vertex 75.1645 8.53553 1.6
    endloop
  endfacet
  facet normal -0 0 1
    outer loop
      vertex 68.7 9.2 1.6
      vertex 75.7611 9.04509 1.6
      vertex 76.0139 9.2 1.6
    endloop
  endfacet
  facet normal 0 0 1
    outer loop
      vertex 68.7 9.2 1.6
      vertex 73.7616 4.21783 1.6
      vertex 73.7 5 1.6
    endloop
  endfacet
  facet normal 0 0 1
    outer loop
      vertex 68.7 9.2 1.6
      vertex 73.9447 3.45492 1.6
      vertex 73.7616 4.21783 1.6
    endloop
  endfacet
  facet normal -0 0 1
    outer loop
      vertex 52.8877 4.86626 1.6
      vertex 73.9447 3.45492 1.6
      vertex 68.7 9.2 1.6
    endloop
  endfacet
  facet normal 0 0 1
    outer loop
      vertex 73.9447 3.45492 1.6
      vertex 52.8877 4.86626 1.6
      vertex 74.245 2.73005 1.6
    endloop
  endfacet
  facet normal 0 0 1
    outer loop
      vertex 68.7 48.2 1.6
      vertex 53.4 7 1.6
      vertex 68.7 9.2 1.6
    endloop
  endfacet
  facet normal 0 0 1
    outer loop
      vertex 53.3421 6.26477 1.6
      vertex 68.7 9.2 1.6
      vertex 53.4 7 1.6
    endloop
  endfacet
  facet normal 0 0 1
    outer loop
      vertex 53.17 5.54762 1.6
      vertex 68.7 9.2 1.6
      vertex 53.3421 6.26477 1.6
    endloop
  endfacet
  facet normal 0 0 1
    outer loop
      vertex 52.8877 4.86626 1.6
      vertex 68.7 9.2 1.6
      vertex 53.17 5.54762 1.6
    endloop
  endfacet
  facet normal -0 0 1
    outer loop
      vertex 52.5024 4.23741 1.6
      vertex 74.245 2.73005 1.6
      vertex 52.8877 4.86626 1.6
    endloop
  endfacet
  facet normal 0 0 1
    outer loop
      vertex 74.245 2.73005 1.6
      vertex 52.5024 4.23741 1.6
      vertex 74.6549 2.06107 1.6
    endloop
  endfacet
  facet normal -0 0 1
    outer loop
      vertex 52.0234 3.67661 1.6
      vertex 74.6549 2.06107 1.6
      vertex 52.5024 4.23741 1.6
    endloop
  endfacet
  facet normal 0 0 1
    outer loop
      vertex 74.6549 2.06107 1.6
      vertex 52.0234 3.67661 1.6
      vertex 74.8779 1.8 1.6
    endloop
  endfacet
  facet normal -0 0 1
    outer loop
      vertex 51.4626 3.19763 1.6
      vertex 74.8779 1.8 1.6
      vertex 52.0234 3.67661 1.6
    endloop
  endfacet
  facet normal -0 0 1
    outer loop
      vertex 50.8337 2.81227 1.6
      vertex 74.8779 1.8 1.6
      vertex 51.4626 3.19763 1.6
    endloop
  endfacet
  facet normal -0 0 1
    outer loop
      vertex 50.1524 2.53004 1.6
      vertex 74.8779 1.8 1.6
      vertex 50.8337 2.81227 1.6
    endloop
  endfacet
  facet normal -0 0 1
    outer loop
      vertex 49.4352 2.35788 1.6
      vertex 74.8779 1.8 1.6
      vertex 50.1524 2.53004 1.6
    endloop
  endfacet
  facet normal -0 0 1
    outer loop
      vertex 48.7 2.3 1.6
      vertex 74.8779 1.8 1.6
      vertex 49.4352 2.35788 1.6
    endloop
  endfacet
  facet normal 0 0 1
    outer loop
      vertex 30.3421 7.73524 1.6
      vertex 44.0579 7.73524 1.6
      vertex 44.23 8.45239 1.6
    endloop
  endfacet
  facet normal 0 0 1
    outer loop
      vertex 44.0579 7.73524 1.6
      vertex 30.4 7 1.6
      vertex 44 7 1.6
    endloop
  endfacet
  facet normal 0 0 1
    outer loop
      vertex 44 7 1.6
      vertex 30.4 7 1.6
      vertex 44.0579 6.26477 1.6
    endloop
  endfacet
  facet normal 0 0 1
    outer loop
      vertex 30.3421 6.26477 1.6
      vertex 44.0579 6.26477 1.6
      vertex 30.4 7 1.6
    endloop
  endfacet
  facet normal 0 0 1
    outer loop
      vertex 44.0579 6.26477 1.6
      vertex 30.3421 6.26477 1.6
      vertex 44.23 5.54762 1.6
    endloop
  endfacet
  facet normal 0 0 1
    outer loop
      vertex 30.17 5.54762 1.6
      vertex 44.23 5.54762 1.6
      vertex 30.3421 6.26477 1.6
    endloop
  endfacet
  facet normal 0 0 1
    outer loop
      vertex 44.23 5.54762 1.6
      vertex 30.17 5.54762 1.6
      vertex 44.5123 4.86626 1.6
    endloop
  endfacet
  facet normal 0 0 1
    outer loop
      vertex 29.8877 4.86626 1.6
      vertex 44.5123 4.86626 1.6
      vertex 30.17 5.54762 1.6
    endloop
  endfacet
  facet normal 0 0 1
    outer loop
      vertex 44.5123 4.86626 1.6
      vertex 29.8877 4.86626 1.6
      vertex 44.8976 4.23741 1.6
    endloop
  endfacet
  facet normal 0 0 1
    outer loop
      vertex 29.5024 4.23741 1.6
      vertex 44.8976 4.23741 1.6
      vertex 29.8877 4.86626 1.6
    endloop
  endfacet
  facet normal 0 0 1
    outer loop
      vertex 44.8976 4.23741 1.6
      vertex 29.5024 4.23741 1.6
      vertex 45.3766 3.67661 1.6
    endloop
  endfacet
  facet normal 0 0 1
    outer loop
      vertex 29.0234 3.67661 1.6
      vertex 45.3766 3.67661 1.6
      vertex 29.5024 4.23741 1.6
    endloop
  endfacet
  facet normal 0 0 1
    outer loop
      vertex 45.3766 3.67661 1.6
      vertex 29.0234 3.67661 1.6
      vertex 45.9374 3.19763 1.6
    endloop
  endfacet
  facet normal 0 0 1
    outer loop
      vertex 28.4626 3.19763 1.6
      vertex 45.9374 3.19763 1.6
      vertex 29.0234 3.67661 1.6
    endloop
  endfacet
  facet normal 0 0 1
    outer loop
      vertex 45.9374 3.19763 1.6
      vertex 28.4626 3.19763 1.6
      vertex 46.5662 2.81227 1.6
    endloop
  endfacet
  facet normal 0 0 1
    outer loop
      vertex 27.8337 2.81227 1.6
      vertex 46.5662 2.81227 1.6
      vertex 28.4626 3.19763 1.6
    endloop
  endfacet
  facet normal 0 0 1
    outer loop
      vertex 46.5662 2.81227 1.6
      vertex 27.8337 2.81227 1.6
      vertex 47.2476 2.53004 1.6
    endloop
  endfacet
  facet normal 0 0 1
    outer loop
      vertex 27.1524 2.53004 1.6
      vertex 47.2476 2.53004 1.6
      vertex 27.8337 2.81227 1.6
    endloop
  endfacet
  facet normal 0 0 1
    outer loop
      vertex 47.2476 2.53004 1.6
      vertex 27.1524 2.53004 1.6
      vertex 47.9648 2.35788 1.6
    endloop
  endfacet
  facet normal 0 0 1
    outer loop
      vertex 26.4352 2.35788 1.6
      vertex 47.9648 2.35788 1.6
      vertex 27.1524 2.53004 1.6
    endloop
  endfacet
  facet normal 0 0 1
    outer loop
      vertex 47.9648 2.35788 1.6
      vertex 26.4352 2.35788 1.6
      vertex 48.7 2.3 1.6
    endloop
  endfacet
  facet normal 0 0 1
    outer loop
      vertex 25.7 2.3 1.6
      vertex 48.7 2.3 1.6
      vertex 26.4352 2.35788 1.6
    endloop
  endfacet
  facet normal 0 0 1
    outer loop
      vertex 48.7 2.3 1.6
      vertex 25.7 2.3 1.6
      vertex 74.8779 1.8 1.6
    endloop
  endfacet
  facet normal 0 0 1
    outer loop
      vertex 21.0579 7.73524 1.6
      vertex 3.99999 1.8 1.6
      vertex 21 7 1.6
    endloop
  endfacet
  facet normal 0 0 1
    outer loop
      vertex 21 7 1.6
      vertex 3.99999 1.8 1.6
      vertex 21.0579 6.26477 1.6
    endloop
  endfacet
  facet normal 0 0 1
    outer loop
      vertex 21.0579 6.26477 1.6
      vertex 3.99999 1.8 1.6
      vertex 21.23 5.54762 1.6
    endloop
  endfacet
  facet normal 0 0 1
    outer loop
      vertex 21.23 5.54762 1.6
      vertex 3.99999 1.8 1.6
      vertex 21.5123 4.86626 1.6
    endloop
  endfacet
  facet normal 0 0 1
    outer loop
      vertex 25.7 2.3 1.6
      vertex 3.99999 1.8 1.6
      vertex 74.8779 1.8 1.6
    endloop
  endfacet
  facet normal 0 0 1
    outer loop
      vertex 24.9648 2.35788 1.6
      vertex 3.99999 1.8 1.6
      vertex 25.7 2.3 1.6
    endloop
  endfacet
  facet normal 0 0 1
    outer loop
      vertex 24.2476 2.53004 1.6
      vertex 3.99999 1.8 1.6
      vertex 24.9648 2.35788 1.6
    endloop
  endfacet
  facet normal 0 0 1
    outer loop
      vertex 23.5662 2.81227 1.6
      vertex 3.99999 1.8 1.6
      vertex 24.2476 2.53004 1.6
    endloop
  endfacet
  facet normal 0 0 1
    outer loop
      vertex 22.9374 3.19763 1.6
      vertex 3.99999 1.8 1.6
      vertex 23.5662 2.81227 1.6
    endloop
  endfacet
  facet normal 0 0 1
    outer loop
      vertex 22.3766 3.67661 1.6
      vertex 3.99999 1.8 1.6
      vertex 22.9374 3.19763 1.6
    endloop
  endfacet
  facet normal 0 0 1
    outer loop
      vertex 21.8976 4.23741 1.6
      vertex 3.99999 1.8 1.6
      vertex 22.3766 3.67661 1.6
    endloop
  endfacet
  facet normal 0 0 1
    outer loop
      vertex 21.5123 4.86626 1.6
      vertex 3.99999 1.8 1.6
      vertex 21.8976 4.23741 1.6
    endloop
  endfacet
  facet normal 0 0 1
    outer loop
      vertex 1.80001 4 1.6
      vertex 12.7284 35.589 1.6
      vertex 1.80001 54 1.6
    endloop
  endfacet
  facet normal 0 0 1
    outer loop
      vertex 1.80001 54 1.6
      vertex 3.99999 56.2 1.6
      vertex 3.65586 56.1729 1.6
    endloop
  endfacet
  facet normal 0 0 1
    outer loop
      vertex 12.7284 35.589 1.6
      vertex 1.80001 4 1.6
      vertex 12.7284 18.089 1.6
    endloop
  endfacet
  facet normal 0 0 1
    outer loop
      vertex 1.80001 54 1.6
      vertex 3.65586 56.1729 1.6
      vertex 3.32016 56.0923 1.6
    endloop
  endfacet
  facet normal 0 0 1
    outer loop
      vertex 12.7284 18.089 1.6
      vertex 1.80001 4 1.6
      vertex 3.99999 1.8 1.6
    endloop
  endfacet
  facet normal 0 0 1
    outer loop
      vertex 1.80001 54 1.6
      vertex 3.32016 56.0923 1.6
      vertex 3.00122 55.9602 1.6
    endloop
  endfacet
  facet normal 0 0 1
    outer loop
      vertex 3.99999 1.8 1.6
      vertex 1.80001 4 1.6
      vertex 3.65586 1.82709 1.6
    endloop
  endfacet
  facet normal 0 0 1
    outer loop
      vertex 1.80001 54 1.6
      vertex 3.00122 55.9602 1.6
      vertex 2.70688 55.7798 1.6
    endloop
  endfacet
  facet normal 0 0 1
    outer loop
      vertex 3.65586 1.82709 1.6
      vertex 1.80001 4 1.6
      vertex 3.32016 1.90768 1.6
    endloop
  endfacet
  facet normal 0 0 1
    outer loop
      vertex 1.80001 54 1.6
      vertex 2.70688 55.7798 1.6
      vertex 2.44437 55.5556 1.6
    endloop
  endfacet
  facet normal 0 0 1
    outer loop
      vertex 3.32016 1.90768 1.6
      vertex 1.80001 4 1.6
      vertex 3.00122 2.03979 1.6
    endloop
  endfacet
  facet normal 0 0 1
    outer loop
      vertex 1.80001 54 1.6
      vertex 2.44437 55.5556 1.6
      vertex 2.22017 55.2931 1.6
    endloop
  endfacet
  facet normal 0 0 1
    outer loop
      vertex 3.00122 2.03979 1.6
      vertex 1.80001 4 1.6
      vertex 2.70688 2.22017 1.6
    endloop
  endfacet
  facet normal 0 0 1
    outer loop
      vertex 1.80001 54 1.6
      vertex 2.22017 55.2931 1.6
      vertex 2.0398 54.9988 1.6
    endloop
  endfacet
  facet normal 0 0 1
    outer loop
      vertex 2.70688 2.22017 1.6
      vertex 1.80001 4 1.6
      vertex 2.44437 2.44437 1.6
    endloop
  endfacet
  facet normal 0 0 1
    outer loop
      vertex 1.80001 54 1.6
      vertex 2.0398 54.9988 1.6
      vertex 1.90769 54.6798 1.6
    endloop
  endfacet
  facet normal 0 0 1
    outer loop
      vertex 2.44437 2.44437 1.6
      vertex 1.80001 4 1.6
      vertex 2.22017 2.70688 1.6
    endloop
  endfacet
  facet normal 0 0 1
    outer loop
      vertex 1.80001 54 1.6
      vertex 1.90769 54.6798 1.6
      vertex 1.82709 54.3441 1.6
    endloop
  endfacet
  facet normal 0 0 1
    outer loop
      vertex 2.22017 2.70688 1.6
      vertex 1.80001 4 1.6
      vertex 2.0398 3.00124 1.6
    endloop
  endfacet
  facet normal 0 0 1
    outer loop
      vertex 2.0398 3.00124 1.6
      vertex 1.80001 4 1.6
      vertex 1.90769 3.32018 1.6
    endloop
  endfacet
  facet normal 0 0 1
    outer loop
      vertex 1.90769 3.32018 1.6
      vertex 1.80001 4 1.6
      vertex 1.82709 3.65585 1.6
    endloop
  endfacet
  facet normal 0 0 1
    outer loop
      vertex 53.17 8.45239 1.6
      vertex 52.0599 22.7156 1.6
      vertex 52.8877 9.13376 1.6
    endloop
  endfacet
  facet normal -0 0 1
    outer loop
      vertex 51.9878 22.5416 1.6
      vertex 52.8877 9.13376 1.6
      vertex 52.0599 22.7156 1.6
    endloop
  endfacet
  facet normal 0 0 1
    outer loop
      vertex 52.8877 9.13376 1.6
      vertex 51.9878 22.5416 1.6
      vertex 52.5024 9.7626 1.6
    endloop
  endfacet
  facet normal -0 0 1
    outer loop
      vertex 51.8894 22.3811 1.6
      vertex 52.5024 9.7626 1.6
      vertex 51.9878 22.5416 1.6
    endloop
  endfacet
  facet normal 0 0 1
    outer loop
      vertex 52.5024 9.7626 1.6
      vertex 51.8894 22.3811 1.6
      vertex 52.0234 10.3234 1.6
    endloop
  endfacet
  facet normal -0 0 1
    outer loop
      vertex 51.7671 22.2379 1.6
      vertex 52.0234 10.3234 1.6
      vertex 51.8894 22.3811 1.6
    endloop
  endfacet
  facet normal -0 0 1
    outer loop
      vertex 51.6239 22.1156 1.6
      vertex 52.0234 10.3234 1.6
      vertex 51.7671 22.2379 1.6
    endloop
  endfacet
  facet normal 0 0 1
    outer loop
      vertex 51.4626 10.8024 1.6
      vertex 51.6239 22.1156 1.6
      vertex 51.4634 22.0172 1.6
    endloop
  endfacet
  facet normal 0 0 1
    outer loop
      vertex 51.6239 22.1156 1.6
      vertex 51.4626 10.8024 1.6
      vertex 52.0234 10.3234 1.6
    endloop
  endfacet
  facet normal 0 0 1
    outer loop
      vertex 50.8337 11.1877 1.6
      vertex 51.4634 22.0172 1.6
      vertex 51.2894 21.9451 1.6
    endloop
  endfacet
  facet normal 0 0 1
    outer loop
      vertex 50.1524 11.47 1.6
      vertex 51.2894 21.9451 1.6
      vertex 51.1063 21.9012 1.6
    endloop
  endfacet
  facet normal 0 0 1
    outer loop
      vertex 50.1524 11.47 1.6
      vertex 51.1063 21.9012 1.6
      vertex 50.9186 21.8864 1.6
    endloop
  endfacet
  facet normal 0 0 1
    outer loop
      vertex 51.4634 22.0172 1.6
      vertex 50.8337 11.1877 1.6
      vertex 51.4626 10.8024 1.6
    endloop
  endfacet
  facet normal 0 0 1
    outer loop
      vertex 49.4352 11.6421 1.6
      vertex 50.9186 21.8864 1.6
      vertex 50.7309 21.9012 1.6
    endloop
  endfacet
  facet normal 0 0 1
    outer loop
      vertex 48.7 11.7 1.6
      vertex 50.7309 21.9012 1.6
      vertex 50.5478 21.9451 1.6
    endloop
  endfacet
  facet normal 0 0 1
    outer loop
      vertex 48.7 11.7 1.6
      vertex 50.5478 21.9451 1.6
      vertex 50.3738 22.0172 1.6
    endloop
  endfacet
  facet normal 0 0 1
    outer loop
      vertex 47.9648 11.6421 1.6
      vertex 50.3738 22.0172 1.6
      vertex 50.2133 22.1156 1.6
    endloop
  endfacet
  facet normal 0 0 1
    outer loop
      vertex 51.2894 21.9451 1.6
      vertex 50.1524 11.47 1.6
      vertex 50.8337 11.1877 1.6
    endloop
  endfacet
  facet normal 0 0 1
    outer loop
      vertex 47.238 22.5416 1.6
      vertex 49.8494 22.5416 1.6
      vertex 47.3101 22.7156 1.6
    endloop
  endfacet
  facet normal 0 0 1
    outer loop
      vertex 49.7773 22.7156 1.6
      vertex 47.3101 22.7156 1.6
      vertex 49.8494 22.5416 1.6
    endloop
  endfacet
  facet normal 0 0 1
    outer loop
      vertex 47.3101 22.7156 1.6
      vertex 49.7773 22.7156 1.6
      vertex 47.354 22.8987 1.6
    endloop
  endfacet
  facet normal 0 0 1
    outer loop
      vertex 49.7334 22.8987 1.6
      vertex 47.354 22.8987 1.6
      vertex 49.7773 22.7156 1.6
    endloop
  endfacet
  facet normal 0 0 1
    outer loop
      vertex 47.354 22.8987 1.6
      vertex 49.7334 22.8987 1.6
      vertex 47.3688 23.0864 1.6
    endloop
  endfacet
  facet normal -0 0 1
    outer loop
      vertex 47.3688 23.0864 1.6
      vertex 49.7334 22.8987 1.6
      vertex 49.7186 23.0864 1.6
    endloop
  endfacet
  facet normal 0 0 1
    outer loop
      vertex 50.9186 21.8864 1.6
      vertex 49.4352 11.6421 1.6
      vertex 50.1524 11.47 1.6
    endloop
  endfacet
  facet normal 0 0 1
    outer loop
      vertex 49.9478 23.7917 1.6
      vertex 47.1396 23.7917 1.6
      vertex 49.8494 23.6312 1.6
    endloop
  endfacet
  facet normal 0 -0 1
    outer loop
      vertex 46.8741 24.0572 1.6
      vertex 50.2133 24.0572 1.6
      vertex 46.7136 24.1556 1.6
    endloop
  endfacet
  facet normal 0 -0 1
    outer loop
      vertex 47.3688 23.0864 1.6
      vertex 49.7186 23.0864 1.6
      vertex 47.354 23.2741 1.6
    endloop
  endfacet
  facet normal 0 0 1
    outer loop
      vertex 42.7284 35.589 1.6
      vertex 48.7 46.5 1.6
      vertex 47.9648 46.5579 1.6
    endloop
  endfacet
  facet normal 0 0 1
    outer loop
      vertex 50.7309 21.9012 1.6
      vertex 48.7 11.7 1.6
      vertex 49.4352 11.6421 1.6
    endloop
  endfacet
  facet normal 0 0 1
    outer loop
      vertex 50.3738 22.0172 1.6
      vertex 47.9648 11.6421 1.6
      vertex 48.7 11.7 1.6
    endloop
  endfacet
  facet normal 0 0 1
    outer loop
      vertex 49.8494 22.5416 1.6
      vertex 47.238 22.5416 1.6
      vertex 49.9478 22.3811 1.6
    endloop
  endfacet
  facet normal 0 0 1
    outer loop
      vertex 49.7334 23.2741 1.6
      vertex 47.354 23.2741 1.6
      vertex 49.7186 23.0864 1.6
    endloop
  endfacet
  facet normal 0 0 1
    outer loop
      vertex 42.7284 35.589 1.6
      vertex 47.9648 46.5579 1.6
      vertex 47.2476 46.73 1.6
    endloop
  endfacet
  facet normal 0 -0 1
    outer loop
      vertex 47.354 23.2741 1.6
      vertex 49.7334 23.2741 1.6
      vertex 47.3101 23.4572 1.6
    endloop
  endfacet
  facet normal 0 0 1
    outer loop
      vertex 49.7773 23.4572 1.6
      vertex 47.3101 23.4572 1.6
      vertex 49.7334 23.2741 1.6
    endloop
  endfacet
  facet normal 0 -0 1
    outer loop
      vertex 47.3101 23.4572 1.6
      vertex 49.7773 23.4572 1.6
      vertex 47.238 23.6312 1.6
    endloop
  endfacet
  facet normal 0 0 1
    outer loop
      vertex 49.8494 23.6312 1.6
      vertex 47.238 23.6312 1.6
      vertex 49.7773 23.4572 1.6
    endloop
  endfacet
  facet normal 0 -0 1
    outer loop
      vertex 47.238 23.6312 1.6
      vertex 49.8494 23.6312 1.6
      vertex 47.1396 23.7917 1.6
    endloop
  endfacet
  facet normal 0 0 1
    outer loop
      vertex 42.7284 35.589 1.6
      vertex 47.2476 46.73 1.6
      vertex 46.5662 47.0123 1.6
    endloop
  endfacet
  facet normal 0 0 1
    outer loop
      vertex 50.0701 23.9349 1.6
      vertex 47.0173 23.9349 1.6
      vertex 49.9478 23.7917 1.6
    endloop
  endfacet
  facet normal 0 -0 1
    outer loop
      vertex 46.7136 24.1556 1.6
      vertex 50.3738 24.1556 1.6
      vertex 46.5396 24.2277 1.6
    endloop
  endfacet
  facet normal 0 0 1
    outer loop
      vertex 46.5396 24.2277 1.6
      vertex 42.7284 35.589 1.6
      vertex 46.3565 24.2716 1.6
    endloop
  endfacet
  facet normal 0 0 1
    outer loop
      vertex 46.3565 24.2716 1.6
      vertex 42.7284 35.589 1.6
      vertex 46.1688 24.2864 1.6
    endloop
  endfacet
  facet normal 0 0 1
    outer loop
      vertex 42.7284 35.589 1.6
      vertex 46.5662 47.0123 1.6
      vertex 45.9374 47.3976 1.6
    endloop
  endfacet
  facet normal 0 0 1
    outer loop
      vertex 46.1688 24.2864 1.6
      vertex 42.7284 35.589 1.6
      vertex 45.9811 24.2716 1.6
    endloop
  endfacet
  facet normal 0 0 1
    outer loop
      vertex 45.9811 24.2716 1.6
      vertex 42.7284 35.589 1.6
      vertex 45.798 24.2277 1.6
    endloop
  endfacet
  facet normal 0 0 1
    outer loop
      vertex 45.798 24.2277 1.6
      vertex 42.7284 35.589 1.6
      vertex 45.624 24.1556 1.6
    endloop
  endfacet
  facet normal 0 0 1
    outer loop
      vertex 42.7284 35.589 1.6
      vertex 45.9374 47.3976 1.6
      vertex 45.3766 47.8766 1.6
    endloop
  endfacet
  facet normal 0 0 1
    outer loop
      vertex 45.624 24.1556 1.6
      vertex 42.7284 35.589 1.6
      vertex 45.4635 24.0572 1.6
    endloop
  endfacet
  facet normal 0 0 1
    outer loop
      vertex 45.4635 24.0572 1.6
      vertex 42.7284 35.589 1.6
      vertex 45.3203 23.9349 1.6
    endloop
  endfacet
  facet normal 0 0 1
    outer loop
      vertex 42.7284 35.589 1.6
      vertex 45.3766 47.8766 1.6
      vertex 44.8976 48.4374 1.6
    endloop
  endfacet
  facet normal 0 0 1
    outer loop
      vertex 45.3203 23.9349 1.6
      vertex 42.7284 35.589 1.6
      vertex 45.198 23.7917 1.6
    endloop
  endfacet
  facet normal 0 0 1
    outer loop
      vertex 45.198 23.7917 1.6
      vertex 42.7284 35.589 1.6
      vertex 45.0996 23.6312 1.6
    endloop
  endfacet
  facet normal 0 0 1
    outer loop
      vertex 45.0996 23.6312 1.6
      vertex 42.7284 35.589 1.6
      vertex 45.0275 23.4572 1.6
    endloop
  endfacet
  facet normal 0 0 1
    outer loop
      vertex 45.0275 23.4572 1.6
      vertex 42.7284 35.589 1.6
      vertex 44.9836 23.2741 1.6
    endloop
  endfacet
  facet normal 0 0 1
    outer loop
      vertex 83.155 50.73 1.6
      vertex 85.9 54 1.6
      vertex 83.4553 51.4549 1.6
    endloop
  endfacet
  facet normal 0 0 1
    outer loop
      vertex 85.9 4 1.6
      vertex 83.6384 5.78217 1.6
      vertex 83.7 5 1.6
    endloop
  endfacet
  facet normal 0 0 1
    outer loop
      vertex 82.7451 50.0611 1.6
      vertex 85.9 54 1.6
      vertex 83.155 50.73 1.6
    endloop
  endfacet
  facet normal 0 0 1
    outer loop
      vertex 85.9 4 1.6
      vertex 83.4553 6.54509 1.6
      vertex 83.6384 5.78217 1.6
    endloop
  endfacet
  facet normal 0 0 1
    outer loop
      vertex 85.9 54 1.6
      vertex 82.7451 50.0611 1.6
      vertex 85.9 4 1.6
    endloop
  endfacet
  facet normal 0 0 1
    outer loop
      vertex 85.9 4 1.6
      vertex 83.155 7.26995 1.6
      vertex 83.4553 6.54509 1.6
    endloop
  endfacet
  facet normal -0 0 1
    outer loop
      vertex 82.7451 7.93893 1.6
      vertex 85.9 4 1.6
      vertex 82.7451 50.0611 1.6
    endloop
  endfacet
  facet normal 0 0 1
    outer loop
      vertex 85.9 4 1.6
      vertex 82.7451 7.93893 1.6
      vertex 83.155 7.26995 1.6
    endloop
  endfacet
  facet normal -0 0 1
    outer loop
      vertex 82.2355 49.4645 1.6
      vertex 82.7451 7.93893 1.6
      vertex 82.7451 50.0611 1.6
    endloop
  endfacet
  facet normal 0 0 1
    outer loop
      vertex 82.2355 49.4645 1.6
      vertex 82.2355 8.53553 1.6
      vertex 82.7451 7.93893 1.6
    endloop
  endfacet
  facet normal -0 0 1
    outer loop
      vertex 81.6389 48.9549 1.6
      vertex 82.2355 8.53553 1.6
      vertex 82.2355 49.4645 1.6
    endloop
  endfacet
  facet normal 0 0 1
    outer loop
      vertex 81.6389 48.9549 1.6
      vertex 81.6389 9.04509 1.6
      vertex 82.2355 8.53553 1.6
    endloop
  endfacet
  facet normal -0 0 1
    outer loop
      vertex 80.97 48.545 1.6
      vertex 81.6389 9.04509 1.6
      vertex 81.6389 48.9549 1.6
    endloop
  endfacet
  facet normal 0 0 1
    outer loop
      vertex 80.97 48.545 1.6
      vertex 80.97 9.45503 1.6
      vertex 81.6389 9.04509 1.6
    endloop
  endfacet
  facet normal -0 0 1
    outer loop
      vertex 80.2451 48.2447 1.6
      vertex 80.97 9.45503 1.6
      vertex 80.97 48.545 1.6
    endloop
  endfacet
  facet normal 0 0 1
    outer loop
      vertex 80.2451 48.2447 1.6
      vertex 80.2451 9.75528 1.6
      vertex 80.97 9.45503 1.6
    endloop
  endfacet
  facet normal -0 0 1
    outer loop
      vertex 79.4822 48.0616 1.6
      vertex 80.2451 9.75528 1.6
      vertex 80.2451 48.2447 1.6
    endloop
  endfacet
  facet normal 0 0 1
    outer loop
      vertex 79.4822 48.0616 1.6
      vertex 79.4822 9.93844 1.6
      vertex 80.2451 9.75528 1.6
    endloop
  endfacet
  facet normal -0 0 1
    outer loop
      vertex 78.7 48 1.6
      vertex 79.4822 9.93844 1.6
      vertex 79.4822 48.0616 1.6
    endloop
  endfacet
  facet normal 0 0 1
    outer loop
      vertex 79.4822 9.93844 1.6
      vertex 78.7 48 1.6
      vertex 78.7 10 1.6
    endloop
  endfacet
  facet normal 0 0 1
    outer loop
      vertex 85.9 54 1.6
      vertex 83.6384 53.7822 1.6
      vertex 83.7 53 1.6
    endloop
  endfacet
  facet normal 0 0 1
    outer loop
      vertex 84.0441 56.1729 1.6
      vertex 83.4553 54.5451 1.6
      vertex 83.6384 53.7822 1.6
    endloop
  endfacet
  facet normal 0 0 1
    outer loop
      vertex 84.0441 56.1729 1.6
      vertex 83.155 55.27 1.6
      vertex 83.4553 54.5451 1.6
    endloop
  endfacet
  facet normal 0 0 1
    outer loop
      vertex 83.7 56.2 1.6
      vertex 82.7451 55.9389 1.6
      vertex 83.155 55.27 1.6
    endloop
  endfacet
  facet normal 0 -0 1
    outer loop
      vertex 82.7451 55.9389 1.6
      vertex 83.7 56.2 1.6
      vertex 82.5221 56.2 1.6
    endloop
  endfacet
  facet normal 0 0 1
    outer loop
      vertex 83.6384 53.7822 1.6
      vertex 85.9 54 1.6
      vertex 85.8729 54.3441 1.6
    endloop
  endfacet
  facet normal 0 0 1
    outer loop
      vertex 83.6384 52.2178 1.6
      vertex 85.9 54 1.6
      vertex 83.7 53 1.6
    endloop
  endfacet
  facet normal 0 0 1
    outer loop
      vertex 83.6384 53.7822 1.6
      vertex 85.8729 54.3441 1.6
      vertex 85.7923 54.6798 1.6
    endloop
  endfacet
  facet normal 0 0 1
    outer loop
      vertex 83.4553 51.4549 1.6
      vertex 85.9 54 1.6
      vertex 83.6384 52.2178 1.6
    endloop
  endfacet
  facet normal 0 0 1
    outer loop
      vertex 83.6384 53.7822 1.6
      vertex 85.7923 54.6798 1.6
      vertex 85.6602 54.9988 1.6
    endloop
  endfacet
  facet normal -0 0 1
    outer loop
      vertex 83.6384 4.21783 1.6
      vertex 85.9 4 1.6
      vertex 83.7 5 1.6
    endloop
  endfacet
  facet normal 0 0 1
    outer loop
      vertex 83.6384 53.7822 1.6
      vertex 85.6602 54.9988 1.6
      vertex 85.4798 55.2931 1.6
    endloop
  endfacet
  facet normal 0 0 1
    outer loop
      vertex 85.9 4 1.6
      vertex 83.6384 4.21783 1.6
      vertex 85.8729 3.65585 1.6
    endloop
  endfacet
  facet normal 0 0 1
    outer loop
      vertex 83.6384 53.7822 1.6
      vertex 85.4798 55.2931 1.6
      vertex 85.2556 55.5556 1.6
    endloop
  endfacet
  facet normal 0 0 1
    outer loop
      vertex 85.8729 3.65585 1.6
      vertex 83.6384 4.21783 1.6
      vertex 85.7923 3.32018 1.6
    endloop
  endfacet
  facet normal 0 0 1
    outer loop
      vertex 83.6384 53.7822 1.6
      vertex 85.2556 55.5556 1.6
      vertex 84.9931 55.7798 1.6
    endloop
  endfacet
  facet normal 0 0 1
    outer loop
      vertex 85.7923 3.32018 1.6
      vertex 83.6384 4.21783 1.6
      vertex 85.6602 3.00124 1.6
    endloop
  endfacet
  facet normal 0 0 1
    outer loop
      vertex 83.6384 53.7822 1.6
      vertex 84.9931 55.7798 1.6
      vertex 84.6988 55.9602 1.6
    endloop
  endfacet
  facet normal -0 0 1
    outer loop
      vertex 83.4553 3.45492 1.6
      vertex 85.6602 3.00124 1.6
      vertex 83.6384 4.21783 1.6
    endloop
  endfacet
  facet normal 0 0 1
    outer loop
      vertex 83.6384 53.7822 1.6
      vertex 84.6988 55.9602 1.6
      vertex 84.3798 56.0923 1.6
    endloop
  endfacet
  facet normal 0 0 1
    outer loop
      vertex 85.6602 3.00124 1.6
      vertex 83.4553 3.45492 1.6
      vertex 85.4798 2.70688 1.6
    endloop
  endfacet
  facet normal 0 0 1
    outer loop
      vertex 83.6384 53.7822 1.6
      vertex 84.3798 56.0923 1.6
      vertex 84.0441 56.1729 1.6
    endloop
  endfacet
  facet normal 0 0 1
    outer loop
      vertex 85.4798 2.70688 1.6
      vertex 83.4553 3.45492 1.6
      vertex 85.2556 2.44437 1.6
    endloop
  endfacet
  facet normal 0 0 1
    outer loop
      vertex 83.155 55.27 1.6
      vertex 84.0441 56.1729 1.6
      vertex 83.7 56.2 1.6
    endloop
  endfacet
  facet normal 0 0 1
    outer loop
      vertex 85.2556 2.44437 1.6
      vertex 83.4553 3.45492 1.6
      vertex 84.9931 2.22017 1.6
    endloop
  endfacet
  facet normal 0 0 1
    outer loop
      vertex 84.9931 2.22017 1.6
      vertex 83.4553 3.45492 1.6
      vertex 84.6988 2.03979 1.6
    endloop
  endfacet
  facet normal 0 0 1
    outer loop
      vertex 84.6988 2.03979 1.6
      vertex 83.4553 3.45492 1.6
      vertex 84.3798 1.90768 1.6
    endloop
  endfacet
  facet normal -0 0 1
    outer loop
      vertex 83.155 2.73005 1.6
      vertex 84.3798 1.90768 1.6
      vertex 83.4553 3.45492 1.6
    endloop
  endfacet
  facet normal 0 0 1
    outer loop
      vertex 84.3798 1.90768 1.6
      vertex 83.155 2.73005 1.6
      vertex 84.0441 1.82709 1.6
    endloop
  endfacet
  facet normal 0 0 1
    outer loop
      vertex 84.0441 1.82709 1.6
      vertex 83.155 2.73005 1.6
      vertex 83.7 1.8 1.6
    endloop
  endfacet
  facet normal -0 0 1
    outer loop
      vertex 82.7451 2.06107 1.6
      vertex 83.7 1.8 1.6
      vertex 83.155 2.73005 1.6
    endloop
  endfacet
  facet normal 0 0 1
    outer loop
      vertex 83.7 1.8 1.6
      vertex 82.7451 2.06107 1.6
      vertex 82.5221 1.8 1.6
    endloop
  endfacet
  facet normal -1 0 0
    outer loop
      vertex 85.9 4 1.6
      vertex 85.9 54 38.3
      vertex 85.9 54 1.6
    endloop
  endfacet
  facet normal -1 -0 0
    outer loop
      vertex 85.9 54 38.3
      vertex 85.9 4 1.6
      vertex 85.9 4 38.3
    endloop
  endfacet
  facet normal 0 -1 0
    outer loop
      vertex 3.99999 56.2 38.3
      vertex 74.8779 56.2 7
      vertex 83.7 56.2 38.3
    endloop
  endfacet
  facet normal 0 -1 0
    outer loop
      vertex 3.99999 56.2 1.6
      vertex 74.8779 56.2 7
      vertex 3.99999 56.2 38.3
    endloop
  endfacet
  facet normal 0 -1 -0
    outer loop
      vertex 74.8779 56.2 7
      vertex 3.99999 56.2 1.6
      vertex 74.8779 56.2 1.6
    endloop
  endfacet
  facet normal 0 -1 0
    outer loop
      vertex 82.5221 56.2 7
      vertex 83.7 56.2 38.3
      vertex 74.8779 56.2 7
    endloop
  endfacet
  facet normal 0 -1 0
    outer loop
      vertex 83.7 56.2 1.6
      vertex 82.5221 56.2 7
      vertex 82.5221 56.2 1.6
    endloop
  endfacet
  facet normal 0 -1 0
    outer loop
      vertex 82.5221 56.2 7
      vertex 83.7 56.2 1.6
      vertex 83.7 56.2 38.3
    endloop
  endfacet
  facet normal 0.923878 0.382688 0
    outer loop
      vertex 2.0398 3.00124 38.3
      vertex 1.90769 3.32018 1.6
      vertex 1.90769 3.32018 38.3
    endloop
  endfacet
  facet normal 0.923878 0.382688 0
    outer loop
      vertex 1.90769 3.32018 1.6
      vertex 2.0398 3.00124 38.3
      vertex 2.0398 3.00124 1.6
    endloop
  endfacet
  facet normal 0.760419 0.649433 0
    outer loop
      vertex 2.44437 2.44437 38.3
      vertex 2.22017 2.70688 1.6
      vertex 2.22017 2.70688 38.3
    endloop
  endfacet
  facet normal 0.760419 0.649433 0
    outer loop
      vertex 2.22017 2.70688 1.6
      vertex 2.44437 2.44437 38.3
      vertex 2.44437 2.44437 1.6
    endloop
  endfacet
  facet normal 0.852651 -0.522481 0
    outer loop
      vertex 2.0398 54.9988 38.3
      vertex 2.22017 55.2931 1.6
      vertex 2.22017 55.2931 38.3
    endloop
  endfacet
  facet normal 0.852651 -0.522481 0
    outer loop
      vertex 2.22017 55.2931 1.6
      vertex 2.0398 54.9988 38.3
      vertex 2.0398 54.9988 1.6
    endloop
  endfacet
  facet normal -0.0784574 -0.996917 0
    outer loop
      vertex 83.7 56.2 1.6
      vertex 84.0441 56.1729 38.3
      vertex 83.7 56.2 38.3
    endloop
  endfacet
  facet normal -0.0784574 -0.996917 -0
    outer loop
      vertex 84.0441 56.1729 38.3
      vertex 83.7 56.2 1.6
      vertex 84.0441 56.1729 1.6
    endloop
  endfacet
  facet normal -0.760419 0.649433 0
    outer loop
      vertex 85.2556 2.44437 1.6
      vertex 85.4798 2.70688 38.3
      vertex 85.4798 2.70688 1.6
    endloop
  endfacet
  facet normal -0.760419 0.649433 0
    outer loop
      vertex 85.4798 2.70688 38.3
      vertex 85.2556 2.44437 1.6
      vertex 85.2556 2.44437 38.3
    endloop
  endfacet
  facet normal 0.382688 0.923878 -0
    outer loop
      vertex 3.32016 1.90768 1.6
      vertex 3.00122 2.03979 38.3
      vertex 3.32016 1.90768 38.3
    endloop
  endfacet
  facet normal 0.382688 0.923878 0
    outer loop
      vertex 3.00122 2.03979 38.3
      vertex 3.32016 1.90768 1.6
      vertex 3.00122 2.03979 1.6
    endloop
  endfacet
  facet normal 0.0784609 0.996917 -0
    outer loop
      vertex 3.99999 1.8 1.6
      vertex 3.65586 1.82709 38.3
      vertex 3.99999 1.8 38.3
    endloop
  endfacet
  facet normal 0.0784609 0.996917 0
    outer loop
      vertex 3.65586 1.82709 38.3
      vertex 3.99999 1.8 1.6
      vertex 3.65586 1.82709 1.6
    endloop
  endfacet
  facet normal 0.996917 0.0784574 0
    outer loop
      vertex 1.82709 3.65585 38.3
      vertex 1.80001 4 1.6
      vertex 1.80001 4 38.3
    endloop
  endfacet
  facet normal 0.996917 0.0784574 0
    outer loop
      vertex 1.80001 4 1.6
      vertex 1.82709 3.65585 38.3
      vertex 1.82709 3.65585 1.6
    endloop
  endfacet
  facet normal 0.852651 0.522481 0
    outer loop
      vertex 2.22017 2.70688 38.3
      vertex 2.0398 3.00124 1.6
      vertex 2.0398 3.00124 38.3
    endloop
  endfacet
  facet normal 0.852651 0.522481 0
    outer loop
      vertex 2.0398 3.00124 1.6
      vertex 2.22017 2.70688 38.3
      vertex 2.22017 2.70688 1.6
    endloop
  endfacet
  facet normal 0.972365 0.233467 0
    outer loop
      vertex 1.90769 3.32018 38.3
      vertex 1.82709 3.65585 1.6
      vertex 1.82709 3.65585 38.3
    endloop
  endfacet
  facet normal 0.972365 0.233467 0
    outer loop
      vertex 1.82709 3.65585 1.6
      vertex 1.90769 3.32018 38.3
      vertex 1.90769 3.32018 1.6
    endloop
  endfacet
  facet normal 0.649433 0.760419 -0
    outer loop
      vertex 2.70688 2.22017 1.6
      vertex 2.44437 2.44437 38.3
      vertex 2.70688 2.22017 38.3
    endloop
  endfacet
  facet normal 0.649433 0.760419 0
    outer loop
      vertex 2.44437 2.44437 38.3
      vertex 2.70688 2.22017 1.6
      vertex 2.44437 2.44437 1.6
    endloop
  endfacet
  facet normal -0.760419 -0.649433 0
    outer loop
      vertex 85.4798 55.2931 1.6
      vertex 85.2556 55.5556 38.3
      vertex 85.2556 55.5556 1.6
    endloop
  endfacet
  facet normal -0.760419 -0.649433 0
    outer loop
      vertex 85.2556 55.5556 38.3
      vertex 85.4798 55.2931 1.6
      vertex 85.4798 55.2931 38.3
    endloop
  endfacet
  facet normal -0.972365 -0.233467 0
    outer loop
      vertex 85.8729 54.3441 1.6
      vertex 85.7923 54.6798 38.3
      vertex 85.7923 54.6798 1.6
    endloop
  endfacet
  facet normal -0.972365 -0.233467 0
    outer loop
      vertex 85.7923 54.6798 38.3
      vertex 85.8729 54.3441 1.6
      vertex 85.8729 54.3441 38.3
    endloop
  endfacet
  facet normal -0.852651 -0.522481 0
    outer loop
      vertex 85.6602 54.9988 1.6
      vertex 85.4798 55.2931 38.3
      vertex 85.4798 55.2931 1.6
    endloop
  endfacet
  facet normal -0.852651 -0.522481 0
    outer loop
      vertex 85.4798 55.2931 38.3
      vertex 85.6602 54.9988 1.6
      vertex 85.6602 54.9988 38.3
    endloop
  endfacet
  facet normal 0.522501 -0.852639 0
    outer loop
      vertex 2.70688 55.7798 1.6
      vertex 3.00122 55.9602 38.3
      vertex 2.70688 55.7798 38.3
    endloop
  endfacet
  facet normal 0.522501 -0.852639 0
    outer loop
      vertex 3.00122 55.9602 38.3
      vertex 2.70688 55.7798 1.6
      vertex 3.00122 55.9602 1.6
    endloop
  endfacet
  facet normal 0.233457 -0.972367 0
    outer loop
      vertex 3.32016 56.0923 1.6
      vertex 3.65586 56.1729 38.3
      vertex 3.32016 56.0923 38.3
    endloop
  endfacet
  facet normal 0.233457 -0.972367 0
    outer loop
      vertex 3.65586 56.1729 38.3
      vertex 3.32016 56.0923 1.6
      vertex 3.65586 56.1729 1.6
    endloop
  endfacet
  facet normal 0.760419 -0.649433 0
    outer loop
      vertex 2.22017 55.2931 38.3
      vertex 2.44437 55.5556 1.6
      vertex 2.44437 55.5556 38.3
    endloop
  endfacet
  facet normal 0.760419 -0.649433 0
    outer loop
      vertex 2.44437 55.5556 1.6
      vertex 2.22017 55.2931 38.3
      vertex 2.22017 55.2931 1.6
    endloop
  endfacet
  facet normal 0.923878 -0.382688 0
    outer loop
      vertex 1.90769 54.6798 38.3
      vertex 2.0398 54.9988 1.6
      vertex 2.0398 54.9988 38.3
    endloop
  endfacet
  facet normal 0.923878 -0.382688 0
    outer loop
      vertex 2.0398 54.9988 1.6
      vertex 1.90769 54.6798 38.3
      vertex 1.90769 54.6798 1.6
    endloop
  endfacet
  facet normal -0.233467 -0.972365 0
    outer loop
      vertex 84.0441 56.1729 1.6
      vertex 84.3798 56.0923 38.3
      vertex 84.0441 56.1729 38.3
    endloop
  endfacet
  facet normal -0.233467 -0.972365 -0
    outer loop
      vertex 84.3798 56.0923 38.3
      vertex 84.0441 56.1729 1.6
      vertex 84.3798 56.0923 1.6
    endloop
  endfacet
  facet normal -0.649433 0.760419 0
    outer loop
      vertex 85.2556 2.44437 1.6
      vertex 84.9931 2.22017 38.3
      vertex 85.2556 2.44437 38.3
    endloop
  endfacet
  facet normal -0.649433 0.760419 0
    outer loop
      vertex 84.9931 2.22017 38.3
      vertex 85.2556 2.44437 1.6
      vertex 84.9931 2.22017 1.6
    endloop
  endfacet
  facet normal -0.0784574 0.996917 0
    outer loop
      vertex 84.0441 1.82709 1.6
      vertex 83.7 1.8 38.3
      vertex 84.0441 1.82709 38.3
    endloop
  endfacet
  facet normal -0.0784574 0.996917 0
    outer loop
      vertex 83.7 1.8 38.3
      vertex 84.0441 1.82709 1.6
      vertex 83.7 1.8 1.6
    endloop
  endfacet
  facet normal -0.233467 0.972365 0
    outer loop
      vertex 84.3798 1.90768 1.6
      vertex 84.0441 1.82709 38.3
      vertex 84.3798 1.90768 38.3
    endloop
  endfacet
  facet normal -0.233467 0.972365 0
    outer loop
      vertex 84.0441 1.82709 38.3
      vertex 84.3798 1.90768 1.6
      vertex 84.0441 1.82709 1.6
    endloop
  endfacet
  facet normal -0.923878 0.382688 0
    outer loop
      vertex 85.6602 3.00124 1.6
      vertex 85.7923 3.32018 38.3
      vertex 85.7923 3.32018 1.6
    endloop
  endfacet
  facet normal -0.923878 0.382688 0
    outer loop
      vertex 85.7923 3.32018 38.3
      vertex 85.6602 3.00124 1.6
      vertex 85.6602 3.00124 38.3
    endloop
  endfacet
  facet normal 0.233457 0.972367 -0
    outer loop
      vertex 3.65586 1.82709 1.6
      vertex 3.32016 1.90768 38.3
      vertex 3.65586 1.82709 38.3
    endloop
  endfacet
  facet normal 0.233457 0.972367 0
    outer loop
      vertex 3.32016 1.90768 38.3
      vertex 3.65586 1.82709 1.6
      vertex 3.32016 1.90768 1.6
    endloop
  endfacet
  facet normal 0.522501 0.852639 -0
    outer loop
      vertex 3.00122 2.03979 1.6
      vertex 2.70688 2.22017 38.3
      vertex 3.00122 2.03979 38.3
    endloop
  endfacet
  facet normal 0.522501 0.852639 0
    outer loop
      vertex 2.70688 2.22017 38.3
      vertex 3.00122 2.03979 1.6
      vertex 2.70688 2.22017 1.6
    endloop
  endfacet
  facet normal -0.649433 -0.760419 0
    outer loop
      vertex 84.9931 55.7798 1.6
      vertex 85.2556 55.5556 38.3
      vertex 84.9931 55.7798 38.3
    endloop
  endfacet
  facet normal -0.649433 -0.760419 -0
    outer loop
      vertex 85.2556 55.5556 38.3
      vertex 84.9931 55.7798 1.6
      vertex 85.2556 55.5556 1.6
    endloop
  endfacet
  facet normal -0.996917 -0.0784574 0
    outer loop
      vertex 85.9 54 1.6
      vertex 85.8729 54.3441 38.3
      vertex 85.8729 54.3441 1.6
    endloop
  endfacet
  facet normal -0.996917 -0.0784574 0
    outer loop
      vertex 85.8729 54.3441 38.3
      vertex 85.9 54 1.6
      vertex 85.9 54 38.3
    endloop
  endfacet
  facet normal -0.923878 -0.382688 0
    outer loop
      vertex 85.7923 54.6798 1.6
      vertex 85.6602 54.9988 38.3
      vertex 85.6602 54.9988 1.6
    endloop
  endfacet
  facet normal -0.923878 -0.382688 0
    outer loop
      vertex 85.6602 54.9988 38.3
      vertex 85.7923 54.6798 1.6
      vertex 85.7923 54.6798 38.3
    endloop
  endfacet
  facet normal 0.382688 -0.923878 0
    outer loop
      vertex 3.00122 55.9602 1.6
      vertex 3.32016 56.0923 38.3
      vertex 3.00122 55.9602 38.3
    endloop
  endfacet
  facet normal 0.382688 -0.923878 0
    outer loop
      vertex 3.32016 56.0923 38.3
      vertex 3.00122 55.9602 1.6
      vertex 3.32016 56.0923 1.6
    endloop
  endfacet
  facet normal 0.649433 -0.760419 0
    outer loop
      vertex 2.44437 55.5556 1.6
      vertex 2.70688 55.7798 38.3
      vertex 2.44437 55.5556 38.3
    endloop
  endfacet
  facet normal 0.649433 -0.760419 0
    outer loop
      vertex 2.70688 55.7798 38.3
      vertex 2.44437 55.5556 1.6
      vertex 2.70688 55.7798 1.6
    endloop
  endfacet
  facet normal -0.382688 -0.923878 0
    outer loop
      vertex 84.3798 56.0923 1.6
      vertex 84.6988 55.9602 38.3
      vertex 84.3798 56.0923 38.3
    endloop
  endfacet
  facet normal -0.382688 -0.923878 -0
    outer loop
      vertex 84.6988 55.9602 38.3
      vertex 84.3798 56.0923 1.6
      vertex 84.6988 55.9602 1.6
    endloop
  endfacet
  facet normal -0.382688 0.923878 0
    outer loop
      vertex 84.6988 2.03979 1.6
      vertex 84.3798 1.90768 38.3
      vertex 84.6988 2.03979 38.3
    endloop
  endfacet
  facet normal -0.382688 0.923878 0
    outer loop
      vertex 84.3798 1.90768 38.3
      vertex 84.6988 2.03979 1.6
      vertex 84.3798 1.90768 1.6
    endloop
  endfacet
  facet normal -0.522481 0.852651 0
    outer loop
      vertex 84.9931 2.22017 1.6
      vertex 84.6988 2.03979 38.3
      vertex 84.9931 2.22017 38.3
    endloop
  endfacet
  facet normal -0.522481 0.852651 0
    outer loop
      vertex 84.6988 2.03979 38.3
      vertex 84.9931 2.22017 1.6
      vertex 84.6988 2.03979 1.6
    endloop
  endfacet
  facet normal -0.852651 0.522481 0
    outer loop
      vertex 85.4798 2.70688 1.6
      vertex 85.6602 3.00124 38.3
      vertex 85.6602 3.00124 1.6
    endloop
  endfacet
  facet normal -0.852651 0.522481 0
    outer loop
      vertex 85.6602 3.00124 38.3
      vertex 85.4798 2.70688 1.6
      vertex 85.4798 2.70688 38.3
    endloop
  endfacet
  facet normal -0.972365 0.233467 0
    outer loop
      vertex 85.7923 3.32018 1.6
      vertex 85.8729 3.65585 38.3
      vertex 85.8729 3.65585 1.6
    endloop
  endfacet
  facet normal -0.972365 0.233467 0
    outer loop
      vertex 85.8729 3.65585 38.3
      vertex 85.7923 3.32018 1.6
      vertex 85.7923 3.32018 38.3
    endloop
  endfacet
  facet normal 1 -0 0
    outer loop
      vertex 68.7 9.2 1.6
      vertex 68.7 48.2 5.72205e-07
      vertex 68.7 48.2 1.6
    endloop
  endfacet
  facet normal 1 0 0
    outer loop
      vertex 68.7 48.2 5.72205e-07
      vertex 68.7 9.2 1.6
      vertex 68.7 9.2 5.72205e-07
    endloop
  endfacet
  facet normal -1 0 0
    outer loop
      vertex 78.7 10 5.72205e-07
      vertex 78.7 48 1.6
      vertex 78.7 48 5.72205e-07
    endloop
  endfacet
  facet normal -1 -0 0
    outer loop
      vertex 78.7 48 1.6
      vertex 78.7 10 5.72205e-07
      vertex 78.7 10 1.6
    endloop
  endfacet
  facet normal 0 1 -0
    outer loop
      vertex 76.0139 9.2 5.72205e-07
      vertex 68.7 9.2 1.6
      vertex 76.0139 9.2 1.6
    endloop
  endfacet
  facet normal 0 1 0
    outer loop
      vertex 68.7 9.2 1.6
      vertex 76.0139 9.2 5.72205e-07
      vertex 68.7 9.2 5.72205e-07
    endloop
  endfacet
  facet normal 0 -1 0
    outer loop
      vertex 68.7 48.2 5.72205e-07
      vertex 77.3412 48.2 1.6
      vertex 68.7 48.2 1.6
    endloop
  endfacet
  facet normal 0 -1 -0
    outer loop
      vertex 77.3412 48.2 1.6
      vertex 68.7 48.2 5.72205e-07
      vertex 77.3412 48.2 5.72205e-07
    endloop
  endfacet
  facet normal 0.996918 -0.0784535 0
    outer loop
      vertex 83.6384 52.2178 7
      vertex 83.7 53 1.6
      vertex 83.7 53 7
    endloop
  endfacet
  facet normal 0.996918 -0.0784535 0
    outer loop
      vertex 83.7 53 1.6
      vertex 83.6384 52.2178 7
      vertex 83.6384 52.2178 1.6
    endloop
  endfacet
  facet normal -0.996917 0.0784632 0
    outer loop
      vertex 73.7 53 1.6
      vertex 73.7616 53.7822 7
      vertex 73.7616 53.7822 1.6
    endloop
  endfacet
  facet normal -0.996917 0.0784632 0
    outer loop
      vertex 73.7616 53.7822 7
      vertex 73.7 53 1.6
      vertex 73.7 53 7
    endloop
  endfacet
  facet normal -0.0784583 -0.996917 0
    outer loop
      vertex 77.9178 48.0616 7
      vertex 78.7 48 1.6
      vertex 78.7 48 7
    endloop
  endfacet
  facet normal -0.0784583 -0.996917 0
    outer loop
      vertex 77.9178 48.0616 5.72205e-07
      vertex 78.7 48 1.6
      vertex 77.9178 48.0616 7
    endloop
  endfacet
  facet normal -0.0784583 -0.996917 -0
    outer loop
      vertex 78.7 48 1.6
      vertex 77.9178 48.0616 5.72205e-07
      vertex 78.7 48 5.72205e-07
    endloop
  endfacet
  facet normal 0.649447 -0.760407 0
    outer loop
      vertex 81.6389 48.9549 1.6
      vertex 82.2355 49.4645 7
      vertex 81.6389 48.9549 7
    endloop
  endfacet
  facet normal 0.649447 -0.760407 0
    outer loop
      vertex 82.2355 49.4645 7
      vertex 81.6389 48.9549 1.6
      vertex 82.2355 49.4645 1.6
    endloop
  endfacet
  facet normal -0.760405 -0.649449 0
    outer loop
      vertex 75.1645 49.4645 1.6
      vertex 74.6549 50.0611 7
      vertex 74.6549 50.0611 1.6
    endloop
  endfacet
  facet normal -0.760405 -0.649449 0
    outer loop
      vertex 74.6549 50.0611 7
      vertex 75.1645 49.4645 1.6
      vertex 75.1645 49.4645 7
    endloop
  endfacet
  facet normal -0.522496 -0.852642 0
    outer loop
      vertex 75.7611 48.9549 1.6
      vertex 76.43 48.545 7
      vertex 75.7611 48.9549 7
    endloop
  endfacet
  facet normal -0.522496 -0.852642 -0
    outer loop
      vertex 76.43 48.545 7
      vertex 75.7611 48.9549 1.6
      vertex 76.43 48.545 1.6
    endloop
  endfacet
  facet normal 0.923877 0.38269 0
    outer loop
      vertex 83.4553 54.5451 7
      vertex 83.155 55.27 1.6
      vertex 83.155 55.27 7
    endloop
  endfacet
  facet normal 0.923877 0.38269 0
    outer loop
      vertex 83.155 55.27 1.6
      vertex 83.4553 54.5451 7
      vertex 83.4553 54.5451 1.6
    endloop
  endfacet
  facet normal 0.852642 -0.522495 0
    outer loop
      vertex 82.7451 50.0611 7
      vertex 83.155 50.73 1.6
      vertex 83.155 50.73 7
    endloop
  endfacet
  facet normal 0.852642 -0.522495 0
    outer loop
      vertex 83.155 50.73 1.6
      vertex 82.7451 50.0611 7
      vertex 82.7451 50.0611 1.6
    endloop
  endfacet
  facet normal 0.97237 -0.233445 0
    outer loop
      vertex 83.4553 51.4549 7
      vertex 83.6384 52.2178 1.6
      vertex 83.6384 52.2178 7
    endloop
  endfacet
  facet normal 0.97237 -0.233445 0
    outer loop
      vertex 83.6384 52.2178 1.6
      vertex 83.4553 51.4549 7
      vertex 83.4553 51.4549 1.6
    endloop
  endfacet
  facet normal 0.760405 -0.649449 0
    outer loop
      vertex 82.2355 49.4645 7
      vertex 82.7451 50.0611 1.6
      vertex 82.7451 50.0611 7
    endloop
  endfacet
  facet normal 0.760405 -0.649449 0
    outer loop
      vertex 82.7451 50.0611 1.6
      vertex 82.2355 49.4645 7
      vertex 82.2355 49.4645 1.6
    endloop
  endfacet
  facet normal 0.382684 -0.923879 0
    outer loop
      vertex 80.2451 48.2447 1.6
      vertex 80.97 48.545 7
      vertex 80.2451 48.2447 7
    endloop
  endfacet
  facet normal 0.382684 -0.923879 0
    outer loop
      vertex 80.97 48.545 7
      vertex 80.2451 48.2447 1.6
      vertex 80.97 48.545 1.6
    endloop
  endfacet
  facet normal 0.233444 -0.97237 0
    outer loop
      vertex 79.4822 48.0616 1.6
      vertex 80.2451 48.2447 7
      vertex 79.4822 48.0616 7
    endloop
  endfacet
  facet normal 0.233444 -0.97237 0
    outer loop
      vertex 80.2451 48.2447 7
      vertex 79.4822 48.0616 1.6
      vertex 80.2451 48.2447 1.6
    endloop
  endfacet
  facet normal 0.522501 -0.852639 0
    outer loop
      vertex 80.97 48.545 1.6
      vertex 81.6389 48.9549 7
      vertex 80.97 48.545 7
    endloop
  endfacet
  facet normal 0.522501 -0.852639 0
    outer loop
      vertex 81.6389 48.9549 7
      vertex 80.97 48.545 1.6
      vertex 81.6389 48.9549 1.6
    endloop
  endfacet
  facet normal -0.923881 -0.38268 0
    outer loop
      vertex 74.245 50.73 1.6
      vertex 73.9447 51.4549 7
      vertex 73.9447 51.4549 1.6
    endloop
  endfacet
  facet normal -0.923881 -0.38268 0
    outer loop
      vertex 73.9447 51.4549 7
      vertex 74.245 50.73 1.6
      vertex 74.245 50.73 7
    endloop
  endfacet
  facet normal -0.852638 -0.522502 0
    outer loop
      vertex 74.6549 50.0611 1.6
      vertex 74.245 50.73 7
      vertex 74.245 50.73 1.6
    endloop
  endfacet
  facet normal -0.852638 -0.522502 0
    outer loop
      vertex 74.245 50.73 7
      vertex 74.6549 50.0611 1.6
      vertex 74.6549 50.0611 7
    endloop
  endfacet
  facet normal -0.97237 -0.233445 0
    outer loop
      vertex 73.9447 51.4549 1.6
      vertex 73.7616 52.2178 7
      vertex 73.7616 52.2178 1.6
    endloop
  endfacet
  facet normal -0.97237 -0.233445 0
    outer loop
      vertex 73.7616 52.2178 7
      vertex 73.9447 51.4549 1.6
      vertex 73.9447 51.4549 7
    endloop
  endfacet
  facet normal -0.649451 -0.760403 0
    outer loop
      vertex 75.1645 49.4645 1.6
      vertex 75.7611 48.9549 7
      vertex 75.1645 49.4645 7
    endloop
  endfacet
  facet normal -0.649451 -0.760403 -0
    outer loop
      vertex 75.7611 48.9549 7
      vertex 75.1645 49.4645 1.6
      vertex 75.7611 48.9549 1.6
    endloop
  endfacet
  facet normal -0.233444 -0.97237 0
    outer loop
      vertex 77.3412 48.2 1.6
      vertex 77.1549 48.2447 7
      vertex 77.1549 48.2447 1.6
    endloop
  endfacet
  facet normal -0.233446 -0.97237 -8.70346e-08
    outer loop
      vertex 77.1549 48.2447 7
      vertex 77.3412 48.2 1.6
      vertex 77.9178 48.0616 7
    endloop
  endfacet
  facet normal -0.233447 -0.97237 0
    outer loop
      vertex 77.9178 48.0616 5.72205e-07
      vertex 77.3412 48.2 1.6
      vertex 77.3412 48.2 5.72205e-07
    endloop
  endfacet
  facet normal -0.233447 -0.97237 0
    outer loop
      vertex 77.3412 48.2 1.6
      vertex 77.9178 48.0616 5.72205e-07
      vertex 77.9178 48.0616 7
    endloop
  endfacet
  facet normal 0.97237 0.233445 0
    outer loop
      vertex 83.6384 53.7822 7
      vertex 83.4553 54.5451 1.6
      vertex 83.4553 54.5451 7
    endloop
  endfacet
  facet normal 0.97237 0.233445 0
    outer loop
      vertex 83.4553 54.5451 1.6
      vertex 83.6384 53.7822 7
      vertex 83.6384 53.7822 1.6
    endloop
  endfacet
  facet normal 0.923878 -0.382688 0
    outer loop
      vertex 83.155 50.73 7
      vertex 83.4553 51.4549 1.6
      vertex 83.4553 51.4549 7
    endloop
  endfacet
  facet normal 0.923878 -0.382688 0
    outer loop
      vertex 83.4553 51.4549 1.6
      vertex 83.155 50.73 7
      vertex 83.155 50.73 1.6
    endloop
  endfacet
  facet normal 0.0784583 -0.996917 0
    outer loop
      vertex 78.7 48 1.6
      vertex 79.4822 48.0616 7
      vertex 78.7 48 7
    endloop
  endfacet
  facet normal 0.0784583 -0.996917 0
    outer loop
      vertex 79.4822 48.0616 7
      vertex 78.7 48 1.6
      vertex 79.4822 48.0616 1.6
    endloop
  endfacet
  facet normal 0 0 1
    outer loop
      vertex 83.6384 53.7822 7
      vertex 83.6384 52.2178 7
      vertex 83.7 53 7
    endloop
  endfacet
  facet normal 0 0 1
    outer loop
      vertex 83.4553 54.5451 7
      vertex 83.6384 52.2178 7
      vertex 83.6384 53.7822 7
    endloop
  endfacet
  facet normal 0 0 1
    outer loop
      vertex 83.4553 54.5451 7
      vertex 83.4553 51.4549 7
      vertex 83.6384 52.2178 7
    endloop
  endfacet
  facet normal 0 0 1
    outer loop
      vertex 82.5221 56.2 7
      vertex 83.4553 54.5451 7
      vertex 83.155 55.27 7
    endloop
  endfacet
  facet normal 0 0 1
    outer loop
      vertex 83.4553 54.5451 7
      vertex 82.5221 56.2 7
      vertex 83.4553 51.4549 7
    endloop
  endfacet
  facet normal 0 0 1
    outer loop
      vertex 82.5221 56.2 7
      vertex 83.155 55.27 7
      vertex 82.7451 55.9389 7
    endloop
  endfacet
  facet normal 0 0 1
    outer loop
      vertex 83.4553 51.4549 7
      vertex 82.5221 56.2 7
      vertex 83.155 50.73 7
    endloop
  endfacet
  facet normal 0 0 1
    outer loop
      vertex 83.155 50.73 7
      vertex 82.5221 56.2 7
      vertex 82.7451 50.0611 7
    endloop
  endfacet
  facet normal 0 0 1
    outer loop
      vertex 82.5221 56.2 7
      vertex 82.2355 49.4645 7
      vertex 82.7451 50.0611 7
    endloop
  endfacet
  facet normal 0 0 1
    outer loop
      vertex 82.5221 56.2 7
      vertex 81.6389 48.9549 7
      vertex 82.2355 49.4645 7
    endloop
  endfacet
  facet normal 0 0 1
    outer loop
      vertex 82.5221 56.2 7
      vertex 80.97 48.545 7
      vertex 81.6389 48.9549 7
    endloop
  endfacet
  facet normal 0 0 1
    outer loop
      vertex 82.5221 56.2 7
      vertex 80.2451 48.2447 7
      vertex 80.97 48.545 7
    endloop
  endfacet
  facet normal 0 0 1
    outer loop
      vertex 82.5221 56.2 7
      vertex 79.4822 48.0616 7
      vertex 80.2451 48.2447 7
    endloop
  endfacet
  facet normal 0 0 1
    outer loop
      vertex 82.5221 56.2 7
      vertex 78.7 48 7
      vertex 79.4822 48.0616 7
    endloop
  endfacet
  facet normal 0 0 1
    outer loop
      vertex 82.5221 56.2 7
      vertex 77.9178 48.0616 7
      vertex 78.7 48 7
    endloop
  endfacet
  facet normal 0 0 1
    outer loop
      vertex 82.5221 56.2 7
      vertex 77.1549 48.2447 7
      vertex 77.9178 48.0616 7
    endloop
  endfacet
  facet normal 0 0 1
    outer loop
      vertex 82.5221 56.2 7
      vertex 76.43 48.545 7
      vertex 77.1549 48.2447 7
    endloop
  endfacet
  facet normal 0 0 1
    outer loop
      vertex 82.5221 56.2 7
      vertex 75.7611 48.9549 7
      vertex 76.43 48.545 7
    endloop
  endfacet
  facet normal 0 0 1
    outer loop
      vertex 82.5221 56.2 7
      vertex 75.1645 49.4645 7
      vertex 75.7611 48.9549 7
    endloop
  endfacet
  facet normal -0 0 1
    outer loop
      vertex 74.8779 56.2 7
      vertex 75.1645 49.4645 7
      vertex 82.5221 56.2 7
    endloop
  endfacet
  facet normal 0 0 1
    outer loop
      vertex 74.245 55.27 7
      vertex 74.8779 56.2 7
      vertex 74.6549 55.9389 7
    endloop
  endfacet
  facet normal 0 0 1
    outer loop
      vertex 74.8779 56.2 7
      vertex 74.6549 50.0611 7
      vertex 75.1645 49.4645 7
    endloop
  endfacet
  facet normal 0 0 1
    outer loop
      vertex 73.9447 54.5451 7
      vertex 74.8779 56.2 7
      vertex 74.245 55.27 7
    endloop
  endfacet
  facet normal 0 0 1
    outer loop
      vertex 74.8779 56.2 7
      vertex 74.245 50.73 7
      vertex 74.6549 50.0611 7
    endloop
  endfacet
  facet normal 0 0 1
    outer loop
      vertex 74.8779 56.2 7
      vertex 73.9447 54.5451 7
      vertex 74.245 50.73 7
    endloop
  endfacet
  facet normal 0 0 1
    outer loop
      vertex 73.9447 54.5451 7
      vertex 73.9447 51.4549 7
      vertex 74.245 50.73 7
    endloop
  endfacet
  facet normal -0 0 1
    outer loop
      vertex 73.7616 53.7822 7
      vertex 73.9447 51.4549 7
      vertex 73.9447 54.5451 7
    endloop
  endfacet
  facet normal 0 0 1
    outer loop
      vertex 73.7616 53.7822 7
      vertex 73.7616 52.2178 7
      vertex 73.9447 51.4549 7
    endloop
  endfacet
  facet normal 0 -0 1
    outer loop
      vertex 73.7616 52.2178 7
      vertex 73.7616 53.7822 7
      vertex 73.7 53 7
    endloop
  endfacet
  facet normal -0.996917 -0.0784632 0
    outer loop
      vertex 73.7616 52.2178 1.6
      vertex 73.7 53 7
      vertex 73.7 53 1.6
    endloop
  endfacet
  facet normal -0.996917 -0.0784632 0
    outer loop
      vertex 73.7 53 7
      vertex 73.7616 52.2178 1.6
      vertex 73.7616 52.2178 7
    endloop
  endfacet
  facet normal -0.382684 -0.923879 0
    outer loop
      vertex 76.43 48.545 1.6
      vertex 77.1549 48.2447 7
      vertex 76.43 48.545 7
    endloop
  endfacet
  facet normal -0.382684 -0.923879 -0
    outer loop
      vertex 77.1549 48.2447 7
      vertex 76.43 48.545 1.6
      vertex 77.1549 48.2447 1.6
    endloop
  endfacet
  facet normal 0.852644 0.522493 0
    outer loop
      vertex 83.155 55.27 7
      vertex 82.7451 55.9389 1.6
      vertex 82.7451 55.9389 7
    endloop
  endfacet
  facet normal 0.852644 0.522493 0
    outer loop
      vertex 82.7451 55.9389 1.6
      vertex 83.155 55.27 7
      vertex 83.155 55.27 1.6
    endloop
  endfacet
  facet normal -0.97237 0.233445 0
    outer loop
      vertex 73.7616 53.7822 1.6
      vertex 73.9447 54.5451 7
      vertex 73.9447 54.5451 1.6
    endloop
  endfacet
  facet normal -0.97237 0.233445 0
    outer loop
      vertex 73.9447 54.5451 7
      vertex 73.7616 53.7822 1.6
      vertex 73.7616 53.7822 7
    endloop
  endfacet
  facet normal 0.996918 0.0784535 0
    outer loop
      vertex 83.7 53 7
      vertex 83.6384 53.7822 1.6
      vertex 83.6384 53.7822 7
    endloop
  endfacet
  facet normal 0.996918 0.0784535 0
    outer loop
      vertex 83.6384 53.7822 1.6
      vertex 83.7 53 7
      vertex 83.7 53 1.6
    endloop
  endfacet
  facet normal -0.760404 0.649451 0
    outer loop
      vertex 74.6549 55.9389 1.6
      vertex 74.8779 56.2 7
      vertex 74.8779 56.2 1.6
    endloop
  endfacet
  facet normal -0.760404 0.649451 0
    outer loop
      vertex 74.8779 56.2 7
      vertex 74.6549 55.9389 1.6
      vertex 74.6549 55.9389 7
    endloop
  endfacet
  facet normal -0.92388 0.382682 0
    outer loop
      vertex 73.9447 54.5451 1.6
      vertex 74.245 55.27 7
      vertex 74.245 55.27 1.6
    endloop
  endfacet
  facet normal -0.92388 0.382682 0
    outer loop
      vertex 74.245 55.27 7
      vertex 73.9447 54.5451 1.6
      vertex 73.9447 54.5451 7
    endloop
  endfacet
  facet normal 0.760404 0.649451 0
    outer loop
      vertex 82.7451 55.9389 7
      vertex 82.5221 56.2 1.6
      vertex 82.5221 56.2 7
    endloop
  endfacet
  facet normal 0.760404 0.649451 0
    outer loop
      vertex 82.5221 56.2 1.6
      vertex 82.7451 55.9389 7
      vertex 82.7451 55.9389 1.6
    endloop
  endfacet
  facet normal -0.852639 0.5225 0
    outer loop
      vertex 74.245 55.27 1.6
      vertex 74.6549 55.9389 7
      vertex 74.6549 55.9389 1.6
    endloop
  endfacet
  facet normal -0.852639 0.5225 0
    outer loop
      vertex 74.6549 55.9389 7
      vertex 74.245 55.27 1.6
      vertex 74.245 55.27 7
    endloop
  endfacet
  facet normal -0.233446 0.97237 0
    outer loop
      vertex 77.9178 9.93844 5.72205e-07
      vertex 77.1549 9.75528 7
      vertex 77.9178 9.93844 7
    endloop
  endfacet
  facet normal -0.233446 0.97237 0
    outer loop
      vertex 77.1549 9.75528 7
      vertex 77.9178 9.93844 5.72205e-07
      vertex 77.1549 9.75528 5.72205e-07
    endloop
  endfacet
  facet normal -0.923881 -0.382681 0
    outer loop
      vertex 74.245 2.73005 1.6
      vertex 73.9447 3.45492 7
      vertex 73.9447 3.45492 1.6
    endloop
  endfacet
  facet normal -0.923881 -0.382681 0
    outer loop
      vertex 73.9447 3.45492 7
      vertex 74.245 2.73005 1.6
      vertex 74.245 2.73005 7
    endloop
  endfacet
  facet normal -0.852639 0.522501 0
    outer loop
      vertex 74.245 7.26995 1.6
      vertex 74.6549 7.93893 7
      vertex 74.6549 7.93893 1.6
    endloop
  endfacet
  facet normal -0.852639 0.522501 0
    outer loop
      vertex 74.6549 7.93893 7
      vertex 74.245 7.26995 1.6
      vertex 74.245 7.26995 7
    endloop
  endfacet
  facet normal 0.852643 -0.522494 0
    outer loop
      vertex 82.7451 2.06107 7
      vertex 83.155 2.73005 1.6
      vertex 83.155 2.73005 7
    endloop
  endfacet
  facet normal 0.852643 -0.522494 0
    outer loop
      vertex 83.155 2.73005 1.6
      vertex 82.7451 2.06107 7
      vertex 82.7451 2.06107 1.6
    endloop
  endfacet
  facet normal 0.97237 -0.233445 0
    outer loop
      vertex 83.4553 3.45492 7
      vertex 83.6384 4.21783 1.6
      vertex 83.6384 4.21783 7
    endloop
  endfacet
  facet normal 0.97237 -0.233445 0
    outer loop
      vertex 83.6384 4.21783 1.6
      vertex 83.4553 3.45492 7
      vertex 83.4553 3.45492 1.6
    endloop
  endfacet
  facet normal 0.760405 -0.649449 0
    outer loop
      vertex 82.5221 1.8 7
      vertex 82.7451 2.06107 1.6
      vertex 82.7451 2.06107 7
    endloop
  endfacet
  facet normal 0.760405 -0.649449 0
    outer loop
      vertex 82.7451 2.06107 1.6
      vertex 82.5221 1.8 7
      vertex 82.5221 1.8 1.6
    endloop
  endfacet
  facet normal 0 0 1
    outer loop
      vertex 83.6384 5.78217 7
      vertex 83.6384 4.21783 7
      vertex 83.7 5 7
    endloop
  endfacet
  facet normal 0 0 1
    outer loop
      vertex 83.4553 6.54509 7
      vertex 83.6384 4.21783 7
      vertex 83.6384 5.78217 7
    endloop
  endfacet
  facet normal 0 0 1
    outer loop
      vertex 83.4553 6.54509 7
      vertex 83.4553 3.45492 7
      vertex 83.6384 4.21783 7
    endloop
  endfacet
  facet normal 0 0 1
    outer loop
      vertex 83.155 7.26995 7
      vertex 83.4553 3.45492 7
      vertex 83.4553 6.54509 7
    endloop
  endfacet
  facet normal 0 0 1
    outer loop
      vertex 82.5221 1.8 7
      vertex 83.4553 3.45492 7
      vertex 83.155 7.26995 7
    endloop
  endfacet
  facet normal 0 0 1
    outer loop
      vertex 82.5221 1.8 7
      vertex 83.155 7.26995 7
      vertex 82.7451 7.93893 7
    endloop
  endfacet
  facet normal 0 0 1
    outer loop
      vertex 83.4553 3.45492 7
      vertex 82.5221 1.8 7
      vertex 83.155 2.73005 7
    endloop
  endfacet
  facet normal 0 0 1
    outer loop
      vertex 83.155 2.73005 7
      vertex 82.5221 1.8 7
      vertex 82.7451 2.06107 7
    endloop
  endfacet
  facet normal 0 0 1
    outer loop
      vertex 82.2355 8.53553 7
      vertex 82.5221 1.8 7
      vertex 82.7451 7.93893 7
    endloop
  endfacet
  facet normal 0 0 1
    outer loop
      vertex 81.6389 9.04509 7
      vertex 82.5221 1.8 7
      vertex 82.2355 8.53553 7
    endloop
  endfacet
  facet normal 0 0 1
    outer loop
      vertex 80.97 9.45503 7
      vertex 82.5221 1.8 7
      vertex 81.6389 9.04509 7
    endloop
  endfacet
  facet normal 0 0 1
    outer loop
      vertex 80.2451 9.75528 7
      vertex 82.5221 1.8 7
      vertex 80.97 9.45503 7
    endloop
  endfacet
  facet normal 0 0 1
    outer loop
      vertex 79.4822 9.93844 7
      vertex 82.5221 1.8 7
      vertex 80.2451 9.75528 7
    endloop
  endfacet
  facet normal 0 0 1
    outer loop
      vertex 78.7 10 7
      vertex 82.5221 1.8 7
      vertex 79.4822 9.93844 7
    endloop
  endfacet
  facet normal -0 0 1
    outer loop
      vertex 77.9178 9.93844 7
      vertex 82.5221 1.8 7
      vertex 78.7 10 7
    endloop
  endfacet
  facet normal -0 0 1
    outer loop
      vertex 77.1549 9.75528 7
      vertex 82.5221 1.8 7
      vertex 77.9178 9.93844 7
    endloop
  endfacet
  facet normal -0 0 1
    outer loop
      vertex 76.43 9.45503 7
      vertex 82.5221 1.8 7
      vertex 77.1549 9.75528 7
    endloop
  endfacet
  facet normal -0 0 1
    outer loop
      vertex 75.7611 9.04509 7
      vertex 82.5221 1.8 7
      vertex 76.43 9.45503 7
    endloop
  endfacet
  facet normal -0 0 1
    outer loop
      vertex 75.1645 8.53553 7
      vertex 82.5221 1.8 7
      vertex 75.7611 9.04509 7
    endloop
  endfacet
  facet normal 0 0 1
    outer loop
      vertex 75.1645 8.53553 7
      vertex 74.8779 1.8 7
      vertex 82.5221 1.8 7
    endloop
  endfacet
  facet normal -0 0 1
    outer loop
      vertex 74.6549 7.93893 7
      vertex 74.8779 1.8 7
      vertex 75.1645 8.53553 7
    endloop
  endfacet
  facet normal -0 0 1
    outer loop
      vertex 74.245 7.26995 7
      vertex 74.8779 1.8 7
      vertex 74.6549 7.93893 7
    endloop
  endfacet
  facet normal -0 0 1
    outer loop
      vertex 73.9447 6.54509 7
      vertex 74.8779 1.8 7
      vertex 74.245 7.26995 7
    endloop
  endfacet
  facet normal 0 0 1
    outer loop
      vertex 74.8779 1.8 7
      vertex 74.245 2.73005 7
      vertex 74.6549 2.06107 7
    endloop
  endfacet
  facet normal -0 0 1
    outer loop
      vertex 73.9447 3.45492 7
      vertex 74.8779 1.8 7
      vertex 73.9447 6.54509 7
    endloop
  endfacet
  facet normal 0 0 1
    outer loop
      vertex 74.8779 1.8 7
      vertex 73.9447 3.45492 7
      vertex 74.245 2.73005 7
    endloop
  endfacet
  facet normal -0 0 1
    outer loop
      vertex 73.7616 5.78217 7
      vertex 73.9447 3.45492 7
      vertex 73.9447 6.54509 7
    endloop
  endfacet
  facet normal 0 0 1
    outer loop
      vertex 73.7616 5.78217 7
      vertex 73.7616 4.21783 7
      vertex 73.9447 3.45492 7
    endloop
  endfacet
  facet normal 0 -0 1
    outer loop
      vertex 73.7616 4.21783 7
      vertex 73.7616 5.78217 7
      vertex 73.7 5 7
    endloop
  endfacet
  facet normal -0.852639 -0.522501 0
    outer loop
      vertex 74.6549 2.06107 1.6
      vertex 74.245 2.73005 7
      vertex 74.245 2.73005 1.6
    endloop
  endfacet
  facet normal -0.852639 -0.522501 0
    outer loop
      vertex 74.245 2.73005 7
      vertex 74.6549 2.06107 1.6
      vertex 74.6549 2.06107 7
    endloop
  endfacet
  facet normal -0.760405 -0.649449 0
    outer loop
      vertex 74.8779 1.8 1.6
      vertex 74.6549 2.06107 7
      vertex 74.6549 2.06107 1.6
    endloop
  endfacet
  facet normal -0.760405 -0.649449 0
    outer loop
      vertex 74.6549 2.06107 7
      vertex 74.8779 1.8 1.6
      vertex 74.8779 1.8 7
    endloop
  endfacet
  facet normal 0.996918 -0.0784536 0
    outer loop
      vertex 83.6384 4.21783 7
      vertex 83.7 5 1.6
      vertex 83.7 5 7
    endloop
  endfacet
  facet normal 0.996918 -0.0784536 0
    outer loop
      vertex 83.7 5 1.6
      vertex 83.6384 4.21783 7
      vertex 83.6384 4.21783 1.6
    endloop
  endfacet
  facet normal 0.233444 0.97237 -0
    outer loop
      vertex 80.2451 9.75528 1.6
      vertex 79.4822 9.93844 7
      vertex 80.2451 9.75528 7
    endloop
  endfacet
  facet normal 0.233444 0.97237 0
    outer loop
      vertex 79.4822 9.93844 7
      vertex 80.2451 9.75528 1.6
      vertex 79.4822 9.93844 1.6
    endloop
  endfacet
  facet normal 0.649446 0.760408 -0
    outer loop
      vertex 82.2355 8.53553 1.6
      vertex 81.6389 9.04509 7
      vertex 82.2355 8.53553 7
    endloop
  endfacet
  facet normal 0.649446 0.760408 0
    outer loop
      vertex 81.6389 9.04509 7
      vertex 82.2355 8.53553 1.6
      vertex 81.6389 9.04509 1.6
    endloop
  endfacet
  facet normal 0.852643 0.522494 0
    outer loop
      vertex 83.155 7.26995 7
      vertex 82.7451 7.93893 1.6
      vertex 82.7451 7.93893 7
    endloop
  endfacet
  facet normal 0.852643 0.522494 0
    outer loop
      vertex 82.7451 7.93893 1.6
      vertex 83.155 7.26995 7
      vertex 83.155 7.26995 1.6
    endloop
  endfacet
  facet normal -0.0784583 0.996917 0
    outer loop
      vertex 78.7 10 1.6
      vertex 77.9178 9.93844 7
      vertex 78.7 10 7
    endloop
  endfacet
  facet normal -0.0784583 0.996917 0
    outer loop
      vertex 77.9178 9.93844 5.72205e-07
      vertex 78.7 10 1.6
      vertex 78.7 10 5.72205e-07
    endloop
  endfacet
  facet normal -0.0784583 0.996917 0
    outer loop
      vertex 78.7 10 1.6
      vertex 77.9178 9.93844 5.72205e-07
      vertex 77.9178 9.93844 7
    endloop
  endfacet
  facet normal -0.522497 0.852641 -9.49251e-08
    outer loop
      vertex 76.43 9.45503 7
      vertex 76.0139 9.2 1.6
      vertex 75.7611 9.04509 7
    endloop
  endfacet
  facet normal -0.522498 0.85264 0
    outer loop
      vertex 76.43 9.45503 5.72205e-07
      vertex 76.0139 9.2 1.6
      vertex 76.43 9.45503 7
    endloop
  endfacet
  facet normal -0.522498 0.85264 0
    outer loop
      vertex 76.0139 9.2 1.6
      vertex 76.43 9.45503 5.72205e-07
      vertex 76.0139 9.2 5.72205e-07
    endloop
  endfacet
  facet normal -0.522496 0.852642 0
    outer loop
      vertex 75.7611 9.04509 7
      vertex 76.0139 9.2 1.6
      vertex 75.7611 9.04509 1.6
    endloop
  endfacet
  facet normal -0.760406 0.649448 0
    outer loop
      vertex 74.6549 7.93893 1.6
      vertex 75.1645 8.53553 7
      vertex 75.1645 8.53553 1.6
    endloop
  endfacet
  facet normal -0.760406 0.649448 0
    outer loop
      vertex 75.1645 8.53553 7
      vertex 74.6549 7.93893 1.6
      vertex 74.6549 7.93893 7
    endloop
  endfacet
  facet normal -0.97237 0.233445 0
    outer loop
      vertex 73.7616 5.78217 1.6
      vertex 73.9447 6.54509 7
      vertex 73.9447 6.54509 1.6
    endloop
  endfacet
  facet normal -0.97237 0.233445 0
    outer loop
      vertex 73.9447 6.54509 7
      vertex 73.7616 5.78217 1.6
      vertex 73.7616 5.78217 7
    endloop
  endfacet
  facet normal -0.649451 0.760404 0
    outer loop
      vertex 75.7611 9.04509 1.6
      vertex 75.1645 8.53553 7
      vertex 75.7611 9.04509 7
    endloop
  endfacet
  facet normal -0.649451 0.760404 0
    outer loop
      vertex 75.1645 8.53553 7
      vertex 75.7611 9.04509 1.6
      vertex 75.1645 8.53553 1.6
    endloop
  endfacet
  facet normal 0.923877 -0.382689 0
    outer loop
      vertex 83.155 2.73005 7
      vertex 83.4553 3.45492 1.6
      vertex 83.4553 3.45492 7
    endloop
  endfacet
  facet normal 0.923877 -0.382689 0
    outer loop
      vertex 83.4553 3.45492 1.6
      vertex 83.155 2.73005 7
      vertex 83.155 2.73005 1.6
    endloop
  endfacet
  facet normal -0.996917 0.0784632 0
    outer loop
      vertex 73.7 5 1.6
      vertex 73.7616 5.78217 7
      vertex 73.7616 5.78217 1.6
    endloop
  endfacet
  facet normal -0.996917 0.0784632 0
    outer loop
      vertex 73.7616 5.78217 7
      vertex 73.7 5 1.6
      vertex 73.7 5 7
    endloop
  endfacet
  facet normal -0.97237 -0.233445 0
    outer loop
      vertex 73.9447 3.45492 1.6
      vertex 73.7616 4.21783 7
      vertex 73.7616 4.21783 1.6
    endloop
  endfacet
  facet normal -0.97237 -0.233445 0
    outer loop
      vertex 73.7616 4.21783 7
      vertex 73.9447 3.45492 1.6
      vertex 73.9447 3.45492 7
    endloop
  endfacet
  facet normal 0.97237 0.233445 0
    outer loop
      vertex 83.6384 5.78217 7
      vertex 83.4553 6.54509 1.6
      vertex 83.4553 6.54509 7
    endloop
  endfacet
  facet normal 0.97237 0.233445 0
    outer loop
      vertex 83.4553 6.54509 1.6
      vertex 83.6384 5.78217 7
      vertex 83.6384 5.78217 1.6
    endloop
  endfacet
  facet normal 0.382683 0.92388 -0
    outer loop
      vertex 80.97 9.45503 1.6
      vertex 80.2451 9.75528 7
      vertex 80.97 9.45503 7
    endloop
  endfacet
  facet normal 0.382683 0.92388 0
    outer loop
      vertex 80.2451 9.75528 7
      vertex 80.97 9.45503 1.6
      vertex 80.2451 9.75528 1.6
    endloop
  endfacet
  facet normal 0.760406 0.649448 0
    outer loop
      vertex 82.7451 7.93893 7
      vertex 82.2355 8.53553 1.6
      vertex 82.2355 8.53553 7
    endloop
  endfacet
  facet normal 0.760406 0.649448 0
    outer loop
      vertex 82.2355 8.53553 1.6
      vertex 82.7451 7.93893 7
      vertex 82.7451 7.93893 1.6
    endloop
  endfacet
  facet normal 0.923877 0.382689 0
    outer loop
      vertex 83.4553 6.54509 7
      vertex 83.155 7.26995 1.6
      vertex 83.155 7.26995 7
    endloop
  endfacet
  facet normal 0.923877 0.382689 0
    outer loop
      vertex 83.155 7.26995 1.6
      vertex 83.4553 6.54509 7
      vertex 83.4553 6.54509 1.6
    endloop
  endfacet
  facet normal 0.0784583 0.996917 -0
    outer loop
      vertex 79.4822 9.93844 1.6
      vertex 78.7 10 7
      vertex 79.4822 9.93844 7
    endloop
  endfacet
  facet normal 0.0784583 0.996917 0
    outer loop
      vertex 78.7 10 7
      vertex 79.4822 9.93844 1.6
      vertex 78.7 10 1.6
    endloop
  endfacet
  facet normal -0.382683 0.92388 0
    outer loop
      vertex 77.1549 9.75528 5.72205e-07
      vertex 76.43 9.45503 7
      vertex 77.1549 9.75528 7
    endloop
  endfacet
  facet normal -0.382683 0.92388 0
    outer loop
      vertex 76.43 9.45503 7
      vertex 77.1549 9.75528 5.72205e-07
      vertex 76.43 9.45503 5.72205e-07
    endloop
  endfacet
  facet normal -0.923881 0.382681 0
    outer loop
      vertex 73.9447 6.54509 1.6
      vertex 74.245 7.26995 7
      vertex 74.245 7.26995 1.6
    endloop
  endfacet
  facet normal -0.923881 0.382681 0
    outer loop
      vertex 74.245 7.26995 7
      vertex 73.9447 6.54509 1.6
      vertex 73.9447 6.54509 7
    endloop
  endfacet
  facet normal -0.996917 -0.0784633 0
    outer loop
      vertex 73.7616 4.21783 1.6
      vertex 73.7 5 7
      vertex 73.7 5 1.6
    endloop
  endfacet
  facet normal -0.996917 -0.0784633 0
    outer loop
      vertex 73.7 5 7
      vertex 73.7616 4.21783 1.6
      vertex 73.7616 4.21783 7
    endloop
  endfacet
  facet normal 0.996918 0.0784535 0
    outer loop
      vertex 83.7 5 7
      vertex 83.6384 5.78217 1.6
      vertex 83.6384 5.78217 7
    endloop
  endfacet
  facet normal 0.996918 0.0784535 0
    outer loop
      vertex 83.6384 5.78217 1.6
      vertex 83.7 5 7
      vertex 83.7 5 1.6
    endloop
  endfacet
  facet normal 0.522501 0.852638 -0
    outer loop
      vertex 81.6389 9.04509 1.6
      vertex 80.97 9.45503 7
      vertex 81.6389 9.04509 7
    endloop
  endfacet
  facet normal 0.522501 0.852638 0
    outer loop
      vertex 80.97 9.45503 7
      vertex 81.6389 9.04509 1.6
      vertex 80.97 9.45503 1.6
    endloop
  endfacet
  facet normal 0 0 1
    outer loop
      vertex 50.4 7 2.8
      vertex 53.4 7 2.8
      vertex 53.3421 7.73524 2.8
    endloop
  endfacet
  facet normal 0 0 1
    outer loop
      vertex 50.3791 7.26594 2.8
      vertex 53.3421 7.73524 2.8
      vertex 53.17 8.45239 2.8
    endloop
  endfacet
  facet normal 0 0 1
    outer loop
      vertex 53.4 7 2.8
      vertex 50.4 7 2.8
      vertex 53.3421 6.26477 2.8
    endloop
  endfacet
  facet normal 0 0 1
    outer loop
      vertex 50.3168 7.52533 2.8
      vertex 53.17 8.45239 2.8
      vertex 52.8877 9.13376 2.8
    endloop
  endfacet
  facet normal -0 0 1
    outer loop
      vertex 50.3791 6.73406 2.8
      vertex 53.3421 6.26477 2.8
      vertex 50.4 7 2.8
    endloop
  endfacet
  facet normal 0 0 1
    outer loop
      vertex 50.2147 7.77178 2.8
      vertex 52.8877 9.13376 2.8
      vertex 52.5024 9.7626 2.8
    endloop
  endfacet
  facet normal 0 0 1
    outer loop
      vertex 53.3421 6.26477 2.8
      vertex 50.3791 6.73406 2.8
      vertex 53.17 5.54762 2.8
    endloop
  endfacet
  facet normal 0 0 1
    outer loop
      vertex 50.0753 7.99923 2.8
      vertex 52.5024 9.7626 2.8
      vertex 52.0234 10.3234 2.8
    endloop
  endfacet
  facet normal -0 0 1
    outer loop
      vertex 50.3168 6.47467 2.8
      vertex 53.17 5.54762 2.8
      vertex 50.3791 6.73406 2.8
    endloop
  endfacet
  facet normal 0 0 1
    outer loop
      vertex 49.9021 8.20208 2.8
      vertex 52.0234 10.3234 2.8
      vertex 51.4626 10.8024 2.8
    endloop
  endfacet
  facet normal 0 0 1
    outer loop
      vertex 53.17 5.54762 2.8
      vertex 50.3168 6.47467 2.8
      vertex 52.8877 4.86626 2.8
    endloop
  endfacet
  facet normal 0 0 1
    outer loop
      vertex 49.6992 8.37533 2.8
      vertex 51.4626 10.8024 2.8
      vertex 50.8337 11.1877 2.8
    endloop
  endfacet
  facet normal -0 0 1
    outer loop
      vertex 50.2147 6.22822 2.8
      vertex 52.8877 4.86626 2.8
      vertex 50.3168 6.47467 2.8
    endloop
  endfacet
  facet normal 0 0 1
    outer loop
      vertex 52.8877 4.86626 2.8
      vertex 50.2147 6.22822 2.8
      vertex 52.5024 4.23741 2.8
    endloop
  endfacet
  facet normal 0 0 1
    outer loop
      vertex 53.3421 7.73524 2.8
      vertex 50.3791 7.26594 2.8
      vertex 50.4 7 2.8
    endloop
  endfacet
  facet normal 0 0 1
    outer loop
      vertex 53.17 8.45239 2.8
      vertex 50.3168 7.52533 2.8
      vertex 50.3791 7.26594 2.8
    endloop
  endfacet
  facet normal 0 0 1
    outer loop
      vertex 52.8877 9.13376 2.8
      vertex 50.2147 7.77178 2.8
      vertex 50.3168 7.52533 2.8
    endloop
  endfacet
  facet normal 0 0 1
    outer loop
      vertex 49.4718 8.51471 2.8
      vertex 50.8337 11.1877 2.8
      vertex 50.1524 11.47 2.8
    endloop
  endfacet
  facet normal 0 0 1
    outer loop
      vertex 52.5024 9.7626 2.8
      vertex 50.0753 7.99923 2.8
      vertex 50.2147 7.77178 2.8
    endloop
  endfacet
  facet normal 0 0 1
    outer loop
      vertex 52.0234 10.3234 2.8
      vertex 49.9021 8.20208 2.8
      vertex 50.0753 7.99923 2.8
    endloop
  endfacet
  facet normal 0 0 1
    outer loop
      vertex 51.4626 10.8024 2.8
      vertex 49.6992 8.37533 2.8
      vertex 49.9021 8.20208 2.8
    endloop
  endfacet
  facet normal 0 0 1
    outer loop
      vertex 50.8337 11.1877 2.8
      vertex 49.4718 8.51471 2.8
      vertex 49.6992 8.37533 2.8
    endloop
  endfacet
  facet normal 0 0 1
    outer loop
      vertex 49.2253 8.6168 2.8
      vertex 50.1524 11.47 2.8
      vertex 49.4352 11.6421 2.8
    endloop
  endfacet
  facet normal 0 0 1
    outer loop
      vertex 50.1524 11.47 2.8
      vertex 49.2253 8.6168 2.8
      vertex 49.4718 8.51471 2.8
    endloop
  endfacet
  facet normal 0 0 1
    outer loop
      vertex 49.4352 11.6421 2.8
      vertex 48.9659 8.67907 2.8
      vertex 49.2253 8.6168 2.8
    endloop
  endfacet
  facet normal 0 0 1
    outer loop
      vertex 48.7 11.7 2.8
      vertex 48.9659 8.67907 2.8
      vertex 49.4352 11.6421 2.8
    endloop
  endfacet
  facet normal 0 0 1
    outer loop
      vertex 48.7 11.7 2.8
      vertex 48.7 8.7 2.8
      vertex 48.9659 8.67907 2.8
    endloop
  endfacet
  facet normal 0 0 1
    outer loop
      vertex 48.7 11.7 2.8
      vertex 48.4341 8.67907 2.8
      vertex 48.7 8.7 2.8
    endloop
  endfacet
  facet normal -0 0 1
    outer loop
      vertex 47.9648 11.6421 2.8
      vertex 48.4341 8.67907 2.8
      vertex 48.7 11.7 2.8
    endloop
  endfacet
  facet normal 0 0 1
    outer loop
      vertex 48.4341 8.67907 2.8
      vertex 47.9648 11.6421 2.8
      vertex 48.1747 8.6168 2.8
    endloop
  endfacet
  facet normal -0 0 1
    outer loop
      vertex 47.2476 11.47 2.8
      vertex 48.1747 8.6168 2.8
      vertex 47.9648 11.6421 2.8
    endloop
  endfacet
  facet normal 0 0 1
    outer loop
      vertex 48.1747 8.6168 2.8
      vertex 47.2476 11.47 2.8
      vertex 47.9282 8.51471 2.8
    endloop
  endfacet
  facet normal -0 0 1
    outer loop
      vertex 46.5662 11.1877 2.8
      vertex 47.9282 8.51471 2.8
      vertex 47.2476 11.47 2.8
    endloop
  endfacet
  facet normal 0 0 1
    outer loop
      vertex 47.9282 8.51471 2.8
      vertex 46.5662 11.1877 2.8
      vertex 47.7008 8.37533 2.8
    endloop
  endfacet
  facet normal -0 0 1
    outer loop
      vertex 45.9374 10.8024 2.8
      vertex 47.7008 8.37533 2.8
      vertex 46.5662 11.1877 2.8
    endloop
  endfacet
  facet normal 0 0 1
    outer loop
      vertex 47.7008 8.37533 2.8
      vertex 45.9374 10.8024 2.8
      vertex 47.4979 8.20208 2.8
    endloop
  endfacet
  facet normal -0 0 1
    outer loop
      vertex 45.3766 10.3234 2.8
      vertex 47.4979 8.20208 2.8
      vertex 45.9374 10.8024 2.8
    endloop
  endfacet
  facet normal 0 0 1
    outer loop
      vertex 47.4979 8.20208 2.8
      vertex 45.3766 10.3234 2.8
      vertex 47.3247 7.99923 2.8
    endloop
  endfacet
  facet normal -0 0 1
    outer loop
      vertex 44.8976 9.7626 2.8
      vertex 47.3247 7.99923 2.8
      vertex 45.3766 10.3234 2.8
    endloop
  endfacet
  facet normal 0 0 1
    outer loop
      vertex 47.3247 7.99923 2.8
      vertex 44.8976 9.7626 2.8
      vertex 47.1853 7.77178 2.8
    endloop
  endfacet
  facet normal -0 0 1
    outer loop
      vertex 50.0753 6.00077 2.8
      vertex 52.5024 4.23741 2.8
      vertex 50.2147 6.22822 2.8
    endloop
  endfacet
  facet normal 0 0 1
    outer loop
      vertex 52.5024 4.23741 2.8
      vertex 50.0753 6.00077 2.8
      vertex 52.0234 3.67661 2.8
    endloop
  endfacet
  facet normal -0 0 1
    outer loop
      vertex 49.9021 5.79792 2.8
      vertex 52.0234 3.67661 2.8
      vertex 50.0753 6.00077 2.8
    endloop
  endfacet
  facet normal 0 0 1
    outer loop
      vertex 52.0234 3.67661 2.8
      vertex 49.9021 5.79792 2.8
      vertex 51.4626 3.19763 2.8
    endloop
  endfacet
  facet normal -0 0 1
    outer loop
      vertex 49.6992 5.62467 2.8
      vertex 51.4626 3.19763 2.8
      vertex 49.9021 5.79792 2.8
    endloop
  endfacet
  facet normal 0 0 1
    outer loop
      vertex 51.4626 3.19763 2.8
      vertex 49.6992 5.62467 2.8
      vertex 50.8337 2.81227 2.8
    endloop
  endfacet
  facet normal -0 0 1
    outer loop
      vertex 49.4718 5.48529 2.8
      vertex 50.8337 2.81227 2.8
      vertex 49.6992 5.62467 2.8
    endloop
  endfacet
  facet normal 0 0 1
    outer loop
      vertex 50.8337 2.81227 2.8
      vertex 49.4718 5.48529 2.8
      vertex 50.1524 2.53004 2.8
    endloop
  endfacet
  facet normal -0 0 1
    outer loop
      vertex 49.2253 5.3832 2.8
      vertex 50.1524 2.53004 2.8
      vertex 49.4718 5.48529 2.8
    endloop
  endfacet
  facet normal 0 0 1
    outer loop
      vertex 50.1524 2.53004 2.8
      vertex 49.2253 5.3832 2.8
      vertex 49.4352 2.35788 2.8
    endloop
  endfacet
  facet normal -0 0 1
    outer loop
      vertex 48.9659 5.32093 2.8
      vertex 49.4352 2.35788 2.8
      vertex 49.2253 5.3832 2.8
    endloop
  endfacet
  facet normal -0 0 1
    outer loop
      vertex 48.7 5.3 2.8
      vertex 49.4352 2.35788 2.8
      vertex 48.9659 5.32093 2.8
    endloop
  endfacet
  facet normal 0 0 1
    outer loop
      vertex 48.7 5.3 2.8
      vertex 48.7 2.3 2.8
      vertex 49.4352 2.35788 2.8
    endloop
  endfacet
  facet normal 0 0 1
    outer loop
      vertex 48.4341 5.32093 2.8
      vertex 48.7 2.3 2.8
      vertex 48.7 5.3 2.8
    endloop
  endfacet
  facet normal 0 0 1
    outer loop
      vertex 47.9648 2.35788 2.8
      vertex 48.4341 5.32093 2.8
      vertex 48.1747 5.3832 2.8
    endloop
  endfacet
  facet normal 0 0 1
    outer loop
      vertex 48.4341 5.32093 2.8
      vertex 47.9648 2.35788 2.8
      vertex 48.7 2.3 2.8
    endloop
  endfacet
  facet normal 0 0 1
    outer loop
      vertex 47.2476 2.53004 2.8
      vertex 48.1747 5.3832 2.8
      vertex 47.9282 5.48529 2.8
    endloop
  endfacet
  facet normal 0 0 1
    outer loop
      vertex 46.5662 2.81227 2.8
      vertex 47.9282 5.48529 2.8
      vertex 47.7008 5.62467 2.8
    endloop
  endfacet
  facet normal 0 0 1
    outer loop
      vertex 45.9374 3.19763 2.8
      vertex 47.7008 5.62467 2.8
      vertex 47.4979 5.79792 2.8
    endloop
  endfacet
  facet normal 0 0 1
    outer loop
      vertex 45.3766 3.67661 2.8
      vertex 47.4979 5.79792 2.8
      vertex 47.3247 6.00077 2.8
    endloop
  endfacet
  facet normal 0 0 1
    outer loop
      vertex 48.1747 5.3832 2.8
      vertex 47.2476 2.53004 2.8
      vertex 47.9648 2.35788 2.8
    endloop
  endfacet
  facet normal 0 0 1
    outer loop
      vertex 44.8976 4.23741 2.8
      vertex 47.3247 6.00077 2.8
      vertex 47.1853 6.22822 2.8
    endloop
  endfacet
  facet normal 0 0 1
    outer loop
      vertex 44.5123 4.86626 2.8
      vertex 47.1853 6.22822 2.8
      vertex 47.0832 6.47467 2.8
    endloop
  endfacet
  facet normal 0 0 1
    outer loop
      vertex 44.23 5.54762 2.8
      vertex 47.0832 6.47467 2.8
      vertex 47.0209 6.73406 2.8
    endloop
  endfacet
  facet normal 0 0 1
    outer loop
      vertex 44.0579 6.26477 2.8
      vertex 47.0209 6.73406 2.8
      vertex 47 7 2.8
    endloop
  endfacet
  facet normal -0 0 1
    outer loop
      vertex 44.5123 9.13376 2.8
      vertex 47.1853 7.77178 2.8
      vertex 44.8976 9.7626 2.8
    endloop
  endfacet
  facet normal 0 0 1
    outer loop
      vertex 47.9282 5.48529 2.8
      vertex 46.5662 2.81227 2.8
      vertex 47.2476 2.53004 2.8
    endloop
  endfacet
  facet normal 0 0 1
    outer loop
      vertex 47.1853 7.77178 2.8
      vertex 44.5123 9.13376 2.8
      vertex 47.0832 7.52533 2.8
    endloop
  endfacet
  facet normal 0 0 1
    outer loop
      vertex 47.7008 5.62467 2.8
      vertex 45.9374 3.19763 2.8
      vertex 46.5662 2.81227 2.8
    endloop
  endfacet
  facet normal -0 0 1
    outer loop
      vertex 44.23 8.45239 2.8
      vertex 47.0832 7.52533 2.8
      vertex 44.5123 9.13376 2.8
    endloop
  endfacet
  facet normal 0 0 1
    outer loop
      vertex 47.4979 5.79792 2.8
      vertex 45.3766 3.67661 2.8
      vertex 45.9374 3.19763 2.8
    endloop
  endfacet
  facet normal 0 0 1
    outer loop
      vertex 47.0832 7.52533 2.8
      vertex 44.23 8.45239 2.8
      vertex 47.0209 7.26594 2.8
    endloop
  endfacet
  facet normal 0 0 1
    outer loop
      vertex 47.3247 6.00077 2.8
      vertex 44.8976 4.23741 2.8
      vertex 45.3766 3.67661 2.8
    endloop
  endfacet
  facet normal -0 0 1
    outer loop
      vertex 44.0579 7.73524 2.8
      vertex 47.0209 7.26594 2.8
      vertex 44.23 8.45239 2.8
    endloop
  endfacet
  facet normal 0 0 1
    outer loop
      vertex 47.1853 6.22822 2.8
      vertex 44.5123 4.86626 2.8
      vertex 44.8976 4.23741 2.8
    endloop
  endfacet
  facet normal 0 0 1
    outer loop
      vertex 47.0209 7.26594 2.8
      vertex 44.0579 7.73524 2.8
      vertex 47 7 2.8
    endloop
  endfacet
  facet normal 0 0 1
    outer loop
      vertex 47.0832 6.47467 2.8
      vertex 44.23 5.54762 2.8
      vertex 44.5123 4.86626 2.8
    endloop
  endfacet
  facet normal 0 0 1
    outer loop
      vertex 44 7 2.8
      vertex 47 7 2.8
      vertex 44.0579 7.73524 2.8
    endloop
  endfacet
  facet normal 0 0 1
    outer loop
      vertex 47.0209 6.73406 2.8
      vertex 44.0579 6.26477 2.8
      vertex 44.23 5.54762 2.8
    endloop
  endfacet
  facet normal 0 0 1
    outer loop
      vertex 47 7 2.8
      vertex 44 7 2.8
      vertex 44.0579 6.26477 2.8
    endloop
  endfacet
  facet normal 0 0 1
    outer loop
      vertex 27.4 7 2.8
      vertex 30.4 7 2.8
      vertex 30.3421 7.73524 2.8
    endloop
  endfacet
  facet normal 0 0 1
    outer loop
      vertex 27.3791 7.26594 2.8
      vertex 30.3421 7.73524 2.8
      vertex 30.17 8.45239 2.8
    endloop
  endfacet
  facet normal 0 0 1
    outer loop
      vertex 30.4 7 2.8
      vertex 27.4 7 2.8
      vertex 30.3421 6.26477 2.8
    endloop
  endfacet
  facet normal 0 0 1
    outer loop
      vertex 27.3168 7.52533 2.8
      vertex 30.17 8.45239 2.8
      vertex 29.8877 9.13376 2.8
    endloop
  endfacet
  facet normal -0 0 1
    outer loop
      vertex 27.3791 6.73406 2.8
      vertex 30.3421 6.26477 2.8
      vertex 27.4 7 2.8
    endloop
  endfacet
  facet normal 0 0 1
    outer loop
      vertex 27.2147 7.77178 2.8
      vertex 29.8877 9.13376 2.8
      vertex 29.5024 9.7626 2.8
    endloop
  endfacet
  facet normal 0 0 1
    outer loop
      vertex 30.3421 6.26477 2.8
      vertex 27.3791 6.73406 2.8
      vertex 30.17 5.54762 2.8
    endloop
  endfacet
  facet normal 0 0 1
    outer loop
      vertex 27.0753 7.99923 2.8
      vertex 29.5024 9.7626 2.8
      vertex 29.0234 10.3234 2.8
    endloop
  endfacet
  facet normal -0 0 1
    outer loop
      vertex 27.3168 6.47467 2.8
      vertex 30.17 5.54762 2.8
      vertex 27.3791 6.73406 2.8
    endloop
  endfacet
  facet normal 0 0 1
    outer loop
      vertex 26.9021 8.20208 2.8
      vertex 29.0234 10.3234 2.8
      vertex 28.4626 10.8024 2.8
    endloop
  endfacet
  facet normal 0 0 1
    outer loop
      vertex 30.17 5.54762 2.8
      vertex 27.3168 6.47467 2.8
      vertex 29.8877 4.86626 2.8
    endloop
  endfacet
  facet normal 0 0 1
    outer loop
      vertex 26.6992 8.37533 2.8
      vertex 28.4626 10.8024 2.8
      vertex 27.8337 11.1877 2.8
    endloop
  endfacet
  facet normal -0 0 1
    outer loop
      vertex 27.2147 6.22822 2.8
      vertex 29.8877 4.86626 2.8
      vertex 27.3168 6.47467 2.8
    endloop
  endfacet
  facet normal 0 0 1
    outer loop
      vertex 29.8877 4.86626 2.8
      vertex 27.2147 6.22822 2.8
      vertex 29.5024 4.23741 2.8
    endloop
  endfacet
  facet normal 0 0 1
    outer loop
      vertex 30.3421 7.73524 2.8
      vertex 27.3791 7.26594 2.8
      vertex 27.4 7 2.8
    endloop
  endfacet
  facet normal 0 0 1
    outer loop
      vertex 30.17 8.45239 2.8
      vertex 27.3168 7.52533 2.8
      vertex 27.3791 7.26594 2.8
    endloop
  endfacet
  facet normal 0 0 1
    outer loop
      vertex 29.8877 9.13376 2.8
      vertex 27.2147 7.77178 2.8
      vertex 27.3168 7.52533 2.8
    endloop
  endfacet
  facet normal 0 0 1
    outer loop
      vertex 26.4718 8.51471 2.8
      vertex 27.8337 11.1877 2.8
      vertex 27.1524 11.47 2.8
    endloop
  endfacet
  facet normal 0 0 1
    outer loop
      vertex 29.5024 9.7626 2.8
      vertex 27.0753 7.99923 2.8
      vertex 27.2147 7.77178 2.8
    endloop
  endfacet
  facet normal 0 0 1
    outer loop
      vertex 29.0234 10.3234 2.8
      vertex 26.9021 8.20208 2.8
      vertex 27.0753 7.99923 2.8
    endloop
  endfacet
  facet normal 0 0 1
    outer loop
      vertex 28.4626 10.8024 2.8
      vertex 26.6992 8.37533 2.8
      vertex 26.9021 8.20208 2.8
    endloop
  endfacet
  facet normal 0 0 1
    outer loop
      vertex 27.8337 11.1877 2.8
      vertex 26.4718 8.51471 2.8
      vertex 26.6992 8.37533 2.8
    endloop
  endfacet
  facet normal 0 0 1
    outer loop
      vertex 26.2253 8.6168 2.8
      vertex 27.1524 11.47 2.8
      vertex 26.4352 11.6421 2.8
    endloop
  endfacet
  facet normal 0 0 1
    outer loop
      vertex 27.1524 11.47 2.8
      vertex 26.2253 8.6168 2.8
      vertex 26.4718 8.51471 2.8
    endloop
  endfacet
  facet normal 0 0 1
    outer loop
      vertex 26.4352 11.6421 2.8
      vertex 25.9659 8.67907 2.8
      vertex 26.2253 8.6168 2.8
    endloop
  endfacet
  facet normal 0 0 1
    outer loop
      vertex 25.7 11.7 2.8
      vertex 25.9659 8.67907 2.8
      vertex 26.4352 11.6421 2.8
    endloop
  endfacet
  facet normal 0 0 1
    outer loop
      vertex 25.7 11.7 2.8
      vertex 25.7 8.7 2.8
      vertex 25.9659 8.67907 2.8
    endloop
  endfacet
  facet normal 0 0 1
    outer loop
      vertex 25.7 11.7 2.8
      vertex 25.4341 8.67907 2.8
      vertex 25.7 8.7 2.8
    endloop
  endfacet
  facet normal -0 0 1
    outer loop
      vertex 24.9648 11.6421 2.8
      vertex 25.4341 8.67907 2.8
      vertex 25.7 11.7 2.8
    endloop
  endfacet
  facet normal 0 0 1
    outer loop
      vertex 25.4341 8.67907 2.8
      vertex 24.9648 11.6421 2.8
      vertex 25.1747 8.6168 2.8
    endloop
  endfacet
  facet normal -0 0 1
    outer loop
      vertex 24.2476 11.47 2.8
      vertex 25.1747 8.6168 2.8
      vertex 24.9648 11.6421 2.8
    endloop
  endfacet
  facet normal 0 0 1
    outer loop
      vertex 25.1747 8.6168 2.8
      vertex 24.2476 11.47 2.8
      vertex 24.9282 8.51471 2.8
    endloop
  endfacet
  facet normal -0 0 1
    outer loop
      vertex 23.5662 11.1877 2.8
      vertex 24.9282 8.51471 2.8
      vertex 24.2476 11.47 2.8
    endloop
  endfacet
  facet normal 0 0 1
    outer loop
      vertex 24.9282 8.51471 2.8
      vertex 23.5662 11.1877 2.8
      vertex 24.7008 8.37533 2.8
    endloop
  endfacet
  facet normal -0 0 1
    outer loop
      vertex 22.9374 10.8024 2.8
      vertex 24.7008 8.37533 2.8
      vertex 23.5662 11.1877 2.8
    endloop
  endfacet
  facet normal 0 0 1
    outer loop
      vertex 24.7008 8.37533 2.8
      vertex 22.9374 10.8024 2.8
      vertex 24.4979 8.20208 2.8
    endloop
  endfacet
  facet normal -0 0 1
    outer loop
      vertex 22.3766 10.3234 2.8
      vertex 24.4979 8.20208 2.8
      vertex 22.9374 10.8024 2.8
    endloop
  endfacet
  facet normal 0 0 1
    outer loop
      vertex 24.4979 8.20208 2.8
      vertex 22.3766 10.3234 2.8
      vertex 24.3247 7.99923 2.8
    endloop
  endfacet
  facet normal -0 0 1
    outer loop
      vertex 21.8976 9.7626 2.8
      vertex 24.3247 7.99923 2.8
      vertex 22.3766 10.3234 2.8
    endloop
  endfacet
  facet normal 0 0 1
    outer loop
      vertex 24.3247 7.99923 2.8
      vertex 21.8976 9.7626 2.8
      vertex 24.1853 7.77178 2.8
    endloop
  endfacet
  facet normal -0 0 1
    outer loop
      vertex 27.0753 6.00077 2.8
      vertex 29.5024 4.23741 2.8
      vertex 27.2147 6.22822 2.8
    endloop
  endfacet
  facet normal 0 0 1
    outer loop
      vertex 29.5024 4.23741 2.8
      vertex 27.0753 6.00077 2.8
      vertex 29.0234 3.67661 2.8
    endloop
  endfacet
  facet normal -0 0 1
    outer loop
      vertex 26.9021 5.79792 2.8
      vertex 29.0234 3.67661 2.8
      vertex 27.0753 6.00077 2.8
    endloop
  endfacet
  facet normal 0 0 1
    outer loop
      vertex 29.0234 3.67661 2.8
      vertex 26.9021 5.79792 2.8
      vertex 28.4626 3.19763 2.8
    endloop
  endfacet
  facet normal -0 0 1
    outer loop
      vertex 26.6992 5.62467 2.8
      vertex 28.4626 3.19763 2.8
      vertex 26.9021 5.79792 2.8
    endloop
  endfacet
  facet normal 0 0 1
    outer loop
      vertex 28.4626 3.19763 2.8
      vertex 26.6992 5.62467 2.8
      vertex 27.8337 2.81227 2.8
    endloop
  endfacet
  facet normal -0 0 1
    outer loop
      vertex 26.4718 5.48529 2.8
      vertex 27.8337 2.81227 2.8
      vertex 26.6992 5.62467 2.8
    endloop
  endfacet
  facet normal 0 0 1
    outer loop
      vertex 27.8337 2.81227 2.8
      vertex 26.4718 5.48529 2.8
      vertex 27.1524 2.53004 2.8
    endloop
  endfacet
  facet normal -0 0 1
    outer loop
      vertex 26.2253 5.3832 2.8
      vertex 27.1524 2.53004 2.8
      vertex 26.4718 5.48529 2.8
    endloop
  endfacet
  facet normal 0 0 1
    outer loop
      vertex 27.1524 2.53004 2.8
      vertex 26.2253 5.3832 2.8
      vertex 26.4352 2.35788 2.8
    endloop
  endfacet
  facet normal -0 0 1
    outer loop
      vertex 25.9659 5.32093 2.8
      vertex 26.4352 2.35788 2.8
      vertex 26.2253 5.3832 2.8
    endloop
  endfacet
  facet normal -0 0 1
    outer loop
      vertex 25.7 5.3 2.8
      vertex 26.4352 2.35788 2.8
      vertex 25.9659 5.32093 2.8
    endloop
  endfacet
  facet normal 0 0 1
    outer loop
      vertex 25.7 5.3 2.8
      vertex 25.7 2.3 2.8
      vertex 26.4352 2.35788 2.8
    endloop
  endfacet
  facet normal 0 0 1
    outer loop
      vertex 25.4341 5.32093 2.8
      vertex 25.7 2.3 2.8
      vertex 25.7 5.3 2.8
    endloop
  endfacet
  facet normal 0 0 1
    outer loop
      vertex 24.9648 2.35788 2.8
      vertex 25.4341 5.32093 2.8
      vertex 25.1747 5.3832 2.8
    endloop
  endfacet
  facet normal 0 0 1
    outer loop
      vertex 25.4341 5.32093 2.8
      vertex 24.9648 2.35788 2.8
      vertex 25.7 2.3 2.8
    endloop
  endfacet
  facet normal 0 0 1
    outer loop
      vertex 24.2476 2.53004 2.8
      vertex 25.1747 5.3832 2.8
      vertex 24.9282 5.48529 2.8
    endloop
  endfacet
  facet normal 0 0 1
    outer loop
      vertex 23.5662 2.81227 2.8
      vertex 24.9282 5.48529 2.8
      vertex 24.7008 5.62467 2.8
    endloop
  endfacet
  facet normal 0 0 1
    outer loop
      vertex 22.9374 3.19763 2.8
      vertex 24.7008 5.62467 2.8
      vertex 24.4979 5.79792 2.8
    endloop
  endfacet
  facet normal 0 0 1
    outer loop
      vertex 22.3766 3.67661 2.8
      vertex 24.4979 5.79792 2.8
      vertex 24.3247 6.00077 2.8
    endloop
  endfacet
  facet normal 0 0 1
    outer loop
      vertex 25.1747 5.3832 2.8
      vertex 24.2476 2.53004 2.8
      vertex 24.9648 2.35788 2.8
    endloop
  endfacet
  facet normal 0 0 1
    outer loop
      vertex 21.8976 4.23741 2.8
      vertex 24.3247 6.00077 2.8
      vertex 24.1853 6.22822 2.8
    endloop
  endfacet
  facet normal 0 0 1
    outer loop
      vertex 21.5123 4.86626 2.8
      vertex 24.1853 6.22822 2.8
      vertex 24.0832 6.47467 2.8
    endloop
  endfacet
  facet normal 0 0 1
    outer loop
      vertex 21.23 5.54762 2.8
      vertex 24.0832 6.47467 2.8
      vertex 24.0209 6.73406 2.8
    endloop
  endfacet
  facet normal 0 0 1
    outer loop
      vertex 21.0579 6.26477 2.8
      vertex 24.0209 6.73406 2.8
      vertex 24 7 2.8
    endloop
  endfacet
  facet normal -0 0 1
    outer loop
      vertex 21.5123 9.13376 2.8
      vertex 24.1853 7.77178 2.8
      vertex 21.8976 9.7626 2.8
    endloop
  endfacet
  facet normal 0 0 1
    outer loop
      vertex 24.9282 5.48529 2.8
      vertex 23.5662 2.81227 2.8
      vertex 24.2476 2.53004 2.8
    endloop
  endfacet
  facet normal 0 0 1
    outer loop
      vertex 24.1853 7.77178 2.8
      vertex 21.5123 9.13376 2.8
      vertex 24.0832 7.52533 2.8
    endloop
  endfacet
  facet normal 0 0 1
    outer loop
      vertex 24.7008 5.62467 2.8
      vertex 22.9374 3.19763 2.8
      vertex 23.5662 2.81227 2.8
    endloop
  endfacet
  facet normal -0 0 1
    outer loop
      vertex 21.23 8.45239 2.8
      vertex 24.0832 7.52533 2.8
      vertex 21.5123 9.13376 2.8
    endloop
  endfacet
  facet normal 0 0 1
    outer loop
      vertex 24.4979 5.79792 2.8
      vertex 22.3766 3.67661 2.8
      vertex 22.9374 3.19763 2.8
    endloop
  endfacet
  facet normal 0 0 1
    outer loop
      vertex 24.0832 7.52533 2.8
      vertex 21.23 8.45239 2.8
      vertex 24.0209 7.26594 2.8
    endloop
  endfacet
  facet normal 0 0 1
    outer loop
      vertex 24.3247 6.00077 2.8
      vertex 21.8976 4.23741 2.8
      vertex 22.3766 3.67661 2.8
    endloop
  endfacet
  facet normal -0 0 1
    outer loop
      vertex 21.0579 7.73524 2.8
      vertex 24.0209 7.26594 2.8
      vertex 21.23 8.45239 2.8
    endloop
  endfacet
  facet normal 0 0 1
    outer loop
      vertex 24.1853 6.22822 2.8
      vertex 21.5123 4.86626 2.8
      vertex 21.8976 4.23741 2.8
    endloop
  endfacet
  facet normal 0 0 1
    outer loop
      vertex 24.0209 7.26594 2.8
      vertex 21.0579 7.73524 2.8
      vertex 24 7 2.8
    endloop
  endfacet
  facet normal 0 0 1
    outer loop
      vertex 24.0832 6.47467 2.8
      vertex 21.23 5.54762 2.8
      vertex 21.5123 4.86626 2.8
    endloop
  endfacet
  facet normal 0 0 1
    outer loop
      vertex 21 7 2.8
      vertex 24 7 2.8
      vertex 21.0579 7.73524 2.8
    endloop
  endfacet
  facet normal 0 0 1
    outer loop
      vertex 24.0209 6.73406 2.8
      vertex 21.0579 6.26477 2.8
      vertex 21.23 5.54762 2.8
    endloop
  endfacet
  facet normal 0 0 1
    outer loop
      vertex 24 7 2.8
      vertex 21 7 2.8
      vertex 21.0579 6.26477 2.8
    endloop
  endfacet
  facet normal -0 0 1
    outer loop
      vertex 27.4 51.2 2.8
      vertex 30.4 51.2 2.8
      vertex 30.3421 51.9352 2.8
    endloop
  endfacet
  facet normal 0 0 1
    outer loop
      vertex 27.3791 51.4659 2.8
      vertex 30.3421 51.9352 2.8
      vertex 30.17 52.6524 2.8
    endloop
  endfacet
  facet normal 0 0 1
    outer loop
      vertex 30.4 51.2 2.8
      vertex 27.4 51.2 2.8
      vertex 30.3421 50.4648 2.8
    endloop
  endfacet
  facet normal 0 0 1
    outer loop
      vertex 27.3168 51.7253 2.8
      vertex 30.17 52.6524 2.8
      vertex 29.8877 53.3337 2.8
    endloop
  endfacet
  facet normal -0 0 1
    outer loop
      vertex 27.3791 50.9341 2.8
      vertex 30.3421 50.4648 2.8
      vertex 27.4 51.2 2.8
    endloop
  endfacet
  facet normal 0 0 1
    outer loop
      vertex 27.2147 51.9718 2.8
      vertex 29.8877 53.3337 2.8
      vertex 29.5024 53.9626 2.8
    endloop
  endfacet
  facet normal 0 0 1
    outer loop
      vertex 30.3421 50.4648 2.8
      vertex 27.3791 50.9341 2.8
      vertex 30.17 49.7476 2.8
    endloop
  endfacet
  facet normal 0 0 1
    outer loop
      vertex 27.0753 52.1992 2.8
      vertex 29.5024 53.9626 2.8
      vertex 29.0234 54.5234 2.8
    endloop
  endfacet
  facet normal -0 0 1
    outer loop
      vertex 27.3168 50.6747 2.8
      vertex 30.17 49.7476 2.8
      vertex 27.3791 50.9341 2.8
    endloop
  endfacet
  facet normal 0 0 1
    outer loop
      vertex 26.9021 52.4021 2.8
      vertex 29.0234 54.5234 2.8
      vertex 28.4626 55.0024 2.8
    endloop
  endfacet
  facet normal 0 0 1
    outer loop
      vertex 30.17 49.7476 2.8
      vertex 27.3168 50.6747 2.8
      vertex 29.8877 49.0662 2.8
    endloop
  endfacet
  facet normal 0 0 1
    outer loop
      vertex 26.6992 52.5753 2.8
      vertex 28.4626 55.0024 2.8
      vertex 27.8337 55.3877 2.8
    endloop
  endfacet
  facet normal -0 0 1
    outer loop
      vertex 27.2147 50.4282 2.8
      vertex 29.8877 49.0662 2.8
      vertex 27.3168 50.6747 2.8
    endloop
  endfacet
  facet normal 0 0 1
    outer loop
      vertex 29.8877 49.0662 2.8
      vertex 27.2147 50.4282 2.8
      vertex 29.5024 48.4374 2.8
    endloop
  endfacet
  facet normal 0 0 1
    outer loop
      vertex 30.3421 51.9352 2.8
      vertex 27.3791 51.4659 2.8
      vertex 27.4 51.2 2.8
    endloop
  endfacet
  facet normal 0 0 1
    outer loop
      vertex 30.17 52.6524 2.8
      vertex 27.3168 51.7253 2.8
      vertex 27.3791 51.4659 2.8
    endloop
  endfacet
  facet normal 0 0 1
    outer loop
      vertex 29.8877 53.3337 2.8
      vertex 27.2147 51.9718 2.8
      vertex 27.3168 51.7253 2.8
    endloop
  endfacet
  facet normal 0 0 1
    outer loop
      vertex 26.4718 52.7147 2.8
      vertex 27.8337 55.3877 2.8
      vertex 27.1524 55.67 2.8
    endloop
  endfacet
  facet normal 0 0 1
    outer loop
      vertex 29.5024 53.9626 2.8
      vertex 27.0753 52.1992 2.8
      vertex 27.2147 51.9718 2.8
    endloop
  endfacet
  facet normal 0 0 1
    outer loop
      vertex 29.0234 54.5234 2.8
      vertex 26.9021 52.4021 2.8
      vertex 27.0753 52.1992 2.8
    endloop
  endfacet
  facet normal 0 0 1
    outer loop
      vertex 28.4626 55.0024 2.8
      vertex 26.6992 52.5753 2.8
      vertex 26.9021 52.4021 2.8
    endloop
  endfacet
  facet normal 0 0 1
    outer loop
      vertex 27.8337 55.3877 2.8
      vertex 26.4718 52.7147 2.8
      vertex 26.6992 52.5753 2.8
    endloop
  endfacet
  facet normal 0 0 1
    outer loop
      vertex 26.2253 52.8168 2.8
      vertex 27.1524 55.67 2.8
      vertex 26.4352 55.8421 2.8
    endloop
  endfacet
  facet normal 0 0 1
    outer loop
      vertex 27.1524 55.67 2.8
      vertex 26.2253 52.8168 2.8
      vertex 26.4718 52.7147 2.8
    endloop
  endfacet
  facet normal 0 0 1
    outer loop
      vertex 26.4352 55.8421 2.8
      vertex 25.9659 52.8791 2.8
      vertex 26.2253 52.8168 2.8
    endloop
  endfacet
  facet normal 0 0 1
    outer loop
      vertex 25.7 55.9 2.8
      vertex 25.9659 52.8791 2.8
      vertex 26.4352 55.8421 2.8
    endloop
  endfacet
  facet normal 0 0 1
    outer loop
      vertex 25.7 55.9 2.8
      vertex 25.7 52.9 2.8
      vertex 25.9659 52.8791 2.8
    endloop
  endfacet
  facet normal 0 0 1
    outer loop
      vertex 25.7 55.9 2.8
      vertex 25.4341 52.8791 2.8
      vertex 25.7 52.9 2.8
    endloop
  endfacet
  facet normal -0 0 1
    outer loop
      vertex 24.9648 55.8421 2.8
      vertex 25.4341 52.8791 2.8
      vertex 25.7 55.9 2.8
    endloop
  endfacet
  facet normal 0 0 1
    outer loop
      vertex 25.4341 52.8791 2.8
      vertex 24.9648 55.8421 2.8
      vertex 25.1747 52.8168 2.8
    endloop
  endfacet
  facet normal -0 0 1
    outer loop
      vertex 24.2476 55.67 2.8
      vertex 25.1747 52.8168 2.8
      vertex 24.9648 55.8421 2.8
    endloop
  endfacet
  facet normal 0 0 1
    outer loop
      vertex 25.1747 52.8168 2.8
      vertex 24.2476 55.67 2.8
      vertex 24.9282 52.7147 2.8
    endloop
  endfacet
  facet normal -0 0 1
    outer loop
      vertex 23.5662 55.3877 2.8
      vertex 24.9282 52.7147 2.8
      vertex 24.2476 55.67 2.8
    endloop
  endfacet
  facet normal 0 0 1
    outer loop
      vertex 24.9282 52.7147 2.8
      vertex 23.5662 55.3877 2.8
      vertex 24.7008 52.5753 2.8
    endloop
  endfacet
  facet normal -0 0 1
    outer loop
      vertex 22.9374 55.0024 2.8
      vertex 24.7008 52.5753 2.8
      vertex 23.5662 55.3877 2.8
    endloop
  endfacet
  facet normal 0 0 1
    outer loop
      vertex 24.7008 52.5753 2.8
      vertex 22.9374 55.0024 2.8
      vertex 24.4979 52.4021 2.8
    endloop
  endfacet
  facet normal -0 0 1
    outer loop
      vertex 22.3766 54.5234 2.8
      vertex 24.4979 52.4021 2.8
      vertex 22.9374 55.0024 2.8
    endloop
  endfacet
  facet normal 0 0 1
    outer loop
      vertex 24.4979 52.4021 2.8
      vertex 22.3766 54.5234 2.8
      vertex 24.3247 52.1992 2.8
    endloop
  endfacet
  facet normal -0 0 1
    outer loop
      vertex 21.8976 53.9626 2.8
      vertex 24.3247 52.1992 2.8
      vertex 22.3766 54.5234 2.8
    endloop
  endfacet
  facet normal 0 0 1
    outer loop
      vertex 24.3247 52.1992 2.8
      vertex 21.8976 53.9626 2.8
      vertex 24.1853 51.9718 2.8
    endloop
  endfacet
  facet normal -0 0 1
    outer loop
      vertex 27.0753 50.2008 2.8
      vertex 29.5024 48.4374 2.8
      vertex 27.2147 50.4282 2.8
    endloop
  endfacet
  facet normal 0 0 1
    outer loop
      vertex 29.5024 48.4374 2.8
      vertex 27.0753 50.2008 2.8
      vertex 29.0234 47.8766 2.8
    endloop
  endfacet
  facet normal -0 0 1
    outer loop
      vertex 26.9021 49.9979 2.8
      vertex 29.0234 47.8766 2.8
      vertex 27.0753 50.2008 2.8
    endloop
  endfacet
  facet normal 0 0 1
    outer loop
      vertex 29.0234 47.8766 2.8
      vertex 26.9021 49.9979 2.8
      vertex 28.4626 47.3976 2.8
    endloop
  endfacet
  facet normal -0 0 1
    outer loop
      vertex 26.6992 49.8247 2.8
      vertex 28.4626 47.3976 2.8
      vertex 26.9021 49.9979 2.8
    endloop
  endfacet
  facet normal 0 0 1
    outer loop
      vertex 28.4626 47.3976 2.8
      vertex 26.6992 49.8247 2.8
      vertex 27.8337 47.0123 2.8
    endloop
  endfacet
  facet normal -0 0 1
    outer loop
      vertex 26.4718 49.6853 2.8
      vertex 27.8337 47.0123 2.8
      vertex 26.6992 49.8247 2.8
    endloop
  endfacet
  facet normal 0 0 1
    outer loop
      vertex 27.8337 47.0123 2.8
      vertex 26.4718 49.6853 2.8
      vertex 27.1524 46.73 2.8
    endloop
  endfacet
  facet normal -0 0 1
    outer loop
      vertex 26.2253 49.5832 2.8
      vertex 27.1524 46.73 2.8
      vertex 26.4718 49.6853 2.8
    endloop
  endfacet
  facet normal 0 0 1
    outer loop
      vertex 27.1524 46.73 2.8
      vertex 26.2253 49.5832 2.8
      vertex 26.4352 46.5579 2.8
    endloop
  endfacet
  facet normal -0 0 1
    outer loop
      vertex 25.9659 49.5209 2.8
      vertex 26.4352 46.5579 2.8
      vertex 26.2253 49.5832 2.8
    endloop
  endfacet
  facet normal -0 0 1
    outer loop
      vertex 25.7 49.5 2.8
      vertex 26.4352 46.5579 2.8
      vertex 25.9659 49.5209 2.8
    endloop
  endfacet
  facet normal 0 0 1
    outer loop
      vertex 25.7 49.5 2.8
      vertex 25.7 46.5 2.8
      vertex 26.4352 46.5579 2.8
    endloop
  endfacet
  facet normal 0 0 1
    outer loop
      vertex 25.4341 49.5209 2.8
      vertex 25.7 46.5 2.8
      vertex 25.7 49.5 2.8
    endloop
  endfacet
  facet normal 0 0 1
    outer loop
      vertex 24.9648 46.5579 2.8
      vertex 25.4341 49.5209 2.8
      vertex 25.1747 49.5832 2.8
    endloop
  endfacet
  facet normal 0 0 1
    outer loop
      vertex 25.4341 49.5209 2.8
      vertex 24.9648 46.5579 2.8
      vertex 25.7 46.5 2.8
    endloop
  endfacet
  facet normal 0 0 1
    outer loop
      vertex 24.2476 46.73 2.8
      vertex 25.1747 49.5832 2.8
      vertex 24.9282 49.6853 2.8
    endloop
  endfacet
  facet normal 0 0 1
    outer loop
      vertex 23.5662 47.0123 2.8
      vertex 24.9282 49.6853 2.8
      vertex 24.7008 49.8247 2.8
    endloop
  endfacet
  facet normal 0 0 1
    outer loop
      vertex 22.9374 47.3976 2.8
      vertex 24.7008 49.8247 2.8
      vertex 24.4979 49.9979 2.8
    endloop
  endfacet
  facet normal 0 0 1
    outer loop
      vertex 22.3766 47.8766 2.8
      vertex 24.4979 49.9979 2.8
      vertex 24.3247 50.2008 2.8
    endloop
  endfacet
  facet normal 0 0 1
    outer loop
      vertex 25.1747 49.5832 2.8
      vertex 24.2476 46.73 2.8
      vertex 24.9648 46.5579 2.8
    endloop
  endfacet
  facet normal 0 0 1
    outer loop
      vertex 21.8976 48.4374 2.8
      vertex 24.3247 50.2008 2.8
      vertex 24.1853 50.4282 2.8
    endloop
  endfacet
  facet normal 0 0 1
    outer loop
      vertex 21.5123 49.0662 2.8
      vertex 24.1853 50.4282 2.8
      vertex 24.0832 50.6747 2.8
    endloop
  endfacet
  facet normal 0 0 1
    outer loop
      vertex 21.23 49.7476 2.8
      vertex 24.0832 50.6747 2.8
      vertex 24.0209 50.9341 2.8
    endloop
  endfacet
  facet normal 0 0 1
    outer loop
      vertex 21.0579 50.4648 2.8
      vertex 24.0209 50.9341 2.8
      vertex 24 51.2 2.8
    endloop
  endfacet
  facet normal -0 0 1
    outer loop
      vertex 21.5123 53.3337 2.8
      vertex 24.1853 51.9718 2.8
      vertex 21.8976 53.9626 2.8
    endloop
  endfacet
  facet normal 0 0 1
    outer loop
      vertex 24.9282 49.6853 2.8
      vertex 23.5662 47.0123 2.8
      vertex 24.2476 46.73 2.8
    endloop
  endfacet
  facet normal 0 0 1
    outer loop
      vertex 24.1853 51.9718 2.8
      vertex 21.5123 53.3337 2.8
      vertex 24.0832 51.7253 2.8
    endloop
  endfacet
  facet normal 0 0 1
    outer loop
      vertex 24.7008 49.8247 2.8
      vertex 22.9374 47.3976 2.8
      vertex 23.5662 47.0123 2.8
    endloop
  endfacet
  facet normal -0 0 1
    outer loop
      vertex 21.23 52.6524 2.8
      vertex 24.0832 51.7253 2.8
      vertex 21.5123 53.3337 2.8
    endloop
  endfacet
  facet normal 0 0 1
    outer loop
      vertex 24.4979 49.9979 2.8
      vertex 22.3766 47.8766 2.8
      vertex 22.9374 47.3976 2.8
    endloop
  endfacet
  facet normal 0 0 1
    outer loop
      vertex 24.0832 51.7253 2.8
      vertex 21.23 52.6524 2.8
      vertex 24.0209 51.4659 2.8
    endloop
  endfacet
  facet normal 0 0 1
    outer loop
      vertex 24.3247 50.2008 2.8
      vertex 21.8976 48.4374 2.8
      vertex 22.3766 47.8766 2.8
    endloop
  endfacet
  facet normal -0 0 1
    outer loop
      vertex 21.0579 51.9352 2.8
      vertex 24.0209 51.4659 2.8
      vertex 21.23 52.6524 2.8
    endloop
  endfacet
  facet normal 0 0 1
    outer loop
      vertex 24.1853 50.4282 2.8
      vertex 21.5123 49.0662 2.8
      vertex 21.8976 48.4374 2.8
    endloop
  endfacet
  facet normal 0 0 1
    outer loop
      vertex 24.0209 51.4659 2.8
      vertex 21.0579 51.9352 2.8
      vertex 24 51.2 2.8
    endloop
  endfacet
  facet normal 0 0 1
    outer loop
      vertex 24.0832 50.6747 2.8
      vertex 21.23 49.7476 2.8
      vertex 21.5123 49.0662 2.8
    endloop
  endfacet
  facet normal 0 0 1
    outer loop
      vertex 21 51.2 2.8
      vertex 24 51.2 2.8
      vertex 21.0579 51.9352 2.8
    endloop
  endfacet
  facet normal 0 0 1
    outer loop
      vertex 24.0209 50.9341 2.8
      vertex 21.0579 50.4648 2.8
      vertex 21.23 49.7476 2.8
    endloop
  endfacet
  facet normal 0 0 1
    outer loop
      vertex 24 51.2 2.8
      vertex 21 51.2 2.8
      vertex 21.0579 50.4648 2.8
    endloop
  endfacet
  facet normal -0 0 1
    outer loop
      vertex 50.4 51.2 2.8
      vertex 53.4 51.2 2.8
      vertex 53.3421 51.9352 2.8
    endloop
  endfacet
  facet normal 0 0 1
    outer loop
      vertex 50.3791 51.4659 2.8
      vertex 53.3421 51.9352 2.8
      vertex 53.17 52.6524 2.8
    endloop
  endfacet
  facet normal 0 0 1
    outer loop
      vertex 53.4 51.2 2.8
      vertex 50.4 51.2 2.8
      vertex 53.3421 50.4648 2.8
    endloop
  endfacet
  facet normal 0 0 1
    outer loop
      vertex 50.3168 51.7253 2.8
      vertex 53.17 52.6524 2.8
      vertex 52.8877 53.3337 2.8
    endloop
  endfacet
  facet normal -0 0 1
    outer loop
      vertex 50.3791 50.9341 2.8
      vertex 53.3421 50.4648 2.8
      vertex 50.4 51.2 2.8
    endloop
  endfacet
  facet normal 0 0 1
    outer loop
      vertex 50.2147 51.9718 2.8
      vertex 52.8877 53.3337 2.8
      vertex 52.5024 53.9626 2.8
    endloop
  endfacet
  facet normal 0 0 1
    outer loop
      vertex 53.3421 50.4648 2.8
      vertex 50.3791 50.9341 2.8
      vertex 53.17 49.7476 2.8
    endloop
  endfacet
  facet normal 0 0 1
    outer loop
      vertex 50.0753 52.1992 2.8
      vertex 52.5024 53.9626 2.8
      vertex 52.0234 54.5234 2.8
    endloop
  endfacet
  facet normal -0 0 1
    outer loop
      vertex 50.3168 50.6747 2.8
      vertex 53.17 49.7476 2.8
      vertex 50.3791 50.9341 2.8
    endloop
  endfacet
  facet normal 0 0 1
    outer loop
      vertex 49.9021 52.4021 2.8
      vertex 52.0234 54.5234 2.8
      vertex 51.4626 55.0024 2.8
    endloop
  endfacet
  facet normal 0 0 1
    outer loop
      vertex 53.17 49.7476 2.8
      vertex 50.3168 50.6747 2.8
      vertex 52.8877 49.0662 2.8
    endloop
  endfacet
  facet normal 0 0 1
    outer loop
      vertex 49.6992 52.5753 2.8
      vertex 51.4626 55.0024 2.8
      vertex 50.8337 55.3877 2.8
    endloop
  endfacet
  facet normal -0 0 1
    outer loop
      vertex 50.2147 50.4282 2.8
      vertex 52.8877 49.0662 2.8
      vertex 50.3168 50.6747 2.8
    endloop
  endfacet
  facet normal 0 0 1
    outer loop
      vertex 52.8877 49.0662 2.8
      vertex 50.2147 50.4282 2.8
      vertex 52.5024 48.4374 2.8
    endloop
  endfacet
  facet normal 0 0 1
    outer loop
      vertex 53.3421 51.9352 2.8
      vertex 50.3791 51.4659 2.8
      vertex 50.4 51.2 2.8
    endloop
  endfacet
  facet normal 0 0 1
    outer loop
      vertex 53.17 52.6524 2.8
      vertex 50.3168 51.7253 2.8
      vertex 50.3791 51.4659 2.8
    endloop
  endfacet
  facet normal 0 0 1
    outer loop
      vertex 52.8877 53.3337 2.8
      vertex 50.2147 51.9718 2.8
      vertex 50.3168 51.7253 2.8
    endloop
  endfacet
  facet normal 0 0 1
    outer loop
      vertex 49.4718 52.7147 2.8
      vertex 50.8337 55.3877 2.8
      vertex 50.1524 55.67 2.8
    endloop
  endfacet
  facet normal 0 0 1
    outer loop
      vertex 52.5024 53.9626 2.8
      vertex 50.0753 52.1992 2.8
      vertex 50.2147 51.9718 2.8
    endloop
  endfacet
  facet normal 0 0 1
    outer loop
      vertex 52.0234 54.5234 2.8
      vertex 49.9021 52.4021 2.8
      vertex 50.0753 52.1992 2.8
    endloop
  endfacet
  facet normal 0 0 1
    outer loop
      vertex 51.4626 55.0024 2.8
      vertex 49.6992 52.5753 2.8
      vertex 49.9021 52.4021 2.8
    endloop
  endfacet
  facet normal 0 0 1
    outer loop
      vertex 50.8337 55.3877 2.8
      vertex 49.4718 52.7147 2.8
      vertex 49.6992 52.5753 2.8
    endloop
  endfacet
  facet normal 0 0 1
    outer loop
      vertex 49.2253 52.8168 2.8
      vertex 50.1524 55.67 2.8
      vertex 49.4352 55.8421 2.8
    endloop
  endfacet
  facet normal 0 0 1
    outer loop
      vertex 50.1524 55.67 2.8
      vertex 49.2253 52.8168 2.8
      vertex 49.4718 52.7147 2.8
    endloop
  endfacet
  facet normal 0 0 1
    outer loop
      vertex 49.4352 55.8421 2.8
      vertex 48.9659 52.8791 2.8
      vertex 49.2253 52.8168 2.8
    endloop
  endfacet
  facet normal 0 0 1
    outer loop
      vertex 48.7 55.9 2.8
      vertex 48.9659 52.8791 2.8
      vertex 49.4352 55.8421 2.8
    endloop
  endfacet
  facet normal 0 0 1
    outer loop
      vertex 48.7 55.9 2.8
      vertex 48.7 52.9 2.8
      vertex 48.9659 52.8791 2.8
    endloop
  endfacet
  facet normal 0 0 1
    outer loop
      vertex 48.7 55.9 2.8
      vertex 48.4341 52.8791 2.8
      vertex 48.7 52.9 2.8
    endloop
  endfacet
  facet normal -0 0 1
    outer loop
      vertex 47.9648 55.8421 2.8
      vertex 48.4341 52.8791 2.8
      vertex 48.7 55.9 2.8
    endloop
  endfacet
  facet normal 0 0 1
    outer loop
      vertex 48.4341 52.8791 2.8
      vertex 47.9648 55.8421 2.8
      vertex 48.1747 52.8168 2.8
    endloop
  endfacet
  facet normal -0 0 1
    outer loop
      vertex 47.2476 55.67 2.8
      vertex 48.1747 52.8168 2.8
      vertex 47.9648 55.8421 2.8
    endloop
  endfacet
  facet normal 0 0 1
    outer loop
      vertex 48.1747 52.8168 2.8
      vertex 47.2476 55.67 2.8
      vertex 47.9282 52.7147 2.8
    endloop
  endfacet
  facet normal -0 0 1
    outer loop
      vertex 46.5662 55.3877 2.8
      vertex 47.9282 52.7147 2.8
      vertex 47.2476 55.67 2.8
    endloop
  endfacet
  facet normal 0 0 1
    outer loop
      vertex 47.9282 52.7147 2.8
      vertex 46.5662 55.3877 2.8
      vertex 47.7008 52.5753 2.8
    endloop
  endfacet
  facet normal -0 0 1
    outer loop
      vertex 45.9374 55.0024 2.8
      vertex 47.7008 52.5753 2.8
      vertex 46.5662 55.3877 2.8
    endloop
  endfacet
  facet normal 0 0 1
    outer loop
      vertex 47.7008 52.5753 2.8
      vertex 45.9374 55.0024 2.8
      vertex 47.4979 52.4021 2.8
    endloop
  endfacet
  facet normal -0 0 1
    outer loop
      vertex 45.3766 54.5234 2.8
      vertex 47.4979 52.4021 2.8
      vertex 45.9374 55.0024 2.8
    endloop
  endfacet
  facet normal 0 0 1
    outer loop
      vertex 47.4979 52.4021 2.8
      vertex 45.3766 54.5234 2.8
      vertex 47.3247 52.1992 2.8
    endloop
  endfacet
  facet normal -0 0 1
    outer loop
      vertex 44.8976 53.9626 2.8
      vertex 47.3247 52.1992 2.8
      vertex 45.3766 54.5234 2.8
    endloop
  endfacet
  facet normal 0 0 1
    outer loop
      vertex 47.3247 52.1992 2.8
      vertex 44.8976 53.9626 2.8
      vertex 47.1853 51.9718 2.8
    endloop
  endfacet
  facet normal -0 0 1
    outer loop
      vertex 50.0753 50.2008 2.8
      vertex 52.5024 48.4374 2.8
      vertex 50.2147 50.4282 2.8
    endloop
  endfacet
  facet normal 0 0 1
    outer loop
      vertex 52.5024 48.4374 2.8
      vertex 50.0753 50.2008 2.8
      vertex 52.0234 47.8766 2.8
    endloop
  endfacet
  facet normal -0 0 1
    outer loop
      vertex 49.9021 49.9979 2.8
      vertex 52.0234 47.8766 2.8
      vertex 50.0753 50.2008 2.8
    endloop
  endfacet
  facet normal 0 0 1
    outer loop
      vertex 52.0234 47.8766 2.8
      vertex 49.9021 49.9979 2.8
      vertex 51.4626 47.3976 2.8
    endloop
  endfacet
  facet normal -0 0 1
    outer loop
      vertex 49.6992 49.8247 2.8
      vertex 51.4626 47.3976 2.8
      vertex 49.9021 49.9979 2.8
    endloop
  endfacet
  facet normal 0 0 1
    outer loop
      vertex 51.4626 47.3976 2.8
      vertex 49.6992 49.8247 2.8
      vertex 50.8337 47.0123 2.8
    endloop
  endfacet
  facet normal -0 0 1
    outer loop
      vertex 49.4718 49.6853 2.8
      vertex 50.8337 47.0123 2.8
      vertex 49.6992 49.8247 2.8
    endloop
  endfacet
  facet normal 0 0 1
    outer loop
      vertex 50.8337 47.0123 2.8
      vertex 49.4718 49.6853 2.8
      vertex 50.1524 46.73 2.8
    endloop
  endfacet
  facet normal -0 0 1
    outer loop
      vertex 49.2253 49.5832 2.8
      vertex 50.1524 46.73 2.8
      vertex 49.4718 49.6853 2.8
    endloop
  endfacet
  facet normal 0 0 1
    outer loop
      vertex 50.1524 46.73 2.8
      vertex 49.2253 49.5832 2.8
      vertex 49.4352 46.5579 2.8
    endloop
  endfacet
  facet normal -0 0 1
    outer loop
      vertex 48.9659 49.5209 2.8
      vertex 49.4352 46.5579 2.8
      vertex 49.2253 49.5832 2.8
    endloop
  endfacet
  facet normal -0 0 1
    outer loop
      vertex 48.7 49.5 2.8
      vertex 49.4352 46.5579 2.8
      vertex 48.9659 49.5209 2.8
    endloop
  endfacet
  facet normal 0 0 1
    outer loop
      vertex 48.7 49.5 2.8
      vertex 48.7 46.5 2.8
      vertex 49.4352 46.5579 2.8
    endloop
  endfacet
  facet normal 0 0 1
    outer loop
      vertex 48.4341 49.5209 2.8
      vertex 48.7 46.5 2.8
      vertex 48.7 49.5 2.8
    endloop
  endfacet
  facet normal 0 0 1
    outer loop
      vertex 47.9648 46.5579 2.8
      vertex 48.4341 49.5209 2.8
      vertex 48.1747 49.5832 2.8
    endloop
  endfacet
  facet normal 0 0 1
    outer loop
      vertex 48.4341 49.5209 2.8
      vertex 47.9648 46.5579 2.8
      vertex 48.7 46.5 2.8
    endloop
  endfacet
  facet normal 0 0 1
    outer loop
      vertex 47.2476 46.73 2.8
      vertex 48.1747 49.5832 2.8
      vertex 47.9282 49.6853 2.8
    endloop
  endfacet
  facet normal 0 0 1
    outer loop
      vertex 46.5662 47.0123 2.8
      vertex 47.9282 49.6853 2.8
      vertex 47.7008 49.8247 2.8
    endloop
  endfacet
  facet normal 0 0 1
    outer loop
      vertex 45.9374 47.3976 2.8
      vertex 47.7008 49.8247 2.8
      vertex 47.4979 49.9979 2.8
    endloop
  endfacet
  facet normal 0 0 1
    outer loop
      vertex 45.3766 47.8766 2.8
      vertex 47.4979 49.9979 2.8
      vertex 47.3247 50.2008 2.8
    endloop
  endfacet
  facet normal 0 0 1
    outer loop
      vertex 48.1747 49.5832 2.8
      vertex 47.2476 46.73 2.8
      vertex 47.9648 46.5579 2.8
    endloop
  endfacet
  facet normal 0 0 1
    outer loop
      vertex 44.8976 48.4374 2.8
      vertex 47.3247 50.2008 2.8
      vertex 47.1853 50.4282 2.8
    endloop
  endfacet
  facet normal 0 0 1
    outer loop
      vertex 44.5123 49.0662 2.8
      vertex 47.1853 50.4282 2.8
      vertex 47.0832 50.6747 2.8
    endloop
  endfacet
  facet normal 0 0 1
    outer loop
      vertex 44.23 49.7476 2.8
      vertex 47.0832 50.6747 2.8
      vertex 47.0209 50.9341 2.8
    endloop
  endfacet
  facet normal 0 0 1
    outer loop
      vertex 44.0579 50.4648 2.8
      vertex 47.0209 50.9341 2.8
      vertex 47 51.2 2.8
    endloop
  endfacet
  facet normal -0 0 1
    outer loop
      vertex 44.5123 53.3337 2.8
      vertex 47.1853 51.9718 2.8
      vertex 44.8976 53.9626 2.8
    endloop
  endfacet
  facet normal 0 0 1
    outer loop
      vertex 47.9282 49.6853 2.8
      vertex 46.5662 47.0123 2.8
      vertex 47.2476 46.73 2.8
    endloop
  endfacet
  facet normal 0 0 1
    outer loop
      vertex 47.1853 51.9718 2.8
      vertex 44.5123 53.3337 2.8
      vertex 47.0832 51.7253 2.8
    endloop
  endfacet
  facet normal 0 0 1
    outer loop
      vertex 47.7008 49.8247 2.8
      vertex 45.9374 47.3976 2.8
      vertex 46.5662 47.0123 2.8
    endloop
  endfacet
  facet normal -0 0 1
    outer loop
      vertex 44.23 52.6524 2.8
      vertex 47.0832 51.7253 2.8
      vertex 44.5123 53.3337 2.8
    endloop
  endfacet
  facet normal 0 0 1
    outer loop
      vertex 47.4979 49.9979 2.8
      vertex 45.3766 47.8766 2.8
      vertex 45.9374 47.3976 2.8
    endloop
  endfacet
  facet normal 0 0 1
    outer loop
      vertex 47.0832 51.7253 2.8
      vertex 44.23 52.6524 2.8
      vertex 47.0209 51.4659 2.8
    endloop
  endfacet
  facet normal 0 0 1
    outer loop
      vertex 47.3247 50.2008 2.8
      vertex 44.8976 48.4374 2.8
      vertex 45.3766 47.8766 2.8
    endloop
  endfacet
  facet normal -0 0 1
    outer loop
      vertex 44.0579 51.9352 2.8
      vertex 47.0209 51.4659 2.8
      vertex 44.23 52.6524 2.8
    endloop
  endfacet
  facet normal 0 0 1
    outer loop
      vertex 47.1853 50.4282 2.8
      vertex 44.5123 49.0662 2.8
      vertex 44.8976 48.4374 2.8
    endloop
  endfacet
  facet normal 0 0 1
    outer loop
      vertex 47.0209 51.4659 2.8
      vertex 44.0579 51.9352 2.8
      vertex 47 51.2 2.8
    endloop
  endfacet
  facet normal 0 0 1
    outer loop
      vertex 47.0832 50.6747 2.8
      vertex 44.23 49.7476 2.8
      vertex 44.5123 49.0662 2.8
    endloop
  endfacet
  facet normal 0 0 1
    outer loop
      vertex 44 51.2 2.8
      vertex 47 51.2 2.8
      vertex 44.0579 51.9352 2.8
    endloop
  endfacet
  facet normal 0 0 1
    outer loop
      vertex 47.0209 50.9341 2.8
      vertex 44.0579 50.4648 2.8
      vertex 44.23 49.7476 2.8
    endloop
  endfacet
  facet normal 0 0 1
    outer loop
      vertex 47 51.2 2.8
      vertex 44 51.2 2.8
      vertex 44.0579 50.4648 2.8
    endloop
  endfacet
  facet normal 0.233436 0.972372 -0
    outer loop
      vertex 27.1524 11.47 1.6
      vertex 26.4352 11.6421 2.8
      vertex 27.1524 11.47 2.8
    endloop
  endfacet
  facet normal 0.233436 0.972372 0
    outer loop
      vertex 26.4352 11.6421 2.8
      vertex 27.1524 11.47 1.6
      vertex 26.4352 11.6421 1.6
    endloop
  endfacet
  facet normal 0.382678 0.923882 -0
    outer loop
      vertex 27.8337 11.1877 1.6
      vertex 27.1524 11.47 2.8
      vertex 27.8337 11.1877 2.8
    endloop
  endfacet
  facet normal 0.382678 0.923882 0
    outer loop
      vertex 27.1524 11.47 2.8
      vertex 27.8337 11.1877 1.6
      vertex 27.1524 11.47 1.6
    endloop
  endfacet
  facet normal 0.522502 0.852638 -0
    outer loop
      vertex 28.4626 10.8024 1.6
      vertex 27.8337 11.1877 2.8
      vertex 28.4626 10.8024 2.8
    endloop
  endfacet
  facet normal 0.522502 0.852638 0
    outer loop
      vertex 27.8337 11.1877 2.8
      vertex 28.4626 10.8024 1.6
      vertex 27.8337 11.1877 1.6
    endloop
  endfacet
  facet normal 0.649448 0.760406 -0
    outer loop
      vertex 29.0234 10.3234 1.6
      vertex 28.4626 10.8024 2.8
      vertex 29.0234 10.3234 2.8
    endloop
  endfacet
  facet normal 0.649448 0.760406 0
    outer loop
      vertex 28.4626 10.8024 2.8
      vertex 29.0234 10.3234 1.6
      vertex 28.4626 10.8024 1.6
    endloop
  endfacet
  facet normal 0.760406 0.649448 0
    outer loop
      vertex 29.5024 9.7626 2.8
      vertex 29.0234 10.3234 1.6
      vertex 29.0234 10.3234 2.8
    endloop
  endfacet
  facet normal 0.760406 0.649448 0
    outer loop
      vertex 29.0234 10.3234 1.6
      vertex 29.5024 9.7626 2.8
      vertex 29.5024 9.7626 1.6
    endloop
  endfacet
  facet normal 0.852638 0.522502 0
    outer loop
      vertex 29.8877 9.13376 2.8
      vertex 29.5024 9.7626 1.6
      vertex 29.5024 9.7626 2.8
    endloop
  endfacet
  facet normal 0.852638 0.522502 0
    outer loop
      vertex 29.5024 9.7626 1.6
      vertex 29.8877 9.13376 2.8
      vertex 29.8877 9.13376 1.6
    endloop
  endfacet
  facet normal 0.923882 0.382678 0
    outer loop
      vertex 30.17 8.45239 2.8
      vertex 29.8877 9.13376 1.6
      vertex 29.8877 9.13376 2.8
    endloop
  endfacet
  facet normal 0.923882 0.382678 0
    outer loop
      vertex 29.8877 9.13376 1.6
      vertex 30.17 8.45239 2.8
      vertex 30.17 8.45239 1.6
    endloop
  endfacet
  facet normal 0.972372 0.233436 0
    outer loop
      vertex 30.3421 7.73524 2.8
      vertex 30.17 8.45239 1.6
      vertex 30.17 8.45239 2.8
    endloop
  endfacet
  facet normal 0.972372 0.233436 0
    outer loop
      vertex 30.17 8.45239 1.6
      vertex 30.3421 7.73524 2.8
      vertex 30.3421 7.73524 1.6
    endloop
  endfacet
  facet normal 0.996916 0.0784747 0
    outer loop
      vertex 30.4 7 2.8
      vertex 30.3421 7.73524 1.6
      vertex 30.3421 7.73524 2.8
    endloop
  endfacet
  facet normal 0.996916 0.0784747 0
    outer loop
      vertex 30.3421 7.73524 1.6
      vertex 30.4 7 2.8
      vertex 30.4 7 1.6
    endloop
  endfacet
  facet normal 0.996916 -0.0784763 0
    outer loop
      vertex 30.3421 6.26477 2.8
      vertex 30.4 7 1.6
      vertex 30.4 7 2.8
    endloop
  endfacet
  facet normal 0.996916 -0.0784763 0
    outer loop
      vertex 30.4 7 1.6
      vertex 30.3421 6.26477 2.8
      vertex 30.3421 6.26477 1.6
    endloop
  endfacet
  facet normal 0.972372 -0.233436 0
    outer loop
      vertex 30.17 5.54762 2.8
      vertex 30.3421 6.26477 1.6
      vertex 30.3421 6.26477 2.8
    endloop
  endfacet
  facet normal 0.972372 -0.233436 0
    outer loop
      vertex 30.3421 6.26477 1.6
      vertex 30.17 5.54762 2.8
      vertex 30.17 5.54762 1.6
    endloop
  endfacet
  facet normal 0.923882 -0.382678 0
    outer loop
      vertex 29.8877 4.86626 2.8
      vertex 30.17 5.54762 1.6
      vertex 30.17 5.54762 2.8
    endloop
  endfacet
  facet normal 0.923882 -0.382678 0
    outer loop
      vertex 30.17 5.54762 1.6
      vertex 29.8877 4.86626 2.8
      vertex 29.8877 4.86626 1.6
    endloop
  endfacet
  facet normal 0.852638 -0.522502 0
    outer loop
      vertex 29.5024 4.23741 2.8
      vertex 29.8877 4.86626 1.6
      vertex 29.8877 4.86626 2.8
    endloop
  endfacet
  facet normal 0.852638 -0.522502 0
    outer loop
      vertex 29.8877 4.86626 1.6
      vertex 29.5024 4.23741 2.8
      vertex 29.5024 4.23741 1.6
    endloop
  endfacet
  facet normal 0.760406 -0.649448 0
    outer loop
      vertex 29.0234 3.67661 2.8
      vertex 29.5024 4.23741 1.6
      vertex 29.5024 4.23741 2.8
    endloop
  endfacet
  facet normal 0.760406 -0.649448 0
    outer loop
      vertex 29.5024 4.23741 1.6
      vertex 29.0234 3.67661 2.8
      vertex 29.0234 3.67661 1.6
    endloop
  endfacet
  facet normal 0.649448 -0.760406 0
    outer loop
      vertex 28.4626 3.19763 1.6
      vertex 29.0234 3.67661 2.8
      vertex 28.4626 3.19763 2.8
    endloop
  endfacet
  facet normal 0.649448 -0.760406 0
    outer loop
      vertex 29.0234 3.67661 2.8
      vertex 28.4626 3.19763 1.6
      vertex 29.0234 3.67661 1.6
    endloop
  endfacet
  facet normal 0.522502 -0.852638 0
    outer loop
      vertex 27.8337 2.81227 1.6
      vertex 28.4626 3.19763 2.8
      vertex 27.8337 2.81227 2.8
    endloop
  endfacet
  facet normal 0.522502 -0.852638 0
    outer loop
      vertex 28.4626 3.19763 2.8
      vertex 27.8337 2.81227 1.6
      vertex 28.4626 3.19763 1.6
    endloop
  endfacet
  facet normal 0.382678 -0.923882 0
    outer loop
      vertex 27.1524 2.53004 1.6
      vertex 27.8337 2.81227 2.8
      vertex 27.1524 2.53004 2.8
    endloop
  endfacet
  facet normal 0.382678 -0.923882 0
    outer loop
      vertex 27.8337 2.81227 2.8
      vertex 27.1524 2.53004 1.6
      vertex 27.8337 2.81227 1.6
    endloop
  endfacet
  facet normal 0.233436 -0.972372 0
    outer loop
      vertex 26.4352 2.35788 1.6
      vertex 27.1524 2.53004 2.8
      vertex 26.4352 2.35788 2.8
    endloop
  endfacet
  facet normal 0.233436 -0.972372 0
    outer loop
      vertex 27.1524 2.53004 2.8
      vertex 26.4352 2.35788 1.6
      vertex 27.1524 2.53004 1.6
    endloop
  endfacet
  facet normal 0.0784763 -0.996916 0
    outer loop
      vertex 25.7 2.3 1.6
      vertex 26.4352 2.35788 2.8
      vertex 25.7 2.3 2.8
    endloop
  endfacet
  facet normal 0.0784763 -0.996916 0
    outer loop
      vertex 26.4352 2.35788 2.8
      vertex 25.7 2.3 1.6
      vertex 26.4352 2.35788 1.6
    endloop
  endfacet
  facet normal -0.0784747 -0.996916 0
    outer loop
      vertex 24.9648 2.35788 1.6
      vertex 25.7 2.3 2.8
      vertex 24.9648 2.35788 2.8
    endloop
  endfacet
  facet normal -0.0784747 -0.996916 -0
    outer loop
      vertex 25.7 2.3 2.8
      vertex 24.9648 2.35788 1.6
      vertex 25.7 2.3 1.6
    endloop
  endfacet
  facet normal -0.233436 -0.972372 0
    outer loop
      vertex 24.2476 2.53004 1.6
      vertex 24.9648 2.35788 2.8
      vertex 24.2476 2.53004 2.8
    endloop
  endfacet
  facet normal -0.233436 -0.972372 -0
    outer loop
      vertex 24.9648 2.35788 2.8
      vertex 24.2476 2.53004 1.6
      vertex 24.9648 2.35788 1.6
    endloop
  endfacet
  facet normal -0.382678 -0.923882 0
    outer loop
      vertex 23.5662 2.81227 1.6
      vertex 24.2476 2.53004 2.8
      vertex 23.5662 2.81227 2.8
    endloop
  endfacet
  facet normal -0.382678 -0.923882 -0
    outer loop
      vertex 24.2476 2.53004 2.8
      vertex 23.5662 2.81227 1.6
      vertex 24.2476 2.53004 1.6
    endloop
  endfacet
  facet normal -0.522502 -0.852638 0
    outer loop
      vertex 22.9374 3.19763 1.6
      vertex 23.5662 2.81227 2.8
      vertex 22.9374 3.19763 2.8
    endloop
  endfacet
  facet normal -0.522502 -0.852638 -0
    outer loop
      vertex 23.5662 2.81227 2.8
      vertex 22.9374 3.19763 1.6
      vertex 23.5662 2.81227 1.6
    endloop
  endfacet
  facet normal -0.649448 -0.760406 0
    outer loop
      vertex 22.3766 3.67661 1.6
      vertex 22.9374 3.19763 2.8
      vertex 22.3766 3.67661 2.8
    endloop
  endfacet
  facet normal -0.649448 -0.760406 -0
    outer loop
      vertex 22.9374 3.19763 2.8
      vertex 22.3766 3.67661 1.6
      vertex 22.9374 3.19763 1.6
    endloop
  endfacet
  facet normal -0.760406 -0.649448 0
    outer loop
      vertex 22.3766 3.67661 1.6
      vertex 21.8976 4.23741 2.8
      vertex 21.8976 4.23741 1.6
    endloop
  endfacet
  facet normal -0.760406 -0.649448 0
    outer loop
      vertex 21.8976 4.23741 2.8
      vertex 22.3766 3.67661 1.6
      vertex 22.3766 3.67661 2.8
    endloop
  endfacet
  facet normal -0.852638 -0.522502 0
    outer loop
      vertex 21.8976 4.23741 1.6
      vertex 21.5123 4.86626 2.8
      vertex 21.5123 4.86626 1.6
    endloop
  endfacet
  facet normal -0.852638 -0.522502 0
    outer loop
      vertex 21.5123 4.86626 2.8
      vertex 21.8976 4.23741 1.6
      vertex 21.8976 4.23741 2.8
    endloop
  endfacet
  facet normal -0.923882 -0.382678 0
    outer loop
      vertex 21.5123 4.86626 1.6
      vertex 21.23 5.54762 2.8
      vertex 21.23 5.54762 1.6
    endloop
  endfacet
  facet normal -0.923882 -0.382678 0
    outer loop
      vertex 21.23 5.54762 2.8
      vertex 21.5123 4.86626 1.6
      vertex 21.5123 4.86626 2.8
    endloop
  endfacet
  facet normal -0.972372 -0.233436 0
    outer loop
      vertex 21.23 5.54762 1.6
      vertex 21.0579 6.26477 2.8
      vertex 21.0579 6.26477 1.6
    endloop
  endfacet
  facet normal -0.972372 -0.233436 0
    outer loop
      vertex 21.0579 6.26477 2.8
      vertex 21.23 5.54762 1.6
      vertex 21.23 5.54762 2.8
    endloop
  endfacet
  facet normal -0.996916 -0.0784763 0
    outer loop
      vertex 21.0579 6.26477 1.6
      vertex 21 7 2.8
      vertex 21 7 1.6
    endloop
  endfacet
  facet normal -0.996916 -0.0784763 0
    outer loop
      vertex 21 7 2.8
      vertex 21.0579 6.26477 1.6
      vertex 21.0579 6.26477 2.8
    endloop
  endfacet
  facet normal -0.996916 0.0784747 0
    outer loop
      vertex 21 7 1.6
      vertex 21.0579 7.73524 2.8
      vertex 21.0579 7.73524 1.6
    endloop
  endfacet
  facet normal -0.996916 0.0784747 0
    outer loop
      vertex 21.0579 7.73524 2.8
      vertex 21 7 1.6
      vertex 21 7 2.8
    endloop
  endfacet
  facet normal -0.972372 0.233436 0
    outer loop
      vertex 21.0579 7.73524 1.6
      vertex 21.23 8.45239 2.8
      vertex 21.23 8.45239 1.6
    endloop
  endfacet
  facet normal -0.972372 0.233436 0
    outer loop
      vertex 21.23 8.45239 2.8
      vertex 21.0579 7.73524 1.6
      vertex 21.0579 7.73524 2.8
    endloop
  endfacet
  facet normal -0.923882 0.382678 0
    outer loop
      vertex 21.23 8.45239 1.6
      vertex 21.5123 9.13376 2.8
      vertex 21.5123 9.13376 1.6
    endloop
  endfacet
  facet normal -0.923882 0.382678 0
    outer loop
      vertex 21.5123 9.13376 2.8
      vertex 21.23 8.45239 1.6
      vertex 21.23 8.45239 2.8
    endloop
  endfacet
  facet normal -0.852638 0.522502 0
    outer loop
      vertex 21.5123 9.13376 1.6
      vertex 21.8976 9.7626 2.8
      vertex 21.8976 9.7626 1.6
    endloop
  endfacet
  facet normal -0.852638 0.522502 0
    outer loop
      vertex 21.8976 9.7626 2.8
      vertex 21.5123 9.13376 1.6
      vertex 21.5123 9.13376 2.8
    endloop
  endfacet
  facet normal -0.760406 0.649448 0
    outer loop
      vertex 21.8976 9.7626 1.6
      vertex 22.3766 10.3234 2.8
      vertex 22.3766 10.3234 1.6
    endloop
  endfacet
  facet normal -0.760406 0.649448 0
    outer loop
      vertex 22.3766 10.3234 2.8
      vertex 21.8976 9.7626 1.6
      vertex 21.8976 9.7626 2.8
    endloop
  endfacet
  facet normal -0.649448 0.760406 0
    outer loop
      vertex 22.9374 10.8024 1.6
      vertex 22.3766 10.3234 2.8
      vertex 22.9374 10.8024 2.8
    endloop
  endfacet
  facet normal -0.649448 0.760406 0
    outer loop
      vertex 22.3766 10.3234 2.8
      vertex 22.9374 10.8024 1.6
      vertex 22.3766 10.3234 1.6
    endloop
  endfacet
  facet normal -0.522502 0.852638 0
    outer loop
      vertex 23.5662 11.1877 1.6
      vertex 22.9374 10.8024 2.8
      vertex 23.5662 11.1877 2.8
    endloop
  endfacet
  facet normal -0.522502 0.852638 0
    outer loop
      vertex 22.9374 10.8024 2.8
      vertex 23.5662 11.1877 1.6
      vertex 22.9374 10.8024 1.6
    endloop
  endfacet
  facet normal -0.382678 0.923882 0
    outer loop
      vertex 24.2476 11.47 1.6
      vertex 23.5662 11.1877 2.8
      vertex 24.2476 11.47 2.8
    endloop
  endfacet
  facet normal -0.382678 0.923882 0
    outer loop
      vertex 23.5662 11.1877 2.8
      vertex 24.2476 11.47 1.6
      vertex 23.5662 11.1877 1.6
    endloop
  endfacet
  facet normal -0.233436 0.972372 0
    outer loop
      vertex 24.9648 11.6421 1.6
      vertex 24.2476 11.47 2.8
      vertex 24.9648 11.6421 2.8
    endloop
  endfacet
  facet normal -0.233436 0.972372 0
    outer loop
      vertex 24.2476 11.47 2.8
      vertex 24.9648 11.6421 1.6
      vertex 24.2476 11.47 1.6
    endloop
  endfacet
  facet normal -0.0784747 0.996916 0
    outer loop
      vertex 25.7 11.7 1.6
      vertex 24.9648 11.6421 2.8
      vertex 25.7 11.7 2.8
    endloop
  endfacet
  facet normal -0.0784747 0.996916 0
    outer loop
      vertex 24.9648 11.6421 2.8
      vertex 25.7 11.7 1.6
      vertex 24.9648 11.6421 1.6
    endloop
  endfacet
  facet normal 0.0784763 0.996916 -0
    outer loop
      vertex 26.4352 11.6421 1.6
      vertex 25.7 11.7 2.8
      vertex 26.4352 11.6421 2.8
    endloop
  endfacet
  facet normal 0.0784763 0.996916 0
    outer loop
      vertex 25.7 11.7 2.8
      vertex 26.4352 11.6421 1.6
      vertex 25.7 11.7 1.6
    endloop
  endfacet
  facet normal 0.233436 0.972372 -0
    outer loop
      vertex 50.1524 11.47 1.6
      vertex 49.4352 11.6421 2.8
      vertex 50.1524 11.47 2.8
    endloop
  endfacet
  facet normal 0.233436 0.972372 0
    outer loop
      vertex 49.4352 11.6421 2.8
      vertex 50.1524 11.47 1.6
      vertex 49.4352 11.6421 1.6
    endloop
  endfacet
  facet normal 0.382678 0.923882 -0
    outer loop
      vertex 50.8337 11.1877 1.6
      vertex 50.1524 11.47 2.8
      vertex 50.8337 11.1877 2.8
    endloop
  endfacet
  facet normal 0.382678 0.923882 0
    outer loop
      vertex 50.1524 11.47 2.8
      vertex 50.8337 11.1877 1.6
      vertex 50.1524 11.47 1.6
    endloop
  endfacet
  facet normal 0.522502 0.852638 -0
    outer loop
      vertex 51.4626 10.8024 1.6
      vertex 50.8337 11.1877 2.8
      vertex 51.4626 10.8024 2.8
    endloop
  endfacet
  facet normal 0.522502 0.852638 0
    outer loop
      vertex 50.8337 11.1877 2.8
      vertex 51.4626 10.8024 1.6
      vertex 50.8337 11.1877 1.6
    endloop
  endfacet
  facet normal 0.649448 0.760406 -0
    outer loop
      vertex 52.0234 10.3234 1.6
      vertex 51.4626 10.8024 2.8
      vertex 52.0234 10.3234 2.8
    endloop
  endfacet
  facet normal 0.649448 0.760406 0
    outer loop
      vertex 51.4626 10.8024 2.8
      vertex 52.0234 10.3234 1.6
      vertex 51.4626 10.8024 1.6
    endloop
  endfacet
  facet normal 0.760406 0.649448 0
    outer loop
      vertex 52.5024 9.7626 2.8
      vertex 52.0234 10.3234 1.6
      vertex 52.0234 10.3234 2.8
    endloop
  endfacet
  facet normal 0.760406 0.649448 0
    outer loop
      vertex 52.0234 10.3234 1.6
      vertex 52.5024 9.7626 2.8
      vertex 52.5024 9.7626 1.6
    endloop
  endfacet
  facet normal 0.852638 0.522502 0
    outer loop
      vertex 52.8877 9.13376 2.8
      vertex 52.5024 9.7626 1.6
      vertex 52.5024 9.7626 2.8
    endloop
  endfacet
  facet normal 0.852638 0.522502 0
    outer loop
      vertex 52.5024 9.7626 1.6
      vertex 52.8877 9.13376 2.8
      vertex 52.8877 9.13376 1.6
    endloop
  endfacet
  facet normal 0.923882 0.382678 0
    outer loop
      vertex 53.17 8.45239 2.8
      vertex 52.8877 9.13376 1.6
      vertex 52.8877 9.13376 2.8
    endloop
  endfacet
  facet normal 0.923882 0.382678 0
    outer loop
      vertex 52.8877 9.13376 1.6
      vertex 53.17 8.45239 2.8
      vertex 53.17 8.45239 1.6
    endloop
  endfacet
  facet normal 0.972372 0.233436 0
    outer loop
      vertex 53.3421 7.73524 2.8
      vertex 53.17 8.45239 1.6
      vertex 53.17 8.45239 2.8
    endloop
  endfacet
  facet normal 0.972372 0.233436 0
    outer loop
      vertex 53.17 8.45239 1.6
      vertex 53.3421 7.73524 2.8
      vertex 53.3421 7.73524 1.6
    endloop
  endfacet
  facet normal 0.996916 0.0784747 0
    outer loop
      vertex 53.4 7 2.8
      vertex 53.3421 7.73524 1.6
      vertex 53.3421 7.73524 2.8
    endloop
  endfacet
  facet normal 0.996916 0.0784747 0
    outer loop
      vertex 53.3421 7.73524 1.6
      vertex 53.4 7 2.8
      vertex 53.4 7 1.6
    endloop
  endfacet
  facet normal 0.996916 -0.0784763 0
    outer loop
      vertex 53.3421 6.26477 2.8
      vertex 53.4 7 1.6
      vertex 53.4 7 2.8
    endloop
  endfacet
  facet normal 0.996916 -0.0784763 0
    outer loop
      vertex 53.4 7 1.6
      vertex 53.3421 6.26477 2.8
      vertex 53.3421 6.26477 1.6
    endloop
  endfacet
  facet normal 0.972372 -0.233436 0
    outer loop
      vertex 53.17 5.54762 2.8
      vertex 53.3421 6.26477 1.6
      vertex 53.3421 6.26477 2.8
    endloop
  endfacet
  facet normal 0.972372 -0.233436 0
    outer loop
      vertex 53.3421 6.26477 1.6
      vertex 53.17 5.54762 2.8
      vertex 53.17 5.54762 1.6
    endloop
  endfacet
  facet normal 0.923882 -0.382678 0
    outer loop
      vertex 52.8877 4.86626 2.8
      vertex 53.17 5.54762 1.6
      vertex 53.17 5.54762 2.8
    endloop
  endfacet
  facet normal 0.923882 -0.382678 0
    outer loop
      vertex 53.17 5.54762 1.6
      vertex 52.8877 4.86626 2.8
      vertex 52.8877 4.86626 1.6
    endloop
  endfacet
  facet normal 0.852638 -0.522502 0
    outer loop
      vertex 52.5024 4.23741 2.8
      vertex 52.8877 4.86626 1.6
      vertex 52.8877 4.86626 2.8
    endloop
  endfacet
  facet normal 0.852638 -0.522502 0
    outer loop
      vertex 52.8877 4.86626 1.6
      vertex 52.5024 4.23741 2.8
      vertex 52.5024 4.23741 1.6
    endloop
  endfacet
  facet normal 0.760406 -0.649448 0
    outer loop
      vertex 52.0234 3.67661 2.8
      vertex 52.5024 4.23741 1.6
      vertex 52.5024 4.23741 2.8
    endloop
  endfacet
  facet normal 0.760406 -0.649448 0
    outer loop
      vertex 52.5024 4.23741 1.6
      vertex 52.0234 3.67661 2.8
      vertex 52.0234 3.67661 1.6
    endloop
  endfacet
  facet normal 0.649448 -0.760406 0
    outer loop
      vertex 51.4626 3.19763 1.6
      vertex 52.0234 3.67661 2.8
      vertex 51.4626 3.19763 2.8
    endloop
  endfacet
  facet normal 0.649448 -0.760406 0
    outer loop
      vertex 52.0234 3.67661 2.8
      vertex 51.4626 3.19763 1.6
      vertex 52.0234 3.67661 1.6
    endloop
  endfacet
  facet normal 0.522502 -0.852638 0
    outer loop
      vertex 50.8337 2.81227 1.6
      vertex 51.4626 3.19763 2.8
      vertex 50.8337 2.81227 2.8
    endloop
  endfacet
  facet normal 0.522502 -0.852638 0
    outer loop
      vertex 51.4626 3.19763 2.8
      vertex 50.8337 2.81227 1.6
      vertex 51.4626 3.19763 1.6
    endloop
  endfacet
  facet normal 0.382678 -0.923882 0
    outer loop
      vertex 50.1524 2.53004 1.6
      vertex 50.8337 2.81227 2.8
      vertex 50.1524 2.53004 2.8
    endloop
  endfacet
  facet normal 0.382678 -0.923882 0
    outer loop
      vertex 50.8337 2.81227 2.8
      vertex 50.1524 2.53004 1.6
      vertex 50.8337 2.81227 1.6
    endloop
  endfacet
  facet normal 0.233436 -0.972372 0
    outer loop
      vertex 49.4352 2.35788 1.6
      vertex 50.1524 2.53004 2.8
      vertex 49.4352 2.35788 2.8
    endloop
  endfacet
  facet normal 0.233436 -0.972372 0
    outer loop
      vertex 50.1524 2.53004 2.8
      vertex 49.4352 2.35788 1.6
      vertex 50.1524 2.53004 1.6
    endloop
  endfacet
  facet normal 0.0784763 -0.996916 0
    outer loop
      vertex 48.7 2.3 1.6
      vertex 49.4352 2.35788 2.8
      vertex 48.7 2.3 2.8
    endloop
  endfacet
  facet normal 0.0784763 -0.996916 0
    outer loop
      vertex 49.4352 2.35788 2.8
      vertex 48.7 2.3 1.6
      vertex 49.4352 2.35788 1.6
    endloop
  endfacet
  facet normal -0.0784747 -0.996916 0
    outer loop
      vertex 47.9648 2.35788 1.6
      vertex 48.7 2.3 2.8
      vertex 47.9648 2.35788 2.8
    endloop
  endfacet
  facet normal -0.0784747 -0.996916 -0
    outer loop
      vertex 48.7 2.3 2.8
      vertex 47.9648 2.35788 1.6
      vertex 48.7 2.3 1.6
    endloop
  endfacet
  facet normal -0.233436 -0.972372 0
    outer loop
      vertex 47.2476 2.53004 1.6
      vertex 47.9648 2.35788 2.8
      vertex 47.2476 2.53004 2.8
    endloop
  endfacet
  facet normal -0.233436 -0.972372 -0
    outer loop
      vertex 47.9648 2.35788 2.8
      vertex 47.2476 2.53004 1.6
      vertex 47.9648 2.35788 1.6
    endloop
  endfacet
  facet normal -0.382678 -0.923882 0
    outer loop
      vertex 46.5662 2.81227 1.6
      vertex 47.2476 2.53004 2.8
      vertex 46.5662 2.81227 2.8
    endloop
  endfacet
  facet normal -0.382678 -0.923882 -0
    outer loop
      vertex 47.2476 2.53004 2.8
      vertex 46.5662 2.81227 1.6
      vertex 47.2476 2.53004 1.6
    endloop
  endfacet
  facet normal -0.522502 -0.852638 0
    outer loop
      vertex 45.9374 3.19763 1.6
      vertex 46.5662 2.81227 2.8
      vertex 45.9374 3.19763 2.8
    endloop
  endfacet
  facet normal -0.522502 -0.852638 -0
    outer loop
      vertex 46.5662 2.81227 2.8
      vertex 45.9374 3.19763 1.6
      vertex 46.5662 2.81227 1.6
    endloop
  endfacet
  facet normal -0.649448 -0.760406 0
    outer loop
      vertex 45.3766 3.67661 1.6
      vertex 45.9374 3.19763 2.8
      vertex 45.3766 3.67661 2.8
    endloop
  endfacet
  facet normal -0.649448 -0.760406 -0
    outer loop
      vertex 45.9374 3.19763 2.8
      vertex 45.3766 3.67661 1.6
      vertex 45.9374 3.19763 1.6
    endloop
  endfacet
  facet normal -0.760406 -0.649448 0
    outer loop
      vertex 45.3766 3.67661 1.6
      vertex 44.8976 4.23741 2.8
      vertex 44.8976 4.23741 1.6
    endloop
  endfacet
  facet normal -0.760406 -0.649448 0
    outer loop
      vertex 44.8976 4.23741 2.8
      vertex 45.3766 3.67661 1.6
      vertex 45.3766 3.67661 2.8
    endloop
  endfacet
  facet normal -0.852638 -0.522502 0
    outer loop
      vertex 44.8976 4.23741 1.6
      vertex 44.5123 4.86626 2.8
      vertex 44.5123 4.86626 1.6
    endloop
  endfacet
  facet normal -0.852638 -0.522502 0
    outer loop
      vertex 44.5123 4.86626 2.8
      vertex 44.8976 4.23741 1.6
      vertex 44.8976 4.23741 2.8
    endloop
  endfacet
  facet normal -0.923882 -0.382678 0
    outer loop
      vertex 44.5123 4.86626 1.6
      vertex 44.23 5.54762 2.8
      vertex 44.23 5.54762 1.6
    endloop
  endfacet
  facet normal -0.923882 -0.382678 0
    outer loop
      vertex 44.23 5.54762 2.8
      vertex 44.5123 4.86626 1.6
      vertex 44.5123 4.86626 2.8
    endloop
  endfacet
  facet normal -0.972372 -0.233436 0
    outer loop
      vertex 44.23 5.54762 1.6
      vertex 44.0579 6.26477 2.8
      vertex 44.0579 6.26477 1.6
    endloop
  endfacet
  facet normal -0.972372 -0.233436 0
    outer loop
      vertex 44.0579 6.26477 2.8
      vertex 44.23 5.54762 1.6
      vertex 44.23 5.54762 2.8
    endloop
  endfacet
  facet normal -0.996916 -0.0784763 0
    outer loop
      vertex 44.0579 6.26477 1.6
      vertex 44 7 2.8
      vertex 44 7 1.6
    endloop
  endfacet
  facet normal -0.996916 -0.0784763 0
    outer loop
      vertex 44 7 2.8
      vertex 44.0579 6.26477 1.6
      vertex 44.0579 6.26477 2.8
    endloop
  endfacet
  facet normal -0.996916 0.0784747 0
    outer loop
      vertex 44 7 1.6
      vertex 44.0579 7.73524 2.8
      vertex 44.0579 7.73524 1.6
    endloop
  endfacet
  facet normal -0.996916 0.0784747 0
    outer loop
      vertex 44.0579 7.73524 2.8
      vertex 44 7 1.6
      vertex 44 7 2.8
    endloop
  endfacet
  facet normal -0.972372 0.233436 0
    outer loop
      vertex 44.0579 7.73524 1.6
      vertex 44.23 8.45239 2.8
      vertex 44.23 8.45239 1.6
    endloop
  endfacet
  facet normal -0.972372 0.233436 0
    outer loop
      vertex 44.23 8.45239 2.8
      vertex 44.0579 7.73524 1.6
      vertex 44.0579 7.73524 2.8
    endloop
  endfacet
  facet normal -0.923882 0.382678 0
    outer loop
      vertex 44.23 8.45239 1.6
      vertex 44.5123 9.13376 2.8
      vertex 44.5123 9.13376 1.6
    endloop
  endfacet
  facet normal -0.923882 0.382678 0
    outer loop
      vertex 44.5123 9.13376 2.8
      vertex 44.23 8.45239 1.6
      vertex 44.23 8.45239 2.8
    endloop
  endfacet
  facet normal -0.852638 0.522502 0
    outer loop
      vertex 44.5123 9.13376 1.6
      vertex 44.8976 9.7626 2.8
      vertex 44.8976 9.7626 1.6
    endloop
  endfacet
  facet normal -0.852638 0.522502 0
    outer loop
      vertex 44.8976 9.7626 2.8
      vertex 44.5123 9.13376 1.6
      vertex 44.5123 9.13376 2.8
    endloop
  endfacet
  facet normal -0.760406 0.649448 0
    outer loop
      vertex 44.8976 9.7626 1.6
      vertex 45.3766 10.3234 2.8
      vertex 45.3766 10.3234 1.6
    endloop
  endfacet
  facet normal -0.760406 0.649448 0
    outer loop
      vertex 45.3766 10.3234 2.8
      vertex 44.8976 9.7626 1.6
      vertex 44.8976 9.7626 2.8
    endloop
  endfacet
  facet normal -0.649448 0.760406 0
    outer loop
      vertex 45.9374 10.8024 1.6
      vertex 45.3766 10.3234 2.8
      vertex 45.9374 10.8024 2.8
    endloop
  endfacet
  facet normal -0.649448 0.760406 0
    outer loop
      vertex 45.3766 10.3234 2.8
      vertex 45.9374 10.8024 1.6
      vertex 45.3766 10.3234 1.6
    endloop
  endfacet
  facet normal -0.522502 0.852638 0
    outer loop
      vertex 46.5662 11.1877 1.6
      vertex 45.9374 10.8024 2.8
      vertex 46.5662 11.1877 2.8
    endloop
  endfacet
  facet normal -0.522502 0.852638 0
    outer loop
      vertex 45.9374 10.8024 2.8
      vertex 46.5662 11.1877 1.6
      vertex 45.9374 10.8024 1.6
    endloop
  endfacet
  facet normal -0.382678 0.923882 0
    outer loop
      vertex 47.2476 11.47 1.6
      vertex 46.5662 11.1877 2.8
      vertex 47.2476 11.47 2.8
    endloop
  endfacet
  facet normal -0.382678 0.923882 0
    outer loop
      vertex 46.5662 11.1877 2.8
      vertex 47.2476 11.47 1.6
      vertex 46.5662 11.1877 1.6
    endloop
  endfacet
  facet normal -0.233436 0.972372 0
    outer loop
      vertex 47.9648 11.6421 1.6
      vertex 47.2476 11.47 2.8
      vertex 47.9648 11.6421 2.8
    endloop
  endfacet
  facet normal -0.233436 0.972372 0
    outer loop
      vertex 47.2476 11.47 2.8
      vertex 47.9648 11.6421 1.6
      vertex 47.2476 11.47 1.6
    endloop
  endfacet
  facet normal -0.0784747 0.996916 0
    outer loop
      vertex 48.7 11.7 1.6
      vertex 47.9648 11.6421 2.8
      vertex 48.7 11.7 2.8
    endloop
  endfacet
  facet normal -0.0784747 0.996916 0
    outer loop
      vertex 47.9648 11.6421 2.8
      vertex 48.7 11.7 1.6
      vertex 47.9648 11.6421 1.6
    endloop
  endfacet
  facet normal 0.0784763 0.996916 -0
    outer loop
      vertex 49.4352 11.6421 1.6
      vertex 48.7 11.7 2.8
      vertex 49.4352 11.6421 2.8
    endloop
  endfacet
  facet normal 0.0784763 0.996916 0
    outer loop
      vertex 48.7 11.7 2.8
      vertex 49.4352 11.6421 1.6
      vertex 48.7 11.7 1.6
    endloop
  endfacet
  facet normal 0.233456 0.972367 -0
    outer loop
      vertex 27.1524 55.67 1.6
      vertex 26.4352 55.8421 2.8
      vertex 27.1524 55.67 2.8
    endloop
  endfacet
  facet normal 0.233456 0.972367 0
    outer loop
      vertex 26.4352 55.8421 2.8
      vertex 27.1524 55.67 1.6
      vertex 26.4352 55.8421 1.6
    endloop
  endfacet
  facet normal 0.382678 0.923882 -0
    outer loop
      vertex 27.8337 55.3877 1.6
      vertex 27.1524 55.67 2.8
      vertex 27.8337 55.3877 2.8
    endloop
  endfacet
  facet normal 0.382678 0.923882 0
    outer loop
      vertex 27.1524 55.67 2.8
      vertex 27.8337 55.3877 1.6
      vertex 27.1524 55.67 1.6
    endloop
  endfacet
  facet normal 0.522502 0.852638 -0
    outer loop
      vertex 28.4626 55.0024 1.6
      vertex 27.8337 55.3877 2.8
      vertex 28.4626 55.0024 2.8
    endloop
  endfacet
  facet normal 0.522502 0.852638 0
    outer loop
      vertex 27.8337 55.3877 2.8
      vertex 28.4626 55.0024 1.6
      vertex 27.8337 55.3877 1.6
    endloop
  endfacet
  facet normal 0.649448 0.760406 -0
    outer loop
      vertex 29.0234 54.5234 1.6
      vertex 28.4626 55.0024 2.8
      vertex 29.0234 54.5234 2.8
    endloop
  endfacet
  facet normal 0.649448 0.760406 0
    outer loop
      vertex 28.4626 55.0024 2.8
      vertex 29.0234 54.5234 1.6
      vertex 28.4626 55.0024 1.6
    endloop
  endfacet
  facet normal 0.760406 0.649448 0
    outer loop
      vertex 29.5024 53.9626 2.8
      vertex 29.0234 54.5234 1.6
      vertex 29.0234 54.5234 2.8
    endloop
  endfacet
  facet normal 0.760406 0.649448 0
    outer loop
      vertex 29.0234 54.5234 1.6
      vertex 29.5024 53.9626 2.8
      vertex 29.5024 53.9626 1.6
    endloop
  endfacet
  facet normal 0.852638 0.522502 0
    outer loop
      vertex 29.8877 53.3337 2.8
      vertex 29.5024 53.9626 1.6
      vertex 29.5024 53.9626 2.8
    endloop
  endfacet
  facet normal 0.852638 0.522502 0
    outer loop
      vertex 29.5024 53.9626 1.6
      vertex 29.8877 53.3337 2.8
      vertex 29.8877 53.3337 1.6
    endloop
  endfacet
  facet normal 0.923882 0.382678 0
    outer loop
      vertex 30.17 52.6524 2.8
      vertex 29.8877 53.3337 1.6
      vertex 29.8877 53.3337 2.8
    endloop
  endfacet
  facet normal 0.923882 0.382678 0
    outer loop
      vertex 29.8877 53.3337 1.6
      vertex 30.17 52.6524 2.8
      vertex 30.17 52.6524 1.6
    endloop
  endfacet
  facet normal 0.972371 0.233441 0
    outer loop
      vertex 30.3421 51.9352 2.8
      vertex 30.17 52.6524 1.6
      vertex 30.17 52.6524 2.8
    endloop
  endfacet
  facet normal 0.972371 0.233441 0
    outer loop
      vertex 30.17 52.6524 1.6
      vertex 30.3421 51.9352 2.8
      vertex 30.3421 51.9352 1.6
    endloop
  endfacet
  facet normal 0.996916 0.0784747 0
    outer loop
      vertex 30.4 51.2 2.8
      vertex 30.3421 51.9352 1.6
      vertex 30.3421 51.9352 2.8
    endloop
  endfacet
  facet normal 0.996916 0.0784747 0
    outer loop
      vertex 30.3421 51.9352 1.6
      vertex 30.4 51.2 2.8
      vertex 30.4 51.2 1.6
    endloop
  endfacet
  facet normal 0.996916 -0.0784747 0
    outer loop
      vertex 30.3421 50.4648 2.8
      vertex 30.4 51.2 1.6
      vertex 30.4 51.2 2.8
    endloop
  endfacet
  facet normal 0.996916 -0.0784747 0
    outer loop
      vertex 30.4 51.2 1.6
      vertex 30.3421 50.4648 2.8
      vertex 30.3421 50.4648 1.6
    endloop
  endfacet
  facet normal 0.972371 -0.233441 0
    outer loop
      vertex 30.17 49.7476 2.8
      vertex 30.3421 50.4648 1.6
      vertex 30.3421 50.4648 2.8
    endloop
  endfacet
  facet normal 0.972371 -0.233441 0
    outer loop
      vertex 30.3421 50.4648 1.6
      vertex 30.17 49.7476 2.8
      vertex 30.17 49.7476 1.6
    endloop
  endfacet
  facet normal 0.923885 -0.382671 0
    outer loop
      vertex 29.8877 49.0662 2.8
      vertex 30.17 49.7476 1.6
      vertex 30.17 49.7476 2.8
    endloop
  endfacet
  facet normal 0.923885 -0.382671 0
    outer loop
      vertex 30.17 49.7476 1.6
      vertex 29.8877 49.0662 2.8
      vertex 29.8877 49.0662 1.6
    endloop
  endfacet
  facet normal 0.852632 -0.522512 0
    outer loop
      vertex 29.5024 48.4374 2.8
      vertex 29.8877 49.0662 1.6
      vertex 29.8877 49.0662 2.8
    endloop
  endfacet
  facet normal 0.852632 -0.522512 0
    outer loop
      vertex 29.8877 49.0662 1.6
      vertex 29.5024 48.4374 2.8
      vertex 29.5024 48.4374 1.6
    endloop
  endfacet
  facet normal 0.760415 -0.649438 0
    outer loop
      vertex 29.0234 47.8766 2.8
      vertex 29.5024 48.4374 1.6
      vertex 29.5024 48.4374 2.8
    endloop
  endfacet
  facet normal 0.760415 -0.649438 0
    outer loop
      vertex 29.5024 48.4374 1.6
      vertex 29.0234 47.8766 2.8
      vertex 29.0234 47.8766 1.6
    endloop
  endfacet
  facet normal 0.649448 -0.760406 0
    outer loop
      vertex 28.4626 47.3976 1.6
      vertex 29.0234 47.8766 2.8
      vertex 28.4626 47.3976 2.8
    endloop
  endfacet
  facet normal 0.649448 -0.760406 0
    outer loop
      vertex 29.0234 47.8766 2.8
      vertex 28.4626 47.3976 1.6
      vertex 29.0234 47.8766 1.6
    endloop
  endfacet
  facet normal 0.522487 -0.852647 0
    outer loop
      vertex 27.8337 47.0123 1.6
      vertex 28.4626 47.3976 2.8
      vertex 27.8337 47.0123 2.8
    endloop
  endfacet
  facet normal 0.522487 -0.852647 0
    outer loop
      vertex 28.4626 47.3976 2.8
      vertex 27.8337 47.0123 1.6
      vertex 28.4626 47.3976 1.6
    endloop
  endfacet
  facet normal 0.382696 -0.923874 0
    outer loop
      vertex 27.1524 46.73 1.6
      vertex 27.8337 47.0123 2.8
      vertex 27.1524 46.73 2.8
    endloop
  endfacet
  facet normal 0.382696 -0.923874 0
    outer loop
      vertex 27.8337 47.0123 2.8
      vertex 27.1524 46.73 1.6
      vertex 27.8337 47.0123 1.6
    endloop
  endfacet
  facet normal 0.233436 -0.972372 0
    outer loop
      vertex 26.4352 46.5579 1.6
      vertex 27.1524 46.73 2.8
      vertex 26.4352 46.5579 2.8
    endloop
  endfacet
  facet normal 0.233436 -0.972372 0
    outer loop
      vertex 27.1524 46.73 2.8
      vertex 26.4352 46.5579 1.6
      vertex 27.1524 46.73 1.6
    endloop
  endfacet
  facet normal 0.0784557 -0.996918 0
    outer loop
      vertex 25.7 46.5 1.6
      vertex 26.4352 46.5579 2.8
      vertex 25.7 46.5 2.8
    endloop
  endfacet
  facet normal 0.0784557 -0.996918 0
    outer loop
      vertex 26.4352 46.5579 2.8
      vertex 25.7 46.5 1.6
      vertex 26.4352 46.5579 1.6
    endloop
  endfacet
  facet normal -0.0784541 -0.996918 0
    outer loop
      vertex 24.9648 46.5579 1.6
      vertex 25.7 46.5 2.8
      vertex 24.9648 46.5579 2.8
    endloop
  endfacet
  facet normal -0.0784541 -0.996918 -0
    outer loop
      vertex 25.7 46.5 2.8
      vertex 24.9648 46.5579 1.6
      vertex 25.7 46.5 1.6
    endloop
  endfacet
  facet normal -0.233436 -0.972372 0
    outer loop
      vertex 24.2476 46.73 1.6
      vertex 24.9648 46.5579 2.8
      vertex 24.2476 46.73 2.8
    endloop
  endfacet
  facet normal -0.233436 -0.972372 -0
    outer loop
      vertex 24.9648 46.5579 2.8
      vertex 24.2476 46.73 1.6
      vertex 24.9648 46.5579 1.6
    endloop
  endfacet
  facet normal -0.382696 -0.923874 0
    outer loop
      vertex 23.5662 47.0123 1.6
      vertex 24.2476 46.73 2.8
      vertex 23.5662 47.0123 2.8
    endloop
  endfacet
  facet normal -0.382696 -0.923874 -0
    outer loop
      vertex 24.2476 46.73 2.8
      vertex 23.5662 47.0123 1.6
      vertex 24.2476 46.73 1.6
    endloop
  endfacet
  facet normal -0.522487 -0.852647 0
    outer loop
      vertex 22.9374 47.3976 1.6
      vertex 23.5662 47.0123 2.8
      vertex 22.9374 47.3976 2.8
    endloop
  endfacet
  facet normal -0.522487 -0.852647 -0
    outer loop
      vertex 23.5662 47.0123 2.8
      vertex 22.9374 47.3976 1.6
      vertex 23.5662 47.0123 1.6
    endloop
  endfacet
  facet normal -0.649448 -0.760406 0
    outer loop
      vertex 22.3766 47.8766 1.6
      vertex 22.9374 47.3976 2.8
      vertex 22.3766 47.8766 2.8
    endloop
  endfacet
  facet normal -0.649448 -0.760406 -0
    outer loop
      vertex 22.9374 47.3976 2.8
      vertex 22.3766 47.8766 1.6
      vertex 22.9374 47.3976 1.6
    endloop
  endfacet
  facet normal -0.760415 -0.649438 0
    outer loop
      vertex 22.3766 47.8766 1.6
      vertex 21.8976 48.4374 2.8
      vertex 21.8976 48.4374 1.6
    endloop
  endfacet
  facet normal -0.760415 -0.649438 0
    outer loop
      vertex 21.8976 48.4374 2.8
      vertex 22.3766 47.8766 1.6
      vertex 22.3766 47.8766 2.8
    endloop
  endfacet
  facet normal -0.852632 -0.522512 0
    outer loop
      vertex 21.8976 48.4374 1.6
      vertex 21.5123 49.0662 2.8
      vertex 21.5123 49.0662 1.6
    endloop
  endfacet
  facet normal -0.852632 -0.522512 0
    outer loop
      vertex 21.5123 49.0662 2.8
      vertex 21.8976 48.4374 1.6
      vertex 21.8976 48.4374 2.8
    endloop
  endfacet
  facet normal -0.923885 -0.382671 0
    outer loop
      vertex 21.5123 49.0662 1.6
      vertex 21.23 49.7476 2.8
      vertex 21.23 49.7476 1.6
    endloop
  endfacet
  facet normal -0.923885 -0.382671 0
    outer loop
      vertex 21.23 49.7476 2.8
      vertex 21.5123 49.0662 1.6
      vertex 21.5123 49.0662 2.8
    endloop
  endfacet
  facet normal -0.972371 -0.233441 0
    outer loop
      vertex 21.23 49.7476 1.6
      vertex 21.0579 50.4648 2.8
      vertex 21.0579 50.4648 1.6
    endloop
  endfacet
  facet normal -0.972371 -0.233441 0
    outer loop
      vertex 21.0579 50.4648 2.8
      vertex 21.23 49.7476 1.6
      vertex 21.23 49.7476 2.8
    endloop
  endfacet
  facet normal -0.996916 -0.0784747 0
    outer loop
      vertex 21.0579 50.4648 1.6
      vertex 21 51.2 2.8
      vertex 21 51.2 1.6
    endloop
  endfacet
  facet normal -0.996916 -0.0784747 0
    outer loop
      vertex 21 51.2 2.8
      vertex 21.0579 50.4648 1.6
      vertex 21.0579 50.4648 2.8
    endloop
  endfacet
  facet normal -0.996916 0.0784747 0
    outer loop
      vertex 21 51.2 1.6
      vertex 21.0579 51.9352 2.8
      vertex 21.0579 51.9352 1.6
    endloop
  endfacet
  facet normal -0.996916 0.0784747 0
    outer loop
      vertex 21.0579 51.9352 2.8
      vertex 21 51.2 1.6
      vertex 21 51.2 2.8
    endloop
  endfacet
  facet normal -0.972371 0.233441 0
    outer loop
      vertex 21.0579 51.9352 1.6
      vertex 21.23 52.6524 2.8
      vertex 21.23 52.6524 1.6
    endloop
  endfacet
  facet normal -0.972371 0.233441 0
    outer loop
      vertex 21.23 52.6524 2.8
      vertex 21.0579 51.9352 1.6
      vertex 21.0579 51.9352 2.8
    endloop
  endfacet
  facet normal -0.923882 0.382678 0
    outer loop
      vertex 21.23 52.6524 1.6
      vertex 21.5123 53.3337 2.8
      vertex 21.5123 53.3337 1.6
    endloop
  endfacet
  facet normal -0.923882 0.382678 0
    outer loop
      vertex 21.5123 53.3337 2.8
      vertex 21.23 52.6524 1.6
      vertex 21.23 52.6524 2.8
    endloop
  endfacet
  facet normal -0.852638 0.522502 0
    outer loop
      vertex 21.5123 53.3337 1.6
      vertex 21.8976 53.9626 2.8
      vertex 21.8976 53.9626 1.6
    endloop
  endfacet
  facet normal -0.852638 0.522502 0
    outer loop
      vertex 21.8976 53.9626 2.8
      vertex 21.5123 53.3337 1.6
      vertex 21.5123 53.3337 2.8
    endloop
  endfacet
  facet normal -0.760406 0.649448 0
    outer loop
      vertex 21.8976 53.9626 1.6
      vertex 22.3766 54.5234 2.8
      vertex 22.3766 54.5234 1.6
    endloop
  endfacet
  facet normal -0.760406 0.649448 0
    outer loop
      vertex 22.3766 54.5234 2.8
      vertex 21.8976 53.9626 1.6
      vertex 21.8976 53.9626 2.8
    endloop
  endfacet
  facet normal -0.649448 0.760406 0
    outer loop
      vertex 22.9374 55.0024 1.6
      vertex 22.3766 54.5234 2.8
      vertex 22.9374 55.0024 2.8
    endloop
  endfacet
  facet normal -0.649448 0.760406 0
    outer loop
      vertex 22.3766 54.5234 2.8
      vertex 22.9374 55.0024 1.6
      vertex 22.3766 54.5234 1.6
    endloop
  endfacet
  facet normal -0.522502 0.852638 0
    outer loop
      vertex 23.5662 55.3877 1.6
      vertex 22.9374 55.0024 2.8
      vertex 23.5662 55.3877 2.8
    endloop
  endfacet
  facet normal -0.522502 0.852638 0
    outer loop
      vertex 22.9374 55.0024 2.8
      vertex 23.5662 55.3877 1.6
      vertex 22.9374 55.0024 1.6
    endloop
  endfacet
  facet normal -0.382678 0.923882 0
    outer loop
      vertex 24.2476 55.67 1.6
      vertex 23.5662 55.3877 2.8
      vertex 24.2476 55.67 2.8
    endloop
  endfacet
  facet normal -0.382678 0.923882 0
    outer loop
      vertex 23.5662 55.3877 2.8
      vertex 24.2476 55.67 1.6
      vertex 23.5662 55.3877 1.6
    endloop
  endfacet
  facet normal -0.233456 0.972367 0
    outer loop
      vertex 24.9648 55.8421 1.6
      vertex 24.2476 55.67 2.8
      vertex 24.9648 55.8421 2.8
    endloop
  endfacet
  facet normal -0.233456 0.972367 0
    outer loop
      vertex 24.2476 55.67 2.8
      vertex 24.9648 55.8421 1.6
      vertex 24.2476 55.67 1.6
    endloop
  endfacet
  facet normal -0.0784541 0.996918 0
    outer loop
      vertex 25.7 55.9 1.6
      vertex 24.9648 55.8421 2.8
      vertex 25.7 55.9 2.8
    endloop
  endfacet
  facet normal -0.0784541 0.996918 0
    outer loop
      vertex 24.9648 55.8421 2.8
      vertex 25.7 55.9 1.6
      vertex 24.9648 55.8421 1.6
    endloop
  endfacet
  facet normal 0.0784557 0.996918 -0
    outer loop
      vertex 26.4352 55.8421 1.6
      vertex 25.7 55.9 2.8
      vertex 26.4352 55.8421 2.8
    endloop
  endfacet
  facet normal 0.0784557 0.996918 0
    outer loop
      vertex 25.7 55.9 2.8
      vertex 26.4352 55.8421 1.6
      vertex 25.7 55.9 1.6
    endloop
  endfacet
  facet normal 0.233456 0.972367 -0
    outer loop
      vertex 50.1524 55.67 1.6
      vertex 49.4352 55.8421 2.8
      vertex 50.1524 55.67 2.8
    endloop
  endfacet
  facet normal 0.233456 0.972367 0
    outer loop
      vertex 49.4352 55.8421 2.8
      vertex 50.1524 55.67 1.6
      vertex 49.4352 55.8421 1.6
    endloop
  endfacet
  facet normal 0.382678 0.923882 -0
    outer loop
      vertex 50.8337 55.3877 1.6
      vertex 50.1524 55.67 2.8
      vertex 50.8337 55.3877 2.8
    endloop
  endfacet
  facet normal 0.382678 0.923882 0
    outer loop
      vertex 50.1524 55.67 2.8
      vertex 50.8337 55.3877 1.6
      vertex 50.1524 55.67 1.6
    endloop
  endfacet
  facet normal 0.522502 0.852638 -0
    outer loop
      vertex 51.4626 55.0024 1.6
      vertex 50.8337 55.3877 2.8
      vertex 51.4626 55.0024 2.8
    endloop
  endfacet
  facet normal 0.522502 0.852638 0
    outer loop
      vertex 50.8337 55.3877 2.8
      vertex 51.4626 55.0024 1.6
      vertex 50.8337 55.3877 1.6
    endloop
  endfacet
  facet normal 0.649448 0.760406 -0
    outer loop
      vertex 52.0234 54.5234 1.6
      vertex 51.4626 55.0024 2.8
      vertex 52.0234 54.5234 2.8
    endloop
  endfacet
  facet normal 0.649448 0.760406 0
    outer loop
      vertex 51.4626 55.0024 2.8
      vertex 52.0234 54.5234 1.6
      vertex 51.4626 55.0024 1.6
    endloop
  endfacet
  facet normal 0.760406 0.649448 0
    outer loop
      vertex 52.5024 53.9626 2.8
      vertex 52.0234 54.5234 1.6
      vertex 52.0234 54.5234 2.8
    endloop
  endfacet
  facet normal 0.760406 0.649448 0
    outer loop
      vertex 52.0234 54.5234 1.6
      vertex 52.5024 53.9626 2.8
      vertex 52.5024 53.9626 1.6
    endloop
  endfacet
  facet normal 0.852638 0.522502 0
    outer loop
      vertex 52.8877 53.3337 2.8
      vertex 52.5024 53.9626 1.6
      vertex 52.5024 53.9626 2.8
    endloop
  endfacet
  facet normal 0.852638 0.522502 0
    outer loop
      vertex 52.5024 53.9626 1.6
      vertex 52.8877 53.3337 2.8
      vertex 52.8877 53.3337 1.6
    endloop
  endfacet
  facet normal 0.923882 0.382678 0
    outer loop
      vertex 53.17 52.6524 2.8
      vertex 52.8877 53.3337 1.6
      vertex 52.8877 53.3337 2.8
    endloop
  endfacet
  facet normal 0.923882 0.382678 0
    outer loop
      vertex 52.8877 53.3337 1.6
      vertex 53.17 52.6524 2.8
      vertex 53.17 52.6524 1.6
    endloop
  endfacet
  facet normal 0.972371 0.233441 0
    outer loop
      vertex 53.3421 51.9352 2.8
      vertex 53.17 52.6524 1.6
      vertex 53.17 52.6524 2.8
    endloop
  endfacet
  facet normal 0.972371 0.233441 0
    outer loop
      vertex 53.17 52.6524 1.6
      vertex 53.3421 51.9352 2.8
      vertex 53.3421 51.9352 1.6
    endloop
  endfacet
  facet normal 0.996916 0.0784747 0
    outer loop
      vertex 53.4 51.2 2.8
      vertex 53.3421 51.9352 1.6
      vertex 53.3421 51.9352 2.8
    endloop
  endfacet
  facet normal 0.996916 0.0784747 0
    outer loop
      vertex 53.3421 51.9352 1.6
      vertex 53.4 51.2 2.8
      vertex 53.4 51.2 1.6
    endloop
  endfacet
  facet normal 0.996916 -0.0784747 0
    outer loop
      vertex 53.3421 50.4648 2.8
      vertex 53.4 51.2 1.6
      vertex 53.4 51.2 2.8
    endloop
  endfacet
  facet normal 0.996916 -0.0784747 0
    outer loop
      vertex 53.4 51.2 1.6
      vertex 53.3421 50.4648 2.8
      vertex 53.3421 50.4648 1.6
    endloop
  endfacet
  facet normal 0.972371 -0.233441 0
    outer loop
      vertex 53.17 49.7476 2.8
      vertex 53.3421 50.4648 1.6
      vertex 53.3421 50.4648 2.8
    endloop
  endfacet
  facet normal 0.972371 -0.233441 0
    outer loop
      vertex 53.3421 50.4648 1.6
      vertex 53.17 49.7476 2.8
      vertex 53.17 49.7476 1.6
    endloop
  endfacet
  facet normal 0.923885 -0.382671 0
    outer loop
      vertex 52.8877 49.0662 2.8
      vertex 53.17 49.7476 1.6
      vertex 53.17 49.7476 2.8
    endloop
  endfacet
  facet normal 0.923885 -0.382671 0
    outer loop
      vertex 53.17 49.7476 1.6
      vertex 52.8877 49.0662 2.8
      vertex 52.8877 49.0662 1.6
    endloop
  endfacet
  facet normal 0.852632 -0.522512 0
    outer loop
      vertex 52.5024 48.4374 2.8
      vertex 52.8877 49.0662 1.6
      vertex 52.8877 49.0662 2.8
    endloop
  endfacet
  facet normal 0.852632 -0.522512 0
    outer loop
      vertex 52.8877 49.0662 1.6
      vertex 52.5024 48.4374 2.8
      vertex 52.5024 48.4374 1.6
    endloop
  endfacet
  facet normal 0.760415 -0.649438 0
    outer loop
      vertex 52.0234 47.8766 2.8
      vertex 52.5024 48.4374 1.6
      vertex 52.5024 48.4374 2.8
    endloop
  endfacet
  facet normal 0.760415 -0.649438 0
    outer loop
      vertex 52.5024 48.4374 1.6
      vertex 52.0234 47.8766 2.8
      vertex 52.0234 47.8766 1.6
    endloop
  endfacet
  facet normal 0.649448 -0.760406 0
    outer loop
      vertex 51.4626 47.3976 1.6
      vertex 52.0234 47.8766 2.8
      vertex 51.4626 47.3976 2.8
    endloop
  endfacet
  facet normal 0.649448 -0.760406 0
    outer loop
      vertex 52.0234 47.8766 2.8
      vertex 51.4626 47.3976 1.6
      vertex 52.0234 47.8766 1.6
    endloop
  endfacet
  facet normal 0.522487 -0.852647 0
    outer loop
      vertex 50.8337 47.0123 1.6
      vertex 51.4626 47.3976 2.8
      vertex 50.8337 47.0123 2.8
    endloop
  endfacet
  facet normal 0.522487 -0.852647 0
    outer loop
      vertex 51.4626 47.3976 2.8
      vertex 50.8337 47.0123 1.6
      vertex 51.4626 47.3976 1.6
    endloop
  endfacet
  facet normal 0.382696 -0.923874 0
    outer loop
      vertex 50.1524 46.73 1.6
      vertex 50.8337 47.0123 2.8
      vertex 50.1524 46.73 2.8
    endloop
  endfacet
  facet normal 0.382696 -0.923874 0
    outer loop
      vertex 50.8337 47.0123 2.8
      vertex 50.1524 46.73 1.6
      vertex 50.8337 47.0123 1.6
    endloop
  endfacet
  facet normal 0.233436 -0.972372 0
    outer loop
      vertex 49.4352 46.5579 1.6
      vertex 50.1524 46.73 2.8
      vertex 49.4352 46.5579 2.8
    endloop
  endfacet
  facet normal 0.233436 -0.972372 0
    outer loop
      vertex 50.1524 46.73 2.8
      vertex 49.4352 46.5579 1.6
      vertex 50.1524 46.73 1.6
    endloop
  endfacet
  facet normal 0.0784557 -0.996918 0
    outer loop
      vertex 48.7 46.5 1.6
      vertex 49.4352 46.5579 2.8
      vertex 48.7 46.5 2.8
    endloop
  endfacet
  facet normal 0.0784557 -0.996918 0
    outer loop
      vertex 49.4352 46.5579 2.8
      vertex 48.7 46.5 1.6
      vertex 49.4352 46.5579 1.6
    endloop
  endfacet
  facet normal -0.0784541 -0.996918 0
    outer loop
      vertex 47.9648 46.5579 1.6
      vertex 48.7 46.5 2.8
      vertex 47.9648 46.5579 2.8
    endloop
  endfacet
  facet normal -0.0784541 -0.996918 -0
    outer loop
      vertex 48.7 46.5 2.8
      vertex 47.9648 46.5579 1.6
      vertex 48.7 46.5 1.6
    endloop
  endfacet
  facet normal -0.233436 -0.972372 0
    outer loop
      vertex 47.2476 46.73 1.6
      vertex 47.9648 46.5579 2.8
      vertex 47.2476 46.73 2.8
    endloop
  endfacet
  facet normal -0.233436 -0.972372 -0
    outer loop
      vertex 47.9648 46.5579 2.8
      vertex 47.2476 46.73 1.6
      vertex 47.9648 46.5579 1.6
    endloop
  endfacet
  facet normal -0.382696 -0.923874 0
    outer loop
      vertex 46.5662 47.0123 1.6
      vertex 47.2476 46.73 2.8
      vertex 46.5662 47.0123 2.8
    endloop
  endfacet
  facet normal -0.382696 -0.923874 -0
    outer loop
      vertex 47.2476 46.73 2.8
      vertex 46.5662 47.0123 1.6
      vertex 47.2476 46.73 1.6
    endloop
  endfacet
  facet normal -0.522487 -0.852647 0
    outer loop
      vertex 45.9374 47.3976 1.6
      vertex 46.5662 47.0123 2.8
      vertex 45.9374 47.3976 2.8
    endloop
  endfacet
  facet normal -0.522487 -0.852647 -0
    outer loop
      vertex 46.5662 47.0123 2.8
      vertex 45.9374 47.3976 1.6
      vertex 46.5662 47.0123 1.6
    endloop
  endfacet
  facet normal -0.649448 -0.760406 0
    outer loop
      vertex 45.3766 47.8766 1.6
      vertex 45.9374 47.3976 2.8
      vertex 45.3766 47.8766 2.8
    endloop
  endfacet
  facet normal -0.649448 -0.760406 -0
    outer loop
      vertex 45.9374 47.3976 2.8
      vertex 45.3766 47.8766 1.6
      vertex 45.9374 47.3976 1.6
    endloop
  endfacet
  facet normal -0.760415 -0.649438 0
    outer loop
      vertex 45.3766 47.8766 1.6
      vertex 44.8976 48.4374 2.8
      vertex 44.8976 48.4374 1.6
    endloop
  endfacet
  facet normal -0.760415 -0.649438 0
    outer loop
      vertex 44.8976 48.4374 2.8
      vertex 45.3766 47.8766 1.6
      vertex 45.3766 47.8766 2.8
    endloop
  endfacet
  facet normal -0.852632 -0.522512 0
    outer loop
      vertex 44.8976 48.4374 1.6
      vertex 44.5123 49.0662 2.8
      vertex 44.5123 49.0662 1.6
    endloop
  endfacet
  facet normal -0.852632 -0.522512 0
    outer loop
      vertex 44.5123 49.0662 2.8
      vertex 44.8976 48.4374 1.6
      vertex 44.8976 48.4374 2.8
    endloop
  endfacet
  facet normal -0.923885 -0.382671 0
    outer loop
      vertex 44.5123 49.0662 1.6
      vertex 44.23 49.7476 2.8
      vertex 44.23 49.7476 1.6
    endloop
  endfacet
  facet normal -0.923885 -0.382671 0
    outer loop
      vertex 44.23 49.7476 2.8
      vertex 44.5123 49.0662 1.6
      vertex 44.5123 49.0662 2.8
    endloop
  endfacet
  facet normal -0.972371 -0.233441 0
    outer loop
      vertex 44.23 49.7476 1.6
      vertex 44.0579 50.4648 2.8
      vertex 44.0579 50.4648 1.6
    endloop
  endfacet
  facet normal -0.972371 -0.233441 0
    outer loop
      vertex 44.0579 50.4648 2.8
      vertex 44.23 49.7476 1.6
      vertex 44.23 49.7476 2.8
    endloop
  endfacet
  facet normal -0.996916 -0.0784747 0
    outer loop
      vertex 44.0579 50.4648 1.6
      vertex 44 51.2 2.8
      vertex 44 51.2 1.6
    endloop
  endfacet
  facet normal -0.996916 -0.0784747 0
    outer loop
      vertex 44 51.2 2.8
      vertex 44.0579 50.4648 1.6
      vertex 44.0579 50.4648 2.8
    endloop
  endfacet
  facet normal -0.996916 0.0784747 0
    outer loop
      vertex 44 51.2 1.6
      vertex 44.0579 51.9352 2.8
      vertex 44.0579 51.9352 1.6
    endloop
  endfacet
  facet normal -0.996916 0.0784747 0
    outer loop
      vertex 44.0579 51.9352 2.8
      vertex 44 51.2 1.6
      vertex 44 51.2 2.8
    endloop
  endfacet
  facet normal -0.972371 0.233441 0
    outer loop
      vertex 44.0579 51.9352 1.6
      vertex 44.23 52.6524 2.8
      vertex 44.23 52.6524 1.6
    endloop
  endfacet
  facet normal -0.972371 0.233441 0
    outer loop
      vertex 44.23 52.6524 2.8
      vertex 44.0579 51.9352 1.6
      vertex 44.0579 51.9352 2.8
    endloop
  endfacet
  facet normal -0.923882 0.382678 0
    outer loop
      vertex 44.23 52.6524 1.6
      vertex 44.5123 53.3337 2.8
      vertex 44.5123 53.3337 1.6
    endloop
  endfacet
  facet normal -0.923882 0.382678 0
    outer loop
      vertex 44.5123 53.3337 2.8
      vertex 44.23 52.6524 1.6
      vertex 44.23 52.6524 2.8
    endloop
  endfacet
  facet normal -0.852638 0.522502 0
    outer loop
      vertex 44.5123 53.3337 1.6
      vertex 44.8976 53.9626 2.8
      vertex 44.8976 53.9626 1.6
    endloop
  endfacet
  facet normal -0.852638 0.522502 0
    outer loop
      vertex 44.8976 53.9626 2.8
      vertex 44.5123 53.3337 1.6
      vertex 44.5123 53.3337 2.8
    endloop
  endfacet
  facet normal -0.760406 0.649448 0
    outer loop
      vertex 44.8976 53.9626 1.6
      vertex 45.3766 54.5234 2.8
      vertex 45.3766 54.5234 1.6
    endloop
  endfacet
  facet normal -0.760406 0.649448 0
    outer loop
      vertex 45.3766 54.5234 2.8
      vertex 44.8976 53.9626 1.6
      vertex 44.8976 53.9626 2.8
    endloop
  endfacet
  facet normal -0.649448 0.760406 0
    outer loop
      vertex 45.9374 55.0024 1.6
      vertex 45.3766 54.5234 2.8
      vertex 45.9374 55.0024 2.8
    endloop
  endfacet
  facet normal -0.649448 0.760406 0
    outer loop
      vertex 45.3766 54.5234 2.8
      vertex 45.9374 55.0024 1.6
      vertex 45.3766 54.5234 1.6
    endloop
  endfacet
  facet normal -0.522502 0.852638 0
    outer loop
      vertex 46.5662 55.3877 1.6
      vertex 45.9374 55.0024 2.8
      vertex 46.5662 55.3877 2.8
    endloop
  endfacet
  facet normal -0.522502 0.852638 0
    outer loop
      vertex 45.9374 55.0024 2.8
      vertex 46.5662 55.3877 1.6
      vertex 45.9374 55.0024 1.6
    endloop
  endfacet
  facet normal -0.382678 0.923882 0
    outer loop
      vertex 47.2476 55.67 1.6
      vertex 46.5662 55.3877 2.8
      vertex 47.2476 55.67 2.8
    endloop
  endfacet
  facet normal -0.382678 0.923882 0
    outer loop
      vertex 46.5662 55.3877 2.8
      vertex 47.2476 55.67 1.6
      vertex 46.5662 55.3877 1.6
    endloop
  endfacet
  facet normal -0.233456 0.972367 0
    outer loop
      vertex 47.9648 55.8421 1.6
      vertex 47.2476 55.67 2.8
      vertex 47.9648 55.8421 2.8
    endloop
  endfacet
  facet normal -0.233456 0.972367 0
    outer loop
      vertex 47.2476 55.67 2.8
      vertex 47.9648 55.8421 1.6
      vertex 47.2476 55.67 1.6
    endloop
  endfacet
  facet normal -0.0784541 0.996918 0
    outer loop
      vertex 48.7 55.9 1.6
      vertex 47.9648 55.8421 2.8
      vertex 48.7 55.9 2.8
    endloop
  endfacet
  facet normal -0.0784541 0.996918 0
    outer loop
      vertex 47.9648 55.8421 2.8
      vertex 48.7 55.9 1.6
      vertex 47.9648 55.8421 1.6
    endloop
  endfacet
  facet normal 0.0784557 0.996918 -0
    outer loop
      vertex 49.4352 55.8421 1.6
      vertex 48.7 55.9 2.8
      vertex 49.4352 55.8421 2.8
    endloop
  endfacet
  facet normal 0.0784557 0.996918 0
    outer loop
      vertex 48.7 55.9 2.8
      vertex 49.4352 55.8421 1.6
      vertex 48.7 55.9 1.6
    endloop
  endfacet
  facet normal -0.996917 0.0784575 0
    outer loop
      vertex 27.3791 50.9341 1.8
      vertex 27.4 51.2 2.8
      vertex 27.4 51.2 1.8
    endloop
  endfacet
  facet normal -0.996917 0.0784575 0
    outer loop
      vertex 27.4 51.2 2.8
      vertex 27.3791 50.9341 1.8
      vertex 27.3791 50.9341 2.8
    endloop
  endfacet
  facet normal 0.996917 0.0784646 0
    outer loop
      vertex 24.0209 50.9341 2.8
      vertex 24 51.2 1.8
      vertex 24 51.2 2.8
    endloop
  endfacet
  facet normal 0.996917 0.0784646 0
    outer loop
      vertex 24 51.2 1.8
      vertex 24.0209 50.9341 2.8
      vertex 24.0209 50.9341 1.8
    endloop
  endfacet
  facet normal -0.0784646 0.996917 0
    outer loop
      vertex 25.9659 49.5209 1.8
      vertex 25.7 49.5 2.8
      vertex 25.9659 49.5209 2.8
    endloop
  endfacet
  facet normal -0.0784646 0.996917 0
    outer loop
      vertex 25.7 49.5 2.8
      vertex 25.9659 49.5209 1.8
      vertex 25.7 49.5 1.8
    endloop
  endfacet
  facet normal 0.0784646 -0.996917 0
    outer loop
      vertex 25.4341 52.8791 1.8
      vertex 25.7 52.9 2.8
      vertex 25.4341 52.8791 2.8
    endloop
  endfacet
  facet normal 0.0784646 -0.996917 0
    outer loop
      vertex 25.7 52.9 2.8
      vertex 25.4341 52.8791 1.8
      vertex 25.7 52.9 1.8
    endloop
  endfacet
  facet normal 0.760408 -0.649446 0
    outer loop
      vertex 24.3247 52.1992 2.8
      vertex 24.4979 52.4021 1.8
      vertex 24.4979 52.4021 2.8
    endloop
  endfacet
  facet normal 0.760408 -0.649446 0
    outer loop
      vertex 24.4979 52.4021 1.8
      vertex 24.3247 52.1992 2.8
      vertex 24.3247 52.1992 1.8
    endloop
  endfacet
  facet normal -0.760404 0.64945 0
    outer loop
      vertex 26.9021 49.9979 1.8
      vertex 27.0753 50.2008 2.8
      vertex 27.0753 50.2008 1.8
    endloop
  endfacet
  facet normal -0.760404 0.64945 0
    outer loop
      vertex 27.0753 50.2008 2.8
      vertex 26.9021 49.9979 1.8
      vertex 26.9021 49.9979 2.8
    endloop
  endfacet
  facet normal 0.64945 0.760404 -0
    outer loop
      vertex 24.7008 49.8247 1.8
      vertex 24.4979 49.9979 2.8
      vertex 24.7008 49.8247 2.8
    endloop
  endfacet
  facet normal 0.64945 0.760404 0
    outer loop
      vertex 24.4979 49.9979 2.8
      vertex 24.7008 49.8247 1.8
      vertex 24.4979 49.9979 1.8
    endloop
  endfacet
  facet normal 0.382685 0.923879 -0
    outer loop
      vertex 25.1747 49.5832 1.8
      vertex 24.9282 49.6853 2.8
      vertex 25.1747 49.5832 2.8
    endloop
  endfacet
  facet normal 0.382685 0.923879 0
    outer loop
      vertex 24.9282 49.6853 2.8
      vertex 25.1747 49.5832 1.8
      vertex 24.9282 49.6853 1.8
    endloop
  endfacet
  facet normal -0.852642 -0.522496 0
    outer loop
      vertex 27.2147 51.9718 1.8
      vertex 27.0753 52.1992 2.8
      vertex 27.0753 52.1992 1.8
    endloop
  endfacet
  facet normal -0.852642 -0.522496 0
    outer loop
      vertex 27.0753 52.1992 2.8
      vertex 27.2147 51.9718 1.8
      vertex 27.2147 51.9718 2.8
    endloop
  endfacet
  facet normal -0.92388 0.382682 0
    outer loop
      vertex 27.2147 50.4282 1.8
      vertex 27.3168 50.6747 2.8
      vertex 27.3168 50.6747 1.8
    endloop
  endfacet
  facet normal -0.92388 0.382682 0
    outer loop
      vertex 27.3168 50.6747 2.8
      vertex 27.2147 50.4282 1.8
      vertex 27.2147 50.4282 2.8
    endloop
  endfacet
  facet normal -0.97237 0.233447 0
    outer loop
      vertex 27.3168 50.6747 1.8
      vertex 27.3791 50.9341 2.8
      vertex 27.3791 50.9341 1.8
    endloop
  endfacet
  facet normal -0.97237 0.233447 0
    outer loop
      vertex 27.3791 50.9341 2.8
      vertex 27.3168 50.6747 1.8
      vertex 27.3168 50.6747 2.8
    endloop
  endfacet
  facet normal -0.852638 0.522502 0
    outer loop
      vertex 27.0753 50.2008 1.8
      vertex 27.2147 50.4282 2.8
      vertex 27.2147 50.4282 1.8
    endloop
  endfacet
  facet normal -0.852638 0.522502 0
    outer loop
      vertex 27.2147 50.4282 2.8
      vertex 27.0753 50.2008 1.8
      vertex 27.0753 50.2008 2.8
    endloop
  endfacet
  facet normal -0.522499 0.85264 0
    outer loop
      vertex 26.6992 49.8247 1.8
      vertex 26.4718 49.6853 2.8
      vertex 26.6992 49.8247 2.8
    endloop
  endfacet
  facet normal -0.522499 0.85264 0
    outer loop
      vertex 26.4718 49.6853 2.8
      vertex 26.6992 49.8247 1.8
      vertex 26.4718 49.6853 1.8
    endloop
  endfacet
  facet normal -0.382682 0.92388 0
    outer loop
      vertex 26.4718 49.6853 1.8
      vertex 26.2253 49.5832 2.8
      vertex 26.4718 49.6853 2.8
    endloop
  endfacet
  facet normal -0.382682 0.92388 0
    outer loop
      vertex 26.2253 49.5832 2.8
      vertex 26.4718 49.6853 1.8
      vertex 26.2253 49.5832 1.8
    endloop
  endfacet
  facet normal -0.64945 0.760404 0
    outer loop
      vertex 26.9021 49.9979 1.8
      vertex 26.6992 49.8247 2.8
      vertex 26.9021 49.9979 2.8
    endloop
  endfacet
  facet normal -0.64945 0.760404 0
    outer loop
      vertex 26.6992 49.8247 2.8
      vertex 26.9021 49.9979 1.8
      vertex 26.6992 49.8247 1.8
    endloop
  endfacet
  facet normal 0.852635 0.522508 0
    outer loop
      vertex 24.3247 50.2008 2.8
      vertex 24.1853 50.4282 1.8
      vertex 24.1853 50.4282 2.8
    endloop
  endfacet
  facet normal 0.852635 0.522508 0
    outer loop
      vertex 24.1853 50.4282 1.8
      vertex 24.3247 50.2008 2.8
      vertex 24.3247 50.2008 1.8
    endloop
  endfacet
  facet normal 0.760408 0.649446 0
    outer loop
      vertex 24.4979 49.9979 2.8
      vertex 24.3247 50.2008 1.8
      vertex 24.3247 50.2008 2.8
    endloop
  endfacet
  facet normal 0.760408 0.649446 0
    outer loop
      vertex 24.3247 50.2008 1.8
      vertex 24.4979 49.9979 2.8
      vertex 24.4979 49.9979 1.8
    endloop
  endfacet
  facet normal 0.92388 0.382682 0
    outer loop
      vertex 24.1853 50.4282 2.8
      vertex 24.0832 50.6747 1.8
      vertex 24.0832 50.6747 2.8
    endloop
  endfacet
  facet normal 0.92388 0.382682 0
    outer loop
      vertex 24.0832 50.6747 1.8
      vertex 24.1853 50.4282 2.8
      vertex 24.1853 50.4282 1.8
    endloop
  endfacet
  facet normal 0.522496 0.852642 -0
    outer loop
      vertex 24.9282 49.6853 1.8
      vertex 24.7008 49.8247 2.8
      vertex 24.9282 49.6853 2.8
    endloop
  endfacet
  facet normal 0.522496 0.852642 0
    outer loop
      vertex 24.7008 49.8247 2.8
      vertex 24.9282 49.6853 1.8
      vertex 24.7008 49.8247 1.8
    endloop
  endfacet
  facet normal 0.233447 0.97237 -0
    outer loop
      vertex 25.4341 49.5209 1.8
      vertex 25.1747 49.5832 2.8
      vertex 25.4341 49.5209 2.8
    endloop
  endfacet
  facet normal 0.233447 0.97237 0
    outer loop
      vertex 25.1747 49.5832 2.8
      vertex 25.4341 49.5209 1.8
      vertex 25.1747 49.5832 1.8
    endloop
  endfacet
  facet normal 0.64945 -0.760404 0
    outer loop
      vertex 24.4979 52.4021 1.8
      vertex 24.7008 52.5753 2.8
      vertex 24.4979 52.4021 2.8
    endloop
  endfacet
  facet normal 0.64945 -0.760404 0
    outer loop
      vertex 24.7008 52.5753 2.8
      vertex 24.4979 52.4021 1.8
      vertex 24.7008 52.5753 1.8
    endloop
  endfacet
  facet normal 0.382685 -0.923879 0
    outer loop
      vertex 24.9282 52.7147 1.8
      vertex 25.1747 52.8168 2.8
      vertex 24.9282 52.7147 2.8
    endloop
  endfacet
  facet normal 0.382685 -0.923879 0
    outer loop
      vertex 25.1747 52.8168 2.8
      vertex 24.9282 52.7147 1.8
      vertex 25.1747 52.8168 1.8
    endloop
  endfacet
  facet normal 0.852639 -0.522501 0
    outer loop
      vertex 24.1853 51.9718 2.8
      vertex 24.3247 52.1992 1.8
      vertex 24.3247 52.1992 2.8
    endloop
  endfacet
  facet normal 0.852639 -0.522501 0
    outer loop
      vertex 24.3247 52.1992 1.8
      vertex 24.1853 51.9718 2.8
      vertex 24.1853 51.9718 1.8
    endloop
  endfacet
  facet normal -0.233449 0.972369 0
    outer loop
      vertex 26.2253 49.5832 1.8
      vertex 25.9659 49.5209 2.8
      vertex 26.2253 49.5832 2.8
    endloop
  endfacet
  facet normal -0.233449 0.972369 0
    outer loop
      vertex 25.9659 49.5209 2.8
      vertex 26.2253 49.5832 1.8
      vertex 25.9659 49.5209 1.8
    endloop
  endfacet
  facet normal 0.972371 0.23344 0
    outer loop
      vertex 24.0832 50.6747 2.8
      vertex 24.0209 50.9341 1.8
      vertex 24.0209 50.9341 2.8
    endloop
  endfacet
  facet normal 0.972371 0.23344 0
    outer loop
      vertex 24.0209 50.9341 1.8
      vertex 24.0832 50.6747 2.8
      vertex 24.0832 50.6747 1.8
    endloop
  endfacet
  facet normal 0.0784646 0.996917 -0
    outer loop
      vertex 25.7 49.5 1.8
      vertex 25.4341 49.5209 2.8
      vertex 25.7 49.5 2.8
    endloop
  endfacet
  facet normal 0.0784646 0.996917 0
    outer loop
      vertex 25.4341 49.5209 2.8
      vertex 25.7 49.5 1.8
      vertex 25.4341 49.5209 1.8
    endloop
  endfacet
  facet normal -0.996917 -0.0784575 0
    outer loop
      vertex 27.4 51.2 1.8
      vertex 27.3791 51.4659 2.8
      vertex 27.3791 51.4659 1.8
    endloop
  endfacet
  facet normal -0.996917 -0.0784575 0
    outer loop
      vertex 27.3791 51.4659 2.8
      vertex 27.4 51.2 1.8
      vertex 27.4 51.2 2.8
    endloop
  endfacet
  facet normal -0.0784646 -0.996917 0
    outer loop
      vertex 25.7 52.9 1.8
      vertex 25.9659 52.8791 2.8
      vertex 25.7 52.9 2.8
    endloop
  endfacet
  facet normal -0.0784646 -0.996917 -0
    outer loop
      vertex 25.9659 52.8791 2.8
      vertex 25.7 52.9 1.8
      vertex 25.9659 52.8791 1.8
    endloop
  endfacet
  facet normal -0.382682 -0.92388 0
    outer loop
      vertex 26.2253 52.8168 1.8
      vertex 26.4718 52.7147 2.8
      vertex 26.2253 52.8168 2.8
    endloop
  endfacet
  facet normal -0.382682 -0.92388 -0
    outer loop
      vertex 26.4718 52.7147 2.8
      vertex 26.2253 52.8168 1.8
      vertex 26.4718 52.7147 1.8
    endloop
  endfacet
  facet normal -0.760404 -0.64945 0
    outer loop
      vertex 27.0753 52.1992 1.8
      vertex 26.9021 52.4021 2.8
      vertex 26.9021 52.4021 1.8
    endloop
  endfacet
  facet normal -0.760404 -0.64945 0
    outer loop
      vertex 26.9021 52.4021 2.8
      vertex 27.0753 52.1992 1.8
      vertex 27.0753 52.1992 2.8
    endloop
  endfacet
  facet normal -0.522499 -0.85264 0
    outer loop
      vertex 26.4718 52.7147 1.8
      vertex 26.6992 52.5753 2.8
      vertex 26.4718 52.7147 2.8
    endloop
  endfacet
  facet normal -0.522499 -0.85264 -0
    outer loop
      vertex 26.6992 52.5753 2.8
      vertex 26.4718 52.7147 1.8
      vertex 26.6992 52.5753 1.8
    endloop
  endfacet
  facet normal -0.923878 -0.382687 0
    outer loop
      vertex 27.3168 51.7253 1.8
      vertex 27.2147 51.9718 2.8
      vertex 27.2147 51.9718 1.8
    endloop
  endfacet
  facet normal -0.923878 -0.382687 0
    outer loop
      vertex 27.2147 51.9718 2.8
      vertex 27.3168 51.7253 1.8
      vertex 27.3168 51.7253 2.8
    endloop
  endfacet
  facet normal -0.97237 -0.233447 0
    outer loop
      vertex 27.3791 51.4659 1.8
      vertex 27.3168 51.7253 2.8
      vertex 27.3168 51.7253 1.8
    endloop
  endfacet
  facet normal -0.97237 -0.233447 0
    outer loop
      vertex 27.3168 51.7253 2.8
      vertex 27.3791 51.4659 1.8
      vertex 27.3791 51.4659 2.8
    endloop
  endfacet
  facet normal 0.522496 -0.852642 0
    outer loop
      vertex 24.7008 52.5753 1.8
      vertex 24.9282 52.7147 2.8
      vertex 24.7008 52.5753 2.8
    endloop
  endfacet
  facet normal 0.522496 -0.852642 0
    outer loop
      vertex 24.9282 52.7147 2.8
      vertex 24.7008 52.5753 1.8
      vertex 24.9282 52.7147 1.8
    endloop
  endfacet
  facet normal 0.233447 -0.97237 0
    outer loop
      vertex 25.1747 52.8168 1.8
      vertex 25.4341 52.8791 2.8
      vertex 25.1747 52.8168 2.8
    endloop
  endfacet
  facet normal 0.233447 -0.97237 0
    outer loop
      vertex 25.4341 52.8791 2.8
      vertex 25.1747 52.8168 1.8
      vertex 25.4341 52.8791 1.8
    endloop
  endfacet
  facet normal 0.923878 -0.382687 0
    outer loop
      vertex 24.0832 51.7253 2.8
      vertex 24.1853 51.9718 1.8
      vertex 24.1853 51.9718 2.8
    endloop
  endfacet
  facet normal 0.923878 -0.382687 0
    outer loop
      vertex 24.1853 51.9718 1.8
      vertex 24.0832 51.7253 2.8
      vertex 24.0832 51.7253 1.8
    endloop
  endfacet
  facet normal 0.996917 -0.0784646 0
    outer loop
      vertex 24 51.2 2.8
      vertex 24.0209 51.4659 1.8
      vertex 24.0209 51.4659 2.8
    endloop
  endfacet
  facet normal 0.996917 -0.0784646 0
    outer loop
      vertex 24.0209 51.4659 1.8
      vertex 24 51.2 2.8
      vertex 24 51.2 1.8
    endloop
  endfacet
  facet normal -0.233449 -0.972369 0
    outer loop
      vertex 25.9659 52.8791 1.8
      vertex 26.2253 52.8168 2.8
      vertex 25.9659 52.8791 2.8
    endloop
  endfacet
  facet normal -0.233449 -0.972369 -0
    outer loop
      vertex 26.2253 52.8168 2.8
      vertex 25.9659 52.8791 1.8
      vertex 26.2253 52.8168 1.8
    endloop
  endfacet
  facet normal -0.64945 -0.760404 0
    outer loop
      vertex 26.6992 52.5753 1.8
      vertex 26.9021 52.4021 2.8
      vertex 26.6992 52.5753 2.8
    endloop
  endfacet
  facet normal -0.64945 -0.760404 -0
    outer loop
      vertex 26.9021 52.4021 2.8
      vertex 26.6992 52.5753 1.8
      vertex 26.9021 52.4021 1.8
    endloop
  endfacet
  facet normal 0.972371 -0.23344 0
    outer loop
      vertex 24.0209 51.4659 2.8
      vertex 24.0832 51.7253 1.8
      vertex 24.0832 51.7253 2.8
    endloop
  endfacet
  facet normal 0.972371 -0.23344 0
    outer loop
      vertex 24.0832 51.7253 1.8
      vertex 24.0209 51.4659 2.8
      vertex 24.0209 51.4659 1.8
    endloop
  endfacet
  facet normal -0.0558657 -0.709893 -0.70209
    outer loop
      vertex 26.2415 54.6376 5.72205e-07
      vertex 25.7 52.9 1.8
      vertex 25.7 54.6802 5.72205e-07
    endloop
  endfacet
  facet normal -0.709892 0.0558704 -0.702091
    outer loop
      vertex 29.1802 51.2 5.72205e-07
      vertex 29.1376 50.6585 5.72205e-07
      vertex 27.4 51.2 1.8
    endloop
  endfacet
  facet normal -0.709892 0.0558686 -0.702091
    outer loop
      vertex 29.1376 50.6585 5.72205e-07
      vertex 27.3791 50.9341 1.8
      vertex 27.4 51.2 1.8
    endloop
  endfacet
  facet normal -0.709923 0.0556075 -0.702081
    outer loop
      vertex 27.3791 50.9341 1.8
      vertex 29.1376 50.6585 5.72205e-07
      vertex 29.1374 50.6556 5.72205e-07
    endloop
  endfacet
  facet normal -0.709923 -0.0556075 -0.702081
    outer loop
      vertex 29.1376 51.7415 5.72205e-07
      vertex 27.3791 51.4659 1.8
      vertex 29.1374 51.7444 5.72205e-07
    endloop
  endfacet
  facet normal -0.709892 -0.0558686 -0.702091
    outer loop
      vertex 27.3791 51.4659 1.8
      vertex 29.1376 51.7415 5.72205e-07
      vertex 27.4 51.2 1.8
    endloop
  endfacet
  facet normal 0.692413 -0.16623 -0.702091
    outer loop
      vertex 24.0209 51.4659 1.8
      vertex 22.2633 51.7473 5.72205e-07
      vertex 24.0832 51.7253 1.8
    endloop
  endfacet
  facet normal 0.692472 -0.165934 -0.702103
    outer loop
      vertex 22.2633 51.7473 5.72205e-07
      vertex 24.0209 51.4659 1.8
      vertex 22.2626 51.7444 5.72205e-07
    endloop
  endfacet
  facet normal 0.166712 0.692316 -0.702072
    outer loop
      vertex 25.1527 47.7633 5.72205e-07
      vertex 25.4341 49.5209 1.8
      vertex 25.1556 47.7626 5.72205e-07
    endloop
  endfacet
  facet normal 0.166235 0.692412 -0.702091
    outer loop
      vertex 25.4341 49.5209 1.8
      vertex 25.1527 47.7633 5.72205e-07
      vertex 25.1747 49.5832 1.8
    endloop
  endfacet
  facet normal -0.657883 -0.272504 -0.702091
    outer loop
      vertex 28.802 52.7773 5.72205e-07
      vertex 29.0099 52.2754 5.72205e-07
      vertex 27.3168 51.7253 1.8
    endloop
  endfacet
  facet normal 0.607372 0.371737 -0.702076
    outer loop
      vertex 22.8829 49.1569 5.72205e-07
      vertex 24.3247 50.2008 1.8
      vertex 22.8844 49.1544 5.72205e-07
    endloop
  endfacet
  facet normal 0.60715 0.372071 -0.702092
    outer loop
      vertex 24.3247 50.2008 1.8
      vertex 22.8829 49.1569 5.72205e-07
      vertex 24.1853 50.4282 1.8
    endloop
  endfacet
  facet normal -0.541474 -0.462465 -0.702091
    outer loop
      vertex 26.9021 52.4021 1.8
      vertex 28.1628 53.6587 5.72205e-07
      vertex 27.0753 52.1992 1.8
    endloop
  endfacet
  facet normal -0.541372 -0.462576 -0.702097
    outer loop
      vertex 28.1628 53.6587 5.72205e-07
      vertex 26.9021 52.4021 1.8
      vertex 28.1609 53.6609 5.72205e-07
    endloop
  endfacet
  facet normal -0.709892 -0.0558704 -0.702091
    outer loop
      vertex 29.1376 51.7415 5.72205e-07
      vertex 29.1802 51.2 5.72205e-07
      vertex 27.4 51.2 1.8
    endloop
  endfacet
  facet normal -0.372064 -0.607155 -0.702091
    outer loop
      vertex 27.28 54.3009 5.72205e-07
      vertex 27.7431 54.0171 5.72205e-07
      vertex 26.4718 52.7147 1.8
    endloop
  endfacet
  facet normal 0.462465 -0.541474 -0.702091
    outer loop
      vertex 24.4979 52.4021 1.8
      vertex 23.2413 53.6628 5.72205e-07
      vertex 24.7008 52.5753 1.8
    endloop
  endfacet
  facet normal 0.462872 -0.541098 -0.702113
    outer loop
      vertex 23.2413 53.6628 5.72205e-07
      vertex 24.4979 52.4021 1.8
      vertex 23.2391 53.6609 5.72205e-07
    endloop
  endfacet
  facet normal -0.657882 -0.272507 -0.702091
    outer loop
      vertex 27.2147 51.9718 1.8
      vertex 28.802 52.7773 5.72205e-07
      vertex 27.3168 51.7253 1.8
    endloop
  endfacet
  facet normal -0.657916 -0.272433 -0.702088
    outer loop
      vertex 28.802 52.7773 5.72205e-07
      vertex 27.2147 51.9718 1.8
      vertex 28.8009 52.78 5.72205e-07
    endloop
  endfacet
  facet normal -0.607154 -0.372065 -0.702091
    outer loop
      vertex 28.5171 53.2431 5.72205e-07
      vertex 28.8009 52.78 5.72205e-07
      vertex 27.2147 51.9718 1.8
    endloop
  endfacet
  facet normal -0.462462 -0.541477 -0.702091
    outer loop
      vertex 27.7456 54.0156 5.72205e-07
      vertex 28.1587 53.6628 5.72205e-07
      vertex 26.6992 52.5753 1.8
    endloop
  endfacet
  facet normal -0.372469 -0.606884 -0.70211
    outer loop
      vertex 26.6992 52.5753 1.8
      vertex 27.7431 54.0171 5.72205e-07
      vertex 27.7456 54.0156 5.72205e-07
    endloop
  endfacet
  facet normal -0.372065 -0.607154 -0.702091
    outer loop
      vertex 27.7431 54.0171 5.72205e-07
      vertex 26.6992 52.5753 1.8
      vertex 26.4718 52.7147 1.8
    endloop
  endfacet
  facet normal -0.272501 -0.657884 -0.702091
    outer loop
      vertex 26.7754 54.5099 5.72205e-07
      vertex 27.2773 54.302 5.72205e-07
      vertex 26.2253 52.8168 1.8
    endloop
  endfacet
  facet normal -0.166236 -0.692412 -0.702091
    outer loop
      vertex 25.9659 52.8791 1.8
      vertex 26.2473 54.6367 5.72205e-07
      vertex 26.2253 52.8168 1.8
    endloop
  endfacet
  facet normal -0.165828 -0.692493 -0.702107
    outer loop
      vertex 26.2473 54.6367 5.72205e-07
      vertex 25.9659 52.8791 1.8
      vertex 26.2444 54.6374 5.72205e-07
    endloop
  endfacet
  facet normal -0.166236 -0.692412 -0.702091
    outer loop
      vertex 26.2473 54.6367 5.72205e-07
      vertex 26.7754 54.5099 5.72205e-07
      vertex 26.2253 52.8168 1.8
    endloop
  endfacet
  facet normal -0.0558736 -0.709891 -0.702091
    outer loop
      vertex 26.2415 54.6376 5.72205e-07
      vertex 25.9659 52.8791 1.8
      vertex 25.7 52.9 1.8
    endloop
  endfacet
  facet normal -0.0565257 -0.709815 -0.702116
    outer loop
      vertex 25.9659 52.8791 1.8
      vertex 26.2415 54.6376 5.72205e-07
      vertex 26.2444 54.6374 5.72205e-07
    endloop
  endfacet
  facet normal 0.541477 -0.462462 -0.702091
    outer loop
      vertex 23.2372 53.6587 5.72205e-07
      vertex 24.4979 52.4021 1.8
      vertex 24.3247 52.1992 1.8
    endloop
  endfacet
  facet normal 0.541372 -0.462576 -0.702097
    outer loop
      vertex 24.4979 52.4021 1.8
      vertex 23.2372 53.6587 5.72205e-07
      vertex 23.2391 53.6609 5.72205e-07
    endloop
  endfacet
  facet normal -0.372064 0.607155 -0.702091
    outer loop
      vertex 27.7431 48.3829 5.72205e-07
      vertex 27.28 48.0991 5.72205e-07
      vertex 26.4718 49.6853 1.8
    endloop
  endfacet
  facet normal -0.372469 0.606884 -0.70211
    outer loop
      vertex 27.7431 48.3829 5.72205e-07
      vertex 26.6992 49.8247 1.8
      vertex 27.7456 48.3844 5.72205e-07
    endloop
  endfacet
  facet normal -0.372065 0.607154 -0.702091
    outer loop
      vertex 26.6992 49.8247 1.8
      vertex 27.7431 48.3829 5.72205e-07
      vertex 26.4718 49.6853 1.8
    endloop
  endfacet
  facet normal -0.462462 0.541477 -0.702091
    outer loop
      vertex 28.1587 48.7372 5.72205e-07
      vertex 27.7456 48.3844 5.72205e-07
      vertex 26.6992 49.8247 1.8
    endloop
  endfacet
  facet normal 0.541473 0.462466 -0.702092
    outer loop
      vertex 24.3247 50.2008 1.8
      vertex 23.2372 48.7413 5.72205e-07
      vertex 22.8844 49.1544 5.72205e-07
    endloop
  endfacet
  facet normal 0.709869 -0.0560667 -0.702099
    outer loop
      vertex 24.0209 51.4659 1.8
      vertex 22.2624 51.7415 5.72205e-07
      vertex 22.2626 51.7444 5.72205e-07
    endloop
  endfacet
  facet normal 0.709891 -0.0558736 -0.702091
    outer loop
      vertex 22.2624 51.7415 5.72205e-07
      vertex 24.0209 51.4659 1.8
      vertex 24 51.2 1.8
    endloop
  endfacet
  facet normal -0.692384 -0.166376 -0.702085
    outer loop
      vertex 27.3791 51.4659 1.8
      vertex 29.1367 51.7473 5.72205e-07
      vertex 29.1374 51.7444 5.72205e-07
    endloop
  endfacet
  facet normal -0.692412 -0.166235 -0.702091
    outer loop
      vertex 29.1367 51.7473 5.72205e-07
      vertex 27.3791 51.4659 1.8
      vertex 27.3168 51.7253 1.8
    endloop
  endfacet
  facet normal -0.692412 -0.166235 -0.702091
    outer loop
      vertex 29.0099 52.2754 5.72205e-07
      vertex 29.1367 51.7473 5.72205e-07
      vertex 27.3168 51.7253 1.8
    endloop
  endfacet
  facet normal -0.607155 -0.372063 -0.702091
    outer loop
      vertex 27.0753 52.1992 1.8
      vertex 28.5171 53.2431 5.72205e-07
      vertex 27.2147 51.9718 1.8
    endloop
  endfacet
  facet normal -0.607104 -0.372141 -0.702094
    outer loop
      vertex 28.5171 53.2431 5.72205e-07
      vertex 27.0753 52.1992 1.8
      vertex 28.5156 53.2456 5.72205e-07
    endloop
  endfacet
  facet normal -0.541476 -0.462463 -0.702091
    outer loop
      vertex 28.1628 53.6587 5.72205e-07
      vertex 28.5156 53.2456 5.72205e-07
      vertex 27.0753 52.1992 1.8
    endloop
  endfacet
  facet normal -0.462872 -0.541098 -0.702113
    outer loop
      vertex 26.9021 52.4021 1.8
      vertex 28.1587 53.6628 5.72205e-07
      vertex 28.1609 53.6609 5.72205e-07
    endloop
  endfacet
  facet normal -0.462465 -0.541474 -0.702091
    outer loop
      vertex 28.1587 53.6628 5.72205e-07
      vertex 26.9021 52.4021 1.8
      vertex 26.6992 52.5753 1.8
    endloop
  endfacet
  facet normal -0.272433 -0.657915 -0.702088
    outer loop
      vertex 26.4718 52.7147 1.8
      vertex 27.2773 54.302 5.72205e-07
      vertex 27.28 54.3009 5.72205e-07
    endloop
  endfacet
  facet normal -0.272503 -0.657883 -0.702091
    outer loop
      vertex 27.2773 54.302 5.72205e-07
      vertex 26.4718 52.7147 1.8
      vertex 26.2253 52.8168 1.8
    endloop
  endfacet
  facet normal 0.657883 -0.272504 -0.702091
    outer loop
      vertex 22.598 52.7773 5.72205e-07
      vertex 24.0832 51.7253 1.8
      vertex 22.3901 52.2754 5.72205e-07
    endloop
  endfacet
  facet normal 0.692412 -0.166235 -0.702091
    outer loop
      vertex 22.3901 52.2754 5.72205e-07
      vertex 24.0832 51.7253 1.8
      vertex 22.2633 51.7473 5.72205e-07
    endloop
  endfacet
  facet normal 0.272505 -0.657882 -0.702091
    outer loop
      vertex 24.9282 52.7147 1.8
      vertex 24.1227 54.302 5.72205e-07
      vertex 25.1747 52.8168 1.8
    endloop
  endfacet
  facet normal 0.272433 -0.657915 -0.702088
    outer loop
      vertex 24.1227 54.302 5.72205e-07
      vertex 24.9282 52.7147 1.8
      vertex 24.12 54.3009 5.72205e-07
    endloop
  endfacet
  facet normal 0.462462 -0.541477 -0.702091
    outer loop
      vertex 23.6544 54.0156 5.72205e-07
      vertex 24.7008 52.5753 1.8
      vertex 23.2413 53.6628 5.72205e-07
    endloop
  endfacet
  facet normal 0.166235 -0.692412 -0.702091
    outer loop
      vertex 25.1527 54.6367 5.72205e-07
      vertex 25.4341 52.8791 1.8
      vertex 25.1747 52.8168 1.8
    endloop
  endfacet
  facet normal 0.165828 -0.692493 -0.702107
    outer loop
      vertex 25.4341 52.8791 1.8
      vertex 25.1527 54.6367 5.72205e-07
      vertex 25.1556 54.6374 5.72205e-07
    endloop
  endfacet
  facet normal 0.0558655 -0.709893 -0.70209
    outer loop
      vertex 25.7 54.6802 5.72205e-07
      vertex 25.7 52.9 1.8
      vertex 25.1585 54.6376 5.72205e-07
    endloop
  endfacet
  facet normal 0.0558736 0.709891 -0.702091
    outer loop
      vertex 25.1585 47.7624 5.72205e-07
      vertex 25.4341 49.5209 1.8
      vertex 25.7 49.5 1.8
    endloop
  endfacet
  facet normal 0.0556075 0.709923 -0.702081
    outer loop
      vertex 25.4341 49.5209 1.8
      vertex 25.1585 47.7624 5.72205e-07
      vertex 25.1556 47.7626 5.72205e-07
    endloop
  endfacet
  facet normal 0.0558704 0.709892 -0.702091
    outer loop
      vertex 25.7 49.5 1.8
      vertex 25.7 47.7198 5.72205e-07
      vertex 25.1585 47.7624 5.72205e-07
    endloop
  endfacet
  facet normal -0.657916 0.272433 -0.702088
    outer loop
      vertex 27.2147 50.4282 1.8
      vertex 28.802 49.6227 5.72205e-07
      vertex 28.8009 49.62 5.72205e-07
    endloop
  endfacet
  facet normal -0.657883 0.272503 -0.702091
    outer loop
      vertex 28.802 49.6227 5.72205e-07
      vertex 27.2147 50.4282 1.8
      vertex 27.3168 50.6747 1.8
    endloop
  endfacet
  facet normal 0.272505 0.657882 -0.702091
    outer loop
      vertex 25.1747 49.5832 1.8
      vertex 24.6246 47.8901 5.72205e-07
      vertex 24.1227 48.098 5.72205e-07
    endloop
  endfacet
  facet normal 0.166231 0.692412 -0.702091
    outer loop
      vertex 25.1747 49.5832 1.8
      vertex 25.1527 47.7633 5.72205e-07
      vertex 24.6246 47.8901 5.72205e-07
    endloop
  endfacet
  facet normal 0.607154 0.372065 -0.702091
    outer loop
      vertex 24.1853 50.4282 1.8
      vertex 22.8829 49.1569 5.72205e-07
      vertex 22.5991 49.62 5.72205e-07
    endloop
  endfacet
  facet normal 0.709892 0.0558704 -0.702091
    outer loop
      vertex 24 51.2 1.8
      vertex 22.2624 50.6585 5.72205e-07
      vertex 22.2198 51.2 5.72205e-07
    endloop
  endfacet
  facet normal 0.709892 -0.0558704 -0.702091
    outer loop
      vertex 22.2624 51.7415 5.72205e-07
      vertex 24 51.2 1.8
      vertex 22.2198 51.2 5.72205e-07
    endloop
  endfacet
  facet normal 0.607154 -0.372065 -0.702091
    outer loop
      vertex 22.8829 53.2431 5.72205e-07
      vertex 24.1853 51.9718 1.8
      vertex 22.5991 52.78 5.72205e-07
    endloop
  endfacet
  facet normal 0.657882 -0.272507 -0.702091
    outer loop
      vertex 22.598 52.7773 5.72205e-07
      vertex 24.1853 51.9718 1.8
      vertex 24.0832 51.7253 1.8
    endloop
  endfacet
  facet normal 0.657916 -0.272433 -0.702088
    outer loop
      vertex 24.1853 51.9718 1.8
      vertex 22.598 52.7773 5.72205e-07
      vertex 22.5991 52.78 5.72205e-07
    endloop
  endfacet
  facet normal 0.372064 -0.607154 -0.702091
    outer loop
      vertex 24.12 54.3009 5.72205e-07
      vertex 24.9282 52.7147 1.8
      vertex 23.6569 54.0171 5.72205e-07
    endloop
  endfacet
  facet normal 0.372063 -0.607155 -0.702091
    outer loop
      vertex 24.7008 52.5753 1.8
      vertex 23.6569 54.0171 5.72205e-07
      vertex 24.9282 52.7147 1.8
    endloop
  endfacet
  facet normal 0.372469 -0.606884 -0.70211
    outer loop
      vertex 23.6569 54.0171 5.72205e-07
      vertex 24.7008 52.5753 1.8
      vertex 23.6544 54.0156 5.72205e-07
    endloop
  endfacet
  facet normal 0.272501 -0.657884 -0.702091
    outer loop
      vertex 24.6246 54.5099 5.72205e-07
      vertex 25.1747 52.8168 1.8
      vertex 24.1227 54.302 5.72205e-07
    endloop
  endfacet
  facet normal 0.166236 -0.692412 -0.702091
    outer loop
      vertex 25.1527 54.6367 5.72205e-07
      vertex 25.1747 52.8168 1.8
      vertex 24.6246 54.5099 5.72205e-07
    endloop
  endfacet
  facet normal 0.0565257 -0.709815 -0.702117
    outer loop
      vertex 25.1585 54.6376 5.72205e-07
      vertex 25.4341 52.8791 1.8
      vertex 25.1556 54.6374 5.72205e-07
    endloop
  endfacet
  facet normal 0.0558736 -0.709891 -0.702091
    outer loop
      vertex 25.4341 52.8791 1.8
      vertex 25.1585 54.6376 5.72205e-07
      vertex 25.7 52.9 1.8
    endloop
  endfacet
  facet normal -0.272433 0.657915 -0.702088
    outer loop
      vertex 27.2773 48.098 5.72205e-07
      vertex 26.4718 49.6853 1.8
      vertex 27.28 48.0991 5.72205e-07
    endloop
  endfacet
  facet normal -0.272503 0.657883 -0.702091
    outer loop
      vertex 26.4718 49.6853 1.8
      vertex 27.2773 48.098 5.72205e-07
      vertex 26.2253 49.5832 1.8
    endloop
  endfacet
  facet normal -0.0558706 0.709892 -0.702091
    outer loop
      vertex 26.2415 47.7624 5.72205e-07
      vertex 25.7 47.7198 5.72205e-07
      vertex 25.7 49.5 1.8
    endloop
  endfacet
  facet normal -0.692412 0.166235 -0.702091
    outer loop
      vertex 29.1367 50.6527 5.72205e-07
      vertex 29.0099 50.1246 5.72205e-07
      vertex 27.3168 50.6747 1.8
    endloop
  endfacet
  facet normal -0.657883 0.272504 -0.702091
    outer loop
      vertex 29.0099 50.1246 5.72205e-07
      vertex 28.802 49.6227 5.72205e-07
      vertex 27.3168 50.6747 1.8
    endloop
  endfacet
  facet normal 0.462462 0.541477 -0.702091
    outer loop
      vertex 24.7008 49.8247 1.8
      vertex 23.6544 48.3844 5.72205e-07
      vertex 23.2413 48.7372 5.72205e-07
    endloop
  endfacet
  facet normal 0.692412 0.166235 -0.702091
    outer loop
      vertex 24.0832 50.6747 1.8
      vertex 22.3901 50.1246 5.72205e-07
      vertex 22.2633 50.6527 5.72205e-07
    endloop
  endfacet
  facet normal 0.657916 0.272433 -0.702088
    outer loop
      vertex 22.598 49.6227 5.72205e-07
      vertex 24.1853 50.4282 1.8
      vertex 22.5991 49.62 5.72205e-07
    endloop
  endfacet
  facet normal 0.657883 0.272503 -0.702091
    outer loop
      vertex 24.1853 50.4282 1.8
      vertex 22.598 49.6227 5.72205e-07
      vertex 24.0832 50.6747 1.8
    endloop
  endfacet
  facet normal 0.541475 -0.462463 -0.702091
    outer loop
      vertex 23.2372 53.6587 5.72205e-07
      vertex 24.3247 52.1992 1.8
      vertex 22.8844 53.2456 5.72205e-07
    endloop
  endfacet
  facet normal 0.607153 -0.372066 -0.702091
    outer loop
      vertex 22.8829 53.2431 5.72205e-07
      vertex 24.3247 52.1992 1.8
      vertex 24.1853 51.9718 1.8
    endloop
  endfacet
  facet normal 0.607103 -0.37214 -0.702095
    outer loop
      vertex 24.3247 52.1992 1.8
      vertex 22.8829 53.2431 5.72205e-07
      vertex 22.8844 53.2456 5.72205e-07
    endloop
  endfacet
  facet normal -0.0556075 0.709923 -0.702081
    outer loop
      vertex 26.2415 47.7624 5.72205e-07
      vertex 25.9659 49.5209 1.8
      vertex 26.2444 47.7626 5.72205e-07
    endloop
  endfacet
  facet normal -0.0558736 0.709891 -0.702091
    outer loop
      vertex 25.9659 49.5209 1.8
      vertex 26.2415 47.7624 5.72205e-07
      vertex 25.7 49.5 1.8
    endloop
  endfacet
  facet normal -0.272505 0.657882 -0.702091
    outer loop
      vertex 27.2773 48.098 5.72205e-07
      vertex 26.7754 47.8901 5.72205e-07
      vertex 26.2253 49.5832 1.8
    endloop
  endfacet
  facet normal -0.462354 0.541576 -0.702086
    outer loop
      vertex 28.1587 48.7372 5.72205e-07
      vertex 26.9021 49.9979 1.8
      vertex 28.1609 48.7391 5.72205e-07
    endloop
  endfacet
  facet normal -0.462465 0.541474 -0.702091
    outer loop
      vertex 26.9021 49.9979 1.8
      vertex 28.1587 48.7372 5.72205e-07
      vertex 26.6992 49.8247 1.8
    endloop
  endfacet
  facet normal -0.54178 0.462133 -0.702074
    outer loop
      vertex 26.9021 49.9979 1.8
      vertex 28.1628 48.7413 5.72205e-07
      vertex 28.1609 48.7391 5.72205e-07
    endloop
  endfacet
  facet normal -0.541474 0.462465 -0.702091
    outer loop
      vertex 28.1628 48.7413 5.72205e-07
      vertex 26.9021 49.9979 1.8
      vertex 27.0753 50.2008 1.8
    endloop
  endfacet
  facet normal -0.607154 0.372065 -0.702091
    outer loop
      vertex 28.8009 49.62 5.72205e-07
      vertex 28.5171 49.1569 5.72205e-07
      vertex 27.2147 50.4282 1.8
    endloop
  endfacet
  facet normal -0.692384 0.166376 -0.702085
    outer loop
      vertex 29.1367 50.6527 5.72205e-07
      vertex 27.3791 50.9341 1.8
      vertex 29.1374 50.6556 5.72205e-07
    endloop
  endfacet
  facet normal -0.692412 0.166235 -0.702091
    outer loop
      vertex 27.3791 50.9341 1.8
      vertex 29.1367 50.6527 5.72205e-07
      vertex 27.3168 50.6747 1.8
    endloop
  endfacet
  facet normal 0.54178 0.462133 -0.702074
    outer loop
      vertex 23.2372 48.7413 5.72205e-07
      vertex 24.4979 49.9979 1.8
      vertex 23.2391 48.7391 5.72205e-07
    endloop
  endfacet
  facet normal 0.541477 0.462462 -0.702091
    outer loop
      vertex 24.4979 49.9979 1.8
      vertex 23.2372 48.7413 5.72205e-07
      vertex 24.3247 50.2008 1.8
    endloop
  endfacet
  facet normal 0.462465 0.541474 -0.702091
    outer loop
      vertex 23.2413 48.7372 5.72205e-07
      vertex 24.4979 49.9979 1.8
      vertex 24.7008 49.8247 1.8
    endloop
  endfacet
  facet normal 0.462354 0.541576 -0.702086
    outer loop
      vertex 24.4979 49.9979 1.8
      vertex 23.2413 48.7372 5.72205e-07
      vertex 23.2391 48.7391 5.72205e-07
    endloop
  endfacet
  facet normal 0.372063 0.607155 -0.702091
    outer loop
      vertex 23.6569 48.3829 5.72205e-07
      vertex 24.7008 49.8247 1.8
      vertex 24.9282 49.6853 1.8
    endloop
  endfacet
  facet normal 0.372469 0.606884 -0.70211
    outer loop
      vertex 24.7008 49.8247 1.8
      vertex 23.6569 48.3829 5.72205e-07
      vertex 23.6544 48.3844 5.72205e-07
    endloop
  endfacet
  facet normal 0.372064 0.607154 -0.702091
    outer loop
      vertex 24.9282 49.6853 1.8
      vertex 24.12 48.0991 5.72205e-07
      vertex 23.6569 48.3829 5.72205e-07
    endloop
  endfacet
  facet normal 0.272505 0.657882 -0.702091
    outer loop
      vertex 24.1227 48.098 5.72205e-07
      vertex 24.9282 49.6853 1.8
      vertex 25.1747 49.5832 1.8
    endloop
  endfacet
  facet normal 0.272433 0.657915 -0.702088
    outer loop
      vertex 24.9282 49.6853 1.8
      vertex 24.1227 48.098 5.72205e-07
      vertex 24.12 48.0991 5.72205e-07
    endloop
  endfacet
  facet normal 0.709891 0.0558736 -0.702091
    outer loop
      vertex 24.0209 50.9341 1.8
      vertex 22.2624 50.6585 5.72205e-07
      vertex 24 51.2 1.8
    endloop
  endfacet
  facet normal 0.709869 0.0560667 -0.702099
    outer loop
      vertex 22.2624 50.6585 5.72205e-07
      vertex 24.0209 50.9341 1.8
      vertex 22.2626 50.6556 5.72205e-07
    endloop
  endfacet
  facet normal 0.692413 0.16623 -0.702091
    outer loop
      vertex 22.2633 50.6527 5.72205e-07
      vertex 24.0209 50.9341 1.8
      vertex 24.0832 50.6747 1.8
    endloop
  endfacet
  facet normal 0.692472 0.165934 -0.702103
    outer loop
      vertex 24.0209 50.9341 1.8
      vertex 22.2633 50.6527 5.72205e-07
      vertex 22.2626 50.6556 5.72205e-07
    endloop
  endfacet
  facet normal 0.657883 0.272504 -0.702091
    outer loop
      vertex 24.0832 50.6747 1.8
      vertex 22.598 49.6227 5.72205e-07
      vertex 22.3901 50.1246 5.72205e-07
    endloop
  endfacet
  facet normal -0.166712 0.692316 -0.702072
    outer loop
      vertex 25.9659 49.5209 1.8
      vertex 26.2473 47.7633 5.72205e-07
      vertex 26.2444 47.7626 5.72205e-07
    endloop
  endfacet
  facet normal -0.166236 0.692412 -0.702091
    outer loop
      vertex 26.2473 47.7633 5.72205e-07
      vertex 25.9659 49.5209 1.8
      vertex 26.2253 49.5832 1.8
    endloop
  endfacet
  facet normal -0.166231 0.692412 -0.702091
    outer loop
      vertex 26.7754 47.8901 5.72205e-07
      vertex 26.2473 47.7633 5.72205e-07
      vertex 26.2253 49.5832 1.8
    endloop
  endfacet
  facet normal -0.541473 0.462466 -0.702091
    outer loop
      vertex 28.5156 49.1544 5.72205e-07
      vertex 28.1628 48.7413 5.72205e-07
      vertex 27.0753 50.2008 1.8
    endloop
  endfacet
  facet normal -0.607372 0.371738 -0.702076
    outer loop
      vertex 27.0753 50.2008 1.8
      vertex 28.5171 49.1569 5.72205e-07
      vertex 28.5156 49.1544 5.72205e-07
    endloop
  endfacet
  facet normal -0.607152 0.372067 -0.702091
    outer loop
      vertex 28.5171 49.1569 5.72205e-07
      vertex 27.0753 50.2008 1.8
      vertex 27.2147 50.4282 1.8
    endloop
  endfacet
  facet normal -0.996917 0.0784646 0
    outer loop
      vertex 50.3791 50.9341 1.8
      vertex 50.4 51.2 2.8
      vertex 50.4 51.2 1.8
    endloop
  endfacet
  facet normal -0.996917 0.0784646 0
    outer loop
      vertex 50.4 51.2 2.8
      vertex 50.3791 50.9341 1.8
      vertex 50.3791 50.9341 2.8
    endloop
  endfacet
  facet normal 0.996917 0.0784646 0
    outer loop
      vertex 47.0209 50.9341 2.8
      vertex 47 51.2 1.8
      vertex 47 51.2 2.8
    endloop
  endfacet
  facet normal 0.996917 0.0784646 0
    outer loop
      vertex 47 51.2 1.8
      vertex 47.0209 50.9341 2.8
      vertex 47.0209 50.9341 1.8
    endloop
  endfacet
  facet normal -0.0784646 0.996917 0
    outer loop
      vertex 48.9659 49.5209 1.8
      vertex 48.7 49.5 2.8
      vertex 48.9659 49.5209 2.8
    endloop
  endfacet
  facet normal -0.0784646 0.996917 0
    outer loop
      vertex 48.7 49.5 2.8
      vertex 48.9659 49.5209 1.8
      vertex 48.7 49.5 1.8
    endloop
  endfacet
  facet normal 0.0784646 -0.996917 0
    outer loop
      vertex 48.4341 52.8791 1.8
      vertex 48.7 52.9 2.8
      vertex 48.4341 52.8791 2.8
    endloop
  endfacet
  facet normal 0.0784646 -0.996917 0
    outer loop
      vertex 48.7 52.9 2.8
      vertex 48.4341 52.8791 1.8
      vertex 48.7 52.9 1.8
    endloop
  endfacet
  facet normal 0.760404 -0.64945 0
    outer loop
      vertex 47.3247 52.1992 2.8
      vertex 47.4979 52.4021 1.8
      vertex 47.4979 52.4021 2.8
    endloop
  endfacet
  facet normal 0.760404 -0.64945 0
    outer loop
      vertex 47.4979 52.4021 1.8
      vertex 47.3247 52.1992 2.8
      vertex 47.3247 52.1992 1.8
    endloop
  endfacet
  facet normal -0.760404 0.64945 0
    outer loop
      vertex 49.9021 49.9979 1.8
      vertex 50.0753 50.2008 2.8
      vertex 50.0753 50.2008 1.8
    endloop
  endfacet
  facet normal -0.760404 0.64945 0
    outer loop
      vertex 50.0753 50.2008 2.8
      vertex 49.9021 49.9979 1.8
      vertex 49.9021 49.9979 2.8
    endloop
  endfacet
  facet normal 0.64945 0.760404 -0
    outer loop
      vertex 47.7008 49.8247 1.8
      vertex 47.4979 49.9979 2.8
      vertex 47.7008 49.8247 2.8
    endloop
  endfacet
  facet normal 0.64945 0.760404 0
    outer loop
      vertex 47.4979 49.9979 2.8
      vertex 47.7008 49.8247 1.8
      vertex 47.4979 49.9979 1.8
    endloop
  endfacet
  facet normal 0.382682 0.92388 -0
    outer loop
      vertex 48.1747 49.5832 1.8
      vertex 47.9282 49.6853 2.8
      vertex 48.1747 49.5832 2.8
    endloop
  endfacet
  facet normal 0.382682 0.92388 0
    outer loop
      vertex 47.9282 49.6853 2.8
      vertex 48.1747 49.5832 1.8
      vertex 47.9282 49.6853 1.8
    endloop
  endfacet
  facet normal -0.852642 -0.522496 0
    outer loop
      vertex 50.2147 51.9718 1.8
      vertex 50.0753 52.1992 2.8
      vertex 50.0753 52.1992 1.8
    endloop
  endfacet
  facet normal -0.852642 -0.522496 0
    outer loop
      vertex 50.0753 52.1992 2.8
      vertex 50.2147 51.9718 1.8
      vertex 50.2147 51.9718 2.8
    endloop
  endfacet
  facet normal -0.92388 0.382682 0
    outer loop
      vertex 50.2147 50.4282 1.8
      vertex 50.3168 50.6747 2.8
      vertex 50.3168 50.6747 1.8
    endloop
  endfacet
  facet normal -0.92388 0.382682 0
    outer loop
      vertex 50.3168 50.6747 2.8
      vertex 50.2147 50.4282 1.8
      vertex 50.2147 50.4282 2.8
    endloop
  endfacet
  facet normal -0.97237 0.233447 0
    outer loop
      vertex 50.3168 50.6747 1.8
      vertex 50.3791 50.9341 2.8
      vertex 50.3791 50.9341 1.8
    endloop
  endfacet
  facet normal -0.97237 0.233447 0
    outer loop
      vertex 50.3791 50.9341 2.8
      vertex 50.3168 50.6747 1.8
      vertex 50.3168 50.6747 2.8
    endloop
  endfacet
  facet normal -0.852638 0.522502 0
    outer loop
      vertex 50.0753 50.2008 1.8
      vertex 50.2147 50.4282 2.8
      vertex 50.2147 50.4282 1.8
    endloop
  endfacet
  facet normal -0.852638 0.522502 0
    outer loop
      vertex 50.2147 50.4282 2.8
      vertex 50.0753 50.2008 1.8
      vertex 50.0753 50.2008 2.8
    endloop
  endfacet
  facet normal -0.522496 0.852642 0
    outer loop
      vertex 49.6992 49.8247 1.8
      vertex 49.4718 49.6853 2.8
      vertex 49.6992 49.8247 2.8
    endloop
  endfacet
  facet normal -0.522496 0.852642 0
    outer loop
      vertex 49.4718 49.6853 2.8
      vertex 49.6992 49.8247 1.8
      vertex 49.4718 49.6853 1.8
    endloop
  endfacet
  facet normal -0.382687 0.923878 0
    outer loop
      vertex 49.4718 49.6853 1.8
      vertex 49.2253 49.5832 2.8
      vertex 49.4718 49.6853 2.8
    endloop
  endfacet
  facet normal -0.382687 0.923878 0
    outer loop
      vertex 49.2253 49.5832 2.8
      vertex 49.4718 49.6853 1.8
      vertex 49.2253 49.5832 1.8
    endloop
  endfacet
  facet normal -0.64945 0.760404 0
    outer loop
      vertex 49.9021 49.9979 1.8
      vertex 49.6992 49.8247 2.8
      vertex 49.9021 49.9979 2.8
    endloop
  endfacet
  facet normal -0.64945 0.760404 0
    outer loop
      vertex 49.6992 49.8247 2.8
      vertex 49.9021 49.9979 1.8
      vertex 49.6992 49.8247 1.8
    endloop
  endfacet
  facet normal 0.852638 0.522502 0
    outer loop
      vertex 47.3247 50.2008 2.8
      vertex 47.1853 50.4282 1.8
      vertex 47.1853 50.4282 2.8
    endloop
  endfacet
  facet normal 0.852638 0.522502 0
    outer loop
      vertex 47.1853 50.4282 1.8
      vertex 47.3247 50.2008 2.8
      vertex 47.3247 50.2008 1.8
    endloop
  endfacet
  facet normal 0.760404 0.64945 0
    outer loop
      vertex 47.4979 49.9979 2.8
      vertex 47.3247 50.2008 1.8
      vertex 47.3247 50.2008 2.8
    endloop
  endfacet
  facet normal 0.760404 0.64945 0
    outer loop
      vertex 47.3247 50.2008 1.8
      vertex 47.4979 49.9979 2.8
      vertex 47.4979 49.9979 1.8
    endloop
  endfacet
  facet normal 0.92388 0.382682 0
    outer loop
      vertex 47.1853 50.4282 2.8
      vertex 47.0832 50.6747 1.8
      vertex 47.0832 50.6747 2.8
    endloop
  endfacet
  facet normal 0.92388 0.382682 0
    outer loop
      vertex 47.0832 50.6747 1.8
      vertex 47.1853 50.4282 2.8
      vertex 47.1853 50.4282 1.8
    endloop
  endfacet
  facet normal 0.522502 0.852638 -0
    outer loop
      vertex 47.9282 49.6853 1.8
      vertex 47.7008 49.8247 2.8
      vertex 47.9282 49.6853 2.8
    endloop
  endfacet
  facet normal 0.522502 0.852638 0
    outer loop
      vertex 47.7008 49.8247 2.8
      vertex 47.9282 49.6853 1.8
      vertex 47.7008 49.8247 1.8
    endloop
  endfacet
  facet normal 0.233447 0.97237 -0
    outer loop
      vertex 48.4341 49.5209 1.8
      vertex 48.1747 49.5832 2.8
      vertex 48.4341 49.5209 2.8
    endloop
  endfacet
  facet normal 0.233447 0.97237 0
    outer loop
      vertex 48.1747 49.5832 2.8
      vertex 48.4341 49.5209 1.8
      vertex 48.1747 49.5832 1.8
    endloop
  endfacet
  facet normal 0.64945 -0.760404 0
    outer loop
      vertex 47.4979 52.4021 1.8
      vertex 47.7008 52.5753 2.8
      vertex 47.4979 52.4021 2.8
    endloop
  endfacet
  facet normal 0.64945 -0.760404 0
    outer loop
      vertex 47.7008 52.5753 2.8
      vertex 47.4979 52.4021 1.8
      vertex 47.7008 52.5753 1.8
    endloop
  endfacet
  facet normal 0.382682 -0.92388 0
    outer loop
      vertex 47.9282 52.7147 1.8
      vertex 48.1747 52.8168 2.8
      vertex 47.9282 52.7147 2.8
    endloop
  endfacet
  facet normal 0.382682 -0.92388 0
    outer loop
      vertex 48.1747 52.8168 2.8
      vertex 47.9282 52.7147 1.8
      vertex 48.1747 52.8168 1.8
    endloop
  endfacet
  facet normal 0.852642 -0.522496 0
    outer loop
      vertex 47.1853 51.9718 2.8
      vertex 47.3247 52.1992 1.8
      vertex 47.3247 52.1992 2.8
    endloop
  endfacet
  facet normal 0.852642 -0.522496 0
    outer loop
      vertex 47.3247 52.1992 1.8
      vertex 47.1853 51.9718 2.8
      vertex 47.1853 51.9718 1.8
    endloop
  endfacet
  facet normal -0.233447 0.97237 0
    outer loop
      vertex 49.2253 49.5832 1.8
      vertex 48.9659 49.5209 2.8
      vertex 49.2253 49.5832 2.8
    endloop
  endfacet
  facet normal -0.233447 0.97237 0
    outer loop
      vertex 48.9659 49.5209 2.8
      vertex 49.2253 49.5832 1.8
      vertex 48.9659 49.5209 1.8
    endloop
  endfacet
  facet normal 0.97237 0.233447 0
    outer loop
      vertex 47.0832 50.6747 2.8
      vertex 47.0209 50.9341 1.8
      vertex 47.0209 50.9341 2.8
    endloop
  endfacet
  facet normal 0.97237 0.233447 0
    outer loop
      vertex 47.0209 50.9341 1.8
      vertex 47.0832 50.6747 2.8
      vertex 47.0832 50.6747 1.8
    endloop
  endfacet
  facet normal 0.0784646 0.996917 -0
    outer loop
      vertex 48.7 49.5 1.8
      vertex 48.4341 49.5209 2.8
      vertex 48.7 49.5 2.8
    endloop
  endfacet
  facet normal 0.0784646 0.996917 0
    outer loop
      vertex 48.4341 49.5209 2.8
      vertex 48.7 49.5 1.8
      vertex 48.4341 49.5209 1.8
    endloop
  endfacet
  facet normal -0.996917 -0.0784646 0
    outer loop
      vertex 50.4 51.2 1.8
      vertex 50.3791 51.4659 2.8
      vertex 50.3791 51.4659 1.8
    endloop
  endfacet
  facet normal -0.996917 -0.0784646 0
    outer loop
      vertex 50.3791 51.4659 2.8
      vertex 50.4 51.2 1.8
      vertex 50.4 51.2 2.8
    endloop
  endfacet
  facet normal -0.0784646 -0.996917 0
    outer loop
      vertex 48.7 52.9 1.8
      vertex 48.9659 52.8791 2.8
      vertex 48.7 52.9 2.8
    endloop
  endfacet
  facet normal -0.0784646 -0.996917 -0
    outer loop
      vertex 48.9659 52.8791 2.8
      vertex 48.7 52.9 1.8
      vertex 48.9659 52.8791 1.8
    endloop
  endfacet
  facet normal -0.382687 -0.923878 0
    outer loop
      vertex 49.2253 52.8168 1.8
      vertex 49.4718 52.7147 2.8
      vertex 49.2253 52.8168 2.8
    endloop
  endfacet
  facet normal -0.382687 -0.923878 -0
    outer loop
      vertex 49.4718 52.7147 2.8
      vertex 49.2253 52.8168 1.8
      vertex 49.4718 52.7147 1.8
    endloop
  endfacet
  facet normal -0.760404 -0.64945 0
    outer loop
      vertex 50.0753 52.1992 1.8
      vertex 49.9021 52.4021 2.8
      vertex 49.9021 52.4021 1.8
    endloop
  endfacet
  facet normal -0.760404 -0.64945 0
    outer loop
      vertex 49.9021 52.4021 2.8
      vertex 50.0753 52.1992 1.8
      vertex 50.0753 52.1992 2.8
    endloop
  endfacet
  facet normal -0.522496 -0.852642 0
    outer loop
      vertex 49.4718 52.7147 1.8
      vertex 49.6992 52.5753 2.8
      vertex 49.4718 52.7147 2.8
    endloop
  endfacet
  facet normal -0.522496 -0.852642 -0
    outer loop
      vertex 49.6992 52.5753 2.8
      vertex 49.4718 52.7147 1.8
      vertex 49.6992 52.5753 1.8
    endloop
  endfacet
  facet normal -0.923878 -0.382687 0
    outer loop
      vertex 50.3168 51.7253 1.8
      vertex 50.2147 51.9718 2.8
      vertex 50.2147 51.9718 1.8
    endloop
  endfacet
  facet normal -0.923878 -0.382687 0
    outer loop
      vertex 50.2147 51.9718 2.8
      vertex 50.3168 51.7253 1.8
      vertex 50.3168 51.7253 2.8
    endloop
  endfacet
  facet normal -0.97237 -0.233447 0
    outer loop
      vertex 50.3791 51.4659 1.8
      vertex 50.3168 51.7253 2.8
      vertex 50.3168 51.7253 1.8
    endloop
  endfacet
  facet normal -0.97237 -0.233447 0
    outer loop
      vertex 50.3168 51.7253 2.8
      vertex 50.3791 51.4659 1.8
      vertex 50.3791 51.4659 2.8
    endloop
  endfacet
  facet normal 0.522502 -0.852638 0
    outer loop
      vertex 47.7008 52.5753 1.8
      vertex 47.9282 52.7147 2.8
      vertex 47.7008 52.5753 2.8
    endloop
  endfacet
  facet normal 0.522502 -0.852638 0
    outer loop
      vertex 47.9282 52.7147 2.8
      vertex 47.7008 52.5753 1.8
      vertex 47.9282 52.7147 1.8
    endloop
  endfacet
  facet normal 0.233447 -0.97237 0
    outer loop
      vertex 48.1747 52.8168 1.8
      vertex 48.4341 52.8791 2.8
      vertex 48.1747 52.8168 2.8
    endloop
  endfacet
  facet normal 0.233447 -0.97237 0
    outer loop
      vertex 48.4341 52.8791 2.8
      vertex 48.1747 52.8168 1.8
      vertex 48.4341 52.8791 1.8
    endloop
  endfacet
  facet normal 0.923878 -0.382687 0
    outer loop
      vertex 47.0832 51.7253 2.8
      vertex 47.1853 51.9718 1.8
      vertex 47.1853 51.9718 2.8
    endloop
  endfacet
  facet normal 0.923878 -0.382687 0
    outer loop
      vertex 47.1853 51.9718 1.8
      vertex 47.0832 51.7253 2.8
      vertex 47.0832 51.7253 1.8
    endloop
  endfacet
  facet normal 0.996917 -0.0784646 0
    outer loop
      vertex 47 51.2 2.8
      vertex 47.0209 51.4659 1.8
      vertex 47.0209 51.4659 2.8
    endloop
  endfacet
  facet normal 0.996917 -0.0784646 0
    outer loop
      vertex 47.0209 51.4659 1.8
      vertex 47 51.2 2.8
      vertex 47 51.2 1.8
    endloop
  endfacet
  facet normal -0.233447 -0.97237 0
    outer loop
      vertex 48.9659 52.8791 1.8
      vertex 49.2253 52.8168 2.8
      vertex 48.9659 52.8791 2.8
    endloop
  endfacet
  facet normal -0.233447 -0.97237 -0
    outer loop
      vertex 49.2253 52.8168 2.8
      vertex 48.9659 52.8791 1.8
      vertex 49.2253 52.8168 1.8
    endloop
  endfacet
  facet normal -0.64945 -0.760404 0
    outer loop
      vertex 49.6992 52.5753 1.8
      vertex 49.9021 52.4021 2.8
      vertex 49.6992 52.5753 2.8
    endloop
  endfacet
  facet normal -0.64945 -0.760404 -0
    outer loop
      vertex 49.9021 52.4021 2.8
      vertex 49.6992 52.5753 1.8
      vertex 49.9021 52.4021 1.8
    endloop
  endfacet
  facet normal 0.97237 -0.233447 0
    outer loop
      vertex 47.0209 51.4659 2.8
      vertex 47.0832 51.7253 1.8
      vertex 47.0832 51.7253 2.8
    endloop
  endfacet
  facet normal 0.97237 -0.233447 0
    outer loop
      vertex 47.0832 51.7253 1.8
      vertex 47.0209 51.4659 2.8
      vertex 47.0209 51.4659 1.8
    endloop
  endfacet
  facet normal -0.0558655 -0.709893 -0.70209
    outer loop
      vertex 49.2415 54.6376 5.72205e-07
      vertex 48.7 52.9 1.8
      vertex 48.7 54.6802 5.72205e-07
    endloop
  endfacet
  facet normal -0.709893 0.0558655 -0.70209
    outer loop
      vertex 52.1802 51.2 5.72205e-07
      vertex 52.1376 50.6585 5.72205e-07
      vertex 50.4 51.2 1.8
    endloop
  endfacet
  facet normal -0.709891 0.0558736 -0.702091
    outer loop
      vertex 52.1376 50.6585 5.72205e-07
      vertex 50.3791 50.9341 1.8
      vertex 50.4 51.2 1.8
    endloop
  endfacet
  facet normal -0.709815 0.0565257 -0.702117
    outer loop
      vertex 50.3791 50.9341 1.8
      vertex 52.1376 50.6585 5.72205e-07
      vertex 52.1374 50.6556 5.72205e-07
    endloop
  endfacet
  facet normal -0.709815 -0.0565257 -0.702117
    outer loop
      vertex 52.1376 51.7415 5.72205e-07
      vertex 50.3791 51.4659 1.8
      vertex 52.1374 51.7444 5.72205e-07
    endloop
  endfacet
  facet normal -0.709891 -0.0558736 -0.702091
    outer loop
      vertex 50.3791 51.4659 1.8
      vertex 52.1376 51.7415 5.72205e-07
      vertex 50.4 51.2 1.8
    endloop
  endfacet
  facet normal 0.692412 -0.166235 -0.702091
    outer loop
      vertex 47.0209 51.4659 1.8
      vertex 45.2633 51.7473 5.72205e-07
      vertex 47.0832 51.7253 1.8
    endloop
  endfacet
  facet normal 0.692295 -0.166818 -0.702068
    outer loop
      vertex 45.2633 51.7473 5.72205e-07
      vertex 47.0209 51.4659 1.8
      vertex 45.2626 51.7444 5.72205e-07
    endloop
  endfacet
  facet normal 0.166818 0.692295 -0.702068
    outer loop
      vertex 48.1527 47.7633 5.72205e-07
      vertex 48.4341 49.5209 1.8
      vertex 48.1556 47.7626 5.72205e-07
    endloop
  endfacet
  facet normal 0.166235 0.692412 -0.702091
    outer loop
      vertex 48.4341 49.5209 1.8
      vertex 48.1527 47.7633 5.72205e-07
      vertex 48.1747 49.5832 1.8
    endloop
  endfacet
  facet normal -0.657884 -0.272501 -0.702091
    outer loop
      vertex 51.802 52.7773 5.72205e-07
      vertex 52.0099 52.2754 5.72205e-07
      vertex 50.3168 51.7253 1.8
    endloop
  endfacet
  facet normal 0.607153 0.372066 -0.702091
    outer loop
      vertex 45.8829 49.1569 5.72205e-07
      vertex 47.3247 50.2008 1.8
      vertex 45.8844 49.1544 5.72205e-07
    endloop
  endfacet
  facet normal 0.607152 0.372067 -0.702091
    outer loop
      vertex 47.3247 50.2008 1.8
      vertex 45.8829 49.1569 5.72205e-07
      vertex 47.1853 50.4282 1.8
    endloop
  endfacet
  facet normal -0.541474 -0.462465 -0.702091
    outer loop
      vertex 49.9021 52.4021 1.8
      vertex 51.1628 53.6587 5.72205e-07
      vertex 50.0753 52.1992 1.8
    endloop
  endfacet
  facet normal -0.540894 -0.463094 -0.702124
    outer loop
      vertex 51.1628 53.6587 5.72205e-07
      vertex 49.9021 52.4021 1.8
      vertex 51.1609 53.6609 5.72205e-07
    endloop
  endfacet
  facet normal -0.709893 -0.0558655 -0.70209
    outer loop
      vertex 52.1376 51.7415 5.72205e-07
      vertex 52.1802 51.2 5.72205e-07
      vertex 50.4 51.2 1.8
    endloop
  endfacet
  facet normal -0.372065 -0.607154 -0.702091
    outer loop
      vertex 50.28 54.3009 5.72205e-07
      vertex 50.7431 54.0171 5.72205e-07
      vertex 49.4718 52.7147 1.8
    endloop
  endfacet
  facet normal 0.462465 -0.541474 -0.702091
    outer loop
      vertex 47.4979 52.4021 1.8
      vertex 46.2413 53.6628 5.72205e-07
      vertex 47.7008 52.5753 1.8
    endloop
  endfacet
  facet normal 0.462651 -0.541302 -0.702101
    outer loop
      vertex 46.2413 53.6628 5.72205e-07
      vertex 47.4979 52.4021 1.8
      vertex 46.2391 53.6609 5.72205e-07
    endloop
  endfacet
  facet normal -0.657881 -0.272507 -0.702092
    outer loop
      vertex 50.2147 51.9718 1.8
      vertex 51.802 52.7773 5.72205e-07
      vertex 50.3168 51.7253 1.8
    endloop
  endfacet
  facet normal -0.657915 -0.272432 -0.702088
    outer loop
      vertex 51.802 52.7773 5.72205e-07
      vertex 50.2147 51.9718 1.8
      vertex 51.8009 52.78 5.72205e-07
    endloop
  endfacet
  facet normal -0.607154 -0.372065 -0.702091
    outer loop
      vertex 51.5171 53.2431 5.72205e-07
      vertex 51.8009 52.78 5.72205e-07
      vertex 50.2147 51.9718 1.8
    endloop
  endfacet
  facet normal -0.462462 -0.541477 -0.702091
    outer loop
      vertex 50.7456 54.0156 5.72205e-07
      vertex 51.1587 53.6628 5.72205e-07
      vertex 49.6992 52.5753 1.8
    endloop
  endfacet
  facet normal -0.372469 -0.606884 -0.70211
    outer loop
      vertex 49.6992 52.5753 1.8
      vertex 50.7431 54.0171 5.72205e-07
      vertex 50.7456 54.0156 5.72205e-07
    endloop
  endfacet
  facet normal -0.372063 -0.607155 -0.702091
    outer loop
      vertex 50.7431 54.0171 5.72205e-07
      vertex 49.6992 52.5753 1.8
      vertex 49.4718 52.7147 1.8
    endloop
  endfacet
  facet normal -0.272501 -0.657884 -0.702091
    outer loop
      vertex 49.7754 54.5099 5.72205e-07
      vertex 50.2773 54.302 5.72205e-07
      vertex 49.2253 52.8168 1.8
    endloop
  endfacet
  facet normal -0.166235 -0.692412 -0.702091
    outer loop
      vertex 48.9659 52.8791 1.8
      vertex 49.2473 54.6367 5.72205e-07
      vertex 49.2253 52.8168 1.8
    endloop
  endfacet
  facet normal -0.165934 -0.692472 -0.702103
    outer loop
      vertex 49.2473 54.6367 5.72205e-07
      vertex 48.9659 52.8791 1.8
      vertex 49.2444 54.6374 5.72205e-07
    endloop
  endfacet
  facet normal -0.166235 -0.692412 -0.702091
    outer loop
      vertex 49.2473 54.6367 5.72205e-07
      vertex 49.7754 54.5099 5.72205e-07
      vertex 49.2253 52.8168 1.8
    endloop
  endfacet
  facet normal -0.0558736 -0.709891 -0.702091
    outer loop
      vertex 49.2415 54.6376 5.72205e-07
      vertex 48.9659 52.8791 1.8
      vertex 48.7 52.9 1.8
    endloop
  endfacet
  facet normal -0.0565257 -0.709815 -0.702117
    outer loop
      vertex 48.9659 52.8791 1.8
      vertex 49.2415 54.6376 5.72205e-07
      vertex 49.2444 54.6374 5.72205e-07
    endloop
  endfacet
  facet normal 0.541474 -0.462465 -0.702091
    outer loop
      vertex 46.2372 53.6587 5.72205e-07
      vertex 47.4979 52.4021 1.8
      vertex 47.3247 52.1992 1.8
    endloop
  endfacet
  facet normal 0.541371 -0.462576 -0.702097
    outer loop
      vertex 47.4979 52.4021 1.8
      vertex 46.2372 53.6587 5.72205e-07
      vertex 46.2391 53.6609 5.72205e-07
    endloop
  endfacet
  facet normal -0.372065 0.607154 -0.702091
    outer loop
      vertex 50.7431 48.3829 5.72205e-07
      vertex 50.28 48.0991 5.72205e-07
      vertex 49.4718 49.6853 1.8
    endloop
  endfacet
  facet normal -0.372469 0.606884 -0.70211
    outer loop
      vertex 50.7431 48.3829 5.72205e-07
      vertex 49.6992 49.8247 1.8
      vertex 50.7456 48.3844 5.72205e-07
    endloop
  endfacet
  facet normal -0.372063 0.607155 -0.702091
    outer loop
      vertex 49.6992 49.8247 1.8
      vertex 50.7431 48.3829 5.72205e-07
      vertex 49.4718 49.6853 1.8
    endloop
  endfacet
  facet normal -0.462462 0.541477 -0.702091
    outer loop
      vertex 51.1587 48.7372 5.72205e-07
      vertex 50.7456 48.3844 5.72205e-07
      vertex 49.6992 49.8247 1.8
    endloop
  endfacet
  facet normal 0.541474 0.462464 -0.702091
    outer loop
      vertex 47.3247 50.2008 1.8
      vertex 46.2372 48.7413 5.72205e-07
      vertex 45.8844 49.1544 5.72205e-07
    endloop
  endfacet
  facet normal 0.709923 -0.0556075 -0.702081
    outer loop
      vertex 47.0209 51.4659 1.8
      vertex 45.2624 51.7415 5.72205e-07
      vertex 45.2626 51.7444 5.72205e-07
    endloop
  endfacet
  facet normal 0.709891 -0.0558736 -0.702091
    outer loop
      vertex 45.2624 51.7415 5.72205e-07
      vertex 47.0209 51.4659 1.8
      vertex 47 51.2 1.8
    endloop
  endfacet
  facet normal -0.692472 -0.165934 -0.702103
    outer loop
      vertex 50.3791 51.4659 1.8
      vertex 52.1367 51.7473 5.72205e-07
      vertex 52.1374 51.7444 5.72205e-07
    endloop
  endfacet
  facet normal -0.692412 -0.166235 -0.702091
    outer loop
      vertex 52.1367 51.7473 5.72205e-07
      vertex 50.3791 51.4659 1.8
      vertex 50.3168 51.7253 1.8
    endloop
  endfacet
  facet normal -0.692412 -0.166235 -0.702091
    outer loop
      vertex 52.0099 52.2754 5.72205e-07
      vertex 52.1367 51.7473 5.72205e-07
      vertex 50.3168 51.7253 1.8
    endloop
  endfacet
  facet normal -0.607155 -0.372063 -0.702091
    outer loop
      vertex 50.0753 52.1992 1.8
      vertex 51.5171 53.2431 5.72205e-07
      vertex 50.2147 51.9718 1.8
    endloop
  endfacet
  facet normal -0.606884 -0.372469 -0.70211
    outer loop
      vertex 51.5171 53.2431 5.72205e-07
      vertex 50.0753 52.1992 1.8
      vertex 51.5156 53.2456 5.72205e-07
    endloop
  endfacet
  facet normal -0.541477 -0.462462 -0.702091
    outer loop
      vertex 51.1628 53.6587 5.72205e-07
      vertex 51.5156 53.2456 5.72205e-07
      vertex 50.0753 52.1992 1.8
    endloop
  endfacet
  facet normal -0.463094 -0.540894 -0.702124
    outer loop
      vertex 49.9021 52.4021 1.8
      vertex 51.1587 53.6628 5.72205e-07
      vertex 51.1609 53.6609 5.72205e-07
    endloop
  endfacet
  facet normal -0.462465 -0.541474 -0.702091
    outer loop
      vertex 51.1587 53.6628 5.72205e-07
      vertex 49.9021 52.4021 1.8
      vertex 49.6992 52.5753 1.8
    endloop
  endfacet
  facet normal -0.272432 -0.657915 -0.702088
    outer loop
      vertex 49.4718 52.7147 1.8
      vertex 50.2773 54.302 5.72205e-07
      vertex 50.28 54.3009 5.72205e-07
    endloop
  endfacet
  facet normal -0.272507 -0.657881 -0.702092
    outer loop
      vertex 50.2773 54.302 5.72205e-07
      vertex 49.4718 52.7147 1.8
      vertex 49.2253 52.8168 1.8
    endloop
  endfacet
  facet normal 0.657882 -0.272505 -0.702091
    outer loop
      vertex 45.598 52.7773 5.72205e-07
      vertex 47.0832 51.7253 1.8
      vertex 45.3901 52.2754 5.72205e-07
    endloop
  endfacet
  facet normal 0.692412 -0.166231 -0.702091
    outer loop
      vertex 45.3901 52.2754 5.72205e-07
      vertex 47.0832 51.7253 1.8
      vertex 45.2633 51.7473 5.72205e-07
    endloop
  endfacet
  facet normal 0.272503 -0.657883 -0.702091
    outer loop
      vertex 47.9282 52.7147 1.8
      vertex 47.1227 54.302 5.72205e-07
      vertex 48.1747 52.8168 1.8
    endloop
  endfacet
  facet normal 0.272433 -0.657915 -0.702088
    outer loop
      vertex 47.1227 54.302 5.72205e-07
      vertex 47.9282 52.7147 1.8
      vertex 47.12 54.3009 5.72205e-07
    endloop
  endfacet
  facet normal 0.462464 -0.541474 -0.702091
    outer loop
      vertex 46.6544 54.0156 5.72205e-07
      vertex 47.7008 52.5753 1.8
      vertex 46.2413 53.6628 5.72205e-07
    endloop
  endfacet
  facet normal 0.166235 -0.692412 -0.702091
    outer loop
      vertex 48.1527 54.6367 5.72205e-07
      vertex 48.4341 52.8791 1.8
      vertex 48.1747 52.8168 1.8
    endloop
  endfacet
  facet normal 0.165934 -0.692472 -0.702103
    outer loop
      vertex 48.4341 52.8791 1.8
      vertex 48.1527 54.6367 5.72205e-07
      vertex 48.1556 54.6374 5.72205e-07
    endloop
  endfacet
  facet normal 0.0558655 -0.709893 -0.70209
    outer loop
      vertex 48.7 54.6802 5.72205e-07
      vertex 48.7 52.9 1.8
      vertex 48.1585 54.6376 5.72205e-07
    endloop
  endfacet
  facet normal 0.0558736 0.709891 -0.702091
    outer loop
      vertex 48.1585 47.7624 5.72205e-07
      vertex 48.4341 49.5209 1.8
      vertex 48.7 49.5 1.8
    endloop
  endfacet
  facet normal 0.0556075 0.709923 -0.702081
    outer loop
      vertex 48.4341 49.5209 1.8
      vertex 48.1585 47.7624 5.72205e-07
      vertex 48.1556 47.7626 5.72205e-07
    endloop
  endfacet
  facet normal 0.0558704 0.709892 -0.702091
    outer loop
      vertex 48.7 49.5 1.8
      vertex 48.7 47.7198 5.72205e-07
      vertex 48.1585 47.7624 5.72205e-07
    endloop
  endfacet
  facet normal -0.657915 0.272433 -0.702088
    outer loop
      vertex 50.2147 50.4282 1.8
      vertex 51.802 49.6227 5.72205e-07
      vertex 51.8009 49.62 5.72205e-07
    endloop
  endfacet
  facet normal -0.657883 0.272503 -0.702091
    outer loop
      vertex 51.802 49.6227 5.72205e-07
      vertex 50.2147 50.4282 1.8
      vertex 50.3168 50.6747 1.8
    endloop
  endfacet
  facet normal 0.272505 0.657882 -0.702091
    outer loop
      vertex 48.1747 49.5832 1.8
      vertex 47.6246 47.8901 5.72205e-07
      vertex 47.1227 48.098 5.72205e-07
    endloop
  endfacet
  facet normal 0.166231 0.692412 -0.702091
    outer loop
      vertex 48.1747 49.5832 1.8
      vertex 48.1527 47.7633 5.72205e-07
      vertex 47.6246 47.8901 5.72205e-07
    endloop
  endfacet
  facet normal 0.607154 0.372065 -0.702091
    outer loop
      vertex 47.1853 50.4282 1.8
      vertex 45.8829 49.1569 5.72205e-07
      vertex 45.5991 49.62 5.72205e-07
    endloop
  endfacet
  facet normal 0.709892 0.0558704 -0.702091
    outer loop
      vertex 47 51.2 1.8
      vertex 45.2624 50.6585 5.72205e-07
      vertex 45.2198 51.2 5.72205e-07
    endloop
  endfacet
  facet normal 0.709892 -0.0558704 -0.702091
    outer loop
      vertex 45.2624 51.7415 5.72205e-07
      vertex 47 51.2 1.8
      vertex 45.2198 51.2 5.72205e-07
    endloop
  endfacet
  facet normal 0.607154 -0.372065 -0.702091
    outer loop
      vertex 45.8829 53.2431 5.72205e-07
      vertex 47.1853 51.9718 1.8
      vertex 45.5991 52.78 5.72205e-07
    endloop
  endfacet
  facet normal 0.657881 -0.272507 -0.702092
    outer loop
      vertex 45.598 52.7773 5.72205e-07
      vertex 47.1853 51.9718 1.8
      vertex 47.0832 51.7253 1.8
    endloop
  endfacet
  facet normal 0.657915 -0.272432 -0.702088
    outer loop
      vertex 47.1853 51.9718 1.8
      vertex 45.598 52.7773 5.72205e-07
      vertex 45.5991 52.78 5.72205e-07
    endloop
  endfacet
  facet normal 0.372065 -0.607154 -0.702091
    outer loop
      vertex 47.12 54.3009 5.72205e-07
      vertex 47.9282 52.7147 1.8
      vertex 46.6569 54.0171 5.72205e-07
    endloop
  endfacet
  facet normal 0.372067 -0.607152 -0.702091
    outer loop
      vertex 47.7008 52.5753 1.8
      vertex 46.6569 54.0171 5.72205e-07
      vertex 47.9282 52.7147 1.8
    endloop
  endfacet
  facet normal 0.372066 -0.607153 -0.702091
    outer loop
      vertex 46.6569 54.0171 5.72205e-07
      vertex 47.7008 52.5753 1.8
      vertex 46.6544 54.0156 5.72205e-07
    endloop
  endfacet
  facet normal 0.272501 -0.657884 -0.702091
    outer loop
      vertex 47.6246 54.5099 5.72205e-07
      vertex 48.1747 52.8168 1.8
      vertex 47.1227 54.302 5.72205e-07
    endloop
  endfacet
  facet normal 0.166235 -0.692412 -0.702091
    outer loop
      vertex 48.1527 54.6367 5.72205e-07
      vertex 48.1747 52.8168 1.8
      vertex 47.6246 54.5099 5.72205e-07
    endloop
  endfacet
  facet normal 0.0565257 -0.709815 -0.702117
    outer loop
      vertex 48.1585 54.6376 5.72205e-07
      vertex 48.4341 52.8791 1.8
      vertex 48.1556 54.6374 5.72205e-07
    endloop
  endfacet
  facet normal 0.0558736 -0.709891 -0.702091
    outer loop
      vertex 48.4341 52.8791 1.8
      vertex 48.1585 54.6376 5.72205e-07
      vertex 48.7 52.9 1.8
    endloop
  endfacet
  facet normal -0.272432 0.657915 -0.702088
    outer loop
      vertex 50.2773 48.098 5.72205e-07
      vertex 49.4718 49.6853 1.8
      vertex 50.28 48.0991 5.72205e-07
    endloop
  endfacet
  facet normal -0.272507 0.657881 -0.702092
    outer loop
      vertex 49.4718 49.6853 1.8
      vertex 50.2773 48.098 5.72205e-07
      vertex 49.2253 49.5832 1.8
    endloop
  endfacet
  facet normal -0.0558704 0.709892 -0.702091
    outer loop
      vertex 49.2415 47.7624 5.72205e-07
      vertex 48.7 47.7198 5.72205e-07
      vertex 48.7 49.5 1.8
    endloop
  endfacet
  facet normal -0.692412 0.166235 -0.702091
    outer loop
      vertex 52.1367 50.6527 5.72205e-07
      vertex 52.0099 50.1246 5.72205e-07
      vertex 50.3168 50.6747 1.8
    endloop
  endfacet
  facet normal -0.657884 0.272501 -0.702091
    outer loop
      vertex 52.0099 50.1246 5.72205e-07
      vertex 51.802 49.6227 5.72205e-07
      vertex 50.3168 50.6747 1.8
    endloop
  endfacet
  facet normal 0.462464 0.541474 -0.702091
    outer loop
      vertex 47.7008 49.8247 1.8
      vertex 46.6544 48.3844 5.72205e-07
      vertex 46.2413 48.7372 5.72205e-07
    endloop
  endfacet
  facet normal 0.692412 0.166231 -0.702091
    outer loop
      vertex 47.0832 50.6747 1.8
      vertex 45.3901 50.1246 5.72205e-07
      vertex 45.2633 50.6527 5.72205e-07
    endloop
  endfacet
  facet normal 0.657915 0.272433 -0.702088
    outer loop
      vertex 45.598 49.6227 5.72205e-07
      vertex 47.1853 50.4282 1.8
      vertex 45.5991 49.62 5.72205e-07
    endloop
  endfacet
  facet normal 0.657883 0.272503 -0.702091
    outer loop
      vertex 47.1853 50.4282 1.8
      vertex 45.598 49.6227 5.72205e-07
      vertex 47.0832 50.6747 1.8
    endloop
  endfacet
  facet normal 0.541477 -0.462462 -0.702091
    outer loop
      vertex 46.2372 53.6587 5.72205e-07
      vertex 47.3247 52.1992 1.8
      vertex 45.8844 53.2456 5.72205e-07
    endloop
  endfacet
  facet normal 0.607155 -0.372063 -0.702091
    outer loop
      vertex 45.8829 53.2431 5.72205e-07
      vertex 47.3247 52.1992 1.8
      vertex 47.1853 51.9718 1.8
    endloop
  endfacet
  facet normal 0.606884 -0.372469 -0.70211
    outer loop
      vertex 47.3247 52.1992 1.8
      vertex 45.8829 53.2431 5.72205e-07
      vertex 45.8844 53.2456 5.72205e-07
    endloop
  endfacet
  facet normal -0.0556075 0.709923 -0.702081
    outer loop
      vertex 49.2415 47.7624 5.72205e-07
      vertex 48.9659 49.5209 1.8
      vertex 49.2444 47.7626 5.72205e-07
    endloop
  endfacet
  facet normal -0.0558736 0.709891 -0.702091
    outer loop
      vertex 48.9659 49.5209 1.8
      vertex 49.2415 47.7624 5.72205e-07
      vertex 48.7 49.5 1.8
    endloop
  endfacet
  facet normal -0.272505 0.657882 -0.702091
    outer loop
      vertex 50.2773 48.098 5.72205e-07
      vertex 49.7754 47.8901 5.72205e-07
      vertex 49.2253 49.5832 1.8
    endloop
  endfacet
  facet normal -0.462576 0.541371 -0.702097
    outer loop
      vertex 51.1587 48.7372 5.72205e-07
      vertex 49.9021 49.9979 1.8
      vertex 51.1609 48.7391 5.72205e-07
    endloop
  endfacet
  facet normal -0.462465 0.541474 -0.702091
    outer loop
      vertex 49.9021 49.9979 1.8
      vertex 51.1587 48.7372 5.72205e-07
      vertex 49.6992 49.8247 1.8
    endloop
  endfacet
  facet normal -0.541302 0.462651 -0.702101
    outer loop
      vertex 49.9021 49.9979 1.8
      vertex 51.1628 48.7413 5.72205e-07
      vertex 51.1609 48.7391 5.72205e-07
    endloop
  endfacet
  facet normal -0.541474 0.462465 -0.702091
    outer loop
      vertex 51.1628 48.7413 5.72205e-07
      vertex 49.9021 49.9979 1.8
      vertex 50.0753 50.2008 1.8
    endloop
  endfacet
  facet normal -0.607154 0.372065 -0.702091
    outer loop
      vertex 51.8009 49.62 5.72205e-07
      vertex 51.5171 49.1569 5.72205e-07
      vertex 50.2147 50.4282 1.8
    endloop
  endfacet
  facet normal -0.692472 0.165934 -0.702103
    outer loop
      vertex 52.1367 50.6527 5.72205e-07
      vertex 50.3791 50.9341 1.8
      vertex 52.1374 50.6556 5.72205e-07
    endloop
  endfacet
  facet normal -0.692412 0.166235 -0.702091
    outer loop
      vertex 50.3791 50.9341 1.8
      vertex 52.1367 50.6527 5.72205e-07
      vertex 50.3168 50.6747 1.8
    endloop
  endfacet
  facet normal 0.541779 0.462133 -0.702074
    outer loop
      vertex 46.2372 48.7413 5.72205e-07
      vertex 47.4979 49.9979 1.8
      vertex 46.2391 48.7391 5.72205e-07
    endloop
  endfacet
  facet normal 0.541474 0.462465 -0.702091
    outer loop
      vertex 47.4979 49.9979 1.8
      vertex 46.2372 48.7413 5.72205e-07
      vertex 47.3247 50.2008 1.8
    endloop
  endfacet
  facet normal 0.462465 0.541474 -0.702091
    outer loop
      vertex 46.2413 48.7372 5.72205e-07
      vertex 47.4979 49.9979 1.8
      vertex 47.7008 49.8247 1.8
    endloop
  endfacet
  facet normal 0.462133 0.541779 -0.702074
    outer loop
      vertex 47.4979 49.9979 1.8
      vertex 46.2413 48.7372 5.72205e-07
      vertex 46.2391 48.7391 5.72205e-07
    endloop
  endfacet
  facet normal 0.372067 0.607152 -0.702091
    outer loop
      vertex 46.6569 48.3829 5.72205e-07
      vertex 47.7008 49.8247 1.8
      vertex 47.9282 49.6853 1.8
    endloop
  endfacet
  facet normal 0.372066 0.607153 -0.702091
    outer loop
      vertex 47.7008 49.8247 1.8
      vertex 46.6569 48.3829 5.72205e-07
      vertex 46.6544 48.3844 5.72205e-07
    endloop
  endfacet
  facet normal 0.372065 0.607154 -0.702091
    outer loop
      vertex 47.9282 49.6853 1.8
      vertex 47.12 48.0991 5.72205e-07
      vertex 46.6569 48.3829 5.72205e-07
    endloop
  endfacet
  facet normal 0.272503 0.657883 -0.702091
    outer loop
      vertex 47.1227 48.098 5.72205e-07
      vertex 47.9282 49.6853 1.8
      vertex 48.1747 49.5832 1.8
    endloop
  endfacet
  facet normal 0.272433 0.657915 -0.702088
    outer loop
      vertex 47.9282 49.6853 1.8
      vertex 47.1227 48.098 5.72205e-07
      vertex 47.12 48.0991 5.72205e-07
    endloop
  endfacet
  facet normal 0.709891 0.0558736 -0.702091
    outer loop
      vertex 47.0209 50.9341 1.8
      vertex 45.2624 50.6585 5.72205e-07
      vertex 47 51.2 1.8
    endloop
  endfacet
  facet normal 0.709923 0.0556075 -0.702081
    outer loop
      vertex 45.2624 50.6585 5.72205e-07
      vertex 47.0209 50.9341 1.8
      vertex 45.2626 50.6556 5.72205e-07
    endloop
  endfacet
  facet normal 0.692412 0.166235 -0.702091
    outer loop
      vertex 45.2633 50.6527 5.72205e-07
      vertex 47.0209 50.9341 1.8
      vertex 47.0832 50.6747 1.8
    endloop
  endfacet
  facet normal 0.692295 0.166818 -0.702068
    outer loop
      vertex 47.0209 50.9341 1.8
      vertex 45.2633 50.6527 5.72205e-07
      vertex 45.2626 50.6556 5.72205e-07
    endloop
  endfacet
  facet normal 0.657882 0.272505 -0.702091
    outer loop
      vertex 47.0832 50.6747 1.8
      vertex 45.598 49.6227 5.72205e-07
      vertex 45.3901 50.1246 5.72205e-07
    endloop
  endfacet
  facet normal -0.166818 0.692295 -0.702068
    outer loop
      vertex 48.9659 49.5209 1.8
      vertex 49.2473 47.7633 5.72205e-07
      vertex 49.2444 47.7626 5.72205e-07
    endloop
  endfacet
  facet normal -0.166235 0.692412 -0.702091
    outer loop
      vertex 49.2473 47.7633 5.72205e-07
      vertex 48.9659 49.5209 1.8
      vertex 49.2253 49.5832 1.8
    endloop
  endfacet
  facet normal -0.166231 0.692412 -0.702091
    outer loop
      vertex 49.7754 47.8901 5.72205e-07
      vertex 49.2473 47.7633 5.72205e-07
      vertex 49.2253 49.5832 1.8
    endloop
  endfacet
  facet normal -0.541474 0.462464 -0.702091
    outer loop
      vertex 51.5156 49.1544 5.72205e-07
      vertex 51.1628 48.7413 5.72205e-07
      vertex 50.0753 50.2008 1.8
    endloop
  endfacet
  facet normal -0.607153 0.372066 -0.702091
    outer loop
      vertex 50.0753 50.2008 1.8
      vertex 51.5171 49.1569 5.72205e-07
      vertex 51.5156 49.1544 5.72205e-07
    endloop
  endfacet
  facet normal -0.607152 0.372067 -0.702091
    outer loop
      vertex 51.5171 49.1569 5.72205e-07
      vertex 50.0753 50.2008 1.8
      vertex 50.2147 50.4282 1.8
    endloop
  endfacet
  facet normal -0.996917 0.0784575 0
    outer loop
      vertex 27.3791 6.73406 1.8
      vertex 27.4 7 2.8
      vertex 27.4 7 1.8
    endloop
  endfacet
  facet normal -0.996917 0.0784575 0
    outer loop
      vertex 27.4 7 2.8
      vertex 27.3791 6.73406 1.8
      vertex 27.3791 6.73406 2.8
    endloop
  endfacet
  facet normal 0.996917 0.0784646 0
    outer loop
      vertex 24.0209 6.73406 2.8
      vertex 24 7 1.8
      vertex 24 7 2.8
    endloop
  endfacet
  facet normal 0.996917 0.0784646 0
    outer loop
      vertex 24 7 1.8
      vertex 24.0209 6.73406 2.8
      vertex 24.0209 6.73406 1.8
    endloop
  endfacet
  facet normal -0.0784611 0.996917 0
    outer loop
      vertex 25.9659 5.32093 1.8
      vertex 25.7 5.3 2.8
      vertex 25.9659 5.32093 2.8
    endloop
  endfacet
  facet normal -0.0784611 0.996917 0
    outer loop
      vertex 25.7 5.3 2.8
      vertex 25.9659 5.32093 1.8
      vertex 25.7 5.3 1.8
    endloop
  endfacet
  facet normal 0.0784611 -0.996917 0
    outer loop
      vertex 25.4341 8.67907 1.8
      vertex 25.7 8.7 2.8
      vertex 25.4341 8.67907 2.8
    endloop
  endfacet
  facet normal 0.0784611 -0.996917 0
    outer loop
      vertex 25.7 8.7 2.8
      vertex 25.4341 8.67907 1.8
      vertex 25.7 8.7 1.8
    endloop
  endfacet
  facet normal 0.760408 -0.649446 0
    outer loop
      vertex 24.3247 7.99923 2.8
      vertex 24.4979 8.20208 1.8
      vertex 24.4979 8.20208 2.8
    endloop
  endfacet
  facet normal 0.760408 -0.649446 0
    outer loop
      vertex 24.4979 8.20208 1.8
      vertex 24.3247 7.99923 2.8
      vertex 24.3247 7.99923 1.8
    endloop
  endfacet
  facet normal -0.760404 0.64945 0
    outer loop
      vertex 26.9021 5.79792 1.8
      vertex 27.0753 6.00077 2.8
      vertex 27.0753 6.00077 1.8
    endloop
  endfacet
  facet normal -0.760404 0.64945 0
    outer loop
      vertex 27.0753 6.00077 2.8
      vertex 26.9021 5.79792 1.8
      vertex 26.9021 5.79792 2.8
    endloop
  endfacet
  facet normal 0.649448 0.760406 -0
    outer loop
      vertex 24.7008 5.62467 1.8
      vertex 24.4979 5.79792 2.8
      vertex 24.7008 5.62467 2.8
    endloop
  endfacet
  facet normal 0.649448 0.760406 0
    outer loop
      vertex 24.4979 5.79792 2.8
      vertex 24.7008 5.62467 1.8
      vertex 24.4979 5.79792 1.8
    endloop
  endfacet
  facet normal 0.382685 0.923879 -0
    outer loop
      vertex 25.1747 5.3832 1.8
      vertex 24.9282 5.48529 2.8
      vertex 25.1747 5.3832 2.8
    endloop
  endfacet
  facet normal 0.382685 0.923879 0
    outer loop
      vertex 24.9282 5.48529 2.8
      vertex 25.1747 5.3832 1.8
      vertex 24.9282 5.48529 1.8
    endloop
  endfacet
  facet normal -0.852641 -0.522498 0
    outer loop
      vertex 27.2147 7.77178 1.8
      vertex 27.0753 7.99923 2.8
      vertex 27.0753 7.99923 1.8
    endloop
  endfacet
  facet normal -0.852641 -0.522498 0
    outer loop
      vertex 27.0753 7.99923 2.8
      vertex 27.2147 7.77178 1.8
      vertex 27.2147 7.77178 2.8
    endloop
  endfacet
  facet normal -0.923879 0.382684 0
    outer loop
      vertex 27.2147 6.22822 1.8
      vertex 27.3168 6.47467 2.8
      vertex 27.3168 6.47467 1.8
    endloop
  endfacet
  facet normal -0.923879 0.382684 0
    outer loop
      vertex 27.3168 6.47467 2.8
      vertex 27.2147 6.22822 1.8
      vertex 27.2147 6.22822 2.8
    endloop
  endfacet
  facet normal -0.972369 0.233448 0
    outer loop
      vertex 27.3168 6.47467 1.8
      vertex 27.3791 6.73406 2.8
      vertex 27.3791 6.73406 1.8
    endloop
  endfacet
  facet normal -0.972369 0.233448 0
    outer loop
      vertex 27.3791 6.73406 2.8
      vertex 27.3168 6.47467 1.8
      vertex 27.3168 6.47467 2.8
    endloop
  endfacet
  facet normal -0.852641 0.522498 0
    outer loop
      vertex 27.0753 6.00077 1.8
      vertex 27.2147 6.22822 2.8
      vertex 27.2147 6.22822 1.8
    endloop
  endfacet
  facet normal -0.852641 0.522498 0
    outer loop
      vertex 27.2147 6.22822 2.8
      vertex 27.0753 6.00077 1.8
      vertex 27.0753 6.00077 2.8
    endloop
  endfacet
  facet normal -0.522502 0.852638 0
    outer loop
      vertex 26.6992 5.62467 1.8
      vertex 26.4718 5.48529 2.8
      vertex 26.6992 5.62467 2.8
    endloop
  endfacet
  facet normal -0.522502 0.852638 0
    outer loop
      vertex 26.4718 5.48529 2.8
      vertex 26.6992 5.62467 1.8
      vertex 26.4718 5.48529 1.8
    endloop
  endfacet
  facet normal -0.382682 0.92388 0
    outer loop
      vertex 26.4718 5.48529 1.8
      vertex 26.2253 5.3832 2.8
      vertex 26.4718 5.48529 2.8
    endloop
  endfacet
  facet normal -0.382682 0.92388 0
    outer loop
      vertex 26.2253 5.3832 2.8
      vertex 26.4718 5.48529 1.8
      vertex 26.2253 5.3832 1.8
    endloop
  endfacet
  facet normal -0.649448 0.760406 0
    outer loop
      vertex 26.9021 5.79792 1.8
      vertex 26.6992 5.62467 2.8
      vertex 26.9021 5.79792 2.8
    endloop
  endfacet
  facet normal -0.649448 0.760406 0
    outer loop
      vertex 26.6992 5.62467 2.8
      vertex 26.9021 5.79792 1.8
      vertex 26.6992 5.62467 1.8
    endloop
  endfacet
  facet normal 0.852638 0.522503 0
    outer loop
      vertex 24.3247 6.00077 2.8
      vertex 24.1853 6.22822 1.8
      vertex 24.1853 6.22822 2.8
    endloop
  endfacet
  facet normal 0.852638 0.522503 0
    outer loop
      vertex 24.1853 6.22822 1.8
      vertex 24.3247 6.00077 2.8
      vertex 24.3247 6.00077 1.8
    endloop
  endfacet
  facet normal 0.760408 0.649446 0
    outer loop
      vertex 24.4979 5.79792 2.8
      vertex 24.3247 6.00077 1.8
      vertex 24.3247 6.00077 2.8
    endloop
  endfacet
  facet normal 0.760408 0.649446 0
    outer loop
      vertex 24.3247 6.00077 1.8
      vertex 24.4979 5.79792 2.8
      vertex 24.4979 5.79792 1.8
    endloop
  endfacet
  facet normal 0.923879 0.382684 0
    outer loop
      vertex 24.1853 6.22822 2.8
      vertex 24.0832 6.47467 1.8
      vertex 24.0832 6.47467 2.8
    endloop
  endfacet
  facet normal 0.923879 0.382684 0
    outer loop
      vertex 24.0832 6.47467 1.8
      vertex 24.1853 6.22822 2.8
      vertex 24.1853 6.22822 1.8
    endloop
  endfacet
  facet normal 0.522499 0.85264 -0
    outer loop
      vertex 24.9282 5.48529 1.8
      vertex 24.7008 5.62467 2.8
      vertex 24.9282 5.48529 2.8
    endloop
  endfacet
  facet normal 0.522499 0.85264 0
    outer loop
      vertex 24.7008 5.62467 2.8
      vertex 24.9282 5.48529 1.8
      vertex 24.7008 5.62467 1.8
    endloop
  endfacet
  facet normal 0.233444 0.97237 -0
    outer loop
      vertex 25.4341 5.32093 1.8
      vertex 25.1747 5.3832 2.8
      vertex 25.4341 5.32093 2.8
    endloop
  endfacet
  facet normal 0.233444 0.97237 0
    outer loop
      vertex 25.1747 5.3832 2.8
      vertex 25.4341 5.32093 1.8
      vertex 25.1747 5.3832 1.8
    endloop
  endfacet
  facet normal 0.649448 -0.760406 0
    outer loop
      vertex 24.4979 8.20208 1.8
      vertex 24.7008 8.37533 2.8
      vertex 24.4979 8.20208 2.8
    endloop
  endfacet
  facet normal 0.649448 -0.760406 0
    outer loop
      vertex 24.7008 8.37533 2.8
      vertex 24.4979 8.20208 1.8
      vertex 24.7008 8.37533 1.8
    endloop
  endfacet
  facet normal 0.382685 -0.923879 0
    outer loop
      vertex 24.9282 8.51471 1.8
      vertex 25.1747 8.6168 2.8
      vertex 24.9282 8.51471 2.8
    endloop
  endfacet
  facet normal 0.382685 -0.923879 0
    outer loop
      vertex 25.1747 8.6168 2.8
      vertex 24.9282 8.51471 1.8
      vertex 25.1747 8.6168 1.8
    endloop
  endfacet
  facet normal 0.852638 -0.522503 0
    outer loop
      vertex 24.1853 7.77178 2.8
      vertex 24.3247 7.99923 1.8
      vertex 24.3247 7.99923 2.8
    endloop
  endfacet
  facet normal 0.852638 -0.522503 0
    outer loop
      vertex 24.3247 7.99923 1.8
      vertex 24.1853 7.77178 2.8
      vertex 24.1853 7.77178 1.8
    endloop
  endfacet
  facet normal -0.233445 0.97237 0
    outer loop
      vertex 26.2253 5.3832 1.8
      vertex 25.9659 5.32093 2.8
      vertex 26.2253 5.3832 2.8
    endloop
  endfacet
  facet normal -0.233445 0.97237 0
    outer loop
      vertex 25.9659 5.32093 2.8
      vertex 26.2253 5.3832 1.8
      vertex 25.9659 5.32093 1.8
    endloop
  endfacet
  facet normal 0.972371 0.233441 0
    outer loop
      vertex 24.0832 6.47467 2.8
      vertex 24.0209 6.73406 1.8
      vertex 24.0209 6.73406 2.8
    endloop
  endfacet
  facet normal 0.972371 0.233441 0
    outer loop
      vertex 24.0209 6.73406 1.8
      vertex 24.0832 6.47467 2.8
      vertex 24.0832 6.47467 1.8
    endloop
  endfacet
  facet normal 0.0784611 0.996917 -0
    outer loop
      vertex 25.7 5.3 1.8
      vertex 25.4341 5.32093 2.8
      vertex 25.7 5.3 2.8
    endloop
  endfacet
  facet normal 0.0784611 0.996917 0
    outer loop
      vertex 25.4341 5.32093 2.8
      vertex 25.7 5.3 1.8
      vertex 25.4341 5.32093 1.8
    endloop
  endfacet
  facet normal -0.996917 -0.0784575 0
    outer loop
      vertex 27.4 7 1.8
      vertex 27.3791 7.26594 2.8
      vertex 27.3791 7.26594 1.8
    endloop
  endfacet
  facet normal -0.996917 -0.0784575 0
    outer loop
      vertex 27.3791 7.26594 2.8
      vertex 27.4 7 1.8
      vertex 27.4 7 2.8
    endloop
  endfacet
  facet normal -0.0784611 -0.996917 0
    outer loop
      vertex 25.7 8.7 1.8
      vertex 25.9659 8.67907 2.8
      vertex 25.7 8.7 2.8
    endloop
  endfacet
  facet normal -0.0784611 -0.996917 -0
    outer loop
      vertex 25.9659 8.67907 2.8
      vertex 25.7 8.7 1.8
      vertex 25.9659 8.67907 1.8
    endloop
  endfacet
  facet normal -0.382682 -0.92388 0
    outer loop
      vertex 26.2253 8.6168 1.8
      vertex 26.4718 8.51471 2.8
      vertex 26.2253 8.6168 2.8
    endloop
  endfacet
  facet normal -0.382682 -0.92388 -0
    outer loop
      vertex 26.4718 8.51471 2.8
      vertex 26.2253 8.6168 1.8
      vertex 26.4718 8.51471 1.8
    endloop
  endfacet
  facet normal -0.760404 -0.64945 0
    outer loop
      vertex 27.0753 7.99923 1.8
      vertex 26.9021 8.20208 2.8
      vertex 26.9021 8.20208 1.8
    endloop
  endfacet
  facet normal -0.760404 -0.64945 0
    outer loop
      vertex 26.9021 8.20208 2.8
      vertex 27.0753 7.99923 1.8
      vertex 27.0753 7.99923 2.8
    endloop
  endfacet
  facet normal -0.522502 -0.852638 0
    outer loop
      vertex 26.4718 8.51471 1.8
      vertex 26.6992 8.37533 2.8
      vertex 26.4718 8.51471 2.8
    endloop
  endfacet
  facet normal -0.522502 -0.852638 -0
    outer loop
      vertex 26.6992 8.37533 2.8
      vertex 26.4718 8.51471 1.8
      vertex 26.6992 8.37533 1.8
    endloop
  endfacet
  facet normal -0.923879 -0.382684 0
    outer loop
      vertex 27.3168 7.52533 1.8
      vertex 27.2147 7.77178 2.8
      vertex 27.2147 7.77178 1.8
    endloop
  endfacet
  facet normal -0.923879 -0.382684 0
    outer loop
      vertex 27.2147 7.77178 2.8
      vertex 27.3168 7.52533 1.8
      vertex 27.3168 7.52533 2.8
    endloop
  endfacet
  facet normal -0.972369 -0.233448 0
    outer loop
      vertex 27.3791 7.26594 1.8
      vertex 27.3168 7.52533 2.8
      vertex 27.3168 7.52533 1.8
    endloop
  endfacet
  facet normal -0.972369 -0.233448 0
    outer loop
      vertex 27.3168 7.52533 2.8
      vertex 27.3791 7.26594 1.8
      vertex 27.3791 7.26594 2.8
    endloop
  endfacet
  facet normal 0.522499 -0.85264 0
    outer loop
      vertex 24.7008 8.37533 1.8
      vertex 24.9282 8.51471 2.8
      vertex 24.7008 8.37533 2.8
    endloop
  endfacet
  facet normal 0.522499 -0.85264 0
    outer loop
      vertex 24.9282 8.51471 2.8
      vertex 24.7008 8.37533 1.8
      vertex 24.9282 8.51471 1.8
    endloop
  endfacet
  facet normal 0.233444 -0.97237 0
    outer loop
      vertex 25.1747 8.6168 1.8
      vertex 25.4341 8.67907 2.8
      vertex 25.1747 8.6168 2.8
    endloop
  endfacet
  facet normal 0.233444 -0.97237 0
    outer loop
      vertex 25.4341 8.67907 2.8
      vertex 25.1747 8.6168 1.8
      vertex 25.4341 8.67907 1.8
    endloop
  endfacet
  facet normal 0.923879 -0.382684 0
    outer loop
      vertex 24.0832 7.52533 2.8
      vertex 24.1853 7.77178 1.8
      vertex 24.1853 7.77178 2.8
    endloop
  endfacet
  facet normal 0.923879 -0.382684 0
    outer loop
      vertex 24.1853 7.77178 1.8
      vertex 24.0832 7.52533 2.8
      vertex 24.0832 7.52533 1.8
    endloop
  endfacet
  facet normal 0.996917 -0.0784646 0
    outer loop
      vertex 24 7 2.8
      vertex 24.0209 7.26594 1.8
      vertex 24.0209 7.26594 2.8
    endloop
  endfacet
  facet normal 0.996917 -0.0784646 0
    outer loop
      vertex 24.0209 7.26594 1.8
      vertex 24 7 2.8
      vertex 24 7 1.8
    endloop
  endfacet
  facet normal -0.233445 -0.97237 0
    outer loop
      vertex 25.9659 8.67907 1.8
      vertex 26.2253 8.6168 2.8
      vertex 25.9659 8.67907 2.8
    endloop
  endfacet
  facet normal -0.233445 -0.97237 -0
    outer loop
      vertex 26.2253 8.6168 2.8
      vertex 25.9659 8.67907 1.8
      vertex 26.2253 8.6168 1.8
    endloop
  endfacet
  facet normal -0.649448 -0.760406 0
    outer loop
      vertex 26.6992 8.37533 1.8
      vertex 26.9021 8.20208 2.8
      vertex 26.6992 8.37533 2.8
    endloop
  endfacet
  facet normal -0.649448 -0.760406 -0
    outer loop
      vertex 26.9021 8.20208 2.8
      vertex 26.6992 8.37533 1.8
      vertex 26.9021 8.20208 1.8
    endloop
  endfacet
  facet normal 0.972371 -0.233441 0
    outer loop
      vertex 24.0209 7.26594 2.8
      vertex 24.0832 7.52533 1.8
      vertex 24.0832 7.52533 2.8
    endloop
  endfacet
  facet normal 0.972371 -0.233441 0
    outer loop
      vertex 24.0832 7.52533 1.8
      vertex 24.0209 7.26594 2.8
      vertex 24.0209 7.26594 1.8
    endloop
  endfacet
  facet normal -0.0558694 -0.709892 -0.702091
    outer loop
      vertex 26.2415 10.4376 5.72205e-07
      vertex 25.7 8.7 1.8
      vertex 25.7 10.4802 5.72205e-07
    endloop
  endfacet
  facet normal -0.709892 0.0558705 -0.702091
    outer loop
      vertex 29.1802 7 5.72205e-07
      vertex 29.1376 6.4585 5.72205e-07
      vertex 27.4 7 1.8
    endloop
  endfacet
  facet normal -0.709892 0.0558686 -0.702091
    outer loop
      vertex 29.1376 6.4585 5.72205e-07
      vertex 27.3791 6.73406 1.8
      vertex 27.4 7 1.8
    endloop
  endfacet
  facet normal -0.709924 0.0555985 -0.70208
    outer loop
      vertex 27.3791 6.73406 1.8
      vertex 29.1376 6.4585 5.72205e-07
      vertex 29.1374 6.45557 5.72205e-07
    endloop
  endfacet
  facet normal -0.709924 -0.0555985 -0.70208
    outer loop
      vertex 29.1376 7.5415 5.72205e-07
      vertex 27.3791 7.26594 1.8
      vertex 29.1374 7.54443 5.72205e-07
    endloop
  endfacet
  facet normal -0.709892 -0.0558686 -0.702091
    outer loop
      vertex 27.3791 7.26594 1.8
      vertex 29.1376 7.5415 5.72205e-07
      vertex 27.4 7 1.8
    endloop
  endfacet
  facet normal 0.692412 -0.16623 -0.702091
    outer loop
      vertex 24.0209 7.26594 1.8
      vertex 22.2633 7.54728 5.72205e-07
      vertex 24.0832 7.52533 1.8
    endloop
  endfacet
  facet normal 0.692482 -0.165881 -0.702105
    outer loop
      vertex 22.2633 7.54728 5.72205e-07
      vertex 24.0209 7.26594 1.8
      vertex 22.2626 7.54443 5.72205e-07
    endloop
  endfacet
  facet normal 0.166159 0.692427 -0.702094
    outer loop
      vertex 25.1527 3.56331 5.72205e-07
      vertex 25.4341 5.32093 1.8
      vertex 25.1556 3.56263 5.72205e-07
    endloop
  endfacet
  facet normal 0.166232 0.692412 -0.702091
    outer loop
      vertex 25.4341 5.32093 1.8
      vertex 25.1527 3.56331 5.72205e-07
      vertex 25.1747 5.3832 1.8
    endloop
  endfacet
  facet normal -0.657883 -0.272504 -0.702091
    outer loop
      vertex 28.802 8.57728 5.72205e-07
      vertex 29.0099 8.07545 5.72205e-07
      vertex 27.3168 7.52533 1.8
    endloop
  endfacet
  facet normal 0.607171 0.37204 -0.70209
    outer loop
      vertex 22.8829 4.95688 5.72205e-07
      vertex 24.3247 6.00077 1.8
      vertex 22.8844 4.95438 5.72205e-07
    endloop
  endfacet
  facet normal 0.607152 0.372067 -0.702091
    outer loop
      vertex 24.3247 6.00077 1.8
      vertex 22.8829 4.95688 5.72205e-07
      vertex 24.1853 6.22822 1.8
    endloop
  endfacet
  facet normal -0.541474 -0.462465 -0.702091
    outer loop
      vertex 26.9021 8.20208 1.8
      vertex 28.1628 9.45866 5.72205e-07
      vertex 27.0753 7.99923 1.8
    endloop
  endfacet
  facet normal -0.541576 -0.462355 -0.702085
    outer loop
      vertex 28.1628 9.45866 5.72205e-07
      vertex 26.9021 8.20208 1.8
      vertex 28.1609 9.46089 5.72205e-07
    endloop
  endfacet
  facet normal -0.709892 -0.0558705 -0.702091
    outer loop
      vertex 29.1376 7.5415 5.72205e-07
      vertex 29.1802 7 5.72205e-07
      vertex 27.4 7 1.8
    endloop
  endfacet
  facet normal -0.372064 -0.607155 -0.702091
    outer loop
      vertex 27.28 10.1009 5.72205e-07
      vertex 27.7431 9.81709 5.72205e-07
      vertex 26.4718 8.51471 1.8
    endloop
  endfacet
  facet normal 0.462464 -0.541475 -0.702091
    outer loop
      vertex 24.4979 8.20208 1.8
      vertex 23.2413 9.46279 5.72205e-07
      vertex 24.7008 8.37533 1.8
    endloop
  endfacet
  facet normal 0.462355 -0.541576 -0.702085
    outer loop
      vertex 23.2413 9.46279 5.72205e-07
      vertex 24.4979 8.20208 1.8
      vertex 23.2391 9.46089 5.72205e-07
    endloop
  endfacet
  facet normal -0.657883 -0.272504 -0.702091
    outer loop
      vertex 27.2147 7.77178 1.8
      vertex 28.802 8.57728 5.72205e-07
      vertex 27.3168 7.52533 1.8
    endloop
  endfacet
  facet normal -0.657916 -0.272433 -0.702088
    outer loop
      vertex 28.802 8.57728 5.72205e-07
      vertex 27.2147 7.77178 1.8
      vertex 28.8009 8.57999 5.72205e-07
    endloop
  endfacet
  facet normal -0.607154 -0.372064 -0.702091
    outer loop
      vertex 28.5171 9.04312 5.72205e-07
      vertex 28.8009 8.57999 5.72205e-07
      vertex 27.2147 7.77178 1.8
    endloop
  endfacet
  facet normal -0.462463 -0.541476 -0.702091
    outer loop
      vertex 27.7456 9.81556 5.72205e-07
      vertex 28.1587 9.46279 5.72205e-07
      vertex 26.6992 8.37533 1.8
    endloop
  endfacet
  facet normal -0.37214 -0.607103 -0.702095
    outer loop
      vertex 26.6992 8.37533 1.8
      vertex 27.7431 9.81709 5.72205e-07
      vertex 27.7456 9.81556 5.72205e-07
    endloop
  endfacet
  facet normal -0.372067 -0.607153 -0.702091
    outer loop
      vertex 27.7431 9.81709 5.72205e-07
      vertex 26.6992 8.37533 1.8
      vertex 26.4718 8.51471 1.8
    endloop
  endfacet
  facet normal -0.272505 -0.657883 -0.702091
    outer loop
      vertex 26.7754 10.3099 5.72205e-07
      vertex 27.2773 10.102 5.72205e-07
      vertex 26.2253 8.6168 1.8
    endloop
  endfacet
  facet normal -0.166233 -0.692412 -0.702091
    outer loop
      vertex 25.9659 8.67907 1.8
      vertex 26.2473 10.4367 5.72205e-07
      vertex 26.2253 8.6168 1.8
    endloop
  endfacet
  facet normal -0.16627 -0.692405 -0.70209
    outer loop
      vertex 26.2473 10.4367 5.72205e-07
      vertex 25.9659 8.67907 1.8
      vertex 26.2444 10.4374 5.72205e-07
    endloop
  endfacet
  facet normal -0.166234 -0.692412 -0.702091
    outer loop
      vertex 26.2473 10.4367 5.72205e-07
      vertex 26.7754 10.3099 5.72205e-07
      vertex 26.2253 8.6168 1.8
    endloop
  endfacet
  facet normal -0.0558711 -0.709892 -0.702091
    outer loop
      vertex 26.2415 10.4376 5.72205e-07
      vertex 25.9659 8.67907 1.8
      vertex 25.7 8.7 1.8
    endloop
  endfacet
  facet normal -0.0558371 -0.709896 -0.70209
    outer loop
      vertex 25.9659 8.67907 1.8
      vertex 26.2415 10.4376 5.72205e-07
      vertex 26.2444 10.4374 5.72205e-07
    endloop
  endfacet
  facet normal 0.541477 -0.462462 -0.702091
    outer loop
      vertex 23.2372 9.45866 5.72205e-07
      vertex 24.4979 8.20208 1.8
      vertex 24.3247 7.99923 1.8
    endloop
  endfacet
  facet normal 0.541576 -0.462355 -0.702085
    outer loop
      vertex 24.4979 8.20208 1.8
      vertex 23.2372 9.45866 5.72205e-07
      vertex 23.2391 9.46089 5.72205e-07
    endloop
  endfacet
  facet normal -0.372064 0.607155 -0.702091
    outer loop
      vertex 27.7431 4.18291 5.72205e-07
      vertex 27.28 3.8991 5.72205e-07
      vertex 26.4718 5.48529 1.8
    endloop
  endfacet
  facet normal -0.372223 0.607049 -0.702098
    outer loop
      vertex 27.7431 4.18291 5.72205e-07
      vertex 26.6992 5.62467 1.8
      vertex 27.7456 4.18444 5.72205e-07
    endloop
  endfacet
  facet normal -0.372067 0.607153 -0.702091
    outer loop
      vertex 26.6992 5.62467 1.8
      vertex 27.7431 4.18291 5.72205e-07
      vertex 26.4718 5.48529 1.8
    endloop
  endfacet
  facet normal -0.462463 0.541476 -0.702091
    outer loop
      vertex 28.1587 4.53721 5.72205e-07
      vertex 27.7456 4.18444 5.72205e-07
      vertex 26.6992 5.62467 1.8
    endloop
  endfacet
  facet normal 0.541475 0.462464 -0.702091
    outer loop
      vertex 24.3247 6.00077 1.8
      vertex 23.2372 4.54134 5.72205e-07
      vertex 22.8844 4.95438 5.72205e-07
    endloop
  endfacet
  facet normal 0.70987 -0.0560576 -0.702099
    outer loop
      vertex 24.0209 7.26594 1.8
      vertex 22.2624 7.5415 5.72205e-07
      vertex 22.2626 7.54443 5.72205e-07
    endloop
  endfacet
  facet normal 0.709891 -0.0558736 -0.702091
    outer loop
      vertex 22.2624 7.5415 5.72205e-07
      vertex 24.0209 7.26594 1.8
      vertex 24 7 1.8
    endloop
  endfacet
  facet normal -0.692394 -0.166323 -0.702087
    outer loop
      vertex 27.3791 7.26594 1.8
      vertex 29.1367 7.54728 5.72205e-07
      vertex 29.1374 7.54443 5.72205e-07
    endloop
  endfacet
  facet normal -0.692412 -0.166235 -0.702091
    outer loop
      vertex 29.1367 7.54728 5.72205e-07
      vertex 27.3791 7.26594 1.8
      vertex 27.3168 7.52533 1.8
    endloop
  endfacet
  facet normal -0.692412 -0.166236 -0.702091
    outer loop
      vertex 29.0099 8.07545 5.72205e-07
      vertex 29.1367 7.54728 5.72205e-07
      vertex 27.3168 7.52533 1.8
    endloop
  endfacet
  facet normal -0.607155 -0.372064 -0.702091
    outer loop
      vertex 27.0753 7.99923 1.8
      vertex 28.5171 9.04312 5.72205e-07
      vertex 27.2147 7.77178 1.8
    endloop
  endfacet
  facet normal -0.607104 -0.372141 -0.702094
    outer loop
      vertex 28.5171 9.04312 5.72205e-07
      vertex 27.0753 7.99923 1.8
      vertex 28.5156 9.04562 5.72205e-07
    endloop
  endfacet
  facet normal -0.541476 -0.462463 -0.702091
    outer loop
      vertex 28.1628 9.45866 5.72205e-07
      vertex 28.5156 9.04562 5.72205e-07
      vertex 27.0753 7.99923 1.8
    endloop
  endfacet
  facet normal -0.462355 -0.541576 -0.702085
    outer loop
      vertex 26.9021 8.20208 1.8
      vertex 28.1587 9.46279 5.72205e-07
      vertex 28.1609 9.46089 5.72205e-07
    endloop
  endfacet
  facet normal -0.462464 -0.541475 -0.702091
    outer loop
      vertex 28.1587 9.46279 5.72205e-07
      vertex 26.9021 8.20208 1.8
      vertex 26.6992 8.37533 1.8
    endloop
  endfacet
  facet normal -0.272433 -0.657916 -0.702088
    outer loop
      vertex 26.4718 8.51471 1.8
      vertex 27.2773 10.102 5.72205e-07
      vertex 27.28 10.1009 5.72205e-07
    endloop
  endfacet
  facet normal -0.272503 -0.657883 -0.702091
    outer loop
      vertex 27.2773 10.102 5.72205e-07
      vertex 26.4718 8.51471 1.8
      vertex 26.2253 8.6168 1.8
    endloop
  endfacet
  facet normal 0.657883 -0.272504 -0.702091
    outer loop
      vertex 22.598 8.57728 5.72205e-07
      vertex 24.0832 7.52533 1.8
      vertex 22.3901 8.07545 5.72205e-07
    endloop
  endfacet
  facet normal 0.692412 -0.166236 -0.702091
    outer loop
      vertex 22.3901 8.07545 5.72205e-07
      vertex 24.0832 7.52533 1.8
      vertex 22.2633 7.54728 5.72205e-07
    endloop
  endfacet
  facet normal 0.272505 -0.657882 -0.702091
    outer loop
      vertex 24.9282 8.51471 1.8
      vertex 24.1227 10.102 5.72205e-07
      vertex 25.1747 8.6168 1.8
    endloop
  endfacet
  facet normal 0.272433 -0.657916 -0.702088
    outer loop
      vertex 24.1227 10.102 5.72205e-07
      vertex 24.9282 8.51471 1.8
      vertex 24.12 10.1009 5.72205e-07
    endloop
  endfacet
  facet normal 0.462463 -0.541476 -0.702091
    outer loop
      vertex 23.6544 9.81556 5.72205e-07
      vertex 24.7008 8.37533 1.8
      vertex 23.2413 9.46279 5.72205e-07
    endloop
  endfacet
  facet normal 0.166232 -0.692412 -0.702091
    outer loop
      vertex 25.1527 10.4367 5.72205e-07
      vertex 25.4341 8.67907 1.8
      vertex 25.1747 8.6168 1.8
    endloop
  endfacet
  facet normal 0.16627 -0.692405 -0.70209
    outer loop
      vertex 25.4341 8.67907 1.8
      vertex 25.1527 10.4367 5.72205e-07
      vertex 25.1556 10.4374 5.72205e-07
    endloop
  endfacet
  facet normal 0.0558692 -0.709892 -0.702091
    outer loop
      vertex 25.7 10.4802 5.72205e-07
      vertex 25.7 8.7 1.8
      vertex 25.1585 10.4376 5.72205e-07
    endloop
  endfacet
  facet normal 0.0558711 0.709892 -0.702091
    outer loop
      vertex 25.1585 3.5624 5.72205e-07
      vertex 25.4341 5.32093 1.8
      vertex 25.7 5.3 1.8
    endloop
  endfacet
  facet normal 0.0558945 0.709889 -0.702092
    outer loop
      vertex 25.4341 5.32093 1.8
      vertex 25.1585 3.5624 5.72205e-07
      vertex 25.1556 3.56263 5.72205e-07
    endloop
  endfacet
  facet normal 0.0558698 0.709892 -0.702091
    outer loop
      vertex 25.7 5.3 1.8
      vertex 25.7 3.51978 5.72205e-07
      vertex 25.1585 3.5624 5.72205e-07
    endloop
  endfacet
  facet normal -0.657916 0.272433 -0.702088
    outer loop
      vertex 27.2147 6.22822 1.8
      vertex 28.802 5.42272 5.72205e-07
      vertex 28.8009 5.42001 5.72205e-07
    endloop
  endfacet
  facet normal -0.657883 0.272504 -0.702091
    outer loop
      vertex 28.802 5.42272 5.72205e-07
      vertex 27.2147 6.22822 1.8
      vertex 27.3168 6.47467 1.8
    endloop
  endfacet
  facet normal 0.272504 0.657883 -0.702091
    outer loop
      vertex 25.1747 5.3832 1.8
      vertex 24.6246 3.69012 5.72205e-07
      vertex 24.1227 3.89798 5.72205e-07
    endloop
  endfacet
  facet normal 0.166234 0.692412 -0.702091
    outer loop
      vertex 25.1747 5.3832 1.8
      vertex 25.1527 3.56331 5.72205e-07
      vertex 24.6246 3.69012 5.72205e-07
    endloop
  endfacet
  facet normal 0.607154 0.372064 -0.702091
    outer loop
      vertex 24.1853 6.22822 1.8
      vertex 22.8829 4.95688 5.72205e-07
      vertex 22.5991 5.42001 5.72205e-07
    endloop
  endfacet
  facet normal 0.709892 0.0558705 -0.702091
    outer loop
      vertex 24 7 1.8
      vertex 22.2624 6.4585 5.72205e-07
      vertex 22.2198 7 5.72205e-07
    endloop
  endfacet
  facet normal 0.709892 -0.0558705 -0.702091
    outer loop
      vertex 22.2624 7.5415 5.72205e-07
      vertex 24 7 1.8
      vertex 22.2198 7 5.72205e-07
    endloop
  endfacet
  facet normal 0.607154 -0.372064 -0.702091
    outer loop
      vertex 22.8829 9.04312 5.72205e-07
      vertex 24.1853 7.77178 1.8
      vertex 22.5991 8.57999 5.72205e-07
    endloop
  endfacet
  facet normal 0.657883 -0.272504 -0.702091
    outer loop
      vertex 22.598 8.57728 5.72205e-07
      vertex 24.1853 7.77178 1.8
      vertex 24.0832 7.52533 1.8
    endloop
  endfacet
  facet normal 0.657916 -0.272433 -0.702088
    outer loop
      vertex 24.1853 7.77178 1.8
      vertex 22.598 8.57728 5.72205e-07
      vertex 22.5991 8.57999 5.72205e-07
    endloop
  endfacet
  facet normal 0.372064 -0.607155 -0.702091
    outer loop
      vertex 24.12 10.1009 5.72205e-07
      vertex 24.9282 8.51471 1.8
      vertex 23.6569 9.81709 5.72205e-07
    endloop
  endfacet
  facet normal 0.372065 -0.607154 -0.702091
    outer loop
      vertex 24.7008 8.37533 1.8
      vertex 23.6569 9.81709 5.72205e-07
      vertex 24.9282 8.51471 1.8
    endloop
  endfacet
  facet normal 0.37214 -0.607103 -0.702095
    outer loop
      vertex 23.6569 9.81709 5.72205e-07
      vertex 24.7008 8.37533 1.8
      vertex 23.6544 9.81556 5.72205e-07
    endloop
  endfacet
  facet normal 0.272505 -0.657883 -0.702091
    outer loop
      vertex 24.6246 10.3099 5.72205e-07
      vertex 25.1747 8.6168 1.8
      vertex 24.1227 10.102 5.72205e-07
    endloop
  endfacet
  facet normal 0.166234 -0.692412 -0.702091
    outer loop
      vertex 25.1527 10.4367 5.72205e-07
      vertex 25.1747 8.6168 1.8
      vertex 24.6246 10.3099 5.72205e-07
    endloop
  endfacet
  facet normal 0.0558371 -0.709896 -0.70209
    outer loop
      vertex 25.1585 10.4376 5.72205e-07
      vertex 25.4341 8.67907 1.8
      vertex 25.1556 10.4374 5.72205e-07
    endloop
  endfacet
  facet normal 0.0558711 -0.709892 -0.702091
    outer loop
      vertex 25.4341 8.67907 1.8
      vertex 25.1585 10.4376 5.72205e-07
      vertex 25.7 8.7 1.8
    endloop
  endfacet
  facet normal -0.272481 0.657893 -0.70209
    outer loop
      vertex 27.2773 3.89798 5.72205e-07
      vertex 26.4718 5.48529 1.8
      vertex 27.28 3.8991 5.72205e-07
    endloop
  endfacet
  facet normal -0.272503 0.657883 -0.702091
    outer loop
      vertex 26.4718 5.48529 1.8
      vertex 27.2773 3.89798 5.72205e-07
      vertex 26.2253 5.3832 1.8
    endloop
  endfacet
  facet normal -0.05587 0.709892 -0.702091
    outer loop
      vertex 26.2415 3.5624 5.72205e-07
      vertex 25.7 3.51978 5.72205e-07
      vertex 25.7 5.3 1.8
    endloop
  endfacet
  facet normal -0.692412 0.166236 -0.702091
    outer loop
      vertex 29.1367 6.45272 5.72205e-07
      vertex 29.0099 5.92455 5.72205e-07
      vertex 27.3168 6.47467 1.8
    endloop
  endfacet
  facet normal -0.657883 0.272504 -0.702091
    outer loop
      vertex 29.0099 5.92455 5.72205e-07
      vertex 28.802 5.42272 5.72205e-07
      vertex 27.3168 6.47467 1.8
    endloop
  endfacet
  facet normal 0.462463 0.541476 -0.702091
    outer loop
      vertex 24.7008 5.62467 1.8
      vertex 23.6544 4.18444 5.72205e-07
      vertex 23.2413 4.53721 5.72205e-07
    endloop
  endfacet
  facet normal 0.692412 0.166236 -0.702091
    outer loop
      vertex 24.0832 6.47467 1.8
      vertex 22.3901 5.92455 5.72205e-07
      vertex 22.2633 6.45272 5.72205e-07
    endloop
  endfacet
  facet normal 0.657916 0.272433 -0.702088
    outer loop
      vertex 22.598 5.42272 5.72205e-07
      vertex 24.1853 6.22822 1.8
      vertex 22.5991 5.42001 5.72205e-07
    endloop
  endfacet
  facet normal 0.657883 0.272504 -0.702091
    outer loop
      vertex 24.1853 6.22822 1.8
      vertex 22.598 5.42272 5.72205e-07
      vertex 24.0832 6.47467 1.8
    endloop
  endfacet
  facet normal 0.541475 -0.462463 -0.702091
    outer loop
      vertex 23.2372 9.45866 5.72205e-07
      vertex 24.3247 7.99923 1.8
      vertex 22.8844 9.04562 5.72205e-07
    endloop
  endfacet
  facet normal 0.607152 -0.372067 -0.702091
    outer loop
      vertex 22.8829 9.04312 5.72205e-07
      vertex 24.3247 7.99923 1.8
      vertex 24.1853 7.77178 1.8
    endloop
  endfacet
  facet normal 0.607103 -0.37214 -0.702095
    outer loop
      vertex 24.3247 7.99923 1.8
      vertex 22.8829 9.04312 5.72205e-07
      vertex 22.8844 9.04562 5.72205e-07
    endloop
  endfacet
  facet normal -0.0558945 0.709889 -0.702092
    outer loop
      vertex 26.2415 3.5624 5.72205e-07
      vertex 25.9659 5.32093 1.8
      vertex 26.2444 3.56263 5.72205e-07
    endloop
  endfacet
  facet normal -0.0558711 0.709892 -0.702091
    outer loop
      vertex 25.9659 5.32093 1.8
      vertex 26.2415 3.5624 5.72205e-07
      vertex 25.7 5.3 1.8
    endloop
  endfacet
  facet normal -0.272504 0.657883 -0.702091
    outer loop
      vertex 27.2773 3.89798 5.72205e-07
      vertex 26.7754 3.69012 5.72205e-07
      vertex 26.2253 5.3832 1.8
    endloop
  endfacet
  facet normal -0.462419 0.541516 -0.702089
    outer loop
      vertex 28.1587 4.53721 5.72205e-07
      vertex 26.9021 5.79792 1.8
      vertex 28.1609 4.53911 5.72205e-07
    endloop
  endfacet
  facet normal -0.462464 0.541475 -0.702091
    outer loop
      vertex 26.9021 5.79792 1.8
      vertex 28.1587 4.53721 5.72205e-07
      vertex 26.6992 5.62467 1.8
    endloop
  endfacet
  facet normal -0.541525 0.46241 -0.702088
    outer loop
      vertex 26.9021 5.79792 1.8
      vertex 28.1628 4.54134 5.72205e-07
      vertex 28.1609 4.53911 5.72205e-07
    endloop
  endfacet
  facet normal -0.541474 0.462465 -0.702091
    outer loop
      vertex 28.1628 4.54134 5.72205e-07
      vertex 26.9021 5.79792 1.8
      vertex 27.0753 6.00077 1.8
    endloop
  endfacet
  facet normal -0.607154 0.372064 -0.702091
    outer loop
      vertex 28.8009 5.42001 5.72205e-07
      vertex 28.5171 4.95688 5.72205e-07
      vertex 27.2147 6.22822 1.8
    endloop
  endfacet
  facet normal -0.692394 0.166323 -0.702087
    outer loop
      vertex 29.1367 6.45272 5.72205e-07
      vertex 27.3791 6.73406 1.8
      vertex 29.1374 6.45557 5.72205e-07
    endloop
  endfacet
  facet normal -0.692412 0.166235 -0.702091
    outer loop
      vertex 27.3791 6.73406 1.8
      vertex 29.1367 6.45272 5.72205e-07
      vertex 27.3168 6.47467 1.8
    endloop
  endfacet
  facet normal 0.541525 0.46241 -0.702088
    outer loop
      vertex 23.2372 4.54134 5.72205e-07
      vertex 24.4979 5.79792 1.8
      vertex 23.2391 4.53911 5.72205e-07
    endloop
  endfacet
  facet normal 0.541477 0.462462 -0.702091
    outer loop
      vertex 24.4979 5.79792 1.8
      vertex 23.2372 4.54134 5.72205e-07
      vertex 24.3247 6.00077 1.8
    endloop
  endfacet
  facet normal 0.462464 0.541475 -0.702091
    outer loop
      vertex 23.2413 4.53721 5.72205e-07
      vertex 24.4979 5.79792 1.8
      vertex 24.7008 5.62467 1.8
    endloop
  endfacet
  facet normal 0.462419 0.541516 -0.702089
    outer loop
      vertex 24.4979 5.79792 1.8
      vertex 23.2413 4.53721 5.72205e-07
      vertex 23.2391 4.53911 5.72205e-07
    endloop
  endfacet
  facet normal 0.372065 0.607154 -0.702091
    outer loop
      vertex 23.6569 4.18291 5.72205e-07
      vertex 24.7008 5.62467 1.8
      vertex 24.9282 5.48529 1.8
    endloop
  endfacet
  facet normal 0.372223 0.607049 -0.702098
    outer loop
      vertex 24.7008 5.62467 1.8
      vertex 23.6569 4.18291 5.72205e-07
      vertex 23.6544 4.18444 5.72205e-07
    endloop
  endfacet
  facet normal 0.372064 0.607154 -0.702091
    outer loop
      vertex 24.9282 5.48529 1.8
      vertex 24.12 3.8991 5.72205e-07
      vertex 23.6569 4.18291 5.72205e-07
    endloop
  endfacet
  facet normal 0.272505 0.657882 -0.702091
    outer loop
      vertex 24.1227 3.89798 5.72205e-07
      vertex 24.9282 5.48529 1.8
      vertex 25.1747 5.3832 1.8
    endloop
  endfacet
  facet normal 0.272481 0.657893 -0.70209
    outer loop
      vertex 24.9282 5.48529 1.8
      vertex 24.1227 3.89798 5.72205e-07
      vertex 24.12 3.8991 5.72205e-07
    endloop
  endfacet
  facet normal 0.709891 0.0558736 -0.702091
    outer loop
      vertex 24.0209 6.73406 1.8
      vertex 22.2624 6.4585 5.72205e-07
      vertex 24 7 1.8
    endloop
  endfacet
  facet normal 0.70987 0.0560576 -0.702099
    outer loop
      vertex 22.2624 6.4585 5.72205e-07
      vertex 24.0209 6.73406 1.8
      vertex 22.2626 6.45557 5.72205e-07
    endloop
  endfacet
  facet normal 0.692412 0.16623 -0.702091
    outer loop
      vertex 22.2633 6.45272 5.72205e-07
      vertex 24.0209 6.73406 1.8
      vertex 24.0832 6.47467 1.8
    endloop
  endfacet
  facet normal 0.692482 0.165881 -0.702105
    outer loop
      vertex 24.0209 6.73406 1.8
      vertex 22.2633 6.45272 5.72205e-07
      vertex 22.2626 6.45557 5.72205e-07
    endloop
  endfacet
  facet normal 0.657883 0.272504 -0.702091
    outer loop
      vertex 24.0832 6.47467 1.8
      vertex 22.598 5.42272 5.72205e-07
      vertex 22.3901 5.92455 5.72205e-07
    endloop
  endfacet
  facet normal -0.166159 0.692427 -0.702094
    outer loop
      vertex 25.9659 5.32093 1.8
      vertex 26.2473 3.56331 5.72205e-07
      vertex 26.2444 3.56263 5.72205e-07
    endloop
  endfacet
  facet normal -0.166233 0.692412 -0.702091
    outer loop
      vertex 26.2473 3.56331 5.72205e-07
      vertex 25.9659 5.32093 1.8
      vertex 26.2253 5.3832 1.8
    endloop
  endfacet
  facet normal -0.166234 0.692412 -0.702091
    outer loop
      vertex 26.7754 3.69012 5.72205e-07
      vertex 26.2473 3.56331 5.72205e-07
      vertex 26.2253 5.3832 1.8
    endloop
  endfacet
  facet normal -0.541475 0.462464 -0.702091
    outer loop
      vertex 28.5156 4.95438 5.72205e-07
      vertex 28.1628 4.54134 5.72205e-07
      vertex 27.0753 6.00077 1.8
    endloop
  endfacet
  facet normal -0.607171 0.37204 -0.70209
    outer loop
      vertex 27.0753 6.00077 1.8
      vertex 28.5171 4.95688 5.72205e-07
      vertex 28.5156 4.95438 5.72205e-07
    endloop
  endfacet
  facet normal -0.607155 0.372064 -0.702091
    outer loop
      vertex 28.5171 4.95688 5.72205e-07
      vertex 27.0753 6.00077 1.8
      vertex 27.2147 6.22822 1.8
    endloop
  endfacet
  facet normal -0.996917 0.0784646 0
    outer loop
      vertex 50.3791 6.73406 1.8
      vertex 50.4 7 2.8
      vertex 50.4 7 1.8
    endloop
  endfacet
  facet normal -0.996917 0.0784646 0
    outer loop
      vertex 50.4 7 2.8
      vertex 50.3791 6.73406 1.8
      vertex 50.3791 6.73406 2.8
    endloop
  endfacet
  facet normal 0.996917 0.0784646 0
    outer loop
      vertex 47.0209 6.73406 2.8
      vertex 47 7 1.8
      vertex 47 7 2.8
    endloop
  endfacet
  facet normal 0.996917 0.0784646 0
    outer loop
      vertex 47 7 1.8
      vertex 47.0209 6.73406 2.8
      vertex 47.0209 6.73406 1.8
    endloop
  endfacet
  facet normal -0.0784611 0.996917 0
    outer loop
      vertex 48.9659 5.32093 1.8
      vertex 48.7 5.3 2.8
      vertex 48.9659 5.32093 2.8
    endloop
  endfacet
  facet normal -0.0784611 0.996917 0
    outer loop
      vertex 48.7 5.3 2.8
      vertex 48.9659 5.32093 1.8
      vertex 48.7 5.3 1.8
    endloop
  endfacet
  facet normal 0.0784611 -0.996917 0
    outer loop
      vertex 48.4341 8.67907 1.8
      vertex 48.7 8.7 2.8
      vertex 48.4341 8.67907 2.8
    endloop
  endfacet
  facet normal 0.0784611 -0.996917 0
    outer loop
      vertex 48.7 8.7 2.8
      vertex 48.4341 8.67907 1.8
      vertex 48.7 8.7 1.8
    endloop
  endfacet
  facet normal 0.760404 -0.64945 0
    outer loop
      vertex 47.3247 7.99923 2.8
      vertex 47.4979 8.20208 1.8
      vertex 47.4979 8.20208 2.8
    endloop
  endfacet
  facet normal 0.760404 -0.64945 0
    outer loop
      vertex 47.4979 8.20208 1.8
      vertex 47.3247 7.99923 2.8
      vertex 47.3247 7.99923 1.8
    endloop
  endfacet
  facet normal -0.760404 0.64945 0
    outer loop
      vertex 49.9021 5.79792 1.8
      vertex 50.0753 6.00077 2.8
      vertex 50.0753 6.00077 1.8
    endloop
  endfacet
  facet normal -0.760404 0.64945 0
    outer loop
      vertex 50.0753 6.00077 2.8
      vertex 49.9021 5.79792 1.8
      vertex 49.9021 5.79792 2.8
    endloop
  endfacet
  facet normal 0.649448 0.760406 -0
    outer loop
      vertex 47.7008 5.62467 1.8
      vertex 47.4979 5.79792 2.8
      vertex 47.7008 5.62467 2.8
    endloop
  endfacet
  facet normal 0.649448 0.760406 0
    outer loop
      vertex 47.4979 5.79792 2.8
      vertex 47.7008 5.62467 1.8
      vertex 47.4979 5.79792 1.8
    endloop
  endfacet
  facet normal 0.382682 0.92388 -0
    outer loop
      vertex 48.1747 5.3832 1.8
      vertex 47.9282 5.48529 2.8
      vertex 48.1747 5.3832 2.8
    endloop
  endfacet
  facet normal 0.382682 0.92388 0
    outer loop
      vertex 47.9282 5.48529 2.8
      vertex 48.1747 5.3832 1.8
      vertex 47.9282 5.48529 1.8
    endloop
  endfacet
  facet normal -0.852641 -0.522498 0
    outer loop
      vertex 50.2147 7.77178 1.8
      vertex 50.0753 7.99923 2.8
      vertex 50.0753 7.99923 1.8
    endloop
  endfacet
  facet normal -0.852641 -0.522498 0
    outer loop
      vertex 50.0753 7.99923 2.8
      vertex 50.2147 7.77178 1.8
      vertex 50.2147 7.77178 2.8
    endloop
  endfacet
  facet normal -0.923879 0.382684 0
    outer loop
      vertex 50.2147 6.22822 1.8
      vertex 50.3168 6.47467 2.8
      vertex 50.3168 6.47467 1.8
    endloop
  endfacet
  facet normal -0.923879 0.382684 0
    outer loop
      vertex 50.3168 6.47467 2.8
      vertex 50.2147 6.22822 1.8
      vertex 50.2147 6.22822 2.8
    endloop
  endfacet
  facet normal -0.972369 0.233448 0
    outer loop
      vertex 50.3168 6.47467 1.8
      vertex 50.3791 6.73406 2.8
      vertex 50.3791 6.73406 1.8
    endloop
  endfacet
  facet normal -0.972369 0.233448 0
    outer loop
      vertex 50.3791 6.73406 2.8
      vertex 50.3168 6.47467 1.8
      vertex 50.3168 6.47467 2.8
    endloop
  endfacet
  facet normal -0.852641 0.522498 0
    outer loop
      vertex 50.0753 6.00077 1.8
      vertex 50.2147 6.22822 2.8
      vertex 50.2147 6.22822 1.8
    endloop
  endfacet
  facet normal -0.852641 0.522498 0
    outer loop
      vertex 50.2147 6.22822 2.8
      vertex 50.0753 6.00077 1.8
      vertex 50.0753 6.00077 2.8
    endloop
  endfacet
  facet normal -0.522499 0.85264 0
    outer loop
      vertex 49.6992 5.62467 1.8
      vertex 49.4718 5.48529 2.8
      vertex 49.6992 5.62467 2.8
    endloop
  endfacet
  facet normal -0.522499 0.85264 0
    outer loop
      vertex 49.4718 5.48529 2.8
      vertex 49.6992 5.62467 1.8
      vertex 49.4718 5.48529 1.8
    endloop
  endfacet
  facet normal -0.382687 0.923878 0
    outer loop
      vertex 49.4718 5.48529 1.8
      vertex 49.2253 5.3832 2.8
      vertex 49.4718 5.48529 2.8
    endloop
  endfacet
  facet normal -0.382687 0.923878 0
    outer loop
      vertex 49.2253 5.3832 2.8
      vertex 49.4718 5.48529 1.8
      vertex 49.2253 5.3832 1.8
    endloop
  endfacet
  facet normal -0.649448 0.760406 0
    outer loop
      vertex 49.9021 5.79792 1.8
      vertex 49.6992 5.62467 2.8
      vertex 49.9021 5.79792 2.8
    endloop
  endfacet
  facet normal -0.649448 0.760406 0
    outer loop
      vertex 49.6992 5.62467 2.8
      vertex 49.9021 5.79792 1.8
      vertex 49.6992 5.62467 1.8
    endloop
  endfacet
  facet normal 0.852641 0.522498 0
    outer loop
      vertex 47.3247 6.00077 2.8
      vertex 47.1853 6.22822 1.8
      vertex 47.1853 6.22822 2.8
    endloop
  endfacet
  facet normal 0.852641 0.522498 0
    outer loop
      vertex 47.1853 6.22822 1.8
      vertex 47.3247 6.00077 2.8
      vertex 47.3247 6.00077 1.8
    endloop
  endfacet
  facet normal 0.760404 0.64945 0
    outer loop
      vertex 47.4979 5.79792 2.8
      vertex 47.3247 6.00077 1.8
      vertex 47.3247 6.00077 2.8
    endloop
  endfacet
  facet normal 0.760404 0.64945 0
    outer loop
      vertex 47.3247 6.00077 1.8
      vertex 47.4979 5.79792 2.8
      vertex 47.4979 5.79792 1.8
    endloop
  endfacet
  facet normal 0.923879 0.382684 0
    outer loop
      vertex 47.1853 6.22822 2.8
      vertex 47.0832 6.47467 1.8
      vertex 47.0832 6.47467 2.8
    endloop
  endfacet
  facet normal 0.923879 0.382684 0
    outer loop
      vertex 47.0832 6.47467 1.8
      vertex 47.1853 6.22822 2.8
      vertex 47.1853 6.22822 1.8
    endloop
  endfacet
  facet normal 0.522505 0.852636 -0
    outer loop
      vertex 47.9282 5.48529 1.8
      vertex 47.7008 5.62467 2.8
      vertex 47.9282 5.48529 2.8
    endloop
  endfacet
  facet normal 0.522505 0.852636 0
    outer loop
      vertex 47.7008 5.62467 2.8
      vertex 47.9282 5.48529 1.8
      vertex 47.7008 5.62467 1.8
    endloop
  endfacet
  facet normal 0.233444 0.97237 -0
    outer loop
      vertex 48.4341 5.32093 1.8
      vertex 48.1747 5.3832 2.8
      vertex 48.4341 5.32093 2.8
    endloop
  endfacet
  facet normal 0.233444 0.97237 0
    outer loop
      vertex 48.1747 5.3832 2.8
      vertex 48.4341 5.32093 1.8
      vertex 48.1747 5.3832 1.8
    endloop
  endfacet
  facet normal 0.649448 -0.760406 0
    outer loop
      vertex 47.4979 8.20208 1.8
      vertex 47.7008 8.37533 2.8
      vertex 47.4979 8.20208 2.8
    endloop
  endfacet
  facet normal 0.649448 -0.760406 0
    outer loop
      vertex 47.7008 8.37533 2.8
      vertex 47.4979 8.20208 1.8
      vertex 47.7008 8.37533 1.8
    endloop
  endfacet
  facet normal 0.382682 -0.92388 0
    outer loop
      vertex 47.9282 8.51471 1.8
      vertex 48.1747 8.6168 2.8
      vertex 47.9282 8.51471 2.8
    endloop
  endfacet
  facet normal 0.382682 -0.92388 0
    outer loop
      vertex 48.1747 8.6168 2.8
      vertex 47.9282 8.51471 1.8
      vertex 48.1747 8.6168 1.8
    endloop
  endfacet
  facet normal 0.852641 -0.522498 0
    outer loop
      vertex 47.1853 7.77178 2.8
      vertex 47.3247 7.99923 1.8
      vertex 47.3247 7.99923 2.8
    endloop
  endfacet
  facet normal 0.852641 -0.522498 0
    outer loop
      vertex 47.3247 7.99923 1.8
      vertex 47.1853 7.77178 2.8
      vertex 47.1853 7.77178 1.8
    endloop
  endfacet
  facet normal -0.233444 0.97237 0
    outer loop
      vertex 49.2253 5.3832 1.8
      vertex 48.9659 5.32093 2.8
      vertex 49.2253 5.3832 2.8
    endloop
  endfacet
  facet normal -0.233444 0.97237 0
    outer loop
      vertex 48.9659 5.32093 2.8
      vertex 49.2253 5.3832 1.8
      vertex 48.9659 5.32093 1.8
    endloop
  endfacet
  facet normal 0.972369 0.233448 0
    outer loop
      vertex 47.0832 6.47467 2.8
      vertex 47.0209 6.73406 1.8
      vertex 47.0209 6.73406 2.8
    endloop
  endfacet
  facet normal 0.972369 0.233448 0
    outer loop
      vertex 47.0209 6.73406 1.8
      vertex 47.0832 6.47467 2.8
      vertex 47.0832 6.47467 1.8
    endloop
  endfacet
  facet normal 0.0784611 0.996917 -0
    outer loop
      vertex 48.7 5.3 1.8
      vertex 48.4341 5.32093 2.8
      vertex 48.7 5.3 2.8
    endloop
  endfacet
  facet normal 0.0784611 0.996917 0
    outer loop
      vertex 48.4341 5.32093 2.8
      vertex 48.7 5.3 1.8
      vertex 48.4341 5.32093 1.8
    endloop
  endfacet
  facet normal -0.996917 -0.0784646 0
    outer loop
      vertex 50.4 7 1.8
      vertex 50.3791 7.26594 2.8
      vertex 50.3791 7.26594 1.8
    endloop
  endfacet
  facet normal -0.996917 -0.0784646 0
    outer loop
      vertex 50.3791 7.26594 2.8
      vertex 50.4 7 1.8
      vertex 50.4 7 2.8
    endloop
  endfacet
  facet normal -0.0784611 -0.996917 0
    outer loop
      vertex 48.7 8.7 1.8
      vertex 48.9659 8.67907 2.8
      vertex 48.7 8.7 2.8
    endloop
  endfacet
  facet normal -0.0784611 -0.996917 -0
    outer loop
      vertex 48.9659 8.67907 2.8
      vertex 48.7 8.7 1.8
      vertex 48.9659 8.67907 1.8
    endloop
  endfacet
  facet normal -0.382687 -0.923878 0
    outer loop
      vertex 49.2253 8.6168 1.8
      vertex 49.4718 8.51471 2.8
      vertex 49.2253 8.6168 2.8
    endloop
  endfacet
  facet normal -0.382687 -0.923878 -0
    outer loop
      vertex 49.4718 8.51471 2.8
      vertex 49.2253 8.6168 1.8
      vertex 49.4718 8.51471 1.8
    endloop
  endfacet
  facet normal -0.760404 -0.64945 0
    outer loop
      vertex 50.0753 7.99923 1.8
      vertex 49.9021 8.20208 2.8
      vertex 49.9021 8.20208 1.8
    endloop
  endfacet
  facet normal -0.760404 -0.64945 0
    outer loop
      vertex 49.9021 8.20208 2.8
      vertex 50.0753 7.99923 1.8
      vertex 50.0753 7.99923 2.8
    endloop
  endfacet
  facet normal -0.522499 -0.85264 0
    outer loop
      vertex 49.4718 8.51471 1.8
      vertex 49.6992 8.37533 2.8
      vertex 49.4718 8.51471 2.8
    endloop
  endfacet
  facet normal -0.522499 -0.85264 -0
    outer loop
      vertex 49.6992 8.37533 2.8
      vertex 49.4718 8.51471 1.8
      vertex 49.6992 8.37533 1.8
    endloop
  endfacet
  facet normal -0.923879 -0.382684 0
    outer loop
      vertex 50.3168 7.52533 1.8
      vertex 50.2147 7.77178 2.8
      vertex 50.2147 7.77178 1.8
    endloop
  endfacet
  facet normal -0.923879 -0.382684 0
    outer loop
      vertex 50.2147 7.77178 2.8
      vertex 50.3168 7.52533 1.8
      vertex 50.3168 7.52533 2.8
    endloop
  endfacet
  facet normal -0.972369 -0.233448 0
    outer loop
      vertex 50.3791 7.26594 1.8
      vertex 50.3168 7.52533 2.8
      vertex 50.3168 7.52533 1.8
    endloop
  endfacet
  facet normal -0.972369 -0.233448 0
    outer loop
      vertex 50.3168 7.52533 2.8
      vertex 50.3791 7.26594 1.8
      vertex 50.3791 7.26594 2.8
    endloop
  endfacet
  facet normal 0.522505 -0.852636 0
    outer loop
      vertex 47.7008 8.37533 1.8
      vertex 47.9282 8.51471 2.8
      vertex 47.7008 8.37533 2.8
    endloop
  endfacet
  facet normal 0.522505 -0.852636 0
    outer loop
      vertex 47.9282 8.51471 2.8
      vertex 47.7008 8.37533 1.8
      vertex 47.9282 8.51471 1.8
    endloop
  endfacet
  facet normal 0.233444 -0.97237 0
    outer loop
      vertex 48.1747 8.6168 1.8
      vertex 48.4341 8.67907 2.8
      vertex 48.1747 8.6168 2.8
    endloop
  endfacet
  facet normal 0.233444 -0.97237 0
    outer loop
      vertex 48.4341 8.67907 2.8
      vertex 48.1747 8.6168 1.8
      vertex 48.4341 8.67907 1.8
    endloop
  endfacet
  facet normal 0.923879 -0.382684 0
    outer loop
      vertex 47.0832 7.52533 2.8
      vertex 47.1853 7.77178 1.8
      vertex 47.1853 7.77178 2.8
    endloop
  endfacet
  facet normal 0.923879 -0.382684 0
    outer loop
      vertex 47.1853 7.77178 1.8
      vertex 47.0832 7.52533 2.8
      vertex 47.0832 7.52533 1.8
    endloop
  endfacet
  facet normal 0.996917 -0.0784646 0
    outer loop
      vertex 47 7 2.8
      vertex 47.0209 7.26594 1.8
      vertex 47.0209 7.26594 2.8
    endloop
  endfacet
  facet normal 0.996917 -0.0784646 0
    outer loop
      vertex 47.0209 7.26594 1.8
      vertex 47 7 2.8
      vertex 47 7 1.8
    endloop
  endfacet
  facet normal -0.233444 -0.97237 0
    outer loop
      vertex 48.9659 8.67907 1.8
      vertex 49.2253 8.6168 2.8
      vertex 48.9659 8.67907 2.8
    endloop
  endfacet
  facet normal -0.233444 -0.97237 -0
    outer loop
      vertex 49.2253 8.6168 2.8
      vertex 48.9659 8.67907 1.8
      vertex 49.2253 8.6168 1.8
    endloop
  endfacet
  facet normal -0.649448 -0.760406 0
    outer loop
      vertex 49.6992 8.37533 1.8
      vertex 49.9021 8.20208 2.8
      vertex 49.6992 8.37533 2.8
    endloop
  endfacet
  facet normal -0.649448 -0.760406 -0
    outer loop
      vertex 49.9021 8.20208 2.8
      vertex 49.6992 8.37533 1.8
      vertex 49.9021 8.20208 1.8
    endloop
  endfacet
  facet normal 0.972369 -0.233448 0
    outer loop
      vertex 47.0209 7.26594 2.8
      vertex 47.0832 7.52533 1.8
      vertex 47.0832 7.52533 2.8
    endloop
  endfacet
  facet normal 0.972369 -0.233448 0
    outer loop
      vertex 47.0832 7.52533 1.8
      vertex 47.0209 7.26594 2.8
      vertex 47.0209 7.26594 1.8
    endloop
  endfacet
  facet normal -0.0558692 -0.709892 -0.702091
    outer loop
      vertex 49.2415 10.4376 5.72205e-07
      vertex 48.7 8.7 1.8
      vertex 48.7 10.4802 5.72205e-07
    endloop
  endfacet
  facet normal -0.709893 0.0558656 -0.70209
    outer loop
      vertex 52.1802 7 5.72205e-07
      vertex 52.1376 6.4585 5.72205e-07
      vertex 50.4 7 1.8
    endloop
  endfacet
  facet normal -0.709891 0.0558736 -0.702091
    outer loop
      vertex 52.1376 6.4585 5.72205e-07
      vertex 50.3791 6.73406 1.8
      vertex 50.4 7 1.8
    endloop
  endfacet
  facet normal -0.709816 0.0565166 -0.702116
    outer loop
      vertex 50.3791 6.73406 1.8
      vertex 52.1376 6.4585 5.72205e-07
      vertex 52.1374 6.45557 5.72205e-07
    endloop
  endfacet
  facet normal -0.709816 -0.0565166 -0.702116
    outer loop
      vertex 52.1376 7.5415 5.72205e-07
      vertex 50.3791 7.26594 1.8
      vertex 52.1374 7.54443 5.72205e-07
    endloop
  endfacet
  facet normal -0.709891 -0.0558736 -0.702091
    outer loop
      vertex 50.3791 7.26594 1.8
      vertex 52.1376 7.5415 5.72205e-07
      vertex 50.4 7 1.8
    endloop
  endfacet
  facet normal 0.692412 -0.166235 -0.702091
    outer loop
      vertex 47.0209 7.26594 1.8
      vertex 45.2633 7.54728 5.72205e-07
      vertex 47.0832 7.52533 1.8
    endloop
  endfacet
  facet normal 0.692306 -0.166765 -0.70207
    outer loop
      vertex 45.2633 7.54728 5.72205e-07
      vertex 47.0209 7.26594 1.8
      vertex 45.2626 7.54443 5.72205e-07
    endloop
  endfacet
  facet normal 0.166265 0.692406 -0.70209
    outer loop
      vertex 48.1527 3.56331 5.72205e-07
      vertex 48.4341 5.32093 1.8
      vertex 48.1556 3.56263 5.72205e-07
    endloop
  endfacet
  facet normal 0.166232 0.692412 -0.702091
    outer loop
      vertex 48.4341 5.32093 1.8
      vertex 48.1527 3.56331 5.72205e-07
      vertex 48.1747 5.3832 1.8
    endloop
  endfacet
  facet normal -0.657884 -0.272501 -0.702091
    outer loop
      vertex 51.802 8.57728 5.72205e-07
      vertex 52.0099 8.07545 5.72205e-07
      vertex 50.3168 7.52533 1.8
    endloop
  endfacet
  facet normal 0.606951 0.372368 -0.702105
    outer loop
      vertex 45.8829 4.95688 5.72205e-07
      vertex 47.3247 6.00077 1.8
      vertex 45.8844 4.95438 5.72205e-07
    endloop
  endfacet
  facet normal 0.607154 0.372064 -0.702091
    outer loop
      vertex 47.3247 6.00077 1.8
      vertex 45.8829 4.95688 5.72205e-07
      vertex 47.1853 6.22822 1.8
    endloop
  endfacet
  facet normal -0.541474 -0.462465 -0.702091
    outer loop
      vertex 49.9021 8.20208 1.8
      vertex 51.1628 9.45866 5.72205e-07
      vertex 50.0753 7.99923 1.8
    endloop
  endfacet
  facet normal -0.541098 -0.462872 -0.702113
    outer loop
      vertex 51.1628 9.45866 5.72205e-07
      vertex 49.9021 8.20208 1.8
      vertex 51.1609 9.46089 5.72205e-07
    endloop
  endfacet
  facet normal -0.709893 -0.0558656 -0.70209
    outer loop
      vertex 52.1376 7.5415 5.72205e-07
      vertex 52.1802 7 5.72205e-07
      vertex 50.4 7 1.8
    endloop
  endfacet
  facet normal -0.372065 -0.607154 -0.702091
    outer loop
      vertex 50.28 10.1009 5.72205e-07
      vertex 50.7431 9.81709 5.72205e-07
      vertex 49.4718 8.51471 1.8
    endloop
  endfacet
  facet normal 0.462464 -0.541475 -0.702091
    outer loop
      vertex 47.4979 8.20208 1.8
      vertex 46.2413 9.46279 5.72205e-07
      vertex 47.7008 8.37533 1.8
    endloop
  endfacet
  facet normal 0.462133 -0.54178 -0.702074
    outer loop
      vertex 46.2413 9.46279 5.72205e-07
      vertex 47.4979 8.20208 1.8
      vertex 46.2391 9.46089 5.72205e-07
    endloop
  endfacet
  facet normal -0.657883 -0.272504 -0.702091
    outer loop
      vertex 50.2147 7.77178 1.8
      vertex 51.802 8.57728 5.72205e-07
      vertex 50.3168 7.52533 1.8
    endloop
  endfacet
  facet normal -0.657915 -0.272433 -0.702088
    outer loop
      vertex 51.802 8.57728 5.72205e-07
      vertex 50.2147 7.77178 1.8
      vertex 51.8009 8.57999 5.72205e-07
    endloop
  endfacet
  facet normal -0.607154 -0.372064 -0.702091
    outer loop
      vertex 51.5171 9.04312 5.72205e-07
      vertex 51.8009 8.57999 5.72205e-07
      vertex 50.2147 7.77178 1.8
    endloop
  endfacet
  facet normal -0.462463 -0.541476 -0.702091
    outer loop
      vertex 50.7456 9.81556 5.72205e-07
      vertex 51.1587 9.46279 5.72205e-07
      vertex 49.6992 8.37533 1.8
    endloop
  endfacet
  facet normal -0.37214 -0.607103 -0.702095
    outer loop
      vertex 49.6992 8.37533 1.8
      vertex 50.7431 9.81709 5.72205e-07
      vertex 50.7456 9.81556 5.72205e-07
    endloop
  endfacet
  facet normal -0.372065 -0.607154 -0.702091
    outer loop
      vertex 50.7431 9.81709 5.72205e-07
      vertex 49.6992 8.37533 1.8
      vertex 49.4718 8.51471 1.8
    endloop
  endfacet
  facet normal -0.272505 -0.657883 -0.702091
    outer loop
      vertex 49.7754 10.3099 5.72205e-07
      vertex 50.2773 10.102 5.72205e-07
      vertex 49.2253 8.6168 1.8
    endloop
  endfacet
  facet normal -0.166232 -0.692412 -0.702091
    outer loop
      vertex 48.9659 8.67907 1.8
      vertex 49.2473 10.4367 5.72205e-07
      vertex 49.2253 8.6168 1.8
    endloop
  endfacet
  facet normal -0.166376 -0.692384 -0.702085
    outer loop
      vertex 49.2473 10.4367 5.72205e-07
      vertex 48.9659 8.67907 1.8
      vertex 49.2444 10.4374 5.72205e-07
    endloop
  endfacet
  facet normal -0.166233 -0.692412 -0.702091
    outer loop
      vertex 49.2473 10.4367 5.72205e-07
      vertex 49.7754 10.3099 5.72205e-07
      vertex 49.2253 8.6168 1.8
    endloop
  endfacet
  facet normal -0.0558711 -0.709892 -0.702091
    outer loop
      vertex 49.2415 10.4376 5.72205e-07
      vertex 48.9659 8.67907 1.8
      vertex 48.7 8.7 1.8
    endloop
  endfacet
  facet normal -0.0558371 -0.709896 -0.70209
    outer loop
      vertex 48.9659 8.67907 1.8
      vertex 49.2415 10.4376 5.72205e-07
      vertex 49.2444 10.4374 5.72205e-07
    endloop
  endfacet
  facet normal 0.541474 -0.462465 -0.702091
    outer loop
      vertex 46.2372 9.45866 5.72205e-07
      vertex 47.4979 8.20208 1.8
      vertex 47.3247 7.99923 1.8
    endloop
  endfacet
  facet normal 0.541576 -0.462354 -0.702086
    outer loop
      vertex 47.4979 8.20208 1.8
      vertex 46.2372 9.45866 5.72205e-07
      vertex 46.2391 9.46089 5.72205e-07
    endloop
  endfacet
  facet normal -0.372065 0.607154 -0.702091
    outer loop
      vertex 50.7431 4.18291 5.72205e-07
      vertex 50.28 3.8991 5.72205e-07
      vertex 49.4718 5.48529 1.8
    endloop
  endfacet
  facet normal -0.372223 0.607049 -0.702098
    outer loop
      vertex 50.7431 4.18291 5.72205e-07
      vertex 49.6992 5.62467 1.8
      vertex 50.7456 4.18444 5.72205e-07
    endloop
  endfacet
  facet normal -0.372065 0.607154 -0.702091
    outer loop
      vertex 49.6992 5.62467 1.8
      vertex 50.7431 4.18291 5.72205e-07
      vertex 49.4718 5.48529 1.8
    endloop
  endfacet
  facet normal -0.462463 0.541476 -0.702091
    outer loop
      vertex 51.1587 4.53721 5.72205e-07
      vertex 50.7456 4.18444 5.72205e-07
      vertex 49.6992 5.62467 1.8
    endloop
  endfacet
  facet normal 0.541477 0.462462 -0.702091
    outer loop
      vertex 47.3247 6.00077 1.8
      vertex 46.2372 4.54134 5.72205e-07
      vertex 45.8844 4.95438 5.72205e-07
    endloop
  endfacet
  facet normal 0.709924 -0.0555985 -0.702081
    outer loop
      vertex 47.0209 7.26594 1.8
      vertex 45.2624 7.5415 5.72205e-07
      vertex 45.2626 7.54443 5.72205e-07
    endloop
  endfacet
  facet normal 0.709891 -0.0558736 -0.702091
    outer loop
      vertex 45.2624 7.5415 5.72205e-07
      vertex 47.0209 7.26594 1.8
      vertex 47 7 1.8
    endloop
  endfacet
  facet normal -0.692483 -0.165881 -0.702105
    outer loop
      vertex 50.3791 7.26594 1.8
      vertex 52.1367 7.54728 5.72205e-07
      vertex 52.1374 7.54443 5.72205e-07
    endloop
  endfacet
  facet normal -0.692412 -0.166235 -0.702091
    outer loop
      vertex 52.1367 7.54728 5.72205e-07
      vertex 50.3791 7.26594 1.8
      vertex 50.3168 7.52533 1.8
    endloop
  endfacet
  facet normal -0.692412 -0.166236 -0.702091
    outer loop
      vertex 52.0099 8.07545 5.72205e-07
      vertex 52.1367 7.54728 5.72205e-07
      vertex 50.3168 7.52533 1.8
    endloop
  endfacet
  facet normal -0.607154 -0.372064 -0.702091
    outer loop
      vertex 50.0753 7.99923 1.8
      vertex 51.5171 9.04312 5.72205e-07
      vertex 50.2147 7.77178 1.8
    endloop
  endfacet
  facet normal -0.606884 -0.372469 -0.70211
    outer loop
      vertex 51.5171 9.04312 5.72205e-07
      vertex 50.0753 7.99923 1.8
      vertex 51.5156 9.04562 5.72205e-07
    endloop
  endfacet
  facet normal -0.541477 -0.462462 -0.702091
    outer loop
      vertex 51.1628 9.45866 5.72205e-07
      vertex 51.5156 9.04562 5.72205e-07
      vertex 50.0753 7.99923 1.8
    endloop
  endfacet
  facet normal -0.462576 -0.541372 -0.702097
    outer loop
      vertex 49.9021 8.20208 1.8
      vertex 51.1587 9.46279 5.72205e-07
      vertex 51.1609 9.46089 5.72205e-07
    endloop
  endfacet
  facet normal -0.462464 -0.541475 -0.702091
    outer loop
      vertex 51.1587 9.46279 5.72205e-07
      vertex 49.9021 8.20208 1.8
      vertex 49.6992 8.37533 1.8
    endloop
  endfacet
  facet normal -0.272433 -0.657916 -0.702088
    outer loop
      vertex 49.4718 8.51471 1.8
      vertex 50.2773 10.102 5.72205e-07
      vertex 50.28 10.1009 5.72205e-07
    endloop
  endfacet
  facet normal -0.272507 -0.657882 -0.702091
    outer loop
      vertex 50.2773 10.102 5.72205e-07
      vertex 49.4718 8.51471 1.8
      vertex 49.2253 8.6168 1.8
    endloop
  endfacet
  facet normal 0.657882 -0.272505 -0.702091
    outer loop
      vertex 45.598 8.57728 5.72205e-07
      vertex 47.0832 7.52533 1.8
      vertex 45.3901 8.07545 5.72205e-07
    endloop
  endfacet
  facet normal 0.692412 -0.166231 -0.702091
    outer loop
      vertex 45.3901 8.07545 5.72205e-07
      vertex 47.0832 7.52533 1.8
      vertex 45.2633 7.54728 5.72205e-07
    endloop
  endfacet
  facet normal 0.272503 -0.657883 -0.702091
    outer loop
      vertex 47.9282 8.51471 1.8
      vertex 47.1227 10.102 5.72205e-07
      vertex 48.1747 8.6168 1.8
    endloop
  endfacet
  facet normal 0.272433 -0.657916 -0.702088
    outer loop
      vertex 47.1227 10.102 5.72205e-07
      vertex 47.9282 8.51471 1.8
      vertex 47.12 10.1009 5.72205e-07
    endloop
  endfacet
  facet normal 0.462466 -0.541473 -0.702091
    outer loop
      vertex 46.6544 9.81556 5.72205e-07
      vertex 47.7008 8.37533 1.8
      vertex 46.2413 9.46279 5.72205e-07
    endloop
  endfacet
  facet normal 0.166232 -0.692412 -0.702091
    outer loop
      vertex 48.1527 10.4367 5.72205e-07
      vertex 48.4341 8.67907 1.8
      vertex 48.1747 8.6168 1.8
    endloop
  endfacet
  facet normal 0.166376 -0.692384 -0.702085
    outer loop
      vertex 48.4341 8.67907 1.8
      vertex 48.1527 10.4367 5.72205e-07
      vertex 48.1556 10.4374 5.72205e-07
    endloop
  endfacet
  facet normal 0.0558692 -0.709892 -0.702091
    outer loop
      vertex 48.7 10.4802 5.72205e-07
      vertex 48.7 8.7 1.8
      vertex 48.1585 10.4376 5.72205e-07
    endloop
  endfacet
  facet normal 0.0558711 0.709892 -0.702091
    outer loop
      vertex 48.1585 3.5624 5.72205e-07
      vertex 48.4341 5.32093 1.8
      vertex 48.7 5.3 1.8
    endloop
  endfacet
  facet normal 0.0558945 0.709889 -0.702092
    outer loop
      vertex 48.4341 5.32093 1.8
      vertex 48.1585 3.5624 5.72205e-07
      vertex 48.1556 3.56263 5.72205e-07
    endloop
  endfacet
  facet normal 0.0558698 0.709892 -0.702091
    outer loop
      vertex 48.7 5.3 1.8
      vertex 48.7 3.51978 5.72205e-07
      vertex 48.1585 3.5624 5.72205e-07
    endloop
  endfacet
  facet normal -0.657915 0.272433 -0.702088
    outer loop
      vertex 50.2147 6.22822 1.8
      vertex 51.802 5.42272 5.72205e-07
      vertex 51.8009 5.42001 5.72205e-07
    endloop
  endfacet
  facet normal -0.657883 0.272504 -0.702091
    outer loop
      vertex 51.802 5.42272 5.72205e-07
      vertex 50.2147 6.22822 1.8
      vertex 50.3168 6.47467 1.8
    endloop
  endfacet
  facet normal 0.272504 0.657883 -0.702091
    outer loop
      vertex 48.1747 5.3832 1.8
      vertex 47.6246 3.69012 5.72205e-07
      vertex 47.1227 3.89798 5.72205e-07
    endloop
  endfacet
  facet normal 0.166234 0.692412 -0.702091
    outer loop
      vertex 48.1747 5.3832 1.8
      vertex 48.1527 3.56331 5.72205e-07
      vertex 47.6246 3.69012 5.72205e-07
    endloop
  endfacet
  facet normal 0.607154 0.372064 -0.702091
    outer loop
      vertex 47.1853 6.22822 1.8
      vertex 45.8829 4.95688 5.72205e-07
      vertex 45.5991 5.42001 5.72205e-07
    endloop
  endfacet
  facet normal 0.709892 0.0558705 -0.702091
    outer loop
      vertex 47 7 1.8
      vertex 45.2624 6.4585 5.72205e-07
      vertex 45.2198 7 5.72205e-07
    endloop
  endfacet
  facet normal 0.709892 -0.0558705 -0.702091
    outer loop
      vertex 45.2624 7.5415 5.72205e-07
      vertex 47 7 1.8
      vertex 45.2198 7 5.72205e-07
    endloop
  endfacet
  facet normal 0.607154 -0.372064 -0.702091
    outer loop
      vertex 45.8829 9.04312 5.72205e-07
      vertex 47.1853 7.77178 1.8
      vertex 45.5991 8.57999 5.72205e-07
    endloop
  endfacet
  facet normal 0.657883 -0.272504 -0.702091
    outer loop
      vertex 45.598 8.57728 5.72205e-07
      vertex 47.1853 7.77178 1.8
      vertex 47.0832 7.52533 1.8
    endloop
  endfacet
  facet normal 0.657915 -0.272433 -0.702088
    outer loop
      vertex 47.1853 7.77178 1.8
      vertex 45.598 8.57728 5.72205e-07
      vertex 45.5991 8.57999 5.72205e-07
    endloop
  endfacet
  facet normal 0.372065 -0.607154 -0.702091
    outer loop
      vertex 47.12 10.1009 5.72205e-07
      vertex 47.9282 8.51471 1.8
      vertex 46.6569 9.81709 5.72205e-07
    endloop
  endfacet
  facet normal 0.372069 -0.607151 -0.702091
    outer loop
      vertex 47.7008 8.37533 1.8
      vertex 46.6569 9.81709 5.72205e-07
      vertex 47.9282 8.51471 1.8
    endloop
  endfacet
  facet normal 0.371738 -0.607372 -0.702076
    outer loop
      vertex 46.6569 9.81709 5.72205e-07
      vertex 47.7008 8.37533 1.8
      vertex 46.6544 9.81556 5.72205e-07
    endloop
  endfacet
  facet normal 0.272505 -0.657883 -0.702091
    outer loop
      vertex 47.6246 10.3099 5.72205e-07
      vertex 48.1747 8.6168 1.8
      vertex 47.1227 10.102 5.72205e-07
    endloop
  endfacet
  facet normal 0.166233 -0.692412 -0.702091
    outer loop
      vertex 48.1527 10.4367 5.72205e-07
      vertex 48.1747 8.6168 1.8
      vertex 47.6246 10.3099 5.72205e-07
    endloop
  endfacet
  facet normal 0.0558371 -0.709896 -0.70209
    outer loop
      vertex 48.1585 10.4376 5.72205e-07
      vertex 48.4341 8.67907 1.8
      vertex 48.1556 10.4374 5.72205e-07
    endloop
  endfacet
  facet normal 0.0558711 -0.709892 -0.702091
    outer loop
      vertex 48.4341 8.67907 1.8
      vertex 48.1585 10.4376 5.72205e-07
      vertex 48.7 8.7 1.8
    endloop
  endfacet
  facet normal -0.272481 0.657893 -0.70209
    outer loop
      vertex 50.2773 3.89798 5.72205e-07
      vertex 49.4718 5.48529 1.8
      vertex 50.28 3.8991 5.72205e-07
    endloop
  endfacet
  facet normal -0.272507 0.657881 -0.702091
    outer loop
      vertex 49.4718 5.48529 1.8
      vertex 50.2773 3.89798 5.72205e-07
      vertex 49.2253 5.3832 1.8
    endloop
  endfacet
  facet normal -0.0558698 0.709892 -0.702091
    outer loop
      vertex 49.2415 3.5624 5.72205e-07
      vertex 48.7 3.51978 5.72205e-07
      vertex 48.7 5.3 1.8
    endloop
  endfacet
  facet normal -0.692412 0.166236 -0.702091
    outer loop
      vertex 52.1367 6.45272 5.72205e-07
      vertex 52.0099 5.92455 5.72205e-07
      vertex 50.3168 6.47467 1.8
    endloop
  endfacet
  facet normal -0.657884 0.272501 -0.702091
    outer loop
      vertex 52.0099 5.92455 5.72205e-07
      vertex 51.802 5.42272 5.72205e-07
      vertex 50.3168 6.47467 1.8
    endloop
  endfacet
  facet normal 0.462465 0.541474 -0.702091
    outer loop
      vertex 47.7008 5.62467 1.8
      vertex 46.6544 4.18444 5.72205e-07
      vertex 46.2413 4.53721 5.72205e-07
    endloop
  endfacet
  facet normal 0.692412 0.166231 -0.702091
    outer loop
      vertex 47.0832 6.47467 1.8
      vertex 45.3901 5.92455 5.72205e-07
      vertex 45.2633 6.45272 5.72205e-07
    endloop
  endfacet
  facet normal 0.657915 0.272433 -0.702088
    outer loop
      vertex 45.598 5.42272 5.72205e-07
      vertex 47.1853 6.22822 1.8
      vertex 45.5991 5.42001 5.72205e-07
    endloop
  endfacet
  facet normal 0.657883 0.272504 -0.702091
    outer loop
      vertex 47.1853 6.22822 1.8
      vertex 45.598 5.42272 5.72205e-07
      vertex 47.0832 6.47467 1.8
    endloop
  endfacet
  facet normal 0.541477 -0.462462 -0.702091
    outer loop
      vertex 46.2372 9.45866 5.72205e-07
      vertex 47.3247 7.99923 1.8
      vertex 45.8844 9.04562 5.72205e-07
    endloop
  endfacet
  facet normal 0.607154 -0.372064 -0.702091
    outer loop
      vertex 45.8829 9.04312 5.72205e-07
      vertex 47.3247 7.99923 1.8
      vertex 47.1853 7.77178 1.8
    endloop
  endfacet
  facet normal 0.606884 -0.372469 -0.70211
    outer loop
      vertex 47.3247 7.99923 1.8
      vertex 45.8829 9.04312 5.72205e-07
      vertex 45.8844 9.04562 5.72205e-07
    endloop
  endfacet
  facet normal -0.0558945 0.709889 -0.702092
    outer loop
      vertex 49.2415 3.5624 5.72205e-07
      vertex 48.9659 5.32093 1.8
      vertex 49.2444 3.56263 5.72205e-07
    endloop
  endfacet
  facet normal -0.0558711 0.709892 -0.702091
    outer loop
      vertex 48.9659 5.32093 1.8
      vertex 49.2415 3.5624 5.72205e-07
      vertex 48.7 5.3 1.8
    endloop
  endfacet
  facet normal -0.272504 0.657883 -0.702091
    outer loop
      vertex 50.2773 3.89798 5.72205e-07
      vertex 49.7754 3.69012 5.72205e-07
      vertex 49.2253 5.3832 1.8
    endloop
  endfacet
  facet normal -0.462641 0.541312 -0.7021
    outer loop
      vertex 51.1587 4.53721 5.72205e-07
      vertex 49.9021 5.79792 1.8
      vertex 51.1609 4.53911 5.72205e-07
    endloop
  endfacet
  facet normal -0.462464 0.541475 -0.702091
    outer loop
      vertex 49.9021 5.79792 1.8
      vertex 51.1587 4.53721 5.72205e-07
      vertex 49.6992 5.62467 1.8
    endloop
  endfacet
  facet normal -0.541047 0.462928 -0.702116
    outer loop
      vertex 49.9021 5.79792 1.8
      vertex 51.1628 4.54134 5.72205e-07
      vertex 51.1609 4.53911 5.72205e-07
    endloop
  endfacet
  facet normal -0.541474 0.462465 -0.702091
    outer loop
      vertex 51.1628 4.54134 5.72205e-07
      vertex 49.9021 5.79792 1.8
      vertex 50.0753 6.00077 1.8
    endloop
  endfacet
  facet normal -0.607154 0.372064 -0.702091
    outer loop
      vertex 51.8009 5.42001 5.72205e-07
      vertex 51.5171 4.95688 5.72205e-07
      vertex 50.2147 6.22822 1.8
    endloop
  endfacet
  facet normal -0.692483 0.165881 -0.702105
    outer loop
      vertex 52.1367 6.45272 5.72205e-07
      vertex 50.3791 6.73406 1.8
      vertex 52.1374 6.45557 5.72205e-07
    endloop
  endfacet
  facet normal -0.692412 0.166235 -0.702091
    outer loop
      vertex 50.3791 6.73406 1.8
      vertex 52.1367 6.45272 5.72205e-07
      vertex 50.3168 6.47467 1.8
    endloop
  endfacet
  facet normal 0.541525 0.46241 -0.702089
    outer loop
      vertex 46.2372 4.54134 5.72205e-07
      vertex 47.4979 5.79792 1.8
      vertex 46.2391 4.53911 5.72205e-07
    endloop
  endfacet
  facet normal 0.541474 0.462465 -0.702091
    outer loop
      vertex 47.4979 5.79792 1.8
      vertex 46.2372 4.54134 5.72205e-07
      vertex 47.3247 6.00077 1.8
    endloop
  endfacet
  facet normal 0.462464 0.541475 -0.702091
    outer loop
      vertex 46.2413 4.53721 5.72205e-07
      vertex 47.4979 5.79792 1.8
      vertex 47.7008 5.62467 1.8
    endloop
  endfacet
  facet normal 0.462198 0.54172 -0.702077
    outer loop
      vertex 47.4979 5.79792 1.8
      vertex 46.2413 4.53721 5.72205e-07
      vertex 46.2391 4.53911 5.72205e-07
    endloop
  endfacet
  facet normal 0.372069 0.607151 -0.702091
    outer loop
      vertex 46.6569 4.18291 5.72205e-07
      vertex 47.7008 5.62467 1.8
      vertex 47.9282 5.48529 1.8
    endloop
  endfacet
  facet normal 0.37182 0.607317 -0.70208
    outer loop
      vertex 47.7008 5.62467 1.8
      vertex 46.6569 4.18291 5.72205e-07
      vertex 46.6544 4.18444 5.72205e-07
    endloop
  endfacet
  facet normal 0.372065 0.607154 -0.702091
    outer loop
      vertex 47.9282 5.48529 1.8
      vertex 47.12 3.8991 5.72205e-07
      vertex 46.6569 4.18291 5.72205e-07
    endloop
  endfacet
  facet normal 0.272503 0.657883 -0.702091
    outer loop
      vertex 47.1227 3.89798 5.72205e-07
      vertex 47.9282 5.48529 1.8
      vertex 48.1747 5.3832 1.8
    endloop
  endfacet
  facet normal 0.272481 0.657893 -0.70209
    outer loop
      vertex 47.9282 5.48529 1.8
      vertex 47.1227 3.89798 5.72205e-07
      vertex 47.12 3.8991 5.72205e-07
    endloop
  endfacet
  facet normal 0.709891 0.0558736 -0.702091
    outer loop
      vertex 47.0209 6.73406 1.8
      vertex 45.2624 6.4585 5.72205e-07
      vertex 47 7 1.8
    endloop
  endfacet
  facet normal 0.709924 0.0555985 -0.702081
    outer loop
      vertex 45.2624 6.4585 5.72205e-07
      vertex 47.0209 6.73406 1.8
      vertex 45.2626 6.45557 5.72205e-07
    endloop
  endfacet
  facet normal 0.692412 0.166235 -0.702091
    outer loop
      vertex 45.2633 6.45272 5.72205e-07
      vertex 47.0209 6.73406 1.8
      vertex 47.0832 6.47467 1.8
    endloop
  endfacet
  facet normal 0.692306 0.166765 -0.70207
    outer loop
      vertex 47.0209 6.73406 1.8
      vertex 45.2633 6.45272 5.72205e-07
      vertex 45.2626 6.45557 5.72205e-07
    endloop
  endfacet
  facet normal 0.657882 0.272505 -0.702091
    outer loop
      vertex 47.0832 6.47467 1.8
      vertex 45.598 5.42272 5.72205e-07
      vertex 45.3901 5.92455 5.72205e-07
    endloop
  endfacet
  facet normal -0.166265 0.692406 -0.70209
    outer loop
      vertex 48.9659 5.32093 1.8
      vertex 49.2473 3.56331 5.72205e-07
      vertex 49.2444 3.56263 5.72205e-07
    endloop
  endfacet
  facet normal -0.166232 0.692412 -0.702091
    outer loop
      vertex 49.2473 3.56331 5.72205e-07
      vertex 48.9659 5.32093 1.8
      vertex 49.2253 5.3832 1.8
    endloop
  endfacet
  facet normal -0.166234 0.692412 -0.702091
    outer loop
      vertex 49.7754 3.69012 5.72205e-07
      vertex 49.2473 3.56331 5.72205e-07
      vertex 49.2253 5.3832 1.8
    endloop
  endfacet
  facet normal -0.541477 0.462462 -0.702091
    outer loop
      vertex 51.5156 4.95438 5.72205e-07
      vertex 51.1628 4.54134 5.72205e-07
      vertex 50.0753 6.00077 1.8
    endloop
  endfacet
  facet normal -0.606951 0.372368 -0.702105
    outer loop
      vertex 50.0753 6.00077 1.8
      vertex 51.5171 4.95688 5.72205e-07
      vertex 51.5156 4.95438 5.72205e-07
    endloop
  endfacet
  facet normal -0.607154 0.372064 -0.702091
    outer loop
      vertex 51.5171 4.95688 5.72205e-07
      vertex 50.0753 6.00077 1.8
      vertex 50.2147 6.22822 1.8
    endloop
  endfacet
  facet normal -0.85264 0.522498 0
    outer loop
      vertex 80.5607 51.6481 5.72205e-07
      vertex 80.7493 51.9558 5
      vertex 80.7493 51.9558 5.72205e-07
    endloop
  endfacet
  facet normal -0.85264 0.522498 0
    outer loop
      vertex 80.7493 51.9558 5
      vertex 80.5607 51.6481 5.72205e-07
      vertex 80.5607 51.6481 5
    endloop
  endfacet
  facet normal 0.972366 0.23346 0
    outer loop
      vertex 76.5126 52.2893 5
      vertex 76.4283 52.6402 5.72205e-07
      vertex 76.4283 52.6402 5
    endloop
  endfacet
  facet normal 0.972366 0.23346 0
    outer loop
      vertex 76.4283 52.6402 5.72205e-07
      vertex 76.5126 52.2893 5
      vertex 76.5126 52.2893 5.72205e-07
    endloop
  endfacet
  facet normal -0.760412 0.649441 0
    outer loop
      vertex 80.3263 51.3737 5.72205e-07
      vertex 80.5607 51.6481 5
      vertex 80.5607 51.6481 5.72205e-07
    endloop
  endfacet
  facet normal -0.760412 0.649441 0
    outer loop
      vertex 80.5607 51.6481 5
      vertex 80.3263 51.3737 5.72205e-07
      vertex 80.3263 51.3737 5
    endloop
  endfacet
  facet normal -0.233443 0.972371 0
    outer loop
      vertex 79.4107 50.8126 5.72205e-07
      vertex 79.0598 50.7283 5
      vertex 79.4107 50.8126 5
    endloop
  endfacet
  facet normal -0.233443 0.972371 0
    outer loop
      vertex 79.0598 50.7283 5
      vertex 79.4107 50.8126 5.72205e-07
      vertex 79.0598 50.7283 5.72205e-07
    endloop
  endfacet
  facet normal 0.522494 0.852643 -0
    outer loop
      vertex 77.6558 50.9507 5.72205e-07
      vertex 77.3481 51.1393 5
      vertex 77.6558 50.9507 5
    endloop
  endfacet
  facet normal 0.522494 0.852643 0
    outer loop
      vertex 77.3481 51.1393 5
      vertex 77.6558 50.9507 5.72205e-07
      vertex 77.3481 51.1393 5.72205e-07
    endloop
  endfacet
  facet normal 0.92388 0.382683 0
    outer loop
      vertex 76.6507 51.9558 5
      vertex 76.5126 52.2893 5.72205e-07
      vertex 76.5126 52.2893 5
    endloop
  endfacet
  facet normal 0.92388 0.382683 0
    outer loop
      vertex 76.5126 52.2893 5.72205e-07
      vertex 76.6507 51.9558 5
      vertex 76.6507 51.9558 5.72205e-07
    endloop
  endfacet
  facet normal -0.996917 -0.0784689 0
    outer loop
      vertex 81 53 5.72205e-07
      vertex 80.9717 53.3598 5
      vertex 80.9717 53.3598 5.72205e-07
    endloop
  endfacet
  facet normal -0.996917 -0.0784689 0
    outer loop
      vertex 80.9717 53.3598 5
      vertex 81 53 5.72205e-07
      vertex 81 53 5
    endloop
  endfacet
  facet normal -0.649442 0.760411 0
    outer loop
      vertex 80.3263 51.3737 5.72205e-07
      vertex 80.0519 51.1393 5
      vertex 80.3263 51.3737 5
    endloop
  endfacet
  facet normal -0.649442 0.760411 0
    outer loop
      vertex 80.0519 51.1393 5
      vertex 80.3263 51.3737 5.72205e-07
      vertex 80.0519 51.1393 5.72205e-07
    endloop
  endfacet
  facet normal 0.0784592 0.996917 -0
    outer loop
      vertex 78.7 50.7 5.72205e-07
      vertex 78.3402 50.7283 5
      vertex 78.7 50.7 5
    endloop
  endfacet
  facet normal 0.0784592 0.996917 0
    outer loop
      vertex 78.3402 50.7283 5
      vertex 78.7 50.7 5.72205e-07
      vertex 78.3402 50.7283 5.72205e-07
    endloop
  endfacet
  facet normal -0.522503 0.852637 0
    outer loop
      vertex 80.0519 51.1393 5.72205e-07
      vertex 79.7442 50.9507 5
      vertex 80.0519 51.1393 5
    endloop
  endfacet
  facet normal -0.522503 0.852637 0
    outer loop
      vertex 79.7442 50.9507 5
      vertex 80.0519 51.1393 5.72205e-07
      vertex 79.7442 50.9507 5.72205e-07
    endloop
  endfacet
  facet normal 0.996918 0.0784479 0
    outer loop
      vertex 76.4283 52.6402 5
      vertex 76.4 53 5.72205e-07
      vertex 76.4 53 5
    endloop
  endfacet
  facet normal 0.996918 0.0784479 0
    outer loop
      vertex 76.4 53 5.72205e-07
      vertex 76.4283 52.6402 5
      vertex 76.4283 52.6402 5.72205e-07
    endloop
  endfacet
  facet normal 0.85264 0.522498 0
    outer loop
      vertex 76.8393 51.6481 5
      vertex 76.6507 51.9558 5.72205e-07
      vertex 76.6507 51.9558 5
    endloop
  endfacet
  facet normal 0.85264 0.522498 0
    outer loop
      vertex 76.6507 51.9558 5.72205e-07
      vertex 76.8393 51.6481 5
      vertex 76.8393 51.6481 5.72205e-07
    endloop
  endfacet
  facet normal 0.649452 0.760402 -0
    outer loop
      vertex 77.3481 51.1393 5.72205e-07
      vertex 77.0737 51.3737 5
      vertex 77.3481 51.1393 5
    endloop
  endfacet
  facet normal 0.649452 0.760402 0
    outer loop
      vertex 77.0737 51.3737 5
      vertex 77.3481 51.1393 5.72205e-07
      vertex 77.0737 51.3737 5.72205e-07
    endloop
  endfacet
  facet normal 0.382687 0.923878 -0
    outer loop
      vertex 77.9893 50.8126 5.72205e-07
      vertex 77.6558 50.9507 5
      vertex 77.9893 50.8126 5
    endloop
  endfacet
  facet normal 0.382687 0.923878 0
    outer loop
      vertex 77.6558 50.9507 5
      vertex 77.9893 50.8126 5.72205e-07
      vertex 77.6558 50.9507 5.72205e-07
    endloop
  endfacet
  facet normal 0.760412 0.649441 0
    outer loop
      vertex 77.0737 51.3737 5
      vertex 76.8393 51.6481 5.72205e-07
      vertex 76.8393 51.6481 5
    endloop
  endfacet
  facet normal 0.760412 0.649441 0
    outer loop
      vertex 76.8393 51.6481 5.72205e-07
      vertex 77.0737 51.3737 5
      vertex 77.0737 51.3737 5.72205e-07
    endloop
  endfacet
  facet normal -0.996917 0.0784689 0
    outer loop
      vertex 80.9717 52.6402 5.72205e-07
      vertex 81 53 5
      vertex 81 53 5.72205e-07
    endloop
  endfacet
  facet normal -0.996917 0.0784689 0
    outer loop
      vertex 81 53 5
      vertex 80.9717 52.6402 5.72205e-07
      vertex 80.9717 52.6402 5
    endloop
  endfacet
  facet normal -0.649442 -0.760411 0
    outer loop
      vertex 80.0519 54.8607 5.72205e-07
      vertex 80.3263 54.6263 5
      vertex 80.0519 54.8607 5
    endloop
  endfacet
  facet normal -0.649442 -0.760411 -0
    outer loop
      vertex 80.3263 54.6263 5
      vertex 80.0519 54.8607 5.72205e-07
      vertex 80.3263 54.6263 5.72205e-07
    endloop
  endfacet
  facet normal -0.972371 0.23344 0
    outer loop
      vertex 80.8874 52.2893 5.72205e-07
      vertex 80.9717 52.6402 5
      vertex 80.9717 52.6402 5.72205e-07
    endloop
  endfacet
  facet normal -0.972371 0.23344 0
    outer loop
      vertex 80.9717 52.6402 5
      vertex 80.8874 52.2893 5.72205e-07
      vertex 80.8874 52.2893 5
    endloop
  endfacet
  facet normal -0.92388 0.382683 0
    outer loop
      vertex 80.7493 51.9558 5.72205e-07
      vertex 80.8874 52.2893 5
      vertex 80.8874 52.2893 5.72205e-07
    endloop
  endfacet
  facet normal -0.92388 0.382683 0
    outer loop
      vertex 80.8874 52.2893 5
      vertex 80.7493 51.9558 5.72205e-07
      vertex 80.7493 51.9558 5
    endloop
  endfacet
  facet normal -0.0784576 0.996917 0
    outer loop
      vertex 79.0598 50.7283 5.72205e-07
      vertex 78.7 50.7 5
      vertex 79.0598 50.7283 5
    endloop
  endfacet
  facet normal -0.0784576 0.996917 0
    outer loop
      vertex 78.7 50.7 5
      vertex 79.0598 50.7283 5.72205e-07
      vertex 78.7 50.7 5.72205e-07
    endloop
  endfacet
  facet normal -0.38268 0.923881 0
    outer loop
      vertex 79.7442 50.9507 5.72205e-07
      vertex 79.4107 50.8126 5
      vertex 79.7442 50.9507 5
    endloop
  endfacet
  facet normal -0.38268 0.923881 0
    outer loop
      vertex 79.4107 50.8126 5
      vertex 79.7442 50.9507 5.72205e-07
      vertex 79.4107 50.8126 5.72205e-07
    endloop
  endfacet
  facet normal 0.233438 0.972372 -0
    outer loop
      vertex 78.3402 50.7283 5.72205e-07
      vertex 77.9893 50.8126 5
      vertex 78.3402 50.7283 5
    endloop
  endfacet
  facet normal 0.233438 0.972372 0
    outer loop
      vertex 77.9893 50.8126 5
      vertex 78.3402 50.7283 5.72205e-07
      vertex 77.9893 50.8126 5.72205e-07
    endloop
  endfacet
  facet normal -0.85264 -0.522498 0
    outer loop
      vertex 80.7493 54.0442 5.72205e-07
      vertex 80.5607 54.3519 5
      vertex 80.5607 54.3519 5.72205e-07
    endloop
  endfacet
  facet normal -0.85264 -0.522498 0
    outer loop
      vertex 80.5607 54.3519 5
      vertex 80.7493 54.0442 5.72205e-07
      vertex 80.7493 54.0442 5
    endloop
  endfacet
  facet normal 0.0784592 -0.996917 0
    outer loop
      vertex 78.3402 55.2717 5.72205e-07
      vertex 78.7 55.3 5
      vertex 78.3402 55.2717 5
    endloop
  endfacet
  facet normal 0.0784592 -0.996917 0
    outer loop
      vertex 78.7 55.3 5
      vertex 78.3402 55.2717 5.72205e-07
      vertex 78.7 55.3 5.72205e-07
    endloop
  endfacet
  facet normal 0.996918 -0.0784479 0
    outer loop
      vertex 76.4 53 5
      vertex 76.4283 53.3598 5.72205e-07
      vertex 76.4283 53.3598 5
    endloop
  endfacet
  facet normal 0.996918 -0.0784479 0
    outer loop
      vertex 76.4283 53.3598 5.72205e-07
      vertex 76.4 53 5
      vertex 76.4 53 5.72205e-07
    endloop
  endfacet
  facet normal 0.85264 -0.522498 0
    outer loop
      vertex 76.6507 54.0442 5
      vertex 76.8393 54.3519 5.72205e-07
      vertex 76.8393 54.3519 5
    endloop
  endfacet
  facet normal 0.85264 -0.522498 0
    outer loop
      vertex 76.8393 54.3519 5.72205e-07
      vertex 76.6507 54.0442 5
      vertex 76.6507 54.0442 5.72205e-07
    endloop
  endfacet
  facet normal -0.233453 -0.972368 0
    outer loop
      vertex 79.0598 55.2717 5.72205e-07
      vertex 79.4107 55.1874 5
      vertex 79.0598 55.2717 5
    endloop
  endfacet
  facet normal -0.233453 -0.972368 -0
    outer loop
      vertex 79.4107 55.1874 5
      vertex 79.0598 55.2717 5.72205e-07
      vertex 79.4107 55.1874 5.72205e-07
    endloop
  endfacet
  facet normal -0.92388 -0.382683 0
    outer loop
      vertex 80.8874 53.7107 5.72205e-07
      vertex 80.7493 54.0442 5
      vertex 80.7493 54.0442 5.72205e-07
    endloop
  endfacet
  facet normal -0.92388 -0.382683 0
    outer loop
      vertex 80.7493 54.0442 5
      vertex 80.8874 53.7107 5.72205e-07
      vertex 80.8874 53.7107 5
    endloop
  endfacet
  facet normal -0.972371 -0.23344 0
    outer loop
      vertex 80.9717 53.3598 5.72205e-07
      vertex 80.8874 53.7107 5
      vertex 80.8874 53.7107 5.72205e-07
    endloop
  endfacet
  facet normal -0.972371 -0.23344 0
    outer loop
      vertex 80.8874 53.7107 5
      vertex 80.9717 53.3598 5.72205e-07
      vertex 80.9717 53.3598 5
    endloop
  endfacet
  facet normal -0.0784576 -0.996917 0
    outer loop
      vertex 78.7 55.3 5.72205e-07
      vertex 79.0598 55.2717 5
      vertex 78.7 55.3 5
    endloop
  endfacet
  facet normal -0.0784576 -0.996917 -0
    outer loop
      vertex 79.0598 55.2717 5
      vertex 78.7 55.3 5.72205e-07
      vertex 79.0598 55.2717 5.72205e-07
    endloop
  endfacet
  facet normal 0.522494 -0.852643 0
    outer loop
      vertex 77.3481 54.8607 5.72205e-07
      vertex 77.6558 55.0493 5
      vertex 77.3481 54.8607 5
    endloop
  endfacet
  facet normal 0.522494 -0.852643 0
    outer loop
      vertex 77.6558 55.0493 5
      vertex 77.3481 54.8607 5.72205e-07
      vertex 77.6558 55.0493 5.72205e-07
    endloop
  endfacet
  facet normal 0.233448 -0.972369 0
    outer loop
      vertex 77.9893 55.1874 5.72205e-07
      vertex 78.3402 55.2717 5
      vertex 77.9893 55.1874 5
    endloop
  endfacet
  facet normal 0.233448 -0.972369 0
    outer loop
      vertex 78.3402 55.2717 5
      vertex 77.9893 55.1874 5.72205e-07
      vertex 78.3402 55.2717 5.72205e-07
    endloop
  endfacet
  facet normal 0 0 -1
    outer loop
      vertex 80.4 53 5
      vertex 81 53 5
      vertex 80.9717 52.6402 5
    endloop
  endfacet
  facet normal 0 0 -1
    outer loop
      vertex 80.3791 52.7341 5
      vertex 80.9717 52.6402 5
      vertex 80.8874 52.2893 5
    endloop
  endfacet
  facet normal 0 0 -1
    outer loop
      vertex 81 53 5
      vertex 80.4 53 5
      vertex 80.9717 53.3598 5
    endloop
  endfacet
  facet normal 0 0 -1
    outer loop
      vertex 80.3168 52.4747 5
      vertex 80.8874 52.2893 5
      vertex 80.7493 51.9558 5
    endloop
  endfacet
  facet normal 0 0 -1
    outer loop
      vertex 80.3791 53.2659 5
      vertex 80.9717 53.3598 5
      vertex 80.4 53 5
    endloop
  endfacet
  facet normal 0 0 -1
    outer loop
      vertex 80.2147 52.2282 5
      vertex 80.7493 51.9558 5
      vertex 80.5607 51.6481 5
    endloop
  endfacet
  facet normal -0 0 -1
    outer loop
      vertex 80.9717 53.3598 5
      vertex 80.3791 53.2659 5
      vertex 80.8874 53.7107 5
    endloop
  endfacet
  facet normal 0 0 -1
    outer loop
      vertex 80.3168 53.5253 5
      vertex 80.8874 53.7107 5
      vertex 80.3791 53.2659 5
    endloop
  endfacet
  facet normal 0 0 -1
    outer loop
      vertex 80.9717 52.6402 5
      vertex 80.3791 52.7341 5
      vertex 80.4 53 5
    endloop
  endfacet
  facet normal 0 0 -1
    outer loop
      vertex 80.0753 52.0008 5
      vertex 80.5607 51.6481 5
      vertex 80.3263 51.3737 5
    endloop
  endfacet
  facet normal 0 0 -1
    outer loop
      vertex 80.8874 52.2893 5
      vertex 80.3168 52.4747 5
      vertex 80.3791 52.7341 5
    endloop
  endfacet
  facet normal 0 0 -1
    outer loop
      vertex 80.7493 51.9558 5
      vertex 80.2147 52.2282 5
      vertex 80.3168 52.4747 5
    endloop
  endfacet
  facet normal 0 0 -1
    outer loop
      vertex 80.5607 51.6481 5
      vertex 80.0753 52.0008 5
      vertex 80.2147 52.2282 5
    endloop
  endfacet
  facet normal 0 0 -1
    outer loop
      vertex 79.9021 51.7979 5
      vertex 80.3263 51.3737 5
      vertex 80.0519 51.1393 5
    endloop
  endfacet
  facet normal 0 0 -1
    outer loop
      vertex 80.3263 51.3737 5
      vertex 79.9021 51.7979 5
      vertex 80.0753 52.0008 5
    endloop
  endfacet
  facet normal 0 0 -1
    outer loop
      vertex 79.6992 51.6247 5
      vertex 80.0519 51.1393 5
      vertex 79.7442 50.9507 5
    endloop
  endfacet
  facet normal 0 0 -1
    outer loop
      vertex 80.0519 51.1393 5
      vertex 79.6992 51.6247 5
      vertex 79.9021 51.7979 5
    endloop
  endfacet
  facet normal 0 0 -1
    outer loop
      vertex 79.7442 50.9507 5
      vertex 79.4718 51.4853 5
      vertex 79.6992 51.6247 5
    endloop
  endfacet
  facet normal 0 0 -1
    outer loop
      vertex 79.4107 50.8126 5
      vertex 79.4718 51.4853 5
      vertex 79.7442 50.9507 5
    endloop
  endfacet
  facet normal 0 0 -1
    outer loop
      vertex 79.4107 50.8126 5
      vertex 79.2253 51.3832 5
      vertex 79.4718 51.4853 5
    endloop
  endfacet
  facet normal 0 0 -1
    outer loop
      vertex 79.0598 50.7283 5
      vertex 79.2253 51.3832 5
      vertex 79.4107 50.8126 5
    endloop
  endfacet
  facet normal 0 0 -1
    outer loop
      vertex 79.0598 50.7283 5
      vertex 78.9659 51.3209 5
      vertex 79.2253 51.3832 5
    endloop
  endfacet
  facet normal 0 0 -1
    outer loop
      vertex 78.7 50.7 5
      vertex 78.9659 51.3209 5
      vertex 79.0598 50.7283 5
    endloop
  endfacet
  facet normal 0 0 -1
    outer loop
      vertex 78.7 50.7 5
      vertex 78.7 51.3 5
      vertex 78.9659 51.3209 5
    endloop
  endfacet
  facet normal 0 0 -1
    outer loop
      vertex 78.7 50.7 5
      vertex 78.4341 51.3209 5
      vertex 78.7 51.3 5
    endloop
  endfacet
  facet normal 0 0 -1
    outer loop
      vertex 78.3402 50.7283 5
      vertex 78.4341 51.3209 5
      vertex 78.7 50.7 5
    endloop
  endfacet
  facet normal 0 0 -1
    outer loop
      vertex 78.3402 50.7283 5
      vertex 78.1747 51.3832 5
      vertex 78.4341 51.3209 5
    endloop
  endfacet
  facet normal 0 0 -1
    outer loop
      vertex 77.9893 50.8126 5
      vertex 78.1747 51.3832 5
      vertex 78.3402 50.7283 5
    endloop
  endfacet
  facet normal 0 0 -1
    outer loop
      vertex 77.9893 50.8126 5
      vertex 77.9282 51.4853 5
      vertex 78.1747 51.3832 5
    endloop
  endfacet
  facet normal 0 0 -1
    outer loop
      vertex 77.6558 50.9507 5
      vertex 77.9282 51.4853 5
      vertex 77.9893 50.8126 5
    endloop
  endfacet
  facet normal -0 0 -1
    outer loop
      vertex 77.9282 51.4853 5
      vertex 77.6558 50.9507 5
      vertex 77.7008 51.6247 5
    endloop
  endfacet
  facet normal 0 0 -1
    outer loop
      vertex 77.3481 51.1393 5
      vertex 77.7008 51.6247 5
      vertex 77.6558 50.9507 5
    endloop
  endfacet
  facet normal -0 0 -1
    outer loop
      vertex 77.7008 51.6247 5
      vertex 77.3481 51.1393 5
      vertex 77.4979 51.7979 5
    endloop
  endfacet
  facet normal 0 0 -1
    outer loop
      vertex 77.0737 51.3737 5
      vertex 77.4979 51.7979 5
      vertex 77.3481 51.1393 5
    endloop
  endfacet
  facet normal -0 0 -1
    outer loop
      vertex 77.4979 51.7979 5
      vertex 77.0737 51.3737 5
      vertex 77.3247 52.0008 5
    endloop
  endfacet
  facet normal 0 0 -1
    outer loop
      vertex 76.8393 51.6481 5
      vertex 77.3247 52.0008 5
      vertex 77.0737 51.3737 5
    endloop
  endfacet
  facet normal -0 0 -1
    outer loop
      vertex 77.3247 52.0008 5
      vertex 76.8393 51.6481 5
      vertex 77.1853 52.2282 5
    endloop
  endfacet
  facet normal 0 0 -1
    outer loop
      vertex 76.6507 51.9558 5
      vertex 77.1853 52.2282 5
      vertex 76.8393 51.6481 5
    endloop
  endfacet
  facet normal -0 0 -1
    outer loop
      vertex 77.1853 52.2282 5
      vertex 76.6507 51.9558 5
      vertex 77.0832 52.4747 5
    endloop
  endfacet
  facet normal 0 0 -1
    outer loop
      vertex 76.5126 52.2893 5
      vertex 77.0832 52.4747 5
      vertex 76.6507 51.9558 5
    endloop
  endfacet
  facet normal -0 0 -1
    outer loop
      vertex 80.8874 53.7107 5
      vertex 80.3168 53.5253 5
      vertex 80.7493 54.0442 5
    endloop
  endfacet
  facet normal 0 0 -1
    outer loop
      vertex 80.2147 53.7718 5
      vertex 80.7493 54.0442 5
      vertex 80.3168 53.5253 5
    endloop
  endfacet
  facet normal -0 0 -1
    outer loop
      vertex 80.7493 54.0442 5
      vertex 80.2147 53.7718 5
      vertex 80.5607 54.3519 5
    endloop
  endfacet
  facet normal 0 0 -1
    outer loop
      vertex 80.0753 53.9992 5
      vertex 80.5607 54.3519 5
      vertex 80.2147 53.7718 5
    endloop
  endfacet
  facet normal -0 0 -1
    outer loop
      vertex 80.5607 54.3519 5
      vertex 80.0753 53.9992 5
      vertex 80.3263 54.6263 5
    endloop
  endfacet
  facet normal 0 0 -1
    outer loop
      vertex 79.9021 54.2021 5
      vertex 80.3263 54.6263 5
      vertex 80.0753 53.9992 5
    endloop
  endfacet
  facet normal -0 0 -1
    outer loop
      vertex 80.3263 54.6263 5
      vertex 79.9021 54.2021 5
      vertex 80.0519 54.8607 5
    endloop
  endfacet
  facet normal 0 0 -1
    outer loop
      vertex 79.6992 54.3753 5
      vertex 80.0519 54.8607 5
      vertex 79.9021 54.2021 5
    endloop
  endfacet
  facet normal -0 0 -1
    outer loop
      vertex 80.0519 54.8607 5
      vertex 79.6992 54.3753 5
      vertex 79.7442 55.0493 5
    endloop
  endfacet
  facet normal 0 0 -1
    outer loop
      vertex 79.4718 54.5147 5
      vertex 79.7442 55.0493 5
      vertex 79.6992 54.3753 5
    endloop
  endfacet
  facet normal 0 0 -1
    outer loop
      vertex 79.4718 54.5147 5
      vertex 79.4107 55.1874 5
      vertex 79.7442 55.0493 5
    endloop
  endfacet
  facet normal 0 0 -1
    outer loop
      vertex 79.2253 54.6168 5
      vertex 79.4107 55.1874 5
      vertex 79.4718 54.5147 5
    endloop
  endfacet
  facet normal 0 0 -1
    outer loop
      vertex 79.2253 54.6168 5
      vertex 79.0598 55.2717 5
      vertex 79.4107 55.1874 5
    endloop
  endfacet
  facet normal 0 0 -1
    outer loop
      vertex 78.9659 54.6791 5
      vertex 79.0598 55.2717 5
      vertex 79.2253 54.6168 5
    endloop
  endfacet
  facet normal 0 0 -1
    outer loop
      vertex 78.7 54.7 5
      vertex 79.0598 55.2717 5
      vertex 78.9659 54.6791 5
    endloop
  endfacet
  facet normal 0 0 -1
    outer loop
      vertex 78.7 54.7 5
      vertex 78.7 55.3 5
      vertex 79.0598 55.2717 5
    endloop
  endfacet
  facet normal 0 0 -1
    outer loop
      vertex 78.4341 54.6791 5
      vertex 78.7 55.3 5
      vertex 78.7 54.7 5
    endloop
  endfacet
  facet normal 0 0 -1
    outer loop
      vertex 78.4341 54.6791 5
      vertex 78.3402 55.2717 5
      vertex 78.7 55.3 5
    endloop
  endfacet
  facet normal 0 0 -1
    outer loop
      vertex 78.1747 54.6168 5
      vertex 78.3402 55.2717 5
      vertex 78.4341 54.6791 5
    endloop
  endfacet
  facet normal 0 0 -1
    outer loop
      vertex 78.1747 54.6168 5
      vertex 77.9893 55.1874 5
      vertex 78.3402 55.2717 5
    endloop
  endfacet
  facet normal 0 0 -1
    outer loop
      vertex 77.9282 54.5147 5
      vertex 77.9893 55.1874 5
      vertex 78.1747 54.6168 5
    endloop
  endfacet
  facet normal 0 0 -1
    outer loop
      vertex 77.6558 55.0493 5
      vertex 77.9282 54.5147 5
      vertex 77.7008 54.3753 5
    endloop
  endfacet
  facet normal 0 0 -1
    outer loop
      vertex 77.9282 54.5147 5
      vertex 77.6558 55.0493 5
      vertex 77.9893 55.1874 5
    endloop
  endfacet
  facet normal 0 0 -1
    outer loop
      vertex 77.3481 54.8607 5
      vertex 77.7008 54.3753 5
      vertex 77.4979 54.2021 5
    endloop
  endfacet
  facet normal 0 0 -1
    outer loop
      vertex 77.7008 54.3753 5
      vertex 77.3481 54.8607 5
      vertex 77.6558 55.0493 5
    endloop
  endfacet
  facet normal 0 0 -1
    outer loop
      vertex 77.0737 54.6263 5
      vertex 77.4979 54.2021 5
      vertex 77.3247 53.9992 5
    endloop
  endfacet
  facet normal 0 0 -1
    outer loop
      vertex 76.8393 54.3519 5
      vertex 77.3247 53.9992 5
      vertex 77.1853 53.7718 5
    endloop
  endfacet
  facet normal 0 0 -1
    outer loop
      vertex 76.6507 54.0442 5
      vertex 77.1853 53.7718 5
      vertex 77.0832 53.5253 5
    endloop
  endfacet
  facet normal 0 0 -1
    outer loop
      vertex 77.4979 54.2021 5
      vertex 77.0737 54.6263 5
      vertex 77.3481 54.8607 5
    endloop
  endfacet
  facet normal 0 0 -1
    outer loop
      vertex 76.5126 53.7107 5
      vertex 77.0832 53.5253 5
      vertex 77.0209 53.2659 5
    endloop
  endfacet
  facet normal 0 0 -1
    outer loop
      vertex 76.4283 53.3598 5
      vertex 77.0209 53.2659 5
      vertex 77 53 5
    endloop
  endfacet
  facet normal -0 0 -1
    outer loop
      vertex 77.0832 52.4747 5
      vertex 76.5126 52.2893 5
      vertex 77.0209 52.7341 5
    endloop
  endfacet
  facet normal 0 0 -1
    outer loop
      vertex 77.3247 53.9992 5
      vertex 76.8393 54.3519 5
      vertex 77.0737 54.6263 5
    endloop
  endfacet
  facet normal 0 0 -1
    outer loop
      vertex 76.4283 52.6402 5
      vertex 77.0209 52.7341 5
      vertex 76.5126 52.2893 5
    endloop
  endfacet
  facet normal 0 0 -1
    outer loop
      vertex 77.1853 53.7718 5
      vertex 76.6507 54.0442 5
      vertex 76.8393 54.3519 5
    endloop
  endfacet
  facet normal -0 0 -1
    outer loop
      vertex 77.0209 52.7341 5
      vertex 76.4283 52.6402 5
      vertex 77 53 5
    endloop
  endfacet
  facet normal 0 0 -1
    outer loop
      vertex 77.0832 53.5253 5
      vertex 76.5126 53.7107 5
      vertex 76.6507 54.0442 5
    endloop
  endfacet
  facet normal 0 0 -1
    outer loop
      vertex 76.4 53 5
      vertex 77 53 5
      vertex 76.4283 52.6402 5
    endloop
  endfacet
  facet normal 0 0 -1
    outer loop
      vertex 77.0209 53.2659 5
      vertex 76.4283 53.3598 5
      vertex 76.5126 53.7107 5
    endloop
  endfacet
  facet normal 0 0 -1
    outer loop
      vertex 77 53 5
      vertex 76.4 53 5
      vertex 76.4283 53.3598 5
    endloop
  endfacet
  facet normal 0.92388 -0.382683 0
    outer loop
      vertex 76.5126 53.7107 5
      vertex 76.6507 54.0442 5.72205e-07
      vertex 76.6507 54.0442 5
    endloop
  endfacet
  facet normal 0.92388 -0.382683 0
    outer loop
      vertex 76.6507 54.0442 5.72205e-07
      vertex 76.5126 53.7107 5
      vertex 76.5126 53.7107 5.72205e-07
    endloop
  endfacet
  facet normal 0.972366 -0.23346 0
    outer loop
      vertex 76.4283 53.3598 5
      vertex 76.5126 53.7107 5.72205e-07
      vertex 76.5126 53.7107 5
    endloop
  endfacet
  facet normal 0.972366 -0.23346 0
    outer loop
      vertex 76.5126 53.7107 5.72205e-07
      vertex 76.4283 53.3598 5
      vertex 76.4283 53.3598 5.72205e-07
    endloop
  endfacet
  facet normal -0.522503 -0.852637 0
    outer loop
      vertex 79.7442 55.0493 5.72205e-07
      vertex 80.0519 54.8607 5
      vertex 79.7442 55.0493 5
    endloop
  endfacet
  facet normal -0.522503 -0.852637 -0
    outer loop
      vertex 80.0519 54.8607 5
      vertex 79.7442 55.0493 5.72205e-07
      vertex 80.0519 54.8607 5.72205e-07
    endloop
  endfacet
  facet normal -0.38268 -0.923881 0
    outer loop
      vertex 79.4107 55.1874 5.72205e-07
      vertex 79.7442 55.0493 5
      vertex 79.4107 55.1874 5
    endloop
  endfacet
  facet normal -0.38268 -0.923881 -0
    outer loop
      vertex 79.7442 55.0493 5
      vertex 79.4107 55.1874 5.72205e-07
      vertex 79.7442 55.0493 5.72205e-07
    endloop
  endfacet
  facet normal -0.760407 -0.649446 0
    outer loop
      vertex 80.5607 54.3519 5.72205e-07
      vertex 80.3263 54.6263 5
      vertex 80.3263 54.6263 5.72205e-07
    endloop
  endfacet
  facet normal -0.760407 -0.649446 0
    outer loop
      vertex 80.3263 54.6263 5
      vertex 80.5607 54.3519 5.72205e-07
      vertex 80.5607 54.3519 5
    endloop
  endfacet
  facet normal 0.382687 -0.923878 0
    outer loop
      vertex 77.6558 55.0493 5.72205e-07
      vertex 77.9893 55.1874 5
      vertex 77.6558 55.0493 5
    endloop
  endfacet
  facet normal 0.382687 -0.923878 0
    outer loop
      vertex 77.9893 55.1874 5
      vertex 77.6558 55.0493 5.72205e-07
      vertex 77.9893 55.1874 5.72205e-07
    endloop
  endfacet
  facet normal 0.760407 -0.649446 0
    outer loop
      vertex 76.8393 54.3519 5
      vertex 77.0737 54.6263 5.72205e-07
      vertex 77.0737 54.6263 5
    endloop
  endfacet
  facet normal 0.760407 -0.649446 0
    outer loop
      vertex 77.0737 54.6263 5.72205e-07
      vertex 76.8393 54.3519 5
      vertex 76.8393 54.3519 5.72205e-07
    endloop
  endfacet
  facet normal 0.649452 -0.760402 0
    outer loop
      vertex 77.0737 54.6263 5.72205e-07
      vertex 77.3481 54.8607 5
      vertex 77.0737 54.6263 5
    endloop
  endfacet
  facet normal 0.649452 -0.760402 0
    outer loop
      vertex 77.3481 54.8607 5
      vertex 77.0737 54.6263 5.72205e-07
      vertex 77.3481 54.8607 5.72205e-07
    endloop
  endfacet
  facet normal -0.996916 0.0784788 0
    outer loop
      vertex 80.3791 52.7341 5
      vertex 80.4 53 6.2
      vertex 80.4 53 5
    endloop
  endfacet
  facet normal -0.996916 0.0784788 0
    outer loop
      vertex 80.4 53 6.2
      vertex 80.3791 52.7341 5
      vertex 80.3791 52.7341 6.2
    endloop
  endfacet
  facet normal 0.996918 0.0784504 0
    outer loop
      vertex 77.0209 52.7341 6.2
      vertex 77 53 5
      vertex 77 53 6.2
    endloop
  endfacet
  facet normal 0.996918 0.0784504 0
    outer loop
      vertex 77 53 5
      vertex 77.0209 52.7341 6.2
      vertex 77.0209 52.7341 5
    endloop
  endfacet
  facet normal -0.0784646 0.996917 0
    outer loop
      vertex 78.9659 51.3209 5
      vertex 78.7 51.3 6.2
      vertex 78.9659 51.3209 6.2
    endloop
  endfacet
  facet normal -0.0784646 0.996917 0
    outer loop
      vertex 78.7 51.3 6.2
      vertex 78.9659 51.3209 5
      vertex 78.7 51.3 5
    endloop
  endfacet
  facet normal -0.760418 0.649434 0
    outer loop
      vertex 79.9021 51.7979 5
      vertex 80.0753 52.0008 6.2
      vertex 80.0753 52.0008 5
    endloop
  endfacet
  facet normal -0.760418 0.649434 0
    outer loop
      vertex 80.0753 52.0008 6.2
      vertex 79.9021 51.7979 5
      vertex 79.9021 51.7979 6.2
    endloop
  endfacet
  facet normal 0.649435 0.760417 -0
    outer loop
      vertex 77.7008 51.6247 5
      vertex 77.4979 51.7979 6.2
      vertex 77.7008 51.6247 6.2
    endloop
  endfacet
  facet normal 0.649435 0.760417 0
    outer loop
      vertex 77.4979 51.7979 6.2
      vertex 77.7008 51.6247 5
      vertex 77.4979 51.7979 5
    endloop
  endfacet
  facet normal 0.382687 0.923878 -0
    outer loop
      vertex 78.1747 51.3832 5
      vertex 77.9282 51.4853 6.2
      vertex 78.1747 51.3832 6.2
    endloop
  endfacet
  facet normal 0.382687 0.923878 0
    outer loop
      vertex 77.9282 51.4853 6.2
      vertex 78.1747 51.3832 5
      vertex 77.9282 51.4853 5
    endloop
  endfacet
  facet normal -0.852629 -0.522517 0
    outer loop
      vertex 80.2147 53.7718 5
      vertex 80.0753 53.9992 6.2
      vertex 80.0753 53.9992 5
    endloop
  endfacet
  facet normal -0.852629 -0.522517 0
    outer loop
      vertex 80.0753 53.9992 6.2
      vertex 80.2147 53.7718 5
      vertex 80.2147 53.7718 6.2
    endloop
  endfacet
  facet normal -0.923885 0.38267 0
    outer loop
      vertex 80.2147 52.2282 5
      vertex 80.3168 52.4747 6.2
      vertex 80.3168 52.4747 5
    endloop
  endfacet
  facet normal -0.923885 0.38267 0
    outer loop
      vertex 80.3168 52.4747 6.2
      vertex 80.2147 52.2282 5
      vertex 80.2147 52.2282 6.2
    endloop
  endfacet
  facet normal -0.972373 0.233434 0
    outer loop
      vertex 80.3168 52.4747 5
      vertex 80.3791 52.7341 6.2
      vertex 80.3791 52.7341 5
    endloop
  endfacet
  facet normal -0.972373 0.233434 0
    outer loop
      vertex 80.3791 52.7341 6.2
      vertex 80.3168 52.4747 5
      vertex 80.3168 52.4747 6.2
    endloop
  endfacet
  facet normal -0.852629 0.522517 0
    outer loop
      vertex 80.0753 52.0008 5
      vertex 80.2147 52.2282 6.2
      vertex 80.2147 52.2282 5
    endloop
  endfacet
  facet normal -0.852629 0.522517 0
    outer loop
      vertex 80.2147 52.2282 6.2
      vertex 80.0753 52.0008 5
      vertex 80.0753 52.0008 6.2
    endloop
  endfacet
  facet normal -0.522513 0.852631 0
    outer loop
      vertex 79.6992 51.6247 5
      vertex 79.4718 51.4853 6.2
      vertex 79.6992 51.6247 6.2
    endloop
  endfacet
  facet normal -0.522513 0.852631 0
    outer loop
      vertex 79.4718 51.4853 6.2
      vertex 79.6992 51.6247 5
      vertex 79.4718 51.4853 5
    endloop
  endfacet
  facet normal -0.382677 0.923882 0
    outer loop
      vertex 79.4718 51.4853 5
      vertex 79.2253 51.3832 6.2
      vertex 79.4718 51.4853 6.2
    endloop
  endfacet
  facet normal -0.382677 0.923882 0
    outer loop
      vertex 79.2253 51.3832 6.2
      vertex 79.4718 51.4853 5
      vertex 79.2253 51.3832 5
    endloop
  endfacet
  facet normal -0.649435 0.760417 0
    outer loop
      vertex 79.9021 51.7979 5
      vertex 79.6992 51.6247 6.2
      vertex 79.9021 51.7979 6.2
    endloop
  endfacet
  facet normal -0.649435 0.760417 0
    outer loop
      vertex 79.6992 51.6247 6.2
      vertex 79.9021 51.7979 5
      vertex 79.6992 51.6247 5
    endloop
  endfacet
  facet normal 0.852642 0.522496 0
    outer loop
      vertex 77.3247 52.0008 6.2
      vertex 77.1853 52.2282 5
      vertex 77.1853 52.2282 6.2
    endloop
  endfacet
  facet normal 0.852642 0.522496 0
    outer loop
      vertex 77.1853 52.2282 5
      vertex 77.3247 52.0008 6.2
      vertex 77.3247 52.0008 5
    endloop
  endfacet
  facet normal 0.760404 0.64945 0
    outer loop
      vertex 77.4979 51.7979 6.2
      vertex 77.3247 52.0008 5
      vertex 77.3247 52.0008 6.2
    endloop
  endfacet
  facet normal 0.760404 0.64945 0
    outer loop
      vertex 77.3247 52.0008 5
      vertex 77.4979 51.7979 6.2
      vertex 77.4979 51.7979 5
    endloop
  endfacet
  facet normal 0.923885 0.38267 0
    outer loop
      vertex 77.1853 52.2282 6.2
      vertex 77.0832 52.4747 5
      vertex 77.0832 52.4747 6.2
    endloop
  endfacet
  facet normal 0.923885 0.38267 0
    outer loop
      vertex 77.0832 52.4747 5
      vertex 77.1853 52.2282 6.2
      vertex 77.1853 52.2282 5
    endloop
  endfacet
  facet normal 0.522513 0.852631 -0
    outer loop
      vertex 77.9282 51.4853 5
      vertex 77.7008 51.6247 6.2
      vertex 77.9282 51.4853 6.2
    endloop
  endfacet
  facet normal 0.522513 0.852631 0
    outer loop
      vertex 77.7008 51.6247 6.2
      vertex 77.9282 51.4853 5
      vertex 77.7008 51.6247 5
    endloop
  endfacet
  facet normal 0.233434 0.972373 -0
    outer loop
      vertex 78.4341 51.3209 5
      vertex 78.1747 51.3832 6.2
      vertex 78.4341 51.3209 6.2
    endloop
  endfacet
  facet normal 0.233434 0.972373 0
    outer loop
      vertex 78.1747 51.3832 6.2
      vertex 78.4341 51.3209 5
      vertex 78.1747 51.3832 5
    endloop
  endfacet
  facet normal 0.649443 -0.76041 0
    outer loop
      vertex 77.4979 54.2021 5
      vertex 77.7008 54.3753 6.2
      vertex 77.4979 54.2021 6.2
    endloop
  endfacet
  facet normal 0.649443 -0.76041 0
    outer loop
      vertex 77.7008 54.3753 6.2
      vertex 77.4979 54.2021 5
      vertex 77.7008 54.3753 5
    endloop
  endfacet
  facet normal 0.382687 -0.923878 0
    outer loop
      vertex 77.9282 54.5147 5
      vertex 78.1747 54.6168 6.2
      vertex 77.9282 54.5147 6.2
    endloop
  endfacet
  facet normal 0.382687 -0.923878 0
    outer loop
      vertex 78.1747 54.6168 6.2
      vertex 77.9282 54.5147 5
      vertex 78.1747 54.6168 5
    endloop
  endfacet
  facet normal 0.852642 -0.522496 0
    outer loop
      vertex 77.1853 53.7718 6.2
      vertex 77.3247 53.9992 5
      vertex 77.3247 53.9992 6.2
    endloop
  endfacet
  facet normal 0.852642 -0.522496 0
    outer loop
      vertex 77.3247 53.9992 5
      vertex 77.1853 53.7718 6.2
      vertex 77.1853 53.7718 5
    endloop
  endfacet
  facet normal 0 0 -1
    outer loop
      vertex 80.3791 52.7341 6.2
      vertex 80.3791 53.2659 6.2
      vertex 80.4 53 6.2
    endloop
  endfacet
  facet normal 0 0 -1
    outer loop
      vertex 80.3168 52.4747 6.2
      vertex 80.3791 53.2659 6.2
      vertex 80.3791 52.7341 6.2
    endloop
  endfacet
  facet normal 0 0 -1
    outer loop
      vertex 80.3168 52.4747 6.2
      vertex 80.3168 53.5253 6.2
      vertex 80.3791 53.2659 6.2
    endloop
  endfacet
  facet normal 0 0 -1
    outer loop
      vertex 80.2147 52.2282 6.2
      vertex 80.3168 53.5253 6.2
      vertex 80.3168 52.4747 6.2
    endloop
  endfacet
  facet normal 0 0 -1
    outer loop
      vertex 80.2147 52.2282 6.2
      vertex 80.2147 53.7718 6.2
      vertex 80.3168 53.5253 6.2
    endloop
  endfacet
  facet normal 0 0 -1
    outer loop
      vertex 80.0753 52.0008 6.2
      vertex 80.2147 53.7718 6.2
      vertex 80.2147 52.2282 6.2
    endloop
  endfacet
  facet normal 0 0 -1
    outer loop
      vertex 80.0753 52.0008 6.2
      vertex 80.0753 53.9992 6.2
      vertex 80.2147 53.7718 6.2
    endloop
  endfacet
  facet normal 0 0 -1
    outer loop
      vertex 79.9021 51.7979 6.2
      vertex 80.0753 53.9992 6.2
      vertex 80.0753 52.0008 6.2
    endloop
  endfacet
  facet normal 0 0 -1
    outer loop
      vertex 79.9021 51.7979 6.2
      vertex 79.9021 54.2021 6.2
      vertex 80.0753 53.9992 6.2
    endloop
  endfacet
  facet normal 0 0 -1
    outer loop
      vertex 79.6992 51.6247 6.2
      vertex 79.9021 54.2021 6.2
      vertex 79.9021 51.7979 6.2
    endloop
  endfacet
  facet normal 0 0 -1
    outer loop
      vertex 79.6992 51.6247 6.2
      vertex 79.6992 54.3753 6.2
      vertex 79.9021 54.2021 6.2
    endloop
  endfacet
  facet normal 0 0 -1
    outer loop
      vertex 79.4718 51.4853 6.2
      vertex 79.6992 54.3753 6.2
      vertex 79.6992 51.6247 6.2
    endloop
  endfacet
  facet normal 0 0 -1
    outer loop
      vertex 79.4718 51.4853 6.2
      vertex 79.4718 54.5147 6.2
      vertex 79.6992 54.3753 6.2
    endloop
  endfacet
  facet normal 0 0 -1
    outer loop
      vertex 79.2253 51.3832 6.2
      vertex 79.4718 54.5147 6.2
      vertex 79.4718 51.4853 6.2
    endloop
  endfacet
  facet normal 0 0 -1
    outer loop
      vertex 79.2253 51.3832 6.2
      vertex 79.2253 54.6168 6.2
      vertex 79.4718 54.5147 6.2
    endloop
  endfacet
  facet normal 0 0 -1
    outer loop
      vertex 78.9659 51.3209 6.2
      vertex 79.2253 54.6168 6.2
      vertex 79.2253 51.3832 6.2
    endloop
  endfacet
  facet normal 0 0 -1
    outer loop
      vertex 78.9659 51.3209 6.2
      vertex 78.9659 54.6791 6.2
      vertex 79.2253 54.6168 6.2
    endloop
  endfacet
  facet normal 0 0 -1
    outer loop
      vertex 78.7 51.3 6.2
      vertex 78.9659 54.6791 6.2
      vertex 78.9659 51.3209 6.2
    endloop
  endfacet
  facet normal 0 0 -1
    outer loop
      vertex 78.7 51.3 6.2
      vertex 78.7 54.7 6.2
      vertex 78.9659 54.6791 6.2
    endloop
  endfacet
  facet normal 0 0 -1
    outer loop
      vertex 78.4341 51.3209 6.2
      vertex 78.7 54.7 6.2
      vertex 78.7 51.3 6.2
    endloop
  endfacet
  facet normal 0 0 -1
    outer loop
      vertex 78.4341 51.3209 6.2
      vertex 78.4341 54.6791 6.2
      vertex 78.7 54.7 6.2
    endloop
  endfacet
  facet normal 0 0 -1
    outer loop
      vertex 78.1747 51.3832 6.2
      vertex 78.4341 54.6791 6.2
      vertex 78.4341 51.3209 6.2
    endloop
  endfacet
  facet normal 0 0 -1
    outer loop
      vertex 78.1747 51.3832 6.2
      vertex 78.1747 54.6168 6.2
      vertex 78.4341 54.6791 6.2
    endloop
  endfacet
  facet normal 0 0 -1
    outer loop
      vertex 77.9282 51.4853 6.2
      vertex 78.1747 54.6168 6.2
      vertex 78.1747 51.3832 6.2
    endloop
  endfacet
  facet normal 0 0 -1
    outer loop
      vertex 77.9282 51.4853 6.2
      vertex 77.9282 54.5147 6.2
      vertex 78.1747 54.6168 6.2
    endloop
  endfacet
  facet normal 0 0 -1
    outer loop
      vertex 77.7008 51.6247 6.2
      vertex 77.9282 54.5147 6.2
      vertex 77.9282 51.4853 6.2
    endloop
  endfacet
  facet normal 0 0 -1
    outer loop
      vertex 77.7008 51.6247 6.2
      vertex 77.7008 54.3753 6.2
      vertex 77.9282 54.5147 6.2
    endloop
  endfacet
  facet normal 0 0 -1
    outer loop
      vertex 77.4979 51.7979 6.2
      vertex 77.7008 54.3753 6.2
      vertex 77.7008 51.6247 6.2
    endloop
  endfacet
  facet normal 0 0 -1
    outer loop
      vertex 77.4979 51.7979 6.2
      vertex 77.4979 54.2021 6.2
      vertex 77.7008 54.3753 6.2
    endloop
  endfacet
  facet normal 0 0 -1
    outer loop
      vertex 77.3247 52.0008 6.2
      vertex 77.4979 54.2021 6.2
      vertex 77.4979 51.7979 6.2
    endloop
  endfacet
  facet normal 0 0 -1
    outer loop
      vertex 77.3247 52.0008 6.2
      vertex 77.3247 53.9992 6.2
      vertex 77.4979 54.2021 6.2
    endloop
  endfacet
  facet normal 0 0 -1
    outer loop
      vertex 77.1853 52.2282 6.2
      vertex 77.3247 53.9992 6.2
      vertex 77.3247 52.0008 6.2
    endloop
  endfacet
  facet normal 0 0 -1
    outer loop
      vertex 77.1853 52.2282 6.2
      vertex 77.1853 53.7718 6.2
      vertex 77.3247 53.9992 6.2
    endloop
  endfacet
  facet normal 0 0 -1
    outer loop
      vertex 77.0832 52.4747 6.2
      vertex 77.1853 53.7718 6.2
      vertex 77.1853 52.2282 6.2
    endloop
  endfacet
  facet normal 0 0 -1
    outer loop
      vertex 77.0832 52.4747 6.2
      vertex 77.0832 53.5253 6.2
      vertex 77.1853 53.7718 6.2
    endloop
  endfacet
  facet normal 0 0 -1
    outer loop
      vertex 77.0209 52.7341 6.2
      vertex 77.0832 53.5253 6.2
      vertex 77.0832 52.4747 6.2
    endloop
  endfacet
  facet normal 0 0 -1
    outer loop
      vertex 77.0209 52.7341 6.2
      vertex 77.0209 53.2659 6.2
      vertex 77.0832 53.5253 6.2
    endloop
  endfacet
  facet normal 0 -0 -1
    outer loop
      vertex 77.0209 53.2659 6.2
      vertex 77.0209 52.7341 6.2
      vertex 77 53 6.2
    endloop
  endfacet
  facet normal -0.233434 0.972373 0
    outer loop
      vertex 79.2253 51.3832 5
      vertex 78.9659 51.3209 6.2
      vertex 79.2253 51.3832 6.2
    endloop
  endfacet
  facet normal -0.233434 0.972373 0
    outer loop
      vertex 78.9659 51.3209 6.2
      vertex 79.2253 51.3832 5
      vertex 78.9659 51.3209 5
    endloop
  endfacet
  facet normal 0.972366 0.233461 0
    outer loop
      vertex 77.0832 52.4747 6.2
      vertex 77.0209 52.7341 5
      vertex 77.0209 52.7341 6.2
    endloop
  endfacet
  facet normal 0.972366 0.233461 0
    outer loop
      vertex 77.0209 52.7341 5
      vertex 77.0832 52.4747 6.2
      vertex 77.0832 52.4747 5
    endloop
  endfacet
  facet normal 0.0784646 0.996917 -0
    outer loop
      vertex 78.7 51.3 5
      vertex 78.4341 51.3209 6.2
      vertex 78.7 51.3 6.2
    endloop
  endfacet
  facet normal 0.0784646 0.996917 0
    outer loop
      vertex 78.4341 51.3209 6.2
      vertex 78.7 51.3 5
      vertex 78.4341 51.3209 5
    endloop
  endfacet
  facet normal -0.0784646 -0.996917 0
    outer loop
      vertex 78.7 54.7 5
      vertex 78.9659 54.6791 6.2
      vertex 78.7 54.7 6.2
    endloop
  endfacet
  facet normal -0.0784646 -0.996917 -0
    outer loop
      vertex 78.9659 54.6791 6.2
      vertex 78.7 54.7 5
      vertex 78.9659 54.6791 5
    endloop
  endfacet
  facet normal -0.382677 -0.923882 0
    outer loop
      vertex 79.2253 54.6168 5
      vertex 79.4718 54.5147 6.2
      vertex 79.2253 54.6168 6.2
    endloop
  endfacet
  facet normal -0.382677 -0.923882 -0
    outer loop
      vertex 79.4718 54.5147 6.2
      vertex 79.2253 54.6168 5
      vertex 79.4718 54.5147 5
    endloop
  endfacet
  facet normal -0.760418 -0.649434 0
    outer loop
      vertex 80.0753 53.9992 5
      vertex 79.9021 54.2021 6.2
      vertex 79.9021 54.2021 5
    endloop
  endfacet
  facet normal -0.760418 -0.649434 0
    outer loop
      vertex 79.9021 54.2021 6.2
      vertex 80.0753 53.9992 5
      vertex 80.0753 53.9992 6.2
    endloop
  endfacet
  facet normal -0.522502 -0.852638 0
    outer loop
      vertex 79.4718 54.5147 5
      vertex 79.6992 54.3753 6.2
      vertex 79.4718 54.5147 6.2
    endloop
  endfacet
  facet normal -0.522502 -0.852638 -0
    outer loop
      vertex 79.6992 54.3753 6.2
      vertex 79.4718 54.5147 5
      vertex 79.6992 54.3753 5
    endloop
  endfacet
  facet normal -0.923883 -0.382675 0
    outer loop
      vertex 80.3168 53.5253 5
      vertex 80.2147 53.7718 6.2
      vertex 80.2147 53.7718 5
    endloop
  endfacet
  facet normal -0.923883 -0.382675 0
    outer loop
      vertex 80.2147 53.7718 6.2
      vertex 80.3168 53.5253 5
      vertex 80.3168 53.5253 6.2
    endloop
  endfacet
  facet normal -0.972373 -0.233434 0
    outer loop
      vertex 80.3791 53.2659 5
      vertex 80.3168 53.5253 6.2
      vertex 80.3168 53.5253 5
    endloop
  endfacet
  facet normal -0.972373 -0.233434 0
    outer loop
      vertex 80.3168 53.5253 6.2
      vertex 80.3791 53.2659 5
      vertex 80.3791 53.2659 6.2
    endloop
  endfacet
  facet normal 0.522502 -0.852638 0
    outer loop
      vertex 77.7008 54.3753 5
      vertex 77.9282 54.5147 6.2
      vertex 77.7008 54.3753 6.2
    endloop
  endfacet
  facet normal 0.522502 -0.852638 0
    outer loop
      vertex 77.9282 54.5147 6.2
      vertex 77.7008 54.3753 5
      vertex 77.9282 54.5147 5
    endloop
  endfacet
  facet normal 0.233447 -0.97237 0
    outer loop
      vertex 78.1747 54.6168 5
      vertex 78.4341 54.6791 6.2
      vertex 78.1747 54.6168 6.2
    endloop
  endfacet
  facet normal 0.233447 -0.97237 0
    outer loop
      vertex 78.4341 54.6791 6.2
      vertex 78.1747 54.6168 5
      vertex 78.4341 54.6791 5
    endloop
  endfacet
  facet normal 0.760404 -0.64945 0
    outer loop
      vertex 77.3247 53.9992 6.2
      vertex 77.4979 54.2021 5
      vertex 77.4979 54.2021 6.2
    endloop
  endfacet
  facet normal 0.760404 -0.64945 0
    outer loop
      vertex 77.4979 54.2021 5
      vertex 77.3247 53.9992 6.2
      vertex 77.3247 53.9992 5
    endloop
  endfacet
  facet normal 0.923883 -0.382675 0
    outer loop
      vertex 77.0832 53.5253 6.2
      vertex 77.1853 53.7718 5
      vertex 77.1853 53.7718 6.2
    endloop
  endfacet
  facet normal 0.923883 -0.382675 0
    outer loop
      vertex 77.1853 53.7718 5
      vertex 77.0832 53.5253 6.2
      vertex 77.0832 53.5253 5
    endloop
  endfacet
  facet normal 0.996918 -0.0784504 0
    outer loop
      vertex 77 53 6.2
      vertex 77.0209 53.2659 5
      vertex 77.0209 53.2659 6.2
    endloop
  endfacet
  facet normal 0.996918 -0.0784504 0
    outer loop
      vertex 77.0209 53.2659 5
      vertex 77 53 6.2
      vertex 77 53 5
    endloop
  endfacet
  facet normal -0.233447 -0.97237 0
    outer loop
      vertex 78.9659 54.6791 5
      vertex 79.2253 54.6168 6.2
      vertex 78.9659 54.6791 6.2
    endloop
  endfacet
  facet normal -0.233447 -0.97237 -0
    outer loop
      vertex 79.2253 54.6168 6.2
      vertex 78.9659 54.6791 5
      vertex 79.2253 54.6168 5
    endloop
  endfacet
  facet normal -0.649443 -0.76041 0
    outer loop
      vertex 79.6992 54.3753 5
      vertex 79.9021 54.2021 6.2
      vertex 79.6992 54.3753 6.2
    endloop
  endfacet
  facet normal -0.649443 -0.76041 -0
    outer loop
      vertex 79.9021 54.2021 6.2
      vertex 79.6992 54.3753 5
      vertex 79.9021 54.2021 5
    endloop
  endfacet
  facet normal -0.996916 -0.0784788 0
    outer loop
      vertex 80.4 53 5
      vertex 80.3791 53.2659 6.2
      vertex 80.3791 53.2659 5
    endloop
  endfacet
  facet normal -0.996916 -0.0784788 0
    outer loop
      vertex 80.3791 53.2659 6.2
      vertex 80.4 53 5
      vertex 80.4 53 6.2
    endloop
  endfacet
  facet normal 0.0784646 -0.996917 0
    outer loop
      vertex 78.4341 54.6791 5
      vertex 78.7 54.7 6.2
      vertex 78.4341 54.6791 6.2
    endloop
  endfacet
  facet normal 0.0784646 -0.996917 0
    outer loop
      vertex 78.7 54.7 6.2
      vertex 78.4341 54.6791 5
      vertex 78.7 54.7 5
    endloop
  endfacet
  facet normal 0.972366 -0.233461 0
    outer loop
      vertex 77.0209 53.2659 6.2
      vertex 77.0832 53.5253 5
      vertex 77.0832 53.5253 6.2
    endloop
  endfacet
  facet normal 0.972366 -0.233461 0
    outer loop
      vertex 77.0832 53.5253 5
      vertex 77.0209 53.2659 6.2
      vertex 77.0209 53.2659 5
    endloop
  endfacet
  facet normal 0 0 -1
    outer loop
      vertex 80.4 5 5
      vertex 81 5 5
      vertex 80.9717 4.6402 5
    endloop
  endfacet
  facet normal 0 0 -1
    outer loop
      vertex 80.3791 4.73406 5
      vertex 80.9717 4.6402 5
      vertex 80.8874 4.28926 5
    endloop
  endfacet
  facet normal 0 0 -1
    outer loop
      vertex 81 5 5
      vertex 80.4 5 5
      vertex 80.9717 5.3598 5
    endloop
  endfacet
  facet normal 0 0 -1
    outer loop
      vertex 80.3168 4.47467 5
      vertex 80.8874 4.28926 5
      vertex 80.7493 3.95582 5
    endloop
  endfacet
  facet normal 0 0 -1
    outer loop
      vertex 80.3791 5.26594 5
      vertex 80.9717 5.3598 5
      vertex 80.4 5 5
    endloop
  endfacet
  facet normal 0 0 -1
    outer loop
      vertex 80.2147 4.22822 5
      vertex 80.7493 3.95582 5
      vertex 80.5607 3.64809 5
    endloop
  endfacet
  facet normal -0 0 -1
    outer loop
      vertex 80.9717 5.3598 5
      vertex 80.3791 5.26594 5
      vertex 80.8874 5.71074 5
    endloop
  endfacet
  facet normal 0 0 -1
    outer loop
      vertex 80.3168 5.52533 5
      vertex 80.8874 5.71074 5
      vertex 80.3791 5.26594 5
    endloop
  endfacet
  facet normal 0 0 -1
    outer loop
      vertex 80.9717 4.6402 5
      vertex 80.3791 4.73406 5
      vertex 80.4 5 5
    endloop
  endfacet
  facet normal 0 0 -1
    outer loop
      vertex 80.0753 4.00077 5
      vertex 80.5607 3.64809 5
      vertex 80.3263 3.37366 5
    endloop
  endfacet
  facet normal 0 0 -1
    outer loop
      vertex 80.8874 4.28926 5
      vertex 80.3168 4.47467 5
      vertex 80.3791 4.73406 5
    endloop
  endfacet
  facet normal 0 0 -1
    outer loop
      vertex 80.7493 3.95582 5
      vertex 80.2147 4.22822 5
      vertex 80.3168 4.47467 5
    endloop
  endfacet
  facet normal 0 0 -1
    outer loop
      vertex 80.5607 3.64809 5
      vertex 80.0753 4.00077 5
      vertex 80.2147 4.22822 5
    endloop
  endfacet
  facet normal 0 0 -1
    outer loop
      vertex 79.9021 3.79792 5
      vertex 80.3263 3.37366 5
      vertex 80.0519 3.13926 5
    endloop
  endfacet
  facet normal 0 0 -1
    outer loop
      vertex 80.3263 3.37366 5
      vertex 79.9021 3.79792 5
      vertex 80.0753 4.00077 5
    endloop
  endfacet
  facet normal 0 0 -1
    outer loop
      vertex 79.6992 3.62467 5
      vertex 80.0519 3.13926 5
      vertex 79.7442 2.95069 5
    endloop
  endfacet
  facet normal 0 0 -1
    outer loop
      vertex 80.0519 3.13926 5
      vertex 79.6992 3.62467 5
      vertex 79.9021 3.79792 5
    endloop
  endfacet
  facet normal 0 0 -1
    outer loop
      vertex 79.7442 2.95069 5
      vertex 79.4718 3.48529 5
      vertex 79.6992 3.62467 5
    endloop
  endfacet
  facet normal 0 0 -1
    outer loop
      vertex 79.4107 2.81257 5
      vertex 79.4718 3.48529 5
      vertex 79.7442 2.95069 5
    endloop
  endfacet
  facet normal 0 0 -1
    outer loop
      vertex 79.4107 2.81257 5
      vertex 79.2253 3.3832 5
      vertex 79.4718 3.48529 5
    endloop
  endfacet
  facet normal 0 0 -1
    outer loop
      vertex 79.0598 2.72832 5
      vertex 79.2253 3.3832 5
      vertex 79.4107 2.81257 5
    endloop
  endfacet
  facet normal 0 0 -1
    outer loop
      vertex 79.0598 2.72832 5
      vertex 78.9659 3.32093 5
      vertex 79.2253 3.3832 5
    endloop
  endfacet
  facet normal 0 0 -1
    outer loop
      vertex 78.7 2.7 5
      vertex 78.9659 3.32093 5
      vertex 79.0598 2.72832 5
    endloop
  endfacet
  facet normal 0 0 -1
    outer loop
      vertex 78.7 2.7 5
      vertex 78.7 3.3 5
      vertex 78.9659 3.32093 5
    endloop
  endfacet
  facet normal 0 0 -1
    outer loop
      vertex 78.7 2.7 5
      vertex 78.4341 3.32093 5
      vertex 78.7 3.3 5
    endloop
  endfacet
  facet normal 0 0 -1
    outer loop
      vertex 78.3402 2.72832 5
      vertex 78.4341 3.32093 5
      vertex 78.7 2.7 5
    endloop
  endfacet
  facet normal 0 0 -1
    outer loop
      vertex 78.3402 2.72832 5
      vertex 78.1747 3.3832 5
      vertex 78.4341 3.32093 5
    endloop
  endfacet
  facet normal 0 0 -1
    outer loop
      vertex 77.9893 2.81257 5
      vertex 78.1747 3.3832 5
      vertex 78.3402 2.72832 5
    endloop
  endfacet
  facet normal 0 0 -1
    outer loop
      vertex 77.9893 2.81257 5
      vertex 77.9282 3.48529 5
      vertex 78.1747 3.3832 5
    endloop
  endfacet
  facet normal 0 0 -1
    outer loop
      vertex 77.6558 2.95069 5
      vertex 77.9282 3.48529 5
      vertex 77.9893 2.81257 5
    endloop
  endfacet
  facet normal -0 0 -1
    outer loop
      vertex 77.9282 3.48529 5
      vertex 77.6558 2.95069 5
      vertex 77.7008 3.62467 5
    endloop
  endfacet
  facet normal 0 0 -1
    outer loop
      vertex 77.3481 3.13926 5
      vertex 77.7008 3.62467 5
      vertex 77.6558 2.95069 5
    endloop
  endfacet
  facet normal -0 0 -1
    outer loop
      vertex 77.7008 3.62467 5
      vertex 77.3481 3.13926 5
      vertex 77.4979 3.79792 5
    endloop
  endfacet
  facet normal 0 0 -1
    outer loop
      vertex 77.0737 3.37366 5
      vertex 77.4979 3.79792 5
      vertex 77.3481 3.13926 5
    endloop
  endfacet
  facet normal -0 0 -1
    outer loop
      vertex 77.4979 3.79792 5
      vertex 77.0737 3.37366 5
      vertex 77.3247 4.00077 5
    endloop
  endfacet
  facet normal 0 0 -1
    outer loop
      vertex 76.8393 3.64809 5
      vertex 77.3247 4.00077 5
      vertex 77.0737 3.37366 5
    endloop
  endfacet
  facet normal -0 0 -1
    outer loop
      vertex 77.3247 4.00077 5
      vertex 76.8393 3.64809 5
      vertex 77.1853 4.22822 5
    endloop
  endfacet
  facet normal 0 0 -1
    outer loop
      vertex 76.6507 3.95582 5
      vertex 77.1853 4.22822 5
      vertex 76.8393 3.64809 5
    endloop
  endfacet
  facet normal -0 0 -1
    outer loop
      vertex 77.1853 4.22822 5
      vertex 76.6507 3.95582 5
      vertex 77.0832 4.47467 5
    endloop
  endfacet
  facet normal 0 0 -1
    outer loop
      vertex 76.5126 4.28926 5
      vertex 77.0832 4.47467 5
      vertex 76.6507 3.95582 5
    endloop
  endfacet
  facet normal -0 0 -1
    outer loop
      vertex 80.8874 5.71074 5
      vertex 80.3168 5.52533 5
      vertex 80.7493 6.04418 5
    endloop
  endfacet
  facet normal 0 0 -1
    outer loop
      vertex 80.2147 5.77178 5
      vertex 80.7493 6.04418 5
      vertex 80.3168 5.52533 5
    endloop
  endfacet
  facet normal -0 0 -1
    outer loop
      vertex 80.7493 6.04418 5
      vertex 80.2147 5.77178 5
      vertex 80.5607 6.35191 5
    endloop
  endfacet
  facet normal 0 0 -1
    outer loop
      vertex 80.0753 5.99924 5
      vertex 80.5607 6.35191 5
      vertex 80.2147 5.77178 5
    endloop
  endfacet
  facet normal -0 0 -1
    outer loop
      vertex 80.5607 6.35191 5
      vertex 80.0753 5.99924 5
      vertex 80.3263 6.62635 5
    endloop
  endfacet
  facet normal 0 0 -1
    outer loop
      vertex 79.9021 6.20208 5
      vertex 80.3263 6.62635 5
      vertex 80.0753 5.99924 5
    endloop
  endfacet
  facet normal -0 0 -1
    outer loop
      vertex 80.3263 6.62635 5
      vertex 79.9021 6.20208 5
      vertex 80.0519 6.86074 5
    endloop
  endfacet
  facet normal 0 0 -1
    outer loop
      vertex 79.6992 6.37533 5
      vertex 80.0519 6.86074 5
      vertex 79.9021 6.20208 5
    endloop
  endfacet
  facet normal -0 0 -1
    outer loop
      vertex 80.0519 6.86074 5
      vertex 79.6992 6.37533 5
      vertex 79.7442 7.04932 5
    endloop
  endfacet
  facet normal 0 0 -1
    outer loop
      vertex 79.4718 6.51471 5
      vertex 79.7442 7.04932 5
      vertex 79.6992 6.37533 5
    endloop
  endfacet
  facet normal 0 0 -1
    outer loop
      vertex 79.4718 6.51471 5
      vertex 79.4107 7.18743 5
      vertex 79.7442 7.04932 5
    endloop
  endfacet
  facet normal 0 0 -1
    outer loop
      vertex 79.2253 6.6168 5
      vertex 79.4107 7.18743 5
      vertex 79.4718 6.51471 5
    endloop
  endfacet
  facet normal 0 0 -1
    outer loop
      vertex 79.2253 6.6168 5
      vertex 79.0598 7.27168 5
      vertex 79.4107 7.18743 5
    endloop
  endfacet
  facet normal 0 0 -1
    outer loop
      vertex 78.9659 6.67907 5
      vertex 79.0598 7.27168 5
      vertex 79.2253 6.6168 5
    endloop
  endfacet
  facet normal 0 0 -1
    outer loop
      vertex 78.7 6.7 5
      vertex 79.0598 7.27168 5
      vertex 78.9659 6.67907 5
    endloop
  endfacet
  facet normal 0 0 -1
    outer loop
      vertex 78.7 6.7 5
      vertex 78.7 7.3 5
      vertex 79.0598 7.27168 5
    endloop
  endfacet
  facet normal 0 0 -1
    outer loop
      vertex 78.4341 6.67907 5
      vertex 78.7 7.3 5
      vertex 78.7 6.7 5
    endloop
  endfacet
  facet normal 0 0 -1
    outer loop
      vertex 78.4341 6.67907 5
      vertex 78.3402 7.27168 5
      vertex 78.7 7.3 5
    endloop
  endfacet
  facet normal 0 0 -1
    outer loop
      vertex 78.1747 6.6168 5
      vertex 78.3402 7.27168 5
      vertex 78.4341 6.67907 5
    endloop
  endfacet
  facet normal 0 0 -1
    outer loop
      vertex 78.1747 6.6168 5
      vertex 77.9893 7.18743 5
      vertex 78.3402 7.27168 5
    endloop
  endfacet
  facet normal 0 0 -1
    outer loop
      vertex 77.9282 6.51471 5
      vertex 77.9893 7.18743 5
      vertex 78.1747 6.6168 5
    endloop
  endfacet
  facet normal 0 0 -1
    outer loop
      vertex 77.6558 7.04932 5
      vertex 77.9282 6.51471 5
      vertex 77.7008 6.37533 5
    endloop
  endfacet
  facet normal 0 0 -1
    outer loop
      vertex 77.9282 6.51471 5
      vertex 77.6558 7.04932 5
      vertex 77.9893 7.18743 5
    endloop
  endfacet
  facet normal 0 0 -1
    outer loop
      vertex 77.3481 6.86074 5
      vertex 77.7008 6.37533 5
      vertex 77.4979 6.20208 5
    endloop
  endfacet
  facet normal 0 0 -1
    outer loop
      vertex 77.7008 6.37533 5
      vertex 77.3481 6.86074 5
      vertex 77.6558 7.04932 5
    endloop
  endfacet
  facet normal 0 0 -1
    outer loop
      vertex 77.0737 6.62635 5
      vertex 77.4979 6.20208 5
      vertex 77.3247 5.99924 5
    endloop
  endfacet
  facet normal 0 0 -1
    outer loop
      vertex 76.8393 6.35191 5
      vertex 77.3247 5.99924 5
      vertex 77.1853 5.77178 5
    endloop
  endfacet
  facet normal 0 0 -1
    outer loop
      vertex 76.6507 6.04418 5
      vertex 77.1853 5.77178 5
      vertex 77.0832 5.52533 5
    endloop
  endfacet
  facet normal 0 0 -1
    outer loop
      vertex 77.4979 6.20208 5
      vertex 77.0737 6.62635 5
      vertex 77.3481 6.86074 5
    endloop
  endfacet
  facet normal 0 0 -1
    outer loop
      vertex 76.5126 5.71074 5
      vertex 77.0832 5.52533 5
      vertex 77.0209 5.26594 5
    endloop
  endfacet
  facet normal 0 0 -1
    outer loop
      vertex 76.4283 5.3598 5
      vertex 77.0209 5.26594 5
      vertex 77 5 5
    endloop
  endfacet
  facet normal -0 0 -1
    outer loop
      vertex 77.0832 4.47467 5
      vertex 76.5126 4.28926 5
      vertex 77.0209 4.73406 5
    endloop
  endfacet
  facet normal 0 0 -1
    outer loop
      vertex 77.3247 5.99924 5
      vertex 76.8393 6.35191 5
      vertex 77.0737 6.62635 5
    endloop
  endfacet
  facet normal 0 0 -1
    outer loop
      vertex 76.4283 4.6402 5
      vertex 77.0209 4.73406 5
      vertex 76.5126 4.28926 5
    endloop
  endfacet
  facet normal 0 0 -1
    outer loop
      vertex 77.1853 5.77178 5
      vertex 76.6507 6.04418 5
      vertex 76.8393 6.35191 5
    endloop
  endfacet
  facet normal -0 0 -1
    outer loop
      vertex 77.0209 4.73406 5
      vertex 76.4283 4.6402 5
      vertex 77 5 5
    endloop
  endfacet
  facet normal 0 0 -1
    outer loop
      vertex 77.0832 5.52533 5
      vertex 76.5126 5.71074 5
      vertex 76.6507 6.04418 5
    endloop
  endfacet
  facet normal 0 0 -1
    outer loop
      vertex 76.4 5 5
      vertex 77 5 5
      vertex 76.4283 4.6402 5
    endloop
  endfacet
  facet normal 0 0 -1
    outer loop
      vertex 77.0209 5.26594 5
      vertex 76.4283 5.3598 5
      vertex 76.5126 5.71074 5
    endloop
  endfacet
  facet normal 0 0 -1
    outer loop
      vertex 77 5 5
      vertex 76.4 5 5
      vertex 76.4283 5.3598 5
    endloop
  endfacet
  facet normal -0.522503 0.852637 0
    outer loop
      vertex 80.0519 3.13926 5.72205e-07
      vertex 79.7442 2.95069 5
      vertex 80.0519 3.13926 5
    endloop
  endfacet
  facet normal -0.522503 0.852637 0
    outer loop
      vertex 79.7442 2.95069 5
      vertex 80.0519 3.13926 5.72205e-07
      vertex 79.7442 2.95069 5.72205e-07
    endloop
  endfacet
  facet normal -0.996917 -0.0784687 0
    outer loop
      vertex 81 5 5.72205e-07
      vertex 80.9717 5.3598 5
      vertex 80.9717 5.3598 5.72205e-07
    endloop
  endfacet
  facet normal -0.996917 -0.0784687 0
    outer loop
      vertex 80.9717 5.3598 5
      vertex 81 5 5.72205e-07
      vertex 81 5 5
    endloop
  endfacet
  facet normal 0.0784592 -0.996917 0
    outer loop
      vertex 78.3402 7.27168 5.72205e-07
      vertex 78.7 7.3 5
      vertex 78.3402 7.27168 5
    endloop
  endfacet
  facet normal 0.0784592 -0.996917 0
    outer loop
      vertex 78.7 7.3 5
      vertex 78.3402 7.27168 5.72205e-07
      vertex 78.7 7.3 5.72205e-07
    endloop
  endfacet
  facet normal 0.522494 0.852643 -0
    outer loop
      vertex 77.6558 2.95069 5.72205e-07
      vertex 77.3481 3.13926 5
      vertex 77.6558 2.95069 5
    endloop
  endfacet
  facet normal 0.522494 0.852643 0
    outer loop
      vertex 77.3481 3.13926 5
      vertex 77.6558 2.95069 5.72205e-07
      vertex 77.3481 3.13926 5.72205e-07
    endloop
  endfacet
  facet normal 0.972366 0.233461 0
    outer loop
      vertex 76.5126 4.28926 5
      vertex 76.4283 4.6402 5.72205e-07
      vertex 76.4283 4.6402 5
    endloop
  endfacet
  facet normal 0.972366 0.233461 0
    outer loop
      vertex 76.4283 4.6402 5.72205e-07
      vertex 76.5126 4.28926 5
      vertex 76.5126 4.28926 5.72205e-07
    endloop
  endfacet
  facet normal -0.85264 0.522498 0
    outer loop
      vertex 80.5607 3.64809 5.72205e-07
      vertex 80.7493 3.95582 5
      vertex 80.7493 3.95582 5.72205e-07
    endloop
  endfacet
  facet normal -0.85264 0.522498 0
    outer loop
      vertex 80.7493 3.95582 5
      vertex 80.5607 3.64809 5.72205e-07
      vertex 80.5607 3.64809 5
    endloop
  endfacet
  facet normal -0.76041 0.649444 0
    outer loop
      vertex 80.3263 3.37366 5.72205e-07
      vertex 80.5607 3.64809 5
      vertex 80.5607 3.64809 5.72205e-07
    endloop
  endfacet
  facet normal -0.76041 0.649444 0
    outer loop
      vertex 80.5607 3.64809 5
      vertex 80.3263 3.37366 5.72205e-07
      vertex 80.3263 3.37366 5
    endloop
  endfacet
  facet normal -0.649442 0.760411 0
    outer loop
      vertex 80.3263 3.37366 5.72205e-07
      vertex 80.0519 3.13926 5
      vertex 80.3263 3.37366 5
    endloop
  endfacet
  facet normal -0.649442 0.760411 0
    outer loop
      vertex 80.0519 3.13926 5
      vertex 80.3263 3.37366 5.72205e-07
      vertex 80.0519 3.13926 5.72205e-07
    endloop
  endfacet
  facet normal -0.233448 0.972369 0
    outer loop
      vertex 79.4107 2.81257 5.72205e-07
      vertex 79.0598 2.72832 5
      vertex 79.4107 2.81257 5
    endloop
  endfacet
  facet normal -0.233448 0.972369 0
    outer loop
      vertex 79.0598 2.72832 5
      vertex 79.4107 2.81257 5.72205e-07
      vertex 79.0598 2.72832 5.72205e-07
    endloop
  endfacet
  facet normal 0.0784592 0.996917 -0
    outer loop
      vertex 78.7 2.7 5.72205e-07
      vertex 78.3402 2.72832 5
      vertex 78.7 2.7 5
    endloop
  endfacet
  facet normal 0.0784592 0.996917 0
    outer loop
      vertex 78.3402 2.72832 5
      vertex 78.7 2.7 5.72205e-07
      vertex 78.3402 2.72832 5.72205e-07
    endloop
  endfacet
  facet normal 0.996918 -0.0784477 0
    outer loop
      vertex 76.4 5 5
      vertex 76.4283 5.3598 5.72205e-07
      vertex 76.4283 5.3598 5
    endloop
  endfacet
  facet normal 0.996918 -0.0784477 0
    outer loop
      vertex 76.4283 5.3598 5.72205e-07
      vertex 76.4 5 5
      vertex 76.4 5 5.72205e-07
    endloop
  endfacet
  facet normal 0.85264 0.522498 0
    outer loop
      vertex 76.8393 3.64809 5
      vertex 76.6507 3.95582 5.72205e-07
      vertex 76.6507 3.95582 5
    endloop
  endfacet
  facet normal 0.85264 0.522498 0
    outer loop
      vertex 76.6507 3.95582 5.72205e-07
      vertex 76.8393 3.64809 5
      vertex 76.8393 3.64809 5.72205e-07
    endloop
  endfacet
  facet normal 0.649452 0.760402 -0
    outer loop
      vertex 77.3481 3.13926 5.72205e-07
      vertex 77.0737 3.37366 5
      vertex 77.3481 3.13926 5
    endloop
  endfacet
  facet normal 0.649452 0.760402 0
    outer loop
      vertex 77.0737 3.37366 5
      vertex 77.3481 3.13926 5.72205e-07
      vertex 77.0737 3.37366 5.72205e-07
    endloop
  endfacet
  facet normal 0.382687 0.923878 -0
    outer loop
      vertex 77.9893 2.81257 5.72205e-07
      vertex 77.6558 2.95069 5
      vertex 77.9893 2.81257 5
    endloop
  endfacet
  facet normal 0.382687 0.923878 0
    outer loop
      vertex 77.6558 2.95069 5
      vertex 77.9893 2.81257 5.72205e-07
      vertex 77.6558 2.95069 5.72205e-07
    endloop
  endfacet
  facet normal 0.76041 0.649444 0
    outer loop
      vertex 77.0737 3.37366 5
      vertex 76.8393 3.64809 5.72205e-07
      vertex 76.8393 3.64809 5
    endloop
  endfacet
  facet normal 0.76041 0.649444 0
    outer loop
      vertex 76.8393 3.64809 5.72205e-07
      vertex 77.0737 3.37366 5
      vertex 77.0737 3.37366 5.72205e-07
    endloop
  endfacet
  facet normal -0.996917 0.0784689 0
    outer loop
      vertex 80.9717 4.6402 5.72205e-07
      vertex 81 5 5
      vertex 81 5 5.72205e-07
    endloop
  endfacet
  facet normal -0.996917 0.0784689 0
    outer loop
      vertex 81 5 5
      vertex 80.9717 4.6402 5.72205e-07
      vertex 80.9717 4.6402 5
    endloop
  endfacet
  facet normal -0.972371 -0.233441 0
    outer loop
      vertex 80.9717 5.3598 5.72205e-07
      vertex 80.8874 5.71074 5
      vertex 80.8874 5.71074 5.72205e-07
    endloop
  endfacet
  facet normal -0.972371 -0.233441 0
    outer loop
      vertex 80.8874 5.71074 5
      vertex 80.9717 5.3598 5.72205e-07
      vertex 80.9717 5.3598 5
    endloop
  endfacet
  facet normal -0.522503 -0.852637 0
    outer loop
      vertex 79.7442 7.04932 5.72205e-07
      vertex 80.0519 6.86074 5
      vertex 79.7442 7.04932 5
    endloop
  endfacet
  facet normal -0.522503 -0.852637 -0
    outer loop
      vertex 80.0519 6.86074 5
      vertex 79.7442 7.04932 5.72205e-07
      vertex 80.0519 6.86074 5.72205e-07
    endloop
  endfacet
  facet normal -0.649442 -0.760411 0
    outer loop
      vertex 80.0519 6.86074 5.72205e-07
      vertex 80.3263 6.62635 5
      vertex 80.0519 6.86074 5
    endloop
  endfacet
  facet normal -0.649442 -0.760411 -0
    outer loop
      vertex 80.3263 6.62635 5
      vertex 80.0519 6.86074 5.72205e-07
      vertex 80.3263 6.62635 5.72205e-07
    endloop
  endfacet
  facet normal -0.0784576 -0.996917 0
    outer loop
      vertex 78.7 7.3 5.72205e-07
      vertex 79.0598 7.27168 5
      vertex 78.7 7.3 5
    endloop
  endfacet
  facet normal -0.0784576 -0.996917 -0
    outer loop
      vertex 79.0598 7.27168 5
      vertex 78.7 7.3 5.72205e-07
      vertex 79.0598 7.27168 5.72205e-07
    endloop
  endfacet
  facet normal 0.522494 -0.852643 0
    outer loop
      vertex 77.3481 6.86074 5.72205e-07
      vertex 77.6558 7.04932 5
      vertex 77.3481 6.86074 5
    endloop
  endfacet
  facet normal 0.522494 -0.852643 0
    outer loop
      vertex 77.6558 7.04932 5
      vertex 77.3481 6.86074 5.72205e-07
      vertex 77.6558 7.04932 5.72205e-07
    endloop
  endfacet
  facet normal 0.76041 -0.649444 0
    outer loop
      vertex 76.8393 6.35191 5
      vertex 77.0737 6.62635 5.72205e-07
      vertex 77.0737 6.62635 5
    endloop
  endfacet
  facet normal 0.76041 -0.649444 0
    outer loop
      vertex 77.0737 6.62635 5.72205e-07
      vertex 76.8393 6.35191 5
      vertex 76.8393 6.35191 5.72205e-07
    endloop
  endfacet
  facet normal 0.649452 -0.760402 0
    outer loop
      vertex 77.0737 6.62635 5.72205e-07
      vertex 77.3481 6.86074 5
      vertex 77.0737 6.62635 5
    endloop
  endfacet
  facet normal 0.649452 -0.760402 0
    outer loop
      vertex 77.3481 6.86074 5
      vertex 77.0737 6.62635 5.72205e-07
      vertex 77.3481 6.86074 5.72205e-07
    endloop
  endfacet
  facet normal -0.92388 0.382683 0
    outer loop
      vertex 80.7493 3.95582 5.72205e-07
      vertex 80.8874 4.28926 5
      vertex 80.8874 4.28926 5.72205e-07
    endloop
  endfacet
  facet normal -0.92388 0.382683 0
    outer loop
      vertex 80.8874 4.28926 5
      vertex 80.7493 3.95582 5.72205e-07
      vertex 80.7493 3.95582 5
    endloop
  endfacet
  facet normal -0.38268 0.923881 0
    outer loop
      vertex 79.7442 2.95069 5.72205e-07
      vertex 79.4107 2.81257 5
      vertex 79.7442 2.95069 5
    endloop
  endfacet
  facet normal -0.38268 0.923881 0
    outer loop
      vertex 79.4107 2.81257 5
      vertex 79.7442 2.95069 5.72205e-07
      vertex 79.4107 2.81257 5.72205e-07
    endloop
  endfacet
  facet normal -0.0784576 0.996917 0
    outer loop
      vertex 79.0598 2.72832 5.72205e-07
      vertex 78.7 2.7 5
      vertex 79.0598 2.72832 5
    endloop
  endfacet
  facet normal -0.0784576 0.996917 0
    outer loop
      vertex 78.7 2.7 5
      vertex 79.0598 2.72832 5.72205e-07
      vertex 78.7 2.7 5.72205e-07
    endloop
  endfacet
  facet normal 0.996918 0.0784479 0
    outer loop
      vertex 76.4283 4.6402 5
      vertex 76.4 5 5.72205e-07
      vertex 76.4 5 5
    endloop
  endfacet
  facet normal 0.996918 0.0784479 0
    outer loop
      vertex 76.4 5 5.72205e-07
      vertex 76.4283 4.6402 5
      vertex 76.4283 4.6402 5.72205e-07
    endloop
  endfacet
  facet normal 0.92388 0.382683 0
    outer loop
      vertex 76.6507 3.95582 5
      vertex 76.5126 4.28926 5.72205e-07
      vertex 76.5126 4.28926 5
    endloop
  endfacet
  facet normal 0.92388 0.382683 0
    outer loop
      vertex 76.5126 4.28926 5.72205e-07
      vertex 76.6507 3.95582 5
      vertex 76.6507 3.95582 5.72205e-07
    endloop
  endfacet
  facet normal 0.233443 0.972371 -0
    outer loop
      vertex 78.3402 2.72832 5.72205e-07
      vertex 77.9893 2.81257 5
      vertex 78.3402 2.72832 5
    endloop
  endfacet
  facet normal 0.233443 0.972371 0
    outer loop
      vertex 77.9893 2.81257 5
      vertex 78.3402 2.72832 5.72205e-07
      vertex 77.9893 2.81257 5.72205e-07
    endloop
  endfacet
  facet normal -0.233448 -0.972369 0
    outer loop
      vertex 79.0598 7.27168 5.72205e-07
      vertex 79.4107 7.18743 5
      vertex 79.0598 7.27168 5
    endloop
  endfacet
  facet normal -0.233448 -0.972369 -0
    outer loop
      vertex 79.4107 7.18743 5
      vertex 79.0598 7.27168 5.72205e-07
      vertex 79.4107 7.18743 5.72205e-07
    endloop
  endfacet
  facet normal -0.85264 -0.522498 0
    outer loop
      vertex 80.7493 6.04418 5.72205e-07
      vertex 80.5607 6.35191 5
      vertex 80.5607 6.35191 5.72205e-07
    endloop
  endfacet
  facet normal -0.85264 -0.522498 0
    outer loop
      vertex 80.5607 6.35191 5
      vertex 80.7493 6.04418 5.72205e-07
      vertex 80.7493 6.04418 5
    endloop
  endfacet
  facet normal -0.92388 -0.382683 0
    outer loop
      vertex 80.8874 5.71074 5.72205e-07
      vertex 80.7493 6.04418 5
      vertex 80.7493 6.04418 5.72205e-07
    endloop
  endfacet
  facet normal -0.92388 -0.382683 0
    outer loop
      vertex 80.7493 6.04418 5
      vertex 80.8874 5.71074 5.72205e-07
      vertex 80.8874 5.71074 5
    endloop
  endfacet
  facet normal -0.38268 -0.923881 0
    outer loop
      vertex 79.4107 7.18743 5.72205e-07
      vertex 79.7442 7.04932 5
      vertex 79.4107 7.18743 5
    endloop
  endfacet
  facet normal -0.38268 -0.923881 -0
    outer loop
      vertex 79.7442 7.04932 5
      vertex 79.4107 7.18743 5.72205e-07
      vertex 79.7442 7.04932 5.72205e-07
    endloop
  endfacet
  facet normal -0.76041 -0.649444 0
    outer loop
      vertex 80.5607 6.35191 5.72205e-07
      vertex 80.3263 6.62635 5
      vertex 80.3263 6.62635 5.72205e-07
    endloop
  endfacet
  facet normal -0.76041 -0.649444 0
    outer loop
      vertex 80.3263 6.62635 5
      vertex 80.5607 6.35191 5.72205e-07
      vertex 80.5607 6.35191 5
    endloop
  endfacet
  facet normal 0.382687 -0.923878 0
    outer loop
      vertex 77.6558 7.04932 5.72205e-07
      vertex 77.9893 7.18743 5
      vertex 77.6558 7.04932 5
    endloop
  endfacet
  facet normal 0.382687 -0.923878 0
    outer loop
      vertex 77.9893 7.18743 5
      vertex 77.6558 7.04932 5.72205e-07
      vertex 77.9893 7.18743 5.72205e-07
    endloop
  endfacet
  facet normal 0.85264 -0.522498 0
    outer loop
      vertex 76.6507 6.04418 5
      vertex 76.8393 6.35191 5.72205e-07
      vertex 76.8393 6.35191 5
    endloop
  endfacet
  facet normal 0.85264 -0.522498 0
    outer loop
      vertex 76.8393 6.35191 5.72205e-07
      vertex 76.6507 6.04418 5
      vertex 76.6507 6.04418 5.72205e-07
    endloop
  endfacet
  facet normal 0.972366 -0.233461 0
    outer loop
      vertex 76.4283 5.3598 5
      vertex 76.5126 5.71074 5.72205e-07
      vertex 76.5126 5.71074 5
    endloop
  endfacet
  facet normal 0.972366 -0.233461 0
    outer loop
      vertex 76.5126 5.71074 5.72205e-07
      vertex 76.4283 5.3598 5
      vertex 76.4283 5.3598 5.72205e-07
    endloop
  endfacet
  facet normal -0.972371 0.233441 0
    outer loop
      vertex 80.8874 4.28926 5.72205e-07
      vertex 80.9717 4.6402 5
      vertex 80.9717 4.6402 5.72205e-07
    endloop
  endfacet
  facet normal -0.972371 0.233441 0
    outer loop
      vertex 80.9717 4.6402 5
      vertex 80.8874 4.28926 5.72205e-07
      vertex 80.8874 4.28926 5
    endloop
  endfacet
  facet normal 0.233443 -0.972371 0
    outer loop
      vertex 77.9893 7.18743 5.72205e-07
      vertex 78.3402 7.27168 5
      vertex 77.9893 7.18743 5
    endloop
  endfacet
  facet normal 0.233443 -0.972371 0
    outer loop
      vertex 78.3402 7.27168 5
      vertex 77.9893 7.18743 5.72205e-07
      vertex 78.3402 7.27168 5.72205e-07
    endloop
  endfacet
  facet normal 0.92388 -0.382683 0
    outer loop
      vertex 76.5126 5.71074 5
      vertex 76.6507 6.04418 5.72205e-07
      vertex 76.6507 6.04418 5
    endloop
  endfacet
  facet normal 0.92388 -0.382683 0
    outer loop
      vertex 76.6507 6.04418 5.72205e-07
      vertex 76.5126 5.71074 5
      vertex 76.5126 5.71074 5.72205e-07
    endloop
  endfacet
  facet normal -0.996916 0.0784788 0
    outer loop
      vertex 80.3791 4.73406 5
      vertex 80.4 5 6.2
      vertex 80.4 5 5
    endloop
  endfacet
  facet normal -0.996916 0.0784788 0
    outer loop
      vertex 80.4 5 6.2
      vertex 80.3791 4.73406 5
      vertex 80.3791 4.73406 6.2
    endloop
  endfacet
  facet normal 0.0784611 0.996917 -0
    outer loop
      vertex 78.7 3.3 5
      vertex 78.4341 3.32093 6.2
      vertex 78.7 3.3 6.2
    endloop
  endfacet
  facet normal 0.0784611 0.996917 0
    outer loop
      vertex 78.4341 3.32093 6.2
      vertex 78.7 3.3 5
      vertex 78.4341 3.32093 5
    endloop
  endfacet
  facet normal -0.0784611 -0.996917 0
    outer loop
      vertex 78.7 6.7 5
      vertex 78.9659 6.67907 6.2
      vertex 78.7 6.7 6.2
    endloop
  endfacet
  facet normal -0.0784611 -0.996917 -0
    outer loop
      vertex 78.9659 6.67907 6.2
      vertex 78.7 6.7 5
      vertex 78.9659 6.67907 5
    endloop
  endfacet
  facet normal -0.649441 0.760412 0
    outer loop
      vertex 79.9021 3.79792 5
      vertex 79.6992 3.62467 6.2
      vertex 79.9021 3.79792 6.2
    endloop
  endfacet
  facet normal -0.649441 0.760412 0
    outer loop
      vertex 79.6992 3.62467 6.2
      vertex 79.9021 3.79792 5
      vertex 79.6992 3.62467 5
    endloop
  endfacet
  facet normal 0.760404 0.64945 0
    outer loop
      vertex 77.4979 3.79792 6.2
      vertex 77.3247 4.00077 5
      vertex 77.3247 4.00077 6.2
    endloop
  endfacet
  facet normal 0.760404 0.64945 0
    outer loop
      vertex 77.3247 4.00077 5
      vertex 77.4979 3.79792 6.2
      vertex 77.4979 3.79792 5
    endloop
  endfacet
  facet normal 0.382687 0.923878 -0
    outer loop
      vertex 78.1747 3.3832 5
      vertex 77.9282 3.48529 6.2
      vertex 78.1747 3.3832 6.2
    endloop
  endfacet
  facet normal 0.382687 0.923878 0
    outer loop
      vertex 77.9282 3.48529 6.2
      vertex 78.1747 3.3832 5
      vertex 77.9282 3.48529 5
    endloop
  endfacet
  facet normal -0.923885 -0.382671 0
    outer loop
      vertex 80.3168 5.52533 5
      vertex 80.2147 5.77178 6.2
      vertex 80.2147 5.77178 5
    endloop
  endfacet
  facet normal -0.923885 -0.382671 0
    outer loop
      vertex 80.2147 5.77178 6.2
      vertex 80.3168 5.52533 5
      vertex 80.3168 5.52533 6.2
    endloop
  endfacet
  facet normal -0.923885 0.382671 0
    outer loop
      vertex 80.2147 4.22822 5
      vertex 80.3168 4.47467 6.2
      vertex 80.3168 4.47467 5
    endloop
  endfacet
  facet normal -0.923885 0.382671 0
    outer loop
      vertex 80.3168 4.47467 6.2
      vertex 80.2147 4.22822 5
      vertex 80.2147 4.22822 6.2
    endloop
  endfacet
  facet normal -0.972373 0.233434 0
    outer loop
      vertex 80.3168 4.47467 5
      vertex 80.3791 4.73406 6.2
      vertex 80.3791 4.73406 5
    endloop
  endfacet
  facet normal -0.972373 0.233434 0
    outer loop
      vertex 80.3791 4.73406 6.2
      vertex 80.3168 4.47467 5
      vertex 80.3168 4.47467 6.2
    endloop
  endfacet
  facet normal -0.382677 0.923882 0
    outer loop
      vertex 79.4718 3.48529 5
      vertex 79.2253 3.3832 6.2
      vertex 79.4718 3.48529 6.2
    endloop
  endfacet
  facet normal -0.382677 0.923882 0
    outer loop
      vertex 79.2253 3.3832 6.2
      vertex 79.4718 3.48529 5
      vertex 79.2253 3.3832 5
    endloop
  endfacet
  facet normal -0.522505 0.852636 0
    outer loop
      vertex 79.6992 3.62467 5
      vertex 79.4718 3.48529 6.2
      vertex 79.6992 3.62467 6.2
    endloop
  endfacet
  facet normal -0.522505 0.852636 0
    outer loop
      vertex 79.4718 3.48529 6.2
      vertex 79.6992 3.62467 5
      vertex 79.4718 3.48529 5
    endloop
  endfacet
  facet normal 0.923885 0.382671 0
    outer loop
      vertex 77.1853 4.22822 6.2
      vertex 77.0832 4.47467 5
      vertex 77.0832 4.47467 6.2
    endloop
  endfacet
  facet normal 0.923885 0.382671 0
    outer loop
      vertex 77.0832 4.47467 5
      vertex 77.1853 4.22822 6.2
      vertex 77.1853 4.22822 5
    endloop
  endfacet
  facet normal 0 0 -1
    outer loop
      vertex 80.3791 4.73406 6.2
      vertex 80.3791 5.26594 6.2
      vertex 80.4 5 6.2
    endloop
  endfacet
  facet normal 0 0 -1
    outer loop
      vertex 80.3168 4.47467 6.2
      vertex 80.3791 5.26594 6.2
      vertex 80.3791 4.73406 6.2
    endloop
  endfacet
  facet normal 0 0 -1
    outer loop
      vertex 80.3168 4.47467 6.2
      vertex 80.3168 5.52533 6.2
      vertex 80.3791 5.26594 6.2
    endloop
  endfacet
  facet normal 0 0 -1
    outer loop
      vertex 80.2147 4.22822 6.2
      vertex 80.3168 5.52533 6.2
      vertex 80.3168 4.47467 6.2
    endloop
  endfacet
  facet normal 0 0 -1
    outer loop
      vertex 80.2147 4.22822 6.2
      vertex 80.2147 5.77178 6.2
      vertex 80.3168 5.52533 6.2
    endloop
  endfacet
  facet normal 0 0 -1
    outer loop
      vertex 80.0753 4.00077 6.2
      vertex 80.2147 5.77178 6.2
      vertex 80.2147 4.22822 6.2
    endloop
  endfacet
  facet normal 0 0 -1
    outer loop
      vertex 80.0753 4.00077 6.2
      vertex 80.0753 5.99924 6.2
      vertex 80.2147 5.77178 6.2
    endloop
  endfacet
  facet normal 0 0 -1
    outer loop
      vertex 79.9021 3.79792 6.2
      vertex 80.0753 5.99924 6.2
      vertex 80.0753 4.00077 6.2
    endloop
  endfacet
  facet normal 0 0 -1
    outer loop
      vertex 79.9021 3.79792 6.2
      vertex 79.9021 6.20208 6.2
      vertex 80.0753 5.99924 6.2
    endloop
  endfacet
  facet normal 0 0 -1
    outer loop
      vertex 79.6992 3.62467 6.2
      vertex 79.9021 6.20208 6.2
      vertex 79.9021 3.79792 6.2
    endloop
  endfacet
  facet normal 0 0 -1
    outer loop
      vertex 79.6992 3.62467 6.2
      vertex 79.6992 6.37533 6.2
      vertex 79.9021 6.20208 6.2
    endloop
  endfacet
  facet normal 0 0 -1
    outer loop
      vertex 79.4718 3.48529 6.2
      vertex 79.6992 6.37533 6.2
      vertex 79.6992 3.62467 6.2
    endloop
  endfacet
  facet normal 0 0 -1
    outer loop
      vertex 79.4718 3.48529 6.2
      vertex 79.4718 6.51471 6.2
      vertex 79.6992 6.37533 6.2
    endloop
  endfacet
  facet normal 0 0 -1
    outer loop
      vertex 79.2253 3.3832 6.2
      vertex 79.4718 6.51471 6.2
      vertex 79.4718 3.48529 6.2
    endloop
  endfacet
  facet normal 0 0 -1
    outer loop
      vertex 79.2253 3.3832 6.2
      vertex 79.2253 6.6168 6.2
      vertex 79.4718 6.51471 6.2
    endloop
  endfacet
  facet normal 0 0 -1
    outer loop
      vertex 78.9659 3.32093 6.2
      vertex 79.2253 6.6168 6.2
      vertex 79.2253 3.3832 6.2
    endloop
  endfacet
  facet normal 0 0 -1
    outer loop
      vertex 78.9659 3.32093 6.2
      vertex 78.9659 6.67907 6.2
      vertex 79.2253 6.6168 6.2
    endloop
  endfacet
  facet normal 0 0 -1
    outer loop
      vertex 78.7 3.3 6.2
      vertex 78.9659 6.67907 6.2
      vertex 78.9659 3.32093 6.2
    endloop
  endfacet
  facet normal 0 0 -1
    outer loop
      vertex 78.7 3.3 6.2
      vertex 78.7 6.7 6.2
      vertex 78.9659 6.67907 6.2
    endloop
  endfacet
  facet normal 0 0 -1
    outer loop
      vertex 78.4341 3.32093 6.2
      vertex 78.7 6.7 6.2
      vertex 78.7 3.3 6.2
    endloop
  endfacet
  facet normal 0 0 -1
    outer loop
      vertex 78.4341 3.32093 6.2
      vertex 78.4341 6.67907 6.2
      vertex 78.7 6.7 6.2
    endloop
  endfacet
  facet normal 0 0 -1
    outer loop
      vertex 78.1747 3.3832 6.2
      vertex 78.4341 6.67907 6.2
      vertex 78.4341 3.32093 6.2
    endloop
  endfacet
  facet normal 0 0 -1
    outer loop
      vertex 78.1747 3.3832 6.2
      vertex 78.1747 6.6168 6.2
      vertex 78.4341 6.67907 6.2
    endloop
  endfacet
  facet normal 0 0 -1
    outer loop
      vertex 77.9282 3.48529 6.2
      vertex 78.1747 6.6168 6.2
      vertex 78.1747 3.3832 6.2
    endloop
  endfacet
  facet normal 0 0 -1
    outer loop
      vertex 77.9282 3.48529 6.2
      vertex 77.9282 6.51471 6.2
      vertex 78.1747 6.6168 6.2
    endloop
  endfacet
  facet normal 0 0 -1
    outer loop
      vertex 77.7008 3.62467 6.2
      vertex 77.9282 6.51471 6.2
      vertex 77.9282 3.48529 6.2
    endloop
  endfacet
  facet normal 0 0 -1
    outer loop
      vertex 77.7008 3.62467 6.2
      vertex 77.7008 6.37533 6.2
      vertex 77.9282 6.51471 6.2
    endloop
  endfacet
  facet normal 0 0 -1
    outer loop
      vertex 77.4979 3.79792 6.2
      vertex 77.7008 6.37533 6.2
      vertex 77.7008 3.62467 6.2
    endloop
  endfacet
  facet normal 0 0 -1
    outer loop
      vertex 77.4979 3.79792 6.2
      vertex 77.4979 6.20208 6.2
      vertex 77.7008 6.37533 6.2
    endloop
  endfacet
  facet normal 0 0 -1
    outer loop
      vertex 77.3247 4.00077 6.2
      vertex 77.4979 6.20208 6.2
      vertex 77.4979 3.79792 6.2
    endloop
  endfacet
  facet normal 0 0 -1
    outer loop
      vertex 77.3247 4.00077 6.2
      vertex 77.3247 5.99924 6.2
      vertex 77.4979 6.20208 6.2
    endloop
  endfacet
  facet normal 0 0 -1
    outer loop
      vertex 77.1853 4.22822 6.2
      vertex 77.3247 5.99924 6.2
      vertex 77.3247 4.00077 6.2
    endloop
  endfacet
  facet normal 0 0 -1
    outer loop
      vertex 77.1853 4.22822 6.2
      vertex 77.1853 5.77178 6.2
      vertex 77.3247 5.99924 6.2
    endloop
  endfacet
  facet normal 0 0 -1
    outer loop
      vertex 77.0832 4.47467 6.2
      vertex 77.1853 5.77178 6.2
      vertex 77.1853 4.22822 6.2
    endloop
  endfacet
  facet normal 0 0 -1
    outer loop
      vertex 77.0832 4.47467 6.2
      vertex 77.0832 5.52533 6.2
      vertex 77.1853 5.77178 6.2
    endloop
  endfacet
  facet normal 0 0 -1
    outer loop
      vertex 77.0209 4.73406 6.2
      vertex 77.0832 5.52533 6.2
      vertex 77.0832 4.47467 6.2
    endloop
  endfacet
  facet normal 0 0 -1
    outer loop
      vertex 77.0209 4.73406 6.2
      vertex 77.0209 5.26594 6.2
      vertex 77.0832 5.52533 6.2
    endloop
  endfacet
  facet normal 0 -0 -1
    outer loop
      vertex 77.0209 5.26594 6.2
      vertex 77.0209 4.73406 6.2
      vertex 77 5 6.2
    endloop
  endfacet
  facet normal 0.852641 0.522498 0
    outer loop
      vertex 77.3247 4.00077 6.2
      vertex 77.1853 4.22822 5
      vertex 77.1853 4.22822 6.2
    endloop
  endfacet
  facet normal 0.852641 0.522498 0
    outer loop
      vertex 77.1853 4.22822 5
      vertex 77.3247 4.00077 6.2
      vertex 77.3247 4.00077 5
    endloop
  endfacet
  facet normal 0.233444 0.97237 -0
    outer loop
      vertex 78.4341 3.32093 5
      vertex 78.1747 3.3832 6.2
      vertex 78.4341 3.32093 6.2
    endloop
  endfacet
  facet normal 0.233444 0.97237 0
    outer loop
      vertex 78.1747 3.3832 6.2
      vertex 78.4341 3.32093 5
      vertex 78.1747 3.3832 5
    endloop
  endfacet
  facet normal -0.972373 -0.233434 0
    outer loop
      vertex 80.3791 5.26594 5
      vertex 80.3168 5.52533 6.2
      vertex 80.3168 5.52533 5
    endloop
  endfacet
  facet normal -0.972373 -0.233434 0
    outer loop
      vertex 80.3168 5.52533 6.2
      vertex 80.3791 5.26594 5
      vertex 80.3791 5.26594 6.2
    endloop
  endfacet
  facet normal 0.852641 -0.522498 0
    outer loop
      vertex 77.1853 5.77178 6.2
      vertex 77.3247 5.99924 5
      vertex 77.3247 5.99924 6.2
    endloop
  endfacet
  facet normal 0.852641 -0.522498 0
    outer loop
      vertex 77.3247 5.99924 5
      vertex 77.1853 5.77178 6.2
      vertex 77.1853 5.77178 5
    endloop
  endfacet
  facet normal -0.233444 -0.97237 0
    outer loop
      vertex 78.9659 6.67907 5
      vertex 79.2253 6.6168 6.2
      vertex 78.9659 6.67907 6.2
    endloop
  endfacet
  facet normal -0.233444 -0.97237 -0
    outer loop
      vertex 79.2253 6.6168 6.2
      vertex 78.9659 6.67907 5
      vertex 79.2253 6.6168 5
    endloop
  endfacet
  facet normal -0.760418 0.649434 0
    outer loop
      vertex 79.9021 3.79792 5
      vertex 80.0753 4.00077 6.2
      vertex 80.0753 4.00077 5
    endloop
  endfacet
  facet normal -0.760418 0.649434 0
    outer loop
      vertex 80.0753 4.00077 6.2
      vertex 79.9021 3.79792 5
      vertex 79.9021 3.79792 6.2
    endloop
  endfacet
  facet normal -0.852628 0.522518 0
    outer loop
      vertex 80.0753 4.00077 5
      vertex 80.2147 4.22822 6.2
      vertex 80.2147 4.22822 5
    endloop
  endfacet
  facet normal -0.852628 0.522518 0
    outer loop
      vertex 80.2147 4.22822 6.2
      vertex 80.0753 4.00077 5
      vertex 80.0753 4.00077 6.2
    endloop
  endfacet
  facet normal -0.233444 0.97237 0
    outer loop
      vertex 79.2253 3.3832 5
      vertex 78.9659 3.32093 6.2
      vertex 79.2253 3.3832 6.2
    endloop
  endfacet
  facet normal -0.233444 0.97237 0
    outer loop
      vertex 78.9659 3.32093 6.2
      vertex 79.2253 3.3832 5
      vertex 78.9659 3.32093 5
    endloop
  endfacet
  facet normal -0.0784611 0.996917 0
    outer loop
      vertex 78.9659 3.32093 5
      vertex 78.7 3.3 6.2
      vertex 78.9659 3.32093 6.2
    endloop
  endfacet
  facet normal -0.0784611 0.996917 0
    outer loop
      vertex 78.7 3.3 6.2
      vertex 78.9659 3.32093 5
      vertex 78.7 3.3 5
    endloop
  endfacet
  facet normal 0.972366 0.233461 0
    outer loop
      vertex 77.0832 4.47467 6.2
      vertex 77.0209 4.73406 5
      vertex 77.0209 4.73406 6.2
    endloop
  endfacet
  facet normal 0.972366 0.233461 0
    outer loop
      vertex 77.0209 4.73406 5
      vertex 77.0832 4.47467 6.2
      vertex 77.0832 4.47467 5
    endloop
  endfacet
  facet normal 0.996918 0.0784504 0
    outer loop
      vertex 77.0209 4.73406 6.2
      vertex 77 5 5
      vertex 77 5 6.2
    endloop
  endfacet
  facet normal 0.996918 0.0784504 0
    outer loop
      vertex 77 5 5
      vertex 77.0209 4.73406 6.2
      vertex 77.0209 4.73406 5
    endloop
  endfacet
  facet normal 0.996918 -0.0784501 0
    outer loop
      vertex 77 5 6.2
      vertex 77.0209 5.26594 5
      vertex 77.0209 5.26594 6.2
    endloop
  endfacet
  facet normal 0.996918 -0.0784501 0
    outer loop
      vertex 77.0209 5.26594 5
      vertex 77 5 6.2
      vertex 77 5 5
    endloop
  endfacet
  facet normal 0.522505 0.852636 -0
    outer loop
      vertex 77.9282 3.48529 5
      vertex 77.7008 3.62467 6.2
      vertex 77.9282 3.48529 6.2
    endloop
  endfacet
  facet normal 0.522505 0.852636 0
    outer loop
      vertex 77.7008 3.62467 6.2
      vertex 77.9282 3.48529 5
      vertex 77.7008 3.62467 5
    endloop
  endfacet
  facet normal 0.649441 0.760412 -0
    outer loop
      vertex 77.7008 3.62467 5
      vertex 77.4979 3.79792 6.2
      vertex 77.7008 3.62467 6.2
    endloop
  endfacet
  facet normal 0.649441 0.760412 0
    outer loop
      vertex 77.4979 3.79792 6.2
      vertex 77.7008 3.62467 5
      vertex 77.4979 3.79792 5
    endloop
  endfacet
  facet normal -0.996916 -0.0784786 0
    outer loop
      vertex 80.4 5 5
      vertex 80.3791 5.26594 6.2
      vertex 80.3791 5.26594 5
    endloop
  endfacet
  facet normal -0.996916 -0.0784786 0
    outer loop
      vertex 80.3791 5.26594 6.2
      vertex 80.4 5 5
      vertex 80.4 5 6.2
    endloop
  endfacet
  facet normal -0.852628 -0.522518 0
    outer loop
      vertex 80.2147 5.77178 5
      vertex 80.0753 5.99924 6.2
      vertex 80.0753 5.99924 5
    endloop
  endfacet
  facet normal -0.852628 -0.522518 0
    outer loop
      vertex 80.0753 5.99924 6.2
      vertex 80.2147 5.77178 5
      vertex 80.2147 5.77178 6.2
    endloop
  endfacet
  facet normal -0.522505 -0.852636 0
    outer loop
      vertex 79.4718 6.51471 5
      vertex 79.6992 6.37533 6.2
      vertex 79.4718 6.51471 6.2
    endloop
  endfacet
  facet normal -0.522505 -0.852636 -0
    outer loop
      vertex 79.6992 6.37533 6.2
      vertex 79.4718 6.51471 5
      vertex 79.6992 6.37533 5
    endloop
  endfacet
  facet normal -0.382677 -0.923882 0
    outer loop
      vertex 79.2253 6.6168 5
      vertex 79.4718 6.51471 6.2
      vertex 79.2253 6.6168 6.2
    endloop
  endfacet
  facet normal -0.382677 -0.923882 -0
    outer loop
      vertex 79.4718 6.51471 6.2
      vertex 79.2253 6.6168 5
      vertex 79.4718 6.51471 5
    endloop
  endfacet
  facet normal 0.649441 -0.760412 0
    outer loop
      vertex 77.4979 6.20208 5
      vertex 77.7008 6.37533 6.2
      vertex 77.4979 6.20208 6.2
    endloop
  endfacet
  facet normal 0.649441 -0.760412 0
    outer loop
      vertex 77.7008 6.37533 6.2
      vertex 77.4979 6.20208 5
      vertex 77.7008 6.37533 5
    endloop
  endfacet
  facet normal 0.923885 -0.382671 0
    outer loop
      vertex 77.0832 5.52533 6.2
      vertex 77.1853 5.77178 5
      vertex 77.1853 5.77178 6.2
    endloop
  endfacet
  facet normal 0.923885 -0.382671 0
    outer loop
      vertex 77.1853 5.77178 5
      vertex 77.0832 5.52533 6.2
      vertex 77.0832 5.52533 5
    endloop
  endfacet
  facet normal 0.972366 -0.233461 0
    outer loop
      vertex 77.0209 5.26594 6.2
      vertex 77.0832 5.52533 5
      vertex 77.0832 5.52533 6.2
    endloop
  endfacet
  facet normal 0.972366 -0.233461 0
    outer loop
      vertex 77.0832 5.52533 5
      vertex 77.0209 5.26594 6.2
      vertex 77.0209 5.26594 5
    endloop
  endfacet
  facet normal -0.760418 -0.649434 0
    outer loop
      vertex 80.0753 5.99924 5
      vertex 79.9021 6.20208 6.2
      vertex 79.9021 6.20208 5
    endloop
  endfacet
  facet normal -0.760418 -0.649434 0
    outer loop
      vertex 79.9021 6.20208 6.2
      vertex 80.0753 5.99924 5
      vertex 80.0753 5.99924 6.2
    endloop
  endfacet
  facet normal 0.0784611 -0.996917 0
    outer loop
      vertex 78.4341 6.67907 5
      vertex 78.7 6.7 6.2
      vertex 78.4341 6.67907 6.2
    endloop
  endfacet
  facet normal 0.0784611 -0.996917 0
    outer loop
      vertex 78.7 6.7 6.2
      vertex 78.4341 6.67907 5
      vertex 78.7 6.7 5
    endloop
  endfacet
  facet normal 0.382687 -0.923878 0
    outer loop
      vertex 77.9282 6.51471 5
      vertex 78.1747 6.6168 6.2
      vertex 77.9282 6.51471 6.2
    endloop
  endfacet
  facet normal 0.382687 -0.923878 0
    outer loop
      vertex 78.1747 6.6168 6.2
      vertex 77.9282 6.51471 5
      vertex 78.1747 6.6168 5
    endloop
  endfacet
  facet normal 0.522505 -0.852636 0
    outer loop
      vertex 77.7008 6.37533 5
      vertex 77.9282 6.51471 6.2
      vertex 77.7008 6.37533 6.2
    endloop
  endfacet
  facet normal 0.522505 -0.852636 0
    outer loop
      vertex 77.9282 6.51471 6.2
      vertex 77.7008 6.37533 5
      vertex 77.9282 6.51471 5
    endloop
  endfacet
  facet normal 0.233444 -0.97237 0
    outer loop
      vertex 78.1747 6.6168 5
      vertex 78.4341 6.67907 6.2
      vertex 78.1747 6.6168 6.2
    endloop
  endfacet
  facet normal 0.233444 -0.97237 0
    outer loop
      vertex 78.4341 6.67907 6.2
      vertex 78.1747 6.6168 5
      vertex 78.4341 6.67907 5
    endloop
  endfacet
  facet normal 0.760404 -0.64945 0
    outer loop
      vertex 77.3247 5.99924 6.2
      vertex 77.4979 6.20208 5
      vertex 77.4979 6.20208 6.2
    endloop
  endfacet
  facet normal 0.760404 -0.64945 0
    outer loop
      vertex 77.4979 6.20208 5
      vertex 77.3247 5.99924 6.2
      vertex 77.3247 5.99924 5
    endloop
  endfacet
  facet normal -0.649441 -0.760412 0
    outer loop
      vertex 79.6992 6.37533 5
      vertex 79.9021 6.20208 6.2
      vertex 79.6992 6.37533 6.2
    endloop
  endfacet
  facet normal -0.649441 -0.760412 -0
    outer loop
      vertex 79.9021 6.20208 6.2
      vertex 79.6992 6.37533 5
      vertex 79.9021 6.20208 5
    endloop
  endfacet
  facet normal 1 -0 0
    outer loop
      vertex 12.7284 18.089 1.6
      vertex 12.7284 35.589 0.65
      vertex 12.7284 35.589 1.6
    endloop
  endfacet
  facet normal 1 0 0
    outer loop
      vertex 12.7284 35.589 0.65
      vertex 12.7284 18.089 1.6
      vertex 12.7284 18.089 0.65
    endloop
  endfacet
  facet normal -1 0 0
    outer loop
      vertex 42.7284 18.089 0.65
      vertex 42.7284 35.589 1.6
      vertex 42.7284 35.589 0.65
    endloop
  endfacet
  facet normal -1 -0 0
    outer loop
      vertex 42.7284 35.589 1.6
      vertex 42.7284 18.089 0.65
      vertex 42.7284 18.089 1.6
    endloop
  endfacet
  facet normal 0 -1 0
    outer loop
      vertex 12.7284 35.589 0.65
      vertex 42.7284 35.589 1.6
      vertex 12.7284 35.589 1.6
    endloop
  endfacet
  facet normal 0 -1 -0
    outer loop
      vertex 42.7284 35.589 1.6
      vertex 12.7284 35.589 0.65
      vertex 42.7284 35.589 0.65
    endloop
  endfacet
  facet normal 0 1 -0
    outer loop
      vertex 42.7284 18.089 0.65
      vertex 12.7284 18.089 1.6
      vertex 42.7284 18.089 1.6
    endloop
  endfacet
  facet normal 0 1 0
    outer loop
      vertex 12.7284 18.089 1.6
      vertex 42.7284 18.089 0.65
      vertex 12.7284 18.089 0.65
    endloop
  endfacet
  facet normal 1 -0 0
    outer loop
      vertex 11.2284 16.589 0.65
      vertex 11.2284 37.089 5.72205e-07
      vertex 11.2284 37.089 0.65
    endloop
  endfacet
  facet normal 1 0 0
    outer loop
      vertex 11.2284 37.089 5.72205e-07
      vertex 11.2284 16.589 0.65
      vertex 11.2284 16.589 5.72205e-07
    endloop
  endfacet
  facet normal -1 0 0
    outer loop
      vertex 44.2284 16.589 5.72205e-07
      vertex 44.2284 37.089 0.65
      vertex 44.2284 37.089 5.72205e-07
    endloop
  endfacet
  facet normal -1 -0 0
    outer loop
      vertex 44.2284 37.089 0.65
      vertex 44.2284 16.589 5.72205e-07
      vertex 44.2284 16.589 0.65
    endloop
  endfacet
  facet normal 0 1 -0
    outer loop
      vertex 44.2284 16.589 5.72205e-07
      vertex 11.2284 16.589 0.65
      vertex 44.2284 16.589 0.65
    endloop
  endfacet
  facet normal 0 1 0
    outer loop
      vertex 11.2284 16.589 0.65
      vertex 44.2284 16.589 5.72205e-07
      vertex 11.2284 16.589 5.72205e-07
    endloop
  endfacet
  facet normal 0 0 -1
    outer loop
      vertex 44.2284 16.589 0.65
      vertex 42.7284 18.089 0.65
      vertex 44.2284 37.089 0.65
    endloop
  endfacet
  facet normal 0 0 -1
    outer loop
      vertex 44.2284 16.589 0.65
      vertex 12.7284 18.089 0.65
      vertex 42.7284 18.089 0.65
    endloop
  endfacet
  facet normal -0 0 -1
    outer loop
      vertex 12.7284 18.089 0.65
      vertex 11.2284 16.589 0.65
      vertex 12.7284 35.589 0.65
    endloop
  endfacet
  facet normal 0 0 -1
    outer loop
      vertex 11.2284 16.589 0.65
      vertex 12.7284 18.089 0.65
      vertex 44.2284 16.589 0.65
    endloop
  endfacet
  facet normal 0 0 -1
    outer loop
      vertex 42.7284 35.589 0.65
      vertex 44.2284 37.089 0.65
      vertex 42.7284 18.089 0.65
    endloop
  endfacet
  facet normal 0 0 -1
    outer loop
      vertex 12.7284 35.589 0.65
      vertex 44.2284 37.089 0.65
      vertex 42.7284 35.589 0.65
    endloop
  endfacet
  facet normal 0 0 -1
    outer loop
      vertex 12.7284 35.589 0.65
      vertex 11.2284 37.089 0.65
      vertex 44.2284 37.089 0.65
    endloop
  endfacet
  facet normal 0 0 -1
    outer loop
      vertex 11.2284 37.089 0.65
      vertex 12.7284 35.589 0.65
      vertex 11.2284 16.589 0.65
    endloop
  endfacet
  facet normal 0 -1 0
    outer loop
      vertex 11.2284 37.089 5.72205e-07
      vertex 44.2284 37.089 0.65
      vertex 11.2284 37.089 0.65
    endloop
  endfacet
  facet normal 0 -1 -0
    outer loop
      vertex 44.2284 37.089 0.65
      vertex 11.2284 37.089 5.72205e-07
      vertex 44.2284 37.089 5.72205e-07
    endloop
  endfacet
  facet normal -0.923881 0.38268 0
    outer loop
      vertex 47.238 22.5416 5.72205e-07
      vertex 47.3101 22.7156 1.6
      vertex 47.3101 22.7156 5.72205e-07
    endloop
  endfacet
  facet normal -0.923881 0.38268 0
    outer loop
      vertex 47.3101 22.7156 1.6
      vertex 47.238 22.5416 5.72205e-07
      vertex 47.238 22.5416 1.6
    endloop
  endfacet
  facet normal -0.852645 0.52249 0
    outer loop
      vertex 47.1396 22.3811 5.72205e-07
      vertex 47.238 22.5416 1.6
      vertex 47.238 22.5416 5.72205e-07
    endloop
  endfacet
  facet normal -0.852645 0.52249 0
    outer loop
      vertex 47.238 22.5416 1.6
      vertex 47.1396 22.3811 5.72205e-07
      vertex 47.1396 22.3811 1.6
    endloop
  endfacet
  facet normal -0.382688 0.923877 0
    outer loop
      vertex 46.7136 22.0172 5.72205e-07
      vertex 46.5396 21.9451 1.6
      vertex 46.7136 22.0172 1.6
    endloop
  endfacet
  facet normal -0.382688 0.923877 0
    outer loop
      vertex 46.5396 21.9451 1.6
      vertex 46.7136 22.0172 5.72205e-07
      vertex 46.5396 21.9451 5.72205e-07
    endloop
  endfacet
  facet normal 0.382688 0.923877 -0
    outer loop
      vertex 45.798 21.9451 5.72205e-07
      vertex 45.624 22.0172 1.6
      vertex 45.798 21.9451 1.6
    endloop
  endfacet
  facet normal 0.382688 0.923877 0
    outer loop
      vertex 45.624 22.0172 1.6
      vertex 45.798 21.9451 5.72205e-07
      vertex 45.624 22.0172 5.72205e-07
    endloop
  endfacet
  facet normal 0.972371 0.23344 0
    outer loop
      vertex 45.0275 22.7156 1.6
      vertex 44.9836 22.8987 5.72205e-07
      vertex 44.9836 22.8987 1.6
    endloop
  endfacet
  facet normal 0.972371 0.23344 0
    outer loop
      vertex 44.9836 22.8987 5.72205e-07
      vertex 45.0275 22.7156 1.6
      vertex 45.0275 22.7156 5.72205e-07
    endloop
  endfacet
  facet normal -0.972367 -0.233459 0
    outer loop
      vertex 47.354 23.2741 5.72205e-07
      vertex 47.3101 23.4572 1.6
      vertex 47.3101 23.4572 5.72205e-07
    endloop
  endfacet
  facet normal -0.972367 -0.233459 0
    outer loop
      vertex 47.3101 23.4572 1.6
      vertex 47.354 23.2741 5.72205e-07
      vertex 47.354 23.2741 1.6
    endloop
  endfacet
  facet normal 0.0784609 0.996917 -0
    outer loop
      vertex 46.1688 21.8864 5.72205e-07
      vertex 45.9811 21.9012 1.6
      vertex 46.1688 21.8864 1.6
    endloop
  endfacet
  facet normal 0.0784609 0.996917 0
    outer loop
      vertex 45.9811 21.9012 1.6
      vertex 46.1688 21.8864 5.72205e-07
      vertex 45.9811 21.9012 5.72205e-07
    endloop
  endfacet
  facet normal -0.522498 0.852641 0
    outer loop
      vertex 46.8741 22.1156 5.72205e-07
      vertex 46.7136 22.0172 1.6
      vertex 46.8741 22.1156 1.6
    endloop
  endfacet
  facet normal -0.522498 0.852641 0
    outer loop
      vertex 46.7136 22.0172 1.6
      vertex 46.8741 22.1156 5.72205e-07
      vertex 46.7136 22.0172 5.72205e-07
    endloop
  endfacet
  facet normal 0.996917 -0.0784601 0
    outer loop
      vertex 44.9688 23.0864 1.6
      vertex 44.9836 23.2741 5.72205e-07
      vertex 44.9836 23.2741 1.6
    endloop
  endfacet
  facet normal 0.996917 -0.0784601 0
    outer loop
      vertex 44.9836 23.2741 5.72205e-07
      vertex 44.9688 23.0864 1.6
      vertex 44.9688 23.0864 5.72205e-07
    endloop
  endfacet
  facet normal 0.852636 0.522505 0
    outer loop
      vertex 45.198 22.3811 1.6
      vertex 45.0996 22.5416 5.72205e-07
      vertex 45.0996 22.5416 1.6
    endloop
  endfacet
  facet normal 0.852636 0.522505 0
    outer loop
      vertex 45.0996 22.5416 5.72205e-07
      vertex 45.198 22.3811 1.6
      vertex 45.198 22.3811 5.72205e-07
    endloop
  endfacet
  facet normal 0.23344 0.972371 -0
    outer loop
      vertex 45.9811 21.9012 5.72205e-07
      vertex 45.798 21.9451 1.6
      vertex 45.9811 21.9012 1.6
    endloop
  endfacet
  facet normal 0.23344 0.972371 0
    outer loop
      vertex 45.798 21.9451 1.6
      vertex 45.9811 21.9012 5.72205e-07
      vertex 45.798 21.9451 5.72205e-07
    endloop
  endfacet
  facet normal 0.760409 0.649444 0
    outer loop
      vertex 45.3203 22.2379 1.6
      vertex 45.198 22.3811 5.72205e-07
      vertex 45.198 22.3811 1.6
    endloop
  endfacet
  facet normal 0.760409 0.649444 0
    outer loop
      vertex 45.198 22.3811 5.72205e-07
      vertex 45.3203 22.2379 1.6
      vertex 45.3203 22.2379 5.72205e-07
    endloop
  endfacet
  facet normal -0.996917 0.0784609 0
    outer loop
      vertex 47.354 22.8987 5.72205e-07
      vertex 47.3688 23.0864 1.6
      vertex 47.3688 23.0864 5.72205e-07
    endloop
  endfacet
  facet normal -0.996917 0.0784609 0
    outer loop
      vertex 47.3688 23.0864 1.6
      vertex 47.354 22.8987 5.72205e-07
      vertex 47.354 22.8987 1.6
    endloop
  endfacet
  facet normal -0.923881 -0.38268 0
    outer loop
      vertex 47.3101 23.4572 5.72205e-07
      vertex 47.238 23.6312 1.6
      vertex 47.238 23.6312 5.72205e-07
    endloop
  endfacet
  facet normal -0.923881 -0.38268 0
    outer loop
      vertex 47.238 23.6312 1.6
      vertex 47.3101 23.4572 5.72205e-07
      vertex 47.3101 23.4572 1.6
    endloop
  endfacet
  facet normal -0.972367 0.233459 0
    outer loop
      vertex 47.3101 22.7156 5.72205e-07
      vertex 47.354 22.8987 1.6
      vertex 47.354 22.8987 5.72205e-07
    endloop
  endfacet
  facet normal -0.972367 0.233459 0
    outer loop
      vertex 47.354 22.8987 1.6
      vertex 47.3101 22.7156 5.72205e-07
      vertex 47.3101 22.7156 1.6
    endloop
  endfacet
  facet normal -0.649449 0.760405 0
    outer loop
      vertex 47.0173 22.2379 5.72205e-07
      vertex 46.8741 22.1156 1.6
      vertex 47.0173 22.2379 1.6
    endloop
  endfacet
  facet normal -0.649449 0.760405 0
    outer loop
      vertex 46.8741 22.1156 1.6
      vertex 47.0173 22.2379 5.72205e-07
      vertex 46.8741 22.1156 5.72205e-07
    endloop
  endfacet
  facet normal -0.760399 0.649456 0
    outer loop
      vertex 47.0173 22.2379 5.72205e-07
      vertex 47.1396 22.3811 1.6
      vertex 47.1396 22.3811 5.72205e-07
    endloop
  endfacet
  facet normal -0.760399 0.649456 0
    outer loop
      vertex 47.1396 22.3811 1.6
      vertex 47.0173 22.2379 5.72205e-07
      vertex 47.0173 22.2379 1.6
    endloop
  endfacet
  facet normal -0.23344 0.972371 0
    outer loop
      vertex 46.5396 21.9451 5.72205e-07
      vertex 46.3565 21.9012 1.6
      vertex 46.5396 21.9451 1.6
    endloop
  endfacet
  facet normal -0.23344 0.972371 0
    outer loop
      vertex 46.3565 21.9012 1.6
      vertex 46.5396 21.9451 5.72205e-07
      vertex 46.3565 21.9012 5.72205e-07
    endloop
  endfacet
  facet normal -0.0784609 0.996917 0
    outer loop
      vertex 46.3565 21.9012 5.72205e-07
      vertex 46.1688 21.8864 1.6
      vertex 46.3565 21.9012 1.6
    endloop
  endfacet
  facet normal -0.0784609 0.996917 0
    outer loop
      vertex 46.1688 21.8864 1.6
      vertex 46.3565 21.9012 5.72205e-07
      vertex 46.1688 21.8864 5.72205e-07
    endloop
  endfacet
  facet normal 0.996917 0.0784609 0
    outer loop
      vertex 44.9836 22.8987 1.6
      vertex 44.9688 23.0864 5.72205e-07
      vertex 44.9688 23.0864 1.6
    endloop
  endfacet
  facet normal 0.996917 0.0784609 0
    outer loop
      vertex 44.9688 23.0864 5.72205e-07
      vertex 44.9836 22.8987 1.6
      vertex 44.9836 22.8987 5.72205e-07
    endloop
  endfacet
  facet normal 0.923881 0.38268 0
    outer loop
      vertex 45.0996 22.5416 1.6
      vertex 45.0275 22.7156 5.72205e-07
      vertex 45.0275 22.7156 1.6
    endloop
  endfacet
  facet normal 0.923881 0.38268 0
    outer loop
      vertex 45.0275 22.7156 5.72205e-07
      vertex 45.0996 22.5416 1.6
      vertex 45.0996 22.5416 5.72205e-07
    endloop
  endfacet
  facet normal 0.649439 0.760414 -0
    outer loop
      vertex 45.4635 22.1156 5.72205e-07
      vertex 45.3203 22.2379 1.6
      vertex 45.4635 22.1156 1.6
    endloop
  endfacet
  facet normal 0.649439 0.760414 0
    outer loop
      vertex 45.3203 22.2379 1.6
      vertex 45.4635 22.1156 5.72205e-07
      vertex 45.3203 22.2379 5.72205e-07
    endloop
  endfacet
  facet normal 0.522498 0.852641 -0
    outer loop
      vertex 45.624 22.0172 5.72205e-07
      vertex 45.4635 22.1156 1.6
      vertex 45.624 22.0172 1.6
    endloop
  endfacet
  facet normal 0.522498 0.852641 0
    outer loop
      vertex 45.4635 22.1156 1.6
      vertex 45.624 22.0172 5.72205e-07
      vertex 45.4635 22.1156 5.72205e-07
    endloop
  endfacet
  facet normal -0.996917 -0.0784601 0
    outer loop
      vertex 47.3688 23.0864 5.72205e-07
      vertex 47.354 23.2741 1.6
      vertex 47.354 23.2741 5.72205e-07
    endloop
  endfacet
  facet normal -0.996917 -0.0784601 0
    outer loop
      vertex 47.354 23.2741 1.6
      vertex 47.3688 23.0864 5.72205e-07
      vertex 47.3688 23.0864 1.6
    endloop
  endfacet
  facet normal -0.852645 -0.52249 0
    outer loop
      vertex 47.238 23.6312 5.72205e-07
      vertex 47.1396 23.7917 1.6
      vertex 47.1396 23.7917 5.72205e-07
    endloop
  endfacet
  facet normal -0.852645 -0.52249 0
    outer loop
      vertex 47.1396 23.7917 1.6
      vertex 47.238 23.6312 5.72205e-07
      vertex 47.238 23.6312 1.6
    endloop
  endfacet
  facet normal 0.972371 -0.23344 0
    outer loop
      vertex 44.9836 23.2741 1.6
      vertex 45.0275 23.4572 5.72205e-07
      vertex 45.0275 23.4572 1.6
    endloop
  endfacet
  facet normal 0.972371 -0.23344 0
    outer loop
      vertex 45.0275 23.4572 5.72205e-07
      vertex 44.9836 23.2741 1.6
      vertex 44.9836 23.2741 5.72205e-07
    endloop
  endfacet
  facet normal 0.852636 -0.522505 0
    outer loop
      vertex 45.0996 23.6312 1.6
      vertex 45.198 23.7917 5.72205e-07
      vertex 45.198 23.7917 1.6
    endloop
  endfacet
  facet normal 0.852636 -0.522505 0
    outer loop
      vertex 45.198 23.7917 5.72205e-07
      vertex 45.0996 23.6312 1.6
      vertex 45.0996 23.6312 5.72205e-07
    endloop
  endfacet
  facet normal -0.23344 -0.972371 0
    outer loop
      vertex 46.3565 24.2716 5.72205e-07
      vertex 46.5396 24.2277 1.6
      vertex 46.3565 24.2716 1.6
    endloop
  endfacet
  facet normal -0.23344 -0.972371 -0
    outer loop
      vertex 46.5396 24.2277 1.6
      vertex 46.3565 24.2716 5.72205e-07
      vertex 46.5396 24.2277 5.72205e-07
    endloop
  endfacet
  facet normal -0.382688 -0.923877 0
    outer loop
      vertex 46.5396 24.2277 5.72205e-07
      vertex 46.7136 24.1556 1.6
      vertex 46.5396 24.2277 1.6
    endloop
  endfacet
  facet normal -0.382688 -0.923877 -0
    outer loop
      vertex 46.7136 24.1556 1.6
      vertex 46.5396 24.2277 5.72205e-07
      vertex 46.7136 24.1556 5.72205e-07
    endloop
  endfacet
  facet normal -0.760399 -0.649456 0
    outer loop
      vertex 47.1396 23.7917 5.72205e-07
      vertex 47.0173 23.9349 1.6
      vertex 47.0173 23.9349 5.72205e-07
    endloop
  endfacet
  facet normal -0.760399 -0.649456 0
    outer loop
      vertex 47.0173 23.9349 1.6
      vertex 47.1396 23.7917 5.72205e-07
      vertex 47.1396 23.7917 1.6
    endloop
  endfacet
  facet normal -0.0784609 -0.996917 0
    outer loop
      vertex 46.1688 24.2864 5.72205e-07
      vertex 46.3565 24.2716 1.6
      vertex 46.1688 24.2864 1.6
    endloop
  endfacet
  facet normal -0.0784609 -0.996917 -0
    outer loop
      vertex 46.3565 24.2716 1.6
      vertex 46.1688 24.2864 5.72205e-07
      vertex 46.3565 24.2716 5.72205e-07
    endloop
  endfacet
  facet normal 0.923881 -0.38268 0
    outer loop
      vertex 45.0275 23.4572 1.6
      vertex 45.0996 23.6312 5.72205e-07
      vertex 45.0996 23.6312 1.6
    endloop
  endfacet
  facet normal 0.923881 -0.38268 0
    outer loop
      vertex 45.0996 23.6312 5.72205e-07
      vertex 45.0275 23.4572 1.6
      vertex 45.0275 23.4572 5.72205e-07
    endloop
  endfacet
  facet normal -0.649449 -0.760405 0
    outer loop
      vertex 46.8741 24.0572 5.72205e-07
      vertex 47.0173 23.9349 1.6
      vertex 46.8741 24.0572 1.6
    endloop
  endfacet
  facet normal -0.649449 -0.760405 -0
    outer loop
      vertex 47.0173 23.9349 1.6
      vertex 46.8741 24.0572 5.72205e-07
      vertex 47.0173 23.9349 5.72205e-07
    endloop
  endfacet
  facet normal -0.522498 -0.852641 0
    outer loop
      vertex 46.7136 24.1556 5.72205e-07
      vertex 46.8741 24.0572 1.6
      vertex 46.7136 24.1556 1.6
    endloop
  endfacet
  facet normal -0.522498 -0.852641 -0
    outer loop
      vertex 46.8741 24.0572 1.6
      vertex 46.7136 24.1556 5.72205e-07
      vertex 46.8741 24.0572 5.72205e-07
    endloop
  endfacet
  facet normal 0.522498 -0.852641 0
    outer loop
      vertex 45.4635 24.0572 5.72205e-07
      vertex 45.624 24.1556 1.6
      vertex 45.4635 24.0572 1.6
    endloop
  endfacet
  facet normal 0.522498 -0.852641 0
    outer loop
      vertex 45.624 24.1556 1.6
      vertex 45.4635 24.0572 5.72205e-07
      vertex 45.624 24.1556 5.72205e-07
    endloop
  endfacet
  facet normal 0.382688 -0.923877 0
    outer loop
      vertex 45.624 24.1556 5.72205e-07
      vertex 45.798 24.2277 1.6
      vertex 45.624 24.1556 1.6
    endloop
  endfacet
  facet normal 0.382688 -0.923877 0
    outer loop
      vertex 45.798 24.2277 1.6
      vertex 45.624 24.1556 5.72205e-07
      vertex 45.798 24.2277 5.72205e-07
    endloop
  endfacet
  facet normal 0.23344 -0.972371 0
    outer loop
      vertex 45.798 24.2277 5.72205e-07
      vertex 45.9811 24.2716 1.6
      vertex 45.798 24.2277 1.6
    endloop
  endfacet
  facet normal 0.23344 -0.972371 0
    outer loop
      vertex 45.9811 24.2716 1.6
      vertex 45.798 24.2277 5.72205e-07
      vertex 45.9811 24.2716 5.72205e-07
    endloop
  endfacet
  facet normal 0.760409 -0.649444 0
    outer loop
      vertex 45.198 23.7917 1.6
      vertex 45.3203 23.9349 5.72205e-07
      vertex 45.3203 23.9349 1.6
    endloop
  endfacet
  facet normal 0.760409 -0.649444 0
    outer loop
      vertex 45.3203 23.9349 5.72205e-07
      vertex 45.198 23.7917 1.6
      vertex 45.198 23.7917 5.72205e-07
    endloop
  endfacet
  facet normal 0.649439 -0.760414 0
    outer loop
      vertex 45.3203 23.9349 5.72205e-07
      vertex 45.4635 24.0572 1.6
      vertex 45.3203 23.9349 1.6
    endloop
  endfacet
  facet normal 0.649439 -0.760414 0
    outer loop
      vertex 45.4635 24.0572 1.6
      vertex 45.3203 23.9349 5.72205e-07
      vertex 45.4635 24.0572 5.72205e-07
    endloop
  endfacet
  facet normal 0.0784609 -0.996917 0
    outer loop
      vertex 45.9811 24.2716 5.72205e-07
      vertex 46.1688 24.2864 1.6
      vertex 45.9811 24.2716 1.6
    endloop
  endfacet
  facet normal 0.0784609 -0.996917 0
    outer loop
      vertex 46.1688 24.2864 1.6
      vertex 45.9811 24.2716 5.72205e-07
      vertex 46.1688 24.2864 5.72205e-07
    endloop
  endfacet
  facet normal -0.649449 0.760405 0
    outer loop
      vertex 51.7671 22.2379 5.72205e-07
      vertex 51.6239 22.1156 1.6
      vertex 51.7671 22.2379 1.6
    endloop
  endfacet
  facet normal -0.649449 0.760405 0
    outer loop
      vertex 51.6239 22.1156 1.6
      vertex 51.7671 22.2379 5.72205e-07
      vertex 51.6239 22.1156 5.72205e-07
    endloop
  endfacet
  facet normal -0.972371 -0.23344 0
    outer loop
      vertex 52.1038 23.2741 5.72205e-07
      vertex 52.0599 23.4572 1.6
      vertex 52.0599 23.4572 5.72205e-07
    endloop
  endfacet
  facet normal -0.972371 -0.23344 0
    outer loop
      vertex 52.0599 23.4572 1.6
      vertex 52.1038 23.2741 5.72205e-07
      vertex 52.1038 23.2741 1.6
    endloop
  endfacet
  facet normal 0.23344 -0.972371 0
    outer loop
      vertex 50.5478 24.2277 5.72205e-07
      vertex 50.7309 24.2716 1.6
      vertex 50.5478 24.2277 1.6
    endloop
  endfacet
  facet normal 0.23344 -0.972371 0
    outer loop
      vertex 50.7309 24.2716 1.6
      vertex 50.5478 24.2277 5.72205e-07
      vertex 50.7309 24.2716 5.72205e-07
    endloop
  endfacet
  facet normal 0.23344 0.972371 -0
    outer loop
      vertex 50.7309 21.9012 5.72205e-07
      vertex 50.5478 21.9451 1.6
      vertex 50.7309 21.9012 1.6
    endloop
  endfacet
  facet normal 0.23344 0.972371 0
    outer loop
      vertex 50.5478 21.9451 1.6
      vertex 50.7309 21.9012 5.72205e-07
      vertex 50.5478 21.9451 5.72205e-07
    endloop
  endfacet
  facet normal 0.923881 0.38268 0
    outer loop
      vertex 49.8494 22.5416 1.6
      vertex 49.7773 22.7156 5.72205e-07
      vertex 49.7773 22.7156 1.6
    endloop
  endfacet
  facet normal 0.923881 0.38268 0
    outer loop
      vertex 49.7773 22.7156 5.72205e-07
      vertex 49.8494 22.5416 1.6
      vertex 49.8494 22.5416 5.72205e-07
    endloop
  endfacet
  facet normal 0.923881 -0.38268 0
    outer loop
      vertex 49.7773 23.4572 1.6
      vertex 49.8494 23.6312 5.72205e-07
      vertex 49.8494 23.6312 1.6
    endloop
  endfacet
  facet normal 0.923881 -0.38268 0
    outer loop
      vertex 49.8494 23.6312 5.72205e-07
      vertex 49.7773 23.4572 1.6
      vertex 49.7773 23.4572 5.72205e-07
    endloop
  endfacet
  facet normal -0.972371 0.23344 0
    outer loop
      vertex 52.0599 22.7156 5.72205e-07
      vertex 52.1038 22.8987 1.6
      vertex 52.1038 22.8987 5.72205e-07
    endloop
  endfacet
  facet normal -0.972371 0.23344 0
    outer loop
      vertex 52.1038 22.8987 1.6
      vertex 52.0599 22.7156 5.72205e-07
      vertex 52.0599 22.7156 1.6
    endloop
  endfacet
  facet normal -0.923881 0.38268 0
    outer loop
      vertex 51.9878 22.5416 5.72205e-07
      vertex 52.0599 22.7156 1.6
      vertex 52.0599 22.7156 5.72205e-07
    endloop
  endfacet
  facet normal -0.923881 0.38268 0
    outer loop
      vertex 52.0599 22.7156 1.6
      vertex 51.9878 22.5416 5.72205e-07
      vertex 51.9878 22.5416 1.6
    endloop
  endfacet
  facet normal -0.852636 0.522505 0
    outer loop
      vertex 51.8894 22.3811 5.72205e-07
      vertex 51.9878 22.5416 1.6
      vertex 51.9878 22.5416 5.72205e-07
    endloop
  endfacet
  facet normal -0.852636 0.522505 0
    outer loop
      vertex 51.9878 22.5416 1.6
      vertex 51.8894 22.3811 5.72205e-07
      vertex 51.8894 22.3811 1.6
    endloop
  endfacet
  facet normal -0.760409 0.649444 0
    outer loop
      vertex 51.7671 22.2379 5.72205e-07
      vertex 51.8894 22.3811 1.6
      vertex 51.8894 22.3811 5.72205e-07
    endloop
  endfacet
  facet normal -0.760409 0.649444 0
    outer loop
      vertex 51.8894 22.3811 1.6
      vertex 51.7671 22.2379 5.72205e-07
      vertex 51.7671 22.2379 1.6
    endloop
  endfacet
  facet normal -0.522489 0.852646 0
    outer loop
      vertex 51.6239 22.1156 5.72205e-07
      vertex 51.4634 22.0172 1.6
      vertex 51.6239 22.1156 1.6
    endloop
  endfacet
  facet normal -0.522489 0.852646 0
    outer loop
      vertex 51.4634 22.0172 1.6
      vertex 51.6239 22.1156 5.72205e-07
      vertex 51.4634 22.0172 5.72205e-07
    endloop
  endfacet
  facet normal -0.0784609 0.996917 0
    outer loop
      vertex 51.1063 21.9012 5.72205e-07
      vertex 50.9186 21.8864 1.6
      vertex 51.1063 21.9012 1.6
    endloop
  endfacet
  facet normal -0.0784609 0.996917 0
    outer loop
      vertex 50.9186 21.8864 1.6
      vertex 51.1063 21.9012 5.72205e-07
      vertex 50.9186 21.8864 5.72205e-07
    endloop
  endfacet
  facet normal 0.996917 0.0784609 0
    outer loop
      vertex 49.7334 22.8987 1.6
      vertex 49.7186 23.0864 5.72205e-07
      vertex 49.7186 23.0864 1.6
    endloop
  endfacet
  facet normal 0.996917 0.0784609 0
    outer loop
      vertex 49.7186 23.0864 5.72205e-07
      vertex 49.7334 22.8987 1.6
      vertex 49.7334 22.8987 5.72205e-07
    endloop
  endfacet
  facet normal 0.760409 0.649444 0
    outer loop
      vertex 50.0701 22.2379 1.6
      vertex 49.9478 22.3811 5.72205e-07
      vertex 49.9478 22.3811 1.6
    endloop
  endfacet
  facet normal 0.760409 0.649444 0
    outer loop
      vertex 49.9478 22.3811 5.72205e-07
      vertex 50.0701 22.2379 1.6
      vertex 50.0701 22.2379 5.72205e-07
    endloop
  endfacet
  facet normal 0.382688 0.923877 -0
    outer loop
      vertex 50.5478 21.9451 5.72205e-07
      vertex 50.3738 22.0172 1.6
      vertex 50.5478 21.9451 1.6
    endloop
  endfacet
  facet normal 0.382688 0.923877 0
    outer loop
      vertex 50.3738 22.0172 1.6
      vertex 50.5478 21.9451 5.72205e-07
      vertex 50.3738 22.0172 5.72205e-07
    endloop
  endfacet
  facet normal 0.0784609 0.996917 -0
    outer loop
      vertex 50.9186 21.8864 5.72205e-07
      vertex 50.7309 21.9012 1.6
      vertex 50.9186 21.8864 1.6
    endloop
  endfacet
  facet normal 0.0784609 0.996917 0
    outer loop
      vertex 50.7309 21.9012 1.6
      vertex 50.9186 21.8864 5.72205e-07
      vertex 50.7309 21.9012 5.72205e-07
    endloop
  endfacet
  facet normal 0.522498 0.852641 -0
    outer loop
      vertex 50.3738 22.0172 5.72205e-07
      vertex 50.2133 22.1156 1.6
      vertex 50.3738 22.0172 1.6
    endloop
  endfacet
  facet normal 0.522498 0.852641 0
    outer loop
      vertex 50.2133 22.1156 1.6
      vertex 50.3738 22.0172 5.72205e-07
      vertex 50.2133 22.1156 5.72205e-07
    endloop
  endfacet
  facet normal -0.0784609 -0.996917 0
    outer loop
      vertex 50.9186 24.2864 5.72205e-07
      vertex 51.1063 24.2716 1.6
      vertex 50.9186 24.2864 1.6
    endloop
  endfacet
  facet normal -0.0784609 -0.996917 -0
    outer loop
      vertex 51.1063 24.2716 1.6
      vertex 50.9186 24.2864 5.72205e-07
      vertex 51.1063 24.2716 5.72205e-07
    endloop
  endfacet
  facet normal -0.760409 -0.649444 0
    outer loop
      vertex 51.8894 23.7917 5.72205e-07
      vertex 51.7671 23.9349 1.6
      vertex 51.7671 23.9349 5.72205e-07
    endloop
  endfacet
  facet normal -0.760409 -0.649444 0
    outer loop
      vertex 51.7671 23.9349 1.6
      vertex 51.8894 23.7917 5.72205e-07
      vertex 51.8894 23.7917 1.6
    endloop
  endfacet
  facet normal -0.233435 -0.972372 0
    outer loop
      vertex 51.1063 24.2716 5.72205e-07
      vertex 51.2894 24.2277 1.6
      vertex 51.1063 24.2716 1.6
    endloop
  endfacet
  facet normal -0.233435 -0.972372 -0
    outer loop
      vertex 51.2894 24.2277 1.6
      vertex 51.1063 24.2716 5.72205e-07
      vertex 51.2894 24.2277 5.72205e-07
    endloop
  endfacet
  facet normal 0.0784609 -0.996917 0
    outer loop
      vertex 50.7309 24.2716 5.72205e-07
      vertex 50.9186 24.2864 1.6
      vertex 50.7309 24.2716 1.6
    endloop
  endfacet
  facet normal 0.0784609 -0.996917 0
    outer loop
      vertex 50.9186 24.2864 1.6
      vertex 50.7309 24.2716 5.72205e-07
      vertex 50.9186 24.2864 5.72205e-07
    endloop
  endfacet
  facet normal 0.382688 -0.923877 0
    outer loop
      vertex 50.3738 24.1556 5.72205e-07
      vertex 50.5478 24.2277 1.6
      vertex 50.3738 24.1556 1.6
    endloop
  endfacet
  facet normal 0.382688 -0.923877 0
    outer loop
      vertex 50.5478 24.2277 1.6
      vertex 50.3738 24.1556 5.72205e-07
      vertex 50.5478 24.2277 5.72205e-07
    endloop
  endfacet
  facet normal 0.996917 -0.0784601 0
    outer loop
      vertex 49.7186 23.0864 1.6
      vertex 49.7334 23.2741 5.72205e-07
      vertex 49.7334 23.2741 1.6
    endloop
  endfacet
  facet normal 0.996917 -0.0784601 0
    outer loop
      vertex 49.7334 23.2741 5.72205e-07
      vertex 49.7186 23.0864 1.6
      vertex 49.7186 23.0864 5.72205e-07
    endloop
  endfacet
  facet normal -0.382696 0.923874 0
    outer loop
      vertex 51.4634 22.0172 5.72205e-07
      vertex 51.2894 21.9451 1.6
      vertex 51.4634 22.0172 1.6
    endloop
  endfacet
  facet normal -0.382696 0.923874 0
    outer loop
      vertex 51.2894 21.9451 1.6
      vertex 51.4634 22.0172 5.72205e-07
      vertex 51.2894 21.9451 5.72205e-07
    endloop
  endfacet
  facet normal -0.233435 0.972372 0
    outer loop
      vertex 51.2894 21.9451 5.72205e-07
      vertex 51.1063 21.9012 1.6
      vertex 51.2894 21.9451 1.6
    endloop
  endfacet
  facet normal -0.233435 0.972372 0
    outer loop
      vertex 51.1063 21.9012 1.6
      vertex 51.2894 21.9451 5.72205e-07
      vertex 51.1063 21.9012 5.72205e-07
    endloop
  endfacet
  facet normal 0.972371 0.23344 0
    outer loop
      vertex 49.7773 22.7156 1.6
      vertex 49.7334 22.8987 5.72205e-07
      vertex 49.7334 22.8987 1.6
    endloop
  endfacet
  facet normal 0.972371 0.23344 0
    outer loop
      vertex 49.7334 22.8987 5.72205e-07
      vertex 49.7773 22.7156 1.6
      vertex 49.7773 22.7156 5.72205e-07
    endloop
  endfacet
  facet normal 0.649449 0.760405 -0
    outer loop
      vertex 50.2133 22.1156 5.72205e-07
      vertex 50.0701 22.2379 1.6
      vertex 50.2133 22.1156 1.6
    endloop
  endfacet
  facet normal 0.649449 0.760405 0
    outer loop
      vertex 50.0701 22.2379 1.6
      vertex 50.2133 22.1156 5.72205e-07
      vertex 50.0701 22.2379 5.72205e-07
    endloop
  endfacet
  facet normal -0.996917 0.0784609 0
    outer loop
      vertex 52.1038 22.8987 5.72205e-07
      vertex 52.1186 23.0864 1.6
      vertex 52.1186 23.0864 5.72205e-07
    endloop
  endfacet
  facet normal -0.996917 0.0784609 0
    outer loop
      vertex 52.1186 23.0864 1.6
      vertex 52.1038 22.8987 5.72205e-07
      vertex 52.1038 22.8987 1.6
    endloop
  endfacet
  facet normal -0.923881 -0.38268 0
    outer loop
      vertex 52.0599 23.4572 5.72205e-07
      vertex 51.9878 23.6312 1.6
      vertex 51.9878 23.6312 5.72205e-07
    endloop
  endfacet
  facet normal -0.923881 -0.38268 0
    outer loop
      vertex 51.9878 23.6312 1.6
      vertex 52.0599 23.4572 5.72205e-07
      vertex 52.0599 23.4572 1.6
    endloop
  endfacet
  facet normal -0.382696 -0.923874 0
    outer loop
      vertex 51.2894 24.2277 5.72205e-07
      vertex 51.4634 24.1556 1.6
      vertex 51.2894 24.2277 1.6
    endloop
  endfacet
  facet normal -0.382696 -0.923874 -0
    outer loop
      vertex 51.4634 24.1556 1.6
      vertex 51.2894 24.2277 5.72205e-07
      vertex 51.4634 24.1556 5.72205e-07
    endloop
  endfacet
  facet normal -0.649449 -0.760405 0
    outer loop
      vertex 51.6239 24.0572 5.72205e-07
      vertex 51.7671 23.9349 1.6
      vertex 51.6239 24.0572 1.6
    endloop
  endfacet
  facet normal -0.649449 -0.760405 -0
    outer loop
      vertex 51.7671 23.9349 1.6
      vertex 51.6239 24.0572 5.72205e-07
      vertex 51.7671 23.9349 5.72205e-07
    endloop
  endfacet
  facet normal 0.649449 -0.760405 0
    outer loop
      vertex 50.0701 23.9349 5.72205e-07
      vertex 50.2133 24.0572 1.6
      vertex 50.0701 23.9349 1.6
    endloop
  endfacet
  facet normal 0.649449 -0.760405 0
    outer loop
      vertex 50.2133 24.0572 1.6
      vertex 50.0701 23.9349 5.72205e-07
      vertex 50.2133 24.0572 5.72205e-07
    endloop
  endfacet
  facet normal 0.972371 -0.23344 0
    outer loop
      vertex 49.7334 23.2741 1.6
      vertex 49.7773 23.4572 5.72205e-07
      vertex 49.7773 23.4572 1.6
    endloop
  endfacet
  facet normal 0.972371 -0.23344 0
    outer loop
      vertex 49.7773 23.4572 5.72205e-07
      vertex 49.7334 23.2741 1.6
      vertex 49.7334 23.2741 5.72205e-07
    endloop
  endfacet
  facet normal 0.760409 -0.649444 0
    outer loop
      vertex 49.9478 23.7917 1.6
      vertex 50.0701 23.9349 5.72205e-07
      vertex 50.0701 23.9349 1.6
    endloop
  endfacet
  facet normal 0.760409 -0.649444 0
    outer loop
      vertex 50.0701 23.9349 5.72205e-07
      vertex 49.9478 23.7917 1.6
      vertex 49.9478 23.7917 5.72205e-07
    endloop
  endfacet
  facet normal 0.852636 0.522505 0
    outer loop
      vertex 49.9478 22.3811 1.6
      vertex 49.8494 22.5416 5.72205e-07
      vertex 49.8494 22.5416 1.6
    endloop
  endfacet
  facet normal 0.852636 0.522505 0
    outer loop
      vertex 49.8494 22.5416 5.72205e-07
      vertex 49.9478 22.3811 1.6
      vertex 49.9478 22.3811 5.72205e-07
    endloop
  endfacet
  facet normal -0.996917 -0.0784601 0
    outer loop
      vertex 52.1186 23.0864 5.72205e-07
      vertex 52.1038 23.2741 1.6
      vertex 52.1038 23.2741 5.72205e-07
    endloop
  endfacet
  facet normal -0.996917 -0.0784601 0
    outer loop
      vertex 52.1038 23.2741 1.6
      vertex 52.1186 23.0864 5.72205e-07
      vertex 52.1186 23.0864 1.6
    endloop
  endfacet
  facet normal -0.852636 -0.522505 0
    outer loop
      vertex 51.9878 23.6312 5.72205e-07
      vertex 51.8894 23.7917 1.6
      vertex 51.8894 23.7917 5.72205e-07
    endloop
  endfacet
  facet normal -0.852636 -0.522505 0
    outer loop
      vertex 51.8894 23.7917 1.6
      vertex 51.9878 23.6312 5.72205e-07
      vertex 51.9878 23.6312 1.6
    endloop
  endfacet
  facet normal -0.522489 -0.852646 0
    outer loop
      vertex 51.4634 24.1556 5.72205e-07
      vertex 51.6239 24.0572 1.6
      vertex 51.4634 24.1556 1.6
    endloop
  endfacet
  facet normal -0.522489 -0.852646 -0
    outer loop
      vertex 51.6239 24.0572 1.6
      vertex 51.4634 24.1556 5.72205e-07
      vertex 51.6239 24.0572 5.72205e-07
    endloop
  endfacet
  facet normal 0.522498 -0.852641 0
    outer loop
      vertex 50.2133 24.0572 5.72205e-07
      vertex 50.3738 24.1556 1.6
      vertex 50.2133 24.0572 1.6
    endloop
  endfacet
  facet normal 0.522498 -0.852641 0
    outer loop
      vertex 50.3738 24.1556 1.6
      vertex 50.2133 24.0572 5.72205e-07
      vertex 50.3738 24.1556 5.72205e-07
    endloop
  endfacet
  facet normal 0.852636 -0.522505 0
    outer loop
      vertex 49.8494 23.6312 1.6
      vertex 49.9478 23.7917 5.72205e-07
      vertex 49.9478 23.7917 1.6
    endloop
  endfacet
  facet normal 0.852636 -0.522505 0
    outer loop
      vertex 49.9478 23.7917 5.72205e-07
      vertex 49.8494 23.6312 1.6
      vertex 49.8494 23.6312 5.72205e-07
    endloop
  endfacet
  facet normal -0 0 1
    outer loop
      vertex 3.05176e-06 53.75 2.8
      vertex 1.80001 40.25 2.8
      vertex 1.80001 53.75 2.8
    endloop
  endfacet
  facet normal 0 0 1
    outer loop
      vertex 1.80001 40.25 2.8
      vertex 3.05176e-06 53.75 2.8
      vertex 3.05176e-06 40.25 2.8
    endloop
  endfacet
  facet normal 0 1 -0
    outer loop
      vertex 1.80001 40.25 2.8
      vertex 3.05176e-06 40.25 11.2
      vertex 1.80001 40.25 11.2
    endloop
  endfacet
  facet normal 0 1 0
    outer loop
      vertex 3.05176e-06 40.25 11.2
      vertex 1.80001 40.25 2.8
      vertex 3.05176e-06 40.25 2.8
    endloop
  endfacet
  facet normal 0 0 -1
    outer loop
      vertex 3.05176e-06 40.25 11.2
      vertex 1.80001 53.75 11.2
      vertex 1.80001 40.25 11.2
    endloop
  endfacet
  facet normal -0 0 -1
    outer loop
      vertex 1.80001 53.75 11.2
      vertex 3.05176e-06 40.25 11.2
      vertex 3.05176e-06 53.75 11.2
    endloop
  endfacet
  facet normal 0 -1 0
    outer loop
      vertex 3.05176e-06 53.75 2.8
      vertex 1.80001 53.75 11.2
      vertex 3.05176e-06 53.75 11.2
    endloop
  endfacet
  facet normal 0 -1 -0
    outer loop
      vertex 1.80001 53.75 11.2
      vertex 3.05176e-06 53.75 2.8
      vertex 1.80001 53.75 2.8
    endloop
  endfacet
  facet normal -0 0 1
    outer loop
      vertex 3.05176e-06 34.87 20.85
      vertex 1.80001 22.87 20.85
      vertex 1.80001 34.87 20.85
    endloop
  endfacet
  facet normal 0 0 1
    outer loop
      vertex 1.80001 22.87 20.85
      vertex 3.05176e-06 34.87 20.85
      vertex 3.05176e-06 22.87 20.85
    endloop
  endfacet
  facet normal 0 1 -0
    outer loop
      vertex 1.80001 22.87 20.85
      vertex 3.05176e-06 22.87 27.85
      vertex 1.80001 22.87 27.85
    endloop
  endfacet
  facet normal 0 1 0
    outer loop
      vertex 3.05176e-06 22.87 27.85
      vertex 1.80001 22.87 20.85
      vertex 3.05176e-06 22.87 20.85
    endloop
  endfacet
  facet normal 0 0 -1
    outer loop
      vertex 3.05176e-06 22.87 27.85
      vertex 1.80001 34.87 27.85
      vertex 1.80001 22.87 27.85
    endloop
  endfacet
  facet normal -0 0 -1
    outer loop
      vertex 1.80001 34.87 27.85
      vertex 3.05176e-06 22.87 27.85
      vertex 3.05176e-06 34.87 27.85
    endloop
  endfacet
  facet normal 0 -1 0
    outer loop
      vertex 3.05176e-06 34.87 20.85
      vertex 1.80001 34.87 27.85
      vertex 3.05176e-06 34.87 27.85
    endloop
  endfacet
  facet normal 0 -1 -0
    outer loop
      vertex 1.80001 34.87 27.85
      vertex 3.05176e-06 34.87 20.85
      vertex 1.80001 34.87 20.85
    endloop
  endfacet
  facet normal 0 0 -1
    outer loop
      vertex 55.7 29 0.35
      vertex 61.7 33 0.35
      vertex 61.7 29 0.35
    endloop
  endfacet
  facet normal -0 0 -1
    outer loop
      vertex 61.7 33 0.35
      vertex 55.7 29 0.35
      vertex 55.7 33 0.35
    endloop
  endfacet
  facet normal 0 0 -1
    outer loop
      vertex 61.7 29 0.35
      vertex 66.7 31 0.35
      vertex 61.7 27 0.35
    endloop
  endfacet
  facet normal 0 0 -1
    outer loop
      vertex 61.7 33 0.35
      vertex 66.7 31 0.35
      vertex 61.7 29 0.35
    endloop
  endfacet
  facet normal 0 0 -1
    outer loop
      vertex 66.7 31 0.35
      vertex 61.7 33 0.35
      vertex 61.7 35 0.35
    endloop
  endfacet
  facet normal -0.624695 0.780869 0
    outer loop
      vertex 66.7 31 5.72205e-07
      vertex 61.7 27 0.35
      vertex 66.7 31 0.35
    endloop
  endfacet
  facet normal -0.624695 0.780869 0
    outer loop
      vertex 61.7 27 0.35
      vertex 66.7 31 5.72205e-07
      vertex 61.7 27 5.72205e-07
    endloop
  endfacet
  facet normal 1 -0 0
    outer loop
      vertex 61.7 27 0.35
      vertex 61.7 29 5.72205e-07
      vertex 61.7 29 0.35
    endloop
  endfacet
  facet normal 1 0 0
    outer loop
      vertex 61.7 29 5.72205e-07
      vertex 61.7 27 0.35
      vertex 61.7 27 5.72205e-07
    endloop
  endfacet
  facet normal 0 1 -0
    outer loop
      vertex 61.7 29 5.72205e-07
      vertex 55.7 29 0.35
      vertex 61.7 29 0.35
    endloop
  endfacet
  facet normal 0 1 0
    outer loop
      vertex 55.7 29 0.35
      vertex 61.7 29 5.72205e-07
      vertex 55.7 29 5.72205e-07
    endloop
  endfacet
  facet normal 1 -0 0
    outer loop
      vertex 55.7 29 0.35
      vertex 55.7 33 5.72205e-07
      vertex 55.7 33 0.35
    endloop
  endfacet
  facet normal 1 0 0
    outer loop
      vertex 55.7 33 5.72205e-07
      vertex 55.7 29 0.35
      vertex 55.7 29 5.72205e-07
    endloop
  endfacet
  facet normal 0 -1 0
    outer loop
      vertex 55.7 33 5.72205e-07
      vertex 61.7 33 0.35
      vertex 55.7 33 0.35
    endloop
  endfacet
  facet normal 0 -1 -0
    outer loop
      vertex 61.7 33 0.35
      vertex 55.7 33 5.72205e-07
      vertex 61.7 33 5.72205e-07
    endloop
  endfacet
  facet normal 1 -0 0
    outer loop
      vertex 61.7 33 0.35
      vertex 61.7 35 5.72205e-07
      vertex 61.7 35 0.35
    endloop
  endfacet
  facet normal 1 0 0
    outer loop
      vertex 61.7 35 5.72205e-07
      vertex 61.7 33 0.35
      vertex 61.7 33 5.72205e-07
    endloop
  endfacet
  facet normal -0.624695 -0.780869 0
    outer loop
      vertex 61.7 35 5.72205e-07
      vertex 66.7 31 0.35
      vertex 61.7 35 0.35
    endloop
  endfacet
  facet normal -0.624695 -0.780869 -0
    outer loop
      vertex 66.7 31 0.35
      vertex 61.7 35 5.72205e-07
      vertex 66.7 31 5.72205e-07
    endloop
  endfacet
endsolid OpenSCAD_Model
