solid OpenSCAD_Model
  facet normal -0.996917 -0.078461 0
    outer loop
      vertex 10.2 8 2
      vertex 10.1729 8.34416 7
      vertex 10.1729 8.34416 2
    endloop
  endfacet
  facet normal -0.996917 -0.078461 0
    outer loop
      vertex 10.1729 8.34416 7
      vertex 10.2 8 2
      vertex 10.2 8 7
    endloop
  endfacet
  facet normal 0.0784607 -0.996917 0
    outer loop
      vertex 7.65584 10.1729 2
      vertex 8 10.2 7
      vertex 7.65584 10.1729 7
    endloop
  endfacet
  facet normal 0.0784607 -0.996917 0
    outer loop
      vertex 8 10.2 7
      vertex 7.65584 10.1729 2
      vertex 8 10.2 2
    endloop
  endfacet
  facet normal -0.078461 0.996917 0
    outer loop
      vertex 8.34416 5.82709 2
      vertex 8 5.8 7
      vertex 8.34416 5.82709 7
    endloop
  endfacet
  facet normal -0.078461 0.996917 0
    outer loop
      vertex 8 5.8 7
      vertex 8.34416 5.82709 2
      vertex 8 5.8 2
    endloop
  endfacet
  facet normal -0.85264 0.522498 0
    outer loop
      vertex 9.77984 6.70687 2
      vertex 9.96021 7.00122 7
      vertex 9.96021 7.00122 2
    endloop
  endfacet
  facet normal -0.85264 0.522498 0
    outer loop
      vertex 9.96021 7.00122 7
      vertex 9.77984 6.70687 2
      vertex 9.77984 6.70687 7
    endloop
  endfacet
  facet normal -0.649447 -0.760407 0
    outer loop
      vertex 9.29313 9.77984 2
      vertex 9.55563 9.55563 7
      vertex 9.29313 9.77984 7
    endloop
  endfacet
  facet normal -0.649447 -0.760407 -0
    outer loop
      vertex 9.55563 9.55563 7
      vertex 9.29313 9.77984 2
      vertex 9.55563 9.55563 2
    endloop
  endfacet
  facet normal 0.760407 -0.649447 0
    outer loop
      vertex 6.22016 9.29313 7
      vertex 6.44436 9.55563 2
      vertex 6.44436 9.55563 7
    endloop
  endfacet
  facet normal 0.760407 -0.649447 0
    outer loop
      vertex 6.44436 9.55563 2
      vertex 6.22016 9.29313 7
      vertex 6.22016 9.29313 2
    endloop
  endfacet
  facet normal 0.522498 -0.85264 0
    outer loop
      vertex 6.70687 9.77984 2
      vertex 7.00122 9.96021 7
      vertex 6.70687 9.77984 7
    endloop
  endfacet
  facet normal 0.522498 -0.85264 0
    outer loop
      vertex 7.00122 9.96021 7
      vertex 6.70687 9.77984 2
      vertex 7.00122 9.96021 2
    endloop
  endfacet
  facet normal -0.85264 -0.522498 0
    outer loop
      vertex 9.96021 8.99878 2
      vertex 9.77984 9.29313 7
      vertex 9.77984 9.29313 2
    endloop
  endfacet
  facet normal -0.85264 -0.522498 0
    outer loop
      vertex 9.77984 9.29313 7
      vertex 9.96021 8.99878 2
      vertex 9.96021 8.99878 7
    endloop
  endfacet
  facet normal -0.97237 -0.233443 0
    outer loop
      vertex 10.1729 8.34416 2
      vertex 10.0923 8.67984 7
      vertex 10.0923 8.67984 2
    endloop
  endfacet
  facet normal -0.97237 -0.233443 0
    outer loop
      vertex 10.0923 8.67984 7
      vertex 10.1729 8.34416 2
      vertex 10.1729 8.34416 7
    endloop
  endfacet
  facet normal -0.760407 -0.649447 0
    outer loop
      vertex 9.77984 9.29313 2
      vertex 9.55563 9.55563 7
      vertex 9.55563 9.55563 2
    endloop
  endfacet
  facet normal -0.760407 -0.649447 0
    outer loop
      vertex 9.55563 9.55563 7
      vertex 9.77984 9.29313 2
      vertex 9.77984 9.29313 7
    endloop
  endfacet
  facet normal -0.382686 -0.923879 0
    outer loop
      vertex 8.67984 10.0923 2
      vertex 8.99878 9.96021 7
      vertex 8.67984 10.0923 7
    endloop
  endfacet
  facet normal -0.382686 -0.923879 -0
    outer loop
      vertex 8.99878 9.96021 7
      vertex 8.67984 10.0923 2
      vertex 8.99878 9.96021 2
    endloop
  endfacet
  facet normal -0.522498 -0.85264 0
    outer loop
      vertex 8.99878 9.96021 2
      vertex 9.29313 9.77984 7
      vertex 8.99878 9.96021 7
    endloop
  endfacet
  facet normal -0.522498 -0.85264 -0
    outer loop
      vertex 9.29313 9.77984 7
      vertex 8.99878 9.96021 2
      vertex 9.29313 9.77984 2
    endloop
  endfacet
  facet normal 0.923879 -0.382686 0
    outer loop
      vertex 5.90767 8.67984 7
      vertex 6.03979 8.99878 2
      vertex 6.03979 8.99878 7
    endloop
  endfacet
  facet normal 0.923879 -0.382686 0
    outer loop
      vertex 6.03979 8.99878 2
      vertex 5.90767 8.67984 7
      vertex 5.90767 8.67984 2
    endloop
  endfacet
  facet normal 0 0 1
    outer loop
      vertex 10.1729 8.34416 2
      vertex 10.1729 7.65584 2
      vertex 10.2 8 2
    endloop
  endfacet
  facet normal 0 0 1
    outer loop
      vertex 10.0923 8.67984 2
      vertex 10.1729 7.65584 2
      vertex 10.1729 8.34416 2
    endloop
  endfacet
  facet normal 0 0 1
    outer loop
      vertex 10.0923 8.67984 2
      vertex 10.0923 7.32016 2
      vertex 10.1729 7.65584 2
    endloop
  endfacet
  facet normal 0 0 1
    outer loop
      vertex 9.96021 8.99878 2
      vertex 10.0923 7.32016 2
      vertex 10.0923 8.67984 2
    endloop
  endfacet
  facet normal 0 0 1
    outer loop
      vertex 9.96021 8.99878 2
      vertex 9.96021 7.00122 2
      vertex 10.0923 7.32016 2
    endloop
  endfacet
  facet normal 0 0 1
    outer loop
      vertex 9.77984 9.29313 2
      vertex 9.96021 7.00122 2
      vertex 9.96021 8.99878 2
    endloop
  endfacet
  facet normal 0 0 1
    outer loop
      vertex 9.77984 9.29313 2
      vertex 9.77984 6.70687 2
      vertex 9.96021 7.00122 2
    endloop
  endfacet
  facet normal 0 0 1
    outer loop
      vertex 9.55563 9.55563 2
      vertex 9.77984 6.70687 2
      vertex 9.77984 9.29313 2
    endloop
  endfacet
  facet normal 0 0 1
    outer loop
      vertex 9.55563 9.55563 2
      vertex 9.55563 6.44436 2
      vertex 9.77984 6.70687 2
    endloop
  endfacet
  facet normal 0 0 1
    outer loop
      vertex 9.29313 9.77984 2
      vertex 9.55563 6.44436 2
      vertex 9.55563 9.55563 2
    endloop
  endfacet
  facet normal 0 0 1
    outer loop
      vertex 9.29313 9.77984 2
      vertex 9.29313 6.22016 2
      vertex 9.55563 6.44436 2
    endloop
  endfacet
  facet normal 0 0 1
    outer loop
      vertex 8.99878 9.96021 2
      vertex 9.29313 6.22016 2
      vertex 9.29313 9.77984 2
    endloop
  endfacet
  facet normal 0 0 1
    outer loop
      vertex 8.99878 9.96021 2
      vertex 8.99878 6.03979 2
      vertex 9.29313 6.22016 2
    endloop
  endfacet
  facet normal 0 0 1
    outer loop
      vertex 8.67984 10.0923 2
      vertex 8.99878 6.03979 2
      vertex 8.99878 9.96021 2
    endloop
  endfacet
  facet normal 0 0 1
    outer loop
      vertex 8.67984 10.0923 2
      vertex 8.67984 5.90767 2
      vertex 8.99878 6.03979 2
    endloop
  endfacet
  facet normal 0 0 1
    outer loop
      vertex 8.34416 10.1729 2
      vertex 8.67984 5.90767 2
      vertex 8.67984 10.0923 2
    endloop
  endfacet
  facet normal 0 0 1
    outer loop
      vertex 8.34416 10.1729 2
      vertex 8.34416 5.82709 2
      vertex 8.67984 5.90767 2
    endloop
  endfacet
  facet normal 0 0 1
    outer loop
      vertex 8 10.2 2
      vertex 8.34416 5.82709 2
      vertex 8.34416 10.1729 2
    endloop
  endfacet
  facet normal 0 0 1
    outer loop
      vertex 8 10.2 2
      vertex 8 5.8 2
      vertex 8.34416 5.82709 2
    endloop
  endfacet
  facet normal -0 0 1
    outer loop
      vertex 7.65584 10.1729 2
      vertex 8 5.8 2
      vertex 8 10.2 2
    endloop
  endfacet
  facet normal 0 0 1
    outer loop
      vertex 7.65584 10.1729 2
      vertex 7.65584 5.82709 2
      vertex 8 5.8 2
    endloop
  endfacet
  facet normal -0 0 1
    outer loop
      vertex 7.32016 10.0923 2
      vertex 7.65584 5.82709 2
      vertex 7.65584 10.1729 2
    endloop
  endfacet
  facet normal 0 0 1
    outer loop
      vertex 7.32016 10.0923 2
      vertex 7.32016 5.90767 2
      vertex 7.65584 5.82709 2
    endloop
  endfacet
  facet normal -0 0 1
    outer loop
      vertex 7.00122 9.96021 2
      vertex 7.32016 5.90767 2
      vertex 7.32016 10.0923 2
    endloop
  endfacet
  facet normal 0 0 1
    outer loop
      vertex 7.00122 9.96021 2
      vertex 7.00122 6.03979 2
      vertex 7.32016 5.90767 2
    endloop
  endfacet
  facet normal -0 0 1
    outer loop
      vertex 6.70687 9.77984 2
      vertex 7.00122 6.03979 2
      vertex 7.00122 9.96021 2
    endloop
  endfacet
  facet normal 0 0 1
    outer loop
      vertex 6.70687 9.77984 2
      vertex 6.70687 6.22016 2
      vertex 7.00122 6.03979 2
    endloop
  endfacet
  facet normal -0 0 1
    outer loop
      vertex 6.44436 9.55563 2
      vertex 6.70687 6.22016 2
      vertex 6.70687 9.77984 2
    endloop
  endfacet
  facet normal 0 0 1
    outer loop
      vertex 6.44436 9.55563 2
      vertex 6.44436 6.44436 2
      vertex 6.70687 6.22016 2
    endloop
  endfacet
  facet normal -0 0 1
    outer loop
      vertex 6.22016 9.29313 2
      vertex 6.44436 6.44436 2
      vertex 6.44436 9.55563 2
    endloop
  endfacet
  facet normal 0 0 1
    outer loop
      vertex 6.22016 9.29313 2
      vertex 6.22016 6.70687 2
      vertex 6.44436 6.44436 2
    endloop
  endfacet
  facet normal -0 0 1
    outer loop
      vertex 6.03979 8.99878 2
      vertex 6.22016 6.70687 2
      vertex 6.22016 9.29313 2
    endloop
  endfacet
  facet normal 0 0 1
    outer loop
      vertex 6.03979 8.99878 2
      vertex 6.03979 7.00122 2
      vertex 6.22016 6.70687 2
    endloop
  endfacet
  facet normal -0 0 1
    outer loop
      vertex 5.90767 8.67984 2
      vertex 6.03979 7.00122 2
      vertex 6.03979 8.99878 2
    endloop
  endfacet
  facet normal 0 0 1
    outer loop
      vertex 5.90767 8.67984 2
      vertex 5.90767 7.32016 2
      vertex 6.03979 7.00122 2
    endloop
  endfacet
  facet normal -0 0 1
    outer loop
      vertex 5.82709 8.34416 2
      vertex 5.90767 7.32016 2
      vertex 5.90767 8.67984 2
    endloop
  endfacet
  facet normal 0 0 1
    outer loop
      vertex 5.82709 8.34416 2
      vertex 5.82709 7.65584 2
      vertex 5.90767 7.32016 2
    endloop
  endfacet
  facet normal 0 -0 1
    outer loop
      vertex 5.82709 7.65584 2
      vertex 5.82709 8.34416 2
      vertex 5.8 8 2
    endloop
  endfacet
  facet normal 0.85264 -0.522498 0
    outer loop
      vertex 6.03979 8.99878 7
      vertex 6.22016 9.29313 2
      vertex 6.22016 9.29313 7
    endloop
  endfacet
  facet normal 0.85264 -0.522498 0
    outer loop
      vertex 6.22016 9.29313 2
      vertex 6.03979 8.99878 7
      vertex 6.03979 8.99878 2
    endloop
  endfacet
  facet normal 0.649447 -0.760407 0
    outer loop
      vertex 6.44436 9.55563 2
      vertex 6.70687 9.77984 7
      vertex 6.44436 9.55563 7
    endloop
  endfacet
  facet normal 0.649447 -0.760407 0
    outer loop
      vertex 6.70687 9.77984 7
      vertex 6.44436 9.55563 2
      vertex 6.70687 9.77984 2
    endloop
  endfacet
  facet normal 0.233443 -0.97237 0
    outer loop
      vertex 7.32016 10.0923 2
      vertex 7.65584 10.1729 7
      vertex 7.32016 10.0923 7
    endloop
  endfacet
  facet normal 0.233443 -0.97237 0
    outer loop
      vertex 7.65584 10.1729 7
      vertex 7.32016 10.0923 2
      vertex 7.65584 10.1729 2
    endloop
  endfacet
  facet normal -0.233443 0.97237 0
    outer loop
      vertex 8.67984 5.90767 2
      vertex 8.34416 5.82709 7
      vertex 8.67984 5.90767 7
    endloop
  endfacet
  facet normal -0.233443 0.97237 0
    outer loop
      vertex 8.34416 5.82709 7
      vertex 8.67984 5.90767 2
      vertex 8.34416 5.82709 2
    endloop
  endfacet
  facet normal -0.522498 0.85264 0
    outer loop
      vertex 9.29313 6.22016 2
      vertex 8.99878 6.03979 7
      vertex 9.29313 6.22016 7
    endloop
  endfacet
  facet normal -0.522498 0.85264 0
    outer loop
      vertex 8.99878 6.03979 7
      vertex 9.29313 6.22016 2
      vertex 8.99878 6.03979 2
    endloop
  endfacet
  facet normal -0.923879 -0.382686 0
    outer loop
      vertex 10.0923 8.67984 2
      vertex 9.96021 8.99878 7
      vertex 9.96021 8.99878 2
    endloop
  endfacet
  facet normal -0.923879 -0.382686 0
    outer loop
      vertex 9.96021 8.99878 7
      vertex 10.0923 8.67984 2
      vertex 10.0923 8.67984 7
    endloop
  endfacet
  facet normal -0.233443 -0.97237 0
    outer loop
      vertex 8.34416 10.1729 2
      vertex 8.67984 10.0923 7
      vertex 8.34416 10.1729 7
    endloop
  endfacet
  facet normal -0.233443 -0.97237 -0
    outer loop
      vertex 8.67984 10.0923 7
      vertex 8.34416 10.1729 2
      vertex 8.67984 10.0923 2
    endloop
  endfacet
  facet normal -0.078461 -0.996917 0
    outer loop
      vertex 8 10.2 2
      vertex 8.34416 10.1729 7
      vertex 8 10.2 7
    endloop
  endfacet
  facet normal -0.078461 -0.996917 -0
    outer loop
      vertex 8.34416 10.1729 7
      vertex 8 10.2 2
      vertex 8.34416 10.1729 2
    endloop
  endfacet
  facet normal 0.97237 -0.233443 0
    outer loop
      vertex 5.82709 8.34416 7
      vertex 5.90767 8.67984 2
      vertex 5.90767 8.67984 7
    endloop
  endfacet
  facet normal 0.97237 -0.233443 0
    outer loop
      vertex 5.90767 8.67984 2
      vertex 5.82709 8.34416 7
      vertex 5.82709 8.34416 2
    endloop
  endfacet
  facet normal 0.996917 -0.078461 0
    outer loop
      vertex 5.8 8 7
      vertex 5.82709 8.34416 2
      vertex 5.82709 8.34416 7
    endloop
  endfacet
  facet normal 0.996917 -0.078461 0
    outer loop
      vertex 5.82709 8.34416 2
      vertex 5.8 8 7
      vertex 5.8 8 2
    endloop
  endfacet
  facet normal 0.996917 0.0784607 0
    outer loop
      vertex 5.82709 7.65584 7
      vertex 5.8 8 2
      vertex 5.8 8 7
    endloop
  endfacet
  facet normal 0.996917 0.0784607 0
    outer loop
      vertex 5.8 8 2
      vertex 5.82709 7.65584 7
      vertex 5.82709 7.65584 2
    endloop
  endfacet
  facet normal 0.382686 -0.923879 0
    outer loop
      vertex 7.00122 9.96021 2
      vertex 7.32016 10.0923 7
      vertex 7.00122 9.96021 7
    endloop
  endfacet
  facet normal 0.382686 -0.923879 0
    outer loop
      vertex 7.32016 10.0923 7
      vertex 7.00122 9.96021 2
      vertex 7.32016 10.0923 2
    endloop
  endfacet
  facet normal -0.996917 0.0784607 0
    outer loop
      vertex 10.1729 7.65584 2
      vertex 10.2 8 7
      vertex 10.2 8 2
    endloop
  endfacet
  facet normal -0.996917 0.0784607 0
    outer loop
      vertex 10.2 8 7
      vertex 10.1729 7.65584 2
      vertex 10.1729 7.65584 7
    endloop
  endfacet
  facet normal 0.97237 0.233443 0
    outer loop
      vertex 5.90767 7.32016 7
      vertex 5.82709 7.65584 2
      vertex 5.82709 7.65584 7
    endloop
  endfacet
  facet normal 0.97237 0.233443 0
    outer loop
      vertex 5.82709 7.65584 2
      vertex 5.90767 7.32016 7
      vertex 5.90767 7.32016 2
    endloop
  endfacet
  facet normal -0.649447 0.760407 0
    outer loop
      vertex 9.55563 6.44436 2
      vertex 9.29313 6.22016 7
      vertex 9.55563 6.44436 7
    endloop
  endfacet
  facet normal -0.649447 0.760407 0
    outer loop
      vertex 9.29313 6.22016 7
      vertex 9.55563 6.44436 2
      vertex 9.29313 6.22016 2
    endloop
  endfacet
  facet normal -0.923879 0.382686 0
    outer loop
      vertex 9.96021 7.00122 2
      vertex 10.0923 7.32016 7
      vertex 10.0923 7.32016 2
    endloop
  endfacet
  facet normal -0.923879 0.382686 0
    outer loop
      vertex 10.0923 7.32016 7
      vertex 9.96021 7.00122 2
      vertex 9.96021 7.00122 7
    endloop
  endfacet
  facet normal -0.97237 0.233443 0
    outer loop
      vertex 10.0923 7.32016 2
      vertex 10.1729 7.65584 7
      vertex 10.1729 7.65584 2
    endloop
  endfacet
  facet normal -0.97237 0.233443 0
    outer loop
      vertex 10.1729 7.65584 7
      vertex 10.0923 7.32016 2
      vertex 10.0923 7.32016 7
    endloop
  endfacet
  facet normal 0.233443 0.97237 -0
    outer loop
      vertex 7.65584 5.82709 2
      vertex 7.32016 5.90767 7
      vertex 7.65584 5.82709 7
    endloop
  endfacet
  facet normal 0.233443 0.97237 0
    outer loop
      vertex 7.32016 5.90767 7
      vertex 7.65584 5.82709 2
      vertex 7.32016 5.90767 2
    endloop
  endfacet
  facet normal 0.649447 0.760407 -0
    outer loop
      vertex 6.70687 6.22016 2
      vertex 6.44436 6.44436 7
      vertex 6.70687 6.22016 7
    endloop
  endfacet
  facet normal 0.649447 0.760407 0
    outer loop
      vertex 6.44436 6.44436 7
      vertex 6.70687 6.22016 2
      vertex 6.44436 6.44436 2
    endloop
  endfacet
  facet normal 0.760407 0.649447 0
    outer loop
      vertex 6.44436 6.44436 7
      vertex 6.22016 6.70687 2
      vertex 6.22016 6.70687 7
    endloop
  endfacet
  facet normal 0.760407 0.649447 0
    outer loop
      vertex 6.22016 6.70687 2
      vertex 6.44436 6.44436 7
      vertex 6.44436 6.44436 2
    endloop
  endfacet
  facet normal 0.923879 0.382686 0
    outer loop
      vertex 6.03979 7.00122 7
      vertex 5.90767 7.32016 2
      vertex 5.90767 7.32016 7
    endloop
  endfacet
  facet normal 0.923879 0.382686 0
    outer loop
      vertex 5.90767 7.32016 2
      vertex 6.03979 7.00122 7
      vertex 6.03979 7.00122 2
    endloop
  endfacet
  facet normal -0.760407 0.649447 0
    outer loop
      vertex 9.55563 6.44436 2
      vertex 9.77984 6.70687 7
      vertex 9.77984 6.70687 2
    endloop
  endfacet
  facet normal -0.760407 0.649447 0
    outer loop
      vertex 9.77984 6.70687 7
      vertex 9.55563 6.44436 2
      vertex 9.55563 6.44436 7
    endloop
  endfacet
  facet normal -0.382686 0.923879 0
    outer loop
      vertex 8.99878 6.03979 2
      vertex 8.67984 5.90767 7
      vertex 8.99878 6.03979 7
    endloop
  endfacet
  facet normal -0.382686 0.923879 0
    outer loop
      vertex 8.67984 5.90767 7
      vertex 8.99878 6.03979 2
      vertex 8.67984 5.90767 2
    endloop
  endfacet
  facet normal 0.522498 0.85264 -0
    outer loop
      vertex 7.00122 6.03979 2
      vertex 6.70687 6.22016 7
      vertex 7.00122 6.03979 7
    endloop
  endfacet
  facet normal 0.522498 0.85264 0
    outer loop
      vertex 6.70687 6.22016 7
      vertex 7.00122 6.03979 2
      vertex 6.70687 6.22016 2
    endloop
  endfacet
  facet normal 0.85264 0.522498 0
    outer loop
      vertex 6.22016 6.70687 7
      vertex 6.03979 7.00122 2
      vertex 6.03979 7.00122 7
    endloop
  endfacet
  facet normal 0.85264 0.522498 0
    outer loop
      vertex 6.03979 7.00122 2
      vertex 6.22016 6.70687 7
      vertex 6.22016 6.70687 2
    endloop
  endfacet
  facet normal 0.0784607 0.996917 -0
    outer loop
      vertex 8 5.8 2
      vertex 7.65584 5.82709 7
      vertex 8 5.8 7
    endloop
  endfacet
  facet normal 0.0784607 0.996917 0
    outer loop
      vertex 7.65584 5.82709 7
      vertex 8 5.8 2
      vertex 7.65584 5.82709 2
    endloop
  endfacet
  facet normal 0.382686 0.923879 -0
    outer loop
      vertex 7.32016 5.90767 2
      vertex 7.00122 6.03979 7
      vertex 7.32016 5.90767 7
    endloop
  endfacet
  facet normal 0.382686 0.923879 0
    outer loop
      vertex 7.00122 6.03979 7
      vertex 7.32016 5.90767 2
      vertex 7.00122 6.03979 2
    endloop
  endfacet
  facet normal 0 0 1
    outer loop
      vertex 22.2223 8.35198 2
      vertex 22.2223 7.64802 2
      vertex 22.25 8 2
    endloop
  endfacet
  facet normal 0 0 1
    outer loop
      vertex 22.1399 8.69529 2
      vertex 22.2223 7.64802 2
      vertex 22.2223 8.35198 2
    endloop
  endfacet
  facet normal 0 0 1
    outer loop
      vertex 22.1399 8.69529 2
      vertex 22.1399 7.30471 2
      vertex 22.2223 7.64802 2
    endloop
  endfacet
  facet normal 0 0 1
    outer loop
      vertex 22.0048 9.02148 2
      vertex 22.1399 7.30471 2
      vertex 22.1399 8.69529 2
    endloop
  endfacet
  facet normal 0 0 1
    outer loop
      vertex 22.0048 9.02148 2
      vertex 22.0048 6.97852 2
      vertex 22.1399 7.30471 2
    endloop
  endfacet
  facet normal 0 0 1
    outer loop
      vertex 21.8203 9.32252 2
      vertex 22.0048 6.97852 2
      vertex 22.0048 9.02148 2
    endloop
  endfacet
  facet normal 0 0 1
    outer loop
      vertex 21.8203 9.32252 2
      vertex 21.8203 6.67748 2
      vertex 22.0048 6.97852 2
    endloop
  endfacet
  facet normal 0 0 1
    outer loop
      vertex 21.591 9.59099 2
      vertex 21.8203 6.67748 2
      vertex 21.8203 9.32252 2
    endloop
  endfacet
  facet normal 0 0 1
    outer loop
      vertex 21.591 9.59099 2
      vertex 21.591 6.40901 2
      vertex 21.8203 6.67748 2
    endloop
  endfacet
  facet normal 0 0 1
    outer loop
      vertex 21.3225 9.82029 2
      vertex 21.591 6.40901 2
      vertex 21.591 9.59099 2
    endloop
  endfacet
  facet normal 0 0 1
    outer loop
      vertex 21.3225 9.82029 2
      vertex 21.3225 6.17971 2
      vertex 21.591 6.40901 2
    endloop
  endfacet
  facet normal 0 0 1
    outer loop
      vertex 21.0215 10.0048 2
      vertex 21.3225 6.17971 2
      vertex 21.3225 9.82029 2
    endloop
  endfacet
  facet normal 0 0 1
    outer loop
      vertex 21.0215 10.0048 2
      vertex 21.0215 5.99523 2
      vertex 21.3225 6.17971 2
    endloop
  endfacet
  facet normal 0 0 1
    outer loop
      vertex 20.6953 10.1399 2
      vertex 21.0215 5.99523 2
      vertex 21.0215 10.0048 2
    endloop
  endfacet
  facet normal 0 0 1
    outer loop
      vertex 20.6953 10.1399 2
      vertex 20.6953 5.86012 2
      vertex 21.0215 5.99523 2
    endloop
  endfacet
  facet normal 0 0 1
    outer loop
      vertex 20.352 10.2223 2
      vertex 20.6953 5.86012 2
      vertex 20.6953 10.1399 2
    endloop
  endfacet
  facet normal 0 0 1
    outer loop
      vertex 20.352 10.2223 2
      vertex 20.352 5.7777 2
      vertex 20.6953 5.86012 2
    endloop
  endfacet
  facet normal 0 0 1
    outer loop
      vertex 20 10.25 2
      vertex 20.352 5.7777 2
      vertex 20.352 10.2223 2
    endloop
  endfacet
  facet normal 0 0 1
    outer loop
      vertex 20 10.25 2
      vertex 20 5.75 2
      vertex 20.352 5.7777 2
    endloop
  endfacet
  facet normal -0 0 1
    outer loop
      vertex 19.648 10.2223 2
      vertex 20 5.75 2
      vertex 20 10.25 2
    endloop
  endfacet
  facet normal 0 0 1
    outer loop
      vertex 19.648 10.2223 2
      vertex 19.648 5.7777 2
      vertex 20 5.75 2
    endloop
  endfacet
  facet normal -0 0 1
    outer loop
      vertex 19.3047 10.1399 2
      vertex 19.648 5.7777 2
      vertex 19.648 10.2223 2
    endloop
  endfacet
  facet normal 0 0 1
    outer loop
      vertex 19.3047 10.1399 2
      vertex 19.3047 5.86012 2
      vertex 19.648 5.7777 2
    endloop
  endfacet
  facet normal -0 0 1
    outer loop
      vertex 18.9785 10.0048 2
      vertex 19.3047 5.86012 2
      vertex 19.3047 10.1399 2
    endloop
  endfacet
  facet normal 0 0 1
    outer loop
      vertex 18.9785 10.0048 2
      vertex 18.9785 5.99523 2
      vertex 19.3047 5.86012 2
    endloop
  endfacet
  facet normal -0 0 1
    outer loop
      vertex 18.6775 9.82029 2
      vertex 18.9785 5.99523 2
      vertex 18.9785 10.0048 2
    endloop
  endfacet
  facet normal 0 0 1
    outer loop
      vertex 18.6775 9.82029 2
      vertex 18.6775 6.17971 2
      vertex 18.9785 5.99523 2
    endloop
  endfacet
  facet normal -0 0 1
    outer loop
      vertex 18.409 9.59099 2
      vertex 18.6775 6.17971 2
      vertex 18.6775 9.82029 2
    endloop
  endfacet
  facet normal 0 0 1
    outer loop
      vertex 18.409 9.59099 2
      vertex 18.409 6.40901 2
      vertex 18.6775 6.17971 2
    endloop
  endfacet
  facet normal -0 0 1
    outer loop
      vertex 18.1797 9.32252 2
      vertex 18.409 6.40901 2
      vertex 18.409 9.59099 2
    endloop
  endfacet
  facet normal 0 0 1
    outer loop
      vertex 18.1797 9.32252 2
      vertex 18.1797 6.67748 2
      vertex 18.409 6.40901 2
    endloop
  endfacet
  facet normal -0 0 1
    outer loop
      vertex 17.9952 9.02148 2
      vertex 18.1797 6.67748 2
      vertex 18.1797 9.32252 2
    endloop
  endfacet
  facet normal 0 0 1
    outer loop
      vertex 17.9952 9.02148 2
      vertex 17.9952 6.97852 2
      vertex 18.1797 6.67748 2
    endloop
  endfacet
  facet normal -0 0 1
    outer loop
      vertex 17.8601 8.69529 2
      vertex 17.9952 6.97852 2
      vertex 17.9952 9.02148 2
    endloop
  endfacet
  facet normal 0 0 1
    outer loop
      vertex 17.8601 8.69529 2
      vertex 17.8601 7.30471 2
      vertex 17.9952 6.97852 2
    endloop
  endfacet
  facet normal -0 0 1
    outer loop
      vertex 17.7777 8.35198 2
      vertex 17.8601 7.30471 2
      vertex 17.8601 8.69529 2
    endloop
  endfacet
  facet normal 0 0 1
    outer loop
      vertex 17.7777 8.35198 2
      vertex 17.7777 7.64802 2
      vertex 17.8601 7.30471 2
    endloop
  endfacet
  facet normal 0 -0 1
    outer loop
      vertex 17.7777 7.64802 2
      vertex 17.7777 8.35198 2
      vertex 17.75 8 2
    endloop
  endfacet
  facet normal -0.522496 -0.852642 0
    outer loop
      vertex 21.0215 10.0048 2
      vertex 21.3225 9.82029 7
      vertex 21.0215 10.0048 7
    endloop
  endfacet
  facet normal -0.522496 -0.852642 -0
    outer loop
      vertex 21.3225 9.82029 7
      vertex 21.0215 10.0048 2
      vertex 21.3225 9.82029 2
    endloop
  endfacet
  facet normal -0.996917 0.078462 0
    outer loop
      vertex 22.2223 7.64802 2
      vertex 22.25 8 7
      vertex 22.25 8 2
    endloop
  endfacet
  facet normal -0.996917 0.078462 0
    outer loop
      vertex 22.25 8 7
      vertex 22.2223 7.64802 2
      vertex 22.2223 7.64802 7
    endloop
  endfacet
  facet normal 0.0784566 0.996918 -0
    outer loop
      vertex 20 5.75 2
      vertex 19.648 5.7777 7
      vertex 20 5.75 7
    endloop
  endfacet
  facet normal 0.0784566 0.996918 0
    outer loop
      vertex 19.648 5.7777 7
      vertex 20 5.75 2
      vertex 19.648 5.7777 2
    endloop
  endfacet
  facet normal 0.522499 -0.85264 0
    outer loop
      vertex 18.6775 9.82029 2
      vertex 18.9785 10.0048 7
      vertex 18.6775 9.82029 7
    endloop
  endfacet
  facet normal 0.522499 -0.85264 0
    outer loop
      vertex 18.9785 10.0048 7
      vertex 18.6775 9.82029 2
      vertex 18.9785 10.0048 2
    endloop
  endfacet
  facet normal 0.972369 -0.233447 0
    outer loop
      vertex 17.7777 8.35198 7
      vertex 17.8601 8.69529 2
      vertex 17.8601 8.69529 7
    endloop
  endfacet
  facet normal 0.972369 -0.233447 0
    outer loop
      vertex 17.8601 8.69529 2
      vertex 17.7777 8.35198 7
      vertex 17.7777 8.35198 2
    endloop
  endfacet
  facet normal 0.233447 0.97237 -0
    outer loop
      vertex 19.648 5.7777 2
      vertex 19.3047 5.86012 7
      vertex 19.648 5.7777 7
    endloop
  endfacet
  facet normal 0.233447 0.97237 0
    outer loop
      vertex 19.3047 5.86012 7
      vertex 19.648 5.7777 2
      vertex 19.3047 5.86012 2
    endloop
  endfacet
  facet normal -0.85264 -0.522499 0
    outer loop
      vertex 22.0048 9.02148 2
      vertex 21.8203 9.32252 7
      vertex 21.8203 9.32252 2
    endloop
  endfacet
  facet normal -0.85264 -0.522499 0
    outer loop
      vertex 21.8203 9.32252 7
      vertex 22.0048 9.02148 2
      vertex 22.0048 9.02148 7
    endloop
  endfacet
  facet normal -0.760407 -0.649447 0
    outer loop
      vertex 21.8203 9.32252 2
      vertex 21.591 9.59099 7
      vertex 21.591 9.59099 2
    endloop
  endfacet
  facet normal -0.760407 -0.649447 0
    outer loop
      vertex 21.591 9.59099 7
      vertex 21.8203 9.32252 2
      vertex 21.8203 9.32252 7
    endloop
  endfacet
  facet normal -0.649449 -0.760406 0
    outer loop
      vertex 21.3225 9.82029 2
      vertex 21.591 9.59099 7
      vertex 21.3225 9.82029 7
    endloop
  endfacet
  facet normal -0.649449 -0.760406 -0
    outer loop
      vertex 21.591 9.59099 7
      vertex 21.3225 9.82029 2
      vertex 21.591 9.59099 2
    endloop
  endfacet
  facet normal -0.233448 -0.972369 0
    outer loop
      vertex 20.352 10.2223 2
      vertex 20.6953 10.1399 7
      vertex 20.352 10.2223 7
    endloop
  endfacet
  facet normal -0.233448 -0.972369 -0
    outer loop
      vertex 20.6953 10.1399 7
      vertex 20.352 10.2223 2
      vertex 20.6953 10.1399 2
    endloop
  endfacet
  facet normal 0.0784593 -0.996917 0
    outer loop
      vertex 19.648 10.2223 2
      vertex 20 10.25 7
      vertex 19.648 10.2223 7
    endloop
  endfacet
  facet normal 0.0784593 -0.996917 0
    outer loop
      vertex 20 10.25 7
      vertex 19.648 10.2223 2
      vertex 20 10.25 2
    endloop
  endfacet
  facet normal -0.0784593 -0.996917 0
    outer loop
      vertex 20 10.25 2
      vertex 20.352 10.2223 7
      vertex 20 10.25 7
    endloop
  endfacet
  facet normal -0.0784593 -0.996917 -0
    outer loop
      vertex 20.352 10.2223 7
      vertex 20 10.25 2
      vertex 20.352 10.2223 2
    endloop
  endfacet
  facet normal 0.996918 0.0784566 0
    outer loop
      vertex 17.7777 7.64802 7
      vertex 17.75 8 2
      vertex 17.75 8 7
    endloop
  endfacet
  facet normal 0.996918 0.0784566 0
    outer loop
      vertex 17.75 8 2
      vertex 17.7777 7.64802 7
      vertex 17.7777 7.64802 2
    endloop
  endfacet
  facet normal 0.852642 -0.522495 0
    outer loop
      vertex 17.9952 9.02148 7
      vertex 18.1797 9.32252 2
      vertex 18.1797 9.32252 7
    endloop
  endfacet
  facet normal 0.852642 -0.522495 0
    outer loop
      vertex 18.1797 9.32252 2
      vertex 17.9952 9.02148 7
      vertex 17.9952 9.02148 2
    endloop
  endfacet
  facet normal 0.649446 -0.760408 0
    outer loop
      vertex 18.409 9.59099 2
      vertex 18.6775 9.82029 7
      vertex 18.409 9.59099 7
    endloop
  endfacet
  facet normal 0.649446 -0.760408 0
    outer loop
      vertex 18.6775 9.82029 7
      vertex 18.409 9.59099 2
      vertex 18.6775 9.82029 2
    endloop
  endfacet
  facet normal 0.382683 -0.92388 0
    outer loop
      vertex 18.9785 10.0048 2
      vertex 19.3047 10.1399 7
      vertex 18.9785 10.0048 7
    endloop
  endfacet
  facet normal 0.382683 -0.92388 0
    outer loop
      vertex 19.3047 10.1399 7
      vertex 18.9785 10.0048 2
      vertex 19.3047 10.1399 2
    endloop
  endfacet
  facet normal 0.760407 -0.649447 0
    outer loop
      vertex 18.1797 9.32252 7
      vertex 18.409 9.59099 2
      vertex 18.409 9.59099 7
    endloop
  endfacet
  facet normal 0.760407 -0.649447 0
    outer loop
      vertex 18.409 9.59099 2
      vertex 18.1797 9.32252 7
      vertex 18.1797 9.32252 2
    endloop
  endfacet
  facet normal -0.996917 -0.0784622 0
    outer loop
      vertex 22.25 8 2
      vertex 22.2223 8.35198 7
      vertex 22.2223 8.35198 2
    endloop
  endfacet
  facet normal -0.996917 -0.0784622 0
    outer loop
      vertex 22.2223 8.35198 7
      vertex 22.25 8 2
      vertex 22.25 8 7
    endloop
  endfacet
  facet normal -0.972371 0.233442 0
    outer loop
      vertex 22.1399 7.30471 2
      vertex 22.2223 7.64802 7
      vertex 22.2223 7.64802 2
    endloop
  endfacet
  facet normal -0.972371 0.233442 0
    outer loop
      vertex 22.2223 7.64802 7
      vertex 22.1399 7.30471 2
      vertex 22.1399 7.30471 7
    endloop
  endfacet
  facet normal -0.522496 0.852642 0
    outer loop
      vertex 21.3225 6.17971 2
      vertex 21.0215 5.99523 7
      vertex 21.3225 6.17971 7
    endloop
  endfacet
  facet normal -0.522496 0.852642 0
    outer loop
      vertex 21.0215 5.99523 7
      vertex 21.3225 6.17971 2
      vertex 21.0215 5.99523 2
    endloop
  endfacet
  facet normal -0.649449 0.760406 0
    outer loop
      vertex 21.591 6.40901 2
      vertex 21.3225 6.17971 7
      vertex 21.591 6.40901 7
    endloop
  endfacet
  facet normal -0.649449 0.760406 0
    outer loop
      vertex 21.3225 6.17971 7
      vertex 21.591 6.40901 2
      vertex 21.3225 6.17971 2
    endloop
  endfacet
  facet normal -0.0784566 0.996918 0
    outer loop
      vertex 20.352 5.7777 2
      vertex 20 5.75 7
      vertex 20.352 5.7777 7
    endloop
  endfacet
  facet normal -0.0784566 0.996918 0
    outer loop
      vertex 20 5.75 7
      vertex 20.352 5.7777 2
      vertex 20 5.75 2
    endloop
  endfacet
  facet normal 0.522499 0.85264 -0
    outer loop
      vertex 18.9785 5.99523 2
      vertex 18.6775 6.17971 7
      vertex 18.9785 5.99523 7
    endloop
  endfacet
  facet normal 0.522499 0.85264 0
    outer loop
      vertex 18.6775 6.17971 7
      vertex 18.9785 5.99523 2
      vertex 18.6775 6.17971 2
    endloop
  endfacet
  facet normal 0.760407 0.649447 0
    outer loop
      vertex 18.409 6.40901 7
      vertex 18.1797 6.67748 2
      vertex 18.1797 6.67748 7
    endloop
  endfacet
  facet normal 0.760407 0.649447 0
    outer loop
      vertex 18.1797 6.67748 2
      vertex 18.409 6.40901 7
      vertex 18.409 6.40901 2
    endloop
  endfacet
  facet normal 0.923879 0.382685 0
    outer loop
      vertex 17.9952 6.97852 7
      vertex 17.8601 7.30471 2
      vertex 17.8601 7.30471 7
    endloop
  endfacet
  facet normal 0.923879 0.382685 0
    outer loop
      vertex 17.8601 7.30471 2
      vertex 17.9952 6.97852 7
      vertex 17.9952 6.97852 2
    endloop
  endfacet
  facet normal 0.649446 0.760408 -0
    outer loop
      vertex 18.6775 6.17971 2
      vertex 18.409 6.40901 7
      vertex 18.6775 6.17971 7
    endloop
  endfacet
  facet normal 0.649446 0.760408 0
    outer loop
      vertex 18.409 6.40901 7
      vertex 18.6775 6.17971 2
      vertex 18.409 6.40901 2
    endloop
  endfacet
  facet normal -0.972371 -0.233442 0
    outer loop
      vertex 22.2223 8.35198 2
      vertex 22.1399 8.69529 7
      vertex 22.1399 8.69529 2
    endloop
  endfacet
  facet normal -0.972371 -0.233442 0
    outer loop
      vertex 22.1399 8.69529 7
      vertex 22.2223 8.35198 2
      vertex 22.2223 8.35198 7
    endloop
  endfacet
  facet normal -0.923879 -0.382685 0
    outer loop
      vertex 22.1399 8.69529 2
      vertex 22.0048 9.02148 7
      vertex 22.0048 9.02148 2
    endloop
  endfacet
  facet normal -0.923879 -0.382685 0
    outer loop
      vertex 22.0048 9.02148 7
      vertex 22.1399 8.69529 2
      vertex 22.1399 8.69529 7
    endloop
  endfacet
  facet normal -0.382683 -0.92388 0
    outer loop
      vertex 20.6953 10.1399 2
      vertex 21.0215 10.0048 7
      vertex 20.6953 10.1399 7
    endloop
  endfacet
  facet normal -0.382683 -0.92388 -0
    outer loop
      vertex 21.0215 10.0048 7
      vertex 20.6953 10.1399 2
      vertex 21.0215 10.0048 2
    endloop
  endfacet
  facet normal 0.996918 -0.0784569 0
    outer loop
      vertex 17.75 8 7
      vertex 17.7777 8.35198 2
      vertex 17.7777 8.35198 7
    endloop
  endfacet
  facet normal 0.996918 -0.0784569 0
    outer loop
      vertex 17.7777 8.35198 2
      vertex 17.75 8 7
      vertex 17.75 8 2
    endloop
  endfacet
  facet normal 0.923879 -0.382685 0
    outer loop
      vertex 17.8601 8.69529 7
      vertex 17.9952 9.02148 2
      vertex 17.9952 9.02148 7
    endloop
  endfacet
  facet normal 0.923879 -0.382685 0
    outer loop
      vertex 17.9952 9.02148 2
      vertex 17.8601 8.69529 7
      vertex 17.8601 8.69529 2
    endloop
  endfacet
  facet normal 0.233447 -0.97237 0
    outer loop
      vertex 19.3047 10.1399 2
      vertex 19.648 10.2223 7
      vertex 19.3047 10.1399 7
    endloop
  endfacet
  facet normal 0.233447 -0.97237 0
    outer loop
      vertex 19.648 10.2223 7
      vertex 19.3047 10.1399 2
      vertex 19.648 10.2223 2
    endloop
  endfacet
  facet normal -0.233448 0.972369 0
    outer loop
      vertex 20.6953 5.86012 2
      vertex 20.352 5.7777 7
      vertex 20.6953 5.86012 7
    endloop
  endfacet
  facet normal -0.233448 0.972369 0
    outer loop
      vertex 20.352 5.7777 7
      vertex 20.6953 5.86012 2
      vertex 20.352 5.7777 2
    endloop
  endfacet
  facet normal -0.85264 0.522499 0
    outer loop
      vertex 21.8203 6.67748 2
      vertex 22.0048 6.97852 7
      vertex 22.0048 6.97852 2
    endloop
  endfacet
  facet normal -0.85264 0.522499 0
    outer loop
      vertex 22.0048 6.97852 7
      vertex 21.8203 6.67748 2
      vertex 21.8203 6.67748 7
    endloop
  endfacet
  facet normal -0.923879 0.382685 0
    outer loop
      vertex 22.0048 6.97852 2
      vertex 22.1399 7.30471 7
      vertex 22.1399 7.30471 2
    endloop
  endfacet
  facet normal -0.923879 0.382685 0
    outer loop
      vertex 22.1399 7.30471 7
      vertex 22.0048 6.97852 2
      vertex 22.0048 6.97852 7
    endloop
  endfacet
  facet normal -0.382683 0.92388 0
    outer loop
      vertex 21.0215 5.99523 2
      vertex 20.6953 5.86012 7
      vertex 21.0215 5.99523 7
    endloop
  endfacet
  facet normal -0.382683 0.92388 0
    outer loop
      vertex 20.6953 5.86012 7
      vertex 21.0215 5.99523 2
      vertex 20.6953 5.86012 2
    endloop
  endfacet
  facet normal -0.760407 0.649447 0
    outer loop
      vertex 21.591 6.40901 2
      vertex 21.8203 6.67748 7
      vertex 21.8203 6.67748 2
    endloop
  endfacet
  facet normal -0.760407 0.649447 0
    outer loop
      vertex 21.8203 6.67748 7
      vertex 21.591 6.40901 2
      vertex 21.591 6.40901 7
    endloop
  endfacet
  facet normal 0.382683 0.92388 -0
    outer loop
      vertex 19.3047 5.86012 2
      vertex 18.9785 5.99523 7
      vertex 19.3047 5.86012 7
    endloop
  endfacet
  facet normal 0.382683 0.92388 0
    outer loop
      vertex 18.9785 5.99523 7
      vertex 19.3047 5.86012 2
      vertex 18.9785 5.99523 2
    endloop
  endfacet
  facet normal 0.852642 0.522495 0
    outer loop
      vertex 18.1797 6.67748 7
      vertex 17.9952 6.97852 2
      vertex 17.9952 6.97852 7
    endloop
  endfacet
  facet normal 0.852642 0.522495 0
    outer loop
      vertex 17.9952 6.97852 2
      vertex 18.1797 6.67748 7
      vertex 18.1797 6.67748 2
    endloop
  endfacet
  facet normal 0.972369 0.233447 0
    outer loop
      vertex 17.8601 7.30471 7
      vertex 17.7777 7.64802 2
      vertex 17.7777 7.64802 7
    endloop
  endfacet
  facet normal 0.972369 0.233447 0
    outer loop
      vertex 17.7777 7.64802 2
      vertex 17.8601 7.30471 7
      vertex 17.8601 7.30471 2
    endloop
  endfacet
  facet normal -0.996917 -0.0784584 0
    outer loop
      vertex 34.3 8 2
      vertex 34.2717 8.3598 7
      vertex 34.2717 8.3598 2
    endloop
  endfacet
  facet normal -0.996917 -0.0784584 0
    outer loop
      vertex 34.2717 8.3598 7
      vertex 34.3 8 2
      vertex 34.3 8 7
    endloop
  endfacet
  facet normal 0.0784584 -0.996917 0
    outer loop
      vertex 31.6402 10.2717 2
      vertex 32 10.3 7
      vertex 31.6402 10.2717 7
    endloop
  endfacet
  facet normal 0.0784584 -0.996917 0
    outer loop
      vertex 32 10.3 7
      vertex 31.6402 10.2717 2
      vertex 32 10.3 2
    endloop
  endfacet
  facet normal 0.649447 0.760407 -0
    outer loop
      vertex 30.6481 6.13926 2
      vertex 30.3737 6.37365 7
      vertex 30.6481 6.13926 7
    endloop
  endfacet
  facet normal 0.649447 0.760407 0
    outer loop
      vertex 30.3737 6.37365 7
      vertex 30.6481 6.13926 2
      vertex 30.3737 6.37365 2
    endloop
  endfacet
  facet normal -0.649452 -0.760402 0
    outer loop
      vertex 33.3519 9.86074 2
      vertex 33.6263 9.62634 7
      vertex 33.3519 9.86074 7
    endloop
  endfacet
  facet normal -0.649452 -0.760402 -0
    outer loop
      vertex 33.6263 9.62634 7
      vertex 33.3519 9.86074 2
      vertex 33.6263 9.62634 2
    endloop
  endfacet
  facet normal 0.760404 -0.64945 0
    outer loop
      vertex 30.1393 9.35191 7
      vertex 30.3737 9.62634 2
      vertex 30.3737 9.62634 7
    endloop
  endfacet
  facet normal 0.760404 -0.64945 0
    outer loop
      vertex 30.3737 9.62634 2
      vertex 30.1393 9.35191 7
      vertex 30.1393 9.35191 2
    endloop
  endfacet
  facet normal 0.522498 -0.85264 0
    outer loop
      vertex 30.6481 9.86074 2
      vertex 30.9558 10.0493 7
      vertex 30.6481 9.86074 7
    endloop
  endfacet
  facet normal 0.522498 -0.85264 0
    outer loop
      vertex 30.9558 10.0493 7
      vertex 30.6481 9.86074 2
      vertex 30.9558 10.0493 2
    endloop
  endfacet
  facet normal -0.85264 -0.522498 0
    outer loop
      vertex 34.0493 9.04418 2
      vertex 33.8607 9.35191 7
      vertex 33.8607 9.35191 2
    endloop
  endfacet
  facet normal -0.85264 -0.522498 0
    outer loop
      vertex 33.8607 9.35191 7
      vertex 34.0493 9.04418 2
      vertex 34.0493 9.04418 7
    endloop
  endfacet
  facet normal -0.760399 -0.649456 0
    outer loop
      vertex 33.8607 9.35191 2
      vertex 33.6263 9.62634 7
      vertex 33.6263 9.62634 2
    endloop
  endfacet
  facet normal -0.760399 -0.649456 0
    outer loop
      vertex 33.6263 9.62634 7
      vertex 33.8607 9.35191 2
      vertex 33.8607 9.35191 7
    endloop
  endfacet
  facet normal -0.233445 -0.97237 0
    outer loop
      vertex 32.3598 10.2717 2
      vertex 32.7107 10.1874 7
      vertex 32.3598 10.2717 7
    endloop
  endfacet
  facet normal -0.233445 -0.97237 -0
    outer loop
      vertex 32.7107 10.1874 7
      vertex 32.3598 10.2717 2
      vertex 32.7107 10.1874 2
    endloop
  endfacet
  facet normal -0.0784584 -0.996917 0
    outer loop
      vertex 32 10.3 2
      vertex 32.3598 10.2717 7
      vertex 32 10.3 7
    endloop
  endfacet
  facet normal -0.0784584 -0.996917 -0
    outer loop
      vertex 32.3598 10.2717 7
      vertex 32 10.3 2
      vertex 32.3598 10.2717 2
    endloop
  endfacet
  facet normal -0.522498 -0.85264 0
    outer loop
      vertex 33.0442 10.0493 2
      vertex 33.3519 9.86074 7
      vertex 33.0442 10.0493 7
    endloop
  endfacet
  facet normal -0.522498 -0.85264 -0
    outer loop
      vertex 33.3519 9.86074 7
      vertex 33.0442 10.0493 2
      vertex 33.3519 9.86074 2
    endloop
  endfacet
  facet normal 0.972371 -0.233441 0
    outer loop
      vertex 29.7283 8.3598 7
      vertex 29.8126 8.71074 2
      vertex 29.8126 8.71074 7
    endloop
  endfacet
  facet normal 0.972371 -0.233441 0
    outer loop
      vertex 29.8126 8.71074 2
      vertex 29.7283 8.3598 7
      vertex 29.7283 8.3598 2
    endloop
  endfacet
  facet normal 0 0 1
    outer loop
      vertex 34.2717 8.3598 2
      vertex 34.2717 7.6402 2
      vertex 34.3 8 2
    endloop
  endfacet
  facet normal 0 0 1
    outer loop
      vertex 34.1874 8.71074 2
      vertex 34.2717 7.6402 2
      vertex 34.2717 8.3598 2
    endloop
  endfacet
  facet normal 0 0 1
    outer loop
      vertex 34.1874 8.71074 2
      vertex 34.1874 7.28926 2
      vertex 34.2717 7.6402 2
    endloop
  endfacet
  facet normal 0 0 1
    outer loop
      vertex 34.0493 9.04418 2
      vertex 34.1874 7.28926 2
      vertex 34.1874 8.71074 2
    endloop
  endfacet
  facet normal 0 0 1
    outer loop
      vertex 34.0493 9.04418 2
      vertex 34.0493 6.95582 2
      vertex 34.1874 7.28926 2
    endloop
  endfacet
  facet normal 0 0 1
    outer loop
      vertex 33.8607 9.35191 2
      vertex 34.0493 6.95582 2
      vertex 34.0493 9.04418 2
    endloop
  endfacet
  facet normal 0 0 1
    outer loop
      vertex 33.8607 9.35191 2
      vertex 33.8607 6.64809 2
      vertex 34.0493 6.95582 2
    endloop
  endfacet
  facet normal 0 0 1
    outer loop
      vertex 33.6263 9.62634 2
      vertex 33.8607 6.64809 2
      vertex 33.8607 9.35191 2
    endloop
  endfacet
  facet normal 0 0 1
    outer loop
      vertex 33.6263 9.62634 2
      vertex 33.6263 6.37365 2
      vertex 33.8607 6.64809 2
    endloop
  endfacet
  facet normal 0 0 1
    outer loop
      vertex 33.3519 9.86074 2
      vertex 33.6263 6.37365 2
      vertex 33.6263 9.62634 2
    endloop
  endfacet
  facet normal 0 0 1
    outer loop
      vertex 33.3519 9.86074 2
      vertex 33.3519 6.13926 2
      vertex 33.6263 6.37365 2
    endloop
  endfacet
  facet normal 0 0 1
    outer loop
      vertex 33.0442 10.0493 2
      vertex 33.3519 6.13926 2
      vertex 33.3519 9.86074 2
    endloop
  endfacet
  facet normal 0 0 1
    outer loop
      vertex 33.0442 10.0493 2
      vertex 33.0442 5.95068 2
      vertex 33.3519 6.13926 2
    endloop
  endfacet
  facet normal 0 0 1
    outer loop
      vertex 32.7107 10.1874 2
      vertex 33.0442 5.95068 2
      vertex 33.0442 10.0493 2
    endloop
  endfacet
  facet normal 0 0 1
    outer loop
      vertex 32.7107 10.1874 2
      vertex 32.7107 5.81257 2
      vertex 33.0442 5.95068 2
    endloop
  endfacet
  facet normal 0 0 1
    outer loop
      vertex 32.3598 10.2717 2
      vertex 32.7107 5.81257 2
      vertex 32.7107 10.1874 2
    endloop
  endfacet
  facet normal 0 0 1
    outer loop
      vertex 32.3598 10.2717 2
      vertex 32.3598 5.72832 2
      vertex 32.7107 5.81257 2
    endloop
  endfacet
  facet normal 0 0 1
    outer loop
      vertex 32 10.3 2
      vertex 32.3598 5.72832 2
      vertex 32.3598 10.2717 2
    endloop
  endfacet
  facet normal 0 0 1
    outer loop
      vertex 32 10.3 2
      vertex 32 5.7 2
      vertex 32.3598 5.72832 2
    endloop
  endfacet
  facet normal -0 0 1
    outer loop
      vertex 31.6402 10.2717 2
      vertex 32 5.7 2
      vertex 32 10.3 2
    endloop
  endfacet
  facet normal 0 0 1
    outer loop
      vertex 31.6402 10.2717 2
      vertex 31.6402 5.72832 2
      vertex 32 5.7 2
    endloop
  endfacet
  facet normal -0 0 1
    outer loop
      vertex 31.2893 10.1874 2
      vertex 31.6402 5.72832 2
      vertex 31.6402 10.2717 2
    endloop
  endfacet
  facet normal 0 0 1
    outer loop
      vertex 31.2893 10.1874 2
      vertex 31.2893 5.81257 2
      vertex 31.6402 5.72832 2
    endloop
  endfacet
  facet normal -0 0 1
    outer loop
      vertex 30.9558 10.0493 2
      vertex 31.2893 5.81257 2
      vertex 31.2893 10.1874 2
    endloop
  endfacet
  facet normal 0 0 1
    outer loop
      vertex 30.9558 10.0493 2
      vertex 30.9558 5.95068 2
      vertex 31.2893 5.81257 2
    endloop
  endfacet
  facet normal -0 0 1
    outer loop
      vertex 30.6481 9.86074 2
      vertex 30.9558 5.95068 2
      vertex 30.9558 10.0493 2
    endloop
  endfacet
  facet normal 0 0 1
    outer loop
      vertex 30.6481 9.86074 2
      vertex 30.6481 6.13926 2
      vertex 30.9558 5.95068 2
    endloop
  endfacet
  facet normal -0 0 1
    outer loop
      vertex 30.3737 9.62634 2
      vertex 30.6481 6.13926 2
      vertex 30.6481 9.86074 2
    endloop
  endfacet
  facet normal 0 0 1
    outer loop
      vertex 30.3737 9.62634 2
      vertex 30.3737 6.37365 2
      vertex 30.6481 6.13926 2
    endloop
  endfacet
  facet normal -0 0 1
    outer loop
      vertex 30.1393 9.35191 2
      vertex 30.3737 6.37365 2
      vertex 30.3737 9.62634 2
    endloop
  endfacet
  facet normal 0 0 1
    outer loop
      vertex 30.1393 9.35191 2
      vertex 30.1393 6.64809 2
      vertex 30.3737 6.37365 2
    endloop
  endfacet
  facet normal -0 0 1
    outer loop
      vertex 29.9507 9.04418 2
      vertex 30.1393 6.64809 2
      vertex 30.1393 9.35191 2
    endloop
  endfacet
  facet normal 0 0 1
    outer loop
      vertex 29.9507 9.04418 2
      vertex 29.9507 6.95582 2
      vertex 30.1393 6.64809 2
    endloop
  endfacet
  facet normal -0 0 1
    outer loop
      vertex 29.8126 8.71074 2
      vertex 29.9507 6.95582 2
      vertex 29.9507 9.04418 2
    endloop
  endfacet
  facet normal 0 0 1
    outer loop
      vertex 29.8126 8.71074 2
      vertex 29.8126 7.28926 2
      vertex 29.9507 6.95582 2
    endloop
  endfacet
  facet normal -0 0 1
    outer loop
      vertex 29.7283 8.3598 2
      vertex 29.8126 7.28926 2
      vertex 29.8126 8.71074 2
    endloop
  endfacet
  facet normal 0 0 1
    outer loop
      vertex 29.7283 8.3598 2
      vertex 29.7283 7.6402 2
      vertex 29.8126 7.28926 2
    endloop
  endfacet
  facet normal 0 -0 1
    outer loop
      vertex 29.7283 7.6402 2
      vertex 29.7283 8.3598 2
      vertex 29.7 8 2
    endloop
  endfacet
  facet normal 0.85264 -0.522498 0
    outer loop
      vertex 29.9507 9.04418 7
      vertex 30.1393 9.35191 2
      vertex 30.1393 9.35191 7
    endloop
  endfacet
  facet normal 0.85264 -0.522498 0
    outer loop
      vertex 30.1393 9.35191 2
      vertex 29.9507 9.04418 7
      vertex 29.9507 9.04418 2
    endloop
  endfacet
  facet normal 0.996917 -0.0784584 0
    outer loop
      vertex 29.7 8 7
      vertex 29.7283 8.3598 2
      vertex 29.7283 8.3598 7
    endloop
  endfacet
  facet normal 0.996917 -0.0784584 0
    outer loop
      vertex 29.7283 8.3598 2
      vertex 29.7 8 7
      vertex 29.7 8 2
    endloop
  endfacet
  facet normal 0.649447 -0.760407 0
    outer loop
      vertex 30.3737 9.62634 2
      vertex 30.6481 9.86074 7
      vertex 30.3737 9.62634 7
    endloop
  endfacet
  facet normal 0.649447 -0.760407 0
    outer loop
      vertex 30.6481 9.86074 7
      vertex 30.3737 9.62634 2
      vertex 30.6481 9.86074 2
    endloop
  endfacet
  facet normal 0.382683 -0.92388 0
    outer loop
      vertex 30.9558 10.0493 2
      vertex 31.2893 10.1874 7
      vertex 30.9558 10.0493 7
    endloop
  endfacet
  facet normal 0.382683 -0.92388 0
    outer loop
      vertex 31.2893 10.1874 7
      vertex 30.9558 10.0493 2
      vertex 31.2893 10.1874 2
    endloop
  endfacet
  facet normal -0.649452 0.760402 0
    outer loop
      vertex 33.6263 6.37365 2
      vertex 33.3519 6.13926 7
      vertex 33.6263 6.37365 7
    endloop
  endfacet
  facet normal -0.649452 0.760402 0
    outer loop
      vertex 33.3519 6.13926 7
      vertex 33.6263 6.37365 2
      vertex 33.3519 6.13926 2
    endloop
  endfacet
  facet normal -0.85264 0.522498 0
    outer loop
      vertex 33.8607 6.64809 2
      vertex 34.0493 6.95582 7
      vertex 34.0493 6.95582 2
    endloop
  endfacet
  facet normal -0.85264 0.522498 0
    outer loop
      vertex 34.0493 6.95582 7
      vertex 33.8607 6.64809 2
      vertex 33.8607 6.64809 7
    endloop
  endfacet
  facet normal -0.996917 0.0784582 0
    outer loop
      vertex 34.2717 7.6402 2
      vertex 34.3 8 7
      vertex 34.3 8 2
    endloop
  endfacet
  facet normal -0.996917 0.0784582 0
    outer loop
      vertex 34.3 8 7
      vertex 34.2717 7.6402 2
      vertex 34.2717 7.6402 7
    endloop
  endfacet
  facet normal 0.522498 0.85264 -0
    outer loop
      vertex 30.9558 5.95068 2
      vertex 30.6481 6.13926 7
      vertex 30.9558 5.95068 7
    endloop
  endfacet
  facet normal 0.522498 0.85264 0
    outer loop
      vertex 30.6481 6.13926 7
      vertex 30.9558 5.95068 2
      vertex 30.6481 6.13926 2
    endloop
  endfacet
  facet normal 0.0784584 0.996917 -0
    outer loop
      vertex 32 5.7 2
      vertex 31.6402 5.72832 7
      vertex 32 5.7 7
    endloop
  endfacet
  facet normal 0.0784584 0.996917 0
    outer loop
      vertex 31.6402 5.72832 7
      vertex 32 5.7 2
      vertex 31.6402 5.72832 2
    endloop
  endfacet
  facet normal 0.760404 0.64945 0
    outer loop
      vertex 30.3737 6.37365 7
      vertex 30.1393 6.64809 2
      vertex 30.1393 6.64809 7
    endloop
  endfacet
  facet normal 0.760404 0.64945 0
    outer loop
      vertex 30.1393 6.64809 2
      vertex 30.3737 6.37365 7
      vertex 30.3737 6.37365 2
    endloop
  endfacet
  facet normal -0.92388 -0.382683 0
    outer loop
      vertex 34.1874 8.71074 2
      vertex 34.0493 9.04418 7
      vertex 34.0493 9.04418 2
    endloop
  endfacet
  facet normal -0.92388 -0.382683 0
    outer loop
      vertex 34.0493 9.04418 7
      vertex 34.1874 8.71074 2
      vertex 34.1874 8.71074 7
    endloop
  endfacet
  facet normal -0.972371 -0.233441 0
    outer loop
      vertex 34.2717 8.3598 2
      vertex 34.1874 8.71074 7
      vertex 34.1874 8.71074 2
    endloop
  endfacet
  facet normal -0.972371 -0.233441 0
    outer loop
      vertex 34.1874 8.71074 7
      vertex 34.2717 8.3598 2
      vertex 34.2717 8.3598 7
    endloop
  endfacet
  facet normal -0.382683 -0.92388 0
    outer loop
      vertex 32.7107 10.1874 2
      vertex 33.0442 10.0493 7
      vertex 32.7107 10.1874 7
    endloop
  endfacet
  facet normal -0.382683 -0.92388 -0
    outer loop
      vertex 33.0442 10.0493 7
      vertex 32.7107 10.1874 2
      vertex 33.0442 10.0493 2
    endloop
  endfacet
  facet normal 0.92388 -0.382683 0
    outer loop
      vertex 29.8126 8.71074 7
      vertex 29.9507 9.04418 2
      vertex 29.9507 9.04418 7
    endloop
  endfacet
  facet normal 0.92388 -0.382683 0
    outer loop
      vertex 29.9507 9.04418 2
      vertex 29.8126 8.71074 7
      vertex 29.8126 8.71074 2
    endloop
  endfacet
  facet normal 0.996917 0.0784582 0
    outer loop
      vertex 29.7283 7.6402 7
      vertex 29.7 8 2
      vertex 29.7 8 7
    endloop
  endfacet
  facet normal 0.996917 0.0784582 0
    outer loop
      vertex 29.7 8 2
      vertex 29.7283 7.6402 7
      vertex 29.7283 7.6402 2
    endloop
  endfacet
  facet normal 0.233445 -0.97237 0
    outer loop
      vertex 31.2893 10.1874 2
      vertex 31.6402 10.2717 7
      vertex 31.2893 10.1874 7
    endloop
  endfacet
  facet normal 0.233445 -0.97237 0
    outer loop
      vertex 31.6402 10.2717 7
      vertex 31.2893 10.1874 2
      vertex 31.6402 10.2717 2
    endloop
  endfacet
  facet normal -0.233445 0.97237 0
    outer loop
      vertex 32.7107 5.81257 2
      vertex 32.3598 5.72832 7
      vertex 32.7107 5.81257 7
    endloop
  endfacet
  facet normal -0.233445 0.97237 0
    outer loop
      vertex 32.3598 5.72832 7
      vertex 32.7107 5.81257 2
      vertex 32.3598 5.72832 2
    endloop
  endfacet
  facet normal -0.522498 0.85264 0
    outer loop
      vertex 33.3519 6.13926 2
      vertex 33.0442 5.95068 7
      vertex 33.3519 6.13926 7
    endloop
  endfacet
  facet normal -0.522498 0.85264 0
    outer loop
      vertex 33.0442 5.95068 7
      vertex 33.3519 6.13926 2
      vertex 33.0442 5.95068 2
    endloop
  endfacet
  facet normal -0.760399 0.649456 0
    outer loop
      vertex 33.6263 6.37365 2
      vertex 33.8607 6.64809 7
      vertex 33.8607 6.64809 2
    endloop
  endfacet
  facet normal -0.760399 0.649456 0
    outer loop
      vertex 33.8607 6.64809 7
      vertex 33.6263 6.37365 2
      vertex 33.6263 6.37365 7
    endloop
  endfacet
  facet normal -0.92388 0.382683 0
    outer loop
      vertex 34.0493 6.95582 2
      vertex 34.1874 7.28926 7
      vertex 34.1874 7.28926 2
    endloop
  endfacet
  facet normal -0.92388 0.382683 0
    outer loop
      vertex 34.1874 7.28926 7
      vertex 34.0493 6.95582 2
      vertex 34.0493 6.95582 7
    endloop
  endfacet
  facet normal 0.382683 0.92388 -0
    outer loop
      vertex 31.2893 5.81257 2
      vertex 30.9558 5.95068 7
      vertex 31.2893 5.81257 7
    endloop
  endfacet
  facet normal 0.382683 0.92388 0
    outer loop
      vertex 30.9558 5.95068 7
      vertex 31.2893 5.81257 2
      vertex 30.9558 5.95068 2
    endloop
  endfacet
  facet normal -0.0784584 0.996917 0
    outer loop
      vertex 32.3598 5.72832 2
      vertex 32 5.7 7
      vertex 32.3598 5.72832 7
    endloop
  endfacet
  facet normal -0.0784584 0.996917 0
    outer loop
      vertex 32 5.7 7
      vertex 32.3598 5.72832 2
      vertex 32 5.7 2
    endloop
  endfacet
  facet normal 0.85264 0.522498 0
    outer loop
      vertex 30.1393 6.64809 7
      vertex 29.9507 6.95582 2
      vertex 29.9507 6.95582 7
    endloop
  endfacet
  facet normal 0.85264 0.522498 0
    outer loop
      vertex 29.9507 6.95582 2
      vertex 30.1393 6.64809 7
      vertex 30.1393 6.64809 2
    endloop
  endfacet
  facet normal 0.972371 0.233441 0
    outer loop
      vertex 29.8126 7.28926 7
      vertex 29.7283 7.6402 2
      vertex 29.7283 7.6402 7
    endloop
  endfacet
  facet normal 0.972371 0.233441 0
    outer loop
      vertex 29.7283 7.6402 2
      vertex 29.8126 7.28926 7
      vertex 29.8126 7.28926 2
    endloop
  endfacet
  facet normal -0.382683 0.92388 0
    outer loop
      vertex 33.0442 5.95068 2
      vertex 32.7107 5.81257 7
      vertex 33.0442 5.95068 7
    endloop
  endfacet
  facet normal -0.382683 0.92388 0
    outer loop
      vertex 32.7107 5.81257 7
      vertex 33.0442 5.95068 2
      vertex 32.7107 5.81257 2
    endloop
  endfacet
  facet normal -0.972371 0.233441 0
    outer loop
      vertex 34.1874 7.28926 2
      vertex 34.2717 7.6402 7
      vertex 34.2717 7.6402 2
    endloop
  endfacet
  facet normal -0.972371 0.233441 0
    outer loop
      vertex 34.2717 7.6402 7
      vertex 34.1874 7.28926 2
      vertex 34.1874 7.28926 7
    endloop
  endfacet
  facet normal 0.233445 0.97237 -0
    outer loop
      vertex 31.6402 5.72832 2
      vertex 31.2893 5.81257 7
      vertex 31.6402 5.72832 7
    endloop
  endfacet
  facet normal 0.233445 0.97237 0
    outer loop
      vertex 31.2893 5.81257 7
      vertex 31.6402 5.72832 2
      vertex 31.2893 5.81257 2
    endloop
  endfacet
  facet normal 0.92388 0.382683 0
    outer loop
      vertex 29.9507 6.95582 7
      vertex 29.8126 7.28926 2
      vertex 29.8126 7.28926 7
    endloop
  endfacet
  facet normal 0.92388 0.382683 0
    outer loop
      vertex 29.8126 7.28926 2
      vertex 29.9507 6.95582 7
      vertex 29.9507 6.95582 2
    endloop
  endfacet
  facet normal -0.996918 -0.0784545 0
    outer loop
      vertex 46.35 8 2
      vertex 46.3211 8.36762 7
      vertex 46.3211 8.36762 2
    endloop
  endfacet
  facet normal -0.996918 -0.0784545 0
    outer loop
      vertex 46.3211 8.36762 7
      vertex 46.35 8 2
      vertex 46.35 8 7
    endloop
  endfacet
  facet normal 0.0784593 -0.996917 0
    outer loop
      vertex 43.6324 10.3211 2
      vertex 44 10.35 7
      vertex 43.6324 10.3211 7
    endloop
  endfacet
  facet normal 0.0784593 -0.996917 0
    outer loop
      vertex 44 10.35 7
      vertex 43.6324 10.3211 2
      vertex 44 10.35 2
    endloop
  endfacet
  facet normal -0.852644 0.522493 0
    outer loop
      vertex 45.9012 6.6187 2
      vertex 46.0939 6.93312 7
      vertex 46.0939 6.93312 2
    endloop
  endfacet
  facet normal -0.852644 0.522493 0
    outer loop
      vertex 46.0939 6.93312 7
      vertex 45.9012 6.6187 2
      vertex 45.9012 6.6187 7
    endloop
  endfacet
  facet normal -0.649447 -0.760407 0
    outer loop
      vertex 45.3813 9.90119 2
      vertex 45.6617 9.6617 7
      vertex 45.3813 9.90119 7
    endloop
  endfacet
  facet normal -0.649447 -0.760407 -0
    outer loop
      vertex 45.6617 9.6617 7
      vertex 45.3813 9.90119 2
      vertex 45.6617 9.6617 2
    endloop
  endfacet
  facet normal 0.760403 -0.649451 0
    outer loop
      vertex 42.0988 9.3813 7
      vertex 42.3383 9.6617 2
      vertex 42.3383 9.6617 7
    endloop
  endfacet
  facet normal 0.760403 -0.649451 0
    outer loop
      vertex 42.3383 9.6617 2
      vertex 42.0988 9.3813 7
      vertex 42.0988 9.3813 2
    endloop
  endfacet
  facet normal 0.5225 -0.852639 0
    outer loop
      vertex 42.6187 9.90119 2
      vertex 42.9331 10.0939 7
      vertex 42.6187 9.90119 7
    endloop
  endfacet
  facet normal 0.5225 -0.852639 0
    outer loop
      vertex 42.9331 10.0939 7
      vertex 42.6187 9.90119 2
      vertex 42.9331 10.0939 2
    endloop
  endfacet
  facet normal -0.852644 -0.522493 0
    outer loop
      vertex 46.0939 9.06688 2
      vertex 45.9012 9.3813 7
      vertex 45.9012 9.3813 2
    endloop
  endfacet
  facet normal -0.852644 -0.522493 0
    outer loop
      vertex 45.9012 9.3813 7
      vertex 46.0939 9.06688 2
      vertex 46.0939 9.06688 7
    endloop
  endfacet
  facet normal -0.972369 -0.233449 0
    outer loop
      vertex 46.3211 8.36762 2
      vertex 46.235 8.72619 7
      vertex 46.235 8.72619 2
    endloop
  endfacet
  facet normal -0.972369 -0.233449 0
    outer loop
      vertex 46.235 8.72619 7
      vertex 46.3211 8.36762 2
      vertex 46.3211 8.36762 7
    endloop
  endfacet
  facet normal -0.760403 -0.649451 0
    outer loop
      vertex 45.9012 9.3813 2
      vertex 45.6617 9.6617 7
      vertex 45.6617 9.6617 2
    endloop
  endfacet
  facet normal -0.760403 -0.649451 0
    outer loop
      vertex 45.6617 9.6617 7
      vertex 45.9012 9.3813 2
      vertex 45.9012 9.3813 7
    endloop
  endfacet
  facet normal -0.382682 -0.92388 0
    outer loop
      vertex 44.7262 10.235 2
      vertex 45.0669 10.0939 7
      vertex 44.7262 10.235 7
    endloop
  endfacet
  facet normal -0.382682 -0.92388 -0
    outer loop
      vertex 45.0669 10.0939 7
      vertex 44.7262 10.235 2
      vertex 45.0669 10.0939 2
    endloop
  endfacet
  facet normal -0.5225 -0.852639 0
    outer loop
      vertex 45.0669 10.0939 2
      vertex 45.3813 9.90119 7
      vertex 45.0669 10.0939 7
    endloop
  endfacet
  facet normal -0.5225 -0.852639 -0
    outer loop
      vertex 45.3813 9.90119 7
      vertex 45.0669 10.0939 2
      vertex 45.3813 9.90119 2
    endloop
  endfacet
  facet normal 0.923876 -0.382691 0
    outer loop
      vertex 41.765 8.72619 7
      vertex 41.9061 9.06688 2
      vertex 41.9061 9.06688 7
    endloop
  endfacet
  facet normal 0.923876 -0.382691 0
    outer loop
      vertex 41.9061 9.06688 2
      vertex 41.765 8.72619 7
      vertex 41.765 8.72619 2
    endloop
  endfacet
  facet normal 0 0 1
    outer loop
      vertex 46.3211 8.36762 2
      vertex 46.3211 7.63238 2
      vertex 46.35 8 2
    endloop
  endfacet
  facet normal 0 0 1
    outer loop
      vertex 46.235 8.72619 2
      vertex 46.3211 7.63238 2
      vertex 46.3211 8.36762 2
    endloop
  endfacet
  facet normal 0 0 1
    outer loop
      vertex 46.235 8.72619 2
      vertex 46.235 7.27381 2
      vertex 46.3211 7.63238 2
    endloop
  endfacet
  facet normal 0 0 1
    outer loop
      vertex 46.0939 9.06688 2
      vertex 46.235 7.27381 2
      vertex 46.235 8.72619 2
    endloop
  endfacet
  facet normal 0 0 1
    outer loop
      vertex 46.0939 9.06688 2
      vertex 46.0939 6.93312 2
      vertex 46.235 7.27381 2
    endloop
  endfacet
  facet normal 0 0 1
    outer loop
      vertex 45.9012 9.3813 2
      vertex 46.0939 6.93312 2
      vertex 46.0939 9.06688 2
    endloop
  endfacet
  facet normal 0 0 1
    outer loop
      vertex 45.9012 9.3813 2
      vertex 45.9012 6.6187 2
      vertex 46.0939 6.93312 2
    endloop
  endfacet
  facet normal 0 0 1
    outer loop
      vertex 45.6617 9.6617 2
      vertex 45.9012 6.6187 2
      vertex 45.9012 9.3813 2
    endloop
  endfacet
  facet normal 0 0 1
    outer loop
      vertex 45.6617 9.6617 2
      vertex 45.6617 6.3383 2
      vertex 45.9012 6.6187 2
    endloop
  endfacet
  facet normal 0 0 1
    outer loop
      vertex 45.3813 9.90119 2
      vertex 45.6617 6.3383 2
      vertex 45.6617 9.6617 2
    endloop
  endfacet
  facet normal 0 0 1
    outer loop
      vertex 45.3813 9.90119 2
      vertex 45.3813 6.09881 2
      vertex 45.6617 6.3383 2
    endloop
  endfacet
  facet normal 0 0 1
    outer loop
      vertex 45.0669 10.0939 2
      vertex 45.3813 6.09881 2
      vertex 45.3813 9.90119 2
    endloop
  endfacet
  facet normal 0 0 1
    outer loop
      vertex 45.0669 10.0939 2
      vertex 45.0669 5.90613 2
      vertex 45.3813 6.09881 2
    endloop
  endfacet
  facet normal 0 0 1
    outer loop
      vertex 44.7262 10.235 2
      vertex 45.0669 5.90613 2
      vertex 45.0669 10.0939 2
    endloop
  endfacet
  facet normal 0 0 1
    outer loop
      vertex 44.7262 10.235 2
      vertex 44.7262 5.76502 2
      vertex 45.0669 5.90613 2
    endloop
  endfacet
  facet normal 0 0 1
    outer loop
      vertex 44.3676 10.3211 2
      vertex 44.7262 5.76502 2
      vertex 44.7262 10.235 2
    endloop
  endfacet
  facet normal 0 0 1
    outer loop
      vertex 44.3676 10.3211 2
      vertex 44.3676 5.67893 2
      vertex 44.7262 5.76502 2
    endloop
  endfacet
  facet normal 0 0 1
    outer loop
      vertex 44 10.35 2
      vertex 44.3676 5.67893 2
      vertex 44.3676 10.3211 2
    endloop
  endfacet
  facet normal 0 0 1
    outer loop
      vertex 44 10.35 2
      vertex 44 5.65 2
      vertex 44.3676 5.67893 2
    endloop
  endfacet
  facet normal -0 0 1
    outer loop
      vertex 43.6324 10.3211 2
      vertex 44 5.65 2
      vertex 44 10.35 2
    endloop
  endfacet
  facet normal 0 0 1
    outer loop
      vertex 43.6324 10.3211 2
      vertex 43.6324 5.67893 2
      vertex 44 5.65 2
    endloop
  endfacet
  facet normal -0 0 1
    outer loop
      vertex 43.2738 10.235 2
      vertex 43.6324 5.67893 2
      vertex 43.6324 10.3211 2
    endloop
  endfacet
  facet normal 0 0 1
    outer loop
      vertex 43.2738 10.235 2
      vertex 43.2738 5.76502 2
      vertex 43.6324 5.67893 2
    endloop
  endfacet
  facet normal -0 0 1
    outer loop
      vertex 42.9331 10.0939 2
      vertex 43.2738 5.76502 2
      vertex 43.2738 10.235 2
    endloop
  endfacet
  facet normal 0 0 1
    outer loop
      vertex 42.9331 10.0939 2
      vertex 42.9331 5.90613 2
      vertex 43.2738 5.76502 2
    endloop
  endfacet
  facet normal -0 0 1
    outer loop
      vertex 42.6187 9.90119 2
      vertex 42.9331 5.90613 2
      vertex 42.9331 10.0939 2
    endloop
  endfacet
  facet normal 0 0 1
    outer loop
      vertex 42.6187 9.90119 2
      vertex 42.6187 6.09881 2
      vertex 42.9331 5.90613 2
    endloop
  endfacet
  facet normal -0 0 1
    outer loop
      vertex 42.3383 9.6617 2
      vertex 42.6187 6.09881 2
      vertex 42.6187 9.90119 2
    endloop
  endfacet
  facet normal 0 0 1
    outer loop
      vertex 42.3383 9.6617 2
      vertex 42.3383 6.3383 2
      vertex 42.6187 6.09881 2
    endloop
  endfacet
  facet normal -0 0 1
    outer loop
      vertex 42.0988 9.3813 2
      vertex 42.3383 6.3383 2
      vertex 42.3383 9.6617 2
    endloop
  endfacet
  facet normal 0 0 1
    outer loop
      vertex 42.0988 9.3813 2
      vertex 42.0988 6.6187 2
      vertex 42.3383 6.3383 2
    endloop
  endfacet
  facet normal -0 0 1
    outer loop
      vertex 41.9061 9.06688 2
      vertex 42.0988 6.6187 2
      vertex 42.0988 9.3813 2
    endloop
  endfacet
  facet normal 0 0 1
    outer loop
      vertex 41.9061 9.06688 2
      vertex 41.9061 6.93312 2
      vertex 42.0988 6.6187 2
    endloop
  endfacet
  facet normal -0 0 1
    outer loop
      vertex 41.765 8.72619 2
      vertex 41.9061 6.93312 2
      vertex 41.9061 9.06688 2
    endloop
  endfacet
  facet normal 0 0 1
    outer loop
      vertex 41.765 8.72619 2
      vertex 41.765 7.27381 2
      vertex 41.9061 6.93312 2
    endloop
  endfacet
  facet normal -0 0 1
    outer loop
      vertex 41.6789 8.36762 2
      vertex 41.765 7.27381 2
      vertex 41.765 8.72619 2
    endloop
  endfacet
  facet normal 0 0 1
    outer loop
      vertex 41.6789 8.36762 2
      vertex 41.6789 7.63238 2
      vertex 41.765 7.27381 2
    endloop
  endfacet
  facet normal 0 -0 1
    outer loop
      vertex 41.6789 7.63238 2
      vertex 41.6789 8.36762 2
      vertex 41.65 8 2
    endloop
  endfacet
  facet normal 0.852644 -0.522493 0
    outer loop
      vertex 41.9061 9.06688 7
      vertex 42.0988 9.3813 2
      vertex 42.0988 9.3813 7
    endloop
  endfacet
  facet normal 0.852644 -0.522493 0
    outer loop
      vertex 42.0988 9.3813 2
      vertex 41.9061 9.06688 7
      vertex 41.9061 9.06688 2
    endloop
  endfacet
  facet normal 0.996918 -0.0784545 0
    outer loop
      vertex 41.65 8 7
      vertex 41.6789 8.36762 2
      vertex 41.6789 8.36762 7
    endloop
  endfacet
  facet normal 0.996918 -0.0784545 0
    outer loop
      vertex 41.6789 8.36762 2
      vertex 41.65 8 7
      vertex 41.65 8 2
    endloop
  endfacet
  facet normal 0.649447 -0.760407 0
    outer loop
      vertex 42.3383 9.6617 2
      vertex 42.6187 9.90119 7
      vertex 42.3383 9.6617 7
    endloop
  endfacet
  facet normal 0.649447 -0.760407 0
    outer loop
      vertex 42.6187 9.90119 7
      vertex 42.3383 9.6617 2
      vertex 42.6187 9.90119 2
    endloop
  endfacet
  facet normal 0.233446 -0.97237 0
    outer loop
      vertex 43.2738 10.235 2
      vertex 43.6324 10.3211 7
      vertex 43.2738 10.235 7
    endloop
  endfacet
  facet normal 0.233446 -0.97237 0
    outer loop
      vertex 43.6324 10.3211 7
      vertex 43.2738 10.235 2
      vertex 43.6324 10.3211 2
    endloop
  endfacet
  facet normal -0.233446 0.97237 0
    outer loop
      vertex 44.7262 5.76502 2
      vertex 44.3676 5.67893 7
      vertex 44.7262 5.76502 7
    endloop
  endfacet
  facet normal -0.233446 0.97237 0
    outer loop
      vertex 44.3676 5.67893 7
      vertex 44.7262 5.76502 2
      vertex 44.3676 5.67893 2
    endloop
  endfacet
  facet normal -0.996918 0.0784543 0
    outer loop
      vertex 46.3211 7.63238 2
      vertex 46.35 8 7
      vertex 46.35 8 2
    endloop
  endfacet
  facet normal -0.996918 0.0784543 0
    outer loop
      vertex 46.35 8 7
      vertex 46.3211 7.63238 2
      vertex 46.3211 7.63238 7
    endloop
  endfacet
  facet normal -0.92388 -0.382683 0
    outer loop
      vertex 46.235 8.72619 2
      vertex 46.0939 9.06688 7
      vertex 46.0939 9.06688 2
    endloop
  endfacet
  facet normal -0.92388 -0.382683 0
    outer loop
      vertex 46.0939 9.06688 7
      vertex 46.235 8.72619 2
      vertex 46.235 8.72619 7
    endloop
  endfacet
  facet normal -0.233446 -0.97237 0
    outer loop
      vertex 44.3676 10.3211 2
      vertex 44.7262 10.235 7
      vertex 44.3676 10.3211 7
    endloop
  endfacet
  facet normal -0.233446 -0.97237 -0
    outer loop
      vertex 44.7262 10.235 7
      vertex 44.3676 10.3211 2
      vertex 44.7262 10.235 2
    endloop
  endfacet
  facet normal -0.0784593 -0.996917 0
    outer loop
      vertex 44 10.35 2
      vertex 44.3676 10.3211 7
      vertex 44 10.35 7
    endloop
  endfacet
  facet normal -0.0784593 -0.996917 -0
    outer loop
      vertex 44.3676 10.3211 7
      vertex 44 10.35 2
      vertex 44.3676 10.3211 2
    endloop
  endfacet
  facet normal 0.996918 0.0784543 0
    outer loop
      vertex 41.6789 7.63238 7
      vertex 41.65 8 2
      vertex 41.65 8 7
    endloop
  endfacet
  facet normal 0.996918 0.0784543 0
    outer loop
      vertex 41.65 8 2
      vertex 41.6789 7.63238 7
      vertex 41.6789 7.63238 2
    endloop
  endfacet
  facet normal 0.760403 0.649451 0
    outer loop
      vertex 42.3383 6.3383 7
      vertex 42.0988 6.6187 2
      vertex 42.0988 6.6187 7
    endloop
  endfacet
  facet normal 0.760403 0.649451 0
    outer loop
      vertex 42.0988 6.6187 2
      vertex 42.3383 6.3383 7
      vertex 42.3383 6.3383 2
    endloop
  endfacet
  facet normal 0.972371 0.233439 0
    outer loop
      vertex 41.765 7.27381 7
      vertex 41.6789 7.63238 2
      vertex 41.6789 7.63238 7
    endloop
  endfacet
  facet normal 0.972371 0.233439 0
    outer loop
      vertex 41.6789 7.63238 2
      vertex 41.765 7.27381 7
      vertex 41.765 7.27381 2
    endloop
  endfacet
  facet normal 0.852644 0.522493 0
    outer loop
      vertex 42.0988 6.6187 7
      vertex 41.9061 6.93312 2
      vertex 41.9061 6.93312 7
    endloop
  endfacet
  facet normal 0.852644 0.522493 0
    outer loop
      vertex 41.9061 6.93312 2
      vertex 42.0988 6.6187 7
      vertex 42.0988 6.6187 2
    endloop
  endfacet
  facet normal -0.649447 0.760407 0
    outer loop
      vertex 45.6617 6.3383 2
      vertex 45.3813 6.09881 7
      vertex 45.6617 6.3383 7
    endloop
  endfacet
  facet normal -0.649447 0.760407 0
    outer loop
      vertex 45.3813 6.09881 7
      vertex 45.6617 6.3383 2
      vertex 45.3813 6.09881 2
    endloop
  endfacet
  facet normal -0.5225 0.852639 0
    outer loop
      vertex 45.3813 6.09881 2
      vertex 45.0669 5.90613 7
      vertex 45.3813 6.09881 7
    endloop
  endfacet
  facet normal -0.5225 0.852639 0
    outer loop
      vertex 45.0669 5.90613 7
      vertex 45.3813 6.09881 2
      vertex 45.0669 5.90613 2
    endloop
  endfacet
  facet normal -0.382682 0.92388 0
    outer loop
      vertex 45.0669 5.90613 2
      vertex 44.7262 5.76502 7
      vertex 45.0669 5.90613 7
    endloop
  endfacet
  facet normal -0.382682 0.92388 0
    outer loop
      vertex 44.7262 5.76502 7
      vertex 45.0669 5.90613 2
      vertex 44.7262 5.76502 2
    endloop
  endfacet
  facet normal -0.760403 0.649451 0
    outer loop
      vertex 45.6617 6.3383 2
      vertex 45.9012 6.6187 7
      vertex 45.9012 6.6187 2
    endloop
  endfacet
  facet normal -0.760403 0.649451 0
    outer loop
      vertex 45.9012 6.6187 7
      vertex 45.6617 6.3383 2
      vertex 45.6617 6.3383 7
    endloop
  endfacet
  facet normal -0.92388 0.382683 0
    outer loop
      vertex 46.0939 6.93312 2
      vertex 46.235 7.27381 7
      vertex 46.235 7.27381 2
    endloop
  endfacet
  facet normal -0.92388 0.382683 0
    outer loop
      vertex 46.235 7.27381 7
      vertex 46.0939 6.93312 2
      vertex 46.0939 6.93312 7
    endloop
  endfacet
  facet normal -0.972369 0.233449 0
    outer loop
      vertex 46.235 7.27381 2
      vertex 46.3211 7.63238 7
      vertex 46.3211 7.63238 2
    endloop
  endfacet
  facet normal -0.972369 0.233449 0
    outer loop
      vertex 46.3211 7.63238 7
      vertex 46.235 7.27381 2
      vertex 46.235 7.27381 7
    endloop
  endfacet
  facet normal 0.972371 -0.233439 0
    outer loop
      vertex 41.6789 8.36762 7
      vertex 41.765 8.72619 2
      vertex 41.765 8.72619 7
    endloop
  endfacet
  facet normal 0.972371 -0.233439 0
    outer loop
      vertex 41.765 8.72619 2
      vertex 41.6789 8.36762 7
      vertex 41.6789 8.36762 2
    endloop
  endfacet
  facet normal 0.382682 -0.92388 0
    outer loop
      vertex 42.9331 10.0939 2
      vertex 43.2738 10.235 7
      vertex 42.9331 10.0939 7
    endloop
  endfacet
  facet normal 0.382682 -0.92388 0
    outer loop
      vertex 43.2738 10.235 7
      vertex 42.9331 10.0939 2
      vertex 43.2738 10.235 2
    endloop
  endfacet
  facet normal -0.0784593 0.996917 0
    outer loop
      vertex 44.3676 5.67893 2
      vertex 44 5.65 7
      vertex 44.3676 5.67893 7
    endloop
  endfacet
  facet normal -0.0784593 0.996917 0
    outer loop
      vertex 44 5.65 7
      vertex 44.3676 5.67893 2
      vertex 44 5.65 2
    endloop
  endfacet
  facet normal 0.5225 0.852639 -0
    outer loop
      vertex 42.9331 5.90613 2
      vertex 42.6187 6.09881 7
      vertex 42.9331 5.90613 7
    endloop
  endfacet
  facet normal 0.5225 0.852639 0
    outer loop
      vertex 42.6187 6.09881 7
      vertex 42.9331 5.90613 2
      vertex 42.6187 6.09881 2
    endloop
  endfacet
  facet normal 0.649447 0.760407 -0
    outer loop
      vertex 42.6187 6.09881 2
      vertex 42.3383 6.3383 7
      vertex 42.6187 6.09881 7
    endloop
  endfacet
  facet normal 0.649447 0.760407 0
    outer loop
      vertex 42.3383 6.3383 7
      vertex 42.6187 6.09881 2
      vertex 42.3383 6.3383 2
    endloop
  endfacet
  facet normal 0.923876 0.382691 0
    outer loop
      vertex 41.9061 6.93312 7
      vertex 41.765 7.27381 2
      vertex 41.765 7.27381 7
    endloop
  endfacet
  facet normal 0.923876 0.382691 0
    outer loop
      vertex 41.765 7.27381 2
      vertex 41.9061 6.93312 7
      vertex 41.9061 6.93312 2
    endloop
  endfacet
  facet normal 0.233446 0.97237 -0
    outer loop
      vertex 43.6324 5.67893 2
      vertex 43.2738 5.76502 7
      vertex 43.6324 5.67893 7
    endloop
  endfacet
  facet normal 0.233446 0.97237 0
    outer loop
      vertex 43.2738 5.76502 7
      vertex 43.6324 5.67893 2
      vertex 43.2738 5.76502 2
    endloop
  endfacet
  facet normal 0.382682 0.92388 -0
    outer loop
      vertex 43.2738 5.76502 2
      vertex 42.9331 5.90613 7
      vertex 43.2738 5.76502 7
    endloop
  endfacet
  facet normal 0.382682 0.92388 0
    outer loop
      vertex 42.9331 5.90613 7
      vertex 43.2738 5.76502 2
      vertex 42.9331 5.90613 2
    endloop
  endfacet
  facet normal 0.0784593 0.996917 -0
    outer loop
      vertex 44 5.65 2
      vertex 43.6324 5.67893 7
      vertex 44 5.65 7
    endloop
  endfacet
  facet normal 0.0784593 0.996917 0
    outer loop
      vertex 43.6324 5.67893 7
      vertex 44 5.65 2
      vertex 43.6324 5.67893 2
    endloop
  endfacet
  facet normal -0.996917 -0.0784609 0
    outer loop
      vertex 58.4 8 2
      vertex 58.3705 8.37544 7
      vertex 58.3705 8.37544 2
    endloop
  endfacet
  facet normal -0.996917 -0.0784609 0
    outer loop
      vertex 58.3705 8.37544 7
      vertex 58.4 8 2
      vertex 58.4 8 7
    endloop
  endfacet
  facet normal 0.996917 0.0784607 0
    outer loop
      vertex 53.6295 7.62456 7
      vertex 53.6 8 2
      vertex 53.6 8 7
    endloop
  endfacet
  facet normal 0.996917 0.0784607 0
    outer loop
      vertex 53.6 8 2
      vertex 53.6295 7.62456 7
      vertex 53.6295 7.62456 2
    endloop
  endfacet
  facet normal 0.0784584 -0.996917 0
    outer loop
      vertex 55.6246 10.3705 2
      vertex 56 10.4 7
      vertex 55.6246 10.3705 7
    endloop
  endfacet
  facet normal 0.0784584 -0.996917 0
    outer loop
      vertex 56 10.4 7
      vertex 55.6246 10.3705 2
      vertex 56 10.4 2
    endloop
  endfacet
  facet normal 0.64945 0.760404 -0
    outer loop
      vertex 54.5893 6.05836 2
      vertex 54.3029 6.30294 7
      vertex 54.5893 6.05836 7
    endloop
  endfacet
  facet normal 0.64945 0.760404 0
    outer loop
      vertex 54.3029 6.30294 7
      vertex 54.5893 6.05836 2
      vertex 54.3029 6.30294 2
    endloop
  endfacet
  facet normal -0.649445 -0.760408 0
    outer loop
      vertex 57.4107 9.94164 2
      vertex 57.6971 9.69706 7
      vertex 57.4107 9.94164 7
    endloop
  endfacet
  facet normal -0.649445 -0.760408 -0
    outer loop
      vertex 57.6971 9.69706 7
      vertex 57.4107 9.94164 2
      vertex 57.6971 9.69706 2
    endloop
  endfacet
  facet normal 0.760402 -0.649452 0
    outer loop
      vertex 54.0584 9.41068 7
      vertex 54.3029 9.69706 2
      vertex 54.3029 9.69706 7
    endloop
  endfacet
  facet normal 0.760402 -0.649452 0
    outer loop
      vertex 54.3029 9.69706 2
      vertex 54.0584 9.41068 7
      vertex 54.0584 9.41068 2
    endloop
  endfacet
  facet normal 0.382686 -0.923879 0
    outer loop
      vertex 54.9104 10.1384 2
      vertex 55.2584 10.2825 7
      vertex 54.9104 10.1384 7
    endloop
  endfacet
  facet normal 0.382686 -0.923879 0
    outer loop
      vertex 55.2584 10.2825 7
      vertex 54.9104 10.1384 2
      vertex 55.2584 10.2825 2
    endloop
  endfacet
  facet normal -0.92388 -0.382682 0
    outer loop
      vertex 58.2825 8.74164 2
      vertex 58.1384 9.08958 7
      vertex 58.1384 9.08958 2
    endloop
  endfacet
  facet normal -0.92388 -0.382682 0
    outer loop
      vertex 58.1384 9.08958 7
      vertex 58.2825 8.74164 2
      vertex 58.2825 8.74164 7
    endloop
  endfacet
  facet normal -0.972369 -0.233448 0
    outer loop
      vertex 58.3705 8.37544 2
      vertex 58.2825 8.74164 7
      vertex 58.2825 8.74164 2
    endloop
  endfacet
  facet normal -0.972369 -0.233448 0
    outer loop
      vertex 58.2825 8.74164 7
      vertex 58.3705 8.37544 2
      vertex 58.3705 8.37544 7
    endloop
  endfacet
  facet normal -0.382682 -0.92388 0
    outer loop
      vertex 56.7416 10.2825 2
      vertex 57.0896 10.1384 7
      vertex 56.7416 10.2825 7
    endloop
  endfacet
  facet normal -0.382682 -0.92388 -0
    outer loop
      vertex 57.0896 10.1384 7
      vertex 56.7416 10.2825 2
      vertex 57.0896 10.1384 2
    endloop
  endfacet
  facet normal -0.233447 -0.97237 0
    outer loop
      vertex 56.3754 10.3705 2
      vertex 56.7416 10.2825 7
      vertex 56.3754 10.3705 7
    endloop
  endfacet
  facet normal -0.233447 -0.97237 -0
    outer loop
      vertex 56.7416 10.2825 7
      vertex 56.3754 10.3705 2
      vertex 56.7416 10.2825 2
    endloop
  endfacet
  facet normal -0.522501 -0.852638 0
    outer loop
      vertex 57.0896 10.1384 2
      vertex 57.4107 9.94164 7
      vertex 57.0896 10.1384 7
    endloop
  endfacet
  facet normal -0.522501 -0.852638 -0
    outer loop
      vertex 57.4107 9.94164 7
      vertex 57.0896 10.1384 2
      vertex 57.4107 9.94164 2
    endloop
  endfacet
  facet normal 0.92388 -0.382682 0
    outer loop
      vertex 53.7175 8.74164 7
      vertex 53.8616 9.08958 2
      vertex 53.8616 9.08958 7
    endloop
  endfacet
  facet normal 0.92388 -0.382682 0
    outer loop
      vertex 53.8616 9.08958 2
      vertex 53.7175 8.74164 7
      vertex 53.7175 8.74164 2
    endloop
  endfacet
  facet normal 0.852642 -0.522495 0
    outer loop
      vertex 53.8616 9.08958 7
      vertex 54.0584 9.41068 2
      vertex 54.0584 9.41068 7
    endloop
  endfacet
  facet normal 0.852642 -0.522495 0
    outer loop
      vertex 54.0584 9.41068 2
      vertex 53.8616 9.08958 7
      vertex 53.8616 9.08958 2
    endloop
  endfacet
  facet normal 0.972369 -0.233448 0
    outer loop
      vertex 53.6295 8.37544 7
      vertex 53.7175 8.74164 2
      vertex 53.7175 8.74164 7
    endloop
  endfacet
  facet normal 0.972369 -0.233448 0
    outer loop
      vertex 53.7175 8.74164 2
      vertex 53.6295 8.37544 7
      vertex 53.6295 8.37544 2
    endloop
  endfacet
  facet normal 0.233444 -0.97237 0
    outer loop
      vertex 55.2584 10.2825 2
      vertex 55.6246 10.3705 7
      vertex 55.2584 10.2825 7
    endloop
  endfacet
  facet normal 0.233444 -0.97237 0
    outer loop
      vertex 55.6246 10.3705 7
      vertex 55.2584 10.2825 2
      vertex 55.6246 10.3705 2
    endloop
  endfacet
  facet normal -0.233447 0.97237 0
    outer loop
      vertex 56.7416 5.71746 2
      vertex 56.3754 5.62955 7
      vertex 56.7416 5.71746 7
    endloop
  endfacet
  facet normal -0.233447 0.97237 0
    outer loop
      vertex 56.3754 5.62955 7
      vertex 56.7416 5.71746 2
      vertex 56.3754 5.62955 2
    endloop
  endfacet
  facet normal -0.852638 0.522503 0
    outer loop
      vertex 57.9416 6.58931 2
      vertex 58.1384 6.91042 7
      vertex 58.1384 6.91042 2
    endloop
  endfacet
  facet normal -0.852638 0.522503 0
    outer loop
      vertex 58.1384 6.91042 7
      vertex 57.9416 6.58931 2
      vertex 57.9416 6.58931 7
    endloop
  endfacet
  facet normal -0.972369 0.233448 0
    outer loop
      vertex 58.2825 7.25836 2
      vertex 58.3705 7.62456 7
      vertex 58.3705 7.62456 2
    endloop
  endfacet
  facet normal -0.972369 0.233448 0
    outer loop
      vertex 58.3705 7.62456 7
      vertex 58.2825 7.25836 2
      vertex 58.2825 7.25836 7
    endloop
  endfacet
  facet normal 0.522497 0.852641 -0
    outer loop
      vertex 54.9104 5.86158 2
      vertex 54.5893 6.05836 7
      vertex 54.9104 5.86158 7
    endloop
  endfacet
  facet normal 0.522497 0.852641 0
    outer loop
      vertex 54.5893 6.05836 7
      vertex 54.9104 5.86158 2
      vertex 54.5893 6.05836 2
    endloop
  endfacet
  facet normal 0.233444 0.97237 -0
    outer loop
      vertex 55.6246 5.62955 2
      vertex 55.2584 5.71746 7
      vertex 55.6246 5.62955 7
    endloop
  endfacet
  facet normal 0.233444 0.97237 0
    outer loop
      vertex 55.2584 5.71746 7
      vertex 55.6246 5.62955 2
      vertex 55.2584 5.71746 2
    endloop
  endfacet
  facet normal 0.972369 0.233448 0
    outer loop
      vertex 53.7175 7.25836 7
      vertex 53.6295 7.62456 2
      vertex 53.6295 7.62456 7
    endloop
  endfacet
  facet normal 0.972369 0.233448 0
    outer loop
      vertex 53.6295 7.62456 2
      vertex 53.7175 7.25836 7
      vertex 53.7175 7.25836 2
    endloop
  endfacet
  facet normal -0.760407 -0.649447 0
    outer loop
      vertex 57.9416 9.41068 2
      vertex 57.6971 9.69706 7
      vertex 57.6971 9.69706 2
    endloop
  endfacet
  facet normal -0.760407 -0.649447 0
    outer loop
      vertex 57.6971 9.69706 7
      vertex 57.9416 9.41068 2
      vertex 57.9416 9.41068 7
    endloop
  endfacet
  facet normal -0.852638 -0.522503 0
    outer loop
      vertex 58.1384 9.08958 2
      vertex 57.9416 9.41068 7
      vertex 57.9416 9.41068 2
    endloop
  endfacet
  facet normal -0.852638 -0.522503 0
    outer loop
      vertex 57.9416 9.41068 7
      vertex 58.1384 9.08958 2
      vertex 58.1384 9.08958 7
    endloop
  endfacet
  facet normal -0.0784584 -0.996917 0
    outer loop
      vertex 56 10.4 2
      vertex 56.3754 10.3705 7
      vertex 56 10.4 7
    endloop
  endfacet
  facet normal -0.0784584 -0.996917 -0
    outer loop
      vertex 56.3754 10.3705 7
      vertex 56 10.4 2
      vertex 56.3754 10.3705 2
    endloop
  endfacet
  facet normal 0 0 1
    outer loop
      vertex 58.3705 8.37544 2
      vertex 58.3705 7.62456 2
      vertex 58.4 8 2
    endloop
  endfacet
  facet normal 0 0 1
    outer loop
      vertex 58.2825 8.74164 2
      vertex 58.3705 7.62456 2
      vertex 58.3705 8.37544 2
    endloop
  endfacet
  facet normal 0 0 1
    outer loop
      vertex 58.2825 8.74164 2
      vertex 58.2825 7.25836 2
      vertex 58.3705 7.62456 2
    endloop
  endfacet
  facet normal 0 0 1
    outer loop
      vertex 58.1384 9.08958 2
      vertex 58.2825 7.25836 2
      vertex 58.2825 8.74164 2
    endloop
  endfacet
  facet normal 0 0 1
    outer loop
      vertex 58.1384 9.08958 2
      vertex 58.1384 6.91042 2
      vertex 58.2825 7.25836 2
    endloop
  endfacet
  facet normal 0 0 1
    outer loop
      vertex 57.9416 9.41068 2
      vertex 58.1384 6.91042 2
      vertex 58.1384 9.08958 2
    endloop
  endfacet
  facet normal 0 0 1
    outer loop
      vertex 57.9416 9.41068 2
      vertex 57.9416 6.58931 2
      vertex 58.1384 6.91042 2
    endloop
  endfacet
  facet normal 0 0 1
    outer loop
      vertex 57.6971 9.69706 2
      vertex 57.9416 6.58931 2
      vertex 57.9416 9.41068 2
    endloop
  endfacet
  facet normal 0 0 1
    outer loop
      vertex 57.6971 9.69706 2
      vertex 57.6971 6.30294 2
      vertex 57.9416 6.58931 2
    endloop
  endfacet
  facet normal 0 0 1
    outer loop
      vertex 57.4107 9.94164 2
      vertex 57.6971 6.30294 2
      vertex 57.6971 9.69706 2
    endloop
  endfacet
  facet normal 0 0 1
    outer loop
      vertex 57.4107 9.94164 2
      vertex 57.4107 6.05836 2
      vertex 57.6971 6.30294 2
    endloop
  endfacet
  facet normal 0 0 1
    outer loop
      vertex 57.0896 10.1384 2
      vertex 57.4107 6.05836 2
      vertex 57.4107 9.94164 2
    endloop
  endfacet
  facet normal 0 0 1
    outer loop
      vertex 57.0896 10.1384 2
      vertex 57.0896 5.86158 2
      vertex 57.4107 6.05836 2
    endloop
  endfacet
  facet normal 0 0 1
    outer loop
      vertex 56.7416 10.2825 2
      vertex 57.0896 5.86158 2
      vertex 57.0896 10.1384 2
    endloop
  endfacet
  facet normal 0 0 1
    outer loop
      vertex 56.7416 10.2825 2
      vertex 56.7416 5.71746 2
      vertex 57.0896 5.86158 2
    endloop
  endfacet
  facet normal 0 0 1
    outer loop
      vertex 56.3754 10.3705 2
      vertex 56.7416 5.71746 2
      vertex 56.7416 10.2825 2
    endloop
  endfacet
  facet normal 0 0 1
    outer loop
      vertex 56.3754 10.3705 2
      vertex 56.3754 5.62955 2
      vertex 56.7416 5.71746 2
    endloop
  endfacet
  facet normal 0 0 1
    outer loop
      vertex 56 10.4 2
      vertex 56.3754 5.62955 2
      vertex 56.3754 10.3705 2
    endloop
  endfacet
  facet normal 0 0 1
    outer loop
      vertex 56 10.4 2
      vertex 56 5.6 2
      vertex 56.3754 5.62955 2
    endloop
  endfacet
  facet normal -0 0 1
    outer loop
      vertex 55.6246 10.3705 2
      vertex 56 5.6 2
      vertex 56 10.4 2
    endloop
  endfacet
  facet normal 0 0 1
    outer loop
      vertex 55.6246 10.3705 2
      vertex 55.6246 5.62955 2
      vertex 56 5.6 2
    endloop
  endfacet
  facet normal -0 0 1
    outer loop
      vertex 55.2584 10.2825 2
      vertex 55.6246 5.62955 2
      vertex 55.6246 10.3705 2
    endloop
  endfacet
  facet normal 0 0 1
    outer loop
      vertex 55.2584 10.2825 2
      vertex 55.2584 5.71746 2
      vertex 55.6246 5.62955 2
    endloop
  endfacet
  facet normal -0 0 1
    outer loop
      vertex 54.9104 10.1384 2
      vertex 55.2584 5.71746 2
      vertex 55.2584 10.2825 2
    endloop
  endfacet
  facet normal 0 0 1
    outer loop
      vertex 54.9104 10.1384 2
      vertex 54.9104 5.86158 2
      vertex 55.2584 5.71746 2
    endloop
  endfacet
  facet normal -0 0 1
    outer loop
      vertex 54.5893 9.94164 2
      vertex 54.9104 5.86158 2
      vertex 54.9104 10.1384 2
    endloop
  endfacet
  facet normal 0 0 1
    outer loop
      vertex 54.5893 9.94164 2
      vertex 54.5893 6.05836 2
      vertex 54.9104 5.86158 2
    endloop
  endfacet
  facet normal -0 0 1
    outer loop
      vertex 54.3029 9.69706 2
      vertex 54.5893 6.05836 2
      vertex 54.5893 9.94164 2
    endloop
  endfacet
  facet normal 0 0 1
    outer loop
      vertex 54.3029 9.69706 2
      vertex 54.3029 6.30294 2
      vertex 54.5893 6.05836 2
    endloop
  endfacet
  facet normal -0 0 1
    outer loop
      vertex 54.0584 9.41068 2
      vertex 54.3029 6.30294 2
      vertex 54.3029 9.69706 2
    endloop
  endfacet
  facet normal 0 0 1
    outer loop
      vertex 54.0584 9.41068 2
      vertex 54.0584 6.58931 2
      vertex 54.3029 6.30294 2
    endloop
  endfacet
  facet normal -0 0 1
    outer loop
      vertex 53.8616 9.08958 2
      vertex 54.0584 6.58931 2
      vertex 54.0584 9.41068 2
    endloop
  endfacet
  facet normal 0 0 1
    outer loop
      vertex 53.8616 9.08958 2
      vertex 53.8616 6.91042 2
      vertex 54.0584 6.58931 2
    endloop
  endfacet
  facet normal -0 0 1
    outer loop
      vertex 53.7175 8.74164 2
      vertex 53.8616 6.91042 2
      vertex 53.8616 9.08958 2
    endloop
  endfacet
  facet normal 0 0 1
    outer loop
      vertex 53.7175 8.74164 2
      vertex 53.7175 7.25836 2
      vertex 53.8616 6.91042 2
    endloop
  endfacet
  facet normal -0 0 1
    outer loop
      vertex 53.6295 8.37544 2
      vertex 53.7175 7.25836 2
      vertex 53.7175 8.74164 2
    endloop
  endfacet
  facet normal 0 0 1
    outer loop
      vertex 53.6295 8.37544 2
      vertex 53.6295 7.62456 2
      vertex 53.7175 7.25836 2
    endloop
  endfacet
  facet normal 0 -0 1
    outer loop
      vertex 53.6295 7.62456 2
      vertex 53.6295 8.37544 2
      vertex 53.6 8 2
    endloop
  endfacet
  facet normal 0.996917 -0.0784609 0
    outer loop
      vertex 53.6 8 7
      vertex 53.6295 8.37544 2
      vertex 53.6295 8.37544 7
    endloop
  endfacet
  facet normal 0.996917 -0.0784609 0
    outer loop
      vertex 53.6295 8.37544 2
      vertex 53.6 8 7
      vertex 53.6 8 2
    endloop
  endfacet
  facet normal 0.522497 -0.852641 0
    outer loop
      vertex 54.5893 9.94164 2
      vertex 54.9104 10.1384 7
      vertex 54.5893 9.94164 7
    endloop
  endfacet
  facet normal 0.522497 -0.852641 0
    outer loop
      vertex 54.9104 10.1384 7
      vertex 54.5893 9.94164 2
      vertex 54.9104 10.1384 2
    endloop
  endfacet
  facet normal 0.64945 -0.760404 0
    outer loop
      vertex 54.3029 9.69706 2
      vertex 54.5893 9.94164 7
      vertex 54.3029 9.69706 7
    endloop
  endfacet
  facet normal 0.64945 -0.760404 0
    outer loop
      vertex 54.5893 9.94164 7
      vertex 54.3029 9.69706 2
      vertex 54.5893 9.94164 2
    endloop
  endfacet
  facet normal -0.996917 0.0784607 0
    outer loop
      vertex 58.3705 7.62456 2
      vertex 58.4 8 7
      vertex 58.4 8 2
    endloop
  endfacet
  facet normal -0.996917 0.0784607 0
    outer loop
      vertex 58.4 8 7
      vertex 58.3705 7.62456 2
      vertex 58.3705 7.62456 7
    endloop
  endfacet
  facet normal -0.382682 0.92388 0
    outer loop
      vertex 57.0896 5.86158 2
      vertex 56.7416 5.71746 7
      vertex 57.0896 5.86158 7
    endloop
  endfacet
  facet normal -0.382682 0.92388 0
    outer loop
      vertex 56.7416 5.71746 7
      vertex 57.0896 5.86158 2
      vertex 56.7416 5.71746 2
    endloop
  endfacet
  facet normal -0.760407 0.649447 0
    outer loop
      vertex 57.6971 6.30294 2
      vertex 57.9416 6.58931 7
      vertex 57.9416 6.58931 2
    endloop
  endfacet
  facet normal -0.760407 0.649447 0
    outer loop
      vertex 57.9416 6.58931 7
      vertex 57.6971 6.30294 2
      vertex 57.6971 6.30294 7
    endloop
  endfacet
  facet normal -0.522501 0.852638 0
    outer loop
      vertex 57.4107 6.05836 2
      vertex 57.0896 5.86158 7
      vertex 57.4107 6.05836 7
    endloop
  endfacet
  facet normal -0.522501 0.852638 0
    outer loop
      vertex 57.0896 5.86158 7
      vertex 57.4107 6.05836 2
      vertex 57.0896 5.86158 2
    endloop
  endfacet
  facet normal -0.92388 0.382682 0
    outer loop
      vertex 58.1384 6.91042 2
      vertex 58.2825 7.25836 7
      vertex 58.2825 7.25836 2
    endloop
  endfacet
  facet normal -0.92388 0.382682 0
    outer loop
      vertex 58.2825 7.25836 7
      vertex 58.1384 6.91042 2
      vertex 58.1384 6.91042 7
    endloop
  endfacet
  facet normal 0.382686 0.923879 -0
    outer loop
      vertex 55.2584 5.71746 2
      vertex 54.9104 5.86158 7
      vertex 55.2584 5.71746 7
    endloop
  endfacet
  facet normal 0.382686 0.923879 0
    outer loop
      vertex 54.9104 5.86158 7
      vertex 55.2584 5.71746 2
      vertex 54.9104 5.86158 2
    endloop
  endfacet
  facet normal 0.0784584 0.996917 -0
    outer loop
      vertex 56 5.6 2
      vertex 55.6246 5.62955 7
      vertex 56 5.6 7
    endloop
  endfacet
  facet normal 0.0784584 0.996917 0
    outer loop
      vertex 55.6246 5.62955 7
      vertex 56 5.6 2
      vertex 55.6246 5.62955 2
    endloop
  endfacet
  facet normal 0.852642 0.522495 0
    outer loop
      vertex 54.0584 6.58931 7
      vertex 53.8616 6.91042 2
      vertex 53.8616 6.91042 7
    endloop
  endfacet
  facet normal 0.852642 0.522495 0
    outer loop
      vertex 53.8616 6.91042 2
      vertex 54.0584 6.58931 7
      vertex 54.0584 6.58931 2
    endloop
  endfacet
  facet normal 0.92388 0.382682 0
    outer loop
      vertex 53.8616 6.91042 7
      vertex 53.7175 7.25836 2
      vertex 53.7175 7.25836 7
    endloop
  endfacet
  facet normal 0.92388 0.382682 0
    outer loop
      vertex 53.7175 7.25836 2
      vertex 53.8616 6.91042 7
      vertex 53.8616 6.91042 2
    endloop
  endfacet
  facet normal -0.649445 0.760408 0
    outer loop
      vertex 57.6971 6.30294 2
      vertex 57.4107 6.05836 7
      vertex 57.6971 6.30294 7
    endloop
  endfacet
  facet normal -0.649445 0.760408 0
    outer loop
      vertex 57.4107 6.05836 7
      vertex 57.6971 6.30294 2
      vertex 57.4107 6.05836 2
    endloop
  endfacet
  facet normal -0.0784584 0.996917 0
    outer loop
      vertex 56.3754 5.62955 2
      vertex 56 5.6 7
      vertex 56.3754 5.62955 7
    endloop
  endfacet
  facet normal -0.0784584 0.996917 0
    outer loop
      vertex 56 5.6 7
      vertex 56.3754 5.62955 2
      vertex 56 5.6 2
    endloop
  endfacet
  facet normal 0.760402 0.649452 0
    outer loop
      vertex 54.3029 6.30294 7
      vertex 54.0584 6.58931 2
      vertex 54.0584 6.58931 7
    endloop
  endfacet
  facet normal 0.760402 0.649452 0
    outer loop
      vertex 54.0584 6.58931 2
      vertex 54.3029 6.30294 7
      vertex 54.3029 6.30294 2
    endloop
  endfacet
  facet normal -1 0 0
    outer loop
      vertex 0 0 0
      vertex 0 16 7
      vertex 0 16 0
    endloop
  endfacet
  facet normal -1 -0 0
    outer loop
      vertex 0 16 7
      vertex 0 0 0
      vertex 0 0 7
    endloop
  endfacet
  facet normal 0 0 1
    outer loop
      vertex 65 16 7
      vertex 58.4 8 7
      vertex 65 0 7
    endloop
  endfacet
  facet normal 0 0 1
    outer loop
      vertex 65 16 7
      vertex 58.3705 8.37544 7
      vertex 58.4 8 7
    endloop
  endfacet
  facet normal 0 0 1
    outer loop
      vertex 65 16 7
      vertex 58.2825 8.74164 7
      vertex 58.3705 8.37544 7
    endloop
  endfacet
  facet normal 0 0 1
    outer loop
      vertex 65 16 7
      vertex 58.1384 9.08958 7
      vertex 58.2825 8.74164 7
    endloop
  endfacet
  facet normal 0 0 1
    outer loop
      vertex 65 16 7
      vertex 57.9416 9.41068 7
      vertex 58.1384 9.08958 7
    endloop
  endfacet
  facet normal 0 0 1
    outer loop
      vertex 65 16 7
      vertex 57.6971 9.69706 7
      vertex 57.9416 9.41068 7
    endloop
  endfacet
  facet normal 0 0 1
    outer loop
      vertex 65 16 7
      vertex 57.4107 9.94164 7
      vertex 57.6971 9.69706 7
    endloop
  endfacet
  facet normal 0 0 1
    outer loop
      vertex 65 16 7
      vertex 57.0896 10.1384 7
      vertex 57.4107 9.94164 7
    endloop
  endfacet
  facet normal 0 0 1
    outer loop
      vertex 65 16 7
      vertex 56.7416 10.2825 7
      vertex 57.0896 10.1384 7
    endloop
  endfacet
  facet normal 0 0 1
    outer loop
      vertex 65 16 7
      vertex 56.3754 10.3705 7
      vertex 56.7416 10.2825 7
    endloop
  endfacet
  facet normal 0 0 1
    outer loop
      vertex 65 16 7
      vertex 56 10.4 7
      vertex 56.3754 10.3705 7
    endloop
  endfacet
  facet normal 0 0 1
    outer loop
      vertex 65 16 7
      vertex 55.6246 10.3705 7
      vertex 56 10.4 7
    endloop
  endfacet
  facet normal 0 0 1
    outer loop
      vertex 65 16 7
      vertex 55.2584 10.2825 7
      vertex 55.6246 10.3705 7
    endloop
  endfacet
  facet normal 0 0 1
    outer loop
      vertex 44.7262 10.235 7
      vertex 55.2584 10.2825 7
      vertex 65 16 7
    endloop
  endfacet
  facet normal 0 0 1
    outer loop
      vertex 53.6295 8.37544 7
      vertex 46.35 8 7
      vertex 53.6 8 7
    endloop
  endfacet
  facet normal 0 0 1
    outer loop
      vertex 46.3211 8.36762 7
      vertex 53.6295 8.37544 7
      vertex 53.7175 8.74164 7
    endloop
  endfacet
  facet normal 0 0 1
    outer loop
      vertex 46.235 8.72619 7
      vertex 53.7175 8.74164 7
      vertex 53.8616 9.08958 7
    endloop
  endfacet
  facet normal 0 0 1
    outer loop
      vertex 46.0939 9.06688 7
      vertex 53.8616 9.08958 7
      vertex 54.0584 9.41068 7
    endloop
  endfacet
  facet normal 0 0 1
    outer loop
      vertex 45.9012 9.3813 7
      vertex 54.0584 9.41068 7
      vertex 54.3029 9.69706 7
    endloop
  endfacet
  facet normal 0 0 1
    outer loop
      vertex 45.6617 9.6617 7
      vertex 54.3029 9.69706 7
      vertex 54.5893 9.94164 7
    endloop
  endfacet
  facet normal 0 0 1
    outer loop
      vertex 45.3813 9.90119 7
      vertex 54.5893 9.94164 7
      vertex 54.9104 10.1384 7
    endloop
  endfacet
  facet normal 0 0 1
    outer loop
      vertex 55.2584 10.2825 7
      vertex 44.7262 10.235 7
      vertex 54.9104 10.1384 7
    endloop
  endfacet
  facet normal 0 0 1
    outer loop
      vertex 53.6295 8.37544 7
      vertex 46.3211 8.36762 7
      vertex 46.35 8 7
    endloop
  endfacet
  facet normal 0 0 1
    outer loop
      vertex 53.7175 8.74164 7
      vertex 46.235 8.72619 7
      vertex 46.3211 8.36762 7
    endloop
  endfacet
  facet normal 0 0 1
    outer loop
      vertex 53.8616 9.08958 7
      vertex 46.0939 9.06688 7
      vertex 46.235 8.72619 7
    endloop
  endfacet
  facet normal 0 0 1
    outer loop
      vertex 54.0584 9.41068 7
      vertex 45.9012 9.3813 7
      vertex 46.0939 9.06688 7
    endloop
  endfacet
  facet normal 0 0 1
    outer loop
      vertex 54.3029 9.69706 7
      vertex 45.6617 9.6617 7
      vertex 45.9012 9.3813 7
    endloop
  endfacet
  facet normal 0 0 1
    outer loop
      vertex 54.5893 9.94164 7
      vertex 45.3813 9.90119 7
      vertex 45.6617 9.6617 7
    endloop
  endfacet
  facet normal 0 0 1
    outer loop
      vertex 54.9104 10.1384 7
      vertex 45.0669 10.0939 7
      vertex 45.3813 9.90119 7
    endloop
  endfacet
  facet normal 0 0 1
    outer loop
      vertex 54.9104 10.1384 7
      vertex 44.7262 10.235 7
      vertex 45.0669 10.0939 7
    endloop
  endfacet
  facet normal 0 0 1
    outer loop
      vertex 65 16 7
      vertex 44.3676 10.3211 7
      vertex 44.7262 10.235 7
    endloop
  endfacet
  facet normal 0 0 1
    outer loop
      vertex 65 16 7
      vertex 44 10.35 7
      vertex 44.3676 10.3211 7
    endloop
  endfacet
  facet normal 0 0 1
    outer loop
      vertex 65 16 7
      vertex 43.6324 10.3211 7
      vertex 44 10.35 7
    endloop
  endfacet
  facet normal 0 0 1
    outer loop
      vertex 32.3598 10.2717 7
      vertex 43.6324 10.3211 7
      vertex 65 16 7
    endloop
  endfacet
  facet normal 0 0 1
    outer loop
      vertex 41.6789 8.36762 7
      vertex 34.3 8 7
      vertex 41.65 8 7
    endloop
  endfacet
  facet normal 0 0 1
    outer loop
      vertex 34.2717 8.3598 7
      vertex 41.6789 8.36762 7
      vertex 41.765 8.72619 7
    endloop
  endfacet
  facet normal 0 0 1
    outer loop
      vertex 34.1874 8.71074 7
      vertex 41.765 8.72619 7
      vertex 41.9061 9.06688 7
    endloop
  endfacet
  facet normal 0 0 1
    outer loop
      vertex 34.0493 9.04418 7
      vertex 41.9061 9.06688 7
      vertex 42.0988 9.3813 7
    endloop
  endfacet
  facet normal 0 0 1
    outer loop
      vertex 33.8607 9.35191 7
      vertex 42.0988 9.3813 7
      vertex 42.3383 9.6617 7
    endloop
  endfacet
  facet normal 0 0 1
    outer loop
      vertex 33.6263 9.62634 7
      vertex 42.3383 9.6617 7
      vertex 42.6187 9.90119 7
    endloop
  endfacet
  facet normal 0 0 1
    outer loop
      vertex 33.3519 9.86074 7
      vertex 42.6187 9.90119 7
      vertex 42.9331 10.0939 7
    endloop
  endfacet
  facet normal 0 0 1
    outer loop
      vertex 33.0442 10.0493 7
      vertex 42.9331 10.0939 7
      vertex 43.2738 10.235 7
    endloop
  endfacet
  facet normal 0 0 1
    outer loop
      vertex 43.6324 10.3211 7
      vertex 32.3598 10.2717 7
      vertex 43.2738 10.235 7
    endloop
  endfacet
  facet normal 0 0 1
    outer loop
      vertex 41.6789 8.36762 7
      vertex 34.2717 8.3598 7
      vertex 34.3 8 7
    endloop
  endfacet
  facet normal 0 0 1
    outer loop
      vertex 41.765 8.72619 7
      vertex 34.1874 8.71074 7
      vertex 34.2717 8.3598 7
    endloop
  endfacet
  facet normal 0 0 1
    outer loop
      vertex 41.9061 9.06688 7
      vertex 34.0493 9.04418 7
      vertex 34.1874 8.71074 7
    endloop
  endfacet
  facet normal 0 0 1
    outer loop
      vertex 42.0988 9.3813 7
      vertex 33.8607 9.35191 7
      vertex 34.0493 9.04418 7
    endloop
  endfacet
  facet normal 0 0 1
    outer loop
      vertex 42.3383 9.6617 7
      vertex 33.6263 9.62634 7
      vertex 33.8607 9.35191 7
    endloop
  endfacet
  facet normal 0 0 1
    outer loop
      vertex 42.6187 9.90119 7
      vertex 33.3519 9.86074 7
      vertex 33.6263 9.62634 7
    endloop
  endfacet
  facet normal 0 0 1
    outer loop
      vertex 42.9331 10.0939 7
      vertex 33.0442 10.0493 7
      vertex 33.3519 9.86074 7
    endloop
  endfacet
  facet normal 0 0 1
    outer loop
      vertex 43.2738 10.235 7
      vertex 32.7107 10.1874 7
      vertex 33.0442 10.0493 7
    endloop
  endfacet
  facet normal 0 0 1
    outer loop
      vertex 43.2738 10.235 7
      vertex 32.3598 10.2717 7
      vertex 32.7107 10.1874 7
    endloop
  endfacet
  facet normal 0 0 1
    outer loop
      vertex 65 16 7
      vertex 32 10.3 7
      vertex 32.3598 10.2717 7
    endloop
  endfacet
  facet normal -0 0 1
    outer loop
      vertex 0 16 7
      vertex 32 10.3 7
      vertex 65 16 7
    endloop
  endfacet
  facet normal 0 0 1
    outer loop
      vertex 29.7283 8.3598 7
      vertex 22.25 8 7
      vertex 29.7 8 7
    endloop
  endfacet
  facet normal 0 0 1
    outer loop
      vertex 22.2223 8.35198 7
      vertex 29.7283 8.3598 7
      vertex 29.8126 8.71074 7
    endloop
  endfacet
  facet normal 0 0 1
    outer loop
      vertex 22.1399 8.69529 7
      vertex 29.8126 8.71074 7
      vertex 29.9507 9.04418 7
    endloop
  endfacet
  facet normal 0 0 1
    outer loop
      vertex 22.0048 9.02148 7
      vertex 29.9507 9.04418 7
      vertex 30.1393 9.35191 7
    endloop
  endfacet
  facet normal 0 0 1
    outer loop
      vertex 21.8203 9.32252 7
      vertex 30.1393 9.35191 7
      vertex 30.3737 9.62634 7
    endloop
  endfacet
  facet normal 0 0 1
    outer loop
      vertex 21.591 9.59099 7
      vertex 30.3737 9.62634 7
      vertex 30.6481 9.86074 7
    endloop
  endfacet
  facet normal 0 0 1
    outer loop
      vertex 21.3225 9.82029 7
      vertex 30.6481 9.86074 7
      vertex 30.9558 10.0493 7
    endloop
  endfacet
  facet normal 0 0 1
    outer loop
      vertex 21.0215 10.0048 7
      vertex 30.9558 10.0493 7
      vertex 31.2893 10.1874 7
    endloop
  endfacet
  facet normal 0 0 1
    outer loop
      vertex 29.7283 8.3598 7
      vertex 22.2223 8.35198 7
      vertex 22.25 8 7
    endloop
  endfacet
  facet normal 0 0 1
    outer loop
      vertex 20.6953 10.1399 7
      vertex 31.2893 10.1874 7
      vertex 31.6402 10.2717 7
    endloop
  endfacet
  facet normal 0 0 1
    outer loop
      vertex 29.8126 8.71074 7
      vertex 22.1399 8.69529 7
      vertex 22.2223 8.35198 7
    endloop
  endfacet
  facet normal 0 0 1
    outer loop
      vertex 32 10.3 7
      vertex 0 16 7
      vertex 31.6402 10.2717 7
    endloop
  endfacet
  facet normal 0 0 1
    outer loop
      vertex 29.9507 9.04418 7
      vertex 22.0048 9.02148 7
      vertex 22.1399 8.69529 7
    endloop
  endfacet
  facet normal 0 0 1
    outer loop
      vertex 30.1393 9.35191 7
      vertex 21.8203 9.32252 7
      vertex 22.0048 9.02148 7
    endloop
  endfacet
  facet normal 0 0 1
    outer loop
      vertex 30.3737 9.62634 7
      vertex 21.591 9.59099 7
      vertex 21.8203 9.32252 7
    endloop
  endfacet
  facet normal 0 0 1
    outer loop
      vertex 30.6481 9.86074 7
      vertex 21.3225 9.82029 7
      vertex 21.591 9.59099 7
    endloop
  endfacet
  facet normal 0 0 1
    outer loop
      vertex 30.9558 10.0493 7
      vertex 21.0215 10.0048 7
      vertex 21.3225 9.82029 7
    endloop
  endfacet
  facet normal 0 0 1
    outer loop
      vertex 31.2893 10.1874 7
      vertex 20.6953 10.1399 7
      vertex 21.0215 10.0048 7
    endloop
  endfacet
  facet normal 0 0 1
    outer loop
      vertex 31.6402 10.2717 7
      vertex 20.352 10.2223 7
      vertex 20.6953 10.1399 7
    endloop
  endfacet
  facet normal 0 0 1
    outer loop
      vertex 31.6402 10.2717 7
      vertex 0 16 7
      vertex 20.352 10.2223 7
    endloop
  endfacet
  facet normal 0 0 1
    outer loop
      vertex 20.352 10.2223 7
      vertex 0 16 7
      vertex 20 10.25 7
    endloop
  endfacet
  facet normal 0 0 1
    outer loop
      vertex 17.7777 8.35198 7
      vertex 10.2 8 7
      vertex 17.75 8 7
    endloop
  endfacet
  facet normal 0 0 1
    outer loop
      vertex 10.1729 8.34416 7
      vertex 17.7777 8.35198 7
      vertex 17.8601 8.69529 7
    endloop
  endfacet
  facet normal 0 0 1
    outer loop
      vertex 10.0923 8.67984 7
      vertex 17.8601 8.69529 7
      vertex 17.9952 9.02148 7
    endloop
  endfacet
  facet normal 0 0 1
    outer loop
      vertex 9.96021 8.99878 7
      vertex 17.9952 9.02148 7
      vertex 18.1797 9.32252 7
    endloop
  endfacet
  facet normal 0 0 1
    outer loop
      vertex 9.77984 9.29313 7
      vertex 18.1797 9.32252 7
      vertex 18.409 9.59099 7
    endloop
  endfacet
  facet normal 0 0 1
    outer loop
      vertex 9.55563 9.55563 7
      vertex 18.409 9.59099 7
      vertex 18.6775 9.82029 7
    endloop
  endfacet
  facet normal 0 0 1
    outer loop
      vertex 9.29313 9.77984 7
      vertex 18.6775 9.82029 7
      vertex 18.9785 10.0048 7
    endloop
  endfacet
  facet normal 0 0 1
    outer loop
      vertex 8.99878 9.96021 7
      vertex 18.9785 10.0048 7
      vertex 19.3047 10.1399 7
    endloop
  endfacet
  facet normal 0 0 1
    outer loop
      vertex 0 16 7
      vertex 19.3047 10.1399 7
      vertex 19.648 10.2223 7
    endloop
  endfacet
  facet normal 0 0 1
    outer loop
      vertex 17.7777 8.35198 7
      vertex 10.1729 8.34416 7
      vertex 10.2 8 7
    endloop
  endfacet
  facet normal 0 0 1
    outer loop
      vertex 17.8601 8.69529 7
      vertex 10.0923 8.67984 7
      vertex 10.1729 8.34416 7
    endloop
  endfacet
  facet normal 0 0 1
    outer loop
      vertex 17.9952 9.02148 7
      vertex 9.96021 8.99878 7
      vertex 10.0923 8.67984 7
    endloop
  endfacet
  facet normal 0 0 1
    outer loop
      vertex 20 10.25 7
      vertex 0 16 7
      vertex 19.648 10.2223 7
    endloop
  endfacet
  facet normal 0 0 1
    outer loop
      vertex 18.1797 9.32252 7
      vertex 9.77984 9.29313 7
      vertex 9.96021 8.99878 7
    endloop
  endfacet
  facet normal 0 0 1
    outer loop
      vertex 18.409 9.59099 7
      vertex 9.55563 9.55563 7
      vertex 9.77984 9.29313 7
    endloop
  endfacet
  facet normal 0 0 1
    outer loop
      vertex 18.6775 9.82029 7
      vertex 9.29313 9.77984 7
      vertex 9.55563 9.55563 7
    endloop
  endfacet
  facet normal 0 0 1
    outer loop
      vertex 18.9785 10.0048 7
      vertex 8.99878 9.96021 7
      vertex 9.29313 9.77984 7
    endloop
  endfacet
  facet normal 0 0 1
    outer loop
      vertex 19.3047 10.1399 7
      vertex 0 16 7
      vertex 8.67984 10.0923 7
    endloop
  endfacet
  facet normal 0 0 1
    outer loop
      vertex 19.3047 10.1399 7
      vertex 8.67984 10.0923 7
      vertex 8.99878 9.96021 7
    endloop
  endfacet
  facet normal 0 0 1
    outer loop
      vertex 8.67984 10.0923 7
      vertex 0 16 7
      vertex 8.34416 10.1729 7
    endloop
  endfacet
  facet normal 0 0 1
    outer loop
      vertex 8.34416 10.1729 7
      vertex 0 16 7
      vertex 8 10.2 7
    endloop
  endfacet
  facet normal 0 0 1
    outer loop
      vertex 5.82709 8.34416 7
      vertex 0 16 7
      vertex 5.8 8 7
    endloop
  endfacet
  facet normal 0 0 1
    outer loop
      vertex 5.90767 8.67984 7
      vertex 0 16 7
      vertex 5.82709 8.34416 7
    endloop
  endfacet
  facet normal 0 0 1
    outer loop
      vertex 6.03979 8.99878 7
      vertex 0 16 7
      vertex 5.90767 8.67984 7
    endloop
  endfacet
  facet normal 0 0 1
    outer loop
      vertex 6.22016 9.29313 7
      vertex 0 16 7
      vertex 6.03979 8.99878 7
    endloop
  endfacet
  facet normal 0 0 1
    outer loop
      vertex 6.44436 9.55563 7
      vertex 0 16 7
      vertex 6.22016 9.29313 7
    endloop
  endfacet
  facet normal 0 0 1
    outer loop
      vertex 6.70687 9.77984 7
      vertex 0 16 7
      vertex 6.44436 9.55563 7
    endloop
  endfacet
  facet normal 0 0 1
    outer loop
      vertex 7.00122 9.96021 7
      vertex 0 16 7
      vertex 6.70687 9.77984 7
    endloop
  endfacet
  facet normal 0 0 1
    outer loop
      vertex 7.32016 10.0923 7
      vertex 0 16 7
      vertex 7.00122 9.96021 7
    endloop
  endfacet
  facet normal 0 0 1
    outer loop
      vertex 7.65584 10.1729 7
      vertex 0 16 7
      vertex 7.32016 10.0923 7
    endloop
  endfacet
  facet normal 0 0 1
    outer loop
      vertex 8 10.2 7
      vertex 0 16 7
      vertex 7.65584 10.1729 7
    endloop
  endfacet
  facet normal -0 0 1
    outer loop
      vertex 58.3705 7.62456 7
      vertex 65 0 7
      vertex 58.4 8 7
    endloop
  endfacet
  facet normal -0 0 1
    outer loop
      vertex 58.2825 7.25836 7
      vertex 65 0 7
      vertex 58.3705 7.62456 7
    endloop
  endfacet
  facet normal -0 0 1
    outer loop
      vertex 58.1384 6.91042 7
      vertex 65 0 7
      vertex 58.2825 7.25836 7
    endloop
  endfacet
  facet normal -0 0 1
    outer loop
      vertex 57.9416 6.58931 7
      vertex 65 0 7
      vertex 58.1384 6.91042 7
    endloop
  endfacet
  facet normal -0 0 1
    outer loop
      vertex 57.6971 6.30294 7
      vertex 65 0 7
      vertex 57.9416 6.58931 7
    endloop
  endfacet
  facet normal -0 0 1
    outer loop
      vertex 57.4107 6.05836 7
      vertex 65 0 7
      vertex 57.6971 6.30294 7
    endloop
  endfacet
  facet normal -0 0 1
    outer loop
      vertex 57.0896 5.86158 7
      vertex 65 0 7
      vertex 57.4107 6.05836 7
    endloop
  endfacet
  facet normal -0 0 1
    outer loop
      vertex 56.7416 5.71746 7
      vertex 65 0 7
      vertex 57.0896 5.86158 7
    endloop
  endfacet
  facet normal -0 0 1
    outer loop
      vertex 56.3754 5.62955 7
      vertex 65 0 7
      vertex 56.7416 5.71746 7
    endloop
  endfacet
  facet normal -0 0 1
    outer loop
      vertex 56 5.6 7
      vertex 65 0 7
      vertex 56.3754 5.62955 7
    endloop
  endfacet
  facet normal 0 0 1
    outer loop
      vertex 55.6246 5.62955 7
      vertex 65 0 7
      vertex 56 5.6 7
    endloop
  endfacet
  facet normal 0 0 1
    outer loop
      vertex 55.2584 5.71746 7
      vertex 65 0 7
      vertex 55.6246 5.62955 7
    endloop
  endfacet
  facet normal -0 0 1
    outer loop
      vertex 44.7262 5.76502 7
      vertex 55.2584 5.71746 7
      vertex 54.9104 5.86158 7
    endloop
  endfacet
  facet normal -0 0 1
    outer loop
      vertex 46.35 8 7
      vertex 53.6295 7.62456 7
      vertex 53.6 8 7
    endloop
  endfacet
  facet normal -0 0 1
    outer loop
      vertex 46.3211 7.63238 7
      vertex 53.6295 7.62456 7
      vertex 46.35 8 7
    endloop
  endfacet
  facet normal 0 0 1
    outer loop
      vertex 53.6295 7.62456 7
      vertex 46.3211 7.63238 7
      vertex 53.7175 7.25836 7
    endloop
  endfacet
  facet normal -0 0 1
    outer loop
      vertex 46.235 7.27381 7
      vertex 53.7175 7.25836 7
      vertex 46.3211 7.63238 7
    endloop
  endfacet
  facet normal 0 0 1
    outer loop
      vertex 53.7175 7.25836 7
      vertex 46.235 7.27381 7
      vertex 53.8616 6.91042 7
    endloop
  endfacet
  facet normal -0 0 1
    outer loop
      vertex 46.0939 6.93312 7
      vertex 53.8616 6.91042 7
      vertex 46.235 7.27381 7
    endloop
  endfacet
  facet normal 0 0 1
    outer loop
      vertex 53.8616 6.91042 7
      vertex 46.0939 6.93312 7
      vertex 54.0584 6.58931 7
    endloop
  endfacet
  facet normal -0 0 1
    outer loop
      vertex 45.9012 6.6187 7
      vertex 54.0584 6.58931 7
      vertex 46.0939 6.93312 7
    endloop
  endfacet
  facet normal 0 0 1
    outer loop
      vertex 54.0584 6.58931 7
      vertex 45.9012 6.6187 7
      vertex 54.3029 6.30294 7
    endloop
  endfacet
  facet normal -0 0 1
    outer loop
      vertex 45.6617 6.3383 7
      vertex 54.3029 6.30294 7
      vertex 45.9012 6.6187 7
    endloop
  endfacet
  facet normal 0 0 1
    outer loop
      vertex 54.3029 6.30294 7
      vertex 45.6617 6.3383 7
      vertex 54.5893 6.05836 7
    endloop
  endfacet
  facet normal -0 0 1
    outer loop
      vertex 45.3813 6.09881 7
      vertex 54.5893 6.05836 7
      vertex 45.6617 6.3383 7
    endloop
  endfacet
  facet normal 0 0 1
    outer loop
      vertex 54.5893 6.05836 7
      vertex 45.3813 6.09881 7
      vertex 54.9104 5.86158 7
    endloop
  endfacet
  facet normal -0 0 1
    outer loop
      vertex 45.0669 5.90613 7
      vertex 54.9104 5.86158 7
      vertex 45.3813 6.09881 7
    endloop
  endfacet
  facet normal 0 0 1
    outer loop
      vertex 44.7262 5.76502 7
      vertex 54.9104 5.86158 7
      vertex 45.0669 5.90613 7
    endloop
  endfacet
  facet normal 0 0 1
    outer loop
      vertex 55.2584 5.71746 7
      vertex 44.7262 5.76502 7
      vertex 65 0 7
    endloop
  endfacet
  facet normal -0 0 1
    outer loop
      vertex 44.3676 5.67893 7
      vertex 65 0 7
      vertex 44.7262 5.76502 7
    endloop
  endfacet
  facet normal -0 0 1
    outer loop
      vertex 44 5.65 7
      vertex 65 0 7
      vertex 44.3676 5.67893 7
    endloop
  endfacet
  facet normal 0 0 1
    outer loop
      vertex 43.6324 5.67893 7
      vertex 65 0 7
      vertex 44 5.65 7
    endloop
  endfacet
  facet normal -0 0 1
    outer loop
      vertex 32.3598 5.72832 7
      vertex 43.6324 5.67893 7
      vertex 43.2738 5.76502 7
    endloop
  endfacet
  facet normal -0 0 1
    outer loop
      vertex 34.3 8 7
      vertex 41.6789 7.63238 7
      vertex 41.65 8 7
    endloop
  endfacet
  facet normal -0 0 1
    outer loop
      vertex 34.2717 7.6402 7
      vertex 41.6789 7.63238 7
      vertex 34.3 8 7
    endloop
  endfacet
  facet normal 0 0 1
    outer loop
      vertex 41.6789 7.63238 7
      vertex 34.2717 7.6402 7
      vertex 41.765 7.27381 7
    endloop
  endfacet
  facet normal -0 0 1
    outer loop
      vertex 34.1874 7.28926 7
      vertex 41.765 7.27381 7
      vertex 34.2717 7.6402 7
    endloop
  endfacet
  facet normal 0 0 1
    outer loop
      vertex 41.765 7.27381 7
      vertex 34.1874 7.28926 7
      vertex 41.9061 6.93312 7
    endloop
  endfacet
  facet normal -0 0 1
    outer loop
      vertex 34.0493 6.95582 7
      vertex 41.9061 6.93312 7
      vertex 34.1874 7.28926 7
    endloop
  endfacet
  facet normal 0 0 1
    outer loop
      vertex 41.9061 6.93312 7
      vertex 34.0493 6.95582 7
      vertex 42.0988 6.6187 7
    endloop
  endfacet
  facet normal -0 0 1
    outer loop
      vertex 33.8607 6.64809 7
      vertex 42.0988 6.6187 7
      vertex 34.0493 6.95582 7
    endloop
  endfacet
  facet normal 0 0 1
    outer loop
      vertex 42.0988 6.6187 7
      vertex 33.8607 6.64809 7
      vertex 42.3383 6.3383 7
    endloop
  endfacet
  facet normal -0 0 1
    outer loop
      vertex 33.6263 6.37365 7
      vertex 42.3383 6.3383 7
      vertex 33.8607 6.64809 7
    endloop
  endfacet
  facet normal 0 0 1
    outer loop
      vertex 42.3383 6.3383 7
      vertex 33.6263 6.37365 7
      vertex 42.6187 6.09881 7
    endloop
  endfacet
  facet normal -0 0 1
    outer loop
      vertex 33.3519 6.13926 7
      vertex 42.6187 6.09881 7
      vertex 33.6263 6.37365 7
    endloop
  endfacet
  facet normal 0 0 1
    outer loop
      vertex 42.6187 6.09881 7
      vertex 33.3519 6.13926 7
      vertex 42.9331 5.90613 7
    endloop
  endfacet
  facet normal -0 0 1
    outer loop
      vertex 33.0442 5.95068 7
      vertex 42.9331 5.90613 7
      vertex 33.3519 6.13926 7
    endloop
  endfacet
  facet normal 0 0 1
    outer loop
      vertex 42.9331 5.90613 7
      vertex 33.0442 5.95068 7
      vertex 43.2738 5.76502 7
    endloop
  endfacet
  facet normal -0 0 1
    outer loop
      vertex 32.7107 5.81257 7
      vertex 43.2738 5.76502 7
      vertex 33.0442 5.95068 7
    endloop
  endfacet
  facet normal 0 0 1
    outer loop
      vertex 32.3598 5.72832 7
      vertex 43.2738 5.76502 7
      vertex 32.7107 5.81257 7
    endloop
  endfacet
  facet normal 0 0 1
    outer loop
      vertex 43.6324 5.67893 7
      vertex 32.3598 5.72832 7
      vertex 65 0 7
    endloop
  endfacet
  facet normal -0 0 1
    outer loop
      vertex 32 5.7 7
      vertex 65 0 7
      vertex 32.3598 5.72832 7
    endloop
  endfacet
  facet normal 0 0 1
    outer loop
      vertex 0 0 7
      vertex 32 5.7 7
      vertex 31.6402 5.72832 7
    endloop
  endfacet
  facet normal -0 0 1
    outer loop
      vertex 22.25 8 7
      vertex 29.7283 7.6402 7
      vertex 29.7 8 7
    endloop
  endfacet
  facet normal -0 0 1
    outer loop
      vertex 22.2223 7.64802 7
      vertex 29.7283 7.6402 7
      vertex 22.25 8 7
    endloop
  endfacet
  facet normal 0 0 1
    outer loop
      vertex 29.7283 7.6402 7
      vertex 22.2223 7.64802 7
      vertex 29.8126 7.28926 7
    endloop
  endfacet
  facet normal -0 0 1
    outer loop
      vertex 22.1399 7.30471 7
      vertex 29.8126 7.28926 7
      vertex 22.2223 7.64802 7
    endloop
  endfacet
  facet normal 0 0 1
    outer loop
      vertex 29.8126 7.28926 7
      vertex 22.1399 7.30471 7
      vertex 29.9507 6.95582 7
    endloop
  endfacet
  facet normal -0 0 1
    outer loop
      vertex 22.0048 6.97852 7
      vertex 29.9507 6.95582 7
      vertex 22.1399 7.30471 7
    endloop
  endfacet
  facet normal 0 0 1
    outer loop
      vertex 29.9507 6.95582 7
      vertex 22.0048 6.97852 7
      vertex 30.1393 6.64809 7
    endloop
  endfacet
  facet normal -0 0 1
    outer loop
      vertex 21.8203 6.67748 7
      vertex 30.1393 6.64809 7
      vertex 22.0048 6.97852 7
    endloop
  endfacet
  facet normal 0 0 1
    outer loop
      vertex 30.1393 6.64809 7
      vertex 21.8203 6.67748 7
      vertex 30.3737 6.37365 7
    endloop
  endfacet
  facet normal -0 0 1
    outer loop
      vertex 21.591 6.40901 7
      vertex 30.3737 6.37365 7
      vertex 21.8203 6.67748 7
    endloop
  endfacet
  facet normal 0 0 1
    outer loop
      vertex 30.3737 6.37365 7
      vertex 21.591 6.40901 7
      vertex 30.6481 6.13926 7
    endloop
  endfacet
  facet normal -0 0 1
    outer loop
      vertex 21.3225 6.17971 7
      vertex 30.6481 6.13926 7
      vertex 21.591 6.40901 7
    endloop
  endfacet
  facet normal 0 0 1
    outer loop
      vertex 30.6481 6.13926 7
      vertex 21.3225 6.17971 7
      vertex 30.9558 5.95068 7
    endloop
  endfacet
  facet normal -0 0 1
    outer loop
      vertex 21.0215 5.99523 7
      vertex 30.9558 5.95068 7
      vertex 21.3225 6.17971 7
    endloop
  endfacet
  facet normal 0 0 1
    outer loop
      vertex 30.9558 5.95068 7
      vertex 21.0215 5.99523 7
      vertex 31.2893 5.81257 7
    endloop
  endfacet
  facet normal -0 0 1
    outer loop
      vertex 20.6953 5.86012 7
      vertex 31.2893 5.81257 7
      vertex 21.0215 5.99523 7
    endloop
  endfacet
  facet normal 0 0 1
    outer loop
      vertex 31.2893 5.81257 7
      vertex 20.6953 5.86012 7
      vertex 31.6402 5.72832 7
    endloop
  endfacet
  facet normal -0 0 1
    outer loop
      vertex 20.352 5.7777 7
      vertex 31.6402 5.72832 7
      vertex 20.6953 5.86012 7
    endloop
  endfacet
  facet normal 0 0 1
    outer loop
      vertex 0 0 7
      vertex 31.6402 5.72832 7
      vertex 20.352 5.7777 7
    endloop
  endfacet
  facet normal 0 0 1
    outer loop
      vertex 0 0 7
      vertex 20.352 5.7777 7
      vertex 20 5.75 7
    endloop
  endfacet
  facet normal 0 0 1
    outer loop
      vertex 0 0 7
      vertex 20 5.75 7
      vertex 19.648 5.7777 7
    endloop
  endfacet
  facet normal -0 0 1
    outer loop
      vertex 10.2 8 7
      vertex 17.7777 7.64802 7
      vertex 17.75 8 7
    endloop
  endfacet
  facet normal -0 0 1
    outer loop
      vertex 10.1729 7.65584 7
      vertex 17.7777 7.64802 7
      vertex 10.2 8 7
    endloop
  endfacet
  facet normal 0 0 1
    outer loop
      vertex 17.7777 7.64802 7
      vertex 10.1729 7.65584 7
      vertex 17.8601 7.30471 7
    endloop
  endfacet
  facet normal -0 0 1
    outer loop
      vertex 10.0923 7.32016 7
      vertex 17.8601 7.30471 7
      vertex 10.1729 7.65584 7
    endloop
  endfacet
  facet normal 0 0 1
    outer loop
      vertex 17.8601 7.30471 7
      vertex 10.0923 7.32016 7
      vertex 17.9952 6.97852 7
    endloop
  endfacet
  facet normal -0 0 1
    outer loop
      vertex 9.96021 7.00122 7
      vertex 17.9952 6.97852 7
      vertex 10.0923 7.32016 7
    endloop
  endfacet
  facet normal 0 0 1
    outer loop
      vertex 17.9952 6.97852 7
      vertex 9.96021 7.00122 7
      vertex 18.1797 6.67748 7
    endloop
  endfacet
  facet normal -0 0 1
    outer loop
      vertex 9.77984 6.70687 7
      vertex 18.1797 6.67748 7
      vertex 9.96021 7.00122 7
    endloop
  endfacet
  facet normal 0 0 1
    outer loop
      vertex 18.1797 6.67748 7
      vertex 9.77984 6.70687 7
      vertex 18.409 6.40901 7
    endloop
  endfacet
  facet normal -0 0 1
    outer loop
      vertex 9.55563 6.44436 7
      vertex 18.409 6.40901 7
      vertex 9.77984 6.70687 7
    endloop
  endfacet
  facet normal 0 0 1
    outer loop
      vertex 18.409 6.40901 7
      vertex 9.55563 6.44436 7
      vertex 18.6775 6.17971 7
    endloop
  endfacet
  facet normal -0 0 1
    outer loop
      vertex 9.29313 6.22016 7
      vertex 18.6775 6.17971 7
      vertex 9.55563 6.44436 7
    endloop
  endfacet
  facet normal 0 0 1
    outer loop
      vertex 18.6775 6.17971 7
      vertex 9.29313 6.22016 7
      vertex 18.9785 5.99523 7
    endloop
  endfacet
  facet normal -0 0 1
    outer loop
      vertex 8.99878 6.03979 7
      vertex 18.9785 5.99523 7
      vertex 9.29313 6.22016 7
    endloop
  endfacet
  facet normal 0 0 1
    outer loop
      vertex 18.9785 5.99523 7
      vertex 8.99878 6.03979 7
      vertex 19.3047 5.86012 7
    endloop
  endfacet
  facet normal -0 0 1
    outer loop
      vertex 8.67984 5.90767 7
      vertex 19.3047 5.86012 7
      vertex 8.99878 6.03979 7
    endloop
  endfacet
  facet normal 0 0 1
    outer loop
      vertex 0 0 7
      vertex 19.3047 5.86012 7
      vertex 8.67984 5.90767 7
    endloop
  endfacet
  facet normal 0 0 1
    outer loop
      vertex 19.3047 5.86012 7
      vertex 0 0 7
      vertex 19.648 5.7777 7
    endloop
  endfacet
  facet normal 0 0 1
    outer loop
      vertex 0 0 7
      vertex 8.67984 5.90767 7
      vertex 8.34416 5.82709 7
    endloop
  endfacet
  facet normal 0 0 1
    outer loop
      vertex 0 0 7
      vertex 8.34416 5.82709 7
      vertex 8 5.8 7
    endloop
  endfacet
  facet normal 0 0 1
    outer loop
      vertex 0 0 7
      vertex 8 5.8 7
      vertex 7.65584 5.82709 7
    endloop
  endfacet
  facet normal 0 0 1
    outer loop
      vertex 0 0 7
      vertex 5.8 8 7
      vertex 0 16 7
    endloop
  endfacet
  facet normal 0 0 1
    outer loop
      vertex 5.8 8 7
      vertex 0 0 7
      vertex 5.82709 7.65584 7
    endloop
  endfacet
  facet normal 0 0 1
    outer loop
      vertex 5.82709 7.65584 7
      vertex 0 0 7
      vertex 5.90767 7.32016 7
    endloop
  endfacet
  facet normal 0 0 1
    outer loop
      vertex 5.90767 7.32016 7
      vertex 0 0 7
      vertex 6.03979 7.00122 7
    endloop
  endfacet
  facet normal 0 0 1
    outer loop
      vertex 32 5.7 7
      vertex 0 0 7
      vertex 65 0 7
    endloop
  endfacet
  facet normal 0 0 1
    outer loop
      vertex 7.32016 5.90767 7
      vertex 0 0 7
      vertex 7.65584 5.82709 7
    endloop
  endfacet
  facet normal 0 0 1
    outer loop
      vertex 7.00122 6.03979 7
      vertex 0 0 7
      vertex 7.32016 5.90767 7
    endloop
  endfacet
  facet normal 0 0 1
    outer loop
      vertex 6.70687 6.22016 7
      vertex 0 0 7
      vertex 7.00122 6.03979 7
    endloop
  endfacet
  facet normal 0 0 1
    outer loop
      vertex 6.44436 6.44436 7
      vertex 0 0 7
      vertex 6.70687 6.22016 7
    endloop
  endfacet
  facet normal 0 0 1
    outer loop
      vertex 6.22016 6.70687 7
      vertex 0 0 7
      vertex 6.44436 6.44436 7
    endloop
  endfacet
  facet normal 0 0 1
    outer loop
      vertex 6.03979 7.00122 7
      vertex 0 0 7
      vertex 6.22016 6.70687 7
    endloop
  endfacet
  facet normal 1 -0 0
    outer loop
      vertex 65 0 7
      vertex 65 16 0
      vertex 65 16 7
    endloop
  endfacet
  facet normal 1 0 0
    outer loop
      vertex 65 16 0
      vertex 65 0 7
      vertex 65 0 0
    endloop
  endfacet
  facet normal 0 0 -1
    outer loop
      vertex 0 0 0
      vertex 65 16 0
      vertex 65 0 0
    endloop
  endfacet
  facet normal -0 0 -1
    outer loop
      vertex 65 16 0
      vertex 0 0 0
      vertex 0 16 0
    endloop
  endfacet
  facet normal 0 -1 0
    outer loop
      vertex 0 0 0
      vertex 65 0 7
      vertex 0 0 7
    endloop
  endfacet
  facet normal 0 -1 -0
    outer loop
      vertex 65 0 7
      vertex 0 0 0
      vertex 65 0 0
    endloop
  endfacet
  facet normal 0 1 -0
    outer loop
      vertex 65 16 0
      vertex 0 16 7
      vertex 65 16 7
    endloop
  endfacet
  facet normal 0 1 0
    outer loop
      vertex 0 16 7
      vertex 65 16 0
      vertex 0 16 0
    endloop
  endfacet
endsolid OpenSCAD_Model
