solid OpenSCAD_Model
  facet normal -0.649445 0.760409 0
    outer loop
      vertex 1.85497 53.4406 0.5
      vertex 1.31803 52.982 22.65
      vertex 1.85497 53.4406 22.65
    endloop
  endfacet
  facet normal -0.649445 0.760409 0
    outer loop
      vertex 1.31803 52.982 22.65
      vertex 1.85497 53.4406 0.5
      vertex 1.31803 52.982 0.5
    endloop
  endfacet
  facet normal 0 1 -0
    outer loop
      vertex 85.2 54.3 0.5
      vertex 4.49999 54.3 22.65
      vertex 85.2 54.3 22.65
    endloop
  endfacet
  facet normal 0 1 0
    outer loop
      vertex 4.49999 54.3 22.65
      vertex 85.2 54.3 0.5
      vertex 4.49999 54.3 0.5
    endloop
  endfacet
  facet normal -0.603841 0.37003 -0.706012
    outer loop
      vertex 1.26393 52.1511 1.90735e-07
      vertex 0.490482 51.843 0.5
      vertex 0.859424 52.445 0.5
    endloop
  endfacet
  facet normal -0.538516 0.45994 0.706014
    outer loop
      vertex 1.31803 52.982 22.65
      vertex 1.26393 52.1511 23.15
      vertex 1.67157 52.6284 23.15
    endloop
  endfacet
  facet normal 0.996917 0.0784629 0
    outer loop
      vertex 89.7 49.8 22.65
      vertex 89.6446 50.5039 0.5
      vertex 89.6446 50.5039 22.65
    endloop
  endfacet
  facet normal 0.996917 0.0784629 0
    outer loop
      vertex 89.6446 50.5039 0.5
      vertex 89.7 49.8 22.65
      vertex 89.7 49.8 0.5
    endloop
  endfacet
  facet normal 0.0555672 0.706014 0.706014
    outer loop
      vertex 85.9039 54.2446 22.65
      vertex 85.2 54.3 22.65
      vertex 85.2 53.8 23.15
    endloop
  endfacet
  facet normal -0.233464 0.972365 0
    outer loop
      vertex 3.79604 54.2446 0.5
      vertex 3.10942 54.0797 22.65
      vertex 3.79604 54.2446 22.65
    endloop
  endfacet
  facet normal -0.233464 0.972365 0
    outer loop
      vertex 3.10942 54.0797 22.65
      vertex 3.79604 54.2446 0.5
      vertex 3.10942 54.0797 0.5
    endloop
  endfacet
  facet normal 0 0.707107 -0.707107
    outer loop
      vertex 85.2 53.8 1.90735e-07
      vertex 4.49999 54.3 0.5
      vertex 85.2 54.3 0.5
    endloop
  endfacet
  facet normal 0 0.707107 -0.707107
    outer loop
      vertex 4.49999 54.3 0.5
      vertex 85.2 53.8 1.90735e-07
      vertex 4.49999 53.8 1.90735e-07
    endloop
  endfacet
  facet normal -0.654286 0.271001 0.706023
    outer loop
      vertex 0.935977 51.6159 23.15
      vertex 0.220248 51.1906 22.65
      vertex 0.695789 51.0361 23.15
    endloop
  endfacet
  facet normal -0.271005 0.654295 0.706013
    outer loop
      vertex 3.10942 54.0797 22.65
      vertex 2.68404 53.364 23.15
      vertex 3.26393 53.6042 23.15
    endloop
  endfacet
  facet normal -0.65429 0.27102 0.706012
    outer loop
      vertex 0.490482 51.843 22.65
      vertex 0.220248 51.1906 22.65
      vertex 0.935977 51.6159 23.15
    endloop
  endfacet
  facet normal -0.0555677 -0.70602 -0.706008
    outer loop
      vertex 4.49999 1.2207e-05 0.5
      vertex 3.79604 0.0554169 0.5
      vertex 3.87426 0.549252 1.90735e-07
    endloop
  endfacet
  facet normal 0 -1 0
    outer loop
      vertex 4.49999 1.2207e-05 0.5
      vertex 85.2 1.2207e-05 22.65
      vertex 4.49999 1.2207e-05 22.65
    endloop
  endfacet
  facet normal 0 -1 -0
    outer loop
      vertex 85.2 1.2207e-05 22.65
      vertex 4.49999 1.2207e-05 0.5
      vertex 85.2 1.2207e-05 0.5
    endloop
  endfacet
  facet normal 0 0.707107 0.707107
    outer loop
      vertex 85.2 54.3 22.65
      vertex 4.49999 53.8 23.15
      vertex 85.2 53.8 23.15
    endloop
  endfacet
  facet normal 0 0.707107 0.707107
    outer loop
      vertex 4.49999 53.8 23.15
      vertex 85.2 54.3 22.65
      vertex 4.49999 54.3 22.65
    endloop
  endfacet
  facet normal 0.0555744 0.706009 0.706019
    outer loop
      vertex 85.9039 54.2446 22.65
      vertex 85.2 53.8 23.15
      vertex 85.8257 53.7507 23.15
    endloop
  endfacet
  facet normal -0.53852 0.459938 0.706012
    outer loop
      vertex 1.31803 52.982 22.65
      vertex 0.859424 52.445 22.65
      vertex 1.26393 52.1511 23.15
    endloop
  endfacet
  facet normal -0.370045 0.603824 0.706019
    outer loop
      vertex 2.68404 53.364 23.15
      vertex 1.85497 53.4406 22.65
      vertex 2.14887 53.0361 23.15
    endloop
  endfacet
  facet normal -0.271014 0.654297 -0.706008
    outer loop
      vertex 2.68404 53.364 1.90735e-07
      vertex 2.45705 53.8095 0.5
      vertex 3.10942 54.0797 0.5
    endloop
  endfacet
  facet normal -0.603841 0.37003 0.706012
    outer loop
      vertex 0.859424 52.445 22.65
      vertex 0.490482 51.843 22.65
      vertex 1.26393 52.1511 23.15
    endloop
  endfacet
  facet normal -0.852643 0.522494 0
    outer loop
      vertex 0.490482 51.843 0.5
      vertex 0.859424 52.445 22.65
      vertex 0.859424 52.445 0.5
    endloop
  endfacet
  facet normal -0.852643 0.522494 0
    outer loop
      vertex 0.859424 52.445 22.65
      vertex 0.490482 51.843 0.5
      vertex 0.490482 51.843 22.65
    endloop
  endfacet
  facet normal -0.996917 -0.0784611 0
    outer loop
      vertex 0.0554077 3.79605 0.5
      vertex 3.05176e-06 4.50001 22.65
      vertex 3.05176e-06 4.50001 0.5
    endloop
  endfacet
  facet normal -0.996917 -0.0784611 0
    outer loop
      vertex 3.05176e-06 4.50001 22.65
      vertex 0.0554077 3.79605 0.5
      vertex 0.0554077 3.79605 22.65
    endloop
  endfacet
  facet normal 0.233444 -0.97237 0
    outer loop
      vertex 85.9039 0.0554169 0.5
      vertex 86.5906 0.220258 22.65
      vertex 85.9039 0.0554169 22.65
    endloop
  endfacet
  facet normal 0.233444 -0.97237 0
    outer loop
      vertex 86.5906 0.220258 22.65
      vertex 85.9039 0.0554169 0.5
      vertex 86.5906 0.220258 0.5
    endloop
  endfacet
  facet normal -0.370037 0.603843 -0.706008
    outer loop
      vertex 2.68404 53.364 1.90735e-07
      vertex 1.85497 53.4406 0.5
      vertex 2.45705 53.8095 0.5
    endloop
  endfacet
  facet normal 0.649434 0.760418 -0
    outer loop
      vertex 88.382 52.982 0.5
      vertex 87.845 53.4406 22.65
      vertex 88.382 52.982 22.65
    endloop
  endfacet
  facet normal 0.649434 0.760418 0
    outer loop
      vertex 87.845 53.4406 22.65
      vertex 88.382 52.982 0.5
      vertex 87.845 53.4406 0.5
    endloop
  endfacet
  facet normal 0.370041 0.603834 -0.706013
    outer loop
      vertex 87.5511 53.0361 1.90735e-07
      vertex 87.0159 53.364 1.90735e-07
      vertex 87.243 53.8095 0.5
    endloop
  endfacet
  facet normal 0.271005 0.654295 -0.706013
    outer loop
      vertex 87.0159 53.364 1.90735e-07
      vertex 86.4361 53.6042 1.90735e-07
      vertex 86.5906 54.0797 0.5
    endloop
  endfacet
  facet normal -0.382678 0.923882 0
    outer loop
      vertex 3.10942 54.0797 0.5
      vertex 2.45705 53.8095 22.65
      vertex 3.10942 54.0797 22.65
    endloop
  endfacet
  facet normal -0.382678 0.923882 0
    outer loop
      vertex 2.45705 53.8095 22.65
      vertex 3.10942 54.0797 0.5
      vertex 2.45705 53.8095 0.5
    endloop
  endfacet
  facet normal 0.165339 0.688628 0.706013
    outer loop
      vertex 86.5906 54.0797 22.65
      vertex 85.9039 54.2446 22.65
      vertex 86.4361 53.6042 23.15
    endloop
  endfacet
  facet normal -0.16533 0.688625 -0.706019
    outer loop
      vertex 3.87426 53.7507 1.90735e-07
      vertex 3.26393 53.6042 1.90735e-07
      vertex 3.79604 54.2446 0.5
    endloop
  endfacet
  facet normal -0.459928 0.53852 0.706019
    outer loop
      vertex 1.85497 53.4406 22.65
      vertex 1.67157 52.6284 23.15
      vertex 2.14887 53.0361 23.15
    endloop
  endfacet
  facet normal -0.459935 0.538519 0.706015
    outer loop
      vertex 1.85497 53.4406 22.65
      vertex 1.31803 52.982 22.65
      vertex 1.67157 52.6284 23.15
    endloop
  endfacet
  facet normal -0.603841 0.370028 0.706014
    outer loop
      vertex 1.26393 52.1511 23.15
      vertex 0.490482 51.843 22.65
      vertex 0.935977 51.6159 23.15
    endloop
  endfacet
  facet normal -1 0 0
    outer loop
      vertex 3.05176e-06 4.50001 0.5
      vertex 3.05176e-06 49.8 22.65
      vertex 3.05176e-06 49.8 0.5
    endloop
  endfacet
  facet normal -1 -0 0
    outer loop
      vertex 3.05176e-06 49.8 22.65
      vertex 3.05176e-06 4.50001 0.5
      vertex 3.05176e-06 4.50001 22.65
    endloop
  endfacet
  facet normal 0.459934 -0.53851 0.706023
    outer loop
      vertex 88.0284 1.67158 23.15
      vertex 87.5511 1.26394 23.15
      vertex 88.382 1.31802 22.65
    endloop
  endfacet
  facet normal -0.165331 -0.68863 0.706013
    outer loop
      vertex 3.26393 0.695782 23.15
      vertex 3.10942 0.220258 22.65
      vertex 3.87426 0.549252 23.15
    endloop
  endfacet
  facet normal -0.706014 0.055566 0.706014
    outer loop
      vertex 0.0554077 50.5039 22.65
      vertex 3.05176e-06 49.8 22.65
      vertex 0.500003 49.8 23.15
    endloop
  endfacet
  facet normal -0.707107 0 -0.707107
    outer loop
      vertex 0.500003 4.50001 1.90735e-07
      vertex 3.05176e-06 49.8 0.5
      vertex 0.500003 49.8 1.90735e-07
    endloop
  endfacet
  facet normal -0.707107 -0 -0.707107
    outer loop
      vertex 3.05176e-06 49.8 0.5
      vertex 0.500003 4.50001 1.90735e-07
      vertex 3.05176e-06 4.50001 0.5
    endloop
  endfacet
  facet normal 0.459934 0.53851 -0.706023
    outer loop
      vertex 88.0284 52.6284 1.90735e-07
      vertex 87.5511 53.0361 1.90735e-07
      vertex 88.382 52.982 0.5
    endloop
  endfacet
  facet normal 0.760418 0.649434 0
    outer loop
      vertex 88.8406 52.445 22.65
      vertex 88.382 52.982 0.5
      vertex 88.382 52.982 22.65
    endloop
  endfacet
  facet normal 0.760418 0.649434 0
    outer loop
      vertex 88.382 52.982 0.5
      vertex 88.8406 52.445 22.65
      vertex 88.8406 52.445 0.5
    endloop
  endfacet
  facet normal 0.707107 0 -0.707107
    outer loop
      vertex 89.7 4.50001 0.5
      vertex 89.2 49.8 1.90735e-07
      vertex 89.7 49.8 0.5
    endloop
  endfacet
  facet normal 0.707107 0 -0.707107
    outer loop
      vertex 89.2 49.8 1.90735e-07
      vertex 89.7 4.50001 0.5
      vertex 89.2 4.50001 1.90735e-07
    endloop
  endfacet
  facet normal 0.52251 0.852633 -0
    outer loop
      vertex 87.845 53.4406 0.5
      vertex 87.243 53.8095 22.65
      vertex 87.845 53.4406 22.65
    endloop
  endfacet
  facet normal 0.52251 0.852633 0
    outer loop
      vertex 87.243 53.8095 22.65
      vertex 87.845 53.4406 0.5
      vertex 87.243 53.8095 0.5
    endloop
  endfacet
  facet normal 0.271005 0.654295 0.706013
    outer loop
      vertex 86.5906 54.0797 22.65
      vertex 86.4361 53.6042 23.15
      vertex 87.0159 53.364 23.15
    endloop
  endfacet
  facet normal 0.16533 0.688625 0.706019
    outer loop
      vertex 85.9039 54.2446 22.65
      vertex 85.8257 53.7507 23.15
      vertex 86.4361 53.6042 23.15
    endloop
  endfacet
  facet normal -0.271005 0.654295 -0.706013
    outer loop
      vertex 3.26393 53.6042 1.90735e-07
      vertex 2.68404 53.364 1.90735e-07
      vertex 3.10942 54.0797 0.5
    endloop
  endfacet
  facet normal -0.165339 0.688628 -0.706013
    outer loop
      vertex 3.26393 53.6042 1.90735e-07
      vertex 3.10942 54.0797 0.5
      vertex 3.79604 54.2446 0.5
    endloop
  endfacet
  facet normal -0.165339 0.688628 0.706013
    outer loop
      vertex 3.79604 54.2446 22.65
      vertex 3.10942 54.0797 22.65
      vertex 3.26393 53.6042 23.15
    endloop
  endfacet
  facet normal -0.0555744 0.706009 0.706019
    outer loop
      vertex 4.49999 53.8 23.15
      vertex 3.79604 54.2446 22.65
      vertex 3.87426 53.7507 23.15
    endloop
  endfacet
  facet normal -0.0555672 0.706014 -0.706014
    outer loop
      vertex 4.49999 53.8 1.90735e-07
      vertex 3.79604 54.2446 0.5
      vertex 4.49999 54.3 0.5
    endloop
  endfacet
  facet normal -0.0555744 0.706009 -0.706019
    outer loop
      vertex 3.87426 53.7507 1.90735e-07
      vertex 3.79604 54.2446 0.5
      vertex 4.49999 53.8 1.90735e-07
    endloop
  endfacet
  facet normal -0.165326 -0.688636 -0.706008
    outer loop
      vertex 3.79604 0.0554169 0.5
      vertex 3.10942 0.220258 0.5
      vertex 3.87426 0.549252 1.90735e-07
    endloop
  endfacet
  facet normal -0.760407 -0.649447 0
    outer loop
      vertex 1.31803 1.31802 0.5
      vertex 0.859424 1.85498 22.65
      vertex 0.859424 1.85498 0.5
    endloop
  endfacet
  facet normal -0.760407 -0.649447 0
    outer loop
      vertex 0.859424 1.85498 22.65
      vertex 1.31803 1.31802 0.5
      vertex 1.31803 1.31802 22.65
    endloop
  endfacet
  facet normal -0.53852 -0.459938 -0.706012
    outer loop
      vertex 1.31803 1.31802 0.5
      vertex 0.859424 1.85498 0.5
      vertex 1.26393 2.14886 1.90735e-07
    endloop
  endfacet
  facet normal 0.0555677 -0.70602 0.706008
    outer loop
      vertex 85.8257 0.549252 23.15
      vertex 85.2 1.2207e-05 22.65
      vertex 85.9039 0.0554169 22.65
    endloop
  endfacet
  facet normal -0.271017 -0.654284 0.706018
    outer loop
      vertex 2.68404 0.935986 23.15
      vertex 2.45705 0.490475 22.65
      vertex 3.26393 0.695782 23.15
    endloop
  endfacet
  facet normal -0.382678 -0.923882 0
    outer loop
      vertex 2.45705 0.490475 0.5
      vertex 3.10942 0.220258 22.65
      vertex 2.45705 0.490475 22.65
    endloop
  endfacet
  facet normal -0.382678 -0.923882 -0
    outer loop
      vertex 3.10942 0.220258 22.65
      vertex 2.45705 0.490475 0.5
      vertex 3.10942 0.220258 0.5
    endloop
  endfacet
  facet normal -0.0555577 -0.706015 -0.706015
    outer loop
      vertex 4.49999 1.2207e-05 0.5
      vertex 3.87426 0.549252 1.90735e-07
      vertex 4.49999 0.500012 1.90735e-07
    endloop
  endfacet
  facet normal 0 -0.707107 -0.707107
    outer loop
      vertex 4.49999 0.500012 1.90735e-07
      vertex 85.2 1.2207e-05 0.5
      vertex 4.49999 1.2207e-05 0.5
    endloop
  endfacet
  facet normal 0 -0.707107 -0.707107
    outer loop
      vertex 85.2 1.2207e-05 0.5
      vertex 4.49999 0.500012 1.90735e-07
      vertex 85.2 0.500012 1.90735e-07
    endloop
  endfacet
  facet normal 0 -0.707107 0.707107
    outer loop
      vertex 4.49999 1.2207e-05 22.65
      vertex 85.2 0.500012 23.15
      vertex 4.49999 0.500012 23.15
    endloop
  endfacet
  facet normal 0 -0.707107 0.707107
    outer loop
      vertex 85.2 0.500012 23.15
      vertex 4.49999 1.2207e-05 22.65
      vertex 85.2 1.2207e-05 22.65
    endloop
  endfacet
  facet normal -0.68862 0.165329 0.706023
    outer loop
      vertex 0.695789 51.0361 23.15
      vertex 0.220248 51.1906 22.65
      vertex 0.549258 50.4257 23.15
    endloop
  endfacet
  facet normal -0.706014 0.055566 -0.706014
    outer loop
      vertex 0.500003 49.8 1.90735e-07
      vertex 3.05176e-06 49.8 0.5
      vertex 0.0554077 50.5039 0.5
    endloop
  endfacet
  facet normal -0.706014 -0.055566 0.706014
    outer loop
      vertex 0.500003 4.50001 23.15
      vertex 3.05176e-06 4.50001 22.65
      vertex 0.0554077 3.79605 22.65
    endloop
  endfacet
  facet normal -0.603841 -0.37003 -0.706012
    outer loop
      vertex 0.859424 1.85498 0.5
      vertex 0.490482 2.45704 0.5
      vertex 1.26393 2.14886 1.90735e-07
    endloop
  endfacet
  facet normal 0 0 1
    outer loop
      vertex 14 5.5 23.15
      vertex 16.7 5.50001 23.15
      vertex 16.6384 6.28218 23.15
    endloop
  endfacet
  facet normal 0 0 1
    outer loop
      vertex 52 5.5 23.15
      vertex 54.7 5.50001 23.15
      vertex 54.6384 6.28218 23.15
    endloop
  endfacet
  facet normal 0 0 1
    outer loop
      vertex 88.1 49.8 23.15
      vertex 89.2 49.8 23.15
      vertex 89.1507 50.4257 23.15
    endloop
  endfacet
  facet normal 0 0 1
    outer loop
      vertex 89.2 49.8 23.15
      vertex 88.1 49.8 23.15
      vertex 89.2 4.50001 23.15
    endloop
  endfacet
  facet normal 0 0 1
    outer loop
      vertex 88.0643 50.2537 23.15
      vertex 89.1507 50.4257 23.15
      vertex 89.0042 51.0361 23.15
    endloop
  endfacet
  facet normal 0 0 1
    outer loop
      vertex 88.1 4.50001 23.15
      vertex 89.2 4.50001 23.15
      vertex 88.1 49.8 23.15
    endloop
  endfacet
  facet normal 0 0 1
    outer loop
      vertex 87.9581 50.6961 23.15
      vertex 89.0042 51.0361 23.15
      vertex 88.764 51.6159 23.15
    endloop
  endfacet
  facet normal 0 0 1
    outer loop
      vertex 89.2 4.50001 23.15
      vertex 88.1 4.50001 23.15
      vertex 89.1507 3.87426 23.15
    endloop
  endfacet
  facet normal 0 0 1
    outer loop
      vertex 87.7839 51.1166 23.15
      vertex 88.764 51.6159 23.15
      vertex 88.4361 52.1511 23.15
    endloop
  endfacet
  facet normal -0 0 1
    outer loop
      vertex 88.0643 4.04635 23.15
      vertex 89.1507 3.87426 23.15
      vertex 88.1 4.50001 23.15
    endloop
  endfacet
  facet normal 0 0 1
    outer loop
      vertex 89.1507 3.87426 23.15
      vertex 88.0643 4.04635 23.15
      vertex 89.0042 3.26394 23.15
    endloop
  endfacet
  facet normal 0 0 1
    outer loop
      vertex 89.1507 50.4257 23.15
      vertex 88.0643 50.2537 23.15
      vertex 88.1 49.8 23.15
    endloop
  endfacet
  facet normal 0 0 1
    outer loop
      vertex 87.5461 51.5046 23.15
      vertex 88.4361 52.1511 23.15
      vertex 88.0284 52.6284 23.15
    endloop
  endfacet
  facet normal 0 0 1
    outer loop
      vertex 89.0042 51.0361 23.15
      vertex 87.9581 50.6961 23.15
      vertex 88.0643 50.2537 23.15
    endloop
  endfacet
  facet normal 0 0 1
    outer loop
      vertex 88.764 51.6159 23.15
      vertex 87.7839 51.1166 23.15
      vertex 87.9581 50.6961 23.15
    endloop
  endfacet
  facet normal 0 0 1
    outer loop
      vertex 87.2506 51.8506 23.15
      vertex 88.0284 52.6284 23.15
      vertex 87.5511 53.0361 23.15
    endloop
  endfacet
  facet normal 0 0 1
    outer loop
      vertex 88.4361 52.1511 23.15
      vertex 87.5461 51.5046 23.15
      vertex 87.7839 51.1166 23.15
    endloop
  endfacet
  facet normal 0 0 1
    outer loop
      vertex 88.0284 52.6284 23.15
      vertex 87.2506 51.8506 23.15
      vertex 87.5461 51.5046 23.15
    endloop
  endfacet
  facet normal 0 0 1
    outer loop
      vertex 86.9046 52.1461 23.15
      vertex 87.5511 53.0361 23.15
      vertex 87.0159 53.364 23.15
    endloop
  endfacet
  facet normal 0 0 1
    outer loop
      vertex 87.5511 53.0361 23.15
      vertex 86.9046 52.1461 23.15
      vertex 87.2506 51.8506 23.15
    endloop
  endfacet
  facet normal 0 0 1
    outer loop
      vertex 87.0159 53.364 23.15
      vertex 86.5166 52.3839 23.15
      vertex 86.9046 52.1461 23.15
    endloop
  endfacet
  facet normal 0 0 1
    outer loop
      vertex 86.4361 53.6042 23.15
      vertex 86.5166 52.3839 23.15
      vertex 87.0159 53.364 23.15
    endloop
  endfacet
  facet normal 0 0 1
    outer loop
      vertex 86.4361 53.6042 23.15
      vertex 86.0961 52.5581 23.15
      vertex 86.5166 52.3839 23.15
    endloop
  endfacet
  facet normal 0 0 1
    outer loop
      vertex 85.8257 53.7507 23.15
      vertex 86.0961 52.5581 23.15
      vertex 86.4361 53.6042 23.15
    endloop
  endfacet
  facet normal 0 0 1
    outer loop
      vertex 85.8257 53.7507 23.15
      vertex 85.6537 52.6643 23.15
      vertex 86.0961 52.5581 23.15
    endloop
  endfacet
  facet normal 0 0 1
    outer loop
      vertex 85.2 53.8 23.15
      vertex 85.6537 52.6643 23.15
      vertex 85.8257 53.7507 23.15
    endloop
  endfacet
  facet normal 0 0 1
    outer loop
      vertex 85.2 53.8 23.15
      vertex 85.2 52.7 23.15
      vertex 85.6537 52.6643 23.15
    endloop
  endfacet
  facet normal 0 0 1
    outer loop
      vertex 85.2 53.8 23.15
      vertex 54.7 52.7 23.15
      vertex 85.2 52.7 23.15
    endloop
  endfacet
  facet normal -0 0 1
    outer loop
      vertex 51.7493 49.8442 23.15
      vertex 54.7 48.8 23.15
      vertex 54.7 52.7 23.15
    endloop
  endfacet
  facet normal -0 -0 1
    outer loop
      vertex 51.9717 49.1598 23.15
      vertex 54.7 48.8 23.15
      vertex 51.8874 49.5107 23.15
    endloop
  endfacet
  facet normal 0 0 1
    outer loop
      vertex 54.7 48.8 23.15
      vertex 52 48.8 23.15
      vertex 54.6384 48.0178 23.15
    endloop
  endfacet
  facet normal -0 0 1
    outer loop
      vertex 51.9717 48.4402 23.15
      vertex 54.6384 48.0178 23.15
      vertex 52 48.8 23.15
    endloop
  endfacet
  facet normal -0 0 1
    outer loop
      vertex 51.8874 48.0893 23.15
      vertex 54.4553 47.2549 23.15
      vertex 51.9717 48.4402 23.15
    endloop
  endfacet
  facet normal 0 0 1
    outer loop
      vertex 54.4553 47.2549 23.15
      vertex 51.8874 48.0893 23.15
      vertex 54.155 46.53 23.15
    endloop
  endfacet
  facet normal -0 0 1
    outer loop
      vertex 51.7493 47.7558 23.15
      vertex 54.155 46.53 23.15
      vertex 51.8874 48.0893 23.15
    endloop
  endfacet
  facet normal 0 0 1
    outer loop
      vertex 54.6384 48.0178 23.15
      vertex 51.9717 48.4402 23.15
      vertex 54.4553 47.2549 23.15
    endloop
  endfacet
  facet normal 0 -0 1
    outer loop
      vertex 52 48.8 23.15
      vertex 54.7 48.8 23.15
      vertex 51.9717 49.1598 23.15
    endloop
  endfacet
  facet normal 0 0 1
    outer loop
      vertex 54.7 48.8 23.15
      vertex 51.7493 49.8442 23.15
      vertex 51.8874 49.5107 23.15
    endloop
  endfacet
  facet normal 0 0 1
    outer loop
      vertex 54.7 52.7 23.15
      vertex 51.5607 50.1519 23.15
      vertex 51.7493 49.8442 23.15
    endloop
  endfacet
  facet normal 0 0 1
    outer loop
      vertex 54.7 52.7 23.15
      vertex 51.3263 50.4263 23.15
      vertex 51.5607 50.1519 23.15
    endloop
  endfacet
  facet normal 0 0 1
    outer loop
      vertex 54.7 52.7 23.15
      vertex 51.0519 50.6607 23.15
      vertex 51.3263 50.4263 23.15
    endloop
  endfacet
  facet normal 0 0 1
    outer loop
      vertex 54.7 52.7 23.15
      vertex 50.7442 50.8493 23.15
      vertex 51.0519 50.6607 23.15
    endloop
  endfacet
  facet normal 0 0 1
    outer loop
      vertex 54.7 52.7 23.15
      vertex 50.4107 50.9874 23.15
      vertex 50.7442 50.8493 23.15
    endloop
  endfacet
  facet normal 0 0 1
    outer loop
      vertex 54.7 52.7 23.15
      vertex 50.0598 51.0717 23.15
      vertex 50.4107 50.9874 23.15
    endloop
  endfacet
  facet normal 0 0 1
    outer loop
      vertex 54.7 52.7 23.15
      vertex 49.7 51.1 23.15
      vertex 50.0598 51.0717 23.15
    endloop
  endfacet
  facet normal -0 0 1
    outer loop
      vertex 44.7 52.7 23.15
      vertex 49.7 51.1 23.15
      vertex 54.7 52.7 23.15
    endloop
  endfacet
  facet normal 0 0 1
    outer loop
      vertex 49.7 51.1 23.15
      vertex 44.7 52.7 23.15
      vertex 49.3402 51.0717 23.15
    endloop
  endfacet
  facet normal 0 0 1
    outer loop
      vertex 44.7 48.8 23.15
      vertex 47.4 48.8 23.15
      vertex 47.4283 49.1598 23.15
    endloop
  endfacet
  facet normal 0 0 1
    outer loop
      vertex 47.4 48.8 23.15
      vertex 46.1645 45.2645 23.15
      vertex 46.7611 44.7549 23.15
    endloop
  endfacet
  facet normal 0 0 1
    outer loop
      vertex 44.7 48.8 23.15
      vertex 47.4283 49.1598 23.15
      vertex 47.5126 49.5107 23.15
    endloop
  endfacet
  facet normal 0 0 1
    outer loop
      vertex 47.4 48.8 23.15
      vertex 45.6549 45.8611 23.15
      vertex 46.1645 45.2645 23.15
    endloop
  endfacet
  facet normal 0 0 1
    outer loop
      vertex 44.7 48.8 23.15
      vertex 47.5126 49.5107 23.15
      vertex 47.6507 49.8442 23.15
    endloop
  endfacet
  facet normal 0 0 1
    outer loop
      vertex 47.4 48.8 23.15
      vertex 45.245 46.53 23.15
      vertex 45.6549 45.8611 23.15
    endloop
  endfacet
  facet normal 0 0 1
    outer loop
      vertex 44.7 52.7 23.15
      vertex 47.6507 49.8442 23.15
      vertex 47.8393 50.1519 23.15
    endloop
  endfacet
  facet normal 0 0 1
    outer loop
      vertex 47.4 48.8 23.15
      vertex 44.9447 47.2549 23.15
      vertex 45.245 46.53 23.15
    endloop
  endfacet
  facet normal 0 0 1
    outer loop
      vertex 44.7 52.7 23.15
      vertex 47.8393 50.1519 23.15
      vertex 48.0737 50.4263 23.15
    endloop
  endfacet
  facet normal 0 0 1
    outer loop
      vertex 47.4 48.8 23.15
      vertex 44.7616 48.0178 23.15
      vertex 44.9447 47.2549 23.15
    endloop
  endfacet
  facet normal 0 0 1
    outer loop
      vertex 44.7 52.7 23.15
      vertex 48.0737 50.4263 23.15
      vertex 48.3481 50.6607 23.15
    endloop
  endfacet
  facet normal 0 0 1
    outer loop
      vertex 47.6507 49.8442 23.15
      vertex 44.7 52.7 23.15
      vertex 44.7 48.8 23.15
    endloop
  endfacet
  facet normal 0 0 1
    outer loop
      vertex 48.6558 50.8493 23.15
      vertex 44.7 52.7 23.15
      vertex 48.3481 50.6607 23.15
    endloop
  endfacet
  facet normal 0 0 1
    outer loop
      vertex 48.9893 50.9874 23.15
      vertex 44.7 52.7 23.15
      vertex 48.6558 50.8493 23.15
    endloop
  endfacet
  facet normal 0 0 1
    outer loop
      vertex 49.3402 51.0717 23.15
      vertex 44.7 52.7 23.15
      vertex 48.9893 50.9874 23.15
    endloop
  endfacet
  facet normal 0 0 1
    outer loop
      vertex 85.2 53.8 23.15
      vertex 44.7 52.7 23.15
      vertex 54.7 52.7 23.15
    endloop
  endfacet
  facet normal -0 0 1
    outer loop
      vertex 4.49999 53.8 23.15
      vertex 44.7 52.7 23.15
      vertex 85.2 53.8 23.15
    endloop
  endfacet
  facet normal -0 0 1
    outer loop
      vertex 13.7493 49.8442 23.15
      vertex 16.7 48.8 23.15
      vertex 16.7 52.7 23.15
    endloop
  endfacet
  facet normal -0 -0 1
    outer loop
      vertex 13.9717 49.1598 23.15
      vertex 16.7 48.8 23.15
      vertex 13.8874 49.5107 23.15
    endloop
  endfacet
  facet normal 0 0 1
    outer loop
      vertex 16.7 48.8 23.15
      vertex 14 48.8 23.15
      vertex 16.6384 48.0178 23.15
    endloop
  endfacet
  facet normal -0 0 1
    outer loop
      vertex 13.9717 48.4402 23.15
      vertex 16.6384 48.0178 23.15
      vertex 14 48.8 23.15
    endloop
  endfacet
  facet normal -0 0 1
    outer loop
      vertex 13.8874 48.0893 23.15
      vertex 16.4553 47.2549 23.15
      vertex 13.9717 48.4402 23.15
    endloop
  endfacet
  facet normal 0 0 1
    outer loop
      vertex 16.4553 47.2549 23.15
      vertex 13.8874 48.0893 23.15
      vertex 16.155 46.53 23.15
    endloop
  endfacet
  facet normal -0 0 1
    outer loop
      vertex 13.7493 47.7558 23.15
      vertex 16.155 46.53 23.15
      vertex 13.8874 48.0893 23.15
    endloop
  endfacet
  facet normal 0 0 1
    outer loop
      vertex 16.6384 48.0178 23.15
      vertex 13.9717 48.4402 23.15
      vertex 16.4553 47.2549 23.15
    endloop
  endfacet
  facet normal 0 -0 1
    outer loop
      vertex 14 48.8 23.15
      vertex 16.7 48.8 23.15
      vertex 13.9717 49.1598 23.15
    endloop
  endfacet
  facet normal 0 0 1
    outer loop
      vertex 16.7 48.8 23.15
      vertex 13.7493 49.8442 23.15
      vertex 13.8874 49.5107 23.15
    endloop
  endfacet
  facet normal 0 0 1
    outer loop
      vertex 16.7 52.7 23.15
      vertex 13.5607 50.1519 23.15
      vertex 13.7493 49.8442 23.15
    endloop
  endfacet
  facet normal 0 0 1
    outer loop
      vertex 16.7 52.7 23.15
      vertex 13.3263 50.4263 23.15
      vertex 13.5607 50.1519 23.15
    endloop
  endfacet
  facet normal 0 0 1
    outer loop
      vertex 16.7 52.7 23.15
      vertex 13.0519 50.6607 23.15
      vertex 13.3263 50.4263 23.15
    endloop
  endfacet
  facet normal 0 0 1
    outer loop
      vertex 16.7 52.7 23.15
      vertex 12.7442 50.8493 23.15
      vertex 13.0519 50.6607 23.15
    endloop
  endfacet
  facet normal 0 0 1
    outer loop
      vertex 16.7 52.7 23.15
      vertex 12.4107 50.9874 23.15
      vertex 12.7442 50.8493 23.15
    endloop
  endfacet
  facet normal 0 0 1
    outer loop
      vertex 16.7 52.7 23.15
      vertex 12.0598 51.0717 23.15
      vertex 12.4107 50.9874 23.15
    endloop
  endfacet
  facet normal 0 0 1
    outer loop
      vertex 16.7 52.7 23.15
      vertex 11.7 51.1 23.15
      vertex 12.0598 51.0717 23.15
    endloop
  endfacet
  facet normal -0 0 1
    outer loop
      vertex 6.7 52.7 23.15
      vertex 11.7 51.1 23.15
      vertex 16.7 52.7 23.15
    endloop
  endfacet
  facet normal 0 0 1
    outer loop
      vertex 11.7 51.1 23.15
      vertex 6.7 52.7 23.15
      vertex 11.3402 51.0717 23.15
    endloop
  endfacet
  facet normal 0 0 1
    outer loop
      vertex 6.7 48.8 23.15
      vertex 9.4 48.8 23.15
      vertex 9.42832 49.1598 23.15
    endloop
  endfacet
  facet normal 0 0 1
    outer loop
      vertex 9.4 48.8 23.15
      vertex 8.16446 45.2645 23.15
      vertex 8.76107 44.7549 23.15
    endloop
  endfacet
  facet normal 0 0 1
    outer loop
      vertex 6.7 48.8 23.15
      vertex 9.42832 49.1598 23.15
      vertex 9.51257 49.5107 23.15
    endloop
  endfacet
  facet normal 0 0 1
    outer loop
      vertex 9.4 48.8 23.15
      vertex 7.65491 45.8611 23.15
      vertex 8.16446 45.2645 23.15
    endloop
  endfacet
  facet normal 0 0 1
    outer loop
      vertex 6.7 48.8 23.15
      vertex 9.51257 49.5107 23.15
      vertex 9.65069 49.8442 23.15
    endloop
  endfacet
  facet normal 0 0 1
    outer loop
      vertex 9.4 48.8 23.15
      vertex 7.24495 46.53 23.15
      vertex 7.65491 45.8611 23.15
    endloop
  endfacet
  facet normal 0 0 1
    outer loop
      vertex 6.7 52.7 23.15
      vertex 9.65069 49.8442 23.15
      vertex 9.83926 50.1519 23.15
    endloop
  endfacet
  facet normal 0 0 1
    outer loop
      vertex 9.4 48.8 23.15
      vertex 6.94471 47.2549 23.15
      vertex 7.24495 46.53 23.15
    endloop
  endfacet
  facet normal 0 0 1
    outer loop
      vertex 6.7 52.7 23.15
      vertex 9.83926 50.1519 23.15
      vertex 10.0737 50.4263 23.15
    endloop
  endfacet
  facet normal 0 0 1
    outer loop
      vertex 9.4 48.8 23.15
      vertex 6.76155 48.0178 23.15
      vertex 6.94471 47.2549 23.15
    endloop
  endfacet
  facet normal 0 0 1
    outer loop
      vertex 6.7 52.7 23.15
      vertex 10.0737 50.4263 23.15
      vertex 10.3481 50.6607 23.15
    endloop
  endfacet
  facet normal 0 0 1
    outer loop
      vertex 9.65069 49.8442 23.15
      vertex 6.7 52.7 23.15
      vertex 6.7 48.8 23.15
    endloop
  endfacet
  facet normal 0 0 1
    outer loop
      vertex 10.6558 50.8493 23.15
      vertex 6.7 52.7 23.15
      vertex 10.3481 50.6607 23.15
    endloop
  endfacet
  facet normal 0 0 1
    outer loop
      vertex 10.9893 50.9874 23.15
      vertex 6.7 52.7 23.15
      vertex 10.6558 50.8493 23.15
    endloop
  endfacet
  facet normal 0 0 1
    outer loop
      vertex 11.3402 51.0717 23.15
      vertex 6.7 52.7 23.15
      vertex 10.9893 50.9874 23.15
    endloop
  endfacet
  facet normal 0 0 1
    outer loop
      vertex 44.7 52.7 23.15
      vertex 4.49999 53.8 23.15
      vertex 16.7 52.7 23.15
    endloop
  endfacet
  facet normal 0 0 1
    outer loop
      vertex 16.7 52.7 23.15
      vertex 4.49999 53.8 23.15
      vertex 6.7 52.7 23.15
    endloop
  endfacet
  facet normal 0 0 1
    outer loop
      vertex 4.49999 53.8 23.15
      vertex 4.49999 52.7 23.15
      vertex 6.7 52.7 23.15
    endloop
  endfacet
  facet normal 0 0 1
    outer loop
      vertex 4.49999 53.8 23.15
      vertex 4.04633 52.6643 23.15
      vertex 4.49999 52.7 23.15
    endloop
  endfacet
  facet normal -0 0 1
    outer loop
      vertex 3.87426 53.7507 23.15
      vertex 4.04633 52.6643 23.15
      vertex 4.49999 53.8 23.15
    endloop
  endfacet
  facet normal 0 0 1
    outer loop
      vertex 3.87426 53.7507 23.15
      vertex 3.60385 52.5581 23.15
      vertex 4.04633 52.6643 23.15
    endloop
  endfacet
  facet normal -0 0 1
    outer loop
      vertex 3.26393 53.6042 23.15
      vertex 3.60385 52.5581 23.15
      vertex 3.87426 53.7507 23.15
    endloop
  endfacet
  facet normal 0 0 1
    outer loop
      vertex 3.26393 53.6042 23.15
      vertex 3.18343 52.3839 23.15
      vertex 3.60385 52.5581 23.15
    endloop
  endfacet
  facet normal -0 0 1
    outer loop
      vertex 2.68404 53.364 23.15
      vertex 3.18343 52.3839 23.15
      vertex 3.26393 53.6042 23.15
    endloop
  endfacet
  facet normal 0 0 1
    outer loop
      vertex 3.18343 52.3839 23.15
      vertex 2.68404 53.364 23.15
      vertex 2.79543 52.1461 23.15
    endloop
  endfacet
  facet normal -0 0 1
    outer loop
      vertex 2.14887 53.0361 23.15
      vertex 2.79543 52.1461 23.15
      vertex 2.68404 53.364 23.15
    endloop
  endfacet
  facet normal 0 0 1
    outer loop
      vertex 2.79543 52.1461 23.15
      vertex 2.14887 53.0361 23.15
      vertex 2.4494 51.8506 23.15
    endloop
  endfacet
  facet normal -0 0 1
    outer loop
      vertex 1.67157 52.6284 23.15
      vertex 2.4494 51.8506 23.15
      vertex 2.14887 53.0361 23.15
    endloop
  endfacet
  facet normal 0 0 1
    outer loop
      vertex 2.4494 51.8506 23.15
      vertex 1.67157 52.6284 23.15
      vertex 2.15386 51.5046 23.15
    endloop
  endfacet
  facet normal -0 0 1
    outer loop
      vertex 1.26393 52.1511 23.15
      vertex 2.15386 51.5046 23.15
      vertex 1.67157 52.6284 23.15
    endloop
  endfacet
  facet normal 0 0 1
    outer loop
      vertex 2.15386 51.5046 23.15
      vertex 1.26393 52.1511 23.15
      vertex 1.9161 51.1166 23.15
    endloop
  endfacet
  facet normal -0 0 1
    outer loop
      vertex 0.935977 51.6159 23.15
      vertex 1.9161 51.1166 23.15
      vertex 1.26393 52.1511 23.15
    endloop
  endfacet
  facet normal 0 0 1
    outer loop
      vertex 1.9161 51.1166 23.15
      vertex 0.935977 51.6159 23.15
      vertex 1.74195 50.6961 23.15
    endloop
  endfacet
  facet normal 0 0 1
    outer loop
      vertex 1.74195 50.6961 23.15
      vertex 0.695789 51.0361 23.15
      vertex 1.63571 50.2537 23.15
    endloop
  endfacet
  facet normal -0 0 1
    outer loop
      vertex 0.695789 51.0361 23.15
      vertex 1.74195 50.6961 23.15
      vertex 0.935977 51.6159 23.15
    endloop
  endfacet
  facet normal -0 0 1
    outer loop
      vertex 87.9581 3.60386 23.15
      vertex 89.0042 3.26394 23.15
      vertex 88.0643 4.04635 23.15
    endloop
  endfacet
  facet normal 0 0 1
    outer loop
      vertex 89.0042 3.26394 23.15
      vertex 87.9581 3.60386 23.15
      vertex 88.764 2.68405 23.15
    endloop
  endfacet
  facet normal -0 0 1
    outer loop
      vertex 87.7839 3.18344 23.15
      vertex 88.764 2.68405 23.15
      vertex 87.9581 3.60386 23.15
    endloop
  endfacet
  facet normal 0 0 1
    outer loop
      vertex 88.764 2.68405 23.15
      vertex 87.7839 3.18344 23.15
      vertex 88.4361 2.14886 23.15
    endloop
  endfacet
  facet normal -0 0 1
    outer loop
      vertex 87.5461 2.79544 23.15
      vertex 88.4361 2.14886 23.15
      vertex 87.7839 3.18344 23.15
    endloop
  endfacet
  facet normal 0 0 1
    outer loop
      vertex 88.4361 2.14886 23.15
      vertex 87.5461 2.79544 23.15
      vertex 88.0284 1.67158 23.15
    endloop
  endfacet
  facet normal -0 0 1
    outer loop
      vertex 87.2506 2.4494 23.15
      vertex 88.0284 1.67158 23.15
      vertex 87.5461 2.79544 23.15
    endloop
  endfacet
  facet normal 0 0 1
    outer loop
      vertex 88.0284 1.67158 23.15
      vertex 87.2506 2.4494 23.15
      vertex 87.5511 1.26394 23.15
    endloop
  endfacet
  facet normal -0 0 1
    outer loop
      vertex 86.9046 2.15385 23.15
      vertex 87.5511 1.26394 23.15
      vertex 87.2506 2.4494 23.15
    endloop
  endfacet
  facet normal 0 0 1
    outer loop
      vertex 87.5511 1.26394 23.15
      vertex 86.9046 2.15385 23.15
      vertex 87.0159 0.935986 23.15
    endloop
  endfacet
  facet normal -0 0 1
    outer loop
      vertex 86.5166 1.91609 23.15
      vertex 87.0159 0.935986 23.15
      vertex 86.9046 2.15385 23.15
    endloop
  endfacet
  facet normal 0 0 1
    outer loop
      vertex 86.5166 1.91609 23.15
      vertex 86.4361 0.695782 23.15
      vertex 87.0159 0.935986 23.15
    endloop
  endfacet
  facet normal -0 0 1
    outer loop
      vertex 86.0961 1.74194 23.15
      vertex 86.4361 0.695782 23.15
      vertex 86.5166 1.91609 23.15
    endloop
  endfacet
  facet normal 0 0 1
    outer loop
      vertex 86.0961 1.74194 23.15
      vertex 85.8257 0.549252 23.15
      vertex 86.4361 0.695782 23.15
    endloop
  endfacet
  facet normal -0 0 1
    outer loop
      vertex 85.6537 1.63571 23.15
      vertex 85.8257 0.549252 23.15
      vertex 86.0961 1.74194 23.15
    endloop
  endfacet
  facet normal -0 0 1
    outer loop
      vertex 85.2 1.6 23.15
      vertex 85.8257 0.549252 23.15
      vertex 85.6537 1.63571 23.15
    endloop
  endfacet
  facet normal 0 0 1
    outer loop
      vertex 85.2 1.6 23.15
      vertex 85.2 0.500012 23.15
      vertex 85.8257 0.549252 23.15
    endloop
  endfacet
  facet normal -0 0 1
    outer loop
      vertex 54.7 1.6 23.15
      vertex 85.2 0.500012 23.15
      vertex 85.2 1.6 23.15
    endloop
  endfacet
  facet normal 0 0 1
    outer loop
      vertex 51.9717 5.8598 23.15
      vertex 54.6384 6.28218 23.15
      vertex 54.4553 7.04509 23.15
    endloop
  endfacet
  facet normal 0 0 1
    outer loop
      vertex 51.8874 6.21074 23.15
      vertex 54.4553 7.04509 23.15
      vertex 54.155 7.76996 23.15
    endloop
  endfacet
  facet normal 0 0 1
    outer loop
      vertex 51.7493 6.54418 23.15
      vertex 54.155 7.76996 23.15
      vertex 53.7451 8.43893 23.15
    endloop
  endfacet
  facet normal 0 0 1
    outer loop
      vertex 51.5607 6.85191 23.15
      vertex 53.7451 8.43893 23.15
      vertex 53.2355 9.03553 23.15
    endloop
  endfacet
  facet normal 0 0 1
    outer loop
      vertex 51.3263 7.12634 23.15
      vertex 53.2355 9.03553 23.15
      vertex 52.6389 9.54509 23.15
    endloop
  endfacet
  facet normal 0 0 1
    outer loop
      vertex 54.6384 6.28218 23.15
      vertex 51.9717 5.8598 23.15
      vertex 52 5.5 23.15
    endloop
  endfacet
  facet normal 0 0 1
    outer loop
      vertex 54.7 5.50001 23.15
      vertex 51.9717 5.1402 23.15
      vertex 51.8874 4.78926 23.15
    endloop
  endfacet
  facet normal 0 0 1
    outer loop
      vertex 51.7493 4.45582 23.15
      vertex 54.7 5.50001 23.15
      vertex 51.8874 4.78926 23.15
    endloop
  endfacet
  facet normal 0 0 1
    outer loop
      vertex 54.7 5.50001 23.15
      vertex 51.7493 4.45582 23.15
      vertex 54.7 1.6 23.15
    endloop
  endfacet
  facet normal -0 0 1
    outer loop
      vertex 51.5607 4.14809 23.15
      vertex 54.7 1.6 23.15
      vertex 51.7493 4.45582 23.15
    endloop
  endfacet
  facet normal -0 0 1
    outer loop
      vertex 51.3263 3.87366 23.15
      vertex 54.7 1.6 23.15
      vertex 51.5607 4.14809 23.15
    endloop
  endfacet
  facet normal -0 0 1
    outer loop
      vertex 51.0519 3.63926 23.15
      vertex 54.7 1.6 23.15
      vertex 51.3263 3.87366 23.15
    endloop
  endfacet
  facet normal -0 0 1
    outer loop
      vertex 50.7442 3.45069 23.15
      vertex 54.7 1.6 23.15
      vertex 51.0519 3.63926 23.15
    endloop
  endfacet
  facet normal -0 0 1
    outer loop
      vertex 50.4107 3.31257 23.15
      vertex 54.7 1.6 23.15
      vertex 50.7442 3.45069 23.15
    endloop
  endfacet
  facet normal -0 0 1
    outer loop
      vertex 50.0598 3.22832 23.15
      vertex 54.7 1.6 23.15
      vertex 50.4107 3.31257 23.15
    endloop
  endfacet
  facet normal -0 0 1
    outer loop
      vertex 49.7 3.2 23.15
      vertex 54.7 1.6 23.15
      vertex 50.0598 3.22832 23.15
    endloop
  endfacet
  facet normal 0 0 1
    outer loop
      vertex 44.7 1.6 23.15
      vertex 49.7 3.2 23.15
      vertex 49.3402 3.22832 23.15
    endloop
  endfacet
  facet normal 0 0 1
    outer loop
      vertex 44.7 1.6 23.15
      vertex 49.3402 3.22832 23.15
      vertex 48.9893 3.31257 23.15
    endloop
  endfacet
  facet normal 0 0 1
    outer loop
      vertex 47.6507 6.54418 23.15
      vertex 45.245 7.76996 23.15
      vertex 47.5126 6.21074 23.15
    endloop
  endfacet
  facet normal -0 0 1
    outer loop
      vertex 44.9447 7.04509 23.15
      vertex 47.5126 6.21074 23.15
      vertex 45.245 7.76996 23.15
    endloop
  endfacet
  facet normal 0 0 1
    outer loop
      vertex 47.5126 6.21074 23.15
      vertex 44.9447 7.04509 23.15
      vertex 47.4283 5.8598 23.15
    endloop
  endfacet
  facet normal -0 0 1
    outer loop
      vertex 44.7616 6.28218 23.15
      vertex 47.4283 5.8598 23.15
      vertex 44.9447 7.04509 23.15
    endloop
  endfacet
  facet normal 0 0 1
    outer loop
      vertex 47.4283 5.8598 23.15
      vertex 44.7616 6.28218 23.15
      vertex 47.4 5.5 23.15
    endloop
  endfacet
  facet normal -0 0 1
    outer loop
      vertex 44.7 5.50001 23.15
      vertex 47.4 5.5 23.15
      vertex 44.7616 6.28218 23.15
    endloop
  endfacet
  facet normal 0 0 1
    outer loop
      vertex 47.4 5.5 23.15
      vertex 44.7 5.50001 23.15
      vertex 47.4283 5.1402 23.15
    endloop
  endfacet
  facet normal 0 0 1
    outer loop
      vertex 47.4283 5.1402 23.15
      vertex 44.7 5.50001 23.15
      vertex 47.5126 4.78926 23.15
    endloop
  endfacet
  facet normal 0 0 1
    outer loop
      vertex 47.5126 4.78926 23.15
      vertex 44.7 5.50001 23.15
      vertex 47.6507 4.45582 23.15
    endloop
  endfacet
  facet normal 0 0 1
    outer loop
      vertex 44.7 1.6 23.15
      vertex 47.6507 4.45582 23.15
      vertex 44.7 5.50001 23.15
    endloop
  endfacet
  facet normal 0 0 1
    outer loop
      vertex 47.6507 4.45582 23.15
      vertex 44.7 1.6 23.15
      vertex 47.8393 4.14809 23.15
    endloop
  endfacet
  facet normal 0 0 1
    outer loop
      vertex 47.8393 4.14809 23.15
      vertex 44.7 1.6 23.15
      vertex 48.0737 3.87366 23.15
    endloop
  endfacet
  facet normal 0 0 1
    outer loop
      vertex 48.0737 3.87366 23.15
      vertex 44.7 1.6 23.15
      vertex 48.3481 3.63926 23.15
    endloop
  endfacet
  facet normal 0 0 1
    outer loop
      vertex 48.3481 3.63926 23.15
      vertex 44.7 1.6 23.15
      vertex 48.6558 3.45069 23.15
    endloop
  endfacet
  facet normal 0 0 1
    outer loop
      vertex 44.7 1.6 23.15
      vertex 48.9893 3.31257 23.15
      vertex 48.6558 3.45069 23.15
    endloop
  endfacet
  facet normal 0 0 1
    outer loop
      vertex 49.7 3.2 23.15
      vertex 44.7 1.6 23.15
      vertex 54.7 1.6 23.15
    endloop
  endfacet
  facet normal -0 0 1
    outer loop
      vertex 44.7 1.6 23.15
      vertex 85.2 0.500012 23.15
      vertex 54.7 1.6 23.15
    endloop
  endfacet
  facet normal 0 0 1
    outer loop
      vertex 4.49999 0.500012 23.15
      vertex 44.7 1.6 23.15
      vertex 16.7 1.6 23.15
    endloop
  endfacet
  facet normal 0 0 1
    outer loop
      vertex 13.9717 5.8598 23.15
      vertex 16.6384 6.28218 23.15
      vertex 16.4553 7.04509 23.15
    endloop
  endfacet
  facet normal 0 0 1
    outer loop
      vertex 13.8874 6.21074 23.15
      vertex 16.4553 7.04509 23.15
      vertex 16.155 7.76996 23.15
    endloop
  endfacet
  facet normal 0 0 1
    outer loop
      vertex 13.7493 6.54418 23.15
      vertex 16.155 7.76996 23.15
      vertex 15.7451 8.43893 23.15
    endloop
  endfacet
  facet normal 0 0 1
    outer loop
      vertex 13.5607 6.85191 23.15
      vertex 15.7451 8.43893 23.15
      vertex 15.2355 9.03553 23.15
    endloop
  endfacet
  facet normal 0 0 1
    outer loop
      vertex 13.3263 7.12634 23.15
      vertex 15.2355 9.03553 23.15
      vertex 14.6389 9.54509 23.15
    endloop
  endfacet
  facet normal 0 0 1
    outer loop
      vertex 16.6384 6.28218 23.15
      vertex 13.9717 5.8598 23.15
      vertex 14 5.5 23.15
    endloop
  endfacet
  facet normal 0 0 1
    outer loop
      vertex 16.7 5.50001 23.15
      vertex 13.9717 5.1402 23.15
      vertex 13.8874 4.78926 23.15
    endloop
  endfacet
  facet normal 0 0 1
    outer loop
      vertex 13.7493 4.45582 23.15
      vertex 16.7 5.50001 23.15
      vertex 13.8874 4.78926 23.15
    endloop
  endfacet
  facet normal 0 0 1
    outer loop
      vertex 16.7 5.50001 23.15
      vertex 13.7493 4.45582 23.15
      vertex 16.7 1.6 23.15
    endloop
  endfacet
  facet normal -0 0 1
    outer loop
      vertex 13.5607 4.14809 23.15
      vertex 16.7 1.6 23.15
      vertex 13.7493 4.45582 23.15
    endloop
  endfacet
  facet normal -0 0 1
    outer loop
      vertex 13.3263 3.87366 23.15
      vertex 16.7 1.6 23.15
      vertex 13.5607 4.14809 23.15
    endloop
  endfacet
  facet normal -0 0 1
    outer loop
      vertex 13.0519 3.63926 23.15
      vertex 16.7 1.6 23.15
      vertex 13.3263 3.87366 23.15
    endloop
  endfacet
  facet normal -0 0 1
    outer loop
      vertex 12.7442 3.45069 23.15
      vertex 16.7 1.6 23.15
      vertex 13.0519 3.63926 23.15
    endloop
  endfacet
  facet normal -0 0 1
    outer loop
      vertex 12.4107 3.31257 23.15
      vertex 16.7 1.6 23.15
      vertex 12.7442 3.45069 23.15
    endloop
  endfacet
  facet normal -0 0 1
    outer loop
      vertex 12.0598 3.22832 23.15
      vertex 16.7 1.6 23.15
      vertex 12.4107 3.31257 23.15
    endloop
  endfacet
  facet normal -0 0 1
    outer loop
      vertex 11.7 3.2 23.15
      vertex 16.7 1.6 23.15
      vertex 12.0598 3.22832 23.15
    endloop
  endfacet
  facet normal 0 0 1
    outer loop
      vertex 6.7 1.6 23.15
      vertex 11.7 3.2 23.15
      vertex 11.3402 3.22832 23.15
    endloop
  endfacet
  facet normal 0 0 1
    outer loop
      vertex 6.7 1.6 23.15
      vertex 11.3402 3.22832 23.15
      vertex 10.9893 3.31257 23.15
    endloop
  endfacet
  facet normal 0 0 1
    outer loop
      vertex 9.65069 6.54418 23.15
      vertex 7.24495 7.76996 23.15
      vertex 9.51257 6.21074 23.15
    endloop
  endfacet
  facet normal -0 0 1
    outer loop
      vertex 6.94471 7.04509 23.15
      vertex 9.51257 6.21074 23.15
      vertex 7.24495 7.76996 23.15
    endloop
  endfacet
  facet normal 0 0 1
    outer loop
      vertex 9.51257 6.21074 23.15
      vertex 6.94471 7.04509 23.15
      vertex 9.42832 5.8598 23.15
    endloop
  endfacet
  facet normal -0 0 1
    outer loop
      vertex 6.76155 6.28218 23.15
      vertex 9.42832 5.8598 23.15
      vertex 6.94471 7.04509 23.15
    endloop
  endfacet
  facet normal 0 0 1
    outer loop
      vertex 9.42832 5.8598 23.15
      vertex 6.76155 6.28218 23.15
      vertex 9.4 5.5 23.15
    endloop
  endfacet
  facet normal -0 0 1
    outer loop
      vertex 6.7 5.50001 23.15
      vertex 9.4 5.5 23.15
      vertex 6.76155 6.28218 23.15
    endloop
  endfacet
  facet normal 0 0 1
    outer loop
      vertex 9.4 5.5 23.15
      vertex 6.7 5.50001 23.15
      vertex 9.42832 5.1402 23.15
    endloop
  endfacet
  facet normal 0 0 1
    outer loop
      vertex 9.42832 5.1402 23.15
      vertex 6.7 5.50001 23.15
      vertex 9.51257 4.78926 23.15
    endloop
  endfacet
  facet normal 0 0 1
    outer loop
      vertex 9.51257 4.78926 23.15
      vertex 6.7 5.50001 23.15
      vertex 9.65069 4.45582 23.15
    endloop
  endfacet
  facet normal 0 0 1
    outer loop
      vertex 6.7 1.6 23.15
      vertex 9.65069 4.45582 23.15
      vertex 6.7 5.50001 23.15
    endloop
  endfacet
  facet normal 0 0 1
    outer loop
      vertex 9.65069 4.45582 23.15
      vertex 6.7 1.6 23.15
      vertex 9.83926 4.14809 23.15
    endloop
  endfacet
  facet normal 0 0 1
    outer loop
      vertex 9.83926 4.14809 23.15
      vertex 6.7 1.6 23.15
      vertex 10.0737 3.87366 23.15
    endloop
  endfacet
  facet normal 0 0 1
    outer loop
      vertex 10.0737 3.87366 23.15
      vertex 6.7 1.6 23.15
      vertex 10.3481 3.63926 23.15
    endloop
  endfacet
  facet normal 0 0 1
    outer loop
      vertex 10.3481 3.63926 23.15
      vertex 6.7 1.6 23.15
      vertex 10.6558 3.45069 23.15
    endloop
  endfacet
  facet normal 0 0 1
    outer loop
      vertex 6.7 1.6 23.15
      vertex 10.9893 3.31257 23.15
      vertex 10.6558 3.45069 23.15
    endloop
  endfacet
  facet normal 0 0 1
    outer loop
      vertex 11.7 3.2 23.15
      vertex 6.7 1.6 23.15
      vertex 16.7 1.6 23.15
    endloop
  endfacet
  facet normal 0 0 1
    outer loop
      vertex 4.49999 0.500012 23.15
      vertex 16.7 1.6 23.15
      vertex 6.7 1.6 23.15
    endloop
  endfacet
  facet normal 0 0 1
    outer loop
      vertex 4.49999 0.500012 23.15
      vertex 6.7 1.6 23.15
      vertex 4.49999 1.6 23.15
    endloop
  endfacet
  facet normal 0 0 1
    outer loop
      vertex 44.7 1.6 23.15
      vertex 4.49999 0.500012 23.15
      vertex 85.2 0.500012 23.15
    endloop
  endfacet
  facet normal 0 0 1
    outer loop
      vertex 4.04633 1.63571 23.15
      vertex 4.49999 0.500012 23.15
      vertex 4.49999 1.6 23.15
    endloop
  endfacet
  facet normal 0 0 1
    outer loop
      vertex 4.04633 1.63571 23.15
      vertex 3.87426 0.549252 23.15
      vertex 4.49999 0.500012 23.15
    endloop
  endfacet
  facet normal 0 0 1
    outer loop
      vertex 3.60385 1.74194 23.15
      vertex 3.87426 0.549252 23.15
      vertex 4.04633 1.63571 23.15
    endloop
  endfacet
  facet normal 0 0 1
    outer loop
      vertex 3.60385 1.74194 23.15
      vertex 3.26393 0.695782 23.15
      vertex 3.87426 0.549252 23.15
    endloop
  endfacet
  facet normal 0 0 1
    outer loop
      vertex 3.18343 1.91609 23.15
      vertex 3.26393 0.695782 23.15
      vertex 3.60385 1.74194 23.15
    endloop
  endfacet
  facet normal 0 0 1
    outer loop
      vertex 2.68404 0.935986 23.15
      vertex 3.18343 1.91609 23.15
      vertex 2.79543 2.15385 23.15
    endloop
  endfacet
  facet normal 0 0 1
    outer loop
      vertex 3.18343 1.91609 23.15
      vertex 2.68404 0.935986 23.15
      vertex 3.26393 0.695782 23.15
    endloop
  endfacet
  facet normal 0 0 1
    outer loop
      vertex 2.14887 1.26394 23.15
      vertex 2.79543 2.15385 23.15
      vertex 2.4494 2.4494 23.15
    endloop
  endfacet
  facet normal 0 0 1
    outer loop
      vertex 1.67157 1.67158 23.15
      vertex 2.4494 2.4494 23.15
      vertex 2.15386 2.79544 23.15
    endloop
  endfacet
  facet normal 0 0 1
    outer loop
      vertex 2.79543 2.15385 23.15
      vertex 2.14887 1.26394 23.15
      vertex 2.68404 0.935986 23.15
    endloop
  endfacet
  facet normal 0 0 1
    outer loop
      vertex 1.26393 2.14886 23.15
      vertex 2.15386 2.79544 23.15
      vertex 1.9161 3.18344 23.15
    endloop
  endfacet
  facet normal 0 0 1
    outer loop
      vertex 0.935977 2.68405 23.15
      vertex 1.9161 3.18344 23.15
      vertex 1.74195 3.60386 23.15
    endloop
  endfacet
  facet normal 0 0 1
    outer loop
      vertex 2.4494 2.4494 23.15
      vertex 1.67157 1.67158 23.15
      vertex 2.14887 1.26394 23.15
    endloop
  endfacet
  facet normal 0 0 1
    outer loop
      vertex 0.695789 3.26394 23.15
      vertex 1.74195 3.60386 23.15
      vertex 1.63571 4.04635 23.15
    endloop
  endfacet
  facet normal 0 0 1
    outer loop
      vertex 0.549258 3.87426 23.15
      vertex 1.63571 4.04635 23.15
      vertex 1.60001 4.50001 23.15
    endloop
  endfacet
  facet normal 0 0 1
    outer loop
      vertex 2.15386 2.79544 23.15
      vertex 1.26393 2.14886 23.15
      vertex 1.67157 1.67158 23.15
    endloop
  endfacet
  facet normal 0 0 1
    outer loop
      vertex 1.60001 49.8 23.15
      vertex 0.500003 49.8 23.15
      vertex 1.60001 4.50001 23.15
    endloop
  endfacet
  facet normal -0 0 1
    outer loop
      vertex 0.549258 50.4257 23.15
      vertex 1.63571 50.2537 23.15
      vertex 0.695789 51.0361 23.15
    endloop
  endfacet
  facet normal 0 0 1
    outer loop
      vertex 0.500003 4.50001 23.15
      vertex 1.60001 4.50001 23.15
      vertex 0.500003 49.8 23.15
    endloop
  endfacet
  facet normal 0 0 1
    outer loop
      vertex 1.63571 50.2537 23.15
      vertex 0.549258 50.4257 23.15
      vertex 1.60001 49.8 23.15
    endloop
  endfacet
  facet normal 0 -0 1
    outer loop
      vertex 0.549258 3.87426 23.15
      vertex 1.60001 4.50001 23.15
      vertex 0.500003 4.50001 23.15
    endloop
  endfacet
  facet normal 0 0 1
    outer loop
      vertex 1.60001 49.8 23.15
      vertex 0.549258 50.4257 23.15
      vertex 0.500003 49.8 23.15
    endloop
  endfacet
  facet normal 0 0 1
    outer loop
      vertex 1.9161 3.18344 23.15
      vertex 0.935977 2.68405 23.15
      vertex 1.26393 2.14886 23.15
    endloop
  endfacet
  facet normal 0 0 1
    outer loop
      vertex 1.74195 3.60386 23.15
      vertex 0.695789 3.26394 23.15
      vertex 0.935977 2.68405 23.15
    endloop
  endfacet
  facet normal 0 0 1
    outer loop
      vertex 1.63571 4.04635 23.15
      vertex 0.549258 3.87426 23.15
      vertex 0.695789 3.26394 23.15
    endloop
  endfacet
  facet normal 0 0 1
    outer loop
      vertex 47.4 48.8 23.15
      vertex 44.7 48.8 23.15
      vertex 44.7616 48.0178 23.15
    endloop
  endfacet
  facet normal 0 0 1
    outer loop
      vertex 9.4 48.8 23.15
      vertex 6.7 48.8 23.15
      vertex 6.76155 48.0178 23.15
    endloop
  endfacet
  facet normal 0 0 1
    outer loop
      vertex 16.7 5.50001 23.15
      vertex 14 5.5 23.15
      vertex 13.9717 5.1402 23.15
    endloop
  endfacet
  facet normal 0 0 1
    outer loop
      vertex 13.0519 7.36074 23.15
      vertex 14.6389 9.54509 23.15
      vertex 13.9699 9.95504 23.15
    endloop
  endfacet
  facet normal 0 0 1
    outer loop
      vertex 16.4553 7.04509 23.15
      vertex 13.8874 6.21074 23.15
      vertex 13.9717 5.8598 23.15
    endloop
  endfacet
  facet normal 0 0 1
    outer loop
      vertex 16.155 7.76996 23.15
      vertex 13.7493 6.54418 23.15
      vertex 13.8874 6.21074 23.15
    endloop
  endfacet
  facet normal 0 0 1
    outer loop
      vertex 15.7451 8.43893 23.15
      vertex 13.5607 6.85191 23.15
      vertex 13.7493 6.54418 23.15
    endloop
  endfacet
  facet normal 0 0 1
    outer loop
      vertex 15.2355 9.03553 23.15
      vertex 13.3263 7.12634 23.15
      vertex 13.5607 6.85191 23.15
    endloop
  endfacet
  facet normal 0 0 1
    outer loop
      vertex 12.7442 7.54931 23.15
      vertex 13.9699 9.95504 23.15
      vertex 13.2451 10.2553 23.15
    endloop
  endfacet
  facet normal 0 0 1
    outer loop
      vertex 14.6389 9.54509 23.15
      vertex 13.0519 7.36074 23.15
      vertex 13.3263 7.12634 23.15
    endloop
  endfacet
  facet normal 0 0 1
    outer loop
      vertex 13.9699 9.95504 23.15
      vertex 12.7442 7.54931 23.15
      vertex 13.0519 7.36074 23.15
    endloop
  endfacet
  facet normal 0 0 1
    outer loop
      vertex 12.4107 7.68743 23.15
      vertex 13.2451 10.2553 23.15
      vertex 12.4822 10.4384 23.15
    endloop
  endfacet
  facet normal 0 0 1
    outer loop
      vertex 13.2451 10.2553 23.15
      vertex 12.4107 7.68743 23.15
      vertex 12.7442 7.54931 23.15
    endloop
  endfacet
  facet normal 0 0 1
    outer loop
      vertex 12.4822 10.4384 23.15
      vertex 12.0598 7.77168 23.15
      vertex 12.4107 7.68743 23.15
    endloop
  endfacet
  facet normal 0 0 1
    outer loop
      vertex 12.4822 10.4384 23.15
      vertex 11.7 7.8 23.15
      vertex 12.0598 7.77168 23.15
    endloop
  endfacet
  facet normal 0 0 1
    outer loop
      vertex 11.7 10.5 23.15
      vertex 11.7 7.8 23.15
      vertex 12.4822 10.4384 23.15
    endloop
  endfacet
  facet normal 0 0 1
    outer loop
      vertex 11.7 10.5 23.15
      vertex 11.3402 7.77168 23.15
      vertex 11.7 7.8 23.15
    endloop
  endfacet
  facet normal -0 0 1
    outer loop
      vertex 10.9178 10.4384 23.15
      vertex 11.3402 7.77168 23.15
      vertex 11.7 10.5 23.15
    endloop
  endfacet
  facet normal 0 0 1
    outer loop
      vertex 11.3402 7.77168 23.15
      vertex 10.9178 10.4384 23.15
      vertex 10.9893 7.68743 23.15
    endloop
  endfacet
  facet normal -0 0 1
    outer loop
      vertex 10.1549 10.2553 23.15
      vertex 10.9893 7.68743 23.15
      vertex 10.9178 10.4384 23.15
    endloop
  endfacet
  facet normal 0 0 1
    outer loop
      vertex 10.9893 7.68743 23.15
      vertex 10.1549 10.2553 23.15
      vertex 10.6558 7.54931 23.15
    endloop
  endfacet
  facet normal -0 0 1
    outer loop
      vertex 9.43004 9.95504 23.15
      vertex 10.6558 7.54931 23.15
      vertex 10.1549 10.2553 23.15
    endloop
  endfacet
  facet normal 0 0 1
    outer loop
      vertex 10.6558 7.54931 23.15
      vertex 9.43004 9.95504 23.15
      vertex 10.3481 7.36074 23.15
    endloop
  endfacet
  facet normal -0 0 1
    outer loop
      vertex 8.76107 9.54509 23.15
      vertex 10.3481 7.36074 23.15
      vertex 9.43004 9.95504 23.15
    endloop
  endfacet
  facet normal 0 0 1
    outer loop
      vertex 10.3481 7.36074 23.15
      vertex 8.76107 9.54509 23.15
      vertex 10.0737 7.12634 23.15
    endloop
  endfacet
  facet normal -0 0 1
    outer loop
      vertex 8.16446 9.03553 23.15
      vertex 10.0737 7.12634 23.15
      vertex 8.76107 9.54509 23.15
    endloop
  endfacet
  facet normal 0 0 1
    outer loop
      vertex 10.0737 7.12634 23.15
      vertex 8.16446 9.03553 23.15
      vertex 9.83926 6.85191 23.15
    endloop
  endfacet
  facet normal -0 0 1
    outer loop
      vertex 7.65491 8.43893 23.15
      vertex 9.83926 6.85191 23.15
      vertex 8.16446 9.03553 23.15
    endloop
  endfacet
  facet normal 0 0 1
    outer loop
      vertex 9.83926 6.85191 23.15
      vertex 7.65491 8.43893 23.15
      vertex 9.65069 6.54418 23.15
    endloop
  endfacet
  facet normal -0 0 1
    outer loop
      vertex 7.24495 7.76996 23.15
      vertex 9.65069 6.54418 23.15
      vertex 7.65491 8.43893 23.15
    endloop
  endfacet
  facet normal 0 0 1
    outer loop
      vertex 16.155 46.53 23.15
      vertex 13.7493 47.7558 23.15
      vertex 15.7451 45.8611 23.15
    endloop
  endfacet
  facet normal -0 0 1
    outer loop
      vertex 13.5607 47.4481 23.15
      vertex 15.7451 45.8611 23.15
      vertex 13.7493 47.7558 23.15
    endloop
  endfacet
  facet normal 0 0 1
    outer loop
      vertex 15.7451 45.8611 23.15
      vertex 13.5607 47.4481 23.15
      vertex 15.2355 45.2645 23.15
    endloop
  endfacet
  facet normal -0 0 1
    outer loop
      vertex 13.3263 47.1737 23.15
      vertex 15.2355 45.2645 23.15
      vertex 13.5607 47.4481 23.15
    endloop
  endfacet
  facet normal 0 0 1
    outer loop
      vertex 15.2355 45.2645 23.15
      vertex 13.3263 47.1737 23.15
      vertex 14.6389 44.7549 23.15
    endloop
  endfacet
  facet normal -0 0 1
    outer loop
      vertex 13.0519 46.9393 23.15
      vertex 14.6389 44.7549 23.15
      vertex 13.3263 47.1737 23.15
    endloop
  endfacet
  facet normal 0 0 1
    outer loop
      vertex 14.6389 44.7549 23.15
      vertex 13.0519 46.9393 23.15
      vertex 13.9699 44.345 23.15
    endloop
  endfacet
  facet normal -0 0 1
    outer loop
      vertex 12.7442 46.7507 23.15
      vertex 13.9699 44.345 23.15
      vertex 13.0519 46.9393 23.15
    endloop
  endfacet
  facet normal 0 0 1
    outer loop
      vertex 13.9699 44.345 23.15
      vertex 12.7442 46.7507 23.15
      vertex 13.2451 44.0447 23.15
    endloop
  endfacet
  facet normal -0 0 1
    outer loop
      vertex 12.4107 46.6126 23.15
      vertex 13.2451 44.0447 23.15
      vertex 12.7442 46.7507 23.15
    endloop
  endfacet
  facet normal 0 0 1
    outer loop
      vertex 13.2451 44.0447 23.15
      vertex 12.4107 46.6126 23.15
      vertex 12.4822 43.8616 23.15
    endloop
  endfacet
  facet normal -0 0 1
    outer loop
      vertex 12.0598 46.5283 23.15
      vertex 12.4822 43.8616 23.15
      vertex 12.4107 46.6126 23.15
    endloop
  endfacet
  facet normal -0 0 1
    outer loop
      vertex 11.7 46.5 23.15
      vertex 12.4822 43.8616 23.15
      vertex 12.0598 46.5283 23.15
    endloop
  endfacet
  facet normal 0 0 1
    outer loop
      vertex 11.7 46.5 23.15
      vertex 11.7 43.8 23.15
      vertex 12.4822 43.8616 23.15
    endloop
  endfacet
  facet normal 0 0 1
    outer loop
      vertex 11.3402 46.5283 23.15
      vertex 11.7 43.8 23.15
      vertex 11.7 46.5 23.15
    endloop
  endfacet
  facet normal 0 0 1
    outer loop
      vertex 10.9178 43.8616 23.15
      vertex 11.3402 46.5283 23.15
      vertex 10.9893 46.6126 23.15
    endloop
  endfacet
  facet normal 0 0 1
    outer loop
      vertex 11.3402 46.5283 23.15
      vertex 10.9178 43.8616 23.15
      vertex 11.7 43.8 23.15
    endloop
  endfacet
  facet normal 0 0 1
    outer loop
      vertex 10.1549 44.0447 23.15
      vertex 10.9893 46.6126 23.15
      vertex 10.6558 46.7507 23.15
    endloop
  endfacet
  facet normal 0 0 1
    outer loop
      vertex 9.43004 44.345 23.15
      vertex 10.6558 46.7507 23.15
      vertex 10.3481 46.9393 23.15
    endloop
  endfacet
  facet normal 0 0 1
    outer loop
      vertex 10.9893 46.6126 23.15
      vertex 10.1549 44.0447 23.15
      vertex 10.9178 43.8616 23.15
    endloop
  endfacet
  facet normal 0 0 1
    outer loop
      vertex 8.76107 44.7549 23.15
      vertex 10.3481 46.9393 23.15
      vertex 10.0737 47.1737 23.15
    endloop
  endfacet
  facet normal 0 0 1
    outer loop
      vertex 8.76107 44.7549 23.15
      vertex 10.0737 47.1737 23.15
      vertex 9.83926 47.4481 23.15
    endloop
  endfacet
  facet normal 0 0 1
    outer loop
      vertex 8.76107 44.7549 23.15
      vertex 9.83926 47.4481 23.15
      vertex 9.65069 47.7558 23.15
    endloop
  endfacet
  facet normal 0 0 1
    outer loop
      vertex 8.76107 44.7549 23.15
      vertex 9.65069 47.7558 23.15
      vertex 9.51257 48.0893 23.15
    endloop
  endfacet
  facet normal 0 0 1
    outer loop
      vertex 10.6558 46.7507 23.15
      vertex 9.43004 44.345 23.15
      vertex 10.1549 44.0447 23.15
    endloop
  endfacet
  facet normal 0 0 1
    outer loop
      vertex 8.76107 44.7549 23.15
      vertex 9.51257 48.0893 23.15
      vertex 9.42832 48.4402 23.15
    endloop
  endfacet
  facet normal 0 0 1
    outer loop
      vertex 8.76107 44.7549 23.15
      vertex 9.42832 48.4402 23.15
      vertex 9.4 48.8 23.15
    endloop
  endfacet
  facet normal 0 0 1
    outer loop
      vertex 10.3481 46.9393 23.15
      vertex 8.76107 44.7549 23.15
      vertex 9.43004 44.345 23.15
    endloop
  endfacet
  facet normal 0 0 1
    outer loop
      vertex 54.7 5.50001 23.15
      vertex 52 5.5 23.15
      vertex 51.9717 5.1402 23.15
    endloop
  endfacet
  facet normal 0 0 1
    outer loop
      vertex 51.0519 7.36074 23.15
      vertex 52.6389 9.54509 23.15
      vertex 51.9699 9.95504 23.15
    endloop
  endfacet
  facet normal 0 0 1
    outer loop
      vertex 54.4553 7.04509 23.15
      vertex 51.8874 6.21074 23.15
      vertex 51.9717 5.8598 23.15
    endloop
  endfacet
  facet normal 0 0 1
    outer loop
      vertex 54.155 7.76996 23.15
      vertex 51.7493 6.54418 23.15
      vertex 51.8874 6.21074 23.15
    endloop
  endfacet
  facet normal 0 0 1
    outer loop
      vertex 53.7451 8.43893 23.15
      vertex 51.5607 6.85191 23.15
      vertex 51.7493 6.54418 23.15
    endloop
  endfacet
  facet normal 0 0 1
    outer loop
      vertex 53.2355 9.03553 23.15
      vertex 51.3263 7.12634 23.15
      vertex 51.5607 6.85191 23.15
    endloop
  endfacet
  facet normal 0 0 1
    outer loop
      vertex 50.7442 7.54931 23.15
      vertex 51.9699 9.95504 23.15
      vertex 51.2451 10.2553 23.15
    endloop
  endfacet
  facet normal 0 0 1
    outer loop
      vertex 52.6389 9.54509 23.15
      vertex 51.0519 7.36074 23.15
      vertex 51.3263 7.12634 23.15
    endloop
  endfacet
  facet normal 0 0 1
    outer loop
      vertex 51.9699 9.95504 23.15
      vertex 50.7442 7.54931 23.15
      vertex 51.0519 7.36074 23.15
    endloop
  endfacet
  facet normal 0 0 1
    outer loop
      vertex 50.4107 7.68743 23.15
      vertex 51.2451 10.2553 23.15
      vertex 50.4822 10.4384 23.15
    endloop
  endfacet
  facet normal 0 0 1
    outer loop
      vertex 51.2451 10.2553 23.15
      vertex 50.4107 7.68743 23.15
      vertex 50.7442 7.54931 23.15
    endloop
  endfacet
  facet normal 0 0 1
    outer loop
      vertex 50.4822 10.4384 23.15
      vertex 50.0598 7.77168 23.15
      vertex 50.4107 7.68743 23.15
    endloop
  endfacet
  facet normal 0 0 1
    outer loop
      vertex 49.7 10.5 23.15
      vertex 50.0598 7.77168 23.15
      vertex 50.4822 10.4384 23.15
    endloop
  endfacet
  facet normal 0 0 1
    outer loop
      vertex 49.7 10.5 23.15
      vertex 49.7 7.8 23.15
      vertex 50.0598 7.77168 23.15
    endloop
  endfacet
  facet normal 0 0 1
    outer loop
      vertex 49.7 10.5 23.15
      vertex 49.3402 7.77168 23.15
      vertex 49.7 7.8 23.15
    endloop
  endfacet
  facet normal -0 0 1
    outer loop
      vertex 48.9178 10.4384 23.15
      vertex 49.3402 7.77168 23.15
      vertex 49.7 10.5 23.15
    endloop
  endfacet
  facet normal 0 0 1
    outer loop
      vertex 49.3402 7.77168 23.15
      vertex 48.9178 10.4384 23.15
      vertex 48.9893 7.68743 23.15
    endloop
  endfacet
  facet normal -0 0 1
    outer loop
      vertex 48.1549 10.2553 23.15
      vertex 48.9893 7.68743 23.15
      vertex 48.9178 10.4384 23.15
    endloop
  endfacet
  facet normal 0 0 1
    outer loop
      vertex 48.9893 7.68743 23.15
      vertex 48.1549 10.2553 23.15
      vertex 48.6558 7.54931 23.15
    endloop
  endfacet
  facet normal -0 0 1
    outer loop
      vertex 47.43 9.95504 23.15
      vertex 48.6558 7.54931 23.15
      vertex 48.1549 10.2553 23.15
    endloop
  endfacet
  facet normal 0 0 1
    outer loop
      vertex 48.6558 7.54931 23.15
      vertex 47.43 9.95504 23.15
      vertex 48.3481 7.36074 23.15
    endloop
  endfacet
  facet normal -0 0 1
    outer loop
      vertex 46.7611 9.54509 23.15
      vertex 48.3481 7.36074 23.15
      vertex 47.43 9.95504 23.15
    endloop
  endfacet
  facet normal 0 0 1
    outer loop
      vertex 48.3481 7.36074 23.15
      vertex 46.7611 9.54509 23.15
      vertex 48.0737 7.12634 23.15
    endloop
  endfacet
  facet normal -0 0 1
    outer loop
      vertex 46.1645 9.03553 23.15
      vertex 48.0737 7.12634 23.15
      vertex 46.7611 9.54509 23.15
    endloop
  endfacet
  facet normal 0 0 1
    outer loop
      vertex 48.0737 7.12634 23.15
      vertex 46.1645 9.03553 23.15
      vertex 47.8393 6.85191 23.15
    endloop
  endfacet
  facet normal -0 0 1
    outer loop
      vertex 45.6549 8.43893 23.15
      vertex 47.8393 6.85191 23.15
      vertex 46.1645 9.03553 23.15
    endloop
  endfacet
  facet normal 0 0 1
    outer loop
      vertex 47.8393 6.85191 23.15
      vertex 45.6549 8.43893 23.15
      vertex 47.6507 6.54418 23.15
    endloop
  endfacet
  facet normal -0 0 1
    outer loop
      vertex 45.245 7.76996 23.15
      vertex 47.6507 6.54418 23.15
      vertex 45.6549 8.43893 23.15
    endloop
  endfacet
  facet normal 0 0 1
    outer loop
      vertex 54.155 46.53 23.15
      vertex 51.7493 47.7558 23.15
      vertex 53.7451 45.8611 23.15
    endloop
  endfacet
  facet normal -0 0 1
    outer loop
      vertex 51.5607 47.4481 23.15
      vertex 53.7451 45.8611 23.15
      vertex 51.7493 47.7558 23.15
    endloop
  endfacet
  facet normal 0 0 1
    outer loop
      vertex 53.7451 45.8611 23.15
      vertex 51.5607 47.4481 23.15
      vertex 53.2355 45.2645 23.15
    endloop
  endfacet
  facet normal -0 0 1
    outer loop
      vertex 51.3263 47.1737 23.15
      vertex 53.2355 45.2645 23.15
      vertex 51.5607 47.4481 23.15
    endloop
  endfacet
  facet normal 0 0 1
    outer loop
      vertex 53.2355 45.2645 23.15
      vertex 51.3263 47.1737 23.15
      vertex 52.6389 44.7549 23.15
    endloop
  endfacet
  facet normal -0 0 1
    outer loop
      vertex 51.0519 46.9393 23.15
      vertex 52.6389 44.7549 23.15
      vertex 51.3263 47.1737 23.15
    endloop
  endfacet
  facet normal 0 0 1
    outer loop
      vertex 52.6389 44.7549 23.15
      vertex 51.0519 46.9393 23.15
      vertex 51.9699 44.345 23.15
    endloop
  endfacet
  facet normal -0 0 1
    outer loop
      vertex 50.7442 46.7507 23.15
      vertex 51.9699 44.345 23.15
      vertex 51.0519 46.9393 23.15
    endloop
  endfacet
  facet normal 0 0 1
    outer loop
      vertex 51.9699 44.345 23.15
      vertex 50.7442 46.7507 23.15
      vertex 51.2451 44.0447 23.15
    endloop
  endfacet
  facet normal -0 0 1
    outer loop
      vertex 50.4107 46.6126 23.15
      vertex 51.2451 44.0447 23.15
      vertex 50.7442 46.7507 23.15
    endloop
  endfacet
  facet normal 0 0 1
    outer loop
      vertex 51.2451 44.0447 23.15
      vertex 50.4107 46.6126 23.15
      vertex 50.4822 43.8616 23.15
    endloop
  endfacet
  facet normal -0 0 1
    outer loop
      vertex 50.0598 46.5283 23.15
      vertex 50.4822 43.8616 23.15
      vertex 50.4107 46.6126 23.15
    endloop
  endfacet
  facet normal -0 0 1
    outer loop
      vertex 49.7 46.5 23.15
      vertex 50.4822 43.8616 23.15
      vertex 50.0598 46.5283 23.15
    endloop
  endfacet
  facet normal 0 0 1
    outer loop
      vertex 49.7 46.5 23.15
      vertex 49.7 43.8 23.15
      vertex 50.4822 43.8616 23.15
    endloop
  endfacet
  facet normal 0 0 1
    outer loop
      vertex 49.3402 46.5283 23.15
      vertex 49.7 43.8 23.15
      vertex 49.7 46.5 23.15
    endloop
  endfacet
  facet normal 0 0 1
    outer loop
      vertex 48.9178 43.8616 23.15
      vertex 49.3402 46.5283 23.15
      vertex 48.9893 46.6126 23.15
    endloop
  endfacet
  facet normal 0 0 1
    outer loop
      vertex 49.3402 46.5283 23.15
      vertex 48.9178 43.8616 23.15
      vertex 49.7 43.8 23.15
    endloop
  endfacet
  facet normal 0 0 1
    outer loop
      vertex 48.1549 44.0447 23.15
      vertex 48.9893 46.6126 23.15
      vertex 48.6558 46.7507 23.15
    endloop
  endfacet
  facet normal 0 0 1
    outer loop
      vertex 47.43 44.345 23.15
      vertex 48.6558 46.7507 23.15
      vertex 48.3481 46.9393 23.15
    endloop
  endfacet
  facet normal 0 0 1
    outer loop
      vertex 48.9893 46.6126 23.15
      vertex 48.1549 44.0447 23.15
      vertex 48.9178 43.8616 23.15
    endloop
  endfacet
  facet normal 0 0 1
    outer loop
      vertex 46.7611 44.7549 23.15
      vertex 48.3481 46.9393 23.15
      vertex 48.0737 47.1737 23.15
    endloop
  endfacet
  facet normal 0 0 1
    outer loop
      vertex 46.7611 44.7549 23.15
      vertex 48.0737 47.1737 23.15
      vertex 47.8393 47.4481 23.15
    endloop
  endfacet
  facet normal 0 0 1
    outer loop
      vertex 46.7611 44.7549 23.15
      vertex 47.8393 47.4481 23.15
      vertex 47.6507 47.7558 23.15
    endloop
  endfacet
  facet normal 0 0 1
    outer loop
      vertex 46.7611 44.7549 23.15
      vertex 47.6507 47.7558 23.15
      vertex 47.5126 48.0893 23.15
    endloop
  endfacet
  facet normal 0 0 1
    outer loop
      vertex 48.6558 46.7507 23.15
      vertex 47.43 44.345 23.15
      vertex 48.1549 44.0447 23.15
    endloop
  endfacet
  facet normal 0 0 1
    outer loop
      vertex 46.7611 44.7549 23.15
      vertex 47.5126 48.0893 23.15
      vertex 47.4283 48.4402 23.15
    endloop
  endfacet
  facet normal 0 0 1
    outer loop
      vertex 46.7611 44.7549 23.15
      vertex 47.4283 48.4402 23.15
      vertex 47.4 48.8 23.15
    endloop
  endfacet
  facet normal 0 0 1
    outer loop
      vertex 48.3481 46.9393 23.15
      vertex 46.7611 44.7549 23.15
      vertex 47.43 44.345 23.15
    endloop
  endfacet
  facet normal -0.707107 0 0.707107
    outer loop
      vertex 3.05176e-06 4.50001 22.65
      vertex 0.500003 49.8 23.15
      vertex 3.05176e-06 49.8 22.65
    endloop
  endfacet
  facet normal -0.707107 0 0.707107
    outer loop
      vertex 0.500003 49.8 23.15
      vertex 3.05176e-06 4.50001 22.65
      vertex 0.500003 4.50001 23.15
    endloop
  endfacet
  facet normal 0.654296 -0.271007 -0.706012
    outer loop
      vertex 89.2095 2.45704 0.5
      vertex 88.764 2.68405 1.90735e-07
      vertex 89.4797 3.10943 0.5
    endloop
  endfacet
  facet normal 0.688625 -0.16533 -0.706019
    outer loop
      vertex 89.6446 3.79605 0.5
      vertex 89.0042 3.26394 1.90735e-07
      vertex 89.1507 3.87426 1.90735e-07
    endloop
  endfacet
  facet normal 0.654296 0.271007 0.706012
    outer loop
      vertex 89.2095 51.843 22.65
      vertex 88.764 51.6159 23.15
      vertex 89.4797 51.1906 22.65
    endloop
  endfacet
  facet normal 0.706014 -0.055566 -0.706014
    outer loop
      vertex 89.6446 3.79605 0.5
      vertex 89.2 4.50001 1.90735e-07
      vertex 89.7 4.50001 0.5
    endloop
  endfacet
  facet normal 0.707107 -0 0.707107
    outer loop
      vertex 89.2 4.50001 23.15
      vertex 89.7 49.8 22.65
      vertex 89.2 49.8 23.15
    endloop
  endfacet
  facet normal 0.707107 0 0.707107
    outer loop
      vertex 89.7 49.8 22.65
      vertex 89.2 4.50001 23.15
      vertex 89.7 4.50001 22.65
    endloop
  endfacet
  facet normal 0.271016 -0.654281 0.706022
    outer loop
      vertex 87.0159 0.935986 23.15
      vertex 86.4361 0.695782 23.15
      vertex 87.243 0.490475 22.65
    endloop
  endfacet
  facet normal 0.0555672 0.706014 -0.706014
    outer loop
      vertex 85.2 53.8 1.90735e-07
      vertex 85.2 54.3 0.5
      vertex 85.9039 54.2446 0.5
    endloop
  endfacet
  facet normal 0.271007 0.654296 -0.706012
    outer loop
      vertex 87.0159 53.364 1.90735e-07
      vertex 86.5906 54.0797 0.5
      vertex 87.243 53.8095 0.5
    endloop
  endfacet
  facet normal 0.370041 0.603834 0.706013
    outer loop
      vertex 87.243 53.8095 22.65
      vertex 87.0159 53.364 23.15
      vertex 87.5511 53.0361 23.15
    endloop
  endfacet
  facet normal -0.16533 0.688625 0.706019
    outer loop
      vertex 3.79604 54.2446 22.65
      vertex 3.26393 53.6042 23.15
      vertex 3.87426 53.7507 23.15
    endloop
  endfacet
  facet normal 0.271007 0.654296 0.706012
    outer loop
      vertex 87.243 53.8095 22.65
      vertex 86.5906 54.0797 22.65
      vertex 87.0159 53.364 23.15
    endloop
  endfacet
  facet normal -0.271014 0.654297 0.706008
    outer loop
      vertex 3.10942 54.0797 22.65
      vertex 2.45705 53.8095 22.65
      vertex 2.68404 53.364 23.15
    endloop
  endfacet
  facet normal -0.538516 0.45994 -0.706014
    outer loop
      vertex 1.67157 52.6284 1.90735e-07
      vertex 1.26393 52.1511 1.90735e-07
      vertex 1.31803 52.982 0.5
    endloop
  endfacet
  facet normal -0.271017 -0.654284 -0.706018
    outer loop
      vertex 3.26393 0.695782 1.90735e-07
      vertex 2.45705 0.490475 0.5
      vertex 2.68404 0.935986 1.90735e-07
    endloop
  endfacet
  facet normal -0.370032 -0.603835 -0.706017
    outer loop
      vertex 2.45705 0.490475 0.5
      vertex 1.85497 0.859433 0.5
      vertex 2.68404 0.935986 1.90735e-07
    endloop
  endfacet
  facet normal -0.53852 -0.459938 0.706012
    outer loop
      vertex 1.26393 2.14886 23.15
      vertex 0.859424 1.85498 22.65
      vertex 1.31803 1.31802 22.65
    endloop
  endfacet
  facet normal -0.603841 -0.370028 -0.706014
    outer loop
      vertex 1.26393 2.14886 1.90735e-07
      vertex 0.490482 2.45704 0.5
      vertex 0.935977 2.68405 1.90735e-07
    endloop
  endfacet
  facet normal -0.97237 -0.233444 0
    outer loop
      vertex 0.220248 3.10943 0.5
      vertex 0.0554077 3.79605 22.65
      vertex 0.0554077 3.79605 0.5
    endloop
  endfacet
  facet normal -0.97237 -0.233444 0
    outer loop
      vertex 0.0554077 3.79605 22.65
      vertex 0.220248 3.10943 0.5
      vertex 0.220248 3.10943 22.65
    endloop
  endfacet
  facet normal 0 0 -1
    outer loop
      vertex 85.2 0.500012 1.90735e-07
      vertex 89.2 4.50001 1.90735e-07
      vertex 89.1507 3.87426 1.90735e-07
    endloop
  endfacet
  facet normal 0 0 -1
    outer loop
      vertex 89.2 4.50001 1.90735e-07
      vertex 52.1038 22.5741 1.90735e-07
      vertex 89.2 49.8 1.90735e-07
    endloop
  endfacet
  facet normal 0 0 -1
    outer loop
      vertex 85.2 0.500012 1.90735e-07
      vertex 89.1507 3.87426 1.90735e-07
      vertex 89.0042 3.26394 1.90735e-07
    endloop
  endfacet
  facet normal 0 0 -1
    outer loop
      vertex 52.0599 22.7572 1.90735e-07
      vertex 89.2 49.8 1.90735e-07
      vertex 52.1038 22.5741 1.90735e-07
    endloop
  endfacet
  facet normal 0 0 -1
    outer loop
      vertex 85.2 0.500012 1.90735e-07
      vertex 89.0042 3.26394 1.90735e-07
      vertex 88.764 2.68405 1.90735e-07
    endloop
  endfacet
  facet normal 0 0 -1
    outer loop
      vertex 51.9878 22.9312 1.90735e-07
      vertex 89.2 49.8 1.90735e-07
      vertex 52.0599 22.7572 1.90735e-07
    endloop
  endfacet
  facet normal 0 0 -1
    outer loop
      vertex 85.2 0.500012 1.90735e-07
      vertex 88.764 2.68405 1.90735e-07
      vertex 88.4361 2.14886 1.90735e-07
    endloop
  endfacet
  facet normal 0 0 -1
    outer loop
      vertex 51.8894 23.0917 1.90735e-07
      vertex 89.2 49.8 1.90735e-07
      vertex 51.9878 22.9312 1.90735e-07
    endloop
  endfacet
  facet normal 0 0 -1
    outer loop
      vertex 85.2 0.500012 1.90735e-07
      vertex 88.4361 2.14886 1.90735e-07
      vertex 88.0284 1.67158 1.90735e-07
    endloop
  endfacet
  facet normal 0 0 -1
    outer loop
      vertex 89.2 49.8 1.90735e-07
      vertex 85.2 53.8 1.90735e-07
      vertex 89.1507 50.4257 1.90735e-07
    endloop
  endfacet
  facet normal 0 0 -1
    outer loop
      vertex 85.2 0.500012 1.90735e-07
      vertex 88.0284 1.67158 1.90735e-07
      vertex 87.5511 1.26394 1.90735e-07
    endloop
  endfacet
  facet normal 0 0 -1
    outer loop
      vertex 89.0042 51.0361 1.90735e-07
      vertex 85.2 53.8 1.90735e-07
      vertex 88.764 51.6159 1.90735e-07
    endloop
  endfacet
  facet normal 0 0 -1
    outer loop
      vertex 85.2 0.500012 1.90735e-07
      vertex 87.5511 1.26394 1.90735e-07
      vertex 87.0159 0.935986 1.90735e-07
    endloop
  endfacet
  facet normal -0 0 -1
    outer loop
      vertex 89.2 4.50001 1.90735e-07
      vertex 85.2 0.500012 1.90735e-07
      vertex 52.1038 22.1987 1.90735e-07
    endloop
  endfacet
  facet normal 0 0 -1
    outer loop
      vertex 85.2 0.500012 1.90735e-07
      vertex 87.0159 0.935986 1.90735e-07
      vertex 86.4361 0.695782 1.90735e-07
    endloop
  endfacet
  facet normal 0 0 -1
    outer loop
      vertex 88.764 51.6159 1.90735e-07
      vertex 85.2 53.8 1.90735e-07
      vertex 88.4361 52.1511 1.90735e-07
    endloop
  endfacet
  facet normal 0 0 -1
    outer loop
      vertex 85.2 0.500012 1.90735e-07
      vertex 86.4361 0.695782 1.90735e-07
      vertex 85.8257 0.549252 1.90735e-07
    endloop
  endfacet
  facet normal 0 0 -1
    outer loop
      vertex 87.5511 53.0361 1.90735e-07
      vertex 85.2 53.8 1.90735e-07
      vertex 87.0159 53.364 1.90735e-07
    endloop
  endfacet
  facet normal 0 0 -1
    outer loop
      vertex 87.0159 53.364 1.90735e-07
      vertex 85.2 53.8 1.90735e-07
      vertex 86.4361 53.6042 1.90735e-07
    endloop
  endfacet
  facet normal 0 0 -1
    outer loop
      vertex 86.4361 53.6042 1.90735e-07
      vertex 85.2 53.8 1.90735e-07
      vertex 85.8257 53.7507 1.90735e-07
    endloop
  endfacet
  facet normal 0 0 -1
    outer loop
      vertex 89.2 4.50001 1.90735e-07
      vertex 52.1186 22.3864 1.90735e-07
      vertex 52.1038 22.5741 1.90735e-07
    endloop
  endfacet
  facet normal 0 0 -1
    outer loop
      vertex 89.2 4.50001 1.90735e-07
      vertex 52.1038 22.1987 1.90735e-07
      vertex 52.1186 22.3864 1.90735e-07
    endloop
  endfacet
  facet normal 0 0 -1
    outer loop
      vertex 85.2 0.500012 1.90735e-07
      vertex 52.0599 22.0156 1.90735e-07
      vertex 52.1038 22.1987 1.90735e-07
    endloop
  endfacet
  facet normal 0 0 -1
    outer loop
      vertex 85.2 0.500012 1.90735e-07
      vertex 51.9878 21.8416 1.90735e-07
      vertex 52.0599 22.0156 1.90735e-07
    endloop
  endfacet
  facet normal 0 0 -1
    outer loop
      vertex 85.2 0.500012 1.90735e-07
      vertex 51.8894 21.6811 1.90735e-07
      vertex 51.9878 21.8416 1.90735e-07
    endloop
  endfacet
  facet normal 0 0 -1
    outer loop
      vertex 85.2 0.500012 1.90735e-07
      vertex 51.7671 21.5379 1.90735e-07
      vertex 51.8894 21.6811 1.90735e-07
    endloop
  endfacet
  facet normal 0 0 -1
    outer loop
      vertex 85.2 0.500012 1.90735e-07
      vertex 51.6239 21.4156 1.90735e-07
      vertex 51.7671 21.5379 1.90735e-07
    endloop
  endfacet
  facet normal 0 0 -1
    outer loop
      vertex 85.2 0.500012 1.90735e-07
      vertex 51.4634 21.3172 1.90735e-07
      vertex 51.6239 21.4156 1.90735e-07
    endloop
  endfacet
  facet normal 0 0 -1
    outer loop
      vertex 43.9941 16.1233 1.90735e-07
      vertex 51.4634 21.3172 1.90735e-07
      vertex 85.2 0.500012 1.90735e-07
    endloop
  endfacet
  facet normal 0 0 -1
    outer loop
      vertex 51.4634 21.3172 1.90735e-07
      vertex 43.9941 16.1233 1.90735e-07
      vertex 51.2894 21.2451 1.90735e-07
    endloop
  endfacet
  facet normal 0 -0 -1
    outer loop
      vertex 44.0756 16.2188 1.90735e-07
      vertex 51.2894 21.2451 1.90735e-07
      vertex 43.9941 16.1233 1.90735e-07
    endloop
  endfacet
  facet normal 0 0 -1
    outer loop
      vertex 51.2894 21.2451 1.90735e-07
      vertex 44.0756 16.2188 1.90735e-07
      vertex 51.1063 21.2012 1.90735e-07
    endloop
  endfacet
  facet normal 0 -0 -1
    outer loop
      vertex 44.1412 16.3258 1.90735e-07
      vertex 51.1063 21.2012 1.90735e-07
      vertex 44.0756 16.2188 1.90735e-07
    endloop
  endfacet
  facet normal 0 0 -1
    outer loop
      vertex 51.1063 21.2012 1.90735e-07
      vertex 44.1412 16.3258 1.90735e-07
      vertex 50.9186 21.1864 1.90735e-07
    endloop
  endfacet
  facet normal 0 0 -1
    outer loop
      vertex 49.7334 22.1987 1.90735e-07
      vertex 47.3688 22.3864 1.90735e-07
      vertex 49.7186 22.3864 1.90735e-07
    endloop
  endfacet
  facet normal 0 0 -1
    outer loop
      vertex 47.354 22.1987 1.90735e-07
      vertex 49.7334 22.1987 1.90735e-07
      vertex 49.7773 22.0156 1.90735e-07
    endloop
  endfacet
  facet normal 0 0 -1
    outer loop
      vertex 47.3101 22.0156 1.90735e-07
      vertex 49.7773 22.0156 1.90735e-07
      vertex 49.8494 21.8416 1.90735e-07
    endloop
  endfacet
  facet normal 0 0 -1
    outer loop
      vertex 47.238 21.8416 1.90735e-07
      vertex 49.8494 21.8416 1.90735e-07
      vertex 49.9478 21.6811 1.90735e-07
    endloop
  endfacet
  facet normal 0 0 -1
    outer loop
      vertex 47.1396 21.6811 1.90735e-07
      vertex 49.9478 21.6811 1.90735e-07
      vertex 50.0701 21.5379 1.90735e-07
    endloop
  endfacet
  facet normal 0 0 -1
    outer loop
      vertex 47.0173 21.5379 1.90735e-07
      vertex 50.0701 21.5379 1.90735e-07
      vertex 50.2133 21.4156 1.90735e-07
    endloop
  endfacet
  facet normal 0 0 -1
    outer loop
      vertex 46.8741 21.4156 1.90735e-07
      vertex 50.2133 21.4156 1.90735e-07
      vertex 50.3738 21.3172 1.90735e-07
    endloop
  endfacet
  facet normal -0 0 -1
    outer loop
      vertex 50.9186 21.1864 1.90735e-07
      vertex 44.1892 16.4418 1.90735e-07
      vertex 50.7309 21.2012 1.90735e-07
    endloop
  endfacet
  facet normal 0 0 -1
    outer loop
      vertex 49.7334 22.1987 1.90735e-07
      vertex 47.354 22.1987 1.90735e-07
      vertex 47.3688 22.3864 1.90735e-07
    endloop
  endfacet
  facet normal 0 0 -1
    outer loop
      vertex 49.7773 22.0156 1.90735e-07
      vertex 47.3101 22.0156 1.90735e-07
      vertex 47.354 22.1987 1.90735e-07
    endloop
  endfacet
  facet normal 0 0 -1
    outer loop
      vertex 49.8494 21.8416 1.90735e-07
      vertex 47.238 21.8416 1.90735e-07
      vertex 47.3101 22.0156 1.90735e-07
    endloop
  endfacet
  facet normal 0 0 -1
    outer loop
      vertex 49.9478 21.6811 1.90735e-07
      vertex 47.1396 21.6811 1.90735e-07
      vertex 47.238 21.8416 1.90735e-07
    endloop
  endfacet
  facet normal 0 -0 -1
    outer loop
      vertex 44.2284 16.689 1.90735e-07
      vertex 50.5478 21.2451 1.90735e-07
      vertex 44.2185 16.5639 1.90735e-07
    endloop
  endfacet
  facet normal 0 0 -1
    outer loop
      vertex 50.0701 21.5379 1.90735e-07
      vertex 47.0173 21.5379 1.90735e-07
      vertex 47.1396 21.6811 1.90735e-07
    endloop
  endfacet
  facet normal -0 0 -1
    outer loop
      vertex 50.5478 21.2451 1.90735e-07
      vertex 44.2284 16.689 1.90735e-07
      vertex 50.3738 21.3172 1.90735e-07
    endloop
  endfacet
  facet normal 0 0 -1
    outer loop
      vertex 50.2133 21.4156 1.90735e-07
      vertex 46.8741 21.4156 1.90735e-07
      vertex 47.0173 21.5379 1.90735e-07
    endloop
  endfacet
  facet normal 0 -0 -1
    outer loop
      vertex 46.7136 21.3172 1.90735e-07
      vertex 50.3738 21.3172 1.90735e-07
      vertex 44.2284 16.689 1.90735e-07
    endloop
  endfacet
  facet normal 0 0 -1
    outer loop
      vertex 50.3738 21.3172 1.90735e-07
      vertex 46.7136 21.3172 1.90735e-07
      vertex 46.8741 21.4156 1.90735e-07
    endloop
  endfacet
  facet normal 0 0 -1
    outer loop
      vertex 46.7136 21.3172 1.90735e-07
      vertex 44.2284 16.689 1.90735e-07
      vertex 46.5396 21.2451 1.90735e-07
    endloop
  endfacet
  facet normal 0 0 -1
    outer loop
      vertex 46.5396 21.2451 1.90735e-07
      vertex 44.2284 16.689 1.90735e-07
      vertex 46.3565 21.2012 1.90735e-07
    endloop
  endfacet
  facet normal -0 0 -1
    outer loop
      vertex 46.1688 21.1864 1.90735e-07
      vertex 44.2284 16.689 1.90735e-07
      vertex 45.9811 21.2012 1.90735e-07
    endloop
  endfacet
  facet normal -0 0 -1
    outer loop
      vertex 44.9836 22.1987 1.90735e-07
      vertex 44.2284 16.689 1.90735e-07
      vertex 44.9688 22.3864 1.90735e-07
    endloop
  endfacet
  facet normal -0 0 -1
    outer loop
      vertex 45.0275 22.0156 1.90735e-07
      vertex 44.2284 16.689 1.90735e-07
      vertex 44.9836 22.1987 1.90735e-07
    endloop
  endfacet
  facet normal -0 0 -1
    outer loop
      vertex 45.0996 21.8416 1.90735e-07
      vertex 44.2284 16.689 1.90735e-07
      vertex 45.0275 22.0156 1.90735e-07
    endloop
  endfacet
  facet normal -0 0 -1
    outer loop
      vertex 45.198 21.6811 1.90735e-07
      vertex 44.2284 16.689 1.90735e-07
      vertex 45.0996 21.8416 1.90735e-07
    endloop
  endfacet
  facet normal -0 0 -1
    outer loop
      vertex 45.3203 21.5379 1.90735e-07
      vertex 44.2284 16.689 1.90735e-07
      vertex 45.198 21.6811 1.90735e-07
    endloop
  endfacet
  facet normal -0 0 -1
    outer loop
      vertex 45.4635 21.4156 1.90735e-07
      vertex 44.2284 16.689 1.90735e-07
      vertex 45.3203 21.5379 1.90735e-07
    endloop
  endfacet
  facet normal -0 0 -1
    outer loop
      vertex 45.624 21.3172 1.90735e-07
      vertex 44.2284 16.689 1.90735e-07
      vertex 45.4635 21.4156 1.90735e-07
    endloop
  endfacet
  facet normal -0 0 -1
    outer loop
      vertex 45.9811 21.2012 1.90735e-07
      vertex 44.2284 16.689 1.90735e-07
      vertex 45.798 21.2451 1.90735e-07
    endloop
  endfacet
  facet normal -0 0 -1
    outer loop
      vertex 45.798 21.2451 1.90735e-07
      vertex 44.2284 16.689 1.90735e-07
      vertex 45.624 21.3172 1.90735e-07
    endloop
  endfacet
  facet normal 0 0 -1
    outer loop
      vertex 46.3565 21.2012 1.90735e-07
      vertex 44.2284 16.689 1.90735e-07
      vertex 46.1688 21.1864 1.90735e-07
    endloop
  endfacet
  facet normal -0 0 -1
    outer loop
      vertex 50.7309 21.2012 1.90735e-07
      vertex 44.2185 16.5639 1.90735e-07
      vertex 50.5478 21.2451 1.90735e-07
    endloop
  endfacet
  facet normal 0 -0 -1
    outer loop
      vertex 44.2185 16.5639 1.90735e-07
      vertex 50.7309 21.2012 1.90735e-07
      vertex 44.1892 16.4418 1.90735e-07
    endloop
  endfacet
  facet normal 0 -0 -1
    outer loop
      vertex 44.1892 16.4418 1.90735e-07
      vertex 50.9186 21.1864 1.90735e-07
      vertex 44.1412 16.3258 1.90735e-07
    endloop
  endfacet
  facet normal 0 0 -1
    outer loop
      vertex 85.2 0.500012 1.90735e-07
      vertex 43.8986 16.0418 1.90735e-07
      vertex 43.9941 16.1233 1.90735e-07
    endloop
  endfacet
  facet normal 0 0 -1
    outer loop
      vertex 85.2 0.500012 1.90735e-07
      vertex 43.7916 15.9762 1.90735e-07
      vertex 43.8986 16.0418 1.90735e-07
    endloop
  endfacet
  facet normal 0 0 -1
    outer loop
      vertex 85.2 0.500012 1.90735e-07
      vertex 43.6756 15.9282 1.90735e-07
      vertex 43.7916 15.9762 1.90735e-07
    endloop
  endfacet
  facet normal 0 0 -1
    outer loop
      vertex 85.2 0.500012 1.90735e-07
      vertex 43.5535 15.8989 1.90735e-07
      vertex 43.6756 15.9282 1.90735e-07
    endloop
  endfacet
  facet normal 0 0 -1
    outer loop
      vertex 85.2 0.500012 1.90735e-07
      vertex 43.4284 15.889 1.90735e-07
      vertex 43.5535 15.8989 1.90735e-07
    endloop
  endfacet
  facet normal 0 0 -1
    outer loop
      vertex 4.49999 0.500012 1.90735e-07
      vertex 43.4284 15.889 1.90735e-07
      vertex 85.2 0.500012 1.90735e-07
    endloop
  endfacet
  facet normal -0 0 -1
    outer loop
      vertex 43.4284 15.889 1.90735e-07
      vertex 4.49999 0.500012 1.90735e-07
      vertex 12.0284 15.889 1.90735e-07
    endloop
  endfacet
  facet normal -0 0 -1
    outer loop
      vertex 11.2382 16.5639 1.90735e-07
      vertex 0.500003 4.50001 1.90735e-07
      vertex 11.2284 16.689 1.90735e-07
    endloop
  endfacet
  facet normal -0 0 -1
    outer loop
      vertex 11.2676 16.4418 1.90735e-07
      vertex 0.500003 4.50001 1.90735e-07
      vertex 11.2382 16.5639 1.90735e-07
    endloop
  endfacet
  facet normal -0 0 -1
    outer loop
      vertex 11.3156 16.3258 1.90735e-07
      vertex 0.500003 4.50001 1.90735e-07
      vertex 11.2676 16.4418 1.90735e-07
    endloop
  endfacet
  facet normal -0 0 -1
    outer loop
      vertex 11.3812 16.2188 1.90735e-07
      vertex 0.500003 4.50001 1.90735e-07
      vertex 11.3156 16.3258 1.90735e-07
    endloop
  endfacet
  facet normal -0 0 -1
    outer loop
      vertex 11.4627 16.1233 1.90735e-07
      vertex 0.500003 4.50001 1.90735e-07
      vertex 11.3812 16.2188 1.90735e-07
    endloop
  endfacet
  facet normal -0 0 -1
    outer loop
      vertex 11.5582 16.0418 1.90735e-07
      vertex 0.500003 4.50001 1.90735e-07
      vertex 11.4627 16.1233 1.90735e-07
    endloop
  endfacet
  facet normal -0 0 -1
    outer loop
      vertex 11.6652 15.9762 1.90735e-07
      vertex 0.500003 4.50001 1.90735e-07
      vertex 11.5582 16.0418 1.90735e-07
    endloop
  endfacet
  facet normal 0 0 -1
    outer loop
      vertex 0.500003 4.50001 1.90735e-07
      vertex 11.6652 15.9762 1.90735e-07
      vertex 4.49999 0.500012 1.90735e-07
    endloop
  endfacet
  facet normal -0 0 -1
    outer loop
      vertex 11.7812 15.9282 1.90735e-07
      vertex 4.49999 0.500012 1.90735e-07
      vertex 11.6652 15.9762 1.90735e-07
    endloop
  endfacet
  facet normal -0 0 -1
    outer loop
      vertex 11.9032 15.8989 1.90735e-07
      vertex 4.49999 0.500012 1.90735e-07
      vertex 11.7812 15.9282 1.90735e-07
    endloop
  endfacet
  facet normal -0 0 -1
    outer loop
      vertex 12.0284 15.889 1.90735e-07
      vertex 4.49999 0.500012 1.90735e-07
      vertex 11.9032 15.8989 1.90735e-07
    endloop
  endfacet
  facet normal 0 0 -1
    outer loop
      vertex 88.0284 52.6284 1.90735e-07
      vertex 85.2 53.8 1.90735e-07
      vertex 87.5511 53.0361 1.90735e-07
    endloop
  endfacet
  facet normal 0 0 -1
    outer loop
      vertex 88.4361 52.1511 1.90735e-07
      vertex 85.2 53.8 1.90735e-07
      vertex 88.0284 52.6284 1.90735e-07
    endloop
  endfacet
  facet normal 0 0 -1
    outer loop
      vertex 89.1507 50.4257 1.90735e-07
      vertex 85.2 53.8 1.90735e-07
      vertex 89.0042 51.0361 1.90735e-07
    endloop
  endfacet
  facet normal -0 0 -1
    outer loop
      vertex 89.2 49.8 1.90735e-07
      vertex 51.8894 23.0917 1.90735e-07
      vertex 85.2 53.8 1.90735e-07
    endloop
  endfacet
  facet normal 0 0 -1
    outer loop
      vertex 51.7671 23.2349 1.90735e-07
      vertex 85.2 53.8 1.90735e-07
      vertex 51.8894 23.0917 1.90735e-07
    endloop
  endfacet
  facet normal 0 0 -1
    outer loop
      vertex 51.6239 23.3572 1.90735e-07
      vertex 85.2 53.8 1.90735e-07
      vertex 51.7671 23.2349 1.90735e-07
    endloop
  endfacet
  facet normal 0 0 -1
    outer loop
      vertex 44.2284 35.589 1.90735e-07
      vertex 51.6239 23.3572 1.90735e-07
      vertex 51.4634 23.4556 1.90735e-07
    endloop
  endfacet
  facet normal 0 0 -1
    outer loop
      vertex 44.2284 35.589 1.90735e-07
      vertex 51.4634 23.4556 1.90735e-07
      vertex 51.2894 23.5277 1.90735e-07
    endloop
  endfacet
  facet normal 0 0 -1
    outer loop
      vertex 44.2284 35.589 1.90735e-07
      vertex 51.2894 23.5277 1.90735e-07
      vertex 51.1063 23.5716 1.90735e-07
    endloop
  endfacet
  facet normal 0 0 -1
    outer loop
      vertex 44.2284 35.589 1.90735e-07
      vertex 51.1063 23.5716 1.90735e-07
      vertex 50.9186 23.5864 1.90735e-07
    endloop
  endfacet
  facet normal 0 0 -1
    outer loop
      vertex 44.2284 35.589 1.90735e-07
      vertex 50.9186 23.5864 1.90735e-07
      vertex 50.7309 23.5716 1.90735e-07
    endloop
  endfacet
  facet normal 0 0 -1
    outer loop
      vertex 44.2284 35.589 1.90735e-07
      vertex 50.7309 23.5716 1.90735e-07
      vertex 50.5478 23.5277 1.90735e-07
    endloop
  endfacet
  facet normal 0 0 -1
    outer loop
      vertex 46.5396 23.5277 1.90735e-07
      vertex 50.5478 23.5277 1.90735e-07
      vertex 50.3738 23.4556 1.90735e-07
    endloop
  endfacet
  facet normal 0 0 -1
    outer loop
      vertex 46.7136 23.4556 1.90735e-07
      vertex 50.3738 23.4556 1.90735e-07
      vertex 50.2133 23.3572 1.90735e-07
    endloop
  endfacet
  facet normal 0 0 -1
    outer loop
      vertex 46.8741 23.3572 1.90735e-07
      vertex 50.2133 23.3572 1.90735e-07
      vertex 50.0701 23.2349 1.90735e-07
    endloop
  endfacet
  facet normal 0 0 -1
    outer loop
      vertex 47.3688 22.3864 1.90735e-07
      vertex 49.7334 22.5741 1.90735e-07
      vertex 49.7186 22.3864 1.90735e-07
    endloop
  endfacet
  facet normal 0 0 -1
    outer loop
      vertex 47.354 22.5741 1.90735e-07
      vertex 49.7334 22.5741 1.90735e-07
      vertex 47.3688 22.3864 1.90735e-07
    endloop
  endfacet
  facet normal 0 0 -1
    outer loop
      vertex 49.7334 22.5741 1.90735e-07
      vertex 47.354 22.5741 1.90735e-07
      vertex 49.7773 22.7572 1.90735e-07
    endloop
  endfacet
  facet normal 0 0 -1
    outer loop
      vertex 47.3101 22.7572 1.90735e-07
      vertex 49.7773 22.7572 1.90735e-07
      vertex 47.354 22.5741 1.90735e-07
    endloop
  endfacet
  facet normal 0 0 -1
    outer loop
      vertex 49.7773 22.7572 1.90735e-07
      vertex 47.3101 22.7572 1.90735e-07
      vertex 49.8494 22.9312 1.90735e-07
    endloop
  endfacet
  facet normal 0 0 -1
    outer loop
      vertex 47.238 22.9312 1.90735e-07
      vertex 49.8494 22.9312 1.90735e-07
      vertex 47.3101 22.7572 1.90735e-07
    endloop
  endfacet
  facet normal 0 0 -1
    outer loop
      vertex 49.8494 22.9312 1.90735e-07
      vertex 47.238 22.9312 1.90735e-07
      vertex 49.9478 23.0917 1.90735e-07
    endloop
  endfacet
  facet normal 0 0 -1
    outer loop
      vertex 47.1396 23.0917 1.90735e-07
      vertex 49.9478 23.0917 1.90735e-07
      vertex 47.238 22.9312 1.90735e-07
    endloop
  endfacet
  facet normal 0 0 -1
    outer loop
      vertex 49.9478 23.0917 1.90735e-07
      vertex 47.1396 23.0917 1.90735e-07
      vertex 50.0701 23.2349 1.90735e-07
    endloop
  endfacet
  facet normal 0 0 -1
    outer loop
      vertex 47.0173 23.2349 1.90735e-07
      vertex 50.0701 23.2349 1.90735e-07
      vertex 47.1396 23.0917 1.90735e-07
    endloop
  endfacet
  facet normal 0 0 -1
    outer loop
      vertex 46.8741 23.3572 1.90735e-07
      vertex 50.0701 23.2349 1.90735e-07
      vertex 47.0173 23.2349 1.90735e-07
    endloop
  endfacet
  facet normal 0 0 -1
    outer loop
      vertex 50.2133 23.3572 1.90735e-07
      vertex 46.8741 23.3572 1.90735e-07
      vertex 46.7136 23.4556 1.90735e-07
    endloop
  endfacet
  facet normal 0 0 -1
    outer loop
      vertex 50.3738 23.4556 1.90735e-07
      vertex 46.7136 23.4556 1.90735e-07
      vertex 46.5396 23.5277 1.90735e-07
    endloop
  endfacet
  facet normal 0 0 -1
    outer loop
      vertex 50.5478 23.5277 1.90735e-07
      vertex 46.5396 23.5277 1.90735e-07
      vertex 44.2284 35.589 1.90735e-07
    endloop
  endfacet
  facet normal 0 0 -1
    outer loop
      vertex 44.2284 35.589 1.90735e-07
      vertex 46.5396 23.5277 1.90735e-07
      vertex 46.3565 23.5716 1.90735e-07
    endloop
  endfacet
  facet normal 0 0 -1
    outer loop
      vertex 44.2284 35.589 1.90735e-07
      vertex 46.3565 23.5716 1.90735e-07
      vertex 46.1688 23.5864 1.90735e-07
    endloop
  endfacet
  facet normal 0 0 -1
    outer loop
      vertex 44.2284 35.589 1.90735e-07
      vertex 46.1688 23.5864 1.90735e-07
      vertex 45.9811 23.5716 1.90735e-07
    endloop
  endfacet
  facet normal 0 0 -1
    outer loop
      vertex 44.2284 35.589 1.90735e-07
      vertex 45.9811 23.5716 1.90735e-07
      vertex 45.798 23.5277 1.90735e-07
    endloop
  endfacet
  facet normal 0 0 -1
    outer loop
      vertex 44.2284 35.589 1.90735e-07
      vertex 45.798 23.5277 1.90735e-07
      vertex 45.624 23.4556 1.90735e-07
    endloop
  endfacet
  facet normal 0 0 -1
    outer loop
      vertex 44.2284 35.589 1.90735e-07
      vertex 45.624 23.4556 1.90735e-07
      vertex 45.4635 23.3572 1.90735e-07
    endloop
  endfacet
  facet normal 0 0 -1
    outer loop
      vertex 44.2284 16.689 1.90735e-07
      vertex 44.9836 22.5741 1.90735e-07
      vertex 44.9688 22.3864 1.90735e-07
    endloop
  endfacet
  facet normal 0 0 -1
    outer loop
      vertex 44.2284 35.589 1.90735e-07
      vertex 44.9836 22.5741 1.90735e-07
      vertex 44.2284 16.689 1.90735e-07
    endloop
  endfacet
  facet normal 0 0 -1
    outer loop
      vertex 44.2284 35.589 1.90735e-07
      vertex 45.0275 22.7572 1.90735e-07
      vertex 44.9836 22.5741 1.90735e-07
    endloop
  endfacet
  facet normal 0 0 -1
    outer loop
      vertex 44.2284 35.589 1.90735e-07
      vertex 45.0996 22.9312 1.90735e-07
      vertex 45.0275 22.7572 1.90735e-07
    endloop
  endfacet
  facet normal 0 0 -1
    outer loop
      vertex 44.2284 35.589 1.90735e-07
      vertex 45.198 23.0917 1.90735e-07
      vertex 45.0996 22.9312 1.90735e-07
    endloop
  endfacet
  facet normal 0 0 -1
    outer loop
      vertex 44.2284 35.589 1.90735e-07
      vertex 45.3203 23.2349 1.90735e-07
      vertex 45.198 23.0917 1.90735e-07
    endloop
  endfacet
  facet normal 0 0 -1
    outer loop
      vertex 44.2284 35.589 1.90735e-07
      vertex 45.4635 23.3572 1.90735e-07
      vertex 45.3203 23.2349 1.90735e-07
    endloop
  endfacet
  facet normal 0 0 -1
    outer loop
      vertex 51.6239 23.3572 1.90735e-07
      vertex 44.2284 35.589 1.90735e-07
      vertex 44.2185 35.7142 1.90735e-07
    endloop
  endfacet
  facet normal 0 0 -1
    outer loop
      vertex 51.6239 23.3572 1.90735e-07
      vertex 44.2185 35.7142 1.90735e-07
      vertex 85.2 53.8 1.90735e-07
    endloop
  endfacet
  facet normal 0 0 -1
    outer loop
      vertex 44.1892 35.8362 1.90735e-07
      vertex 85.2 53.8 1.90735e-07
      vertex 44.2185 35.7142 1.90735e-07
    endloop
  endfacet
  facet normal 0 0 -1
    outer loop
      vertex 44.1412 35.9522 1.90735e-07
      vertex 85.2 53.8 1.90735e-07
      vertex 44.1892 35.8362 1.90735e-07
    endloop
  endfacet
  facet normal 0 0 -1
    outer loop
      vertex 44.0756 36.0592 1.90735e-07
      vertex 85.2 53.8 1.90735e-07
      vertex 44.1412 35.9522 1.90735e-07
    endloop
  endfacet
  facet normal 0 0 -1
    outer loop
      vertex 43.9941 36.1547 1.90735e-07
      vertex 85.2 53.8 1.90735e-07
      vertex 44.0756 36.0592 1.90735e-07
    endloop
  endfacet
  facet normal 0 0 -1
    outer loop
      vertex 43.8986 36.2362 1.90735e-07
      vertex 85.2 53.8 1.90735e-07
      vertex 43.9941 36.1547 1.90735e-07
    endloop
  endfacet
  facet normal 0 0 -1
    outer loop
      vertex 43.7916 36.3018 1.90735e-07
      vertex 85.2 53.8 1.90735e-07
      vertex 43.8986 36.2362 1.90735e-07
    endloop
  endfacet
  facet normal 0 0 -1
    outer loop
      vertex 43.6756 36.3498 1.90735e-07
      vertex 85.2 53.8 1.90735e-07
      vertex 43.7916 36.3018 1.90735e-07
    endloop
  endfacet
  facet normal 0 0 -1
    outer loop
      vertex 43.5535 36.3792 1.90735e-07
      vertex 85.2 53.8 1.90735e-07
      vertex 43.6756 36.3498 1.90735e-07
    endloop
  endfacet
  facet normal 0 0 -1
    outer loop
      vertex 43.4284 36.389 1.90735e-07
      vertex 85.2 53.8 1.90735e-07
      vertex 43.5535 36.3792 1.90735e-07
    endloop
  endfacet
  facet normal 0 0 -1
    outer loop
      vertex 4.49999 53.8 1.90735e-07
      vertex 43.4284 36.389 1.90735e-07
      vertex 12.0284 36.389 1.90735e-07
    endloop
  endfacet
  facet normal 0 0 -1
    outer loop
      vertex 4.49999 53.8 1.90735e-07
      vertex 12.0284 36.389 1.90735e-07
      vertex 11.9032 36.3792 1.90735e-07
    endloop
  endfacet
  facet normal -0 0 -1
    outer loop
      vertex 11.2284 16.689 1.90735e-07
      vertex 0.500003 4.50001 1.90735e-07
      vertex 11.2284 35.589 1.90735e-07
    endloop
  endfacet
  facet normal 0 0 -1
    outer loop
      vertex 43.4284 36.389 1.90735e-07
      vertex 4.49999 53.8 1.90735e-07
      vertex 85.2 53.8 1.90735e-07
    endloop
  endfacet
  facet normal 0 0 -1
    outer loop
      vertex 11.7812 36.3498 1.90735e-07
      vertex 4.49999 53.8 1.90735e-07
      vertex 11.9032 36.3792 1.90735e-07
    endloop
  endfacet
  facet normal 0 0 -1
    outer loop
      vertex 0.500003 49.8 1.90735e-07
      vertex 11.7812 36.3498 1.90735e-07
      vertex 11.6652 36.3018 1.90735e-07
    endloop
  endfacet
  facet normal 0 0 -1
    outer loop
      vertex 0.500003 49.8 1.90735e-07
      vertex 11.6652 36.3018 1.90735e-07
      vertex 11.5582 36.2362 1.90735e-07
    endloop
  endfacet
  facet normal 0 0 -1
    outer loop
      vertex 0.500003 49.8 1.90735e-07
      vertex 11.5582 36.2362 1.90735e-07
      vertex 11.4627 36.1547 1.90735e-07
    endloop
  endfacet
  facet normal 0 0 -1
    outer loop
      vertex 0.500003 49.8 1.90735e-07
      vertex 11.4627 36.1547 1.90735e-07
      vertex 11.3812 36.0592 1.90735e-07
    endloop
  endfacet
  facet normal 0 0 -1
    outer loop
      vertex 0.500003 49.8 1.90735e-07
      vertex 11.3812 36.0592 1.90735e-07
      vertex 11.3156 35.9522 1.90735e-07
    endloop
  endfacet
  facet normal 0 0 -1
    outer loop
      vertex 0.500003 49.8 1.90735e-07
      vertex 11.3156 35.9522 1.90735e-07
      vertex 11.2676 35.8362 1.90735e-07
    endloop
  endfacet
  facet normal 0 0 -1
    outer loop
      vertex 0.500003 49.8 1.90735e-07
      vertex 11.2676 35.8362 1.90735e-07
      vertex 11.2382 35.7142 1.90735e-07
    endloop
  endfacet
  facet normal 0 0 -1
    outer loop
      vertex 0.500003 49.8 1.90735e-07
      vertex 11.2284 35.589 1.90735e-07
      vertex 0.500003 4.50001 1.90735e-07
    endloop
  endfacet
  facet normal 0 0 -1
    outer loop
      vertex 0.500003 4.50001 1.90735e-07
      vertex 4.49999 0.500012 1.90735e-07
      vertex 3.87426 0.549252 1.90735e-07
    endloop
  endfacet
  facet normal 0 0 -1
    outer loop
      vertex 11.2284 35.589 1.90735e-07
      vertex 0.500003 49.8 1.90735e-07
      vertex 11.2382 35.7142 1.90735e-07
    endloop
  endfacet
  facet normal 0 0 -1
    outer loop
      vertex 0.500003 4.50001 1.90735e-07
      vertex 3.87426 0.549252 1.90735e-07
      vertex 3.26393 0.695782 1.90735e-07
    endloop
  endfacet
  facet normal 0 0 -1
    outer loop
      vertex 11.7812 36.3498 1.90735e-07
      vertex 0.500003 49.8 1.90735e-07
      vertex 4.49999 53.8 1.90735e-07
    endloop
  endfacet
  facet normal 0 0 -1
    outer loop
      vertex 0.500003 4.50001 1.90735e-07
      vertex 3.26393 0.695782 1.90735e-07
      vertex 2.68404 0.935986 1.90735e-07
    endloop
  endfacet
  facet normal 0 0 -1
    outer loop
      vertex 4.49999 53.8 1.90735e-07
      vertex 0.500003 49.8 1.90735e-07
      vertex 3.87426 53.7507 1.90735e-07
    endloop
  endfacet
  facet normal 0 0 -1
    outer loop
      vertex 0.500003 4.50001 1.90735e-07
      vertex 2.68404 0.935986 1.90735e-07
      vertex 2.14887 1.26394 1.90735e-07
    endloop
  endfacet
  facet normal 0 0 -1
    outer loop
      vertex 3.87426 53.7507 1.90735e-07
      vertex 0.500003 49.8 1.90735e-07
      vertex 3.26393 53.6042 1.90735e-07
    endloop
  endfacet
  facet normal 0 0 -1
    outer loop
      vertex 0.500003 4.50001 1.90735e-07
      vertex 2.14887 1.26394 1.90735e-07
      vertex 1.67157 1.67158 1.90735e-07
    endloop
  endfacet
  facet normal 0 0 -1
    outer loop
      vertex 3.26393 53.6042 1.90735e-07
      vertex 0.500003 49.8 1.90735e-07
      vertex 2.68404 53.364 1.90735e-07
    endloop
  endfacet
  facet normal 0 0 -1
    outer loop
      vertex 0.500003 4.50001 1.90735e-07
      vertex 1.67157 1.67158 1.90735e-07
      vertex 1.26393 2.14886 1.90735e-07
    endloop
  endfacet
  facet normal 0 0 -1
    outer loop
      vertex 2.68404 53.364 1.90735e-07
      vertex 0.500003 49.8 1.90735e-07
      vertex 2.14887 53.0361 1.90735e-07
    endloop
  endfacet
  facet normal 0 0 -1
    outer loop
      vertex 0.500003 4.50001 1.90735e-07
      vertex 1.26393 2.14886 1.90735e-07
      vertex 0.935977 2.68405 1.90735e-07
    endloop
  endfacet
  facet normal 0 0 -1
    outer loop
      vertex 2.14887 53.0361 1.90735e-07
      vertex 0.500003 49.8 1.90735e-07
      vertex 1.67157 52.6284 1.90735e-07
    endloop
  endfacet
  facet normal 0 0 -1
    outer loop
      vertex 0.500003 4.50001 1.90735e-07
      vertex 0.935977 2.68405 1.90735e-07
      vertex 0.695789 3.26394 1.90735e-07
    endloop
  endfacet
  facet normal 0 0 -1
    outer loop
      vertex 1.67157 52.6284 1.90735e-07
      vertex 0.500003 49.8 1.90735e-07
      vertex 1.26393 52.1511 1.90735e-07
    endloop
  endfacet
  facet normal 0 0 -1
    outer loop
      vertex 0.500003 4.50001 1.90735e-07
      vertex 0.695789 3.26394 1.90735e-07
      vertex 0.549258 3.87426 1.90735e-07
    endloop
  endfacet
  facet normal 0 0 -1
    outer loop
      vertex 1.26393 52.1511 1.90735e-07
      vertex 0.500003 49.8 1.90735e-07
      vertex 0.935977 51.6159 1.90735e-07
    endloop
  endfacet
  facet normal 0 0 -1
    outer loop
      vertex 0.935977 51.6159 1.90735e-07
      vertex 0.500003 49.8 1.90735e-07
      vertex 0.695789 51.0361 1.90735e-07
    endloop
  endfacet
  facet normal 0 0 -1
    outer loop
      vertex 0.695789 51.0361 1.90735e-07
      vertex 0.500003 49.8 1.90735e-07
      vertex 0.549258 50.4257 1.90735e-07
    endloop
  endfacet
  facet normal 0.370023 -0.603833 -0.706023
    outer loop
      vertex 87.243 0.490475 0.5
      vertex 87.0159 0.935986 1.90735e-07
      vertex 87.5511 1.26394 1.90735e-07
    endloop
  endfacet
  facet normal 0.370023 -0.603833 0.706023
    outer loop
      vertex 87.5511 1.26394 23.15
      vertex 87.0159 0.935986 23.15
      vertex 87.243 0.490475 22.65
    endloop
  endfacet
  facet normal -0.233444 -0.97237 0
    outer loop
      vertex 3.10942 0.220258 0.5
      vertex 3.79604 0.0554169 22.65
      vertex 3.10942 0.220258 22.65
    endloop
  endfacet
  facet normal -0.233444 -0.97237 -0
    outer loop
      vertex 3.79604 0.0554169 22.65
      vertex 3.10942 0.220258 0.5
      vertex 3.79604 0.0554169 0.5
    endloop
  endfacet
  facet normal -0.271012 -0.654292 0.706013
    outer loop
      vertex 3.26393 0.695782 23.15
      vertex 2.45705 0.490475 22.65
      vertex 3.10942 0.220258 22.65
    endloop
  endfacet
  facet normal -0.923877 0.382689 0
    outer loop
      vertex 0.220248 51.1906 0.5
      vertex 0.490482 51.843 22.65
      vertex 0.490482 51.843 0.5
    endloop
  endfacet
  facet normal -0.923877 0.382689 0
    outer loop
      vertex 0.490482 51.843 22.65
      vertex 0.220248 51.1906 0.5
      vertex 0.220248 51.1906 22.65
    endloop
  endfacet
  facet normal -0.852643 -0.522494 0
    outer loop
      vertex 0.859424 1.85498 0.5
      vertex 0.490482 2.45704 22.65
      vertex 0.490482 2.45704 0.5
    endloop
  endfacet
  facet normal -0.852643 -0.522494 0
    outer loop
      vertex 0.490482 2.45704 22.65
      vertex 0.859424 1.85498 0.5
      vertex 0.859424 1.85498 22.65
    endloop
  endfacet
  facet normal -0.688626 -0.165323 0.706019
    outer loop
      vertex 0.549258 3.87426 23.15
      vertex 0.0554077 3.79605 22.65
      vertex 0.220248 3.10943 22.65
    endloop
  endfacet
  facet normal -0.996917 0.0784612 0
    outer loop
      vertex 3.05176e-06 49.8 0.5
      vertex 0.0554077 50.5039 22.65
      vertex 0.0554077 50.5039 0.5
    endloop
  endfacet
  facet normal -0.996917 0.0784612 0
    outer loop
      vertex 0.0554077 50.5039 22.65
      vertex 3.05176e-06 49.8 0.5
      vertex 3.05176e-06 49.8 22.65
    endloop
  endfacet
  facet normal 0.53851 0.459934 -0.706023
    outer loop
      vertex 88.4361 52.1511 1.90735e-07
      vertex 88.0284 52.6284 1.90735e-07
      vertex 88.382 52.982 0.5
    endloop
  endfacet
  facet normal 0.459929 0.538528 0.706012
    outer loop
      vertex 87.845 53.4406 22.65
      vertex 87.5511 53.0361 23.15
      vertex 88.382 52.982 22.65
    endloop
  endfacet
  facet normal 0.603834 0.370041 -0.706013
    outer loop
      vertex 88.764 51.6159 1.90735e-07
      vertex 88.4361 52.1511 1.90735e-07
      vertex 89.2095 51.843 0.5
    endloop
  endfacet
  facet normal 0.603834 0.370041 0.706013
    outer loop
      vertex 89.2095 51.843 22.65
      vertex 88.4361 52.1511 23.15
      vertex 88.764 51.6159 23.15
    endloop
  endfacet
  facet normal 0.706009 -0.0555731 -0.706019
    outer loop
      vertex 89.6446 3.79605 0.5
      vertex 89.1507 3.87426 1.90735e-07
      vertex 89.2 4.50001 1.90735e-07
    endloop
  endfacet
  facet normal 0.654296 0.271007 -0.706012
    outer loop
      vertex 89.4797 51.1906 0.5
      vertex 88.764 51.6159 1.90735e-07
      vertex 89.2095 51.843 0.5
    endloop
  endfacet
  facet normal 1 -0 0
    outer loop
      vertex 89.7 4.50001 22.65
      vertex 89.7 49.8 0.5
      vertex 89.7 49.8 22.65
    endloop
  endfacet
  facet normal 1 0 0
    outer loop
      vertex 89.7 49.8 0.5
      vertex 89.7 4.50001 22.65
      vertex 89.7 4.50001 0.5
    endloop
  endfacet
  facet normal 0.382671 -0.923885 0
    outer loop
      vertex 86.5906 0.220258 0.5
      vertex 87.243 0.490475 22.65
      vertex 86.5906 0.220258 22.65
    endloop
  endfacet
  facet normal 0.382671 -0.923885 0
    outer loop
      vertex 87.243 0.490475 22.65
      vertex 86.5906 0.220258 0.5
      vertex 87.243 0.490475 0.5
    endloop
  endfacet
  facet normal 0.760418 -0.649434 0
    outer loop
      vertex 88.382 1.31802 22.65
      vertex 88.8406 1.85498 0.5
      vertex 88.8406 1.85498 22.65
    endloop
  endfacet
  facet normal 0.760418 -0.649434 0
    outer loop
      vertex 88.8406 1.85498 0.5
      vertex 88.382 1.31802 22.65
      vertex 88.382 1.31802 0.5
    endloop
  endfacet
  facet normal 0.0784629 0.996917 -0
    outer loop
      vertex 85.9039 54.2446 0.5
      vertex 85.2 54.3 22.65
      vertex 85.9039 54.2446 22.65
    endloop
  endfacet
  facet normal 0.0784629 0.996917 0
    outer loop
      vertex 85.2 54.3 22.65
      vertex 85.9039 54.2446 0.5
      vertex 85.2 54.3 0.5
    endloop
  endfacet
  facet normal 0.165339 0.688628 -0.706013
    outer loop
      vertex 86.4361 53.6042 1.90735e-07
      vertex 85.9039 54.2446 0.5
      vertex 86.5906 54.0797 0.5
    endloop
  endfacet
  facet normal 0.688628 0.165339 0.706013
    outer loop
      vertex 89.4797 51.1906 22.65
      vertex 89.0042 51.0361 23.15
      vertex 89.6446 50.5039 22.65
    endloop
  endfacet
  facet normal -0.0555672 0.706014 0.706014
    outer loop
      vertex 4.49999 54.3 22.65
      vertex 3.79604 54.2446 22.65
      vertex 4.49999 53.8 23.15
    endloop
  endfacet
  facet normal -0.0784629 0.996917 0
    outer loop
      vertex 4.49999 54.3 0.5
      vertex 3.79604 54.2446 22.65
      vertex 4.49999 54.3 22.65
    endloop
  endfacet
  facet normal -0.0784629 0.996917 0
    outer loop
      vertex 3.79604 54.2446 22.65
      vertex 4.49999 54.3 0.5
      vertex 3.79604 54.2446 0.5
    endloop
  endfacet
  facet normal -0.5225 0.852639 0
    outer loop
      vertex 2.45705 53.8095 0.5
      vertex 1.85497 53.4406 22.65
      vertex 2.45705 53.8095 22.65
    endloop
  endfacet
  facet normal -0.5225 0.852639 0
    outer loop
      vertex 1.85497 53.4406 22.65
      vertex 2.45705 53.8095 0.5
      vertex 1.85497 53.4406 0.5
    endloop
  endfacet
  facet normal -0.370045 0.603824 -0.706019
    outer loop
      vertex 2.14887 53.0361 1.90735e-07
      vertex 1.85497 53.4406 0.5
      vertex 2.68404 53.364 1.90735e-07
    endloop
  endfacet
  facet normal -0.370037 0.603843 0.706008
    outer loop
      vertex 2.45705 53.8095 22.65
      vertex 1.85497 53.4406 22.65
      vertex 2.68404 53.364 23.15
    endloop
  endfacet
  facet normal -0.688626 0.165323 -0.706019
    outer loop
      vertex 0.549258 50.4257 1.90735e-07
      vertex 0.0554077 50.5039 0.5
      vertex 0.220248 51.1906 0.5
    endloop
  endfacet
  facet normal -0.459935 0.538519 -0.706015
    outer loop
      vertex 1.67157 52.6284 1.90735e-07
      vertex 1.31803 52.982 0.5
      vertex 1.85497 53.4406 0.5
    endloop
  endfacet
  facet normal -0.649445 -0.760409 0
    outer loop
      vertex 1.31803 1.31802 0.5
      vertex 1.85497 0.859433 22.65
      vertex 1.31803 1.31802 22.65
    endloop
  endfacet
  facet normal -0.649445 -0.760409 -0
    outer loop
      vertex 1.85497 0.859433 22.65
      vertex 1.31803 1.31802 0.5
      vertex 1.85497 0.859433 0.5
    endloop
  endfacet
  facet normal -0.370032 -0.603835 0.706017
    outer loop
      vertex 2.68404 0.935986 23.15
      vertex 1.85497 0.859433 22.65
      vertex 2.45705 0.490475 22.65
    endloop
  endfacet
  facet normal -0.5225 -0.852639 0
    outer loop
      vertex 1.85497 0.859433 0.5
      vertex 2.45705 0.490475 22.65
      vertex 1.85497 0.859433 22.65
    endloop
  endfacet
  facet normal -0.5225 -0.852639 -0
    outer loop
      vertex 2.45705 0.490475 22.65
      vertex 1.85497 0.859433 0.5
      vertex 2.45705 0.490475 0.5
    endloop
  endfacet
  facet normal 0.0555577 -0.706015 0.706015
    outer loop
      vertex 85.8257 0.549252 23.15
      vertex 85.2 0.500012 23.15
      vertex 85.2 1.2207e-05 22.65
    endloop
  endfacet
  facet normal 0.271007 -0.654294 0.706013
    outer loop
      vertex 87.243 0.490475 22.65
      vertex 86.4361 0.695782 23.15
      vertex 86.5906 0.220258 22.65
    endloop
  endfacet
  facet normal -0.0784629 -0.996917 0
    outer loop
      vertex 3.79604 0.0554169 0.5
      vertex 4.49999 1.2207e-05 22.65
      vertex 3.79604 0.0554169 22.65
    endloop
  endfacet
  facet normal -0.0784629 -0.996917 -0
    outer loop
      vertex 4.49999 1.2207e-05 22.65
      vertex 3.79604 0.0554169 0.5
      vertex 4.49999 1.2207e-05 0.5
    endloop
  endfacet
  facet normal -0.271012 -0.654292 -0.706013
    outer loop
      vertex 3.10942 0.220258 0.5
      vertex 2.45705 0.490475 0.5
      vertex 3.26393 0.695782 1.90735e-07
    endloop
  endfacet
  facet normal -0.165331 -0.68863 -0.706013
    outer loop
      vertex 3.87426 0.549252 1.90735e-07
      vertex 3.10942 0.220258 0.5
      vertex 3.26393 0.695782 1.90735e-07
    endloop
  endfacet
  facet normal -0.0555677 -0.70602 0.706008
    outer loop
      vertex 3.87426 0.549252 23.15
      vertex 3.79604 0.0554169 22.65
      vertex 4.49999 1.2207e-05 22.65
    endloop
  endfacet
  facet normal -0.165326 -0.688636 0.706008
    outer loop
      vertex 3.87426 0.549252 23.15
      vertex 3.10942 0.220258 22.65
      vertex 3.79604 0.0554169 22.65
    endloop
  endfacet
  facet normal -0.97237 0.233444 0
    outer loop
      vertex 0.0554077 50.5039 0.5
      vertex 0.220248 51.1906 22.65
      vertex 0.220248 51.1906 0.5
    endloop
  endfacet
  facet normal -0.97237 0.233444 0
    outer loop
      vertex 0.220248 51.1906 22.65
      vertex 0.0554077 50.5039 0.5
      vertex 0.0554077 50.5039 22.65
    endloop
  endfacet
  facet normal -0.68862 0.165329 -0.706023
    outer loop
      vertex 0.549258 50.4257 1.90735e-07
      vertex 0.220248 51.1906 0.5
      vertex 0.695789 51.0361 1.90735e-07
    endloop
  endfacet
  facet normal -0.603841 -0.37003 0.706012
    outer loop
      vertex 1.26393 2.14886 23.15
      vertex 0.490482 2.45704 22.65
      vertex 0.859424 1.85498 22.65
    endloop
  endfacet
  facet normal -0.603841 -0.370028 0.706014
    outer loop
      vertex 0.935977 2.68405 23.15
      vertex 0.490482 2.45704 22.65
      vertex 1.26393 2.14886 23.15
    endloop
  endfacet
  facet normal -0.706014 -0.055566 -0.706014
    outer loop
      vertex 0.0554077 3.79605 0.5
      vertex 3.05176e-06 4.50001 0.5
      vertex 0.500003 4.50001 1.90735e-07
    endloop
  endfacet
  facet normal -0.654286 -0.271001 -0.706023
    outer loop
      vertex 0.935977 2.68405 1.90735e-07
      vertex 0.220248 3.10943 0.5
      vertex 0.695789 3.26394 1.90735e-07
    endloop
  endfacet
  facet normal -0.923877 -0.382689 0
    outer loop
      vertex 0.490482 2.45704 0.5
      vertex 0.220248 3.10943 22.65
      vertex 0.220248 3.10943 0.5
    endloop
  endfacet
  facet normal -0.923877 -0.382689 0
    outer loop
      vertex 0.220248 3.10943 22.65
      vertex 0.490482 2.45704 0.5
      vertex 0.490482 2.45704 22.65
    endloop
  endfacet
  facet normal -0.68862 -0.165329 0.706023
    outer loop
      vertex 0.549258 3.87426 23.15
      vertex 0.220248 3.10943 22.65
      vertex 0.695789 3.26394 23.15
    endloop
  endfacet
  facet normal -0.688626 0.165323 0.706019
    outer loop
      vertex 0.220248 51.1906 22.65
      vertex 0.0554077 50.5039 22.65
      vertex 0.549258 50.4257 23.15
    endloop
  endfacet
  facet normal -0.706009 0.0555731 0.706019
    outer loop
      vertex 0.549258 50.4257 23.15
      vertex 0.0554077 50.5039 22.65
      vertex 0.500003 49.8 23.15
    endloop
  endfacet
  facet normal 0.459929 0.538528 -0.706012
    outer loop
      vertex 88.382 52.982 0.5
      vertex 87.5511 53.0361 1.90735e-07
      vertex 87.845 53.4406 0.5
    endloop
  endfacet
  facet normal 0.370041 0.603834 -0.706013
    outer loop
      vertex 87.5511 53.0361 1.90735e-07
      vertex 87.243 53.8095 0.5
      vertex 87.845 53.4406 0.5
    endloop
  endfacet
  facet normal 0.370041 0.603834 0.706013
    outer loop
      vertex 87.845 53.4406 22.65
      vertex 87.243 53.8095 22.65
      vertex 87.5511 53.0361 23.15
    endloop
  endfacet
  facet normal 0.603834 0.370041 -0.706013
    outer loop
      vertex 89.2095 51.843 0.5
      vertex 88.4361 52.1511 1.90735e-07
      vertex 88.8406 52.445 0.5
    endloop
  endfacet
  facet normal 0.538528 0.459929 -0.706012
    outer loop
      vertex 88.4361 52.1511 1.90735e-07
      vertex 88.382 52.982 0.5
      vertex 88.8406 52.445 0.5
    endloop
  endfacet
  facet normal 0.706014 0.0555672 -0.706014
    outer loop
      vertex 89.7 49.8 0.5
      vertex 89.2 49.8 1.90735e-07
      vertex 89.6446 50.5039 0.5
    endloop
  endfacet
  facet normal 0.706009 0.0555744 -0.706019
    outer loop
      vertex 89.2 49.8 1.90735e-07
      vertex 89.1507 50.4257 1.90735e-07
      vertex 89.6446 50.5039 0.5
    endloop
  endfacet
  facet normal 0.654295 0.271005 0.706013
    outer loop
      vertex 89.4797 51.1906 22.65
      vertex 88.764 51.6159 23.15
      vertex 89.0042 51.0361 23.15
    endloop
  endfacet
  facet normal 0.706014 0.0555672 0.706014
    outer loop
      vertex 89.6446 50.5039 22.65
      vertex 89.2 49.8 23.15
      vertex 89.7 49.8 22.65
    endloop
  endfacet
  facet normal 0.923885 -0.382671 0
    outer loop
      vertex 89.2095 2.45704 22.65
      vertex 89.4797 3.10943 0.5
      vertex 89.4797 3.10943 22.65
    endloop
  endfacet
  facet normal 0.923885 -0.382671 0
    outer loop
      vertex 89.4797 3.10943 0.5
      vertex 89.2095 2.45704 22.65
      vertex 89.2095 2.45704 0.5
    endloop
  endfacet
  facet normal 0.654296 -0.271007 0.706012
    outer loop
      vertex 89.4797 3.10943 22.65
      vertex 88.764 2.68405 23.15
      vertex 89.2095 2.45704 22.65
    endloop
  endfacet
  facet normal 0.0784629 -0.996917 0
    outer loop
      vertex 85.2 1.2207e-05 0.5
      vertex 85.9039 0.0554169 22.65
      vertex 85.2 1.2207e-05 22.65
    endloop
  endfacet
  facet normal 0.0784629 -0.996917 0
    outer loop
      vertex 85.9039 0.0554169 22.65
      vertex 85.2 1.2207e-05 0.5
      vertex 85.9039 0.0554169 0.5
    endloop
  endfacet
  facet normal 0.538528 -0.459929 0.706012
    outer loop
      vertex 88.4361 2.14886 23.15
      vertex 88.382 1.31802 22.65
      vertex 88.8406 1.85498 22.65
    endloop
  endfacet
  facet normal 0.972365 -0.233464 0
    outer loop
      vertex 89.4797 3.10943 22.65
      vertex 89.6446 3.79605 0.5
      vertex 89.6446 3.79605 22.65
    endloop
  endfacet
  facet normal 0.972365 -0.233464 0
    outer loop
      vertex 89.6446 3.79605 0.5
      vertex 89.4797 3.10943 22.65
      vertex 89.4797 3.10943 0.5
    endloop
  endfacet
  facet normal 0.654295 -0.271005 0.706013
    outer loop
      vertex 89.0042 3.26394 23.15
      vertex 88.764 2.68405 23.15
      vertex 89.4797 3.10943 22.65
    endloop
  endfacet
  facet normal 0.382671 0.923885 -0
    outer loop
      vertex 87.243 53.8095 0.5
      vertex 86.5906 54.0797 22.65
      vertex 87.243 53.8095 22.65
    endloop
  endfacet
  facet normal 0.382671 0.923885 0
    outer loop
      vertex 86.5906 54.0797 22.65
      vertex 87.243 53.8095 0.5
      vertex 86.5906 54.0797 0.5
    endloop
  endfacet
  facet normal 0.233464 0.972365 -0
    outer loop
      vertex 86.5906 54.0797 0.5
      vertex 85.9039 54.2446 22.65
      vertex 86.5906 54.0797 22.65
    endloop
  endfacet
  facet normal 0.233464 0.972365 0
    outer loop
      vertex 85.9039 54.2446 22.65
      vertex 86.5906 54.0797 0.5
      vertex 85.9039 54.2446 0.5
    endloop
  endfacet
  facet normal 0.0555744 0.706009 -0.706019
    outer loop
      vertex 85.8257 53.7507 1.90735e-07
      vertex 85.2 53.8 1.90735e-07
      vertex 85.9039 54.2446 0.5
    endloop
  endfacet
  facet normal 0.16533 0.688625 -0.706019
    outer loop
      vertex 86.4361 53.6042 1.90735e-07
      vertex 85.8257 53.7507 1.90735e-07
      vertex 85.9039 54.2446 0.5
    endloop
  endfacet
  facet normal -0.760407 0.649447 0
    outer loop
      vertex 0.859424 52.445 0.5
      vertex 1.31803 52.982 22.65
      vertex 1.31803 52.982 0.5
    endloop
  endfacet
  facet normal -0.760407 0.649447 0
    outer loop
      vertex 1.31803 52.982 22.65
      vertex 0.859424 52.445 0.5
      vertex 0.859424 52.445 22.65
    endloop
  endfacet
  facet normal -0.53852 0.459938 -0.706012
    outer loop
      vertex 1.26393 52.1511 1.90735e-07
      vertex 0.859424 52.445 0.5
      vertex 1.31803 52.982 0.5
    endloop
  endfacet
  facet normal -0.459928 0.53852 -0.706019
    outer loop
      vertex 2.14887 53.0361 1.90735e-07
      vertex 1.67157 52.6284 1.90735e-07
      vertex 1.85497 53.4406 0.5
    endloop
  endfacet
  facet normal -0.654286 0.271001 -0.706023
    outer loop
      vertex 0.695789 51.0361 1.90735e-07
      vertex 0.220248 51.1906 0.5
      vertex 0.935977 51.6159 1.90735e-07
    endloop
  endfacet
  facet normal -0.538516 -0.45994 0.706014
    outer loop
      vertex 1.67157 1.67158 23.15
      vertex 1.26393 2.14886 23.15
      vertex 1.31803 1.31802 22.65
    endloop
  endfacet
  facet normal -0.459928 -0.53852 0.706019
    outer loop
      vertex 2.14887 1.26394 23.15
      vertex 1.67157 1.67158 23.15
      vertex 1.85497 0.859433 22.65
    endloop
  endfacet
  facet normal -0.459935 -0.538519 0.706015
    outer loop
      vertex 1.67157 1.67158 23.15
      vertex 1.31803 1.31802 22.65
      vertex 1.85497 0.859433 22.65
    endloop
  endfacet
  facet normal -0.538516 -0.45994 -0.706014
    outer loop
      vertex 1.31803 1.31802 0.5
      vertex 1.26393 2.14886 1.90735e-07
      vertex 1.67157 1.67158 1.90735e-07
    endloop
  endfacet
  facet normal 0.165326 -0.688636 0.706008
    outer loop
      vertex 86.5906 0.220258 22.65
      vertex 85.8257 0.549252 23.15
      vertex 85.9039 0.0554169 22.65
    endloop
  endfacet
  facet normal 0.165331 -0.68863 0.706013
    outer loop
      vertex 86.4361 0.695782 23.15
      vertex 85.8257 0.549252 23.15
      vertex 86.5906 0.220258 22.65
    endloop
  endfacet
  facet normal -0.0555577 -0.706015 0.706015
    outer loop
      vertex 4.49999 0.500012 23.15
      vertex 3.87426 0.549252 23.15
      vertex 4.49999 1.2207e-05 22.65
    endloop
  endfacet
  facet normal -0.65429 -0.27102 -0.706012
    outer loop
      vertex 0.490482 2.45704 0.5
      vertex 0.220248 3.10943 0.5
      vertex 0.935977 2.68405 1.90735e-07
    endloop
  endfacet
  facet normal -0.688626 -0.165323 -0.706019
    outer loop
      vertex 0.220248 3.10943 0.5
      vertex 0.0554077 3.79605 0.5
      vertex 0.549258 3.87426 1.90735e-07
    endloop
  endfacet
  facet normal -0.706009 -0.0555731 -0.706019
    outer loop
      vertex 0.549258 3.87426 1.90735e-07
      vertex 0.0554077 3.79605 0.5
      vertex 0.500003 4.50001 1.90735e-07
    endloop
  endfacet
  facet normal -0.706009 -0.0555731 0.706019
    outer loop
      vertex 0.500003 4.50001 23.15
      vertex 0.0554077 3.79605 22.65
      vertex 0.549258 3.87426 23.15
    endloop
  endfacet
  facet normal -0.654286 -0.271001 0.706023
    outer loop
      vertex 0.695789 3.26394 23.15
      vertex 0.220248 3.10943 22.65
      vertex 0.935977 2.68405 23.15
    endloop
  endfacet
  facet normal -0.65429 -0.27102 0.706012
    outer loop
      vertex 0.935977 2.68405 23.15
      vertex 0.220248 3.10943 22.65
      vertex 0.490482 2.45704 22.65
    endloop
  endfacet
  facet normal 0.972365 0.233464 0
    outer loop
      vertex 89.6446 50.5039 22.65
      vertex 89.4797 51.1906 0.5
      vertex 89.4797 51.1906 22.65
    endloop
  endfacet
  facet normal 0.972365 0.233464 0
    outer loop
      vertex 89.4797 51.1906 0.5
      vertex 89.6446 50.5039 22.65
      vertex 89.6446 50.5039 0.5
    endloop
  endfacet
  facet normal 0.654295 0.271005 -0.706013
    outer loop
      vertex 89.0042 51.0361 1.90735e-07
      vertex 88.764 51.6159 1.90735e-07
      vertex 89.4797 51.1906 0.5
    endloop
  endfacet
  facet normal 0.459929 -0.538528 -0.706012
    outer loop
      vertex 87.845 0.859433 0.5
      vertex 87.5511 1.26394 1.90735e-07
      vertex 88.382 1.31802 0.5
    endloop
  endfacet
  facet normal 0.52251 -0.852633 0
    outer loop
      vertex 87.243 0.490475 0.5
      vertex 87.845 0.859433 22.65
      vertex 87.243 0.490475 22.65
    endloop
  endfacet
  facet normal 0.52251 -0.852633 0
    outer loop
      vertex 87.845 0.859433 22.65
      vertex 87.243 0.490475 0.5
      vertex 87.845 0.859433 0.5
    endloop
  endfacet
  facet normal 0.0555577 -0.706015 -0.706015
    outer loop
      vertex 85.2 1.2207e-05 0.5
      vertex 85.2 0.500012 1.90735e-07
      vertex 85.8257 0.549252 1.90735e-07
    endloop
  endfacet
  facet normal 0.271007 -0.654294 -0.706013
    outer loop
      vertex 86.5906 0.220258 0.5
      vertex 86.4361 0.695782 1.90735e-07
      vertex 87.243 0.490475 0.5
    endloop
  endfacet
  facet normal 0.603834 -0.370041 -0.706013
    outer loop
      vertex 88.8406 1.85498 0.5
      vertex 88.4361 2.14886 1.90735e-07
      vertex 89.2095 2.45704 0.5
    endloop
  endfacet
  facet normal 0.53851 -0.459934 -0.706023
    outer loop
      vertex 88.382 1.31802 0.5
      vertex 88.0284 1.67158 1.90735e-07
      vertex 88.4361 2.14886 1.90735e-07
    endloop
  endfacet
  facet normal 0.706009 -0.0555731 0.706019
    outer loop
      vertex 89.2 4.50001 23.15
      vertex 89.1507 3.87426 23.15
      vertex 89.6446 3.79605 22.65
    endloop
  endfacet
  facet normal 0.688625 -0.16533 0.706019
    outer loop
      vertex 89.1507 3.87426 23.15
      vertex 89.0042 3.26394 23.15
      vertex 89.6446 3.79605 22.65
    endloop
  endfacet
  facet normal 0.706009 0.0555744 0.706019
    outer loop
      vertex 89.6446 50.5039 22.65
      vertex 89.1507 50.4257 23.15
      vertex 89.2 49.8 23.15
    endloop
  endfacet
  facet normal 0.923885 0.382671 0
    outer loop
      vertex 89.4797 51.1906 22.65
      vertex 89.2095 51.843 0.5
      vertex 89.2095 51.843 22.65
    endloop
  endfacet
  facet normal 0.923885 0.382671 0
    outer loop
      vertex 89.2095 51.843 0.5
      vertex 89.4797 51.1906 22.65
      vertex 89.4797 51.1906 0.5
    endloop
  endfacet
  facet normal 0.538528 0.459929 0.706012
    outer loop
      vertex 88.8406 52.445 22.65
      vertex 88.382 52.982 22.65
      vertex 88.4361 52.1511 23.15
    endloop
  endfacet
  facet normal -0.706009 0.0555731 -0.706019
    outer loop
      vertex 0.500003 49.8 1.90735e-07
      vertex 0.0554077 50.5039 0.5
      vertex 0.549258 50.4257 1.90735e-07
    endloop
  endfacet
  facet normal -0.65429 0.27102 -0.706012
    outer loop
      vertex 0.935977 51.6159 1.90735e-07
      vertex 0.220248 51.1906 0.5
      vertex 0.490482 51.843 0.5
    endloop
  endfacet
  facet normal -0.603841 0.370028 -0.706014
    outer loop
      vertex 0.935977 51.6159 1.90735e-07
      vertex 0.490482 51.843 0.5
      vertex 1.26393 52.1511 1.90735e-07
    endloop
  endfacet
  facet normal -0.370033 -0.603833 0.706018
    outer loop
      vertex 2.14887 1.26394 23.15
      vertex 1.85497 0.859433 22.65
      vertex 2.68404 0.935986 23.15
    endloop
  endfacet
  facet normal -0.459928 -0.53852 -0.706019
    outer loop
      vertex 1.85497 0.859433 0.5
      vertex 1.67157 1.67158 1.90735e-07
      vertex 2.14887 1.26394 1.90735e-07
    endloop
  endfacet
  facet normal -0.459935 -0.538519 -0.706015
    outer loop
      vertex 1.85497 0.859433 0.5
      vertex 1.31803 1.31802 0.5
      vertex 1.67157 1.67158 1.90735e-07
    endloop
  endfacet
  facet normal -0.68862 -0.165329 -0.706023
    outer loop
      vertex 0.695789 3.26394 1.90735e-07
      vertex 0.220248 3.10943 0.5
      vertex 0.549258 3.87426 1.90735e-07
    endloop
  endfacet
  facet normal 0.688628 0.165339 -0.706013
    outer loop
      vertex 89.6446 50.5039 0.5
      vertex 89.0042 51.0361 1.90735e-07
      vertex 89.4797 51.1906 0.5
    endloop
  endfacet
  facet normal 0.688625 0.16533 -0.706019
    outer loop
      vertex 89.1507 50.4257 1.90735e-07
      vertex 89.0042 51.0361 1.90735e-07
      vertex 89.6446 50.5039 0.5
    endloop
  endfacet
  facet normal 0.538528 -0.459929 -0.706012
    outer loop
      vertex 88.8406 1.85498 0.5
      vertex 88.382 1.31802 0.5
      vertex 88.4361 2.14886 1.90735e-07
    endloop
  endfacet
  facet normal 0.459934 -0.53851 -0.706023
    outer loop
      vertex 88.382 1.31802 0.5
      vertex 87.5511 1.26394 1.90735e-07
      vertex 88.0284 1.67158 1.90735e-07
    endloop
  endfacet
  facet normal 0.370041 -0.603834 -0.706013
    outer loop
      vertex 87.845 0.859433 0.5
      vertex 87.243 0.490475 0.5
      vertex 87.5511 1.26394 1.90735e-07
    endloop
  endfacet
  facet normal 0.165326 -0.688636 -0.706008
    outer loop
      vertex 85.9039 0.0554169 0.5
      vertex 85.8257 0.549252 1.90735e-07
      vertex 86.5906 0.220258 0.5
    endloop
  endfacet
  facet normal 0.0555677 -0.70602 -0.706008
    outer loop
      vertex 85.9039 0.0554169 0.5
      vertex 85.2 1.2207e-05 0.5
      vertex 85.8257 0.549252 1.90735e-07
    endloop
  endfacet
  facet normal 0.688628 -0.165339 -0.706013
    outer loop
      vertex 89.4797 3.10943 0.5
      vertex 89.0042 3.26394 1.90735e-07
      vertex 89.6446 3.79605 0.5
    endloop
  endfacet
  facet normal 0.654295 -0.271005 -0.706013
    outer loop
      vertex 89.4797 3.10943 0.5
      vertex 88.764 2.68405 1.90735e-07
      vertex 89.0042 3.26394 1.90735e-07
    endloop
  endfacet
  facet normal 0.688628 -0.165339 0.706013
    outer loop
      vertex 89.6446 3.79605 22.65
      vertex 89.0042 3.26394 23.15
      vertex 89.4797 3.10943 22.65
    endloop
  endfacet
  facet normal 0.996917 -0.0784611 0
    outer loop
      vertex 89.6446 3.79605 22.65
      vertex 89.7 4.50001 0.5
      vertex 89.7 4.50001 22.65
    endloop
  endfacet
  facet normal 0.996917 -0.0784611 0
    outer loop
      vertex 89.7 4.50001 0.5
      vertex 89.6446 3.79605 22.65
      vertex 89.6446 3.79605 0.5
    endloop
  endfacet
  facet normal 0.706014 -0.055566 0.706014
    outer loop
      vertex 89.7 4.50001 22.65
      vertex 89.2 4.50001 23.15
      vertex 89.6446 3.79605 22.65
    endloop
  endfacet
  facet normal 0.53851 -0.459934 0.706023
    outer loop
      vertex 88.4361 2.14886 23.15
      vertex 88.0284 1.67158 23.15
      vertex 88.382 1.31802 22.65
    endloop
  endfacet
  facet normal 0.852633 -0.52251 0
    outer loop
      vertex 88.8406 1.85498 22.65
      vertex 89.2095 2.45704 0.5
      vertex 89.2095 2.45704 22.65
    endloop
  endfacet
  facet normal 0.852633 -0.52251 0
    outer loop
      vertex 89.2095 2.45704 0.5
      vertex 88.8406 1.85498 22.65
      vertex 88.8406 1.85498 0.5
    endloop
  endfacet
  facet normal 0.603834 -0.370041 0.706013
    outer loop
      vertex 89.2095 2.45704 22.65
      vertex 88.4361 2.14886 23.15
      vertex 88.8406 1.85498 22.65
    endloop
  endfacet
  facet normal 0.603834 -0.370041 0.706013
    outer loop
      vertex 88.764 2.68405 23.15
      vertex 88.4361 2.14886 23.15
      vertex 89.2095 2.45704 22.65
    endloop
  endfacet
  facet normal 0.649434 -0.760418 0
    outer loop
      vertex 87.845 0.859433 0.5
      vertex 88.382 1.31802 22.65
      vertex 87.845 0.859433 22.65
    endloop
  endfacet
  facet normal 0.649434 -0.760418 0
    outer loop
      vertex 88.382 1.31802 22.65
      vertex 87.845 0.859433 0.5
      vertex 88.382 1.31802 0.5
    endloop
  endfacet
  facet normal 0.688625 0.16533 0.706019
    outer loop
      vertex 89.6446 50.5039 22.65
      vertex 89.0042 51.0361 23.15
      vertex 89.1507 50.4257 23.15
    endloop
  endfacet
  facet normal 0.603834 0.370041 0.706013
    outer loop
      vertex 88.8406 52.445 22.65
      vertex 88.4361 52.1511 23.15
      vertex 89.2095 51.843 22.65
    endloop
  endfacet
  facet normal 0.852633 0.52251 0
    outer loop
      vertex 89.2095 51.843 22.65
      vertex 88.8406 52.445 0.5
      vertex 88.8406 52.445 22.65
    endloop
  endfacet
  facet normal 0.852633 0.52251 0
    outer loop
      vertex 88.8406 52.445 0.5
      vertex 89.2095 51.843 22.65
      vertex 89.2095 51.843 0.5
    endloop
  endfacet
  facet normal 0.53851 0.459934 0.706023
    outer loop
      vertex 88.382 52.982 22.65
      vertex 88.0284 52.6284 23.15
      vertex 88.4361 52.1511 23.15
    endloop
  endfacet
  facet normal 0.459934 0.53851 0.706023
    outer loop
      vertex 88.382 52.982 22.65
      vertex 87.5511 53.0361 23.15
      vertex 88.0284 52.6284 23.15
    endloop
  endfacet
  facet normal -0.370033 -0.603833 -0.706018
    outer loop
      vertex 2.68404 0.935986 1.90735e-07
      vertex 1.85497 0.859433 0.5
      vertex 2.14887 1.26394 1.90735e-07
    endloop
  endfacet
  facet normal 0.603834 -0.370041 -0.706013
    outer loop
      vertex 89.2095 2.45704 0.5
      vertex 88.4361 2.14886 1.90735e-07
      vertex 88.764 2.68405 1.90735e-07
    endloop
  endfacet
  facet normal 0.271016 -0.654281 -0.706022
    outer loop
      vertex 87.243 0.490475 0.5
      vertex 86.4361 0.695782 1.90735e-07
      vertex 87.0159 0.935986 1.90735e-07
    endloop
  endfacet
  facet normal 0.165331 -0.68863 -0.706013
    outer loop
      vertex 86.5906 0.220258 0.5
      vertex 85.8257 0.549252 1.90735e-07
      vertex 86.4361 0.695782 1.90735e-07
    endloop
  endfacet
  facet normal 0.459929 -0.538528 0.706012
    outer loop
      vertex 88.382 1.31802 22.65
      vertex 87.5511 1.26394 23.15
      vertex 87.845 0.859433 22.65
    endloop
  endfacet
  facet normal 0.370041 -0.603834 0.706013
    outer loop
      vertex 87.5511 1.26394 23.15
      vertex 87.243 0.490475 22.65
      vertex 87.845 0.859433 22.65
    endloop
  endfacet
  facet normal 0.97237 -0.233444 0
    outer loop
      vertex 1.63571 50.2537 23.15
      vertex 1.74195 50.6961 1.6
      vertex 1.74195 50.6961 23.15
    endloop
  endfacet
  facet normal 0.97237 -0.233444 0
    outer loop
      vertex 1.74195 50.6961 1.6
      vertex 1.63571 50.2537 23.15
      vertex 1.63571 50.2537 1.6
    endloop
  endfacet
  facet normal 0.923873 -0.3827 0
    outer loop
      vertex 1.74195 50.6961 23.15
      vertex 1.9161 51.1166 1.6
      vertex 1.9161 51.1166 23.15
    endloop
  endfacet
  facet normal 0.923873 -0.3827 0
    outer loop
      vertex 1.9161 51.1166 1.6
      vertex 1.74195 50.6961 23.15
      vertex 1.74195 50.6961 1.6
    endloop
  endfacet
  facet normal 0 -1 0
    outer loop
      vertex 4.49999 52.7 23.15
      vertex 6.7 52.7 15.15
      vertex 6.7 52.7 23.15
    endloop
  endfacet
  facet normal 0 -1 0
    outer loop
      vertex 4.49999 52.7 1.6
      vertex 16.7 52.7 15.15
      vertex 6.7 52.7 15.15
    endloop
  endfacet
  facet normal 0 -1 -0
    outer loop
      vertex 16.7 52.7 15.15
      vertex 4.49999 52.7 1.6
      vertex 44.7 52.7 15.15
    endloop
  endfacet
  facet normal 0 -1 0
    outer loop
      vertex 85.2 52.7 1.6
      vertex 44.7 52.7 15.15
      vertex 4.49999 52.7 1.6
    endloop
  endfacet
  facet normal 0 -1 0
    outer loop
      vertex 4.49999 52.7 1.6
      vertex 6.7 52.7 15.15
      vertex 4.49999 52.7 23.15
    endloop
  endfacet
  facet normal 0 -1 0
    outer loop
      vertex 16.7 52.7 15.15
      vertex 44.7 52.7 23.15
      vertex 16.7 52.7 23.15
    endloop
  endfacet
  facet normal 0 -1 -0
    outer loop
      vertex 44.7 52.7 23.15
      vertex 16.7 52.7 15.15
      vertex 44.7 52.7 15.15
    endloop
  endfacet
  facet normal 0 -1 0
    outer loop
      vertex 54.7 52.7 15.15
      vertex 85.2 52.7 23.15
      vertex 54.7 52.7 23.15
    endloop
  endfacet
  facet normal 0 -1 0
    outer loop
      vertex 44.7 52.7 15.15
      vertex 85.2 52.7 1.6
      vertex 54.7 52.7 15.15
    endloop
  endfacet
  facet normal 0 -1 0
    outer loop
      vertex 54.7 52.7 15.15
      vertex 85.2 52.7 1.6
      vertex 85.2 52.7 23.15
    endloop
  endfacet
  facet normal 0 0 1
    outer loop
      vertex 12.9334 34.684 1.6
      vertex 7.16946 40.2775 1.6
      vertex 12.8621 34.6005 1.6
    endloop
  endfacet
  facet normal 0 0 1
    outer loop
      vertex 12.7284 34.189 1.6
      vertex 8.16922 14.0911 1.6
      vertex 8.2 13.7 1.6
    endloop
  endfacet
  facet normal 0 0 1
    outer loop
      vertex 12.8621 34.6005 1.6
      vertex 7.16946 40.2775 1.6
      vertex 12.8047 34.5068 1.6
    endloop
  endfacet
  facet normal 0 0 1
    outer loop
      vertex 12.7284 34.189 1.6
      vertex 8.07764 14.4725 1.6
      vertex 8.16922 14.0911 1.6
    endloop
  endfacet
  facet normal -0 0 1
    outer loop
      vertex 6.83498 40.0725 1.6
      vertex 12.8047 34.5068 1.6
      vertex 7.16946 40.2775 1.6
    endloop
  endfacet
  facet normal 0 0 1
    outer loop
      vertex 12.7284 34.189 1.6
      vertex 7.92752 14.835 1.6
      vertex 8.07764 14.4725 1.6
    endloop
  endfacet
  facet normal 0 0 1
    outer loop
      vertex 12.8047 34.5068 1.6
      vertex 6.83498 40.0725 1.6
      vertex 12.7627 34.4053 1.6
    endloop
  endfacet
  facet normal 0 0 1
    outer loop
      vertex 12.7284 34.189 1.6
      vertex 7.72254 15.1695 1.6
      vertex 7.92752 14.835 1.6
    endloop
  endfacet
  facet normal -0 0 1
    outer loop
      vertex 6.47254 39.9224 1.6
      vertex 12.7627 34.4053 1.6
      vertex 6.83498 40.0725 1.6
    endloop
  endfacet
  facet normal 0 0 1
    outer loop
      vertex 12.7284 34.189 1.6
      vertex 7.46777 15.4678 1.6
      vertex 7.72254 15.1695 1.6
    endloop
  endfacet
  facet normal 0 0 1
    outer loop
      vertex 12.7627 34.4053 1.6
      vertex 6.47254 39.9224 1.6
      vertex 12.737 34.2985 1.6
    endloop
  endfacet
  facet normal 0 0 1
    outer loop
      vertex 12.7284 34.189 1.6
      vertex 7.16946 15.7225 1.6
      vertex 7.46777 15.4678 1.6
    endloop
  endfacet
  facet normal -0 0 1
    outer loop
      vertex 6.09109 39.8308 1.6
      vertex 12.737 34.2985 1.6
      vertex 6.47254 39.9224 1.6
    endloop
  endfacet
  facet normal 0 0 1
    outer loop
      vertex 12.7284 34.189 1.6
      vertex 6.83498 15.9275 1.6
      vertex 7.16946 15.7225 1.6
    endloop
  endfacet
  facet normal 0 0 1
    outer loop
      vertex 12.737 34.2985 1.6
      vertex 6.09109 39.8308 1.6
      vertex 12.7284 34.189 1.6
    endloop
  endfacet
  facet normal 0 0 1
    outer loop
      vertex 12.7284 34.189 1.6
      vertex 6.47254 16.0776 1.6
      vertex 6.83498 15.9275 1.6
    endloop
  endfacet
  facet normal -0 0 1
    outer loop
      vertex 5.7 39.8 1.6
      vertex 12.7284 34.189 1.6
      vertex 6.09109 39.8308 1.6
    endloop
  endfacet
  facet normal 0 0 1
    outer loop
      vertex 12.7284 34.189 1.6
      vertex 6.09109 16.1692 1.6
      vertex 6.47254 16.0776 1.6
    endloop
  endfacet
  facet normal 0 0 1
    outer loop
      vertex 5.30891 39.8308 1.6
      vertex 12.7284 34.189 1.6
      vertex 5.7 39.8 1.6
    endloop
  endfacet
  facet normal 0 0 1
    outer loop
      vertex 12.7284 34.189 1.6
      vertex 5.7 16.2 1.6
      vertex 6.09109 16.1692 1.6
    endloop
  endfacet
  facet normal 0 0 1
    outer loop
      vertex 5.30891 16.1692 1.6
      vertex 12.7284 34.189 1.6
      vertex 5.30891 39.8308 1.6
    endloop
  endfacet
  facet normal 0 0 1
    outer loop
      vertex 12.7284 34.189 1.6
      vertex 5.30891 16.1692 1.6
      vertex 5.7 16.2 1.6
    endloop
  endfacet
  facet normal 0 0 1
    outer loop
      vertex 4.92746 39.9224 1.6
      vertex 5.30891 16.1692 1.6
      vertex 5.30891 39.8308 1.6
    endloop
  endfacet
  facet normal 0 0 1
    outer loop
      vertex 4.92746 39.9224 1.6
      vertex 4.92746 16.0776 1.6
      vertex 5.30891 16.1692 1.6
    endloop
  endfacet
  facet normal 0 0 1
    outer loop
      vertex 4.56502 40.0725 1.6
      vertex 4.92746 16.0776 1.6
      vertex 4.92746 39.9224 1.6
    endloop
  endfacet
  facet normal 0 0 1
    outer loop
      vertex 4.56502 40.0725 1.6
      vertex 4.56502 15.9275 1.6
      vertex 4.92746 16.0776 1.6
    endloop
  endfacet
  facet normal 0 0 1
    outer loop
      vertex 4.23054 40.2775 1.6
      vertex 4.56502 15.9275 1.6
      vertex 4.56502 40.0725 1.6
    endloop
  endfacet
  facet normal 0 0 1
    outer loop
      vertex 4.23054 40.2775 1.6
      vertex 4.23054 15.7225 1.6
      vertex 4.56502 15.9275 1.6
    endloop
  endfacet
  facet normal 0 0 1
    outer loop
      vertex 3.93223 40.5322 1.6
      vertex 4.23054 15.7225 1.6
      vertex 4.23054 40.2775 1.6
    endloop
  endfacet
  facet normal 0 0 1
    outer loop
      vertex 3.93223 40.5322 1.6
      vertex 3.93223 15.4678 1.6
      vertex 4.23054 15.7225 1.6
    endloop
  endfacet
  facet normal 0 0 1
    outer loop
      vertex 3.67746 40.8305 1.6
      vertex 3.93223 15.4678 1.6
      vertex 3.93223 40.5322 1.6
    endloop
  endfacet
  facet normal 0 0 1
    outer loop
      vertex 3.67746 40.8305 1.6
      vertex 3.67746 15.1695 1.6
      vertex 3.93223 15.4678 1.6
    endloop
  endfacet
  facet normal 0 0 1
    outer loop
      vertex 3.47248 41.165 1.6
      vertex 3.67746 15.1695 1.6
      vertex 3.67746 40.8305 1.6
    endloop
  endfacet
  facet normal 0 0 1
    outer loop
      vertex 3.47248 41.165 1.6
      vertex 3.47248 14.835 1.6
      vertex 3.67746 15.1695 1.6
    endloop
  endfacet
  facet normal 0 0 1
    outer loop
      vertex 3.32236 41.5275 1.6
      vertex 3.47248 14.835 1.6
      vertex 3.47248 41.165 1.6
    endloop
  endfacet
  facet normal 0 0 1
    outer loop
      vertex 3.32236 41.5275 1.6
      vertex 3.32236 14.4725 1.6
      vertex 3.47248 14.835 1.6
    endloop
  endfacet
  facet normal 0 0 1
    outer loop
      vertex 3.23078 41.9089 1.6
      vertex 3.32236 14.4725 1.6
      vertex 3.32236 41.5275 1.6
    endloop
  endfacet
  facet normal 0 0 1
    outer loop
      vertex 3.23078 41.9089 1.6
      vertex 3.23078 14.0911 1.6
      vertex 3.32236 14.4725 1.6
    endloop
  endfacet
  facet normal 0 0 1
    outer loop
      vertex 1.60001 49.8 1.6
      vertex 3.23078 41.9089 1.6
      vertex 3.2 42.3 1.6
    endloop
  endfacet
  facet normal 0 0 1
    outer loop
      vertex 3.23078 41.9089 1.6
      vertex 1.60001 49.8 1.6
      vertex 3.23078 14.0911 1.6
    endloop
  endfacet
  facet normal 0 0 1
    outer loop
      vertex 76.0776 41.5275 1.6
      vertex 88.1 49.8 1.6
      vertex 76.1692 41.9089 1.6
    endloop
  endfacet
  facet normal 0 0 1
    outer loop
      vertex 88.1 49.8 1.6
      vertex 76.1692 14.0911 1.6
      vertex 76.2 13.7 1.6
    endloop
  endfacet
  facet normal 0 0 1
    outer loop
      vertex 75.9275 41.165 1.6
      vertex 88.1 49.8 1.6
      vertex 76.0776 41.5275 1.6
    endloop
  endfacet
  facet normal 0 0 1
    outer loop
      vertex 88.1 49.8 1.6
      vertex 76.0776 14.4725 1.6
      vertex 76.1692 14.0911 1.6
    endloop
  endfacet
  facet normal 0 0 1
    outer loop
      vertex 75.7225 40.8305 1.6
      vertex 88.1 49.8 1.6
      vertex 75.9275 41.165 1.6
    endloop
  endfacet
  facet normal 0 0 1
    outer loop
      vertex 88.1 49.8 1.6
      vertex 75.9275 14.835 1.6
      vertex 76.0776 14.4725 1.6
    endloop
  endfacet
  facet normal 0 0 1
    outer loop
      vertex 75.7225 15.1695 1.6
      vertex 88.1 49.8 1.6
      vertex 75.7225 40.8305 1.6
    endloop
  endfacet
  facet normal 0 0 1
    outer loop
      vertex 88.1 49.8 1.6
      vertex 75.7225 15.1695 1.6
      vertex 75.9275 14.835 1.6
    endloop
  endfacet
  facet normal -0 0 1
    outer loop
      vertex 75.4678 40.5322 1.6
      vertex 75.7225 15.1695 1.6
      vertex 75.7225 40.8305 1.6
    endloop
  endfacet
  facet normal 0 0 1
    outer loop
      vertex 75.4678 40.5322 1.6
      vertex 75.4678 15.4678 1.6
      vertex 75.7225 15.1695 1.6
    endloop
  endfacet
  facet normal -0 0 1
    outer loop
      vertex 75.1695 40.2775 1.6
      vertex 75.4678 15.4678 1.6
      vertex 75.4678 40.5322 1.6
    endloop
  endfacet
  facet normal 0 0 1
    outer loop
      vertex 75.1695 40.2775 1.6
      vertex 75.1695 15.7225 1.6
      vertex 75.4678 15.4678 1.6
    endloop
  endfacet
  facet normal -0 0 1
    outer loop
      vertex 74.835 40.0725 1.6
      vertex 75.1695 15.7225 1.6
      vertex 75.1695 40.2775 1.6
    endloop
  endfacet
  facet normal 0 0 1
    outer loop
      vertex 74.835 40.0725 1.6
      vertex 74.835 15.9275 1.6
      vertex 75.1695 15.7225 1.6
    endloop
  endfacet
  facet normal -0 0 1
    outer loop
      vertex 74.4725 39.9224 1.6
      vertex 74.835 15.9275 1.6
      vertex 74.835 40.0725 1.6
    endloop
  endfacet
  facet normal 0 0 1
    outer loop
      vertex 74.4725 39.9224 1.6
      vertex 74.4725 16.0776 1.6
      vertex 74.835 15.9275 1.6
    endloop
  endfacet
  facet normal -0 0 1
    outer loop
      vertex 74.0911 39.8308 1.6
      vertex 74.4725 16.0776 1.6
      vertex 74.4725 39.9224 1.6
    endloop
  endfacet
  facet normal 0 0 1
    outer loop
      vertex 74.0911 39.8308 1.6
      vertex 74.0911 16.1692 1.6
      vertex 74.4725 16.0776 1.6
    endloop
  endfacet
  facet normal -0 0 1
    outer loop
      vertex 73.7 39.8 1.6
      vertex 74.0911 16.1692 1.6
      vertex 74.0911 39.8308 1.6
    endloop
  endfacet
  facet normal 0 0 1
    outer loop
      vertex 73.7 39.8 1.6
      vertex 73.7 16.2 1.6
      vertex 74.0911 16.1692 1.6
    endloop
  endfacet
  facet normal 0 0 1
    outer loop
      vertex 73.3089 39.8308 1.6
      vertex 73.7 16.2 1.6
      vertex 73.7 39.8 1.6
    endloop
  endfacet
  facet normal 0 0 1
    outer loop
      vertex 73.3089 39.8308 1.6
      vertex 73.3089 16.1692 1.6
      vertex 73.7 16.2 1.6
    endloop
  endfacet
  facet normal 0 0 1
    outer loop
      vertex 72.9275 39.9224 1.6
      vertex 73.3089 16.1692 1.6
      vertex 73.3089 39.8308 1.6
    endloop
  endfacet
  facet normal 0 0 1
    outer loop
      vertex 72.9275 39.9224 1.6
      vertex 72.9275 16.0776 1.6
      vertex 73.3089 16.1692 1.6
    endloop
  endfacet
  facet normal 0 0 1
    outer loop
      vertex 72.565 40.0725 1.6
      vertex 72.9275 16.0776 1.6
      vertex 72.9275 39.9224 1.6
    endloop
  endfacet
  facet normal 0 0 1
    outer loop
      vertex 72.565 40.0725 1.6
      vertex 72.565 15.9275 1.6
      vertex 72.9275 16.0776 1.6
    endloop
  endfacet
  facet normal 0 0 1
    outer loop
      vertex 52.0599 22.7572 1.6
      vertex 72.565 40.0725 1.6
      vertex 72.2305 40.2775 1.6
    endloop
  endfacet
  facet normal 0 0 1
    outer loop
      vertex 72.565 40.0725 1.6
      vertex 52.0599 22.7572 1.6
      vertex 72.565 15.9275 1.6
    endloop
  endfacet
  facet normal 0 0 1
    outer loop
      vertex 51.8894 23.0917 1.6
      vertex 72.2305 40.2775 1.6
      vertex 71.9322 40.5322 1.6
    endloop
  endfacet
  facet normal 0 0 1
    outer loop
      vertex 72.565 15.9275 1.6
      vertex 52.0599 22.7572 1.6
      vertex 72.2305 15.7225 1.6
    endloop
  endfacet
  facet normal 0 0 1
    outer loop
      vertex 51.7671 23.2349 1.6
      vertex 71.9322 40.5322 1.6
      vertex 71.6775 40.8305 1.6
    endloop
  endfacet
  facet normal -0 -0 1
    outer loop
      vertex 52.1038 22.5741 1.6
      vertex 72.2305 15.7225 1.6
      vertex 52.0599 22.7572 1.6
    endloop
  endfacet
  facet normal 0 0 1
    outer loop
      vertex 51.6239 23.3572 1.6
      vertex 71.6775 40.8305 1.6
      vertex 71.4725 41.165 1.6
    endloop
  endfacet
  facet normal 0 0 1
    outer loop
      vertex 72.2305 15.7225 1.6
      vertex 52.1038 22.5741 1.6
      vertex 71.9322 15.4678 1.6
    endloop
  endfacet
  facet normal 0 0 1
    outer loop
      vertex 51.4634 23.4556 1.6
      vertex 71.4725 41.165 1.6
      vertex 71.3224 41.5275 1.6
    endloop
  endfacet
  facet normal -0 -0 1
    outer loop
      vertex 52.1186 22.3864 1.6
      vertex 71.9322 15.4678 1.6
      vertex 52.1038 22.5741 1.6
    endloop
  endfacet
  facet normal 0 0 1
    outer loop
      vertex 42.6941 34.4053 1.6
      vertex 71.3224 41.5275 1.6
      vertex 71.2308 41.9089 1.6
    endloop
  endfacet
  facet normal 0 0 1
    outer loop
      vertex 71.9322 15.4678 1.6
      vertex 52.1186 22.3864 1.6
      vertex 71.6775 15.1695 1.6
    endloop
  endfacet
  facet normal 0 0 1
    outer loop
      vertex 42.6521 34.5068 1.6
      vertex 71.2308 41.9089 1.6
      vertex 71.2 42.3 1.6
    endloop
  endfacet
  facet normal -0 0 1
    outer loop
      vertex 52.1038 22.1987 1.6
      vertex 71.6775 15.1695 1.6
      vertex 52.1186 22.3864 1.6
    endloop
  endfacet
  facet normal 0 0 1
    outer loop
      vertex 85.2 52.7 1.6
      vertex 88.1 49.8 1.6
      vertex 88.0643 50.2537 1.6
    endloop
  endfacet
  facet normal 0 0 1
    outer loop
      vertex 88.1 49.8 1.6
      vertex 76.2 13.7 1.6
      vertex 88.1 4.50001 1.6
    endloop
  endfacet
  facet normal 0 0 1
    outer loop
      vertex 85.2 52.7 1.6
      vertex 88.0643 50.2537 1.6
      vertex 87.9581 50.6961 1.6
    endloop
  endfacet
  facet normal -0 0 1
    outer loop
      vertex 76.1692 13.3089 1.6
      vertex 88.1 4.50001 1.6
      vertex 76.2 13.7 1.6
    endloop
  endfacet
  facet normal 0 0 1
    outer loop
      vertex 85.2 52.7 1.6
      vertex 87.9581 50.6961 1.6
      vertex 87.7839 51.1166 1.6
    endloop
  endfacet
  facet normal -0 0 1
    outer loop
      vertex 76.0776 12.9275 1.6
      vertex 88.1 4.50001 1.6
      vertex 76.1692 13.3089 1.6
    endloop
  endfacet
  facet normal 0 0 1
    outer loop
      vertex 85.2 52.7 1.6
      vertex 87.7839 51.1166 1.6
      vertex 87.5461 51.5046 1.6
    endloop
  endfacet
  facet normal -0 0 1
    outer loop
      vertex 75.9275 12.565 1.6
      vertex 88.1 4.50001 1.6
      vertex 76.0776 12.9275 1.6
    endloop
  endfacet
  facet normal 0 0 1
    outer loop
      vertex 85.2 52.7 1.6
      vertex 87.5461 51.5046 1.6
      vertex 87.2506 51.8506 1.6
    endloop
  endfacet
  facet normal -0 0 1
    outer loop
      vertex 75.7225 12.2305 1.6
      vertex 88.1 4.50001 1.6
      vertex 75.9275 12.565 1.6
    endloop
  endfacet
  facet normal 0 0 1
    outer loop
      vertex 85.2 52.7 1.6
      vertex 87.2506 51.8506 1.6
      vertex 86.9046 52.1461 1.6
    endloop
  endfacet
  facet normal 0 -0 1
    outer loop
      vertex 85.2 1.6 1.6
      vertex 88.1 4.50001 1.6
      vertex 75.7225 12.2305 1.6
    endloop
  endfacet
  facet normal 0 0 1
    outer loop
      vertex 85.2 52.7 1.6
      vertex 86.9046 52.1461 1.6
      vertex 86.5166 52.3839 1.6
    endloop
  endfacet
  facet normal 0 0 1
    outer loop
      vertex 88.0643 4.04635 1.6
      vertex 85.2 1.6 1.6
      vertex 87.9581 3.60386 1.6
    endloop
  endfacet
  facet normal 0 0 1
    outer loop
      vertex 85.2 52.7 1.6
      vertex 86.5166 52.3839 1.6
      vertex 86.0961 52.5581 1.6
    endloop
  endfacet
  facet normal 0 0 1
    outer loop
      vertex 87.9581 3.60386 1.6
      vertex 85.2 1.6 1.6
      vertex 87.7839 3.18344 1.6
    endloop
  endfacet
  facet normal 0 0 1
    outer loop
      vertex 85.2 52.7 1.6
      vertex 86.0961 52.5581 1.6
      vertex 85.6537 52.6643 1.6
    endloop
  endfacet
  facet normal 0 0 1
    outer loop
      vertex 87.7839 3.18344 1.6
      vertex 85.2 1.6 1.6
      vertex 87.5461 2.79544 1.6
    endloop
  endfacet
  facet normal 0 0 1
    outer loop
      vertex 88.1 49.8 1.6
      vertex 85.2 52.7 1.6
      vertex 75.9275 43.435 1.6
    endloop
  endfacet
  facet normal 0 0 1
    outer loop
      vertex 87.2506 2.4494 1.6
      vertex 85.2 1.6 1.6
      vertex 86.9046 2.15385 1.6
    endloop
  endfacet
  facet normal 0 0 1
    outer loop
      vertex 76.1692 41.9089 1.6
      vertex 88.1 49.8 1.6
      vertex 76.2 42.3 1.6
    endloop
  endfacet
  facet normal 0 0 1
    outer loop
      vertex 88.1 49.8 1.6
      vertex 76.1692 42.6911 1.6
      vertex 76.2 42.3 1.6
    endloop
  endfacet
  facet normal 0 0 1
    outer loop
      vertex 88.1 49.8 1.6
      vertex 76.0776 43.0725 1.6
      vertex 76.1692 42.6911 1.6
    endloop
  endfacet
  facet normal 0 0 1
    outer loop
      vertex 88.1 49.8 1.6
      vertex 75.9275 43.435 1.6
      vertex 76.0776 43.0725 1.6
    endloop
  endfacet
  facet normal 0 0 1
    outer loop
      vertex 85.2 52.7 1.6
      vertex 75.7225 43.7695 1.6
      vertex 75.9275 43.435 1.6
    endloop
  endfacet
  facet normal 0 0 1
    outer loop
      vertex 85.2 52.7 1.6
      vertex 75.4678 44.0678 1.6
      vertex 75.7225 43.7695 1.6
    endloop
  endfacet
  facet normal 0 0 1
    outer loop
      vertex 85.2 52.7 1.6
      vertex 75.1695 44.3225 1.6
      vertex 75.4678 44.0678 1.6
    endloop
  endfacet
  facet normal 0 0 1
    outer loop
      vertex 85.2 52.7 1.6
      vertex 74.835 44.5275 1.6
      vertex 75.1695 44.3225 1.6
    endloop
  endfacet
  facet normal 0 0 1
    outer loop
      vertex 85.2 52.7 1.6
      vertex 74.4725 44.6776 1.6
      vertex 74.835 44.5275 1.6
    endloop
  endfacet
  facet normal 0 0 1
    outer loop
      vertex 85.2 52.7 1.6
      vertex 74.0911 44.7692 1.6
      vertex 74.4725 44.6776 1.6
    endloop
  endfacet
  facet normal 0 0 1
    outer loop
      vertex 85.2 52.7 1.6
      vertex 73.7 44.8 1.6
      vertex 74.0911 44.7692 1.6
    endloop
  endfacet
  facet normal 0 0 1
    outer loop
      vertex 85.2 52.7 1.6
      vertex 73.3089 44.7692 1.6
      vertex 73.7 44.8 1.6
    endloop
  endfacet
  facet normal 0 0 1
    outer loop
      vertex 85.2 52.7 1.6
      vertex 72.9275 44.6776 1.6
      vertex 73.3089 44.7692 1.6
    endloop
  endfacet
  facet normal 0 0 1
    outer loop
      vertex 85.2 52.7 1.6
      vertex 72.565 44.5275 1.6
      vertex 72.9275 44.6776 1.6
    endloop
  endfacet
  facet normal -0 0 1
    outer loop
      vertex 4.49999 52.7 1.6
      vertex 72.565 44.5275 1.6
      vertex 85.2 52.7 1.6
    endloop
  endfacet
  facet normal 0 0 1
    outer loop
      vertex 71.6775 15.1695 1.6
      vertex 52.1038 22.1987 1.6
      vertex 71.4725 14.835 1.6
    endloop
  endfacet
  facet normal 0 0 1
    outer loop
      vertex 42.5947 34.6005 1.6
      vertex 71.2 42.3 1.6
      vertex 71.2308 42.6911 1.6
    endloop
  endfacet
  facet normal 0 0 1
    outer loop
      vertex 42.5234 34.684 1.6
      vertex 71.2308 42.6911 1.6
      vertex 71.3224 43.0725 1.6
    endloop
  endfacet
  facet normal 0 0 1
    outer loop
      vertex 42.4398 34.7553 1.6
      vertex 71.3224 43.0725 1.6
      vertex 71.4725 43.435 1.6
    endloop
  endfacet
  facet normal 0 0 1
    outer loop
      vertex 42.3462 34.8127 1.6
      vertex 71.4725 43.435 1.6
      vertex 71.6775 43.7695 1.6
    endloop
  endfacet
  facet normal 0 0 1
    outer loop
      vertex 42.2447 34.8547 1.6
      vertex 71.6775 43.7695 1.6
      vertex 71.9322 44.0678 1.6
    endloop
  endfacet
  facet normal 0 0 1
    outer loop
      vertex 71.4725 14.835 1.6
      vertex 52.0599 22.0156 1.6
      vertex 71.3224 14.4725 1.6
    endloop
  endfacet
  facet normal -0 0 1
    outer loop
      vertex 52.0599 22.0156 1.6
      vertex 71.4725 14.835 1.6
      vertex 52.1038 22.1987 1.6
    endloop
  endfacet
  facet normal 0 0 1
    outer loop
      vertex 72.2305 40.2775 1.6
      vertex 51.9878 22.9312 1.6
      vertex 52.0599 22.7572 1.6
    endloop
  endfacet
  facet normal 0 0 1
    outer loop
      vertex 72.2305 40.2775 1.6
      vertex 51.8894 23.0917 1.6
      vertex 51.9878 22.9312 1.6
    endloop
  endfacet
  facet normal 0 0 1
    outer loop
      vertex 71.9322 40.5322 1.6
      vertex 51.7671 23.2349 1.6
      vertex 51.8894 23.0917 1.6
    endloop
  endfacet
  facet normal 0 0 1
    outer loop
      vertex 71.6775 40.8305 1.6
      vertex 51.6239 23.3572 1.6
      vertex 51.7671 23.2349 1.6
    endloop
  endfacet
  facet normal 0 0 1
    outer loop
      vertex 71.4725 41.165 1.6
      vertex 51.4634 23.4556 1.6
      vertex 51.6239 23.3572 1.6
    endloop
  endfacet
  facet normal 0 0 1
    outer loop
      vertex 71.3224 41.5275 1.6
      vertex 42.7198 34.2985 1.6
      vertex 51.4634 23.4556 1.6
    endloop
  endfacet
  facet normal 0 0 1
    outer loop
      vertex 51.4634 23.4556 1.6
      vertex 42.7198 34.2985 1.6
      vertex 51.2894 23.5277 1.6
    endloop
  endfacet
  facet normal -0 -0 1
    outer loop
      vertex 42.7284 34.189 1.6
      vertex 51.2894 23.5277 1.6
      vertex 42.7198 34.2985 1.6
    endloop
  endfacet
  facet normal 0 0 1
    outer loop
      vertex 51.2894 23.5277 1.6
      vertex 42.7284 34.189 1.6
      vertex 51.1063 23.5716 1.6
    endloop
  endfacet
  facet normal 0 0 1
    outer loop
      vertex 51.1063 23.5716 1.6
      vertex 42.7284 34.189 1.6
      vertex 50.9186 23.5864 1.6
    endloop
  endfacet
  facet normal 0 0 1
    outer loop
      vertex 50.9186 23.5864 1.6
      vertex 42.7284 34.189 1.6
      vertex 50.7309 23.5716 1.6
    endloop
  endfacet
  facet normal 0 0 1
    outer loop
      vertex 50.7309 23.5716 1.6
      vertex 42.7284 34.189 1.6
      vertex 50.5478 23.5277 1.6
    endloop
  endfacet
  facet normal 0 -0 1
    outer loop
      vertex 46.5396 23.5277 1.6
      vertex 50.5478 23.5277 1.6
      vertex 42.7284 34.189 1.6
    endloop
  endfacet
  facet normal 0 0 1
    outer loop
      vertex 49.7334 22.5741 1.6
      vertex 47.3688 22.3864 1.6
      vertex 49.7186 22.3864 1.6
    endloop
  endfacet
  facet normal 0 0 1
    outer loop
      vertex 47.354 22.5741 1.6
      vertex 49.7334 22.5741 1.6
      vertex 49.7773 22.7572 1.6
    endloop
  endfacet
  facet normal 0 0 1
    outer loop
      vertex 47.3101 22.7572 1.6
      vertex 49.7773 22.7572 1.6
      vertex 49.8494 22.9312 1.6
    endloop
  endfacet
  facet normal 0 0 1
    outer loop
      vertex 47.238 22.9312 1.6
      vertex 49.8494 22.9312 1.6
      vertex 49.9478 23.0917 1.6
    endloop
  endfacet
  facet normal 0 0 1
    outer loop
      vertex 47.1396 23.0917 1.6
      vertex 49.9478 23.0917 1.6
      vertex 50.0701 23.2349 1.6
    endloop
  endfacet
  facet normal 0 0 1
    outer loop
      vertex 50.5478 23.5277 1.6
      vertex 46.5396 23.5277 1.6
      vertex 50.3738 23.4556 1.6
    endloop
  endfacet
  facet normal 0 0 1
    outer loop
      vertex 49.7334 22.5741 1.6
      vertex 47.354 22.5741 1.6
      vertex 47.3688 22.3864 1.6
    endloop
  endfacet
  facet normal 0 0 1
    outer loop
      vertex 49.7773 22.7572 1.6
      vertex 47.3101 22.7572 1.6
      vertex 47.354 22.5741 1.6
    endloop
  endfacet
  facet normal 0 0 1
    outer loop
      vertex 49.8494 22.9312 1.6
      vertex 47.238 22.9312 1.6
      vertex 47.3101 22.7572 1.6
    endloop
  endfacet
  facet normal 0 0 1
    outer loop
      vertex 49.9478 23.0917 1.6
      vertex 47.1396 23.0917 1.6
      vertex 47.238 22.9312 1.6
    endloop
  endfacet
  facet normal 0 0 1
    outer loop
      vertex 42.1379 34.8804 1.6
      vertex 71.9322 44.0678 1.6
      vertex 72.2305 44.3225 1.6
    endloop
  endfacet
  facet normal 0 0 1
    outer loop
      vertex 50.0701 23.2349 1.6
      vertex 47.0173 23.2349 1.6
      vertex 47.1396 23.0917 1.6
    endloop
  endfacet
  facet normal 0 0 1
    outer loop
      vertex 50.3738 23.4556 1.6
      vertex 46.7136 23.4556 1.6
      vertex 50.2133 23.3572 1.6
    endloop
  endfacet
  facet normal 0 0 1
    outer loop
      vertex 50.0701 23.2349 1.6
      vertex 46.8741 23.3572 1.6
      vertex 47.0173 23.2349 1.6
    endloop
  endfacet
  facet normal 0 0 1
    outer loop
      vertex 50.2133 23.3572 1.6
      vertex 46.8741 23.3572 1.6
      vertex 50.0701 23.2349 1.6
    endloop
  endfacet
  facet normal 0 -0 1
    outer loop
      vertex 46.8741 23.3572 1.6
      vertex 50.2133 23.3572 1.6
      vertex 46.7136 23.4556 1.6
    endloop
  endfacet
  facet normal 0 0 1
    outer loop
      vertex 46.5396 23.5277 1.6
      vertex 42.7284 34.189 1.6
      vertex 46.3565 23.5716 1.6
    endloop
  endfacet
  facet normal 0 0 1
    outer loop
      vertex 46.3565 23.5716 1.6
      vertex 42.7284 34.189 1.6
      vertex 46.1688 23.5864 1.6
    endloop
  endfacet
  facet normal 0 0 1
    outer loop
      vertex 46.1688 23.5864 1.6
      vertex 42.7284 34.189 1.6
      vertex 45.9811 23.5716 1.6
    endloop
  endfacet
  facet normal 0 0 1
    outer loop
      vertex 45.9811 23.5716 1.6
      vertex 42.7284 34.189 1.6
      vertex 45.798 23.5277 1.6
    endloop
  endfacet
  facet normal 0 0 1
    outer loop
      vertex 45.798 23.5277 1.6
      vertex 42.7284 34.189 1.6
      vertex 45.624 23.4556 1.6
    endloop
  endfacet
  facet normal 0 0 1
    outer loop
      vertex 45.0275 22.7572 1.6
      vertex 42.7284 18.089 1.6
      vertex 44.9836 22.5741 1.6
    endloop
  endfacet
  facet normal 0 0 1
    outer loop
      vertex 42.7284 18.089 1.6
      vertex 45.0275 22.7572 1.6
      vertex 42.7284 34.189 1.6
    endloop
  endfacet
  facet normal 0 0 1
    outer loop
      vertex 45.0996 22.9312 1.6
      vertex 42.7284 34.189 1.6
      vertex 45.0275 22.7572 1.6
    endloop
  endfacet
  facet normal 0 0 1
    outer loop
      vertex 45.198 23.0917 1.6
      vertex 42.7284 34.189 1.6
      vertex 45.0996 22.9312 1.6
    endloop
  endfacet
  facet normal 0 0 1
    outer loop
      vertex 45.3203 23.2349 1.6
      vertex 42.7284 34.189 1.6
      vertex 45.198 23.0917 1.6
    endloop
  endfacet
  facet normal 0 0 1
    outer loop
      vertex 45.4635 23.3572 1.6
      vertex 42.7284 34.189 1.6
      vertex 45.3203 23.2349 1.6
    endloop
  endfacet
  facet normal 0 0 1
    outer loop
      vertex 45.624 23.4556 1.6
      vertex 42.7284 34.189 1.6
      vertex 45.4635 23.3572 1.6
    endloop
  endfacet
  facet normal 0 0 1
    outer loop
      vertex 72.565 44.5275 1.6
      vertex 4.49999 52.7 1.6
      vertex 72.2305 44.3225 1.6
    endloop
  endfacet
  facet normal 0 -0 1
    outer loop
      vertex 46.7136 23.4556 1.6
      vertex 50.3738 23.4556 1.6
      vertex 46.5396 23.5277 1.6
    endloop
  endfacet
  facet normal 0 0 1
    outer loop
      vertex 71.3224 41.5275 1.6
      vertex 42.6941 34.4053 1.6
      vertex 42.7198 34.2985 1.6
    endloop
  endfacet
  facet normal 0 0 1
    outer loop
      vertex 71.2308 41.9089 1.6
      vertex 42.6521 34.5068 1.6
      vertex 42.6941 34.4053 1.6
    endloop
  endfacet
  facet normal 0 0 1
    outer loop
      vertex 71.2 42.3 1.6
      vertex 42.5947 34.6005 1.6
      vertex 42.6521 34.5068 1.6
    endloop
  endfacet
  facet normal 0 0 1
    outer loop
      vertex 71.2308 42.6911 1.6
      vertex 42.5234 34.684 1.6
      vertex 42.5947 34.6005 1.6
    endloop
  endfacet
  facet normal 0 0 1
    outer loop
      vertex 71.3224 43.0725 1.6
      vertex 42.4398 34.7553 1.6
      vertex 42.5234 34.684 1.6
    endloop
  endfacet
  facet normal 0 0 1
    outer loop
      vertex 71.4725 43.435 1.6
      vertex 42.3462 34.8127 1.6
      vertex 42.4398 34.7553 1.6
    endloop
  endfacet
  facet normal 0 0 1
    outer loop
      vertex 71.6775 43.7695 1.6
      vertex 42.2447 34.8547 1.6
      vertex 42.3462 34.8127 1.6
    endloop
  endfacet
  facet normal 0 0 1
    outer loop
      vertex 71.9322 44.0678 1.6
      vertex 42.1379 34.8804 1.6
      vertex 42.2447 34.8547 1.6
    endloop
  endfacet
  facet normal 0 0 1
    outer loop
      vertex 72.2305 44.3225 1.6
      vertex 42.0284 34.889 1.6
      vertex 42.1379 34.8804 1.6
    endloop
  endfacet
  facet normal 0 0 1
    outer loop
      vertex 72.2305 44.3225 1.6
      vertex 4.49999 52.7 1.6
      vertex 42.0284 34.889 1.6
    endloop
  endfacet
  facet normal -0 -0 1
    outer loop
      vertex 8.07764 43.0725 1.6
      vertex 42.0284 34.889 1.6
      vertex 7.92752 43.435 1.6
    endloop
  endfacet
  facet normal 0 0 1
    outer loop
      vertex 42.0284 34.889 1.6
      vertex 8.07764 43.0725 1.6
      vertex 13.4284 34.889 1.6
    endloop
  endfacet
  facet normal -0 0 1
    outer loop
      vertex 7.16946 40.2775 1.6
      vertex 12.9334 34.684 1.6
      vertex 7.46777 40.5322 1.6
    endloop
  endfacet
  facet normal 0 0 1
    outer loop
      vertex 13.0169 34.7553 1.6
      vertex 7.46777 40.5322 1.6
      vertex 12.9334 34.684 1.6
    endloop
  endfacet
  facet normal -0 0 1
    outer loop
      vertex 7.46777 40.5322 1.6
      vertex 13.0169 34.7553 1.6
      vertex 7.72254 40.8305 1.6
    endloop
  endfacet
  facet normal 0 0 1
    outer loop
      vertex 13.1106 34.8127 1.6
      vertex 7.72254 40.8305 1.6
      vertex 13.0169 34.7553 1.6
    endloop
  endfacet
  facet normal -0 0 1
    outer loop
      vertex 7.72254 40.8305 1.6
      vertex 13.1106 34.8127 1.6
      vertex 7.92752 41.165 1.6
    endloop
  endfacet
  facet normal 0 0 1
    outer loop
      vertex 13.2121 34.8547 1.6
      vertex 7.92752 41.165 1.6
      vertex 13.1106 34.8127 1.6
    endloop
  endfacet
  facet normal 0 0 1
    outer loop
      vertex 13.3189 34.8804 1.6
      vertex 7.92752 41.165 1.6
      vertex 13.2121 34.8547 1.6
    endloop
  endfacet
  facet normal -0 0 1
    outer loop
      vertex 7.92752 41.165 1.6
      vertex 13.3189 34.8804 1.6
      vertex 8.07764 41.5275 1.6
    endloop
  endfacet
  facet normal 0 0 1
    outer loop
      vertex 13.4284 34.889 1.6
      vertex 8.07764 41.5275 1.6
      vertex 13.3189 34.8804 1.6
    endloop
  endfacet
  facet normal -0 -0 1
    outer loop
      vertex 8.16922 42.6911 1.6
      vertex 13.4284 34.889 1.6
      vertex 8.07764 43.0725 1.6
    endloop
  endfacet
  facet normal -0 0 1
    outer loop
      vertex 8.07764 41.5275 1.6
      vertex 13.4284 34.889 1.6
      vertex 8.16922 41.9089 1.6
    endloop
  endfacet
  facet normal -0 0 1
    outer loop
      vertex 8.16922 41.9089 1.6
      vertex 13.4284 34.889 1.6
      vertex 8.2 42.3 1.6
    endloop
  endfacet
  facet normal -0 -0 1
    outer loop
      vertex 8.2 42.3 1.6
      vertex 13.4284 34.889 1.6
      vertex 8.16922 42.6911 1.6
    endloop
  endfacet
  facet normal 0 0 1
    outer loop
      vertex 42.0284 34.889 1.6
      vertex 4.49999 52.7 1.6
      vertex 7.92752 43.435 1.6
    endloop
  endfacet
  facet normal 0 0 1
    outer loop
      vertex 7.92752 43.435 1.6
      vertex 4.49999 52.7 1.6
      vertex 7.72254 43.7695 1.6
    endloop
  endfacet
  facet normal 0 0 1
    outer loop
      vertex 7.72254 43.7695 1.6
      vertex 4.49999 52.7 1.6
      vertex 7.46777 44.0678 1.6
    endloop
  endfacet
  facet normal 0 0 1
    outer loop
      vertex 7.46777 44.0678 1.6
      vertex 4.49999 52.7 1.6
      vertex 7.16946 44.3225 1.6
    endloop
  endfacet
  facet normal 0 0 1
    outer loop
      vertex 7.16946 44.3225 1.6
      vertex 4.49999 52.7 1.6
      vertex 6.83498 44.5275 1.6
    endloop
  endfacet
  facet normal 0 0 1
    outer loop
      vertex 6.83498 44.5275 1.6
      vertex 4.49999 52.7 1.6
      vertex 6.47254 44.6776 1.6
    endloop
  endfacet
  facet normal 0 0 1
    outer loop
      vertex 6.47254 44.6776 1.6
      vertex 4.49999 52.7 1.6
      vertex 6.09109 44.7692 1.6
    endloop
  endfacet
  facet normal 0 0 1
    outer loop
      vertex 6.09109 44.7692 1.6
      vertex 4.49999 52.7 1.6
      vertex 5.7 44.8 1.6
    endloop
  endfacet
  facet normal -0 0 1
    outer loop
      vertex 1.60001 49.8 1.6
      vertex 5.7 44.8 1.6
      vertex 4.49999 52.7 1.6
    endloop
  endfacet
  facet normal 0 0 1
    outer loop
      vertex 5.7 44.8 1.6
      vertex 1.60001 49.8 1.6
      vertex 5.30891 44.7692 1.6
    endloop
  endfacet
  facet normal 0 0 1
    outer loop
      vertex 5.30891 44.7692 1.6
      vertex 1.60001 49.8 1.6
      vertex 4.92746 44.6776 1.6
    endloop
  endfacet
  facet normal 0 0 1
    outer loop
      vertex 4.92746 44.6776 1.6
      vertex 1.60001 49.8 1.6
      vertex 4.56502 44.5275 1.6
    endloop
  endfacet
  facet normal 0 0 1
    outer loop
      vertex 1.60001 49.8 1.6
      vertex 4.49999 52.7 1.6
      vertex 4.04633 52.6643 1.6
    endloop
  endfacet
  facet normal 0 0 1
    outer loop
      vertex 4.56502 44.5275 1.6
      vertex 1.60001 49.8 1.6
      vertex 4.23054 44.3225 1.6
    endloop
  endfacet
  facet normal 0 0 1
    outer loop
      vertex 4.23054 44.3225 1.6
      vertex 1.60001 49.8 1.6
      vertex 3.93223 44.0678 1.6
    endloop
  endfacet
  facet normal 0 0 1
    outer loop
      vertex 1.60001 49.8 1.6
      vertex 4.04633 52.6643 1.6
      vertex 3.60385 52.5581 1.6
    endloop
  endfacet
  facet normal 0 0 1
    outer loop
      vertex 3.93223 44.0678 1.6
      vertex 1.60001 49.8 1.6
      vertex 3.67746 43.7695 1.6
    endloop
  endfacet
  facet normal 0 0 1
    outer loop
      vertex 3.67746 43.7695 1.6
      vertex 1.60001 49.8 1.6
      vertex 3.47248 43.435 1.6
    endloop
  endfacet
  facet normal 0 0 1
    outer loop
      vertex 3.47248 43.435 1.6
      vertex 1.60001 49.8 1.6
      vertex 3.32236 43.0725 1.6
    endloop
  endfacet
  facet normal 0 0 1
    outer loop
      vertex 3.32236 43.0725 1.6
      vertex 1.60001 49.8 1.6
      vertex 3.23078 42.6911 1.6
    endloop
  endfacet
  facet normal 0 0 1
    outer loop
      vertex 3.23078 42.6911 1.6
      vertex 1.60001 49.8 1.6
      vertex 3.2 42.3 1.6
    endloop
  endfacet
  facet normal 0 0 1
    outer loop
      vertex 1.60001 49.8 1.6
      vertex 3.60385 52.5581 1.6
      vertex 3.18343 52.3839 1.6
    endloop
  endfacet
  facet normal 0 0 1
    outer loop
      vertex 86.9046 2.15385 1.6
      vertex 85.2 1.6 1.6
      vertex 86.5166 1.91609 1.6
    endloop
  endfacet
  facet normal 0 0 1
    outer loop
      vertex 86.5166 1.91609 1.6
      vertex 85.2 1.6 1.6
      vertex 86.0961 1.74194 1.6
    endloop
  endfacet
  facet normal 0 0 1
    outer loop
      vertex 86.0961 1.74194 1.6
      vertex 85.2 1.6 1.6
      vertex 85.6537 1.63571 1.6
    endloop
  endfacet
  facet normal 0 0 1
    outer loop
      vertex 87.5461 2.79544 1.6
      vertex 85.2 1.6 1.6
      vertex 87.2506 2.4494 1.6
    endloop
  endfacet
  facet normal 0 0 1
    outer loop
      vertex 88.1 4.50001 1.6
      vertex 85.2 1.6 1.6
      vertex 88.0643 4.04635 1.6
    endloop
  endfacet
  facet normal -0 0 1
    outer loop
      vertex 75.4678 11.9322 1.6
      vertex 85.2 1.6 1.6
      vertex 75.7225 12.2305 1.6
    endloop
  endfacet
  facet normal -0 0 1
    outer loop
      vertex 75.1695 11.6775 1.6
      vertex 85.2 1.6 1.6
      vertex 75.4678 11.9322 1.6
    endloop
  endfacet
  facet normal -0 0 1
    outer loop
      vertex 74.835 11.4725 1.6
      vertex 85.2 1.6 1.6
      vertex 75.1695 11.6775 1.6
    endloop
  endfacet
  facet normal -0 0 1
    outer loop
      vertex 74.4725 11.3224 1.6
      vertex 85.2 1.6 1.6
      vertex 74.835 11.4725 1.6
    endloop
  endfacet
  facet normal -0 0 1
    outer loop
      vertex 74.0911 11.2308 1.6
      vertex 85.2 1.6 1.6
      vertex 74.4725 11.3224 1.6
    endloop
  endfacet
  facet normal -0 0 1
    outer loop
      vertex 73.7 11.2 1.6
      vertex 85.2 1.6 1.6
      vertex 74.0911 11.2308 1.6
    endloop
  endfacet
  facet normal 0 0 1
    outer loop
      vertex 73.3089 11.2308 1.6
      vertex 85.2 1.6 1.6
      vertex 73.7 11.2 1.6
    endloop
  endfacet
  facet normal 0 0 1
    outer loop
      vertex 72.9275 11.3224 1.6
      vertex 85.2 1.6 1.6
      vertex 73.3089 11.2308 1.6
    endloop
  endfacet
  facet normal 0 0 1
    outer loop
      vertex 72.565 11.4725 1.6
      vertex 85.2 1.6 1.6
      vertex 72.9275 11.3224 1.6
    endloop
  endfacet
  facet normal 0 0 1
    outer loop
      vertex 42.1379 17.3976 1.6
      vertex 72.565 11.4725 1.6
      vertex 72.2305 11.6775 1.6
    endloop
  endfacet
  facet normal -0 0 1
    outer loop
      vertex 51.9878 21.8416 1.6
      vertex 71.3224 14.4725 1.6
      vertex 52.0599 22.0156 1.6
    endloop
  endfacet
  facet normal 0 0 1
    outer loop
      vertex 71.3224 14.4725 1.6
      vertex 51.9878 21.8416 1.6
      vertex 71.2308 14.0911 1.6
    endloop
  endfacet
  facet normal -0 0 1
    outer loop
      vertex 51.8894 21.6811 1.6
      vertex 71.2308 14.0911 1.6
      vertex 51.9878 21.8416 1.6
    endloop
  endfacet
  facet normal 0 0 1
    outer loop
      vertex 71.2308 14.0911 1.6
      vertex 51.8894 21.6811 1.6
      vertex 71.2 13.7 1.6
    endloop
  endfacet
  facet normal -0 0 1
    outer loop
      vertex 51.7671 21.5379 1.6
      vertex 71.2 13.7 1.6
      vertex 51.8894 21.6811 1.6
    endloop
  endfacet
  facet normal 0 0 1
    outer loop
      vertex 71.2 13.7 1.6
      vertex 51.7671 21.5379 1.6
      vertex 71.2308 13.3089 1.6
    endloop
  endfacet
  facet normal -0 0 1
    outer loop
      vertex 51.6239 21.4156 1.6
      vertex 71.2308 13.3089 1.6
      vertex 51.7671 21.5379 1.6
    endloop
  endfacet
  facet normal 0 0 1
    outer loop
      vertex 71.2308 13.3089 1.6
      vertex 51.6239 21.4156 1.6
      vertex 71.3224 12.9275 1.6
    endloop
  endfacet
  facet normal -0 0 1
    outer loop
      vertex 51.4634 21.3172 1.6
      vertex 71.3224 12.9275 1.6
      vertex 51.6239 21.4156 1.6
    endloop
  endfacet
  facet normal -0 0 1
    outer loop
      vertex 51.2894 21.2451 1.6
      vertex 71.3224 12.9275 1.6
      vertex 51.4634 21.3172 1.6
    endloop
  endfacet
  facet normal 0 0 1
    outer loop
      vertex 71.3224 12.9275 1.6
      vertex 51.2894 21.2451 1.6
      vertex 71.4725 12.565 1.6
    endloop
  endfacet
  facet normal -0 0 1
    outer loop
      vertex 51.1063 21.2012 1.6
      vertex 71.4725 12.565 1.6
      vertex 51.2894 21.2451 1.6
    endloop
  endfacet
  facet normal 0 0 1
    outer loop
      vertex 71.4725 12.565 1.6
      vertex 51.1063 21.2012 1.6
      vertex 71.6775 12.2305 1.6
    endloop
  endfacet
  facet normal -0 0 1
    outer loop
      vertex 42.4398 17.5227 1.6
      vertex 71.6775 12.2305 1.6
      vertex 51.1063 21.2012 1.6
    endloop
  endfacet
  facet normal -0 0 1
    outer loop
      vertex 42.3462 17.4653 1.6
      vertex 71.6775 12.2305 1.6
      vertex 42.4398 17.5227 1.6
    endloop
  endfacet
  facet normal 0 0 1
    outer loop
      vertex 71.6775 12.2305 1.6
      vertex 42.3462 17.4653 1.6
      vertex 71.9322 11.9322 1.6
    endloop
  endfacet
  facet normal 0 0 1
    outer loop
      vertex 42.5234 17.594 1.6
      vertex 51.1063 21.2012 1.6
      vertex 50.9186 21.1864 1.6
    endloop
  endfacet
  facet normal 0 0 1
    outer loop
      vertex 42.5947 17.6776 1.6
      vertex 50.9186 21.1864 1.6
      vertex 50.7309 21.2012 1.6
    endloop
  endfacet
  facet normal 0 0 1
    outer loop
      vertex 42.6521 17.7712 1.6
      vertex 50.7309 21.2012 1.6
      vertex 50.5478 21.2451 1.6
    endloop
  endfacet
  facet normal 0 0 1
    outer loop
      vertex 46.5396 21.2451 1.6
      vertex 50.5478 21.2451 1.6
      vertex 50.3738 21.3172 1.6
    endloop
  endfacet
  facet normal -0 0 1
    outer loop
      vertex 47.3688 22.3864 1.6
      vertex 49.7334 22.1987 1.6
      vertex 49.7186 22.3864 1.6
    endloop
  endfacet
  facet normal 0 0 1
    outer loop
      vertex 47.354 22.1987 1.6
      vertex 49.7334 22.1987 1.6
      vertex 47.3688 22.3864 1.6
    endloop
  endfacet
  facet normal 0 0 1
    outer loop
      vertex 49.7334 22.1987 1.6
      vertex 47.354 22.1987 1.6
      vertex 49.7773 22.0156 1.6
    endloop
  endfacet
  facet normal 0 0 1
    outer loop
      vertex 47.3101 22.0156 1.6
      vertex 49.7773 22.0156 1.6
      vertex 47.354 22.1987 1.6
    endloop
  endfacet
  facet normal 0 0 1
    outer loop
      vertex 49.7773 22.0156 1.6
      vertex 47.3101 22.0156 1.6
      vertex 49.8494 21.8416 1.6
    endloop
  endfacet
  facet normal 0 0 1
    outer loop
      vertex 47.238 21.8416 1.6
      vertex 49.8494 21.8416 1.6
      vertex 47.3101 22.0156 1.6
    endloop
  endfacet
  facet normal 0 0 1
    outer loop
      vertex 49.8494 21.8416 1.6
      vertex 47.238 21.8416 1.6
      vertex 49.9478 21.6811 1.6
    endloop
  endfacet
  facet normal 0 0 1
    outer loop
      vertex 47.1396 21.6811 1.6
      vertex 49.9478 21.6811 1.6
      vertex 47.238 21.8416 1.6
    endloop
  endfacet
  facet normal 0 0 1
    outer loop
      vertex 49.9478 21.6811 1.6
      vertex 47.1396 21.6811 1.6
      vertex 50.0701 21.5379 1.6
    endloop
  endfacet
  facet normal 0 0 1
    outer loop
      vertex 47.0173 21.5379 1.6
      vertex 50.0701 21.5379 1.6
      vertex 47.1396 21.6811 1.6
    endloop
  endfacet
  facet normal 0 0 1
    outer loop
      vertex 50.0701 21.5379 1.6
      vertex 47.0173 21.5379 1.6
      vertex 50.2133 21.4156 1.6
    endloop
  endfacet
  facet normal 0 0 1
    outer loop
      vertex 46.8741 21.4156 1.6
      vertex 50.2133 21.4156 1.6
      vertex 47.0173 21.5379 1.6
    endloop
  endfacet
  facet normal 0 0 1
    outer loop
      vertex 50.2133 21.4156 1.6
      vertex 46.8741 21.4156 1.6
      vertex 50.3738 21.3172 1.6
    endloop
  endfacet
  facet normal 0 0 1
    outer loop
      vertex 46.7136 21.3172 1.6
      vertex 50.3738 21.3172 1.6
      vertex 46.8741 21.4156 1.6
    endloop
  endfacet
  facet normal 0 0 1
    outer loop
      vertex 46.5396 21.2451 1.6
      vertex 50.3738 21.3172 1.6
      vertex 46.7136 21.3172 1.6
    endloop
  endfacet
  facet normal 0 0 1
    outer loop
      vertex 50.5478 21.2451 1.6
      vertex 46.5396 21.2451 1.6
      vertex 42.6521 17.7712 1.6
    endloop
  endfacet
  facet normal 0 0 1
    outer loop
      vertex 42.6941 17.8727 1.6
      vertex 46.5396 21.2451 1.6
      vertex 46.3565 21.2012 1.6
    endloop
  endfacet
  facet normal 0 0 1
    outer loop
      vertex 42.7198 17.9795 1.6
      vertex 46.3565 21.2012 1.6
      vertex 46.1688 21.1864 1.6
    endloop
  endfacet
  facet normal 0 0 1
    outer loop
      vertex 42.7284 18.089 1.6
      vertex 46.1688 21.1864 1.6
      vertex 45.9811 21.2012 1.6
    endloop
  endfacet
  facet normal 0 0 1
    outer loop
      vertex 42.7284 18.089 1.6
      vertex 45.9811 21.2012 1.6
      vertex 45.798 21.2451 1.6
    endloop
  endfacet
  facet normal 0 0 1
    outer loop
      vertex 42.7284 18.089 1.6
      vertex 45.798 21.2451 1.6
      vertex 45.624 21.3172 1.6
    endloop
  endfacet
  facet normal 0 0 1
    outer loop
      vertex 44.9836 22.5741 1.6
      vertex 42.7284 18.089 1.6
      vertex 44.9688 22.3864 1.6
    endloop
  endfacet
  facet normal 0 0 1
    outer loop
      vertex 44.9688 22.3864 1.6
      vertex 42.7284 18.089 1.6
      vertex 44.9836 22.1987 1.6
    endloop
  endfacet
  facet normal 0 0 1
    outer loop
      vertex 42.7284 18.089 1.6
      vertex 45.0275 22.0156 1.6
      vertex 44.9836 22.1987 1.6
    endloop
  endfacet
  facet normal 0 0 1
    outer loop
      vertex 42.7284 18.089 1.6
      vertex 45.0996 21.8416 1.6
      vertex 45.0275 22.0156 1.6
    endloop
  endfacet
  facet normal 0 0 1
    outer loop
      vertex 42.7284 18.089 1.6
      vertex 45.198 21.6811 1.6
      vertex 45.0996 21.8416 1.6
    endloop
  endfacet
  facet normal 0 0 1
    outer loop
      vertex 42.7284 18.089 1.6
      vertex 45.3203 21.5379 1.6
      vertex 45.198 21.6811 1.6
    endloop
  endfacet
  facet normal 0 0 1
    outer loop
      vertex 42.7284 18.089 1.6
      vertex 45.4635 21.4156 1.6
      vertex 45.3203 21.5379 1.6
    endloop
  endfacet
  facet normal 0 0 1
    outer loop
      vertex 42.7284 18.089 1.6
      vertex 45.624 21.3172 1.6
      vertex 45.4635 21.4156 1.6
    endloop
  endfacet
  facet normal 0 0 1
    outer loop
      vertex 46.1688 21.1864 1.6
      vertex 42.7284 18.089 1.6
      vertex 42.7198 17.9795 1.6
    endloop
  endfacet
  facet normal 0 0 1
    outer loop
      vertex 46.3565 21.2012 1.6
      vertex 42.7198 17.9795 1.6
      vertex 42.6941 17.8727 1.6
    endloop
  endfacet
  facet normal 0 0 1
    outer loop
      vertex 46.5396 21.2451 1.6
      vertex 42.6941 17.8727 1.6
      vertex 42.6521 17.7712 1.6
    endloop
  endfacet
  facet normal 0 0 1
    outer loop
      vertex 50.7309 21.2012 1.6
      vertex 42.6521 17.7712 1.6
      vertex 42.5947 17.6776 1.6
    endloop
  endfacet
  facet normal 0 0 1
    outer loop
      vertex 50.9186 21.1864 1.6
      vertex 42.5947 17.6776 1.6
      vertex 42.5234 17.594 1.6
    endloop
  endfacet
  facet normal 0 0 1
    outer loop
      vertex 51.1063 21.2012 1.6
      vertex 42.5234 17.594 1.6
      vertex 42.4398 17.5227 1.6
    endloop
  endfacet
  facet normal -0 0 1
    outer loop
      vertex 42.2447 17.4233 1.6
      vertex 71.9322 11.9322 1.6
      vertex 42.3462 17.4653 1.6
    endloop
  endfacet
  facet normal 0 0 1
    outer loop
      vertex 71.9322 11.9322 1.6
      vertex 42.2447 17.4233 1.6
      vertex 72.2305 11.6775 1.6
    endloop
  endfacet
  facet normal -0 0 1
    outer loop
      vertex 42.1379 17.3976 1.6
      vertex 72.2305 11.6775 1.6
      vertex 42.2447 17.4233 1.6
    endloop
  endfacet
  facet normal 0 0 1
    outer loop
      vertex 72.565 11.4725 1.6
      vertex 42.1379 17.3976 1.6
      vertex 85.2 1.6 1.6
    endloop
  endfacet
  facet normal -0 0 1
    outer loop
      vertex 42.0284 17.389 1.6
      vertex 85.2 1.6 1.6
      vertex 42.1379 17.3976 1.6
    endloop
  endfacet
  facet normal 0 0 1
    outer loop
      vertex 4.49999 1.6 1.6
      vertex 42.0284 17.389 1.6
      vertex 13.4284 17.389 1.6
    endloop
  endfacet
  facet normal 0 0 1
    outer loop
      vertex 8.16922 13.3089 1.6
      vertex 13.4284 17.389 1.6
      vertex 13.3189 17.3976 1.6
    endloop
  endfacet
  facet normal 0 0 1
    outer loop
      vertex 12.7284 34.189 1.6
      vertex 8.2 13.7 1.6
      vertex 12.7284 18.089 1.6
    endloop
  endfacet
  facet normal 0 0 1
    outer loop
      vertex 12.7284 18.089 1.6
      vertex 8.2 13.7 1.6
      vertex 12.737 17.9795 1.6
    endloop
  endfacet
  facet normal 0 0 1
    outer loop
      vertex 8.2 13.7 1.6
      vertex 12.7627 17.8727 1.6
      vertex 12.737 17.9795 1.6
    endloop
  endfacet
  facet normal 0 0 1
    outer loop
      vertex 8.2 13.7 1.6
      vertex 12.8047 17.7712 1.6
      vertex 12.7627 17.8727 1.6
    endloop
  endfacet
  facet normal 0 0 1
    outer loop
      vertex 8.2 13.7 1.6
      vertex 12.8621 17.6776 1.6
      vertex 12.8047 17.7712 1.6
    endloop
  endfacet
  facet normal 0 0 1
    outer loop
      vertex 8.2 13.7 1.6
      vertex 12.9334 17.594 1.6
      vertex 12.8621 17.6776 1.6
    endloop
  endfacet
  facet normal 0 0 1
    outer loop
      vertex 8.2 13.7 1.6
      vertex 13.0169 17.5227 1.6
      vertex 12.9334 17.594 1.6
    endloop
  endfacet
  facet normal 0 0 1
    outer loop
      vertex 8.2 13.7 1.6
      vertex 13.1106 17.4653 1.6
      vertex 13.0169 17.5227 1.6
    endloop
  endfacet
  facet normal 0 0 1
    outer loop
      vertex 8.2 13.7 1.6
      vertex 13.2121 17.4233 1.6
      vertex 13.1106 17.4653 1.6
    endloop
  endfacet
  facet normal 0 0 1
    outer loop
      vertex 8.2 13.7 1.6
      vertex 13.3189 17.3976 1.6
      vertex 13.2121 17.4233 1.6
    endloop
  endfacet
  facet normal 0 0 1
    outer loop
      vertex 8.16922 13.3089 1.6
      vertex 13.3189 17.3976 1.6
      vertex 8.2 13.7 1.6
    endloop
  endfacet
  facet normal 0 0 1
    outer loop
      vertex 13.4284 17.389 1.6
      vertex 8.16922 13.3089 1.6
      vertex 8.07764 12.9275 1.6
    endloop
  endfacet
  facet normal 0 0 1
    outer loop
      vertex 13.4284 17.389 1.6
      vertex 8.07764 12.9275 1.6
      vertex 7.92752 12.565 1.6
    endloop
  endfacet
  facet normal 0 0 1
    outer loop
      vertex 13.4284 17.389 1.6
      vertex 7.92752 12.565 1.6
      vertex 7.72254 12.2305 1.6
    endloop
  endfacet
  facet normal 0 0 1
    outer loop
      vertex 13.4284 17.389 1.6
      vertex 7.72254 12.2305 1.6
      vertex 4.49999 1.6 1.6
    endloop
  endfacet
  facet normal 0 0 1
    outer loop
      vertex 4.49999 1.6 1.6
      vertex 7.72254 12.2305 1.6
      vertex 7.46777 11.9322 1.6
    endloop
  endfacet
  facet normal 0 0 1
    outer loop
      vertex 4.49999 1.6 1.6
      vertex 7.46777 11.9322 1.6
      vertex 7.16946 11.6775 1.6
    endloop
  endfacet
  facet normal 0 0 1
    outer loop
      vertex 4.49999 1.6 1.6
      vertex 7.16946 11.6775 1.6
      vertex 6.83498 11.4725 1.6
    endloop
  endfacet
  facet normal 0 0 1
    outer loop
      vertex 4.49999 1.6 1.6
      vertex 6.83498 11.4725 1.6
      vertex 6.47254 11.3224 1.6
    endloop
  endfacet
  facet normal 0 0 1
    outer loop
      vertex 4.49999 1.6 1.6
      vertex 6.47254 11.3224 1.6
      vertex 6.09109 11.2308 1.6
    endloop
  endfacet
  facet normal 0 0 1
    outer loop
      vertex 4.49999 1.6 1.6
      vertex 6.09109 11.2308 1.6
      vertex 5.7 11.2 1.6
    endloop
  endfacet
  facet normal 0 0 1
    outer loop
      vertex 1.60001 4.50001 1.6
      vertex 5.7 11.2 1.6
      vertex 5.30891 11.2308 1.6
    endloop
  endfacet
  facet normal 0 0 1
    outer loop
      vertex 42.0284 17.389 1.6
      vertex 4.49999 1.6 1.6
      vertex 85.2 1.6 1.6
    endloop
  endfacet
  facet normal 0 0 1
    outer loop
      vertex 1.60001 4.50001 1.6
      vertex 5.30891 11.2308 1.6
      vertex 4.92746 11.3224 1.6
    endloop
  endfacet
  facet normal 0 0 1
    outer loop
      vertex 1.60001 4.50001 1.6
      vertex 4.92746 11.3224 1.6
      vertex 4.56502 11.4725 1.6
    endloop
  endfacet
  facet normal 0 0 1
    outer loop
      vertex 1.60001 4.50001 1.6
      vertex 4.56502 11.4725 1.6
      vertex 4.23054 11.6775 1.6
    endloop
  endfacet
  facet normal 0 0 1
    outer loop
      vertex 5.7 11.2 1.6
      vertex 1.60001 4.50001 1.6
      vertex 4.49999 1.6 1.6
    endloop
  endfacet
  facet normal 0 0 1
    outer loop
      vertex 1.60001 4.50001 1.6
      vertex 4.23054 11.6775 1.6
      vertex 3.93223 11.9322 1.6
    endloop
  endfacet
  facet normal 0 0 1
    outer loop
      vertex 1.60001 4.50001 1.6
      vertex 3.93223 11.9322 1.6
      vertex 3.67746 12.2305 1.6
    endloop
  endfacet
  facet normal 0 0 1
    outer loop
      vertex 4.49999 1.6 1.6
      vertex 1.60001 4.50001 1.6
      vertex 4.04633 1.63571 1.6
    endloop
  endfacet
  facet normal 0 0 1
    outer loop
      vertex 1.60001 4.50001 1.6
      vertex 3.67746 12.2305 1.6
      vertex 3.47248 12.565 1.6
    endloop
  endfacet
  facet normal 0 0 1
    outer loop
      vertex 1.60001 4.50001 1.6
      vertex 3.47248 12.565 1.6
      vertex 3.32236 12.9275 1.6
    endloop
  endfacet
  facet normal 0 0 1
    outer loop
      vertex 1.60001 4.50001 1.6
      vertex 3.32236 12.9275 1.6
      vertex 3.23078 13.3089 1.6
    endloop
  endfacet
  facet normal 0 0 1
    outer loop
      vertex 1.60001 4.50001 1.6
      vertex 3.23078 13.3089 1.6
      vertex 3.2 13.7 1.6
    endloop
  endfacet
  facet normal 0 0 1
    outer loop
      vertex 4.04633 1.63571 1.6
      vertex 1.60001 4.50001 1.6
      vertex 3.60385 1.74194 1.6
    endloop
  endfacet
  facet normal 0 0 1
    outer loop
      vertex 1.60001 4.50001 1.6
      vertex 3.23078 14.0911 1.6
      vertex 1.60001 49.8 1.6
    endloop
  endfacet
  facet normal 0 0 1
    outer loop
      vertex 1.60001 49.8 1.6
      vertex 3.18343 52.3839 1.6
      vertex 2.79543 52.1461 1.6
    endloop
  endfacet
  facet normal 0 0 1
    outer loop
      vertex 3.23078 14.0911 1.6
      vertex 1.60001 4.50001 1.6
      vertex 3.2 13.7 1.6
    endloop
  endfacet
  facet normal 0 0 1
    outer loop
      vertex 1.60001 49.8 1.6
      vertex 2.79543 52.1461 1.6
      vertex 2.4494 51.8506 1.6
    endloop
  endfacet
  facet normal 0 0 1
    outer loop
      vertex 3.60385 1.74194 1.6
      vertex 1.60001 4.50001 1.6
      vertex 3.18343 1.91609 1.6
    endloop
  endfacet
  facet normal 0 0 1
    outer loop
      vertex 1.60001 49.8 1.6
      vertex 2.4494 51.8506 1.6
      vertex 2.15386 51.5046 1.6
    endloop
  endfacet
  facet normal 0 0 1
    outer loop
      vertex 3.18343 1.91609 1.6
      vertex 1.60001 4.50001 1.6
      vertex 2.79543 2.15385 1.6
    endloop
  endfacet
  facet normal 0 0 1
    outer loop
      vertex 1.60001 49.8 1.6
      vertex 2.15386 51.5046 1.6
      vertex 1.9161 51.1166 1.6
    endloop
  endfacet
  facet normal 0 0 1
    outer loop
      vertex 2.79543 2.15385 1.6
      vertex 1.60001 4.50001 1.6
      vertex 2.4494 2.4494 1.6
    endloop
  endfacet
  facet normal 0 0 1
    outer loop
      vertex 1.60001 49.8 1.6
      vertex 1.9161 51.1166 1.6
      vertex 1.74195 50.6961 1.6
    endloop
  endfacet
  facet normal 0 0 1
    outer loop
      vertex 2.4494 2.4494 1.6
      vertex 1.60001 4.50001 1.6
      vertex 2.15386 2.79544 1.6
    endloop
  endfacet
  facet normal 0 0 1
    outer loop
      vertex 1.60001 49.8 1.6
      vertex 1.74195 50.6961 1.6
      vertex 1.63571 50.2537 1.6
    endloop
  endfacet
  facet normal 0 0 1
    outer loop
      vertex 2.15386 2.79544 1.6
      vertex 1.60001 4.50001 1.6
      vertex 1.9161 3.18344 1.6
    endloop
  endfacet
  facet normal 0 0 1
    outer loop
      vertex 1.9161 3.18344 1.6
      vertex 1.60001 4.50001 1.6
      vertex 1.74195 3.60386 1.6
    endloop
  endfacet
  facet normal 0 0 1
    outer loop
      vertex 1.74195 3.60386 1.6
      vertex 1.60001 4.50001 1.6
      vertex 1.63571 4.04635 1.6
    endloop
  endfacet
  facet normal 0.996917 0.0784631 0
    outer loop
      vertex 1.63571 4.04635 23.15
      vertex 1.60001 4.50001 1.6
      vertex 1.60001 4.50001 23.15
    endloop
  endfacet
  facet normal 0.996917 0.0784631 0
    outer loop
      vertex 1.60001 4.50001 1.6
      vertex 1.63571 4.04635 23.15
      vertex 1.63571 4.04635 1.6
    endloop
  endfacet
  facet normal -1 0 0
    outer loop
      vertex 88.1 4.50001 1.6
      vertex 88.1 49.8 23.15
      vertex 88.1 49.8 1.6
    endloop
  endfacet
  facet normal -1 -0 0
    outer loop
      vertex 88.1 49.8 23.15
      vertex 88.1 4.50001 1.6
      vertex 88.1 4.50001 23.15
    endloop
  endfacet
  facet normal -0.0784631 -0.996917 0
    outer loop
      vertex 85.2 52.7 1.6
      vertex 85.6537 52.6643 23.15
      vertex 85.2 52.7 23.15
    endloop
  endfacet
  facet normal -0.0784631 -0.996917 -0
    outer loop
      vertex 85.6537 52.6643 23.15
      vertex 85.2 52.7 1.6
      vertex 85.6537 52.6643 1.6
    endloop
  endfacet
  facet normal 0.996917 -0.0784631 0
    outer loop
      vertex 1.60001 49.8 23.15
      vertex 1.63571 50.2537 1.6
      vertex 1.63571 50.2537 23.15
    endloop
  endfacet
  facet normal 0.996917 -0.0784631 0
    outer loop
      vertex 1.63571 50.2537 1.6
      vertex 1.60001 49.8 23.15
      vertex 1.60001 49.8 1.6
    endloop
  endfacet
  facet normal 1 -0 0
    outer loop
      vertex 1.60001 4.50001 23.15
      vertex 1.60001 49.8 1.6
      vertex 1.60001 49.8 23.15
    endloop
  endfacet
  facet normal 1 0 0
    outer loop
      vertex 1.60001 49.8 1.6
      vertex 1.60001 4.50001 23.15
      vertex 1.60001 4.50001 1.6
    endloop
  endfacet
  facet normal 0.522491 0.852645 -0
    outer loop
      vertex 3.18343 1.91609 1.6
      vertex 2.79543 2.15385 23.15
      vertex 3.18343 1.91609 23.15
    endloop
  endfacet
  facet normal 0.522491 0.852645 0
    outer loop
      vertex 2.79543 2.15385 23.15
      vertex 3.18343 1.91609 1.6
      vertex 2.79543 2.15385 1.6
    endloop
  endfacet
  facet normal 0 1 0
    outer loop
      vertex 85.2 1.6 23.15
      vertex 54.7 1.6 15.15
      vertex 54.7 1.6 23.15
    endloop
  endfacet
  facet normal 0 1 0
    outer loop
      vertex 85.2 1.6 1.6
      vertex 44.7 1.6 15.15
      vertex 54.7 1.6 15.15
    endloop
  endfacet
  facet normal 0 1 0
    outer loop
      vertex 44.7 1.6 15.15
      vertex 4.49999 1.6 1.6
      vertex 16.7 1.6 15.15
    endloop
  endfacet
  facet normal 0 1 0
    outer loop
      vertex 44.7 1.6 15.15
      vertex 85.2 1.6 1.6
      vertex 4.49999 1.6 1.6
    endloop
  endfacet
  facet normal 0 1 -0
    outer loop
      vertex 85.2 1.6 1.6
      vertex 54.7 1.6 15.15
      vertex 85.2 1.6 23.15
    endloop
  endfacet
  facet normal 0 1 -0
    outer loop
      vertex 44.7 1.6 15.15
      vertex 16.7 1.6 23.15
      vertex 44.7 1.6 23.15
    endloop
  endfacet
  facet normal 0 1 0
    outer loop
      vertex 16.7 1.6 23.15
      vertex 44.7 1.6 15.15
      vertex 16.7 1.6 15.15
    endloop
  endfacet
  facet normal 0 1 -0
    outer loop
      vertex 6.7 1.6 15.15
      vertex 4.49999 1.6 23.15
      vertex 6.7 1.6 23.15
    endloop
  endfacet
  facet normal 0 1 0
    outer loop
      vertex 6.7 1.6 15.15
      vertex 4.49999 1.6 1.6
      vertex 4.49999 1.6 23.15
    endloop
  endfacet
  facet normal 0 1 0
    outer loop
      vertex 16.7 1.6 15.15
      vertex 4.49999 1.6 1.6
      vertex 6.7 1.6 15.15
    endloop
  endfacet
  facet normal -0.97237 0.233444 0
    outer loop
      vertex 87.9581 3.60386 1.6
      vertex 88.0643 4.04635 23.15
      vertex 88.0643 4.04635 1.6
    endloop
  endfacet
  facet normal -0.97237 0.233444 0
    outer loop
      vertex 88.0643 4.04635 23.15
      vertex 87.9581 3.60386 1.6
      vertex 87.9581 3.60386 23.15
    endloop
  endfacet
  facet normal -0.649468 -0.760389 0
    outer loop
      vertex 86.9046 52.1461 1.6
      vertex 87.2506 51.8506 23.15
      vertex 86.9046 52.1461 23.15
    endloop
  endfacet
  facet normal -0.649468 -0.760389 -0
    outer loop
      vertex 87.2506 51.8506 23.15
      vertex 86.9046 52.1461 1.6
      vertex 87.2506 51.8506 1.6
    endloop
  endfacet
  facet normal 0.852654 -0.522476 0
    outer loop
      vertex 1.9161 51.1166 23.15
      vertex 2.15386 51.5046 1.6
      vertex 2.15386 51.5046 23.15
    endloop
  endfacet
  facet normal 0.852654 -0.522476 0
    outer loop
      vertex 2.15386 51.5046 1.6
      vertex 1.9161 51.1166 23.15
      vertex 1.9161 51.1166 1.6
    endloop
  endfacet
  facet normal 0.760403 0.649451 0
    outer loop
      vertex 2.4494 2.4494 23.15
      vertex 2.15386 2.79544 1.6
      vertex 2.15386 2.79544 23.15
    endloop
  endfacet
  facet normal 0.760403 0.649451 0
    outer loop
      vertex 2.15386 2.79544 1.6
      vertex 2.4494 2.4494 23.15
      vertex 2.4494 2.4494 1.6
    endloop
  endfacet
  facet normal -0.923877 0.382688 0
    outer loop
      vertex 87.7839 3.18344 1.6
      vertex 87.9581 3.60386 23.15
      vertex 87.9581 3.60386 1.6
    endloop
  endfacet
  facet normal -0.923877 0.382688 0
    outer loop
      vertex 87.9581 3.60386 23.15
      vertex 87.7839 3.18344 1.6
      vertex 87.7839 3.18344 23.15
    endloop
  endfacet
  facet normal -0.649468 0.760389 0
    outer loop
      vertex 87.2506 2.4494 1.6
      vertex 86.9046 2.15385 23.15
      vertex 87.2506 2.4494 23.15
    endloop
  endfacet
  facet normal -0.649468 0.760389 0
    outer loop
      vertex 86.9046 2.15385 23.15
      vertex 87.2506 2.4494 1.6
      vertex 86.9046 2.15385 1.6
    endloop
  endfacet
  facet normal -0.0784631 0.996917 0
    outer loop
      vertex 85.6537 1.63571 1.6
      vertex 85.2 1.6 23.15
      vertex 85.6537 1.63571 23.15
    endloop
  endfacet
  facet normal -0.0784631 0.996917 0
    outer loop
      vertex 85.2 1.6 23.15
      vertex 85.6537 1.63571 1.6
      vertex 85.2 1.6 1.6
    endloop
  endfacet
  facet normal 0.0784631 0.996917 -0
    outer loop
      vertex 4.49999 1.6 1.6
      vertex 4.04633 1.63571 23.15
      vertex 4.49999 1.6 23.15
    endloop
  endfacet
  facet normal 0.0784631 0.996917 0
    outer loop
      vertex 4.04633 1.63571 23.15
      vertex 4.49999 1.6 1.6
      vertex 4.04633 1.63571 1.6
    endloop
  endfacet
  facet normal -0.996917 0.0784631 0
    outer loop
      vertex 88.0643 4.04635 1.6
      vertex 88.1 4.50001 23.15
      vertex 88.1 4.50001 1.6
    endloop
  endfacet
  facet normal -0.996917 0.0784631 0
    outer loop
      vertex 88.1 4.50001 23.15
      vertex 88.0643 4.04635 1.6
      vertex 88.0643 4.04635 23.15
    endloop
  endfacet
  facet normal -0.522476 -0.852654 0
    outer loop
      vertex 86.5166 52.3839 1.6
      vertex 86.9046 52.1461 23.15
      vertex 86.5166 52.3839 23.15
    endloop
  endfacet
  facet normal -0.522476 -0.852654 -0
    outer loop
      vertex 86.9046 52.1461 23.15
      vertex 86.5166 52.3839 1.6
      vertex 86.9046 52.1461 1.6
    endloop
  endfacet
  facet normal -0.3827 -0.923873 0
    outer loop
      vertex 86.0961 52.5581 1.6
      vertex 86.5166 52.3839 23.15
      vertex 86.0961 52.5581 23.15
    endloop
  endfacet
  facet normal -0.3827 -0.923873 -0
    outer loop
      vertex 86.5166 52.3839 23.15
      vertex 86.0961 52.5581 1.6
      vertex 86.5166 52.3839 1.6
    endloop
  endfacet
  facet normal 0.97237 0.233444 0
    outer loop
      vertex 1.74195 3.60386 23.15
      vertex 1.63571 4.04635 1.6
      vertex 1.63571 4.04635 23.15
    endloop
  endfacet
  facet normal 0.97237 0.233444 0
    outer loop
      vertex 1.63571 4.04635 1.6
      vertex 1.74195 3.60386 23.15
      vertex 1.74195 3.60386 1.6
    endloop
  endfacet
  facet normal 0.923877 0.382688 0
    outer loop
      vertex 1.9161 3.18344 23.15
      vertex 1.74195 3.60386 1.6
      vertex 1.74195 3.60386 23.15
    endloop
  endfacet
  facet normal 0.923877 0.382688 0
    outer loop
      vertex 1.74195 3.60386 1.6
      vertex 1.9161 3.18344 23.15
      vertex 1.9161 3.18344 1.6
    endloop
  endfacet
  facet normal 0.852645 0.522491 0
    outer loop
      vertex 2.15386 2.79544 23.15
      vertex 1.9161 3.18344 1.6
      vertex 1.9161 3.18344 23.15
    endloop
  endfacet
  facet normal 0.852645 0.522491 0
    outer loop
      vertex 1.9161 3.18344 1.6
      vertex 2.15386 2.79544 23.15
      vertex 2.15386 2.79544 1.6
    endloop
  endfacet
  facet normal 0.649468 0.760389 -0
    outer loop
      vertex 2.79543 2.15385 1.6
      vertex 2.4494 2.4494 23.15
      vertex 2.79543 2.15385 23.15
    endloop
  endfacet
  facet normal 0.649468 0.760389 0
    outer loop
      vertex 2.4494 2.4494 23.15
      vertex 2.79543 2.15385 1.6
      vertex 2.4494 2.4494 1.6
    endloop
  endfacet
  facet normal -0.852645 0.522491 0
    outer loop
      vertex 87.5461 2.79544 1.6
      vertex 87.7839 3.18344 23.15
      vertex 87.7839 3.18344 1.6
    endloop
  endfacet
  facet normal -0.852645 0.522491 0
    outer loop
      vertex 87.7839 3.18344 23.15
      vertex 87.5461 2.79544 1.6
      vertex 87.5461 2.79544 23.15
    endloop
  endfacet
  facet normal -0.760403 0.649451 0
    outer loop
      vertex 87.2506 2.4494 1.6
      vertex 87.5461 2.79544 23.15
      vertex 87.5461 2.79544 1.6
    endloop
  endfacet
  facet normal -0.760403 0.649451 0
    outer loop
      vertex 87.5461 2.79544 23.15
      vertex 87.2506 2.4494 1.6
      vertex 87.2506 2.4494 23.15
    endloop
  endfacet
  facet normal -0.3827 0.923873 0
    outer loop
      vertex 86.5166 1.91609 1.6
      vertex 86.0961 1.74194 23.15
      vertex 86.5166 1.91609 23.15
    endloop
  endfacet
  facet normal -0.3827 0.923873 0
    outer loop
      vertex 86.0961 1.74194 23.15
      vertex 86.5166 1.91609 1.6
      vertex 86.0961 1.74194 1.6
    endloop
  endfacet
  facet normal -0.522476 0.852654 0
    outer loop
      vertex 86.9046 2.15385 1.6
      vertex 86.5166 1.91609 23.15
      vertex 86.9046 2.15385 23.15
    endloop
  endfacet
  facet normal -0.522476 0.852654 0
    outer loop
      vertex 86.5166 1.91609 23.15
      vertex 86.9046 2.15385 1.6
      vertex 86.5166 1.91609 1.6
    endloop
  endfacet
  facet normal -0.233444 0.97237 0
    outer loop
      vertex 86.0961 1.74194 1.6
      vertex 85.6537 1.63571 23.15
      vertex 86.0961 1.74194 23.15
    endloop
  endfacet
  facet normal -0.233444 0.97237 0
    outer loop
      vertex 85.6537 1.63571 23.15
      vertex 86.0961 1.74194 1.6
      vertex 85.6537 1.63571 1.6
    endloop
  endfacet
  facet normal 0.382688 0.923877 -0
    outer loop
      vertex 3.60385 1.74194 1.6
      vertex 3.18343 1.91609 23.15
      vertex 3.60385 1.74194 23.15
    endloop
  endfacet
  facet normal 0.382688 0.923877 0
    outer loop
      vertex 3.18343 1.91609 23.15
      vertex 3.60385 1.74194 1.6
      vertex 3.18343 1.91609 1.6
    endloop
  endfacet
  facet normal 0.233452 0.972368 -0
    outer loop
      vertex 4.04633 1.63571 1.6
      vertex 3.60385 1.74194 23.15
      vertex 4.04633 1.63571 23.15
    endloop
  endfacet
  facet normal 0.233452 0.972368 0
    outer loop
      vertex 3.60385 1.74194 23.15
      vertex 4.04633 1.63571 1.6
      vertex 3.60385 1.74194 1.6
    endloop
  endfacet
  facet normal 0.649468 -0.760389 0
    outer loop
      vertex 2.4494 51.8506 1.6
      vertex 2.79543 52.1461 23.15
      vertex 2.4494 51.8506 23.15
    endloop
  endfacet
  facet normal 0.649468 -0.760389 0
    outer loop
      vertex 2.79543 52.1461 23.15
      vertex 2.4494 51.8506 1.6
      vertex 2.79543 52.1461 1.6
    endloop
  endfacet
  facet normal 0.0784631 -0.996917 0
    outer loop
      vertex 4.04633 52.6643 1.6
      vertex 4.49999 52.7 23.15
      vertex 4.04633 52.6643 23.15
    endloop
  endfacet
  facet normal 0.0784631 -0.996917 0
    outer loop
      vertex 4.49999 52.7 23.15
      vertex 4.04633 52.6643 1.6
      vertex 4.49999 52.7 1.6
    endloop
  endfacet
  facet normal 0.233452 -0.972368 0
    outer loop
      vertex 3.60385 52.5581 1.6
      vertex 4.04633 52.6643 23.15
      vertex 3.60385 52.5581 23.15
    endloop
  endfacet
  facet normal 0.233452 -0.972368 0
    outer loop
      vertex 4.04633 52.6643 23.15
      vertex 3.60385 52.5581 1.6
      vertex 4.04633 52.6643 1.6
    endloop
  endfacet
  facet normal -0.852654 -0.522476 0
    outer loop
      vertex 87.7839 51.1166 1.6
      vertex 87.5461 51.5046 23.15
      vertex 87.5461 51.5046 1.6
    endloop
  endfacet
  facet normal -0.852654 -0.522476 0
    outer loop
      vertex 87.5461 51.5046 23.15
      vertex 87.7839 51.1166 1.6
      vertex 87.7839 51.1166 23.15
    endloop
  endfacet
  facet normal -0.97237 -0.233444 0
    outer loop
      vertex 88.0643 50.2537 1.6
      vertex 87.9581 50.6961 23.15
      vertex 87.9581 50.6961 1.6
    endloop
  endfacet
  facet normal -0.97237 -0.233444 0
    outer loop
      vertex 87.9581 50.6961 23.15
      vertex 88.0643 50.2537 1.6
      vertex 88.0643 50.2537 23.15
    endloop
  endfacet
  facet normal -0.923873 -0.3827 0
    outer loop
      vertex 87.9581 50.6961 1.6
      vertex 87.7839 51.1166 23.15
      vertex 87.7839 51.1166 1.6
    endloop
  endfacet
  facet normal -0.923873 -0.3827 0
    outer loop
      vertex 87.7839 51.1166 23.15
      vertex 87.9581 50.6961 1.6
      vertex 87.9581 50.6961 23.15
    endloop
  endfacet
  facet normal 0.760389 -0.649468 0
    outer loop
      vertex 2.15386 51.5046 23.15
      vertex 2.4494 51.8506 1.6
      vertex 2.4494 51.8506 23.15
    endloop
  endfacet
  facet normal 0.760389 -0.649468 0
    outer loop
      vertex 2.4494 51.8506 1.6
      vertex 2.15386 51.5046 23.15
      vertex 2.15386 51.5046 1.6
    endloop
  endfacet
  facet normal 0.382688 -0.923877 0
    outer loop
      vertex 3.18343 52.3839 1.6
      vertex 3.60385 52.5581 23.15
      vertex 3.18343 52.3839 23.15
    endloop
  endfacet
  facet normal 0.382688 -0.923877 0
    outer loop
      vertex 3.60385 52.5581 23.15
      vertex 3.18343 52.3839 1.6
      vertex 3.60385 52.5581 1.6
    endloop
  endfacet
  facet normal 0.522491 -0.852645 0
    outer loop
      vertex 2.79543 52.1461 1.6
      vertex 3.18343 52.3839 23.15
      vertex 2.79543 52.1461 23.15
    endloop
  endfacet
  facet normal 0.522491 -0.852645 0
    outer loop
      vertex 3.18343 52.3839 23.15
      vertex 2.79543 52.1461 1.6
      vertex 3.18343 52.3839 1.6
    endloop
  endfacet
  facet normal -0.996917 -0.0784631 0
    outer loop
      vertex 88.1 49.8 1.6
      vertex 88.0643 50.2537 23.15
      vertex 88.0643 50.2537 1.6
    endloop
  endfacet
  facet normal -0.996917 -0.0784631 0
    outer loop
      vertex 88.0643 50.2537 23.15
      vertex 88.1 49.8 1.6
      vertex 88.1 49.8 23.15
    endloop
  endfacet
  facet normal -0.760389 -0.649468 0
    outer loop
      vertex 87.5461 51.5046 1.6
      vertex 87.2506 51.8506 23.15
      vertex 87.2506 51.8506 1.6
    endloop
  endfacet
  facet normal -0.760389 -0.649468 0
    outer loop
      vertex 87.2506 51.8506 23.15
      vertex 87.5461 51.5046 1.6
      vertex 87.5461 51.5046 23.15
    endloop
  endfacet
  facet normal -0.233444 -0.97237 0
    outer loop
      vertex 85.6537 52.6643 1.6
      vertex 86.0961 52.5581 23.15
      vertex 85.6537 52.6643 23.15
    endloop
  endfacet
  facet normal -0.233444 -0.97237 -0
    outer loop
      vertex 86.0961 52.5581 23.15
      vertex 85.6537 52.6643 1.6
      vertex 86.0961 52.5581 1.6
    endloop
  endfacet
  facet normal 0.649448 -0.760406 0
    outer loop
      vertex 7.16946 40.2775 1.6
      vertex 7.46777 40.5322 11.6
      vertex 7.16946 40.2775 11.6
    endloop
  endfacet
  facet normal 0.649448 -0.760406 0
    outer loop
      vertex 7.46777 40.5322 11.6
      vertex 7.16946 40.2775 1.6
      vertex 7.46777 40.5322 1.6
    endloop
  endfacet
  facet normal 0.97237 0.233446 0
    outer loop
      vertex 8.16922 42.6911 11.6
      vertex 8.07764 43.0725 1.6
      vertex 8.07764 43.0725 11.6
    endloop
  endfacet
  facet normal 0.97237 0.233446 0
    outer loop
      vertex 8.07764 43.0725 1.6
      vertex 8.16922 42.6911 11.6
      vertex 8.16922 42.6911 1.6
    endloop
  endfacet
  facet normal -0.382681 0.923881 0
    outer loop
      vertex 4.92746 44.6776 1.6
      vertex 4.56502 44.5275 11.6
      vertex 4.92746 44.6776 11.6
    endloop
  endfacet
  facet normal -0.382681 0.923881 0
    outer loop
      vertex 4.56502 44.5275 11.6
      vertex 4.92746 44.6776 1.6
      vertex 4.56502 44.5275 1.6
    endloop
  endfacet
  facet normal -0.382681 -0.923881 0
    outer loop
      vertex 4.56502 40.0725 1.6
      vertex 4.92746 39.9224 11.6
      vertex 4.56502 40.0725 11.6
    endloop
  endfacet
  facet normal -0.382681 -0.923881 -0
    outer loop
      vertex 4.92746 39.9224 11.6
      vertex 4.56502 40.0725 1.6
      vertex 4.92746 39.9224 1.6
    endloop
  endfacet
  facet normal -0.85264 -0.522498 0
    outer loop
      vertex 3.67746 40.8305 1.6
      vertex 3.47248 41.165 11.6
      vertex 3.47248 41.165 1.6
    endloop
  endfacet
  facet normal -0.85264 -0.522498 0
    outer loop
      vertex 3.47248 41.165 11.6
      vertex 3.67746 40.8305 1.6
      vertex 3.67746 40.8305 11.6
    endloop
  endfacet
  facet normal 0.649442 0.760411 -0
    outer loop
      vertex 7.46777 44.0678 1.6
      vertex 7.16946 44.3225 11.6
      vertex 7.46777 44.0678 11.6
    endloop
  endfacet
  facet normal 0.649442 0.760411 0
    outer loop
      vertex 7.16946 44.3225 11.6
      vertex 7.46777 44.0678 1.6
      vertex 7.16946 44.3225 1.6
    endloop
  endfacet
  facet normal 0.97237 -0.233446 0
    outer loop
      vertex 8.07764 41.5275 11.6
      vertex 8.16922 41.9089 1.6
      vertex 8.16922 41.9089 11.6
    endloop
  endfacet
  facet normal 0.97237 -0.233446 0
    outer loop
      vertex 8.16922 41.9089 1.6
      vertex 8.07764 41.5275 11.6
      vertex 8.07764 41.5275 1.6
    endloop
  endfacet
  facet normal 0.92388 -0.382682 0
    outer loop
      vertex 7.92752 41.165 11.6
      vertex 8.07764 41.5275 1.6
      vertex 8.07764 41.5275 11.6
    endloop
  endfacet
  facet normal 0.92388 -0.382682 0
    outer loop
      vertex 8.07764 41.5275 1.6
      vertex 7.92752 41.165 11.6
      vertex 7.92752 41.165 1.6
    endloop
  endfacet
  facet normal 0.85264 -0.522498 0
    outer loop
      vertex 7.72254 40.8305 11.6
      vertex 7.92752 41.165 1.6
      vertex 7.92752 41.165 11.6
    endloop
  endfacet
  facet normal 0.85264 -0.522498 0
    outer loop
      vertex 7.92752 41.165 1.6
      vertex 7.72254 40.8305 11.6
      vertex 7.72254 40.8305 1.6
    endloop
  endfacet
  facet normal 0.760404 -0.64945 0
    outer loop
      vertex 7.46777 40.5322 11.6
      vertex 7.72254 40.8305 1.6
      vertex 7.72254 40.8305 11.6
    endloop
  endfacet
  facet normal 0.760404 -0.64945 0
    outer loop
      vertex 7.72254 40.8305 1.6
      vertex 7.46777 40.5322 11.6
      vertex 7.46777 40.5322 1.6
    endloop
  endfacet
  facet normal 0.522501 -0.852639 0
    outer loop
      vertex 6.83498 40.0725 1.6
      vertex 7.16946 40.2775 11.6
      vertex 6.83498 40.0725 11.6
    endloop
  endfacet
  facet normal 0.522501 -0.852639 0
    outer loop
      vertex 7.16946 40.2775 11.6
      vertex 6.83498 40.0725 1.6
      vertex 7.16946 40.2775 1.6
    endloop
  endfacet
  facet normal 0.233445 -0.97237 0
    outer loop
      vertex 6.09109 39.8308 1.6
      vertex 6.47254 39.9224 11.6
      vertex 6.09109 39.8308 11.6
    endloop
  endfacet
  facet normal 0.233445 -0.97237 0
    outer loop
      vertex 6.47254 39.9224 11.6
      vertex 6.09109 39.8308 1.6
      vertex 6.47254 39.9224 1.6
    endloop
  endfacet
  facet normal -0.97237 -0.233446 0
    outer loop
      vertex 3.32236 41.5275 1.6
      vertex 3.23078 41.9089 11.6
      vertex 3.23078 41.9089 1.6
    endloop
  endfacet
  facet normal -0.97237 -0.233446 0
    outer loop
      vertex 3.23078 41.9089 11.6
      vertex 3.32236 41.5275 1.6
      vertex 3.32236 41.5275 11.6
    endloop
  endfacet
  facet normal -0.760404 -0.64945 0
    outer loop
      vertex 3.93223 40.5322 1.6
      vertex 3.67746 40.8305 11.6
      vertex 3.67746 40.8305 1.6
    endloop
  endfacet
  facet normal -0.760404 -0.64945 0
    outer loop
      vertex 3.67746 40.8305 11.6
      vertex 3.93223 40.5322 1.6
      vertex 3.93223 40.5322 11.6
    endloop
  endfacet
  facet normal -0.522501 -0.852639 0
    outer loop
      vertex 4.23054 40.2775 1.6
      vertex 4.56502 40.0725 11.6
      vertex 4.23054 40.2775 11.6
    endloop
  endfacet
  facet normal -0.522501 -0.852639 -0
    outer loop
      vertex 4.56502 40.0725 11.6
      vertex 4.23054 40.2775 1.6
      vertex 4.56502 40.0725 1.6
    endloop
  endfacet
  facet normal -0.233445 -0.97237 0
    outer loop
      vertex 4.92746 39.9224 1.6
      vertex 5.30891 39.8308 11.6
      vertex 4.92746 39.9224 11.6
    endloop
  endfacet
  facet normal -0.233445 -0.97237 -0
    outer loop
      vertex 5.30891 39.8308 11.6
      vertex 4.92746 39.9224 1.6
      vertex 5.30891 39.8308 1.6
    endloop
  endfacet
  facet normal -0.649448 -0.760406 0
    outer loop
      vertex 3.93223 40.5322 1.6
      vertex 4.23054 40.2775 11.6
      vertex 3.93223 40.5322 11.6
    endloop
  endfacet
  facet normal -0.649448 -0.760406 -0
    outer loop
      vertex 4.23054 40.2775 11.6
      vertex 3.93223 40.5322 1.6
      vertex 4.23054 40.2775 1.6
    endloop
  endfacet
  facet normal 0.996917 -0.0784608 0
    outer loop
      vertex 8.16922 41.9089 11.6
      vertex 8.2 42.3 1.6
      vertex 8.2 42.3 11.6
    endloop
  endfacet
  facet normal 0.996917 -0.0784608 0
    outer loop
      vertex 8.2 42.3 1.6
      vertex 8.16922 41.9089 11.6
      vertex 8.16922 41.9089 1.6
    endloop
  endfacet
  facet normal 0.760408 0.649445 0
    outer loop
      vertex 7.72254 43.7695 11.6
      vertex 7.46777 44.0678 1.6
      vertex 7.46777 44.0678 11.6
    endloop
  endfacet
  facet normal 0.760408 0.649445 0
    outer loop
      vertex 7.46777 44.0678 1.6
      vertex 7.72254 43.7695 11.6
      vertex 7.72254 43.7695 1.6
    endloop
  endfacet
  facet normal 0.92388 0.382682 0
    outer loop
      vertex 8.07764 43.0725 11.6
      vertex 7.92752 43.435 1.6
      vertex 7.92752 43.435 11.6
    endloop
  endfacet
  facet normal 0.92388 0.382682 0
    outer loop
      vertex 7.92752 43.435 1.6
      vertex 8.07764 43.0725 11.6
      vertex 8.07764 43.0725 1.6
    endloop
  endfacet
  facet normal 0.382681 0.923881 -0
    outer loop
      vertex 6.83498 44.5275 1.6
      vertex 6.47254 44.6776 11.6
      vertex 6.83498 44.5275 11.6
    endloop
  endfacet
  facet normal 0.382681 0.923881 0
    outer loop
      vertex 6.47254 44.6776 11.6
      vertex 6.83498 44.5275 1.6
      vertex 6.47254 44.6776 1.6
    endloop
  endfacet
  facet normal 0.522501 0.852639 -0
    outer loop
      vertex 7.16946 44.3225 1.6
      vertex 6.83498 44.5275 11.6
      vertex 7.16946 44.3225 11.6
    endloop
  endfacet
  facet normal 0.522501 0.852639 0
    outer loop
      vertex 6.83498 44.5275 11.6
      vertex 7.16946 44.3225 1.6
      vertex 6.83498 44.5275 1.6
    endloop
  endfacet
  facet normal -0.233445 0.97237 0
    outer loop
      vertex 5.30891 44.7692 1.6
      vertex 4.92746 44.6776 11.6
      vertex 5.30891 44.7692 11.6
    endloop
  endfacet
  facet normal -0.233445 0.97237 0
    outer loop
      vertex 4.92746 44.6776 11.6
      vertex 5.30891 44.7692 1.6
      vertex 4.92746 44.6776 1.6
    endloop
  endfacet
  facet normal -0.649442 0.760411 0
    outer loop
      vertex 4.23054 44.3225 1.6
      vertex 3.93223 44.0678 11.6
      vertex 4.23054 44.3225 11.6
    endloop
  endfacet
  facet normal -0.649442 0.760411 0
    outer loop
      vertex 3.93223 44.0678 11.6
      vertex 4.23054 44.3225 1.6
      vertex 3.93223 44.0678 1.6
    endloop
  endfacet
  facet normal -0.85264 0.522498 0
    outer loop
      vertex 3.47248 43.435 1.6
      vertex 3.67746 43.7695 11.6
      vertex 3.67746 43.7695 1.6
    endloop
  endfacet
  facet normal -0.85264 0.522498 0
    outer loop
      vertex 3.67746 43.7695 11.6
      vertex 3.47248 43.435 1.6
      vertex 3.47248 43.435 11.6
    endloop
  endfacet
  facet normal -0.97237 0.233446 0
    outer loop
      vertex 3.23078 42.6911 1.6
      vertex 3.32236 43.0725 11.6
      vertex 3.32236 43.0725 1.6
    endloop
  endfacet
  facet normal -0.97237 0.233446 0
    outer loop
      vertex 3.32236 43.0725 11.6
      vertex 3.23078 42.6911 1.6
      vertex 3.23078 42.6911 11.6
    endloop
  endfacet
  facet normal 0.0784634 -0.996917 0
    outer loop
      vertex 5.7 39.8 1.6
      vertex 6.09109 39.8308 11.6
      vertex 5.7 39.8 11.6
    endloop
  endfacet
  facet normal 0.0784634 -0.996917 0
    outer loop
      vertex 6.09109 39.8308 11.6
      vertex 5.7 39.8 1.6
      vertex 6.09109 39.8308 1.6
    endloop
  endfacet
  facet normal 0.382681 -0.923881 0
    outer loop
      vertex 6.47254 39.9224 1.6
      vertex 6.83498 40.0725 11.6
      vertex 6.47254 39.9224 11.6
    endloop
  endfacet
  facet normal 0.382681 -0.923881 0
    outer loop
      vertex 6.83498 40.0725 11.6
      vertex 6.47254 39.9224 1.6
      vertex 6.83498 40.0725 1.6
    endloop
  endfacet
  facet normal -0.996917 -0.0784608 0
    outer loop
      vertex 3.23078 41.9089 1.6
      vertex 3.2 42.3 11.6
      vertex 3.2 42.3 1.6
    endloop
  endfacet
  facet normal -0.996917 -0.0784608 0
    outer loop
      vertex 3.2 42.3 11.6
      vertex 3.23078 41.9089 1.6
      vertex 3.23078 41.9089 11.6
    endloop
  endfacet
  facet normal -0.92388 -0.382682 0
    outer loop
      vertex 3.47248 41.165 1.6
      vertex 3.32236 41.5275 11.6
      vertex 3.32236 41.5275 1.6
    endloop
  endfacet
  facet normal -0.92388 -0.382682 0
    outer loop
      vertex 3.32236 41.5275 11.6
      vertex 3.47248 41.165 1.6
      vertex 3.47248 41.165 11.6
    endloop
  endfacet
  facet normal -0.0784634 -0.996917 0
    outer loop
      vertex 5.30891 39.8308 1.6
      vertex 5.7 39.8 11.6
      vertex 5.30891 39.8308 11.6
    endloop
  endfacet
  facet normal -0.0784634 -0.996917 -0
    outer loop
      vertex 5.7 39.8 11.6
      vertex 5.30891 39.8308 1.6
      vertex 5.7 39.8 1.6
    endloop
  endfacet
  facet normal 0.996917 0.0784608 0
    outer loop
      vertex 8.2 42.3 11.6
      vertex 8.16922 42.6911 1.6
      vertex 8.16922 42.6911 11.6
    endloop
  endfacet
  facet normal 0.996917 0.0784608 0
    outer loop
      vertex 8.16922 42.6911 1.6
      vertex 8.2 42.3 11.6
      vertex 8.2 42.3 1.6
    endloop
  endfacet
  facet normal 0.0784634 0.996917 -0
    outer loop
      vertex 6.09109 44.7692 1.6
      vertex 5.7 44.8 11.6
      vertex 6.09109 44.7692 11.6
    endloop
  endfacet
  facet normal 0.0784634 0.996917 0
    outer loop
      vertex 5.7 44.8 11.6
      vertex 6.09109 44.7692 1.6
      vertex 5.7 44.8 1.6
    endloop
  endfacet
  facet normal 0.233445 0.97237 -0
    outer loop
      vertex 6.47254 44.6776 1.6
      vertex 6.09109 44.7692 11.6
      vertex 6.47254 44.6776 11.6
    endloop
  endfacet
  facet normal 0.233445 0.97237 0
    outer loop
      vertex 6.09109 44.7692 11.6
      vertex 6.47254 44.6776 1.6
      vertex 6.09109 44.7692 1.6
    endloop
  endfacet
  facet normal -0.0784634 0.996917 0
    outer loop
      vertex 5.7 44.8 1.6
      vertex 5.30891 44.7692 11.6
      vertex 5.7 44.8 11.6
    endloop
  endfacet
  facet normal -0.0784634 0.996917 0
    outer loop
      vertex 5.30891 44.7692 11.6
      vertex 5.7 44.8 1.6
      vertex 5.30891 44.7692 1.6
    endloop
  endfacet
  facet normal -0.522501 0.852639 0
    outer loop
      vertex 4.56502 44.5275 1.6
      vertex 4.23054 44.3225 11.6
      vertex 4.56502 44.5275 11.6
    endloop
  endfacet
  facet normal -0.522501 0.852639 0
    outer loop
      vertex 4.23054 44.3225 11.6
      vertex 4.56502 44.5275 1.6
      vertex 4.23054 44.3225 1.6
    endloop
  endfacet
  facet normal -0.92388 0.382682 0
    outer loop
      vertex 3.32236 43.0725 1.6
      vertex 3.47248 43.435 11.6
      vertex 3.47248 43.435 1.6
    endloop
  endfacet
  facet normal -0.92388 0.382682 0
    outer loop
      vertex 3.47248 43.435 11.6
      vertex 3.32236 43.0725 1.6
      vertex 3.32236 43.0725 11.6
    endloop
  endfacet
  facet normal -0.996917 0.0784608 0
    outer loop
      vertex 3.2 42.3 1.6
      vertex 3.23078 42.6911 11.6
      vertex 3.23078 42.6911 1.6
    endloop
  endfacet
  facet normal -0.996917 0.0784608 0
    outer loop
      vertex 3.23078 42.6911 11.6
      vertex 3.2 42.3 1.6
      vertex 3.2 42.3 11.6
    endloop
  endfacet
  facet normal 0 0 1
    outer loop
      vertex 6.95 42.3 11.6
      vertex 8.2 42.3 11.6
      vertex 8.16922 42.6911 11.6
    endloop
  endfacet
  facet normal 0 0 1
    outer loop
      vertex 6.93461 42.4955 11.6
      vertex 8.16922 42.6911 11.6
      vertex 8.07764 43.0725 11.6
    endloop
  endfacet
  facet normal 0 0 1
    outer loop
      vertex 8.2 42.3 11.6
      vertex 6.95 42.3 11.6
      vertex 8.16922 41.9089 11.6
    endloop
  endfacet
  facet normal 0 0 1
    outer loop
      vertex 6.88882 42.6863 11.6
      vertex 8.07764 43.0725 11.6
      vertex 7.92752 43.435 11.6
    endloop
  endfacet
  facet normal -0 0 1
    outer loop
      vertex 6.93461 42.1045 11.6
      vertex 8.16922 41.9089 11.6
      vertex 6.95 42.3 11.6
    endloop
  endfacet
  facet normal 0 0 1
    outer loop
      vertex 6.81376 42.8675 11.6
      vertex 7.92752 43.435 11.6
      vertex 7.72254 43.7695 11.6
    endloop
  endfacet
  facet normal 0 0 1
    outer loop
      vertex 8.16922 41.9089 11.6
      vertex 6.93461 42.1045 11.6
      vertex 8.07764 41.5275 11.6
    endloop
  endfacet
  facet normal 0 0 1
    outer loop
      vertex 6.71127 43.0347 11.6
      vertex 7.72254 43.7695 11.6
      vertex 7.46777 44.0678 11.6
    endloop
  endfacet
  facet normal -0 0 1
    outer loop
      vertex 6.88882 41.9137 11.6
      vertex 8.07764 41.5275 11.6
      vertex 6.93461 42.1045 11.6
    endloop
  endfacet
  facet normal 0 0 1
    outer loop
      vertex 6.58388 43.1839 11.6
      vertex 7.46777 44.0678 11.6
      vertex 7.16946 44.3225 11.6
    endloop
  endfacet
  facet normal 0 0 1
    outer loop
      vertex 8.07764 41.5275 11.6
      vertex 6.88882 41.9137 11.6
      vertex 7.92752 41.165 11.6
    endloop
  endfacet
  facet normal -0 0 1
    outer loop
      vertex 6.81376 41.7325 11.6
      vertex 7.92752 41.165 11.6
      vertex 6.88882 41.9137 11.6
    endloop
  endfacet
  facet normal 0 0 1
    outer loop
      vertex 8.16922 42.6911 11.6
      vertex 6.93461 42.4955 11.6
      vertex 6.95 42.3 11.6
    endloop
  endfacet
  facet normal 0 0 1
    outer loop
      vertex 8.07764 43.0725 11.6
      vertex 6.88882 42.6863 11.6
      vertex 6.93461 42.4955 11.6
    endloop
  endfacet
  facet normal 0 0 1
    outer loop
      vertex 6.43473 43.3113 11.6
      vertex 7.16946 44.3225 11.6
      vertex 6.83498 44.5275 11.6
    endloop
  endfacet
  facet normal 0 0 1
    outer loop
      vertex 7.92752 43.435 11.6
      vertex 6.81376 42.8675 11.6
      vertex 6.88882 42.6863 11.6
    endloop
  endfacet
  facet normal 0 0 1
    outer loop
      vertex 7.72254 43.7695 11.6
      vertex 6.71127 43.0347 11.6
      vertex 6.81376 42.8675 11.6
    endloop
  endfacet
  facet normal 0 0 1
    outer loop
      vertex 7.46777 44.0678 11.6
      vertex 6.58388 43.1839 11.6
      vertex 6.71127 43.0347 11.6
    endloop
  endfacet
  facet normal 0 0 1
    outer loop
      vertex 6.26749 43.4138 11.6
      vertex 6.83498 44.5275 11.6
      vertex 6.47254 44.6776 11.6
    endloop
  endfacet
  facet normal 0 0 1
    outer loop
      vertex 7.16946 44.3225 11.6
      vertex 6.43473 43.3113 11.6
      vertex 6.58388 43.1839 11.6
    endloop
  endfacet
  facet normal 0 0 1
    outer loop
      vertex 6.83498 44.5275 11.6
      vertex 6.26749 43.4138 11.6
      vertex 6.43473 43.3113 11.6
    endloop
  endfacet
  facet normal 0 0 1
    outer loop
      vertex 6.08627 43.4888 11.6
      vertex 6.47254 44.6776 11.6
      vertex 6.09109 44.7692 11.6
    endloop
  endfacet
  facet normal 0 0 1
    outer loop
      vertex 6.47254 44.6776 11.6
      vertex 6.08627 43.4888 11.6
      vertex 6.26749 43.4138 11.6
    endloop
  endfacet
  facet normal 0 0 1
    outer loop
      vertex 6.09109 44.7692 11.6
      vertex 5.89554 43.5346 11.6
      vertex 6.08627 43.4888 11.6
    endloop
  endfacet
  facet normal 0 0 1
    outer loop
      vertex 5.7 44.8 11.6
      vertex 5.89554 43.5346 11.6
      vertex 6.09109 44.7692 11.6
    endloop
  endfacet
  facet normal 0 0 1
    outer loop
      vertex 5.7 44.8 11.6
      vertex 5.7 43.55 11.6
      vertex 5.89554 43.5346 11.6
    endloop
  endfacet
  facet normal 0 0 1
    outer loop
      vertex 5.7 44.8 11.6
      vertex 5.50446 43.5346 11.6
      vertex 5.7 43.55 11.6
    endloop
  endfacet
  facet normal -0 0 1
    outer loop
      vertex 5.30891 44.7692 11.6
      vertex 5.50446 43.5346 11.6
      vertex 5.7 44.8 11.6
    endloop
  endfacet
  facet normal 0 0 1
    outer loop
      vertex 5.50446 43.5346 11.6
      vertex 5.30891 44.7692 11.6
      vertex 5.31373 43.4888 11.6
    endloop
  endfacet
  facet normal -0 0 1
    outer loop
      vertex 4.92746 44.6776 11.6
      vertex 5.31373 43.4888 11.6
      vertex 5.30891 44.7692 11.6
    endloop
  endfacet
  facet normal 0 0 1
    outer loop
      vertex 5.31373 43.4888 11.6
      vertex 4.92746 44.6776 11.6
      vertex 5.13251 43.4138 11.6
    endloop
  endfacet
  facet normal -0 0 1
    outer loop
      vertex 4.56502 44.5275 11.6
      vertex 5.13251 43.4138 11.6
      vertex 4.92746 44.6776 11.6
    endloop
  endfacet
  facet normal 0 0 1
    outer loop
      vertex 5.13251 43.4138 11.6
      vertex 4.56502 44.5275 11.6
      vertex 4.96527 43.3113 11.6
    endloop
  endfacet
  facet normal -0 0 1
    outer loop
      vertex 4.23054 44.3225 11.6
      vertex 4.96527 43.3113 11.6
      vertex 4.56502 44.5275 11.6
    endloop
  endfacet
  facet normal 0 0 1
    outer loop
      vertex 4.96527 43.3113 11.6
      vertex 4.23054 44.3225 11.6
      vertex 4.81612 43.1839 11.6
    endloop
  endfacet
  facet normal -0 0 1
    outer loop
      vertex 3.93223 44.0678 11.6
      vertex 4.81612 43.1839 11.6
      vertex 4.23054 44.3225 11.6
    endloop
  endfacet
  facet normal 0 0 1
    outer loop
      vertex 4.81612 43.1839 11.6
      vertex 3.93223 44.0678 11.6
      vertex 4.68873 43.0347 11.6
    endloop
  endfacet
  facet normal -0 0 1
    outer loop
      vertex 3.67746 43.7695 11.6
      vertex 4.68873 43.0347 11.6
      vertex 3.93223 44.0678 11.6
    endloop
  endfacet
  facet normal 0 0 1
    outer loop
      vertex 4.68873 43.0347 11.6
      vertex 3.67746 43.7695 11.6
      vertex 4.58624 42.8675 11.6
    endloop
  endfacet
  facet normal -0 0 1
    outer loop
      vertex 3.47248 43.435 11.6
      vertex 4.58624 42.8675 11.6
      vertex 3.67746 43.7695 11.6
    endloop
  endfacet
  facet normal 0 0 1
    outer loop
      vertex 7.92752 41.165 11.6
      vertex 6.81376 41.7325 11.6
      vertex 7.72254 40.8305 11.6
    endloop
  endfacet
  facet normal -0 0 1
    outer loop
      vertex 6.71127 41.5653 11.6
      vertex 7.72254 40.8305 11.6
      vertex 6.81376 41.7325 11.6
    endloop
  endfacet
  facet normal 0 0 1
    outer loop
      vertex 7.72254 40.8305 11.6
      vertex 6.71127 41.5653 11.6
      vertex 7.46777 40.5322 11.6
    endloop
  endfacet
  facet normal -0 0 1
    outer loop
      vertex 6.58388 41.4161 11.6
      vertex 7.46777 40.5322 11.6
      vertex 6.71127 41.5653 11.6
    endloop
  endfacet
  facet normal 0 0 1
    outer loop
      vertex 7.46777 40.5322 11.6
      vertex 6.58388 41.4161 11.6
      vertex 7.16946 40.2775 11.6
    endloop
  endfacet
  facet normal -0 0 1
    outer loop
      vertex 6.43473 41.2887 11.6
      vertex 7.16946 40.2775 11.6
      vertex 6.58388 41.4161 11.6
    endloop
  endfacet
  facet normal 0 0 1
    outer loop
      vertex 7.16946 40.2775 11.6
      vertex 6.43473 41.2887 11.6
      vertex 6.83498 40.0725 11.6
    endloop
  endfacet
  facet normal -0 0 1
    outer loop
      vertex 6.26749 41.1862 11.6
      vertex 6.83498 40.0725 11.6
      vertex 6.43473 41.2887 11.6
    endloop
  endfacet
  facet normal 0 0 1
    outer loop
      vertex 6.83498 40.0725 11.6
      vertex 6.26749 41.1862 11.6
      vertex 6.47254 39.9224 11.6
    endloop
  endfacet
  facet normal -0 0 1
    outer loop
      vertex 6.08627 41.1112 11.6
      vertex 6.47254 39.9224 11.6
      vertex 6.26749 41.1862 11.6
    endloop
  endfacet
  facet normal 0 0 1
    outer loop
      vertex 6.47254 39.9224 11.6
      vertex 6.08627 41.1112 11.6
      vertex 6.09109 39.8308 11.6
    endloop
  endfacet
  facet normal -0 0 1
    outer loop
      vertex 5.89554 41.0654 11.6
      vertex 6.09109 39.8308 11.6
      vertex 6.08627 41.1112 11.6
    endloop
  endfacet
  facet normal -0 0 1
    outer loop
      vertex 5.7 41.05 11.6
      vertex 6.09109 39.8308 11.6
      vertex 5.89554 41.0654 11.6
    endloop
  endfacet
  facet normal 0 0 1
    outer loop
      vertex 5.7 41.05 11.6
      vertex 5.7 39.8 11.6
      vertex 6.09109 39.8308 11.6
    endloop
  endfacet
  facet normal 0 0 1
    outer loop
      vertex 5.50446 41.0654 11.6
      vertex 5.7 39.8 11.6
      vertex 5.7 41.05 11.6
    endloop
  endfacet
  facet normal 0 0 1
    outer loop
      vertex 5.30891 39.8308 11.6
      vertex 5.50446 41.0654 11.6
      vertex 5.31373 41.1112 11.6
    endloop
  endfacet
  facet normal 0 0 1
    outer loop
      vertex 5.50446 41.0654 11.6
      vertex 5.30891 39.8308 11.6
      vertex 5.7 39.8 11.6
    endloop
  endfacet
  facet normal 0 0 1
    outer loop
      vertex 4.92746 39.9224 11.6
      vertex 5.31373 41.1112 11.6
      vertex 5.13251 41.1862 11.6
    endloop
  endfacet
  facet normal 0 0 1
    outer loop
      vertex 4.56502 40.0725 11.6
      vertex 5.13251 41.1862 11.6
      vertex 4.96527 41.2887 11.6
    endloop
  endfacet
  facet normal 0 0 1
    outer loop
      vertex 5.31373 41.1112 11.6
      vertex 4.92746 39.9224 11.6
      vertex 5.30891 39.8308 11.6
    endloop
  endfacet
  facet normal 0 0 1
    outer loop
      vertex 4.23054 40.2775 11.6
      vertex 4.96527 41.2887 11.6
      vertex 4.81612 41.4161 11.6
    endloop
  endfacet
  facet normal 0 0 1
    outer loop
      vertex 3.93223 40.5322 11.6
      vertex 4.81612 41.4161 11.6
      vertex 4.68873 41.5653 11.6
    endloop
  endfacet
  facet normal 0 0 1
    outer loop
      vertex 3.67746 40.8305 11.6
      vertex 4.68873 41.5653 11.6
      vertex 4.58624 41.7325 11.6
    endloop
  endfacet
  facet normal 0 0 1
    outer loop
      vertex 5.13251 41.1862 11.6
      vertex 4.56502 40.0725 11.6
      vertex 4.92746 39.9224 11.6
    endloop
  endfacet
  facet normal 0 0 1
    outer loop
      vertex 3.47248 41.165 11.6
      vertex 4.58624 41.7325 11.6
      vertex 4.51118 41.9137 11.6
    endloop
  endfacet
  facet normal 0 0 1
    outer loop
      vertex 3.32236 41.5275 11.6
      vertex 4.51118 41.9137 11.6
      vertex 4.46539 42.1045 11.6
    endloop
  endfacet
  facet normal 0 0 1
    outer loop
      vertex 3.23078 41.9089 11.6
      vertex 4.46539 42.1045 11.6
      vertex 4.45 42.3 11.6
    endloop
  endfacet
  facet normal 0 0 1
    outer loop
      vertex 4.58624 42.8675 11.6
      vertex 3.47248 43.435 11.6
      vertex 4.51118 42.6863 11.6
    endloop
  endfacet
  facet normal 0 0 1
    outer loop
      vertex 4.96527 41.2887 11.6
      vertex 4.23054 40.2775 11.6
      vertex 4.56502 40.0725 11.6
    endloop
  endfacet
  facet normal -0 0 1
    outer loop
      vertex 3.32236 43.0725 11.6
      vertex 4.51118 42.6863 11.6
      vertex 3.47248 43.435 11.6
    endloop
  endfacet
  facet normal 0 0 1
    outer loop
      vertex 4.81612 41.4161 11.6
      vertex 3.93223 40.5322 11.6
      vertex 4.23054 40.2775 11.6
    endloop
  endfacet
  facet normal 0 0 1
    outer loop
      vertex 4.51118 42.6863 11.6
      vertex 3.32236 43.0725 11.6
      vertex 4.46539 42.4955 11.6
    endloop
  endfacet
  facet normal 0 0 1
    outer loop
      vertex 4.68873 41.5653 11.6
      vertex 3.67746 40.8305 11.6
      vertex 3.93223 40.5322 11.6
    endloop
  endfacet
  facet normal -0 0 1
    outer loop
      vertex 3.23078 42.6911 11.6
      vertex 4.46539 42.4955 11.6
      vertex 3.32236 43.0725 11.6
    endloop
  endfacet
  facet normal 0 0 1
    outer loop
      vertex 4.58624 41.7325 11.6
      vertex 3.47248 41.165 11.6
      vertex 3.67746 40.8305 11.6
    endloop
  endfacet
  facet normal 0 0 1
    outer loop
      vertex 4.46539 42.4955 11.6
      vertex 3.23078 42.6911 11.6
      vertex 4.45 42.3 11.6
    endloop
  endfacet
  facet normal 0 0 1
    outer loop
      vertex 4.51118 41.9137 11.6
      vertex 3.32236 41.5275 11.6
      vertex 3.47248 41.165 11.6
    endloop
  endfacet
  facet normal 0 0 1
    outer loop
      vertex 3.2 42.3 11.6
      vertex 4.45 42.3 11.6
      vertex 3.23078 42.6911 11.6
    endloop
  endfacet
  facet normal 0 0 1
    outer loop
      vertex 4.46539 42.1045 11.6
      vertex 3.23078 41.9089 11.6
      vertex 3.32236 41.5275 11.6
    endloop
  endfacet
  facet normal 0 0 1
    outer loop
      vertex 4.45 42.3 11.6
      vertex 3.2 42.3 11.6
      vertex 3.23078 41.9089 11.6
    endloop
  endfacet
  facet normal -0.760408 0.649445 0
    outer loop
      vertex 3.67746 43.7695 1.6
      vertex 3.93223 44.0678 11.6
      vertex 3.93223 44.0678 1.6
    endloop
  endfacet
  facet normal -0.760408 0.649445 0
    outer loop
      vertex 3.93223 44.0678 11.6
      vertex 3.67746 43.7695 1.6
      vertex 3.67746 43.7695 11.6
    endloop
  endfacet
  facet normal 0.85264 0.522498 0
    outer loop
      vertex 7.92752 43.435 11.6
      vertex 7.72254 43.7695 1.6
      vertex 7.72254 43.7695 11.6
    endloop
  endfacet
  facet normal 0.85264 0.522498 0
    outer loop
      vertex 7.72254 43.7695 1.6
      vertex 7.92752 43.435 11.6
      vertex 7.92752 43.435 1.6
    endloop
  endfacet
  facet normal 0.649435 -0.760417 0
    outer loop
      vertex 6.43473 41.2887 11.6
      vertex 6.58388 41.4161 13.85
      vertex 6.43473 41.2887 13.85
    endloop
  endfacet
  facet normal 0.649435 -0.760417 0
    outer loop
      vertex 6.58388 41.4161 13.85
      vertex 6.43473 41.2887 11.6
      vertex 6.58388 41.4161 11.6
    endloop
  endfacet
  facet normal 0.972371 0.233442 0
    outer loop
      vertex 6.93461 42.4955 13.85
      vertex 6.88882 42.6863 11.6
      vertex 6.88882 42.6863 13.85
    endloop
  endfacet
  facet normal 0.972371 0.233442 0
    outer loop
      vertex 6.88882 42.6863 11.6
      vertex 6.93461 42.4955 13.85
      vertex 6.93461 42.4955 11.6
    endloop
  endfacet
  facet normal -0.38268 0.923881 0
    outer loop
      vertex 5.31373 43.4888 11.6
      vertex 5.13251 43.4138 13.85
      vertex 5.31373 43.4888 13.85
    endloop
  endfacet
  facet normal -0.38268 0.923881 0
    outer loop
      vertex 5.13251 43.4138 13.85
      vertex 5.31373 43.4888 11.6
      vertex 5.13251 43.4138 11.6
    endloop
  endfacet
  facet normal -0.38268 -0.923881 0
    outer loop
      vertex 5.13251 41.1862 11.6
      vertex 5.31373 41.1112 13.85
      vertex 5.13251 41.1862 13.85
    endloop
  endfacet
  facet normal -0.38268 -0.923881 -0
    outer loop
      vertex 5.31373 41.1112 13.85
      vertex 5.13251 41.1862 11.6
      vertex 5.31373 41.1112 11.6
    endloop
  endfacet
  facet normal -0.852639 -0.5225 0
    outer loop
      vertex 4.68873 41.5653 11.6
      vertex 4.58624 41.7325 13.85
      vertex 4.58624 41.7325 11.6
    endloop
  endfacet
  facet normal -0.852639 -0.5225 0
    outer loop
      vertex 4.58624 41.7325 13.85
      vertex 4.68873 41.5653 11.6
      vertex 4.68873 41.5653 13.85
    endloop
  endfacet
  facet normal 0.97237 -0.233446 0
    outer loop
      vertex 6.88882 41.9137 13.85
      vertex 6.93461 42.1045 11.6
      vertex 6.93461 42.1045 13.85
    endloop
  endfacet
  facet normal 0.97237 -0.233446 0
    outer loop
      vertex 6.93461 42.1045 11.6
      vertex 6.88882 41.9137 13.85
      vertex 6.88882 41.9137 11.6
    endloop
  endfacet
  facet normal 0.923881 -0.38268 0
    outer loop
      vertex 6.81376 41.7325 13.85
      vertex 6.88882 41.9137 11.6
      vertex 6.88882 41.9137 13.85
    endloop
  endfacet
  facet normal 0.923881 -0.38268 0
    outer loop
      vertex 6.88882 41.9137 11.6
      vertex 6.81376 41.7325 13.85
      vertex 6.81376 41.7325 11.6
    endloop
  endfacet
  facet normal 0.852639 -0.5225 0
    outer loop
      vertex 6.71127 41.5653 13.85
      vertex 6.81376 41.7325 11.6
      vertex 6.81376 41.7325 13.85
    endloop
  endfacet
  facet normal 0.852639 -0.5225 0
    outer loop
      vertex 6.81376 41.7325 11.6
      vertex 6.71127 41.5653 13.85
      vertex 6.71127 41.5653 11.6
    endloop
  endfacet
  facet normal 0.760414 -0.649439 0
    outer loop
      vertex 6.58388 41.4161 13.85
      vertex 6.71127 41.5653 11.6
      vertex 6.71127 41.5653 13.85
    endloop
  endfacet
  facet normal 0.760414 -0.649439 0
    outer loop
      vertex 6.71127 41.5653 11.6
      vertex 6.58388 41.4161 13.85
      vertex 6.58388 41.4161 11.6
    endloop
  endfacet
  facet normal 0.522509 -0.852634 0
    outer loop
      vertex 6.26749 41.1862 11.6
      vertex 6.43473 41.2887 13.85
      vertex 6.26749 41.1862 13.85
    endloop
  endfacet
  facet normal 0.522509 -0.852634 0
    outer loop
      vertex 6.43473 41.2887 13.85
      vertex 6.26749 41.1862 11.6
      vertex 6.43473 41.2887 11.6
    endloop
  endfacet
  facet normal 0.233436 -0.972372 0
    outer loop
      vertex 5.89554 41.0654 11.6
      vertex 6.08627 41.1112 13.85
      vertex 5.89554 41.0654 13.85
    endloop
  endfacet
  facet normal 0.233436 -0.972372 0
    outer loop
      vertex 6.08627 41.1112 13.85
      vertex 5.89554 41.0654 11.6
      vertex 6.08627 41.1112 11.6
    endloop
  endfacet
  facet normal -0.97237 -0.233446 0
    outer loop
      vertex 4.51118 41.9137 11.6
      vertex 4.46539 42.1045 13.85
      vertex 4.46539 42.1045 11.6
    endloop
  endfacet
  facet normal -0.97237 -0.233446 0
    outer loop
      vertex 4.46539 42.1045 13.85
      vertex 4.51118 41.9137 11.6
      vertex 4.51118 41.9137 13.85
    endloop
  endfacet
  facet normal -0.760414 -0.649439 0
    outer loop
      vertex 4.81612 41.4161 11.6
      vertex 4.68873 41.5653 13.85
      vertex 4.68873 41.5653 11.6
    endloop
  endfacet
  facet normal -0.760414 -0.649439 0
    outer loop
      vertex 4.68873 41.5653 13.85
      vertex 4.81612 41.4161 11.6
      vertex 4.81612 41.4161 13.85
    endloop
  endfacet
  facet normal -0.522509 -0.852634 0
    outer loop
      vertex 4.96527 41.2887 11.6
      vertex 5.13251 41.1862 13.85
      vertex 4.96527 41.2887 13.85
    endloop
  endfacet
  facet normal -0.522509 -0.852634 -0
    outer loop
      vertex 5.13251 41.1862 13.85
      vertex 4.96527 41.2887 11.6
      vertex 5.13251 41.1862 11.6
    endloop
  endfacet
  facet normal -0.233436 -0.972372 0
    outer loop
      vertex 5.31373 41.1112 11.6
      vertex 5.50446 41.0654 13.85
      vertex 5.31373 41.1112 13.85
    endloop
  endfacet
  facet normal -0.233436 -0.972372 -0
    outer loop
      vertex 5.50446 41.0654 13.85
      vertex 5.31373 41.1112 11.6
      vertex 5.50446 41.0654 11.6
    endloop
  endfacet
  facet normal -0.649435 -0.760417 0
    outer loop
      vertex 4.81612 41.4161 11.6
      vertex 4.96527 41.2887 13.85
      vertex 4.81612 41.4161 13.85
    endloop
  endfacet
  facet normal -0.649435 -0.760417 -0
    outer loop
      vertex 4.96527 41.2887 13.85
      vertex 4.81612 41.4161 11.6
      vertex 4.96527 41.2887 11.6
    endloop
  endfacet
  facet normal 0.996917 -0.0784639 0
    outer loop
      vertex 6.93461 42.1045 13.85
      vertex 6.95 42.3 11.6
      vertex 6.95 42.3 13.85
    endloop
  endfacet
  facet normal 0.996917 -0.0784639 0
    outer loop
      vertex 6.95 42.3 11.6
      vertex 6.93461 42.1045 13.85
      vertex 6.93461 42.1045 11.6
    endloop
  endfacet
  facet normal 0.760414 0.649439 0
    outer loop
      vertex 6.71127 43.0347 13.85
      vertex 6.58388 43.1839 11.6
      vertex 6.58388 43.1839 13.85
    endloop
  endfacet
  facet normal 0.760414 0.649439 0
    outer loop
      vertex 6.58388 43.1839 11.6
      vertex 6.71127 43.0347 13.85
      vertex 6.71127 43.0347 11.6
    endloop
  endfacet
  facet normal 0.923881 0.38268 0
    outer loop
      vertex 6.88882 42.6863 13.85
      vertex 6.81376 42.8675 11.6
      vertex 6.81376 42.8675 13.85
    endloop
  endfacet
  facet normal 0.923881 0.38268 0
    outer loop
      vertex 6.81376 42.8675 11.6
      vertex 6.88882 42.6863 13.85
      vertex 6.88882 42.6863 11.6
    endloop
  endfacet
  facet normal 0.38268 0.923881 -0
    outer loop
      vertex 6.26749 43.4138 11.6
      vertex 6.08627 43.4888 13.85
      vertex 6.26749 43.4138 13.85
    endloop
  endfacet
  facet normal 0.38268 0.923881 0
    outer loop
      vertex 6.08627 43.4888 13.85
      vertex 6.26749 43.4138 11.6
      vertex 6.08627 43.4888 11.6
    endloop
  endfacet
  facet normal 0.522495 0.852642 -0
    outer loop
      vertex 6.43473 43.3113 11.6
      vertex 6.26749 43.4138 13.85
      vertex 6.43473 43.3113 13.85
    endloop
  endfacet
  facet normal 0.522495 0.852642 0
    outer loop
      vertex 6.26749 43.4138 13.85
      vertex 6.43473 43.3113 11.6
      vertex 6.26749 43.4138 11.6
    endloop
  endfacet
  facet normal -0.233454 0.972368 0
    outer loop
      vertex 5.50446 43.5346 11.6
      vertex 5.31373 43.4888 13.85
      vertex 5.50446 43.5346 13.85
    endloop
  endfacet
  facet normal -0.233454 0.972368 0
    outer loop
      vertex 5.31373 43.4888 13.85
      vertex 5.50446 43.5346 11.6
      vertex 5.31373 43.4888 11.6
    endloop
  endfacet
  facet normal -0.649447 0.760407 0
    outer loop
      vertex 4.96527 43.3113 11.6
      vertex 4.81612 43.1839 13.85
      vertex 4.96527 43.3113 13.85
    endloop
  endfacet
  facet normal -0.649447 0.760407 0
    outer loop
      vertex 4.81612 43.1839 13.85
      vertex 4.96527 43.3113 11.6
      vertex 4.81612 43.1839 11.6
    endloop
  endfacet
  facet normal -0.852634 0.522508 0
    outer loop
      vertex 4.58624 42.8675 11.6
      vertex 4.68873 43.0347 13.85
      vertex 4.68873 43.0347 11.6
    endloop
  endfacet
  facet normal -0.852634 0.522508 0
    outer loop
      vertex 4.68873 43.0347 13.85
      vertex 4.58624 42.8675 11.6
      vertex 4.58624 42.8675 13.85
    endloop
  endfacet
  facet normal -0.972371 0.233442 0
    outer loop
      vertex 4.46539 42.4955 11.6
      vertex 4.51118 42.6863 13.85
      vertex 4.51118 42.6863 11.6
    endloop
  endfacet
  facet normal -0.972371 0.233442 0
    outer loop
      vertex 4.51118 42.6863 13.85
      vertex 4.46539 42.4955 11.6
      vertex 4.46539 42.4955 13.85
    endloop
  endfacet
  facet normal -0.760414 0.649439 0
    outer loop
      vertex 4.68873 43.0347 11.6
      vertex 4.81612 43.1839 13.85
      vertex 4.81612 43.1839 11.6
    endloop
  endfacet
  facet normal -0.760414 0.649439 0
    outer loop
      vertex 4.81612 43.1839 13.85
      vertex 4.68873 43.0347 11.6
      vertex 4.68873 43.0347 13.85
    endloop
  endfacet
  facet normal 0.0784732 -0.996916 0
    outer loop
      vertex 5.7 41.05 11.6
      vertex 5.89554 41.0654 13.85
      vertex 5.7 41.05 13.85
    endloop
  endfacet
  facet normal 0.0784732 -0.996916 0
    outer loop
      vertex 5.89554 41.0654 13.85
      vertex 5.7 41.05 11.6
      vertex 5.89554 41.0654 11.6
    endloop
  endfacet
  facet normal 0.38268 -0.923881 0
    outer loop
      vertex 6.08627 41.1112 11.6
      vertex 6.26749 41.1862 13.85
      vertex 6.08627 41.1112 13.85
    endloop
  endfacet
  facet normal 0.38268 -0.923881 0
    outer loop
      vertex 6.26749 41.1862 13.85
      vertex 6.08627 41.1112 11.6
      vertex 6.26749 41.1862 11.6
    endloop
  endfacet
  facet normal -0.996917 -0.0784639 0
    outer loop
      vertex 4.46539 42.1045 11.6
      vertex 4.45 42.3 13.85
      vertex 4.45 42.3 11.6
    endloop
  endfacet
  facet normal -0.996917 -0.0784639 0
    outer loop
      vertex 4.45 42.3 13.85
      vertex 4.46539 42.1045 11.6
      vertex 4.46539 42.1045 13.85
    endloop
  endfacet
  facet normal -0.923881 -0.38268 0
    outer loop
      vertex 4.58624 41.7325 11.6
      vertex 4.51118 41.9137 13.85
      vertex 4.51118 41.9137 11.6
    endloop
  endfacet
  facet normal -0.923881 -0.38268 0
    outer loop
      vertex 4.51118 41.9137 13.85
      vertex 4.58624 41.7325 11.6
      vertex 4.58624 41.7325 13.85
    endloop
  endfacet
  facet normal -0.0784732 -0.996916 0
    outer loop
      vertex 5.50446 41.0654 11.6
      vertex 5.7 41.05 13.85
      vertex 5.50446 41.0654 13.85
    endloop
  endfacet
  facet normal -0.0784732 -0.996916 -0
    outer loop
      vertex 5.7 41.05 13.85
      vertex 5.50446 41.0654 11.6
      vertex 5.7 41.05 11.6
    endloop
  endfacet
  facet normal 0.996917 0.0784639 0
    outer loop
      vertex 6.95 42.3 13.85
      vertex 6.93461 42.4955 11.6
      vertex 6.93461 42.4955 13.85
    endloop
  endfacet
  facet normal 0.996917 0.0784639 0
    outer loop
      vertex 6.93461 42.4955 11.6
      vertex 6.95 42.3 13.85
      vertex 6.95 42.3 11.6
    endloop
  endfacet
  facet normal 0.0784539 0.996918 -0
    outer loop
      vertex 5.89554 43.5346 11.6
      vertex 5.7 43.55 13.85
      vertex 5.89554 43.5346 13.85
    endloop
  endfacet
  facet normal 0.0784539 0.996918 0
    outer loop
      vertex 5.7 43.55 13.85
      vertex 5.89554 43.5346 11.6
      vertex 5.7 43.55 11.6
    endloop
  endfacet
  facet normal 0.233454 0.972368 -0
    outer loop
      vertex 6.08627 43.4888 11.6
      vertex 5.89554 43.5346 13.85
      vertex 6.08627 43.4888 13.85
    endloop
  endfacet
  facet normal 0.233454 0.972368 0
    outer loop
      vertex 5.89554 43.5346 13.85
      vertex 6.08627 43.4888 11.6
      vertex 5.89554 43.5346 11.6
    endloop
  endfacet
  facet normal 0.649447 0.760407 -0
    outer loop
      vertex 6.58388 43.1839 11.6
      vertex 6.43473 43.3113 13.85
      vertex 6.58388 43.1839 13.85
    endloop
  endfacet
  facet normal 0.649447 0.760407 0
    outer loop
      vertex 6.43473 43.3113 13.85
      vertex 6.58388 43.1839 11.6
      vertex 6.43473 43.3113 11.6
    endloop
  endfacet
  facet normal -0.0784539 0.996918 0
    outer loop
      vertex 5.7 43.55 11.6
      vertex 5.50446 43.5346 13.85
      vertex 5.7 43.55 13.85
    endloop
  endfacet
  facet normal -0.0784539 0.996918 0
    outer loop
      vertex 5.50446 43.5346 13.85
      vertex 5.7 43.55 11.6
      vertex 5.50446 43.5346 11.6
    endloop
  endfacet
  facet normal -0.522495 0.852642 0
    outer loop
      vertex 5.13251 43.4138 11.6
      vertex 4.96527 43.3113 13.85
      vertex 5.13251 43.4138 13.85
    endloop
  endfacet
  facet normal -0.522495 0.852642 0
    outer loop
      vertex 4.96527 43.3113 13.85
      vertex 5.13251 43.4138 11.6
      vertex 4.96527 43.3113 11.6
    endloop
  endfacet
  facet normal -0.923881 0.38268 0
    outer loop
      vertex 4.51118 42.6863 11.6
      vertex 4.58624 42.8675 13.85
      vertex 4.58624 42.8675 11.6
    endloop
  endfacet
  facet normal -0.923881 0.38268 0
    outer loop
      vertex 4.58624 42.8675 13.85
      vertex 4.51118 42.6863 11.6
      vertex 4.51118 42.6863 13.85
    endloop
  endfacet
  facet normal -0.996917 0.0784639 0
    outer loop
      vertex 4.45 42.3 11.6
      vertex 4.46539 42.4955 13.85
      vertex 4.46539 42.4955 11.6
    endloop
  endfacet
  facet normal -0.996917 0.0784639 0
    outer loop
      vertex 4.46539 42.4955 13.85
      vertex 4.45 42.3 11.6
      vertex 4.45 42.3 13.85
    endloop
  endfacet
  facet normal 0 0 1
    outer loop
      vertex 6.93461 42.4955 13.85
      vertex 6.93461 42.1045 13.85
      vertex 6.95 42.3 13.85
    endloop
  endfacet
  facet normal 0 0 1
    outer loop
      vertex 6.88882 42.6863 13.85
      vertex 6.93461 42.1045 13.85
      vertex 6.93461 42.4955 13.85
    endloop
  endfacet
  facet normal 0 0 1
    outer loop
      vertex 6.88882 42.6863 13.85
      vertex 6.88882 41.9137 13.85
      vertex 6.93461 42.1045 13.85
    endloop
  endfacet
  facet normal 0 0 1
    outer loop
      vertex 6.81376 42.8675 13.85
      vertex 6.88882 41.9137 13.85
      vertex 6.88882 42.6863 13.85
    endloop
  endfacet
  facet normal 0 0 1
    outer loop
      vertex 6.81376 42.8675 13.85
      vertex 6.81376 41.7325 13.85
      vertex 6.88882 41.9137 13.85
    endloop
  endfacet
  facet normal 0 0 1
    outer loop
      vertex 6.71127 43.0347 13.85
      vertex 6.81376 41.7325 13.85
      vertex 6.81376 42.8675 13.85
    endloop
  endfacet
  facet normal 0 0 1
    outer loop
      vertex 6.71127 43.0347 13.85
      vertex 6.71127 41.5653 13.85
      vertex 6.81376 41.7325 13.85
    endloop
  endfacet
  facet normal 0 0 1
    outer loop
      vertex 6.58388 43.1839 13.85
      vertex 6.71127 41.5653 13.85
      vertex 6.71127 43.0347 13.85
    endloop
  endfacet
  facet normal 0 0 1
    outer loop
      vertex 6.58388 43.1839 13.85
      vertex 6.58388 41.4161 13.85
      vertex 6.71127 41.5653 13.85
    endloop
  endfacet
  facet normal 0 0 1
    outer loop
      vertex 6.43473 43.3113 13.85
      vertex 6.58388 41.4161 13.85
      vertex 6.58388 43.1839 13.85
    endloop
  endfacet
  facet normal 0 0 1
    outer loop
      vertex 6.43473 43.3113 13.85
      vertex 6.43473 41.2887 13.85
      vertex 6.58388 41.4161 13.85
    endloop
  endfacet
  facet normal 0 0 1
    outer loop
      vertex 6.26749 43.4138 13.85
      vertex 6.43473 41.2887 13.85
      vertex 6.43473 43.3113 13.85
    endloop
  endfacet
  facet normal 0 0 1
    outer loop
      vertex 6.26749 43.4138 13.85
      vertex 6.26749 41.1862 13.85
      vertex 6.43473 41.2887 13.85
    endloop
  endfacet
  facet normal 0 0 1
    outer loop
      vertex 6.08627 43.4888 13.85
      vertex 6.26749 41.1862 13.85
      vertex 6.26749 43.4138 13.85
    endloop
  endfacet
  facet normal 0 0 1
    outer loop
      vertex 6.08627 43.4888 13.85
      vertex 6.08627 41.1112 13.85
      vertex 6.26749 41.1862 13.85
    endloop
  endfacet
  facet normal 0 0 1
    outer loop
      vertex 5.89554 43.5346 13.85
      vertex 6.08627 41.1112 13.85
      vertex 6.08627 43.4888 13.85
    endloop
  endfacet
  facet normal 0 0 1
    outer loop
      vertex 5.89554 43.5346 13.85
      vertex 5.89554 41.0654 13.85
      vertex 6.08627 41.1112 13.85
    endloop
  endfacet
  facet normal 0 0 1
    outer loop
      vertex 5.7 43.55 13.85
      vertex 5.89554 41.0654 13.85
      vertex 5.89554 43.5346 13.85
    endloop
  endfacet
  facet normal 0 0 1
    outer loop
      vertex 5.7 43.55 13.85
      vertex 5.7 41.05 13.85
      vertex 5.89554 41.0654 13.85
    endloop
  endfacet
  facet normal -0 0 1
    outer loop
      vertex 5.50446 43.5346 13.85
      vertex 5.7 41.05 13.85
      vertex 5.7 43.55 13.85
    endloop
  endfacet
  facet normal 0 0 1
    outer loop
      vertex 5.50446 43.5346 13.85
      vertex 5.50446 41.0654 13.85
      vertex 5.7 41.05 13.85
    endloop
  endfacet
  facet normal -0 0 1
    outer loop
      vertex 5.31373 43.4888 13.85
      vertex 5.50446 41.0654 13.85
      vertex 5.50446 43.5346 13.85
    endloop
  endfacet
  facet normal 0 0 1
    outer loop
      vertex 5.31373 43.4888 13.85
      vertex 5.31373 41.1112 13.85
      vertex 5.50446 41.0654 13.85
    endloop
  endfacet
  facet normal -0 0 1
    outer loop
      vertex 5.13251 43.4138 13.85
      vertex 5.31373 41.1112 13.85
      vertex 5.31373 43.4888 13.85
    endloop
  endfacet
  facet normal 0 0 1
    outer loop
      vertex 5.13251 43.4138 13.85
      vertex 5.13251 41.1862 13.85
      vertex 5.31373 41.1112 13.85
    endloop
  endfacet
  facet normal -0 0 1
    outer loop
      vertex 4.96527 43.3113 13.85
      vertex 5.13251 41.1862 13.85
      vertex 5.13251 43.4138 13.85
    endloop
  endfacet
  facet normal 0 0 1
    outer loop
      vertex 4.96527 43.3113 13.85
      vertex 4.96527 41.2887 13.85
      vertex 5.13251 41.1862 13.85
    endloop
  endfacet
  facet normal -0 0 1
    outer loop
      vertex 4.81612 43.1839 13.85
      vertex 4.96527 41.2887 13.85
      vertex 4.96527 43.3113 13.85
    endloop
  endfacet
  facet normal 0 0 1
    outer loop
      vertex 4.81612 43.1839 13.85
      vertex 4.81612 41.4161 13.85
      vertex 4.96527 41.2887 13.85
    endloop
  endfacet
  facet normal -0 0 1
    outer loop
      vertex 4.68873 43.0347 13.85
      vertex 4.81612 41.4161 13.85
      vertex 4.81612 43.1839 13.85
    endloop
  endfacet
  facet normal 0 0 1
    outer loop
      vertex 4.68873 43.0347 13.85
      vertex 4.68873 41.5653 13.85
      vertex 4.81612 41.4161 13.85
    endloop
  endfacet
  facet normal -0 0 1
    outer loop
      vertex 4.58624 42.8675 13.85
      vertex 4.68873 41.5653 13.85
      vertex 4.68873 43.0347 13.85
    endloop
  endfacet
  facet normal 0 0 1
    outer loop
      vertex 4.58624 42.8675 13.85
      vertex 4.58624 41.7325 13.85
      vertex 4.68873 41.5653 13.85
    endloop
  endfacet
  facet normal -0 0 1
    outer loop
      vertex 4.51118 42.6863 13.85
      vertex 4.58624 41.7325 13.85
      vertex 4.58624 42.8675 13.85
    endloop
  endfacet
  facet normal 0 0 1
    outer loop
      vertex 4.51118 42.6863 13.85
      vertex 4.51118 41.9137 13.85
      vertex 4.58624 41.7325 13.85
    endloop
  endfacet
  facet normal -0 0 1
    outer loop
      vertex 4.46539 42.4955 13.85
      vertex 4.51118 41.9137 13.85
      vertex 4.51118 42.6863 13.85
    endloop
  endfacet
  facet normal 0 0 1
    outer loop
      vertex 4.46539 42.4955 13.85
      vertex 4.46539 42.1045 13.85
      vertex 4.51118 41.9137 13.85
    endloop
  endfacet
  facet normal 0 -0 1
    outer loop
      vertex 4.46539 42.1045 13.85
      vertex 4.46539 42.4955 13.85
      vertex 4.45 42.3 13.85
    endloop
  endfacet
  facet normal 0.852634 0.522508 0
    outer loop
      vertex 6.81376 42.8675 13.85
      vertex 6.71127 43.0347 11.6
      vertex 6.71127 43.0347 13.85
    endloop
  endfacet
  facet normal 0.852634 0.522508 0
    outer loop
      vertex 6.71127 43.0347 11.6
      vertex 6.81376 42.8675 13.85
      vertex 6.81376 42.8675 11.6
    endloop
  endfacet
  facet normal 0.649446 -0.760407 0
    outer loop
      vertex 7.16946 11.6775 1.6
      vertex 7.46777 11.9322 11.6
      vertex 7.16946 11.6775 11.6
    endloop
  endfacet
  facet normal 0.649446 -0.760407 0
    outer loop
      vertex 7.46777 11.9322 11.6
      vertex 7.16946 11.6775 1.6
      vertex 7.46777 11.9322 1.6
    endloop
  endfacet
  facet normal 0.97237 0.233445 0
    outer loop
      vertex 8.16922 14.0911 11.6
      vertex 8.07764 14.4725 1.6
      vertex 8.07764 14.4725 11.6
    endloop
  endfacet
  facet normal 0.97237 0.233445 0
    outer loop
      vertex 8.07764 14.4725 1.6
      vertex 8.16922 14.0911 11.6
      vertex 8.16922 14.0911 1.6
    endloop
  endfacet
  facet normal -0.382683 0.92388 0
    outer loop
      vertex 4.92746 16.0776 1.6
      vertex 4.56502 15.9275 11.6
      vertex 4.92746 16.0776 11.6
    endloop
  endfacet
  facet normal -0.382683 0.92388 0
    outer loop
      vertex 4.56502 15.9275 11.6
      vertex 4.92746 16.0776 1.6
      vertex 4.56502 15.9275 1.6
    endloop
  endfacet
  facet normal -0.382683 -0.92388 0
    outer loop
      vertex 4.56502 11.4725 1.6
      vertex 4.92746 11.3224 11.6
      vertex 4.56502 11.4725 11.6
    endloop
  endfacet
  facet normal -0.382683 -0.92388 -0
    outer loop
      vertex 4.92746 11.3224 11.6
      vertex 4.56502 11.4725 1.6
      vertex 4.92746 11.3224 1.6
    endloop
  endfacet
  facet normal -0.85264 -0.522499 0
    outer loop
      vertex 3.67746 12.2305 1.6
      vertex 3.47248 12.565 11.6
      vertex 3.47248 12.565 1.6
    endloop
  endfacet
  facet normal -0.85264 -0.522499 0
    outer loop
      vertex 3.47248 12.565 11.6
      vertex 3.67746 12.2305 1.6
      vertex 3.67746 12.2305 11.6
    endloop
  endfacet
  facet normal 0.649446 0.760407 -0
    outer loop
      vertex 7.46777 15.4678 1.6
      vertex 7.16946 15.7225 11.6
      vertex 7.46777 15.4678 11.6
    endloop
  endfacet
  facet normal 0.649446 0.760407 0
    outer loop
      vertex 7.16946 15.7225 11.6
      vertex 7.46777 15.4678 1.6
      vertex 7.16946 15.7225 1.6
    endloop
  endfacet
  facet normal 0.97237 -0.233445 0
    outer loop
      vertex 8.07764 12.9275 11.6
      vertex 8.16922 13.3089 1.6
      vertex 8.16922 13.3089 11.6
    endloop
  endfacet
  facet normal 0.97237 -0.233445 0
    outer loop
      vertex 8.16922 13.3089 1.6
      vertex 8.07764 12.9275 11.6
      vertex 8.07764 12.9275 1.6
    endloop
  endfacet
  facet normal 0.92388 -0.382683 0
    outer loop
      vertex 7.92752 12.565 11.6
      vertex 8.07764 12.9275 1.6
      vertex 8.07764 12.9275 11.6
    endloop
  endfacet
  facet normal 0.92388 -0.382683 0
    outer loop
      vertex 8.07764 12.9275 1.6
      vertex 7.92752 12.565 11.6
      vertex 7.92752 12.565 1.6
    endloop
  endfacet
  facet normal 0.85264 -0.522499 0
    outer loop
      vertex 7.72254 12.2305 11.6
      vertex 7.92752 12.565 1.6
      vertex 7.92752 12.565 11.6
    endloop
  endfacet
  facet normal 0.85264 -0.522499 0
    outer loop
      vertex 7.92752 12.565 1.6
      vertex 7.72254 12.2305 11.6
      vertex 7.72254 12.2305 1.6
    endloop
  endfacet
  facet normal 0.760407 -0.649446 0
    outer loop
      vertex 7.46777 11.9322 11.6
      vertex 7.72254 12.2305 1.6
      vertex 7.72254 12.2305 11.6
    endloop
  endfacet
  facet normal 0.760407 -0.649446 0
    outer loop
      vertex 7.72254 12.2305 1.6
      vertex 7.46777 11.9322 11.6
      vertex 7.46777 11.9322 1.6
    endloop
  endfacet
  facet normal 0.522499 -0.85264 0
    outer loop
      vertex 6.83498 11.4725 1.6
      vertex 7.16946 11.6775 11.6
      vertex 6.83498 11.4725 11.6
    endloop
  endfacet
  facet normal 0.522499 -0.85264 0
    outer loop
      vertex 7.16946 11.6775 11.6
      vertex 6.83498 11.4725 1.6
      vertex 7.16946 11.6775 1.6
    endloop
  endfacet
  facet normal 0.233445 -0.97237 0
    outer loop
      vertex 6.09109 11.2308 1.6
      vertex 6.47254 11.3224 11.6
      vertex 6.09109 11.2308 11.6
    endloop
  endfacet
  facet normal 0.233445 -0.97237 0
    outer loop
      vertex 6.47254 11.3224 11.6
      vertex 6.09109 11.2308 1.6
      vertex 6.47254 11.3224 1.6
    endloop
  endfacet
  facet normal -0.97237 -0.233445 0
    outer loop
      vertex 3.32236 12.9275 1.6
      vertex 3.23078 13.3089 11.6
      vertex 3.23078 13.3089 1.6
    endloop
  endfacet
  facet normal -0.97237 -0.233445 0
    outer loop
      vertex 3.23078 13.3089 11.6
      vertex 3.32236 12.9275 1.6
      vertex 3.32236 12.9275 11.6
    endloop
  endfacet
  facet normal -0.760407 -0.649446 0
    outer loop
      vertex 3.93223 11.9322 1.6
      vertex 3.67746 12.2305 11.6
      vertex 3.67746 12.2305 1.6
    endloop
  endfacet
  facet normal -0.760407 -0.649446 0
    outer loop
      vertex 3.67746 12.2305 11.6
      vertex 3.93223 11.9322 1.6
      vertex 3.93223 11.9322 11.6
    endloop
  endfacet
  facet normal -0.522499 -0.85264 0
    outer loop
      vertex 4.23054 11.6775 1.6
      vertex 4.56502 11.4725 11.6
      vertex 4.23054 11.6775 11.6
    endloop
  endfacet
  facet normal -0.522499 -0.85264 -0
    outer loop
      vertex 4.56502 11.4725 11.6
      vertex 4.23054 11.6775 1.6
      vertex 4.56502 11.4725 1.6
    endloop
  endfacet
  facet normal -0.233445 -0.97237 0
    outer loop
      vertex 4.92746 11.3224 1.6
      vertex 5.30891 11.2308 11.6
      vertex 4.92746 11.3224 11.6
    endloop
  endfacet
  facet normal -0.233445 -0.97237 -0
    outer loop
      vertex 5.30891 11.2308 11.6
      vertex 4.92746 11.3224 1.6
      vertex 5.30891 11.2308 1.6
    endloop
  endfacet
  facet normal -0.649447 -0.760407 0
    outer loop
      vertex 3.93223 11.9322 1.6
      vertex 4.23054 11.6775 11.6
      vertex 3.93223 11.9322 11.6
    endloop
  endfacet
  facet normal -0.649447 -0.760407 -0
    outer loop
      vertex 4.23054 11.6775 11.6
      vertex 3.93223 11.9322 1.6
      vertex 4.23054 11.6775 1.6
    endloop
  endfacet
  facet normal 0.996917 -0.078461 0
    outer loop
      vertex 8.16922 13.3089 11.6
      vertex 8.2 13.7 1.6
      vertex 8.2 13.7 11.6
    endloop
  endfacet
  facet normal 0.996917 -0.078461 0
    outer loop
      vertex 8.2 13.7 1.6
      vertex 8.16922 13.3089 11.6
      vertex 8.16922 13.3089 1.6
    endloop
  endfacet
  facet normal 0.760407 0.649446 0
    outer loop
      vertex 7.72254 15.1695 11.6
      vertex 7.46777 15.4678 1.6
      vertex 7.46777 15.4678 11.6
    endloop
  endfacet
  facet normal 0.760407 0.649446 0
    outer loop
      vertex 7.46777 15.4678 1.6
      vertex 7.72254 15.1695 11.6
      vertex 7.72254 15.1695 1.6
    endloop
  endfacet
  facet normal 0.92388 0.382683 0
    outer loop
      vertex 8.07764 14.4725 11.6
      vertex 7.92752 14.835 1.6
      vertex 7.92752 14.835 11.6
    endloop
  endfacet
  facet normal 0.92388 0.382683 0
    outer loop
      vertex 7.92752 14.835 1.6
      vertex 8.07764 14.4725 11.6
      vertex 8.07764 14.4725 1.6
    endloop
  endfacet
  facet normal 0.382683 0.92388 -0
    outer loop
      vertex 6.83498 15.9275 1.6
      vertex 6.47254 16.0776 11.6
      vertex 6.83498 15.9275 11.6
    endloop
  endfacet
  facet normal 0.382683 0.92388 0
    outer loop
      vertex 6.47254 16.0776 11.6
      vertex 6.83498 15.9275 1.6
      vertex 6.47254 16.0776 1.6
    endloop
  endfacet
  facet normal 0.522499 0.85264 -0
    outer loop
      vertex 7.16946 15.7225 1.6
      vertex 6.83498 15.9275 11.6
      vertex 7.16946 15.7225 11.6
    endloop
  endfacet
  facet normal 0.522499 0.85264 0
    outer loop
      vertex 6.83498 15.9275 11.6
      vertex 7.16946 15.7225 1.6
      vertex 6.83498 15.9275 1.6
    endloop
  endfacet
  facet normal -0.233445 0.97237 0
    outer loop
      vertex 5.30891 16.1692 1.6
      vertex 4.92746 16.0776 11.6
      vertex 5.30891 16.1692 11.6
    endloop
  endfacet
  facet normal -0.233445 0.97237 0
    outer loop
      vertex 4.92746 16.0776 11.6
      vertex 5.30891 16.1692 1.6
      vertex 4.92746 16.0776 1.6
    endloop
  endfacet
  facet normal -0.649447 0.760407 0
    outer loop
      vertex 4.23054 15.7225 1.6
      vertex 3.93223 15.4678 11.6
      vertex 4.23054 15.7225 11.6
    endloop
  endfacet
  facet normal -0.649447 0.760407 0
    outer loop
      vertex 3.93223 15.4678 11.6
      vertex 4.23054 15.7225 1.6
      vertex 3.93223 15.4678 1.6
    endloop
  endfacet
  facet normal -0.85264 0.522499 0
    outer loop
      vertex 3.47248 14.835 1.6
      vertex 3.67746 15.1695 11.6
      vertex 3.67746 15.1695 1.6
    endloop
  endfacet
  facet normal -0.85264 0.522499 0
    outer loop
      vertex 3.67746 15.1695 11.6
      vertex 3.47248 14.835 1.6
      vertex 3.47248 14.835 11.6
    endloop
  endfacet
  facet normal -0.97237 0.233445 0
    outer loop
      vertex 3.23078 14.0911 1.6
      vertex 3.32236 14.4725 11.6
      vertex 3.32236 14.4725 1.6
    endloop
  endfacet
  facet normal -0.97237 0.233445 0
    outer loop
      vertex 3.32236 14.4725 11.6
      vertex 3.23078 14.0911 1.6
      vertex 3.23078 14.0911 11.6
    endloop
  endfacet
  facet normal 0.078461 -0.996917 0
    outer loop
      vertex 5.7 11.2 1.6
      vertex 6.09109 11.2308 11.6
      vertex 5.7 11.2 11.6
    endloop
  endfacet
  facet normal 0.078461 -0.996917 0
    outer loop
      vertex 6.09109 11.2308 11.6
      vertex 5.7 11.2 1.6
      vertex 6.09109 11.2308 1.6
    endloop
  endfacet
  facet normal 0.382683 -0.92388 0
    outer loop
      vertex 6.47254 11.3224 1.6
      vertex 6.83498 11.4725 11.6
      vertex 6.47254 11.3224 11.6
    endloop
  endfacet
  facet normal 0.382683 -0.92388 0
    outer loop
      vertex 6.83498 11.4725 11.6
      vertex 6.47254 11.3224 1.6
      vertex 6.83498 11.4725 1.6
    endloop
  endfacet
  facet normal -0.996917 -0.078461 0
    outer loop
      vertex 3.23078 13.3089 1.6
      vertex 3.2 13.7 11.6
      vertex 3.2 13.7 1.6
    endloop
  endfacet
  facet normal -0.996917 -0.078461 0
    outer loop
      vertex 3.2 13.7 11.6
      vertex 3.23078 13.3089 1.6
      vertex 3.23078 13.3089 11.6
    endloop
  endfacet
  facet normal -0.92388 -0.382683 0
    outer loop
      vertex 3.47248 12.565 1.6
      vertex 3.32236 12.9275 11.6
      vertex 3.32236 12.9275 1.6
    endloop
  endfacet
  facet normal -0.92388 -0.382683 0
    outer loop
      vertex 3.32236 12.9275 11.6
      vertex 3.47248 12.565 1.6
      vertex 3.47248 12.565 11.6
    endloop
  endfacet
  facet normal -0.078461 -0.996917 0
    outer loop
      vertex 5.30891 11.2308 1.6
      vertex 5.7 11.2 11.6
      vertex 5.30891 11.2308 11.6
    endloop
  endfacet
  facet normal -0.078461 -0.996917 -0
    outer loop
      vertex 5.7 11.2 11.6
      vertex 5.30891 11.2308 1.6
      vertex 5.7 11.2 1.6
    endloop
  endfacet
  facet normal 0.996917 0.078461 0
    outer loop
      vertex 8.2 13.7 11.6
      vertex 8.16922 14.0911 1.6
      vertex 8.16922 14.0911 11.6
    endloop
  endfacet
  facet normal 0.996917 0.078461 0
    outer loop
      vertex 8.16922 14.0911 1.6
      vertex 8.2 13.7 11.6
      vertex 8.2 13.7 1.6
    endloop
  endfacet
  facet normal 0.0784634 0.996917 -0
    outer loop
      vertex 6.09109 16.1692 1.6
      vertex 5.7 16.2 11.6
      vertex 6.09109 16.1692 11.6
    endloop
  endfacet
  facet normal 0.0784634 0.996917 0
    outer loop
      vertex 5.7 16.2 11.6
      vertex 6.09109 16.1692 1.6
      vertex 5.7 16.2 1.6
    endloop
  endfacet
  facet normal 0.233445 0.97237 -0
    outer loop
      vertex 6.47254 16.0776 1.6
      vertex 6.09109 16.1692 11.6
      vertex 6.47254 16.0776 11.6
    endloop
  endfacet
  facet normal 0.233445 0.97237 0
    outer loop
      vertex 6.09109 16.1692 11.6
      vertex 6.47254 16.0776 1.6
      vertex 6.09109 16.1692 1.6
    endloop
  endfacet
  facet normal -0.0784634 0.996917 0
    outer loop
      vertex 5.7 16.2 1.6
      vertex 5.30891 16.1692 11.6
      vertex 5.7 16.2 11.6
    endloop
  endfacet
  facet normal -0.0784634 0.996917 0
    outer loop
      vertex 5.30891 16.1692 11.6
      vertex 5.7 16.2 1.6
      vertex 5.30891 16.1692 1.6
    endloop
  endfacet
  facet normal -0.522499 0.85264 0
    outer loop
      vertex 4.56502 15.9275 1.6
      vertex 4.23054 15.7225 11.6
      vertex 4.56502 15.9275 11.6
    endloop
  endfacet
  facet normal -0.522499 0.85264 0
    outer loop
      vertex 4.23054 15.7225 11.6
      vertex 4.56502 15.9275 1.6
      vertex 4.23054 15.7225 1.6
    endloop
  endfacet
  facet normal -0.92388 0.382683 0
    outer loop
      vertex 3.32236 14.4725 1.6
      vertex 3.47248 14.835 11.6
      vertex 3.47248 14.835 1.6
    endloop
  endfacet
  facet normal -0.92388 0.382683 0
    outer loop
      vertex 3.47248 14.835 11.6
      vertex 3.32236 14.4725 1.6
      vertex 3.32236 14.4725 11.6
    endloop
  endfacet
  facet normal -0.996917 0.078461 0
    outer loop
      vertex 3.2 13.7 1.6
      vertex 3.23078 14.0911 11.6
      vertex 3.23078 14.0911 1.6
    endloop
  endfacet
  facet normal -0.996917 0.078461 0
    outer loop
      vertex 3.23078 14.0911 11.6
      vertex 3.2 13.7 1.6
      vertex 3.2 13.7 11.6
    endloop
  endfacet
  facet normal 0 0 1
    outer loop
      vertex 6.95 13.7 11.6
      vertex 8.2 13.7 11.6
      vertex 8.16922 14.0911 11.6
    endloop
  endfacet
  facet normal 0 0 1
    outer loop
      vertex 6.93461 13.8955 11.6
      vertex 8.16922 14.0911 11.6
      vertex 8.07764 14.4725 11.6
    endloop
  endfacet
  facet normal 0 0 1
    outer loop
      vertex 8.2 13.7 11.6
      vertex 6.95 13.7 11.6
      vertex 8.16922 13.3089 11.6
    endloop
  endfacet
  facet normal 0 0 1
    outer loop
      vertex 6.88882 14.0863 11.6
      vertex 8.07764 14.4725 11.6
      vertex 7.92752 14.835 11.6
    endloop
  endfacet
  facet normal -0 0 1
    outer loop
      vertex 6.93461 13.5045 11.6
      vertex 8.16922 13.3089 11.6
      vertex 6.95 13.7 11.6
    endloop
  endfacet
  facet normal 0 0 1
    outer loop
      vertex 6.81376 14.2675 11.6
      vertex 7.92752 14.835 11.6
      vertex 7.72254 15.1695 11.6
    endloop
  endfacet
  facet normal 0 0 1
    outer loop
      vertex 8.16922 13.3089 11.6
      vertex 6.93461 13.5045 11.6
      vertex 8.07764 12.9275 11.6
    endloop
  endfacet
  facet normal 0 0 1
    outer loop
      vertex 6.71127 14.4347 11.6
      vertex 7.72254 15.1695 11.6
      vertex 7.46777 15.4678 11.6
    endloop
  endfacet
  facet normal -0 0 1
    outer loop
      vertex 6.88882 13.3137 11.6
      vertex 8.07764 12.9275 11.6
      vertex 6.93461 13.5045 11.6
    endloop
  endfacet
  facet normal 0 0 1
    outer loop
      vertex 6.58388 14.5839 11.6
      vertex 7.46777 15.4678 11.6
      vertex 7.16946 15.7225 11.6
    endloop
  endfacet
  facet normal 0 0 1
    outer loop
      vertex 8.07764 12.9275 11.6
      vertex 6.88882 13.3137 11.6
      vertex 7.92752 12.565 11.6
    endloop
  endfacet
  facet normal -0 0 1
    outer loop
      vertex 6.81376 13.1325 11.6
      vertex 7.92752 12.565 11.6
      vertex 6.88882 13.3137 11.6
    endloop
  endfacet
  facet normal 0 0 1
    outer loop
      vertex 8.16922 14.0911 11.6
      vertex 6.93461 13.8955 11.6
      vertex 6.95 13.7 11.6
    endloop
  endfacet
  facet normal 0 0 1
    outer loop
      vertex 8.07764 14.4725 11.6
      vertex 6.88882 14.0863 11.6
      vertex 6.93461 13.8955 11.6
    endloop
  endfacet
  facet normal 0 0 1
    outer loop
      vertex 6.43473 14.7113 11.6
      vertex 7.16946 15.7225 11.6
      vertex 6.83498 15.9275 11.6
    endloop
  endfacet
  facet normal 0 0 1
    outer loop
      vertex 7.92752 14.835 11.6
      vertex 6.81376 14.2675 11.6
      vertex 6.88882 14.0863 11.6
    endloop
  endfacet
  facet normal 0 0 1
    outer loop
      vertex 7.72254 15.1695 11.6
      vertex 6.71127 14.4347 11.6
      vertex 6.81376 14.2675 11.6
    endloop
  endfacet
  facet normal 0 0 1
    outer loop
      vertex 7.46777 15.4678 11.6
      vertex 6.58388 14.5839 11.6
      vertex 6.71127 14.4347 11.6
    endloop
  endfacet
  facet normal 0 0 1
    outer loop
      vertex 6.26749 14.8138 11.6
      vertex 6.83498 15.9275 11.6
      vertex 6.47254 16.0776 11.6
    endloop
  endfacet
  facet normal 0 0 1
    outer loop
      vertex 7.16946 15.7225 11.6
      vertex 6.43473 14.7113 11.6
      vertex 6.58388 14.5839 11.6
    endloop
  endfacet
  facet normal 0 0 1
    outer loop
      vertex 6.83498 15.9275 11.6
      vertex 6.26749 14.8138 11.6
      vertex 6.43473 14.7113 11.6
    endloop
  endfacet
  facet normal 0 0 1
    outer loop
      vertex 6.08627 14.8888 11.6
      vertex 6.47254 16.0776 11.6
      vertex 6.09109 16.1692 11.6
    endloop
  endfacet
  facet normal 0 0 1
    outer loop
      vertex 6.47254 16.0776 11.6
      vertex 6.08627 14.8888 11.6
      vertex 6.26749 14.8138 11.6
    endloop
  endfacet
  facet normal 0 0 1
    outer loop
      vertex 6.09109 16.1692 11.6
      vertex 5.89554 14.9346 11.6
      vertex 6.08627 14.8888 11.6
    endloop
  endfacet
  facet normal 0 0 1
    outer loop
      vertex 5.7 16.2 11.6
      vertex 5.89554 14.9346 11.6
      vertex 6.09109 16.1692 11.6
    endloop
  endfacet
  facet normal 0 0 1
    outer loop
      vertex 5.7 16.2 11.6
      vertex 5.7 14.95 11.6
      vertex 5.89554 14.9346 11.6
    endloop
  endfacet
  facet normal 0 0 1
    outer loop
      vertex 5.7 16.2 11.6
      vertex 5.50446 14.9346 11.6
      vertex 5.7 14.95 11.6
    endloop
  endfacet
  facet normal -0 0 1
    outer loop
      vertex 5.30891 16.1692 11.6
      vertex 5.50446 14.9346 11.6
      vertex 5.7 16.2 11.6
    endloop
  endfacet
  facet normal 0 0 1
    outer loop
      vertex 5.50446 14.9346 11.6
      vertex 5.30891 16.1692 11.6
      vertex 5.31373 14.8888 11.6
    endloop
  endfacet
  facet normal -0 0 1
    outer loop
      vertex 4.92746 16.0776 11.6
      vertex 5.31373 14.8888 11.6
      vertex 5.30891 16.1692 11.6
    endloop
  endfacet
  facet normal 0 0 1
    outer loop
      vertex 5.31373 14.8888 11.6
      vertex 4.92746 16.0776 11.6
      vertex 5.13251 14.8138 11.6
    endloop
  endfacet
  facet normal -0 0 1
    outer loop
      vertex 4.56502 15.9275 11.6
      vertex 5.13251 14.8138 11.6
      vertex 4.92746 16.0776 11.6
    endloop
  endfacet
  facet normal 0 0 1
    outer loop
      vertex 5.13251 14.8138 11.6
      vertex 4.56502 15.9275 11.6
      vertex 4.96527 14.7113 11.6
    endloop
  endfacet
  facet normal -0 0 1
    outer loop
      vertex 4.23054 15.7225 11.6
      vertex 4.96527 14.7113 11.6
      vertex 4.56502 15.9275 11.6
    endloop
  endfacet
  facet normal 0 0 1
    outer loop
      vertex 4.96527 14.7113 11.6
      vertex 4.23054 15.7225 11.6
      vertex 4.81612 14.5839 11.6
    endloop
  endfacet
  facet normal -0 0 1
    outer loop
      vertex 3.93223 15.4678 11.6
      vertex 4.81612 14.5839 11.6
      vertex 4.23054 15.7225 11.6
    endloop
  endfacet
  facet normal 0 0 1
    outer loop
      vertex 4.81612 14.5839 11.6
      vertex 3.93223 15.4678 11.6
      vertex 4.68873 14.4347 11.6
    endloop
  endfacet
  facet normal -0 0 1
    outer loop
      vertex 3.67746 15.1695 11.6
      vertex 4.68873 14.4347 11.6
      vertex 3.93223 15.4678 11.6
    endloop
  endfacet
  facet normal 0 0 1
    outer loop
      vertex 4.68873 14.4347 11.6
      vertex 3.67746 15.1695 11.6
      vertex 4.58624 14.2675 11.6
    endloop
  endfacet
  facet normal -0 0 1
    outer loop
      vertex 3.47248 14.835 11.6
      vertex 4.58624 14.2675 11.6
      vertex 3.67746 15.1695 11.6
    endloop
  endfacet
  facet normal 0 0 1
    outer loop
      vertex 7.92752 12.565 11.6
      vertex 6.81376 13.1325 11.6
      vertex 7.72254 12.2305 11.6
    endloop
  endfacet
  facet normal -0 0 1
    outer loop
      vertex 6.71127 12.9653 11.6
      vertex 7.72254 12.2305 11.6
      vertex 6.81376 13.1325 11.6
    endloop
  endfacet
  facet normal 0 0 1
    outer loop
      vertex 7.72254 12.2305 11.6
      vertex 6.71127 12.9653 11.6
      vertex 7.46777 11.9322 11.6
    endloop
  endfacet
  facet normal -0 0 1
    outer loop
      vertex 6.58388 12.8161 11.6
      vertex 7.46777 11.9322 11.6
      vertex 6.71127 12.9653 11.6
    endloop
  endfacet
  facet normal 0 0 1
    outer loop
      vertex 7.46777 11.9322 11.6
      vertex 6.58388 12.8161 11.6
      vertex 7.16946 11.6775 11.6
    endloop
  endfacet
  facet normal -0 0 1
    outer loop
      vertex 6.43473 12.6887 11.6
      vertex 7.16946 11.6775 11.6
      vertex 6.58388 12.8161 11.6
    endloop
  endfacet
  facet normal 0 0 1
    outer loop
      vertex 7.16946 11.6775 11.6
      vertex 6.43473 12.6887 11.6
      vertex 6.83498 11.4725 11.6
    endloop
  endfacet
  facet normal -0 0 1
    outer loop
      vertex 6.26749 12.5862 11.6
      vertex 6.83498 11.4725 11.6
      vertex 6.43473 12.6887 11.6
    endloop
  endfacet
  facet normal 0 0 1
    outer loop
      vertex 6.83498 11.4725 11.6
      vertex 6.26749 12.5862 11.6
      vertex 6.47254 11.3224 11.6
    endloop
  endfacet
  facet normal -0 0 1
    outer loop
      vertex 6.08627 12.5112 11.6
      vertex 6.47254 11.3224 11.6
      vertex 6.26749 12.5862 11.6
    endloop
  endfacet
  facet normal 0 0 1
    outer loop
      vertex 6.47254 11.3224 11.6
      vertex 6.08627 12.5112 11.6
      vertex 6.09109 11.2308 11.6
    endloop
  endfacet
  facet normal -0 0 1
    outer loop
      vertex 5.89554 12.4654 11.6
      vertex 6.09109 11.2308 11.6
      vertex 6.08627 12.5112 11.6
    endloop
  endfacet
  facet normal -0 0 1
    outer loop
      vertex 5.7 12.45 11.6
      vertex 6.09109 11.2308 11.6
      vertex 5.89554 12.4654 11.6
    endloop
  endfacet
  facet normal 0 0 1
    outer loop
      vertex 5.7 12.45 11.6
      vertex 5.7 11.2 11.6
      vertex 6.09109 11.2308 11.6
    endloop
  endfacet
  facet normal 0 0 1
    outer loop
      vertex 5.50446 12.4654 11.6
      vertex 5.7 11.2 11.6
      vertex 5.7 12.45 11.6
    endloop
  endfacet
  facet normal 0 0 1
    outer loop
      vertex 5.30891 11.2308 11.6
      vertex 5.50446 12.4654 11.6
      vertex 5.31373 12.5112 11.6
    endloop
  endfacet
  facet normal 0 0 1
    outer loop
      vertex 5.50446 12.4654 11.6
      vertex 5.30891 11.2308 11.6
      vertex 5.7 11.2 11.6
    endloop
  endfacet
  facet normal 0 0 1
    outer loop
      vertex 4.92746 11.3224 11.6
      vertex 5.31373 12.5112 11.6
      vertex 5.13251 12.5862 11.6
    endloop
  endfacet
  facet normal 0 0 1
    outer loop
      vertex 4.56502 11.4725 11.6
      vertex 5.13251 12.5862 11.6
      vertex 4.96527 12.6887 11.6
    endloop
  endfacet
  facet normal 0 0 1
    outer loop
      vertex 5.31373 12.5112 11.6
      vertex 4.92746 11.3224 11.6
      vertex 5.30891 11.2308 11.6
    endloop
  endfacet
  facet normal 0 0 1
    outer loop
      vertex 4.23054 11.6775 11.6
      vertex 4.96527 12.6887 11.6
      vertex 4.81612 12.8161 11.6
    endloop
  endfacet
  facet normal 0 0 1
    outer loop
      vertex 3.93223 11.9322 11.6
      vertex 4.81612 12.8161 11.6
      vertex 4.68873 12.9653 11.6
    endloop
  endfacet
  facet normal 0 0 1
    outer loop
      vertex 3.67746 12.2305 11.6
      vertex 4.68873 12.9653 11.6
      vertex 4.58624 13.1325 11.6
    endloop
  endfacet
  facet normal 0 0 1
    outer loop
      vertex 5.13251 12.5862 11.6
      vertex 4.56502 11.4725 11.6
      vertex 4.92746 11.3224 11.6
    endloop
  endfacet
  facet normal 0 0 1
    outer loop
      vertex 3.47248 12.565 11.6
      vertex 4.58624 13.1325 11.6
      vertex 4.51118 13.3137 11.6
    endloop
  endfacet
  facet normal 0 0 1
    outer loop
      vertex 3.32236 12.9275 11.6
      vertex 4.51118 13.3137 11.6
      vertex 4.46539 13.5045 11.6
    endloop
  endfacet
  facet normal 0 0 1
    outer loop
      vertex 3.23078 13.3089 11.6
      vertex 4.46539 13.5045 11.6
      vertex 4.45 13.7 11.6
    endloop
  endfacet
  facet normal 0 0 1
    outer loop
      vertex 4.58624 14.2675 11.6
      vertex 3.47248 14.835 11.6
      vertex 4.51118 14.0863 11.6
    endloop
  endfacet
  facet normal 0 0 1
    outer loop
      vertex 4.96527 12.6887 11.6
      vertex 4.23054 11.6775 11.6
      vertex 4.56502 11.4725 11.6
    endloop
  endfacet
  facet normal -0 0 1
    outer loop
      vertex 3.32236 14.4725 11.6
      vertex 4.51118 14.0863 11.6
      vertex 3.47248 14.835 11.6
    endloop
  endfacet
  facet normal 0 0 1
    outer loop
      vertex 4.81612 12.8161 11.6
      vertex 3.93223 11.9322 11.6
      vertex 4.23054 11.6775 11.6
    endloop
  endfacet
  facet normal 0 0 1
    outer loop
      vertex 4.51118 14.0863 11.6
      vertex 3.32236 14.4725 11.6
      vertex 4.46539 13.8955 11.6
    endloop
  endfacet
  facet normal 0 0 1
    outer loop
      vertex 4.68873 12.9653 11.6
      vertex 3.67746 12.2305 11.6
      vertex 3.93223 11.9322 11.6
    endloop
  endfacet
  facet normal -0 0 1
    outer loop
      vertex 3.23078 14.0911 11.6
      vertex 4.46539 13.8955 11.6
      vertex 3.32236 14.4725 11.6
    endloop
  endfacet
  facet normal 0 0 1
    outer loop
      vertex 4.58624 13.1325 11.6
      vertex 3.47248 12.565 11.6
      vertex 3.67746 12.2305 11.6
    endloop
  endfacet
  facet normal 0 0 1
    outer loop
      vertex 4.46539 13.8955 11.6
      vertex 3.23078 14.0911 11.6
      vertex 4.45 13.7 11.6
    endloop
  endfacet
  facet normal 0 0 1
    outer loop
      vertex 4.51118 13.3137 11.6
      vertex 3.32236 12.9275 11.6
      vertex 3.47248 12.565 11.6
    endloop
  endfacet
  facet normal 0 0 1
    outer loop
      vertex 3.2 13.7 11.6
      vertex 4.45 13.7 11.6
      vertex 3.23078 14.0911 11.6
    endloop
  endfacet
  facet normal 0 0 1
    outer loop
      vertex 4.46539 13.5045 11.6
      vertex 3.23078 13.3089 11.6
      vertex 3.32236 12.9275 11.6
    endloop
  endfacet
  facet normal 0 0 1
    outer loop
      vertex 4.45 13.7 11.6
      vertex 3.2 13.7 11.6
      vertex 3.23078 13.3089 11.6
    endloop
  endfacet
  facet normal -0.760407 0.649446 0
    outer loop
      vertex 3.67746 15.1695 1.6
      vertex 3.93223 15.4678 11.6
      vertex 3.93223 15.4678 1.6
    endloop
  endfacet
  facet normal -0.760407 0.649446 0
    outer loop
      vertex 3.93223 15.4678 11.6
      vertex 3.67746 15.1695 1.6
      vertex 3.67746 15.1695 11.6
    endloop
  endfacet
  facet normal 0.85264 0.522499 0
    outer loop
      vertex 7.92752 14.835 11.6
      vertex 7.72254 15.1695 1.6
      vertex 7.72254 15.1695 11.6
    endloop
  endfacet
  facet normal 0.85264 0.522499 0
    outer loop
      vertex 7.72254 15.1695 1.6
      vertex 7.92752 14.835 11.6
      vertex 7.92752 14.835 1.6
    endloop
  endfacet
  facet normal 0.649444 -0.76041 0
    outer loop
      vertex 6.43473 12.6887 11.6
      vertex 6.58388 12.8161 13.85
      vertex 6.43473 12.6887 13.85
    endloop
  endfacet
  facet normal 0.649444 -0.76041 0
    outer loop
      vertex 6.58388 12.8161 13.85
      vertex 6.43473 12.6887 11.6
      vertex 6.58388 12.8161 11.6
    endloop
  endfacet
  facet normal 0.97237 0.233445 0
    outer loop
      vertex 6.93461 13.8955 13.85
      vertex 6.88882 14.0863 11.6
      vertex 6.88882 14.0863 13.85
    endloop
  endfacet
  facet normal 0.97237 0.233445 0
    outer loop
      vertex 6.88882 14.0863 11.6
      vertex 6.93461 13.8955 13.85
      vertex 6.93461 13.8955 11.6
    endloop
  endfacet
  facet normal -0.38268 0.923881 0
    outer loop
      vertex 5.31373 14.8888 11.6
      vertex 5.13251 14.8138 13.85
      vertex 5.31373 14.8888 13.85
    endloop
  endfacet
  facet normal -0.38268 0.923881 0
    outer loop
      vertex 5.13251 14.8138 13.85
      vertex 5.31373 14.8888 11.6
      vertex 5.13251 14.8138 11.6
    endloop
  endfacet
  facet normal -0.38268 -0.923881 0
    outer loop
      vertex 5.13251 12.5862 11.6
      vertex 5.31373 12.5112 13.85
      vertex 5.13251 12.5862 13.85
    endloop
  endfacet
  facet normal -0.38268 -0.923881 -0
    outer loop
      vertex 5.31373 12.5112 13.85
      vertex 5.13251 12.5862 11.6
      vertex 5.31373 12.5112 11.6
    endloop
  endfacet
  facet normal -0.852638 -0.522502 0
    outer loop
      vertex 4.68873 12.9653 11.6
      vertex 4.58624 13.1325 13.85
      vertex 4.58624 13.1325 11.6
    endloop
  endfacet
  facet normal -0.852638 -0.522502 0
    outer loop
      vertex 4.58624 13.1325 13.85
      vertex 4.68873 12.9653 11.6
      vertex 4.68873 12.9653 13.85
    endloop
  endfacet
  facet normal 0.97237 -0.233445 0
    outer loop
      vertex 6.88882 13.3137 13.85
      vertex 6.93461 13.5045 11.6
      vertex 6.93461 13.5045 13.85
    endloop
  endfacet
  facet normal 0.97237 -0.233445 0
    outer loop
      vertex 6.93461 13.5045 11.6
      vertex 6.88882 13.3137 13.85
      vertex 6.88882 13.3137 11.6
    endloop
  endfacet
  facet normal 0.923881 -0.38268 0
    outer loop
      vertex 6.81376 13.1325 13.85
      vertex 6.88882 13.3137 11.6
      vertex 6.88882 13.3137 13.85
    endloop
  endfacet
  facet normal 0.923881 -0.38268 0
    outer loop
      vertex 6.88882 13.3137 11.6
      vertex 6.81376 13.1325 13.85
      vertex 6.81376 13.1325 11.6
    endloop
  endfacet
  facet normal 0.852638 -0.522502 0
    outer loop
      vertex 6.71127 12.9653 13.85
      vertex 6.81376 13.1325 11.6
      vertex 6.81376 13.1325 13.85
    endloop
  endfacet
  facet normal 0.852638 -0.522502 0
    outer loop
      vertex 6.81376 13.1325 11.6
      vertex 6.71127 12.9653 13.85
      vertex 6.71127 12.9653 11.6
    endloop
  endfacet
  facet normal 0.76041 -0.649444 0
    outer loop
      vertex 6.58388 12.8161 13.85
      vertex 6.71127 12.9653 11.6
      vertex 6.71127 12.9653 13.85
    endloop
  endfacet
  facet normal 0.76041 -0.649444 0
    outer loop
      vertex 6.71127 12.9653 11.6
      vertex 6.58388 12.8161 13.85
      vertex 6.58388 12.8161 11.6
    endloop
  endfacet
  facet normal 0.522502 -0.852638 0
    outer loop
      vertex 6.26749 12.5862 11.6
      vertex 6.43473 12.6887 13.85
      vertex 6.26749 12.5862 13.85
    endloop
  endfacet
  facet normal 0.522502 -0.852638 0
    outer loop
      vertex 6.43473 12.6887 13.85
      vertex 6.26749 12.5862 11.6
      vertex 6.43473 12.6887 11.6
    endloop
  endfacet
  facet normal 0.233445 -0.97237 0
    outer loop
      vertex 5.89554 12.4654 11.6
      vertex 6.08627 12.5112 13.85
      vertex 5.89554 12.4654 13.85
    endloop
  endfacet
  facet normal 0.233445 -0.97237 0
    outer loop
      vertex 6.08627 12.5112 13.85
      vertex 5.89554 12.4654 11.6
      vertex 6.08627 12.5112 11.6
    endloop
  endfacet
  facet normal -0.97237 -0.233445 0
    outer loop
      vertex 4.51118 13.3137 11.6
      vertex 4.46539 13.5045 13.85
      vertex 4.46539 13.5045 11.6
    endloop
  endfacet
  facet normal -0.97237 -0.233445 0
    outer loop
      vertex 4.46539 13.5045 13.85
      vertex 4.51118 13.3137 11.6
      vertex 4.51118 13.3137 13.85
    endloop
  endfacet
  facet normal -0.76041 -0.649444 0
    outer loop
      vertex 4.81612 12.8161 11.6
      vertex 4.68873 12.9653 13.85
      vertex 4.68873 12.9653 11.6
    endloop
  endfacet
  facet normal -0.76041 -0.649444 0
    outer loop
      vertex 4.68873 12.9653 13.85
      vertex 4.81612 12.8161 11.6
      vertex 4.81612 12.8161 13.85
    endloop
  endfacet
  facet normal -0.522502 -0.852638 0
    outer loop
      vertex 4.96527 12.6887 11.6
      vertex 5.13251 12.5862 13.85
      vertex 4.96527 12.6887 13.85
    endloop
  endfacet
  facet normal -0.522502 -0.852638 -0
    outer loop
      vertex 5.13251 12.5862 13.85
      vertex 4.96527 12.6887 11.6
      vertex 5.13251 12.5862 11.6
    endloop
  endfacet
  facet normal -0.233445 -0.97237 0
    outer loop
      vertex 5.31373 12.5112 11.6
      vertex 5.50446 12.4654 13.85
      vertex 5.31373 12.5112 13.85
    endloop
  endfacet
  facet normal -0.233445 -0.97237 -0
    outer loop
      vertex 5.50446 12.4654 13.85
      vertex 5.31373 12.5112 11.6
      vertex 5.50446 12.4654 11.6
    endloop
  endfacet
  facet normal -0.649444 -0.76041 0
    outer loop
      vertex 4.81612 12.8161 11.6
      vertex 4.96527 12.6887 13.85
      vertex 4.81612 12.8161 13.85
    endloop
  endfacet
  facet normal -0.649444 -0.76041 -0
    outer loop
      vertex 4.96527 12.6887 13.85
      vertex 4.81612 12.8161 11.6
      vertex 4.96527 12.6887 11.6
    endloop
  endfacet
  facet normal 0.996917 -0.0784636 0
    outer loop
      vertex 6.93461 13.5045 13.85
      vertex 6.95 13.7 11.6
      vertex 6.95 13.7 13.85
    endloop
  endfacet
  facet normal 0.996917 -0.0784636 0
    outer loop
      vertex 6.95 13.7 11.6
      vertex 6.93461 13.5045 13.85
      vertex 6.93461 13.5045 11.6
    endloop
  endfacet
  facet normal 0.76041 0.649444 0
    outer loop
      vertex 6.71127 14.4347 13.85
      vertex 6.58388 14.5839 11.6
      vertex 6.58388 14.5839 13.85
    endloop
  endfacet
  facet normal 0.76041 0.649444 0
    outer loop
      vertex 6.58388 14.5839 11.6
      vertex 6.71127 14.4347 13.85
      vertex 6.71127 14.4347 11.6
    endloop
  endfacet
  facet normal 0.923881 0.38268 0
    outer loop
      vertex 6.88882 14.0863 13.85
      vertex 6.81376 14.2675 11.6
      vertex 6.81376 14.2675 13.85
    endloop
  endfacet
  facet normal 0.923881 0.38268 0
    outer loop
      vertex 6.81376 14.2675 11.6
      vertex 6.88882 14.0863 13.85
      vertex 6.88882 14.0863 11.6
    endloop
  endfacet
  facet normal 0.38268 0.923881 -0
    outer loop
      vertex 6.26749 14.8138 11.6
      vertex 6.08627 14.8888 13.85
      vertex 6.26749 14.8138 13.85
    endloop
  endfacet
  facet normal 0.38268 0.923881 0
    outer loop
      vertex 6.08627 14.8888 13.85
      vertex 6.26749 14.8138 11.6
      vertex 6.08627 14.8888 11.6
    endloop
  endfacet
  facet normal 0.522502 0.852638 -0
    outer loop
      vertex 6.43473 14.7113 11.6
      vertex 6.26749 14.8138 13.85
      vertex 6.43473 14.7113 13.85
    endloop
  endfacet
  facet normal 0.522502 0.852638 0
    outer loop
      vertex 6.26749 14.8138 13.85
      vertex 6.43473 14.7113 11.6
      vertex 6.26749 14.8138 11.6
    endloop
  endfacet
  facet normal -0.233445 0.97237 0
    outer loop
      vertex 5.50446 14.9346 11.6
      vertex 5.31373 14.8888 13.85
      vertex 5.50446 14.9346 13.85
    endloop
  endfacet
  facet normal -0.233445 0.97237 0
    outer loop
      vertex 5.31373 14.8888 13.85
      vertex 5.50446 14.9346 11.6
      vertex 5.31373 14.8888 11.6
    endloop
  endfacet
  facet normal -0.649444 0.76041 0
    outer loop
      vertex 4.96527 14.7113 11.6
      vertex 4.81612 14.5839 13.85
      vertex 4.96527 14.7113 13.85
    endloop
  endfacet
  facet normal -0.649444 0.76041 0
    outer loop
      vertex 4.81612 14.5839 13.85
      vertex 4.96527 14.7113 11.6
      vertex 4.81612 14.5839 11.6
    endloop
  endfacet
  facet normal -0.852638 0.522502 0
    outer loop
      vertex 4.58624 14.2675 11.6
      vertex 4.68873 14.4347 13.85
      vertex 4.68873 14.4347 11.6
    endloop
  endfacet
  facet normal -0.852638 0.522502 0
    outer loop
      vertex 4.68873 14.4347 13.85
      vertex 4.58624 14.2675 11.6
      vertex 4.58624 14.2675 13.85
    endloop
  endfacet
  facet normal -0.97237 0.233445 0
    outer loop
      vertex 4.46539 13.8955 11.6
      vertex 4.51118 14.0863 13.85
      vertex 4.51118 14.0863 11.6
    endloop
  endfacet
  facet normal -0.97237 0.233445 0
    outer loop
      vertex 4.51118 14.0863 13.85
      vertex 4.46539 13.8955 11.6
      vertex 4.46539 13.8955 13.85
    endloop
  endfacet
  facet normal -0.76041 0.649444 0
    outer loop
      vertex 4.68873 14.4347 11.6
      vertex 4.81612 14.5839 13.85
      vertex 4.81612 14.5839 11.6
    endloop
  endfacet
  facet normal -0.76041 0.649444 0
    outer loop
      vertex 4.81612 14.5839 13.85
      vertex 4.68873 14.4347 11.6
      vertex 4.68873 14.4347 13.85
    endloop
  endfacet
  facet normal 0.0784636 -0.996917 0
    outer loop
      vertex 5.7 12.45 11.6
      vertex 5.89554 12.4654 13.85
      vertex 5.7 12.45 13.85
    endloop
  endfacet
  facet normal 0.0784636 -0.996917 0
    outer loop
      vertex 5.89554 12.4654 13.85
      vertex 5.7 12.45 11.6
      vertex 5.89554 12.4654 11.6
    endloop
  endfacet
  facet normal 0.38268 -0.923881 0
    outer loop
      vertex 6.08627 12.5112 11.6
      vertex 6.26749 12.5862 13.85
      vertex 6.08627 12.5112 13.85
    endloop
  endfacet
  facet normal 0.38268 -0.923881 0
    outer loop
      vertex 6.26749 12.5862 13.85
      vertex 6.08627 12.5112 11.6
      vertex 6.26749 12.5862 11.6
    endloop
  endfacet
  facet normal -0.996917 -0.0784636 0
    outer loop
      vertex 4.46539 13.5045 11.6
      vertex 4.45 13.7 13.85
      vertex 4.45 13.7 11.6
    endloop
  endfacet
  facet normal -0.996917 -0.0784636 0
    outer loop
      vertex 4.45 13.7 13.85
      vertex 4.46539 13.5045 11.6
      vertex 4.46539 13.5045 13.85
    endloop
  endfacet
  facet normal -0.923881 -0.38268 0
    outer loop
      vertex 4.58624 13.1325 11.6
      vertex 4.51118 13.3137 13.85
      vertex 4.51118 13.3137 11.6
    endloop
  endfacet
  facet normal -0.923881 -0.38268 0
    outer loop
      vertex 4.51118 13.3137 13.85
      vertex 4.58624 13.1325 11.6
      vertex 4.58624 13.1325 13.85
    endloop
  endfacet
  facet normal -0.0784636 -0.996917 0
    outer loop
      vertex 5.50446 12.4654 11.6
      vertex 5.7 12.45 13.85
      vertex 5.50446 12.4654 13.85
    endloop
  endfacet
  facet normal -0.0784636 -0.996917 -0
    outer loop
      vertex 5.7 12.45 13.85
      vertex 5.50446 12.4654 11.6
      vertex 5.7 12.45 11.6
    endloop
  endfacet
  facet normal 0.996917 0.0784636 0
    outer loop
      vertex 6.95 13.7 13.85
      vertex 6.93461 13.8955 11.6
      vertex 6.93461 13.8955 13.85
    endloop
  endfacet
  facet normal 0.996917 0.0784636 0
    outer loop
      vertex 6.93461 13.8955 11.6
      vertex 6.95 13.7 13.85
      vertex 6.95 13.7 11.6
    endloop
  endfacet
  facet normal 0.0784636 0.996917 -0
    outer loop
      vertex 5.89554 14.9346 11.6
      vertex 5.7 14.95 13.85
      vertex 5.89554 14.9346 13.85
    endloop
  endfacet
  facet normal 0.0784636 0.996917 0
    outer loop
      vertex 5.7 14.95 13.85
      vertex 5.89554 14.9346 11.6
      vertex 5.7 14.95 11.6
    endloop
  endfacet
  facet normal 0.233445 0.97237 -0
    outer loop
      vertex 6.08627 14.8888 11.6
      vertex 5.89554 14.9346 13.85
      vertex 6.08627 14.8888 13.85
    endloop
  endfacet
  facet normal 0.233445 0.97237 0
    outer loop
      vertex 5.89554 14.9346 13.85
      vertex 6.08627 14.8888 11.6
      vertex 5.89554 14.9346 11.6
    endloop
  endfacet
  facet normal 0.649444 0.76041 -0
    outer loop
      vertex 6.58388 14.5839 11.6
      vertex 6.43473 14.7113 13.85
      vertex 6.58388 14.5839 13.85
    endloop
  endfacet
  facet normal 0.649444 0.76041 0
    outer loop
      vertex 6.43473 14.7113 13.85
      vertex 6.58388 14.5839 11.6
      vertex 6.43473 14.7113 11.6
    endloop
  endfacet
  facet normal -0.0784636 0.996917 0
    outer loop
      vertex 5.7 14.95 11.6
      vertex 5.50446 14.9346 13.85
      vertex 5.7 14.95 13.85
    endloop
  endfacet
  facet normal -0.0784636 0.996917 0
    outer loop
      vertex 5.50446 14.9346 13.85
      vertex 5.7 14.95 11.6
      vertex 5.50446 14.9346 11.6
    endloop
  endfacet
  facet normal -0.522502 0.852638 0
    outer loop
      vertex 5.13251 14.8138 11.6
      vertex 4.96527 14.7113 13.85
      vertex 5.13251 14.8138 13.85
    endloop
  endfacet
  facet normal -0.522502 0.852638 0
    outer loop
      vertex 4.96527 14.7113 13.85
      vertex 5.13251 14.8138 11.6
      vertex 4.96527 14.7113 11.6
    endloop
  endfacet
  facet normal -0.923881 0.38268 0
    outer loop
      vertex 4.51118 14.0863 11.6
      vertex 4.58624 14.2675 13.85
      vertex 4.58624 14.2675 11.6
    endloop
  endfacet
  facet normal -0.923881 0.38268 0
    outer loop
      vertex 4.58624 14.2675 13.85
      vertex 4.51118 14.0863 11.6
      vertex 4.51118 14.0863 13.85
    endloop
  endfacet
  facet normal -0.996917 0.0784636 0
    outer loop
      vertex 4.45 13.7 11.6
      vertex 4.46539 13.8955 13.85
      vertex 4.46539 13.8955 11.6
    endloop
  endfacet
  facet normal -0.996917 0.0784636 0
    outer loop
      vertex 4.46539 13.8955 13.85
      vertex 4.45 13.7 11.6
      vertex 4.45 13.7 13.85
    endloop
  endfacet
  facet normal 0 0 1
    outer loop
      vertex 6.93461 13.8955 13.85
      vertex 6.93461 13.5045 13.85
      vertex 6.95 13.7 13.85
    endloop
  endfacet
  facet normal 0 0 1
    outer loop
      vertex 6.88882 14.0863 13.85
      vertex 6.93461 13.5045 13.85
      vertex 6.93461 13.8955 13.85
    endloop
  endfacet
  facet normal 0 0 1
    outer loop
      vertex 6.88882 14.0863 13.85
      vertex 6.88882 13.3137 13.85
      vertex 6.93461 13.5045 13.85
    endloop
  endfacet
  facet normal 0 0 1
    outer loop
      vertex 6.81376 14.2675 13.85
      vertex 6.88882 13.3137 13.85
      vertex 6.88882 14.0863 13.85
    endloop
  endfacet
  facet normal 0 0 1
    outer loop
      vertex 6.81376 14.2675 13.85
      vertex 6.81376 13.1325 13.85
      vertex 6.88882 13.3137 13.85
    endloop
  endfacet
  facet normal 0 0 1
    outer loop
      vertex 6.71127 14.4347 13.85
      vertex 6.81376 13.1325 13.85
      vertex 6.81376 14.2675 13.85
    endloop
  endfacet
  facet normal 0 0 1
    outer loop
      vertex 6.71127 14.4347 13.85
      vertex 6.71127 12.9653 13.85
      vertex 6.81376 13.1325 13.85
    endloop
  endfacet
  facet normal 0 0 1
    outer loop
      vertex 6.58388 14.5839 13.85
      vertex 6.71127 12.9653 13.85
      vertex 6.71127 14.4347 13.85
    endloop
  endfacet
  facet normal 0 0 1
    outer loop
      vertex 6.58388 14.5839 13.85
      vertex 6.58388 12.8161 13.85
      vertex 6.71127 12.9653 13.85
    endloop
  endfacet
  facet normal 0 0 1
    outer loop
      vertex 6.43473 14.7113 13.85
      vertex 6.58388 12.8161 13.85
      vertex 6.58388 14.5839 13.85
    endloop
  endfacet
  facet normal 0 0 1
    outer loop
      vertex 6.43473 14.7113 13.85
      vertex 6.43473 12.6887 13.85
      vertex 6.58388 12.8161 13.85
    endloop
  endfacet
  facet normal 0 0 1
    outer loop
      vertex 6.26749 14.8138 13.85
      vertex 6.43473 12.6887 13.85
      vertex 6.43473 14.7113 13.85
    endloop
  endfacet
  facet normal 0 0 1
    outer loop
      vertex 6.26749 14.8138 13.85
      vertex 6.26749 12.5862 13.85
      vertex 6.43473 12.6887 13.85
    endloop
  endfacet
  facet normal 0 0 1
    outer loop
      vertex 6.08627 14.8888 13.85
      vertex 6.26749 12.5862 13.85
      vertex 6.26749 14.8138 13.85
    endloop
  endfacet
  facet normal 0 0 1
    outer loop
      vertex 6.08627 14.8888 13.85
      vertex 6.08627 12.5112 13.85
      vertex 6.26749 12.5862 13.85
    endloop
  endfacet
  facet normal 0 0 1
    outer loop
      vertex 5.89554 14.9346 13.85
      vertex 6.08627 12.5112 13.85
      vertex 6.08627 14.8888 13.85
    endloop
  endfacet
  facet normal 0 0 1
    outer loop
      vertex 5.89554 14.9346 13.85
      vertex 5.89554 12.4654 13.85
      vertex 6.08627 12.5112 13.85
    endloop
  endfacet
  facet normal 0 0 1
    outer loop
      vertex 5.7 14.95 13.85
      vertex 5.89554 12.4654 13.85
      vertex 5.89554 14.9346 13.85
    endloop
  endfacet
  facet normal 0 0 1
    outer loop
      vertex 5.7 14.95 13.85
      vertex 5.7 12.45 13.85
      vertex 5.89554 12.4654 13.85
    endloop
  endfacet
  facet normal -0 0 1
    outer loop
      vertex 5.50446 14.9346 13.85
      vertex 5.7 12.45 13.85
      vertex 5.7 14.95 13.85
    endloop
  endfacet
  facet normal 0 0 1
    outer loop
      vertex 5.50446 14.9346 13.85
      vertex 5.50446 12.4654 13.85
      vertex 5.7 12.45 13.85
    endloop
  endfacet
  facet normal -0 0 1
    outer loop
      vertex 5.31373 14.8888 13.85
      vertex 5.50446 12.4654 13.85
      vertex 5.50446 14.9346 13.85
    endloop
  endfacet
  facet normal 0 0 1
    outer loop
      vertex 5.31373 14.8888 13.85
      vertex 5.31373 12.5112 13.85
      vertex 5.50446 12.4654 13.85
    endloop
  endfacet
  facet normal -0 0 1
    outer loop
      vertex 5.13251 14.8138 13.85
      vertex 5.31373 12.5112 13.85
      vertex 5.31373 14.8888 13.85
    endloop
  endfacet
  facet normal 0 0 1
    outer loop
      vertex 5.13251 14.8138 13.85
      vertex 5.13251 12.5862 13.85
      vertex 5.31373 12.5112 13.85
    endloop
  endfacet
  facet normal -0 0 1
    outer loop
      vertex 4.96527 14.7113 13.85
      vertex 5.13251 12.5862 13.85
      vertex 5.13251 14.8138 13.85
    endloop
  endfacet
  facet normal 0 0 1
    outer loop
      vertex 4.96527 14.7113 13.85
      vertex 4.96527 12.6887 13.85
      vertex 5.13251 12.5862 13.85
    endloop
  endfacet
  facet normal -0 0 1
    outer loop
      vertex 4.81612 14.5839 13.85
      vertex 4.96527 12.6887 13.85
      vertex 4.96527 14.7113 13.85
    endloop
  endfacet
  facet normal 0 0 1
    outer loop
      vertex 4.81612 14.5839 13.85
      vertex 4.81612 12.8161 13.85
      vertex 4.96527 12.6887 13.85
    endloop
  endfacet
  facet normal -0 0 1
    outer loop
      vertex 4.68873 14.4347 13.85
      vertex 4.81612 12.8161 13.85
      vertex 4.81612 14.5839 13.85
    endloop
  endfacet
  facet normal 0 0 1
    outer loop
      vertex 4.68873 14.4347 13.85
      vertex 4.68873 12.9653 13.85
      vertex 4.81612 12.8161 13.85
    endloop
  endfacet
  facet normal -0 0 1
    outer loop
      vertex 4.58624 14.2675 13.85
      vertex 4.68873 12.9653 13.85
      vertex 4.68873 14.4347 13.85
    endloop
  endfacet
  facet normal 0 0 1
    outer loop
      vertex 4.58624 14.2675 13.85
      vertex 4.58624 13.1325 13.85
      vertex 4.68873 12.9653 13.85
    endloop
  endfacet
  facet normal -0 0 1
    outer loop
      vertex 4.51118 14.0863 13.85
      vertex 4.58624 13.1325 13.85
      vertex 4.58624 14.2675 13.85
    endloop
  endfacet
  facet normal 0 0 1
    outer loop
      vertex 4.51118 14.0863 13.85
      vertex 4.51118 13.3137 13.85
      vertex 4.58624 13.1325 13.85
    endloop
  endfacet
  facet normal -0 0 1
    outer loop
      vertex 4.46539 13.8955 13.85
      vertex 4.51118 13.3137 13.85
      vertex 4.51118 14.0863 13.85
    endloop
  endfacet
  facet normal 0 0 1
    outer loop
      vertex 4.46539 13.8955 13.85
      vertex 4.46539 13.5045 13.85
      vertex 4.51118 13.3137 13.85
    endloop
  endfacet
  facet normal 0 -0 1
    outer loop
      vertex 4.46539 13.5045 13.85
      vertex 4.46539 13.8955 13.85
      vertex 4.45 13.7 13.85
    endloop
  endfacet
  facet normal 0.852638 0.522502 0
    outer loop
      vertex 6.81376 14.2675 13.85
      vertex 6.71127 14.4347 11.6
      vertex 6.71127 14.4347 13.85
    endloop
  endfacet
  facet normal 0.852638 0.522502 0
    outer loop
      vertex 6.71127 14.4347 11.6
      vertex 6.81376 14.2675 13.85
      vertex 6.81376 14.2675 11.6
    endloop
  endfacet
  facet normal 0.649451 -0.760403 0
    outer loop
      vertex 75.1695 40.2775 1.6
      vertex 75.4678 40.5322 11.6
      vertex 75.1695 40.2775 11.6
    endloop
  endfacet
  facet normal 0.649451 -0.760403 0
    outer loop
      vertex 75.4678 40.5322 11.6
      vertex 75.1695 40.2775 1.6
      vertex 75.4678 40.5322 1.6
    endloop
  endfacet
  facet normal 0.972372 0.233437 0
    outer loop
      vertex 76.1692 42.6911 11.6
      vertex 76.0776 43.0725 1.6
      vertex 76.0776 43.0725 11.6
    endloop
  endfacet
  facet normal 0.972372 0.233437 0
    outer loop
      vertex 76.0776 43.0725 1.6
      vertex 76.1692 42.6911 11.6
      vertex 76.1692 42.6911 1.6
    endloop
  endfacet
  facet normal -0.38268 0.923881 0
    outer loop
      vertex 72.9275 44.6776 1.6
      vertex 72.565 44.5275 11.6
      vertex 72.9275 44.6776 11.6
    endloop
  endfacet
  facet normal -0.38268 0.923881 0
    outer loop
      vertex 72.565 44.5275 11.6
      vertex 72.9275 44.6776 1.6
      vertex 72.565 44.5275 1.6
    endloop
  endfacet
  facet normal -0.38268 -0.923881 0
    outer loop
      vertex 72.565 40.0725 1.6
      vertex 72.9275 39.9224 11.6
      vertex 72.565 40.0725 11.6
    endloop
  endfacet
  facet normal -0.38268 -0.923881 -0
    outer loop
      vertex 72.9275 39.9224 11.6
      vertex 72.565 40.0725 1.6
      vertex 72.9275 39.9224 1.6
    endloop
  endfacet
  facet normal -0.852635 -0.522507 0
    outer loop
      vertex 71.6775 40.8305 1.6
      vertex 71.4725 41.165 11.6
      vertex 71.4725 41.165 1.6
    endloop
  endfacet
  facet normal -0.852635 -0.522507 0
    outer loop
      vertex 71.4725 41.165 11.6
      vertex 71.6775 40.8305 1.6
      vertex 71.6775 40.8305 11.6
    endloop
  endfacet
  facet normal 0.649446 0.760408 -0
    outer loop
      vertex 75.4678 44.0678 1.6
      vertex 75.1695 44.3225 11.6
      vertex 75.4678 44.0678 11.6
    endloop
  endfacet
  facet normal 0.649446 0.760408 0
    outer loop
      vertex 75.1695 44.3225 11.6
      vertex 75.4678 44.0678 1.6
      vertex 75.1695 44.3225 1.6
    endloop
  endfacet
  facet normal 0.972372 -0.233437 0
    outer loop
      vertex 76.0776 41.5275 11.6
      vertex 76.1692 41.9089 1.6
      vertex 76.1692 41.9089 11.6
    endloop
  endfacet
  facet normal 0.972372 -0.233437 0
    outer loop
      vertex 76.1692 41.9089 1.6
      vertex 76.0776 41.5275 11.6
      vertex 76.0776 41.5275 1.6
    endloop
  endfacet
  facet normal 0.923874 -0.382696 0
    outer loop
      vertex 75.9275 41.165 11.6
      vertex 76.0776 41.5275 1.6
      vertex 76.0776 41.5275 11.6
    endloop
  endfacet
  facet normal 0.923874 -0.382696 0
    outer loop
      vertex 76.0776 41.5275 1.6
      vertex 75.9275 41.165 11.6
      vertex 75.9275 41.165 1.6
    endloop
  endfacet
  facet normal 0.852644 -0.522493 0
    outer loop
      vertex 75.7225 40.8305 11.6
      vertex 75.9275 41.165 1.6
      vertex 75.9275 41.165 11.6
    endloop
  endfacet
  facet normal 0.852644 -0.522493 0
    outer loop
      vertex 75.9275 41.165 1.6
      vertex 75.7225 40.8305 11.6
      vertex 75.7225 40.8305 1.6
    endloop
  endfacet
  facet normal 0.760403 -0.649451 0
    outer loop
      vertex 75.4678 40.5322 11.6
      vertex 75.7225 40.8305 1.6
      vertex 75.7225 40.8305 11.6
    endloop
  endfacet
  facet normal 0.760403 -0.649451 0
    outer loop
      vertex 75.7225 40.8305 1.6
      vertex 75.4678 40.5322 11.6
      vertex 75.4678 40.5322 1.6
    endloop
  endfacet
  facet normal 0.5225 -0.852639 0
    outer loop
      vertex 74.835 40.0725 1.6
      vertex 75.1695 40.2775 11.6
      vertex 74.835 40.0725 11.6
    endloop
  endfacet
  facet normal 0.5225 -0.852639 0
    outer loop
      vertex 75.1695 40.2775 11.6
      vertex 74.835 40.0725 1.6
      vertex 75.1695 40.2775 1.6
    endloop
  endfacet
  facet normal 0.233446 -0.97237 0
    outer loop
      vertex 74.0911 39.8308 1.6
      vertex 74.4725 39.9224 11.6
      vertex 74.0911 39.8308 11.6
    endloop
  endfacet
  facet normal 0.233446 -0.97237 0
    outer loop
      vertex 74.4725 39.9224 11.6
      vertex 74.0911 39.8308 1.6
      vertex 74.4725 39.9224 1.6
    endloop
  endfacet
  facet normal -0.972372 -0.233437 0
    outer loop
      vertex 71.3224 41.5275 1.6
      vertex 71.2308 41.9089 11.6
      vertex 71.2308 41.9089 1.6
    endloop
  endfacet
  facet normal -0.972372 -0.233437 0
    outer loop
      vertex 71.2308 41.9089 11.6
      vertex 71.3224 41.5275 1.6
      vertex 71.3224 41.5275 11.6
    endloop
  endfacet
  facet normal -0.760403 -0.649451 0
    outer loop
      vertex 71.9322 40.5322 1.6
      vertex 71.6775 40.8305 11.6
      vertex 71.6775 40.8305 1.6
    endloop
  endfacet
  facet normal -0.760403 -0.649451 0
    outer loop
      vertex 71.6775 40.8305 11.6
      vertex 71.9322 40.5322 1.6
      vertex 71.9322 40.5322 11.6
    endloop
  endfacet
  facet normal -0.5225 -0.852639 0
    outer loop
      vertex 72.2305 40.2775 1.6
      vertex 72.565 40.0725 11.6
      vertex 72.2305 40.2775 11.6
    endloop
  endfacet
  facet normal -0.5225 -0.852639 -0
    outer loop
      vertex 72.565 40.0725 11.6
      vertex 72.2305 40.2775 1.6
      vertex 72.565 40.0725 1.6
    endloop
  endfacet
  facet normal -0.233446 -0.97237 0
    outer loop
      vertex 72.9275 39.9224 1.6
      vertex 73.3089 39.8308 11.6
      vertex 72.9275 39.9224 11.6
    endloop
  endfacet
  facet normal -0.233446 -0.97237 -0
    outer loop
      vertex 73.3089 39.8308 11.6
      vertex 72.9275 39.9224 1.6
      vertex 73.3089 39.8308 1.6
    endloop
  endfacet
  facet normal -0.649451 -0.760403 0
    outer loop
      vertex 71.9322 40.5322 1.6
      vertex 72.2305 40.2775 11.6
      vertex 71.9322 40.5322 11.6
    endloop
  endfacet
  facet normal -0.649451 -0.760403 -0
    outer loop
      vertex 72.2305 40.2775 11.6
      vertex 71.9322 40.5322 1.6
      vertex 72.2305 40.2775 1.6
    endloop
  endfacet
  facet normal 0.996918 -0.0784535 0
    outer loop
      vertex 76.1692 41.9089 11.6
      vertex 76.2 42.3 1.6
      vertex 76.2 42.3 11.6
    endloop
  endfacet
  facet normal 0.996918 -0.0784535 0
    outer loop
      vertex 76.2 42.3 1.6
      vertex 76.1692 41.9089 11.6
      vertex 76.1692 41.9089 1.6
    endloop
  endfacet
  facet normal 0.760407 0.649447 0
    outer loop
      vertex 75.7225 43.7695 11.6
      vertex 75.4678 44.0678 1.6
      vertex 75.4678 44.0678 11.6
    endloop
  endfacet
  facet normal 0.760407 0.649447 0
    outer loop
      vertex 75.4678 44.0678 1.6
      vertex 75.7225 43.7695 11.6
      vertex 75.7225 43.7695 1.6
    endloop
  endfacet
  facet normal 0.923874 0.382696 0
    outer loop
      vertex 76.0776 43.0725 11.6
      vertex 75.9275 43.435 1.6
      vertex 75.9275 43.435 11.6
    endloop
  endfacet
  facet normal 0.923874 0.382696 0
    outer loop
      vertex 75.9275 43.435 1.6
      vertex 76.0776 43.0725 11.6
      vertex 76.0776 43.0725 1.6
    endloop
  endfacet
  facet normal 0.38268 0.923881 -0
    outer loop
      vertex 74.835 44.5275 1.6
      vertex 74.4725 44.6776 11.6
      vertex 74.835 44.5275 11.6
    endloop
  endfacet
  facet normal 0.38268 0.923881 0
    outer loop
      vertex 74.4725 44.6776 11.6
      vertex 74.835 44.5275 1.6
      vertex 74.4725 44.6776 1.6
    endloop
  endfacet
  facet normal 0.5225 0.852639 -0
    outer loop
      vertex 75.1695 44.3225 1.6
      vertex 74.835 44.5275 11.6
      vertex 75.1695 44.3225 11.6
    endloop
  endfacet
  facet normal 0.5225 0.852639 0
    outer loop
      vertex 74.835 44.5275 11.6
      vertex 75.1695 44.3225 1.6
      vertex 74.835 44.5275 1.6
    endloop
  endfacet
  facet normal -0.233446 0.97237 0
    outer loop
      vertex 73.3089 44.7692 1.6
      vertex 72.9275 44.6776 11.6
      vertex 73.3089 44.7692 11.6
    endloop
  endfacet
  facet normal -0.233446 0.97237 0
    outer loop
      vertex 72.9275 44.6776 11.6
      vertex 73.3089 44.7692 1.6
      vertex 72.9275 44.6776 1.6
    endloop
  endfacet
  facet normal -0.649446 0.760408 0
    outer loop
      vertex 72.2305 44.3225 1.6
      vertex 71.9322 44.0678 11.6
      vertex 72.2305 44.3225 11.6
    endloop
  endfacet
  facet normal -0.649446 0.760408 0
    outer loop
      vertex 71.9322 44.0678 11.6
      vertex 72.2305 44.3225 1.6
      vertex 71.9322 44.0678 1.6
    endloop
  endfacet
  facet normal -0.852635 0.522507 0
    outer loop
      vertex 71.4725 43.435 1.6
      vertex 71.6775 43.7695 11.6
      vertex 71.6775 43.7695 1.6
    endloop
  endfacet
  facet normal -0.852635 0.522507 0
    outer loop
      vertex 71.6775 43.7695 11.6
      vertex 71.4725 43.435 1.6
      vertex 71.4725 43.435 11.6
    endloop
  endfacet
  facet normal -0.972372 0.233437 0
    outer loop
      vertex 71.2308 42.6911 1.6
      vertex 71.3224 43.0725 11.6
      vertex 71.3224 43.0725 1.6
    endloop
  endfacet
  facet normal -0.972372 0.233437 0
    outer loop
      vertex 71.3224 43.0725 11.6
      vertex 71.2308 42.6911 1.6
      vertex 71.2308 42.6911 11.6
    endloop
  endfacet
  facet normal 0.0784624 -0.996917 0
    outer loop
      vertex 73.7 39.8 1.6
      vertex 74.0911 39.8308 11.6
      vertex 73.7 39.8 11.6
    endloop
  endfacet
  facet normal 0.0784624 -0.996917 0
    outer loop
      vertex 74.0911 39.8308 11.6
      vertex 73.7 39.8 1.6
      vertex 74.0911 39.8308 1.6
    endloop
  endfacet
  facet normal 0.38268 -0.923881 0
    outer loop
      vertex 74.4725 39.9224 1.6
      vertex 74.835 40.0725 11.6
      vertex 74.4725 39.9224 11.6
    endloop
  endfacet
  facet normal 0.38268 -0.923881 0
    outer loop
      vertex 74.835 40.0725 11.6
      vertex 74.4725 39.9224 1.6
      vertex 74.835 40.0725 1.6
    endloop
  endfacet
  facet normal -0.996916 -0.0784728 0
    outer loop
      vertex 71.2308 41.9089 1.6
      vertex 71.2 42.3 11.6
      vertex 71.2 42.3 1.6
    endloop
  endfacet
  facet normal -0.996916 -0.0784728 0
    outer loop
      vertex 71.2 42.3 11.6
      vertex 71.2308 41.9089 1.6
      vertex 71.2308 41.9089 11.6
    endloop
  endfacet
  facet normal -0.923881 -0.38268 0
    outer loop
      vertex 71.4725 41.165 1.6
      vertex 71.3224 41.5275 11.6
      vertex 71.3224 41.5275 1.6
    endloop
  endfacet
  facet normal -0.923881 -0.38268 0
    outer loop
      vertex 71.3224 41.5275 11.6
      vertex 71.4725 41.165 1.6
      vertex 71.4725 41.165 11.6
    endloop
  endfacet
  facet normal -0.0784639 -0.996917 0
    outer loop
      vertex 73.3089 39.8308 1.6
      vertex 73.7 39.8 11.6
      vertex 73.3089 39.8308 11.6
    endloop
  endfacet
  facet normal -0.0784639 -0.996917 -0
    outer loop
      vertex 73.7 39.8 11.6
      vertex 73.3089 39.8308 1.6
      vertex 73.7 39.8 1.6
    endloop
  endfacet
  facet normal 0.996918 0.0784535 0
    outer loop
      vertex 76.2 42.3 11.6
      vertex 76.1692 42.6911 1.6
      vertex 76.1692 42.6911 11.6
    endloop
  endfacet
  facet normal 0.996918 0.0784535 0
    outer loop
      vertex 76.1692 42.6911 1.6
      vertex 76.2 42.3 11.6
      vertex 76.2 42.3 1.6
    endloop
  endfacet
  facet normal 0.0784624 0.996917 -0
    outer loop
      vertex 74.0911 44.7692 1.6
      vertex 73.7 44.8 11.6
      vertex 74.0911 44.7692 11.6
    endloop
  endfacet
  facet normal 0.0784624 0.996917 0
    outer loop
      vertex 73.7 44.8 11.6
      vertex 74.0911 44.7692 1.6
      vertex 73.7 44.8 1.6
    endloop
  endfacet
  facet normal 0.233446 0.97237 -0
    outer loop
      vertex 74.4725 44.6776 1.6
      vertex 74.0911 44.7692 11.6
      vertex 74.4725 44.6776 11.6
    endloop
  endfacet
  facet normal 0.233446 0.97237 0
    outer loop
      vertex 74.0911 44.7692 11.6
      vertex 74.4725 44.6776 1.6
      vertex 74.0911 44.7692 1.6
    endloop
  endfacet
  facet normal -0.0784639 0.996917 0
    outer loop
      vertex 73.7 44.8 1.6
      vertex 73.3089 44.7692 11.6
      vertex 73.7 44.8 11.6
    endloop
  endfacet
  facet normal -0.0784639 0.996917 0
    outer loop
      vertex 73.3089 44.7692 11.6
      vertex 73.7 44.8 1.6
      vertex 73.3089 44.7692 1.6
    endloop
  endfacet
  facet normal -0.5225 0.852639 0
    outer loop
      vertex 72.565 44.5275 1.6
      vertex 72.2305 44.3225 11.6
      vertex 72.565 44.5275 11.6
    endloop
  endfacet
  facet normal -0.5225 0.852639 0
    outer loop
      vertex 72.2305 44.3225 11.6
      vertex 72.565 44.5275 1.6
      vertex 72.2305 44.3225 1.6
    endloop
  endfacet
  facet normal -0.923881 0.38268 0
    outer loop
      vertex 71.3224 43.0725 1.6
      vertex 71.4725 43.435 11.6
      vertex 71.4725 43.435 1.6
    endloop
  endfacet
  facet normal -0.923881 0.38268 0
    outer loop
      vertex 71.4725 43.435 11.6
      vertex 71.3224 43.0725 1.6
      vertex 71.3224 43.0725 11.6
    endloop
  endfacet
  facet normal -0.996916 0.0784728 0
    outer loop
      vertex 71.2 42.3 1.6
      vertex 71.2308 42.6911 11.6
      vertex 71.2308 42.6911 1.6
    endloop
  endfacet
  facet normal -0.996916 0.0784728 0
    outer loop
      vertex 71.2308 42.6911 11.6
      vertex 71.2 42.3 1.6
      vertex 71.2 42.3 11.6
    endloop
  endfacet
  facet normal 0 0 1
    outer loop
      vertex 74.95 42.3 11.6
      vertex 76.2 42.3 11.6
      vertex 76.1692 42.6911 11.6
    endloop
  endfacet
  facet normal 0 0 1
    outer loop
      vertex 74.9346 42.4955 11.6
      vertex 76.1692 42.6911 11.6
      vertex 76.0776 43.0725 11.6
    endloop
  endfacet
  facet normal 0 0 1
    outer loop
      vertex 76.2 42.3 11.6
      vertex 74.95 42.3 11.6
      vertex 76.1692 41.9089 11.6
    endloop
  endfacet
  facet normal 0 0 1
    outer loop
      vertex 74.8888 42.6863 11.6
      vertex 76.0776 43.0725 11.6
      vertex 75.9275 43.435 11.6
    endloop
  endfacet
  facet normal -0 0 1
    outer loop
      vertex 74.9346 42.1045 11.6
      vertex 76.1692 41.9089 11.6
      vertex 74.95 42.3 11.6
    endloop
  endfacet
  facet normal 0 0 1
    outer loop
      vertex 74.8138 42.8675 11.6
      vertex 75.9275 43.435 11.6
      vertex 75.7225 43.7695 11.6
    endloop
  endfacet
  facet normal 0 0 1
    outer loop
      vertex 76.1692 41.9089 11.6
      vertex 74.9346 42.1045 11.6
      vertex 76.0776 41.5275 11.6
    endloop
  endfacet
  facet normal 0 0 1
    outer loop
      vertex 74.7113 43.0347 11.6
      vertex 75.7225 43.7695 11.6
      vertex 75.4678 44.0678 11.6
    endloop
  endfacet
  facet normal -0 0 1
    outer loop
      vertex 74.8888 41.9137 11.6
      vertex 76.0776 41.5275 11.6
      vertex 74.9346 42.1045 11.6
    endloop
  endfacet
  facet normal 0 0 1
    outer loop
      vertex 74.5839 43.1839 11.6
      vertex 75.4678 44.0678 11.6
      vertex 75.1695 44.3225 11.6
    endloop
  endfacet
  facet normal 0 0 1
    outer loop
      vertex 76.0776 41.5275 11.6
      vertex 74.8888 41.9137 11.6
      vertex 75.9275 41.165 11.6
    endloop
  endfacet
  facet normal -0 0 1
    outer loop
      vertex 74.8138 41.7325 11.6
      vertex 75.9275 41.165 11.6
      vertex 74.8888 41.9137 11.6
    endloop
  endfacet
  facet normal 0 0 1
    outer loop
      vertex 76.1692 42.6911 11.6
      vertex 74.9346 42.4955 11.6
      vertex 74.95 42.3 11.6
    endloop
  endfacet
  facet normal 0 0 1
    outer loop
      vertex 76.0776 43.0725 11.6
      vertex 74.8888 42.6863 11.6
      vertex 74.9346 42.4955 11.6
    endloop
  endfacet
  facet normal 0 0 1
    outer loop
      vertex 74.4347 43.3113 11.6
      vertex 75.1695 44.3225 11.6
      vertex 74.835 44.5275 11.6
    endloop
  endfacet
  facet normal 0 0 1
    outer loop
      vertex 75.9275 43.435 11.6
      vertex 74.8138 42.8675 11.6
      vertex 74.8888 42.6863 11.6
    endloop
  endfacet
  facet normal 0 0 1
    outer loop
      vertex 75.7225 43.7695 11.6
      vertex 74.7113 43.0347 11.6
      vertex 74.8138 42.8675 11.6
    endloop
  endfacet
  facet normal 0 0 1
    outer loop
      vertex 75.4678 44.0678 11.6
      vertex 74.5839 43.1839 11.6
      vertex 74.7113 43.0347 11.6
    endloop
  endfacet
  facet normal 0 0 1
    outer loop
      vertex 74.2675 43.4138 11.6
      vertex 74.835 44.5275 11.6
      vertex 74.4725 44.6776 11.6
    endloop
  endfacet
  facet normal 0 0 1
    outer loop
      vertex 75.1695 44.3225 11.6
      vertex 74.4347 43.3113 11.6
      vertex 74.5839 43.1839 11.6
    endloop
  endfacet
  facet normal 0 0 1
    outer loop
      vertex 74.835 44.5275 11.6
      vertex 74.2675 43.4138 11.6
      vertex 74.4347 43.3113 11.6
    endloop
  endfacet
  facet normal 0 0 1
    outer loop
      vertex 74.0863 43.4888 11.6
      vertex 74.4725 44.6776 11.6
      vertex 74.0911 44.7692 11.6
    endloop
  endfacet
  facet normal 0 0 1
    outer loop
      vertex 74.4725 44.6776 11.6
      vertex 74.0863 43.4888 11.6
      vertex 74.2675 43.4138 11.6
    endloop
  endfacet
  facet normal 0 0 1
    outer loop
      vertex 74.0911 44.7692 11.6
      vertex 73.8955 43.5346 11.6
      vertex 74.0863 43.4888 11.6
    endloop
  endfacet
  facet normal 0 0 1
    outer loop
      vertex 73.7 44.8 11.6
      vertex 73.8955 43.5346 11.6
      vertex 74.0911 44.7692 11.6
    endloop
  endfacet
  facet normal 0 0 1
    outer loop
      vertex 73.7 44.8 11.6
      vertex 73.7 43.55 11.6
      vertex 73.8955 43.5346 11.6
    endloop
  endfacet
  facet normal 0 0 1
    outer loop
      vertex 73.7 44.8 11.6
      vertex 73.5045 43.5346 11.6
      vertex 73.7 43.55 11.6
    endloop
  endfacet
  facet normal -0 0 1
    outer loop
      vertex 73.3089 44.7692 11.6
      vertex 73.5045 43.5346 11.6
      vertex 73.7 44.8 11.6
    endloop
  endfacet
  facet normal 0 0 1
    outer loop
      vertex 73.5045 43.5346 11.6
      vertex 73.3089 44.7692 11.6
      vertex 73.3137 43.4888 11.6
    endloop
  endfacet
  facet normal -0 0 1
    outer loop
      vertex 72.9275 44.6776 11.6
      vertex 73.3137 43.4888 11.6
      vertex 73.3089 44.7692 11.6
    endloop
  endfacet
  facet normal 0 0 1
    outer loop
      vertex 73.3137 43.4888 11.6
      vertex 72.9275 44.6776 11.6
      vertex 73.1325 43.4138 11.6
    endloop
  endfacet
  facet normal -0 0 1
    outer loop
      vertex 72.565 44.5275 11.6
      vertex 73.1325 43.4138 11.6
      vertex 72.9275 44.6776 11.6
    endloop
  endfacet
  facet normal 0 0 1
    outer loop
      vertex 73.1325 43.4138 11.6
      vertex 72.565 44.5275 11.6
      vertex 72.9653 43.3113 11.6
    endloop
  endfacet
  facet normal -0 0 1
    outer loop
      vertex 72.2305 44.3225 11.6
      vertex 72.9653 43.3113 11.6
      vertex 72.565 44.5275 11.6
    endloop
  endfacet
  facet normal 0 0 1
    outer loop
      vertex 72.9653 43.3113 11.6
      vertex 72.2305 44.3225 11.6
      vertex 72.8161 43.1839 11.6
    endloop
  endfacet
  facet normal -0 0 1
    outer loop
      vertex 71.9322 44.0678 11.6
      vertex 72.8161 43.1839 11.6
      vertex 72.2305 44.3225 11.6
    endloop
  endfacet
  facet normal 0 0 1
    outer loop
      vertex 72.8161 43.1839 11.6
      vertex 71.9322 44.0678 11.6
      vertex 72.6887 43.0347 11.6
    endloop
  endfacet
  facet normal -0 0 1
    outer loop
      vertex 71.6775 43.7695 11.6
      vertex 72.6887 43.0347 11.6
      vertex 71.9322 44.0678 11.6
    endloop
  endfacet
  facet normal 0 0 1
    outer loop
      vertex 72.6887 43.0347 11.6
      vertex 71.6775 43.7695 11.6
      vertex 72.5862 42.8675 11.6
    endloop
  endfacet
  facet normal -0 0 1
    outer loop
      vertex 71.4725 43.435 11.6
      vertex 72.5862 42.8675 11.6
      vertex 71.6775 43.7695 11.6
    endloop
  endfacet
  facet normal 0 0 1
    outer loop
      vertex 75.9275 41.165 11.6
      vertex 74.8138 41.7325 11.6
      vertex 75.7225 40.8305 11.6
    endloop
  endfacet
  facet normal -0 0 1
    outer loop
      vertex 74.7113 41.5653 11.6
      vertex 75.7225 40.8305 11.6
      vertex 74.8138 41.7325 11.6
    endloop
  endfacet
  facet normal 0 0 1
    outer loop
      vertex 75.7225 40.8305 11.6
      vertex 74.7113 41.5653 11.6
      vertex 75.4678 40.5322 11.6
    endloop
  endfacet
  facet normal -0 0 1
    outer loop
      vertex 74.5839 41.4161 11.6
      vertex 75.4678 40.5322 11.6
      vertex 74.7113 41.5653 11.6
    endloop
  endfacet
  facet normal 0 0 1
    outer loop
      vertex 75.4678 40.5322 11.6
      vertex 74.5839 41.4161 11.6
      vertex 75.1695 40.2775 11.6
    endloop
  endfacet
  facet normal -0 0 1
    outer loop
      vertex 74.4347 41.2887 11.6
      vertex 75.1695 40.2775 11.6
      vertex 74.5839 41.4161 11.6
    endloop
  endfacet
  facet normal 0 0 1
    outer loop
      vertex 75.1695 40.2775 11.6
      vertex 74.4347 41.2887 11.6
      vertex 74.835 40.0725 11.6
    endloop
  endfacet
  facet normal -0 0 1
    outer loop
      vertex 74.2675 41.1862 11.6
      vertex 74.835 40.0725 11.6
      vertex 74.4347 41.2887 11.6
    endloop
  endfacet
  facet normal 0 0 1
    outer loop
      vertex 74.835 40.0725 11.6
      vertex 74.2675 41.1862 11.6
      vertex 74.4725 39.9224 11.6
    endloop
  endfacet
  facet normal -0 0 1
    outer loop
      vertex 74.0863 41.1112 11.6
      vertex 74.4725 39.9224 11.6
      vertex 74.2675 41.1862 11.6
    endloop
  endfacet
  facet normal 0 0 1
    outer loop
      vertex 74.4725 39.9224 11.6
      vertex 74.0863 41.1112 11.6
      vertex 74.0911 39.8308 11.6
    endloop
  endfacet
  facet normal -0 0 1
    outer loop
      vertex 73.8955 41.0654 11.6
      vertex 74.0911 39.8308 11.6
      vertex 74.0863 41.1112 11.6
    endloop
  endfacet
  facet normal -0 0 1
    outer loop
      vertex 73.7 41.05 11.6
      vertex 74.0911 39.8308 11.6
      vertex 73.8955 41.0654 11.6
    endloop
  endfacet
  facet normal 0 0 1
    outer loop
      vertex 73.7 41.05 11.6
      vertex 73.7 39.8 11.6
      vertex 74.0911 39.8308 11.6
    endloop
  endfacet
  facet normal 0 0 1
    outer loop
      vertex 73.5045 41.0654 11.6
      vertex 73.7 39.8 11.6
      vertex 73.7 41.05 11.6
    endloop
  endfacet
  facet normal 0 0 1
    outer loop
      vertex 73.3089 39.8308 11.6
      vertex 73.5045 41.0654 11.6
      vertex 73.3137 41.1112 11.6
    endloop
  endfacet
  facet normal 0 0 1
    outer loop
      vertex 73.5045 41.0654 11.6
      vertex 73.3089 39.8308 11.6
      vertex 73.7 39.8 11.6
    endloop
  endfacet
  facet normal 0 0 1
    outer loop
      vertex 72.9275 39.9224 11.6
      vertex 73.3137 41.1112 11.6
      vertex 73.1325 41.1862 11.6
    endloop
  endfacet
  facet normal 0 0 1
    outer loop
      vertex 72.565 40.0725 11.6
      vertex 73.1325 41.1862 11.6
      vertex 72.9653 41.2887 11.6
    endloop
  endfacet
  facet normal 0 0 1
    outer loop
      vertex 73.3137 41.1112 11.6
      vertex 72.9275 39.9224 11.6
      vertex 73.3089 39.8308 11.6
    endloop
  endfacet
  facet normal 0 0 1
    outer loop
      vertex 72.2305 40.2775 11.6
      vertex 72.9653 41.2887 11.6
      vertex 72.8161 41.4161 11.6
    endloop
  endfacet
  facet normal 0 0 1
    outer loop
      vertex 71.9322 40.5322 11.6
      vertex 72.8161 41.4161 11.6
      vertex 72.6887 41.5653 11.6
    endloop
  endfacet
  facet normal 0 0 1
    outer loop
      vertex 71.6775 40.8305 11.6
      vertex 72.6887 41.5653 11.6
      vertex 72.5862 41.7325 11.6
    endloop
  endfacet
  facet normal 0 0 1
    outer loop
      vertex 73.1325 41.1862 11.6
      vertex 72.565 40.0725 11.6
      vertex 72.9275 39.9224 11.6
    endloop
  endfacet
  facet normal 0 0 1
    outer loop
      vertex 71.4725 41.165 11.6
      vertex 72.5862 41.7325 11.6
      vertex 72.5112 41.9137 11.6
    endloop
  endfacet
  facet normal 0 0 1
    outer loop
      vertex 71.3224 41.5275 11.6
      vertex 72.5112 41.9137 11.6
      vertex 72.4654 42.1045 11.6
    endloop
  endfacet
  facet normal 0 0 1
    outer loop
      vertex 71.2308 41.9089 11.6
      vertex 72.4654 42.1045 11.6
      vertex 72.45 42.3 11.6
    endloop
  endfacet
  facet normal 0 0 1
    outer loop
      vertex 72.5862 42.8675 11.6
      vertex 71.4725 43.435 11.6
      vertex 72.5112 42.6863 11.6
    endloop
  endfacet
  facet normal 0 0 1
    outer loop
      vertex 72.9653 41.2887 11.6
      vertex 72.2305 40.2775 11.6
      vertex 72.565 40.0725 11.6
    endloop
  endfacet
  facet normal -0 0 1
    outer loop
      vertex 71.3224 43.0725 11.6
      vertex 72.5112 42.6863 11.6
      vertex 71.4725 43.435 11.6
    endloop
  endfacet
  facet normal 0 0 1
    outer loop
      vertex 72.8161 41.4161 11.6
      vertex 71.9322 40.5322 11.6
      vertex 72.2305 40.2775 11.6
    endloop
  endfacet
  facet normal 0 0 1
    outer loop
      vertex 72.5112 42.6863 11.6
      vertex 71.3224 43.0725 11.6
      vertex 72.4654 42.4955 11.6
    endloop
  endfacet
  facet normal 0 0 1
    outer loop
      vertex 72.6887 41.5653 11.6
      vertex 71.6775 40.8305 11.6
      vertex 71.9322 40.5322 11.6
    endloop
  endfacet
  facet normal -0 0 1
    outer loop
      vertex 71.2308 42.6911 11.6
      vertex 72.4654 42.4955 11.6
      vertex 71.3224 43.0725 11.6
    endloop
  endfacet
  facet normal 0 0 1
    outer loop
      vertex 72.5862 41.7325 11.6
      vertex 71.4725 41.165 11.6
      vertex 71.6775 40.8305 11.6
    endloop
  endfacet
  facet normal 0 0 1
    outer loop
      vertex 72.4654 42.4955 11.6
      vertex 71.2308 42.6911 11.6
      vertex 72.45 42.3 11.6
    endloop
  endfacet
  facet normal 0 0 1
    outer loop
      vertex 72.5112 41.9137 11.6
      vertex 71.3224 41.5275 11.6
      vertex 71.4725 41.165 11.6
    endloop
  endfacet
  facet normal 0 0 1
    outer loop
      vertex 71.2 42.3 11.6
      vertex 72.45 42.3 11.6
      vertex 71.2308 42.6911 11.6
    endloop
  endfacet
  facet normal 0 0 1
    outer loop
      vertex 72.4654 42.1045 11.6
      vertex 71.2308 41.9089 11.6
      vertex 71.3224 41.5275 11.6
    endloop
  endfacet
  facet normal 0 0 1
    outer loop
      vertex 72.45 42.3 11.6
      vertex 71.2 42.3 11.6
      vertex 71.2308 41.9089 11.6
    endloop
  endfacet
  facet normal -0.760407 0.649447 0
    outer loop
      vertex 71.6775 43.7695 1.6
      vertex 71.9322 44.0678 11.6
      vertex 71.9322 44.0678 1.6
    endloop
  endfacet
  facet normal -0.760407 0.649447 0
    outer loop
      vertex 71.9322 44.0678 11.6
      vertex 71.6775 43.7695 1.6
      vertex 71.6775 43.7695 11.6
    endloop
  endfacet
  facet normal 0.852644 0.522493 0
    outer loop
      vertex 75.9275 43.435 11.6
      vertex 75.7225 43.7695 1.6
      vertex 75.7225 43.7695 11.6
    endloop
  endfacet
  facet normal 0.852644 0.522493 0
    outer loop
      vertex 75.7225 43.7695 1.6
      vertex 75.9275 43.435 11.6
      vertex 75.9275 43.435 1.6
    endloop
  endfacet
  facet normal 0.649431 -0.760421 0
    outer loop
      vertex 74.4347 41.2887 11.6
      vertex 74.5839 41.4161 13.85
      vertex 74.4347 41.2887 13.85
    endloop
  endfacet
  facet normal 0.649431 -0.760421 0
    outer loop
      vertex 74.5839 41.4161 13.85
      vertex 74.4347 41.2887 11.6
      vertex 74.5839 41.4161 11.6
    endloop
  endfacet
  facet normal 0.972369 0.233451 0
    outer loop
      vertex 74.9346 42.4955 13.85
      vertex 74.8888 42.6863 11.6
      vertex 74.8888 42.6863 13.85
    endloop
  endfacet
  facet normal 0.972369 0.233451 0
    outer loop
      vertex 74.8888 42.6863 11.6
      vertex 74.9346 42.4955 13.85
      vertex 74.9346 42.4955 11.6
    endloop
  endfacet
  facet normal -0.382687 0.923878 0
    outer loop
      vertex 73.3137 43.4888 11.6
      vertex 73.1325 43.4138 13.85
      vertex 73.3137 43.4888 13.85
    endloop
  endfacet
  facet normal -0.382687 0.923878 0
    outer loop
      vertex 73.1325 43.4138 13.85
      vertex 73.3137 43.4888 11.6
      vertex 73.1325 43.4138 11.6
    endloop
  endfacet
  facet normal -0.382687 -0.923878 0
    outer loop
      vertex 73.1325 41.1862 11.6
      vertex 73.3137 41.1112 13.85
      vertex 73.1325 41.1862 13.85
    endloop
  endfacet
  facet normal -0.382687 -0.923878 -0
    outer loop
      vertex 73.3137 41.1112 13.85
      vertex 73.1325 41.1862 11.6
      vertex 73.3137 41.1112 11.6
    endloop
  endfacet
  facet normal -0.852644 -0.522493 0
    outer loop
      vertex 72.6887 41.5653 11.6
      vertex 72.5862 41.7325 13.85
      vertex 72.5862 41.7325 11.6
    endloop
  endfacet
  facet normal -0.852644 -0.522493 0
    outer loop
      vertex 72.5862 41.7325 13.85
      vertex 72.6887 41.5653 11.6
      vertex 72.6887 41.5653 13.85
    endloop
  endfacet
  facet normal 0.972368 -0.233455 0
    outer loop
      vertex 74.8888 41.9137 13.85
      vertex 74.9346 42.1045 11.6
      vertex 74.9346 42.1045 13.85
    endloop
  endfacet
  facet normal 0.972368 -0.233455 0
    outer loop
      vertex 74.9346 42.1045 11.6
      vertex 74.8888 41.9137 13.85
      vertex 74.8888 41.9137 11.6
    endloop
  endfacet
  facet normal 0.923888 -0.382663 0
    outer loop
      vertex 74.8138 41.7325 13.85
      vertex 74.8888 41.9137 11.6
      vertex 74.8888 41.9137 13.85
    endloop
  endfacet
  facet normal 0.923888 -0.382663 0
    outer loop
      vertex 74.8888 41.9137 11.6
      vertex 74.8138 41.7325 13.85
      vertex 74.8138 41.7325 11.6
    endloop
  endfacet
  facet normal 0.852644 -0.522493 0
    outer loop
      vertex 74.7113 41.5653 13.85
      vertex 74.8138 41.7325 11.6
      vertex 74.8138 41.7325 13.85
    endloop
  endfacet
  facet normal 0.852644 -0.522493 0
    outer loop
      vertex 74.8138 41.7325 11.6
      vertex 74.7113 41.5653 13.85
      vertex 74.7113 41.5653 11.6
    endloop
  endfacet
  facet normal 0.760411 -0.649442 0
    outer loop
      vertex 74.5839 41.4161 13.85
      vertex 74.7113 41.5653 11.6
      vertex 74.7113 41.5653 13.85
    endloop
  endfacet
  facet normal 0.760411 -0.649442 0
    outer loop
      vertex 74.7113 41.5653 11.6
      vertex 74.5839 41.4161 13.85
      vertex 74.5839 41.4161 11.6
    endloop
  endfacet
  facet normal 0.522507 -0.852635 0
    outer loop
      vertex 74.2675 41.1862 11.6
      vertex 74.4347 41.2887 13.85
      vertex 74.2675 41.1862 13.85
    endloop
  endfacet
  facet normal 0.522507 -0.852635 0
    outer loop
      vertex 74.4347 41.2887 13.85
      vertex 74.2675 41.1862 11.6
      vertex 74.4347 41.2887 11.6
    endloop
  endfacet
  facet normal 0.233437 -0.972372 0
    outer loop
      vertex 73.8955 41.0654 11.6
      vertex 74.0863 41.1112 13.85
      vertex 73.8955 41.0654 13.85
    endloop
  endfacet
  facet normal 0.233437 -0.972372 0
    outer loop
      vertex 74.0863 41.1112 13.85
      vertex 73.8955 41.0654 11.6
      vertex 74.0863 41.1112 11.6
    endloop
  endfacet
  facet normal -0.972376 -0.233419 0
    outer loop
      vertex 72.5112 41.9137 11.6
      vertex 72.4654 42.1045 13.85
      vertex 72.4654 42.1045 11.6
    endloop
  endfacet
  facet normal -0.972376 -0.233419 0
    outer loop
      vertex 72.4654 42.1045 13.85
      vertex 72.5112 41.9137 11.6
      vertex 72.5112 41.9137 13.85
    endloop
  endfacet
  facet normal -0.760411 -0.649442 0
    outer loop
      vertex 72.8161 41.4161 11.6
      vertex 72.6887 41.5653 13.85
      vertex 72.6887 41.5653 11.6
    endloop
  endfacet
  facet normal -0.760411 -0.649442 0
    outer loop
      vertex 72.6887 41.5653 13.85
      vertex 72.8161 41.4161 11.6
      vertex 72.8161 41.4161 13.85
    endloop
  endfacet
  facet normal -0.522507 -0.852635 0
    outer loop
      vertex 72.9653 41.2887 11.6
      vertex 73.1325 41.1862 13.85
      vertex 72.9653 41.2887 13.85
    endloop
  endfacet
  facet normal -0.522507 -0.852635 -0
    outer loop
      vertex 73.1325 41.1862 13.85
      vertex 72.9653 41.2887 11.6
      vertex 73.1325 41.1862 11.6
    endloop
  endfacet
  facet normal -0.233437 -0.972372 0
    outer loop
      vertex 73.3137 41.1112 11.6
      vertex 73.5045 41.0654 13.85
      vertex 73.3137 41.1112 13.85
    endloop
  endfacet
  facet normal -0.233437 -0.972372 -0
    outer loop
      vertex 73.5045 41.0654 13.85
      vertex 73.3137 41.1112 11.6
      vertex 73.5045 41.0654 11.6
    endloop
  endfacet
  facet normal -0.649431 -0.760421 0
    outer loop
      vertex 72.8161 41.4161 11.6
      vertex 72.9653 41.2887 13.85
      vertex 72.8161 41.4161 13.85
    endloop
  endfacet
  facet normal -0.649431 -0.760421 -0
    outer loop
      vertex 72.9653 41.2887 13.85
      vertex 72.8161 41.4161 11.6
      vertex 72.9653 41.2887 11.6
    endloop
  endfacet
  facet normal 0.996918 -0.0784543 0
    outer loop
      vertex 74.9346 42.1045 13.85
      vertex 74.95 42.3 11.6
      vertex 74.95 42.3 13.85
    endloop
  endfacet
  facet normal 0.996918 -0.0784543 0
    outer loop
      vertex 74.95 42.3 11.6
      vertex 74.9346 42.1045 13.85
      vertex 74.9346 42.1045 11.6
    endloop
  endfacet
  facet normal 0.760411 0.649442 0
    outer loop
      vertex 74.7113 43.0347 13.85
      vertex 74.5839 43.1839 11.6
      vertex 74.5839 43.1839 13.85
    endloop
  endfacet
  facet normal 0.760411 0.649442 0
    outer loop
      vertex 74.5839 43.1839 11.6
      vertex 74.7113 43.0347 13.85
      vertex 74.7113 43.0347 11.6
    endloop
  endfacet
  facet normal 0.923888 0.382663 0
    outer loop
      vertex 74.8888 42.6863 13.85
      vertex 74.8138 42.8675 11.6
      vertex 74.8138 42.8675 13.85
    endloop
  endfacet
  facet normal 0.923888 0.382663 0
    outer loop
      vertex 74.8138 42.8675 11.6
      vertex 74.8888 42.6863 13.85
      vertex 74.8888 42.6863 11.6
    endloop
  endfacet
  facet normal 0.382687 0.923878 -0
    outer loop
      vertex 74.2675 43.4138 11.6
      vertex 74.0863 43.4888 13.85
      vertex 74.2675 43.4138 13.85
    endloop
  endfacet
  facet normal 0.382687 0.923878 0
    outer loop
      vertex 74.0863 43.4888 13.85
      vertex 74.2675 43.4138 11.6
      vertex 74.0863 43.4888 11.6
    endloop
  endfacet
  facet normal 0.522493 0.852644 -0
    outer loop
      vertex 74.4347 43.3113 11.6
      vertex 74.2675 43.4138 13.85
      vertex 74.4347 43.3113 13.85
    endloop
  endfacet
  facet normal 0.522493 0.852644 0
    outer loop
      vertex 74.2675 43.4138 13.85
      vertex 74.4347 43.3113 11.6
      vertex 74.2675 43.4138 11.6
    endloop
  endfacet
  facet normal -0.233455 0.972368 0
    outer loop
      vertex 73.5045 43.5346 11.6
      vertex 73.3137 43.4888 13.85
      vertex 73.5045 43.5346 13.85
    endloop
  endfacet
  facet normal -0.233455 0.972368 0
    outer loop
      vertex 73.3137 43.4888 13.85
      vertex 73.5045 43.5346 11.6
      vertex 73.3137 43.4888 11.6
    endloop
  endfacet
  facet normal -0.649442 0.760411 0
    outer loop
      vertex 72.9653 43.3113 11.6
      vertex 72.8161 43.1839 13.85
      vertex 72.9653 43.3113 13.85
    endloop
  endfacet
  facet normal -0.649442 0.760411 0
    outer loop
      vertex 72.8161 43.1839 13.85
      vertex 72.9653 43.3113 11.6
      vertex 72.8161 43.1839 11.6
    endloop
  endfacet
  facet normal -0.852638 0.522501 0
    outer loop
      vertex 72.5862 42.8675 11.6
      vertex 72.6887 43.0347 13.85
      vertex 72.6887 43.0347 11.6
    endloop
  endfacet
  facet normal -0.852638 0.522501 0
    outer loop
      vertex 72.6887 43.0347 13.85
      vertex 72.5862 42.8675 11.6
      vertex 72.5862 42.8675 13.85
    endloop
  endfacet
  facet normal -0.972377 0.233414 0
    outer loop
      vertex 72.4654 42.4955 11.6
      vertex 72.5112 42.6863 13.85
      vertex 72.5112 42.6863 11.6
    endloop
  endfacet
  facet normal -0.972377 0.233414 0
    outer loop
      vertex 72.5112 42.6863 13.85
      vertex 72.4654 42.4955 11.6
      vertex 72.4654 42.4955 13.85
    endloop
  endfacet
  facet normal -0.760411 0.649442 0
    outer loop
      vertex 72.6887 43.0347 11.6
      vertex 72.8161 43.1839 13.85
      vertex 72.8161 43.1839 11.6
    endloop
  endfacet
  facet normal -0.760411 0.649442 0
    outer loop
      vertex 72.8161 43.1839 13.85
      vertex 72.6887 43.0347 11.6
      vertex 72.6887 43.0347 13.85
    endloop
  endfacet
  facet normal 0.0784706 -0.996916 0
    outer loop
      vertex 73.7 41.05 11.6
      vertex 73.8955 41.0654 13.85
      vertex 73.7 41.05 13.85
    endloop
  endfacet
  facet normal 0.0784706 -0.996916 0
    outer loop
      vertex 73.8955 41.0654 13.85
      vertex 73.7 41.05 11.6
      vertex 73.8955 41.0654 11.6
    endloop
  endfacet
  facet normal 0.382687 -0.923878 0
    outer loop
      vertex 74.0863 41.1112 11.6
      vertex 74.2675 41.1862 13.85
      vertex 74.0863 41.1112 13.85
    endloop
  endfacet
  facet normal 0.382687 -0.923878 0
    outer loop
      vertex 74.2675 41.1862 13.85
      vertex 74.0863 41.1112 11.6
      vertex 74.2675 41.1862 11.6
    endloop
  endfacet
  facet normal -0.996915 -0.0784929 0
    outer loop
      vertex 72.4654 42.1045 11.6
      vertex 72.45 42.3 13.85
      vertex 72.45 42.3 11.6
    endloop
  endfacet
  facet normal -0.996915 -0.0784929 0
    outer loop
      vertex 72.45 42.3 13.85
      vertex 72.4654 42.1045 11.6
      vertex 72.4654 42.1045 13.85
    endloop
  endfacet
  facet normal -0.923874 -0.382696 0
    outer loop
      vertex 72.5862 41.7325 11.6
      vertex 72.5112 41.9137 13.85
      vertex 72.5112 41.9137 11.6
    endloop
  endfacet
  facet normal -0.923874 -0.382696 0
    outer loop
      vertex 72.5112 41.9137 13.85
      vertex 72.5862 41.7325 11.6
      vertex 72.5862 41.7325 13.85
    endloop
  endfacet
  facet normal -0.0784736 -0.996916 0
    outer loop
      vertex 73.5045 41.0654 11.6
      vertex 73.7 41.05 13.85
      vertex 73.5045 41.0654 13.85
    endloop
  endfacet
  facet normal -0.0784736 -0.996916 -0
    outer loop
      vertex 73.7 41.05 13.85
      vertex 73.5045 41.0654 11.6
      vertex 73.7 41.05 11.6
    endloop
  endfacet
  facet normal 0.996918 0.0784543 0
    outer loop
      vertex 74.95 42.3 13.85
      vertex 74.9346 42.4955 11.6
      vertex 74.9346 42.4955 13.85
    endloop
  endfacet
  facet normal 0.996918 0.0784543 0
    outer loop
      vertex 74.9346 42.4955 11.6
      vertex 74.95 42.3 13.85
      vertex 74.95 42.3 11.6
    endloop
  endfacet
  facet normal 0.0784512 0.996918 -0
    outer loop
      vertex 73.8955 43.5346 11.6
      vertex 73.7 43.55 13.85
      vertex 73.8955 43.5346 13.85
    endloop
  endfacet
  facet normal 0.0784512 0.996918 0
    outer loop
      vertex 73.7 43.55 13.85
      vertex 73.8955 43.5346 11.6
      vertex 73.7 43.55 11.6
    endloop
  endfacet
  facet normal 0.233455 0.972368 -0
    outer loop
      vertex 74.0863 43.4888 11.6
      vertex 73.8955 43.5346 13.85
      vertex 74.0863 43.4888 13.85
    endloop
  endfacet
  facet normal 0.233455 0.972368 0
    outer loop
      vertex 73.8955 43.5346 13.85
      vertex 74.0863 43.4888 11.6
      vertex 73.8955 43.5346 11.6
    endloop
  endfacet
  facet normal 0.649442 0.760411 -0
    outer loop
      vertex 74.5839 43.1839 11.6
      vertex 74.4347 43.3113 13.85
      vertex 74.5839 43.1839 13.85
    endloop
  endfacet
  facet normal 0.649442 0.760411 0
    outer loop
      vertex 74.4347 43.3113 13.85
      vertex 74.5839 43.1839 11.6
      vertex 74.4347 43.3113 11.6
    endloop
  endfacet
  facet normal -0.0784543 0.996918 0
    outer loop
      vertex 73.7 43.55 11.6
      vertex 73.5045 43.5346 13.85
      vertex 73.7 43.55 13.85
    endloop
  endfacet
  facet normal -0.0784543 0.996918 0
    outer loop
      vertex 73.5045 43.5346 13.85
      vertex 73.7 43.55 11.6
      vertex 73.5045 43.5346 11.6
    endloop
  endfacet
  facet normal -0.522493 0.852644 0
    outer loop
      vertex 73.1325 43.4138 11.6
      vertex 72.9653 43.3113 13.85
      vertex 73.1325 43.4138 13.85
    endloop
  endfacet
  facet normal -0.522493 0.852644 0
    outer loop
      vertex 72.9653 43.3113 13.85
      vertex 73.1325 43.4138 11.6
      vertex 72.9653 43.3113 11.6
    endloop
  endfacet
  facet normal -0.923874 0.382696 0
    outer loop
      vertex 72.5112 42.6863 11.6
      vertex 72.5862 42.8675 13.85
      vertex 72.5862 42.8675 11.6
    endloop
  endfacet
  facet normal -0.923874 0.382696 0
    outer loop
      vertex 72.5862 42.8675 13.85
      vertex 72.5112 42.6863 11.6
      vertex 72.5112 42.6863 13.85
    endloop
  endfacet
  facet normal -0.996915 0.0784929 0
    outer loop
      vertex 72.45 42.3 11.6
      vertex 72.4654 42.4955 13.85
      vertex 72.4654 42.4955 11.6
    endloop
  endfacet
  facet normal -0.996915 0.0784929 0
    outer loop
      vertex 72.4654 42.4955 13.85
      vertex 72.45 42.3 11.6
      vertex 72.45 42.3 13.85
    endloop
  endfacet
  facet normal 0 0 1
    outer loop
      vertex 74.9346 42.4955 13.85
      vertex 74.9346 42.1045 13.85
      vertex 74.95 42.3 13.85
    endloop
  endfacet
  facet normal 0 0 1
    outer loop
      vertex 74.8888 42.6863 13.85
      vertex 74.9346 42.1045 13.85
      vertex 74.9346 42.4955 13.85
    endloop
  endfacet
  facet normal 0 0 1
    outer loop
      vertex 74.8888 42.6863 13.85
      vertex 74.8888 41.9137 13.85
      vertex 74.9346 42.1045 13.85
    endloop
  endfacet
  facet normal 0 0 1
    outer loop
      vertex 74.8138 42.8675 13.85
      vertex 74.8888 41.9137 13.85
      vertex 74.8888 42.6863 13.85
    endloop
  endfacet
  facet normal 0 0 1
    outer loop
      vertex 74.8138 42.8675 13.85
      vertex 74.8138 41.7325 13.85
      vertex 74.8888 41.9137 13.85
    endloop
  endfacet
  facet normal 0 0 1
    outer loop
      vertex 74.7113 43.0347 13.85
      vertex 74.8138 41.7325 13.85
      vertex 74.8138 42.8675 13.85
    endloop
  endfacet
  facet normal 0 0 1
    outer loop
      vertex 74.7113 43.0347 13.85
      vertex 74.7113 41.5653 13.85
      vertex 74.8138 41.7325 13.85
    endloop
  endfacet
  facet normal 0 0 1
    outer loop
      vertex 74.5839 43.1839 13.85
      vertex 74.7113 41.5653 13.85
      vertex 74.7113 43.0347 13.85
    endloop
  endfacet
  facet normal 0 0 1
    outer loop
      vertex 74.5839 43.1839 13.85
      vertex 74.5839 41.4161 13.85
      vertex 74.7113 41.5653 13.85
    endloop
  endfacet
  facet normal 0 0 1
    outer loop
      vertex 74.4347 43.3113 13.85
      vertex 74.5839 41.4161 13.85
      vertex 74.5839 43.1839 13.85
    endloop
  endfacet
  facet normal 0 0 1
    outer loop
      vertex 74.4347 43.3113 13.85
      vertex 74.4347 41.2887 13.85
      vertex 74.5839 41.4161 13.85
    endloop
  endfacet
  facet normal 0 0 1
    outer loop
      vertex 74.2675 43.4138 13.85
      vertex 74.4347 41.2887 13.85
      vertex 74.4347 43.3113 13.85
    endloop
  endfacet
  facet normal 0 0 1
    outer loop
      vertex 74.2675 43.4138 13.85
      vertex 74.2675 41.1862 13.85
      vertex 74.4347 41.2887 13.85
    endloop
  endfacet
  facet normal 0 0 1
    outer loop
      vertex 74.0863 43.4888 13.85
      vertex 74.2675 41.1862 13.85
      vertex 74.2675 43.4138 13.85
    endloop
  endfacet
  facet normal 0 0 1
    outer loop
      vertex 74.0863 43.4888 13.85
      vertex 74.0863 41.1112 13.85
      vertex 74.2675 41.1862 13.85
    endloop
  endfacet
  facet normal 0 0 1
    outer loop
      vertex 73.8955 43.5346 13.85
      vertex 74.0863 41.1112 13.85
      vertex 74.0863 43.4888 13.85
    endloop
  endfacet
  facet normal 0 0 1
    outer loop
      vertex 73.8955 43.5346 13.85
      vertex 73.8955 41.0654 13.85
      vertex 74.0863 41.1112 13.85
    endloop
  endfacet
  facet normal 0 0 1
    outer loop
      vertex 73.7 43.55 13.85
      vertex 73.8955 41.0654 13.85
      vertex 73.8955 43.5346 13.85
    endloop
  endfacet
  facet normal 0 0 1
    outer loop
      vertex 73.7 43.55 13.85
      vertex 73.7 41.05 13.85
      vertex 73.8955 41.0654 13.85
    endloop
  endfacet
  facet normal -0 0 1
    outer loop
      vertex 73.5045 43.5346 13.85
      vertex 73.7 41.05 13.85
      vertex 73.7 43.55 13.85
    endloop
  endfacet
  facet normal 0 0 1
    outer loop
      vertex 73.5045 43.5346 13.85
      vertex 73.5045 41.0654 13.85
      vertex 73.7 41.05 13.85
    endloop
  endfacet
  facet normal -0 0 1
    outer loop
      vertex 73.3137 43.4888 13.85
      vertex 73.5045 41.0654 13.85
      vertex 73.5045 43.5346 13.85
    endloop
  endfacet
  facet normal 0 0 1
    outer loop
      vertex 73.3137 43.4888 13.85
      vertex 73.3137 41.1112 13.85
      vertex 73.5045 41.0654 13.85
    endloop
  endfacet
  facet normal -0 0 1
    outer loop
      vertex 73.1325 43.4138 13.85
      vertex 73.3137 41.1112 13.85
      vertex 73.3137 43.4888 13.85
    endloop
  endfacet
  facet normal 0 0 1
    outer loop
      vertex 73.1325 43.4138 13.85
      vertex 73.1325 41.1862 13.85
      vertex 73.3137 41.1112 13.85
    endloop
  endfacet
  facet normal -0 0 1
    outer loop
      vertex 72.9653 43.3113 13.85
      vertex 73.1325 41.1862 13.85
      vertex 73.1325 43.4138 13.85
    endloop
  endfacet
  facet normal 0 0 1
    outer loop
      vertex 72.9653 43.3113 13.85
      vertex 72.9653 41.2887 13.85
      vertex 73.1325 41.1862 13.85
    endloop
  endfacet
  facet normal -0 0 1
    outer loop
      vertex 72.8161 43.1839 13.85
      vertex 72.9653 41.2887 13.85
      vertex 72.9653 43.3113 13.85
    endloop
  endfacet
  facet normal 0 0 1
    outer loop
      vertex 72.8161 43.1839 13.85
      vertex 72.8161 41.4161 13.85
      vertex 72.9653 41.2887 13.85
    endloop
  endfacet
  facet normal -0 0 1
    outer loop
      vertex 72.6887 43.0347 13.85
      vertex 72.8161 41.4161 13.85
      vertex 72.8161 43.1839 13.85
    endloop
  endfacet
  facet normal 0 0 1
    outer loop
      vertex 72.6887 43.0347 13.85
      vertex 72.6887 41.5653 13.85
      vertex 72.8161 41.4161 13.85
    endloop
  endfacet
  facet normal -0 0 1
    outer loop
      vertex 72.5862 42.8675 13.85
      vertex 72.6887 41.5653 13.85
      vertex 72.6887 43.0347 13.85
    endloop
  endfacet
  facet normal 0 0 1
    outer loop
      vertex 72.5862 42.8675 13.85
      vertex 72.5862 41.7325 13.85
      vertex 72.6887 41.5653 13.85
    endloop
  endfacet
  facet normal -0 0 1
    outer loop
      vertex 72.5112 42.6863 13.85
      vertex 72.5862 41.7325 13.85
      vertex 72.5862 42.8675 13.85
    endloop
  endfacet
  facet normal 0 0 1
    outer loop
      vertex 72.5112 42.6863 13.85
      vertex 72.5112 41.9137 13.85
      vertex 72.5862 41.7325 13.85
    endloop
  endfacet
  facet normal -0 0 1
    outer loop
      vertex 72.4654 42.4955 13.85
      vertex 72.5112 41.9137 13.85
      vertex 72.5112 42.6863 13.85
    endloop
  endfacet
  facet normal 0 0 1
    outer loop
      vertex 72.4654 42.4955 13.85
      vertex 72.4654 42.1045 13.85
      vertex 72.5112 41.9137 13.85
    endloop
  endfacet
  facet normal 0 -0 1
    outer loop
      vertex 72.4654 42.1045 13.85
      vertex 72.4654 42.4955 13.85
      vertex 72.45 42.3 13.85
    endloop
  endfacet
  facet normal 0.852638 0.522501 0
    outer loop
      vertex 74.8138 42.8675 13.85
      vertex 74.7113 43.0347 11.6
      vertex 74.7113 43.0347 13.85
    endloop
  endfacet
  facet normal 0.852638 0.522501 0
    outer loop
      vertex 74.7113 43.0347 11.6
      vertex 74.8138 42.8675 13.85
      vertex 74.8138 42.8675 11.6
    endloop
  endfacet
  facet normal 0.64945 -0.760404 0
    outer loop
      vertex 75.1695 11.6775 1.6
      vertex 75.4678 11.9322 11.6
      vertex 75.1695 11.6775 11.6
    endloop
  endfacet
  facet normal 0.64945 -0.760404 0
    outer loop
      vertex 75.4678 11.9322 11.6
      vertex 75.1695 11.6775 1.6
      vertex 75.4678 11.9322 1.6
    endloop
  endfacet
  facet normal 0.972372 0.233436 0
    outer loop
      vertex 76.1692 14.0911 11.6
      vertex 76.0776 14.4725 1.6
      vertex 76.0776 14.4725 11.6
    endloop
  endfacet
  facet normal 0.972372 0.233436 0
    outer loop
      vertex 76.0776 14.4725 1.6
      vertex 76.1692 14.0911 11.6
      vertex 76.1692 14.0911 1.6
    endloop
  endfacet
  facet normal -0.382682 0.92388 0
    outer loop
      vertex 72.9275 16.0776 1.6
      vertex 72.565 15.9275 11.6
      vertex 72.9275 16.0776 11.6
    endloop
  endfacet
  facet normal -0.382682 0.92388 0
    outer loop
      vertex 72.565 15.9275 11.6
      vertex 72.9275 16.0776 1.6
      vertex 72.565 15.9275 1.6
    endloop
  endfacet
  facet normal -0.382682 -0.92388 0
    outer loop
      vertex 72.565 11.4725 1.6
      vertex 72.9275 11.3224 11.6
      vertex 72.565 11.4725 11.6
    endloop
  endfacet
  facet normal -0.382682 -0.92388 -0
    outer loop
      vertex 72.9275 11.3224 11.6
      vertex 72.565 11.4725 1.6
      vertex 72.9275 11.3224 1.6
    endloop
  endfacet
  facet normal -0.852634 -0.522508 0
    outer loop
      vertex 71.6775 12.2305 1.6
      vertex 71.4725 12.565 11.6
      vertex 71.4725 12.565 1.6
    endloop
  endfacet
  facet normal -0.852634 -0.522508 0
    outer loop
      vertex 71.4725 12.565 11.6
      vertex 71.6775 12.2305 1.6
      vertex 71.6775 12.2305 11.6
    endloop
  endfacet
  facet normal 0.64945 0.760404 -0
    outer loop
      vertex 75.4678 15.4678 1.6
      vertex 75.1695 15.7225 11.6
      vertex 75.4678 15.4678 11.6
    endloop
  endfacet
  facet normal 0.64945 0.760404 0
    outer loop
      vertex 75.1695 15.7225 11.6
      vertex 75.4678 15.4678 1.6
      vertex 75.1695 15.7225 1.6
    endloop
  endfacet
  facet normal 0.972372 -0.233436 0
    outer loop
      vertex 76.0776 12.9275 11.6
      vertex 76.1692 13.3089 1.6
      vertex 76.1692 13.3089 11.6
    endloop
  endfacet
  facet normal 0.972372 -0.233436 0
    outer loop
      vertex 76.1692 13.3089 1.6
      vertex 76.0776 12.9275 11.6
      vertex 76.0776 12.9275 1.6
    endloop
  endfacet
  facet normal 0.923874 -0.382697 0
    outer loop
      vertex 75.9275 12.565 11.6
      vertex 76.0776 12.9275 1.6
      vertex 76.0776 12.9275 11.6
    endloop
  endfacet
  facet normal 0.923874 -0.382697 0
    outer loop
      vertex 76.0776 12.9275 1.6
      vertex 75.9275 12.565 11.6
      vertex 75.9275 12.565 1.6
    endloop
  endfacet
  facet normal 0.852643 -0.522494 0
    outer loop
      vertex 75.7225 12.2305 11.6
      vertex 75.9275 12.565 1.6
      vertex 75.9275 12.565 11.6
    endloop
  endfacet
  facet normal 0.852643 -0.522494 0
    outer loop
      vertex 75.9275 12.565 1.6
      vertex 75.7225 12.2305 11.6
      vertex 75.7225 12.2305 1.6
    endloop
  endfacet
  facet normal 0.760406 -0.649448 0
    outer loop
      vertex 75.4678 11.9322 11.6
      vertex 75.7225 12.2305 1.6
      vertex 75.7225 12.2305 11.6
    endloop
  endfacet
  facet normal 0.760406 -0.649448 0
    outer loop
      vertex 75.7225 12.2305 1.6
      vertex 75.4678 11.9322 11.6
      vertex 75.4678 11.9322 1.6
    endloop
  endfacet
  facet normal 0.522498 -0.85264 0
    outer loop
      vertex 74.835 11.4725 1.6
      vertex 75.1695 11.6775 11.6
      vertex 74.835 11.4725 11.6
    endloop
  endfacet
  facet normal 0.522498 -0.85264 0
    outer loop
      vertex 75.1695 11.6775 11.6
      vertex 74.835 11.4725 1.6
      vertex 75.1695 11.6775 1.6
    endloop
  endfacet
  facet normal 0.233446 -0.97237 0
    outer loop
      vertex 74.0911 11.2308 1.6
      vertex 74.4725 11.3224 11.6
      vertex 74.0911 11.2308 11.6
    endloop
  endfacet
  facet normal 0.233446 -0.97237 0
    outer loop
      vertex 74.4725 11.3224 11.6
      vertex 74.0911 11.2308 1.6
      vertex 74.4725 11.3224 1.6
    endloop
  endfacet
  facet normal -0.972372 -0.233436 0
    outer loop
      vertex 71.3224 12.9275 1.6
      vertex 71.2308 13.3089 11.6
      vertex 71.2308 13.3089 1.6
    endloop
  endfacet
  facet normal -0.972372 -0.233436 0
    outer loop
      vertex 71.2308 13.3089 11.6
      vertex 71.3224 12.9275 1.6
      vertex 71.3224 12.9275 11.6
    endloop
  endfacet
  facet normal -0.760406 -0.649448 0
    outer loop
      vertex 71.9322 11.9322 1.6
      vertex 71.6775 12.2305 11.6
      vertex 71.6775 12.2305 1.6
    endloop
  endfacet
  facet normal -0.760406 -0.649448 0
    outer loop
      vertex 71.6775 12.2305 11.6
      vertex 71.9322 11.9322 1.6
      vertex 71.9322 11.9322 11.6
    endloop
  endfacet
  facet normal -0.522498 -0.85264 0
    outer loop
      vertex 72.2305 11.6775 1.6
      vertex 72.565 11.4725 11.6
      vertex 72.2305 11.6775 11.6
    endloop
  endfacet
  facet normal -0.522498 -0.85264 -0
    outer loop
      vertex 72.565 11.4725 11.6
      vertex 72.2305 11.6775 1.6
      vertex 72.565 11.4725 1.6
    endloop
  endfacet
  facet normal -0.233446 -0.97237 0
    outer loop
      vertex 72.9275 11.3224 1.6
      vertex 73.3089 11.2308 11.6
      vertex 72.9275 11.3224 11.6
    endloop
  endfacet
  facet normal -0.233446 -0.97237 -0
    outer loop
      vertex 73.3089 11.2308 11.6
      vertex 72.9275 11.3224 1.6
      vertex 73.3089 11.2308 1.6
    endloop
  endfacet
  facet normal -0.64945 -0.760404 0
    outer loop
      vertex 71.9322 11.9322 1.6
      vertex 72.2305 11.6775 11.6
      vertex 71.9322 11.9322 11.6
    endloop
  endfacet
  facet normal -0.64945 -0.760404 -0
    outer loop
      vertex 72.2305 11.6775 11.6
      vertex 71.9322 11.9322 1.6
      vertex 72.2305 11.6775 1.6
    endloop
  endfacet
  facet normal 0.996918 -0.0784537 0
    outer loop
      vertex 76.1692 13.3089 11.6
      vertex 76.2 13.7 1.6
      vertex 76.2 13.7 11.6
    endloop
  endfacet
  facet normal 0.996918 -0.0784537 0
    outer loop
      vertex 76.2 13.7 1.6
      vertex 76.1692 13.3089 11.6
      vertex 76.1692 13.3089 1.6
    endloop
  endfacet
  facet normal 0.760406 0.649448 0
    outer loop
      vertex 75.7225 15.1695 11.6
      vertex 75.4678 15.4678 1.6
      vertex 75.4678 15.4678 11.6
    endloop
  endfacet
  facet normal 0.760406 0.649448 0
    outer loop
      vertex 75.4678 15.4678 1.6
      vertex 75.7225 15.1695 11.6
      vertex 75.7225 15.1695 1.6
    endloop
  endfacet
  facet normal 0.923874 0.382697 0
    outer loop
      vertex 76.0776 14.4725 11.6
      vertex 75.9275 14.835 1.6
      vertex 75.9275 14.835 11.6
    endloop
  endfacet
  facet normal 0.923874 0.382697 0
    outer loop
      vertex 75.9275 14.835 1.6
      vertex 76.0776 14.4725 11.6
      vertex 76.0776 14.4725 1.6
    endloop
  endfacet
  facet normal 0.382682 0.92388 -0
    outer loop
      vertex 74.835 15.9275 1.6
      vertex 74.4725 16.0776 11.6
      vertex 74.835 15.9275 11.6
    endloop
  endfacet
  facet normal 0.382682 0.92388 0
    outer loop
      vertex 74.4725 16.0776 11.6
      vertex 74.835 15.9275 1.6
      vertex 74.4725 16.0776 1.6
    endloop
  endfacet
  facet normal 0.522498 0.85264 -0
    outer loop
      vertex 75.1695 15.7225 1.6
      vertex 74.835 15.9275 11.6
      vertex 75.1695 15.7225 11.6
    endloop
  endfacet
  facet normal 0.522498 0.85264 0
    outer loop
      vertex 74.835 15.9275 11.6
      vertex 75.1695 15.7225 1.6
      vertex 74.835 15.9275 1.6
    endloop
  endfacet
  facet normal -0.233446 0.97237 0
    outer loop
      vertex 73.3089 16.1692 1.6
      vertex 72.9275 16.0776 11.6
      vertex 73.3089 16.1692 11.6
    endloop
  endfacet
  facet normal -0.233446 0.97237 0
    outer loop
      vertex 72.9275 16.0776 11.6
      vertex 73.3089 16.1692 1.6
      vertex 72.9275 16.0776 1.6
    endloop
  endfacet
  facet normal -0.64945 0.760404 0
    outer loop
      vertex 72.2305 15.7225 1.6
      vertex 71.9322 15.4678 11.6
      vertex 72.2305 15.7225 11.6
    endloop
  endfacet
  facet normal -0.64945 0.760404 0
    outer loop
      vertex 71.9322 15.4678 11.6
      vertex 72.2305 15.7225 1.6
      vertex 71.9322 15.4678 1.6
    endloop
  endfacet
  facet normal -0.852634 0.522508 0
    outer loop
      vertex 71.4725 14.835 1.6
      vertex 71.6775 15.1695 11.6
      vertex 71.6775 15.1695 1.6
    endloop
  endfacet
  facet normal -0.852634 0.522508 0
    outer loop
      vertex 71.6775 15.1695 11.6
      vertex 71.4725 14.835 1.6
      vertex 71.4725 14.835 11.6
    endloop
  endfacet
  facet normal -0.972372 0.233436 0
    outer loop
      vertex 71.2308 14.0911 1.6
      vertex 71.3224 14.4725 11.6
      vertex 71.3224 14.4725 1.6
    endloop
  endfacet
  facet normal -0.972372 0.233436 0
    outer loop
      vertex 71.3224 14.4725 11.6
      vertex 71.2308 14.0911 1.6
      vertex 71.2308 14.0911 11.6
    endloop
  endfacet
  facet normal 0.07846 -0.996917 0
    outer loop
      vertex 73.7 11.2 1.6
      vertex 74.0911 11.2308 11.6
      vertex 73.7 11.2 11.6
    endloop
  endfacet
  facet normal 0.07846 -0.996917 0
    outer loop
      vertex 74.0911 11.2308 11.6
      vertex 73.7 11.2 1.6
      vertex 74.0911 11.2308 1.6
    endloop
  endfacet
  facet normal 0.382682 -0.92388 0
    outer loop
      vertex 74.4725 11.3224 1.6
      vertex 74.835 11.4725 11.6
      vertex 74.4725 11.3224 11.6
    endloop
  endfacet
  facet normal 0.382682 -0.92388 0
    outer loop
      vertex 74.835 11.4725 11.6
      vertex 74.4725 11.3224 1.6
      vertex 74.835 11.4725 1.6
    endloop
  endfacet
  facet normal -0.996916 -0.078473 0
    outer loop
      vertex 71.2308 13.3089 1.6
      vertex 71.2 13.7 11.6
      vertex 71.2 13.7 1.6
    endloop
  endfacet
  facet normal -0.996916 -0.078473 0
    outer loop
      vertex 71.2 13.7 11.6
      vertex 71.2308 13.3089 1.6
      vertex 71.2308 13.3089 11.6
    endloop
  endfacet
  facet normal -0.923881 -0.382681 0
    outer loop
      vertex 71.4725 12.565 1.6
      vertex 71.3224 12.9275 11.6
      vertex 71.3224 12.9275 1.6
    endloop
  endfacet
  facet normal -0.923881 -0.382681 0
    outer loop
      vertex 71.3224 12.9275 11.6
      vertex 71.4725 12.565 1.6
      vertex 71.4725 12.565 11.6
    endloop
  endfacet
  facet normal -0.0784615 -0.996917 0
    outer loop
      vertex 73.3089 11.2308 1.6
      vertex 73.7 11.2 11.6
      vertex 73.3089 11.2308 11.6
    endloop
  endfacet
  facet normal -0.0784615 -0.996917 -0
    outer loop
      vertex 73.7 11.2 11.6
      vertex 73.3089 11.2308 1.6
      vertex 73.7 11.2 1.6
    endloop
  endfacet
  facet normal 0.996918 0.0784537 0
    outer loop
      vertex 76.2 13.7 11.6
      vertex 76.1692 14.0911 1.6
      vertex 76.1692 14.0911 11.6
    endloop
  endfacet
  facet normal 0.996918 0.0784537 0
    outer loop
      vertex 76.1692 14.0911 1.6
      vertex 76.2 13.7 11.6
      vertex 76.2 13.7 1.6
    endloop
  endfacet
  facet normal 0.0784624 0.996917 -0
    outer loop
      vertex 74.0911 16.1692 1.6
      vertex 73.7 16.2 11.6
      vertex 74.0911 16.1692 11.6
    endloop
  endfacet
  facet normal 0.0784624 0.996917 0
    outer loop
      vertex 73.7 16.2 11.6
      vertex 74.0911 16.1692 1.6
      vertex 73.7 16.2 1.6
    endloop
  endfacet
  facet normal 0.233446 0.97237 -0
    outer loop
      vertex 74.4725 16.0776 1.6
      vertex 74.0911 16.1692 11.6
      vertex 74.4725 16.0776 11.6
    endloop
  endfacet
  facet normal 0.233446 0.97237 0
    outer loop
      vertex 74.0911 16.1692 11.6
      vertex 74.4725 16.0776 1.6
      vertex 74.0911 16.1692 1.6
    endloop
  endfacet
  facet normal -0.0784639 0.996917 0
    outer loop
      vertex 73.7 16.2 1.6
      vertex 73.3089 16.1692 11.6
      vertex 73.7 16.2 11.6
    endloop
  endfacet
  facet normal -0.0784639 0.996917 0
    outer loop
      vertex 73.3089 16.1692 11.6
      vertex 73.7 16.2 1.6
      vertex 73.3089 16.1692 1.6
    endloop
  endfacet
  facet normal -0.522498 0.85264 0
    outer loop
      vertex 72.565 15.9275 1.6
      vertex 72.2305 15.7225 11.6
      vertex 72.565 15.9275 11.6
    endloop
  endfacet
  facet normal -0.522498 0.85264 0
    outer loop
      vertex 72.2305 15.7225 11.6
      vertex 72.565 15.9275 1.6
      vertex 72.2305 15.7225 1.6
    endloop
  endfacet
  facet normal -0.923881 0.382681 0
    outer loop
      vertex 71.3224 14.4725 1.6
      vertex 71.4725 14.835 11.6
      vertex 71.4725 14.835 1.6
    endloop
  endfacet
  facet normal -0.923881 0.382681 0
    outer loop
      vertex 71.4725 14.835 11.6
      vertex 71.3224 14.4725 1.6
      vertex 71.3224 14.4725 11.6
    endloop
  endfacet
  facet normal -0.996916 0.078473 0
    outer loop
      vertex 71.2 13.7 1.6
      vertex 71.2308 14.0911 11.6
      vertex 71.2308 14.0911 1.6
    endloop
  endfacet
  facet normal -0.996916 0.078473 0
    outer loop
      vertex 71.2308 14.0911 11.6
      vertex 71.2 13.7 1.6
      vertex 71.2 13.7 11.6
    endloop
  endfacet
  facet normal 0 0 1
    outer loop
      vertex 74.95 13.7 11.6
      vertex 76.2 13.7 11.6
      vertex 76.1692 14.0911 11.6
    endloop
  endfacet
  facet normal 0 0 1
    outer loop
      vertex 74.9346 13.8955 11.6
      vertex 76.1692 14.0911 11.6
      vertex 76.0776 14.4725 11.6
    endloop
  endfacet
  facet normal 0 0 1
    outer loop
      vertex 76.2 13.7 11.6
      vertex 74.95 13.7 11.6
      vertex 76.1692 13.3089 11.6
    endloop
  endfacet
  facet normal 0 0 1
    outer loop
      vertex 74.8888 14.0863 11.6
      vertex 76.0776 14.4725 11.6
      vertex 75.9275 14.835 11.6
    endloop
  endfacet
  facet normal -0 0 1
    outer loop
      vertex 74.9346 13.5045 11.6
      vertex 76.1692 13.3089 11.6
      vertex 74.95 13.7 11.6
    endloop
  endfacet
  facet normal 0 0 1
    outer loop
      vertex 74.8138 14.2675 11.6
      vertex 75.9275 14.835 11.6
      vertex 75.7225 15.1695 11.6
    endloop
  endfacet
  facet normal 0 0 1
    outer loop
      vertex 76.1692 13.3089 11.6
      vertex 74.9346 13.5045 11.6
      vertex 76.0776 12.9275 11.6
    endloop
  endfacet
  facet normal 0 0 1
    outer loop
      vertex 74.7113 14.4347 11.6
      vertex 75.7225 15.1695 11.6
      vertex 75.4678 15.4678 11.6
    endloop
  endfacet
  facet normal -0 0 1
    outer loop
      vertex 74.8888 13.3137 11.6
      vertex 76.0776 12.9275 11.6
      vertex 74.9346 13.5045 11.6
    endloop
  endfacet
  facet normal 0 0 1
    outer loop
      vertex 74.5839 14.5839 11.6
      vertex 75.4678 15.4678 11.6
      vertex 75.1695 15.7225 11.6
    endloop
  endfacet
  facet normal 0 0 1
    outer loop
      vertex 76.0776 12.9275 11.6
      vertex 74.8888 13.3137 11.6
      vertex 75.9275 12.565 11.6
    endloop
  endfacet
  facet normal -0 0 1
    outer loop
      vertex 74.8138 13.1325 11.6
      vertex 75.9275 12.565 11.6
      vertex 74.8888 13.3137 11.6
    endloop
  endfacet
  facet normal 0 0 1
    outer loop
      vertex 76.1692 14.0911 11.6
      vertex 74.9346 13.8955 11.6
      vertex 74.95 13.7 11.6
    endloop
  endfacet
  facet normal 0 0 1
    outer loop
      vertex 76.0776 14.4725 11.6
      vertex 74.8888 14.0863 11.6
      vertex 74.9346 13.8955 11.6
    endloop
  endfacet
  facet normal 0 0 1
    outer loop
      vertex 74.4347 14.7113 11.6
      vertex 75.1695 15.7225 11.6
      vertex 74.835 15.9275 11.6
    endloop
  endfacet
  facet normal 0 0 1
    outer loop
      vertex 75.9275 14.835 11.6
      vertex 74.8138 14.2675 11.6
      vertex 74.8888 14.0863 11.6
    endloop
  endfacet
  facet normal 0 0 1
    outer loop
      vertex 75.7225 15.1695 11.6
      vertex 74.7113 14.4347 11.6
      vertex 74.8138 14.2675 11.6
    endloop
  endfacet
  facet normal 0 0 1
    outer loop
      vertex 75.4678 15.4678 11.6
      vertex 74.5839 14.5839 11.6
      vertex 74.7113 14.4347 11.6
    endloop
  endfacet
  facet normal 0 0 1
    outer loop
      vertex 74.2675 14.8138 11.6
      vertex 74.835 15.9275 11.6
      vertex 74.4725 16.0776 11.6
    endloop
  endfacet
  facet normal 0 0 1
    outer loop
      vertex 75.1695 15.7225 11.6
      vertex 74.4347 14.7113 11.6
      vertex 74.5839 14.5839 11.6
    endloop
  endfacet
  facet normal 0 0 1
    outer loop
      vertex 74.835 15.9275 11.6
      vertex 74.2675 14.8138 11.6
      vertex 74.4347 14.7113 11.6
    endloop
  endfacet
  facet normal 0 0 1
    outer loop
      vertex 74.0863 14.8888 11.6
      vertex 74.4725 16.0776 11.6
      vertex 74.0911 16.1692 11.6
    endloop
  endfacet
  facet normal 0 0 1
    outer loop
      vertex 74.4725 16.0776 11.6
      vertex 74.0863 14.8888 11.6
      vertex 74.2675 14.8138 11.6
    endloop
  endfacet
  facet normal 0 0 1
    outer loop
      vertex 74.0911 16.1692 11.6
      vertex 73.8955 14.9346 11.6
      vertex 74.0863 14.8888 11.6
    endloop
  endfacet
  facet normal 0 0 1
    outer loop
      vertex 73.7 16.2 11.6
      vertex 73.8955 14.9346 11.6
      vertex 74.0911 16.1692 11.6
    endloop
  endfacet
  facet normal 0 0 1
    outer loop
      vertex 73.7 16.2 11.6
      vertex 73.7 14.95 11.6
      vertex 73.8955 14.9346 11.6
    endloop
  endfacet
  facet normal 0 0 1
    outer loop
      vertex 73.7 16.2 11.6
      vertex 73.5045 14.9346 11.6
      vertex 73.7 14.95 11.6
    endloop
  endfacet
  facet normal -0 0 1
    outer loop
      vertex 73.3089 16.1692 11.6
      vertex 73.5045 14.9346 11.6
      vertex 73.7 16.2 11.6
    endloop
  endfacet
  facet normal 0 0 1
    outer loop
      vertex 73.5045 14.9346 11.6
      vertex 73.3089 16.1692 11.6
      vertex 73.3137 14.8888 11.6
    endloop
  endfacet
  facet normal -0 0 1
    outer loop
      vertex 72.9275 16.0776 11.6
      vertex 73.3137 14.8888 11.6
      vertex 73.3089 16.1692 11.6
    endloop
  endfacet
  facet normal 0 0 1
    outer loop
      vertex 73.3137 14.8888 11.6
      vertex 72.9275 16.0776 11.6
      vertex 73.1325 14.8138 11.6
    endloop
  endfacet
  facet normal -0 0 1
    outer loop
      vertex 72.565 15.9275 11.6
      vertex 73.1325 14.8138 11.6
      vertex 72.9275 16.0776 11.6
    endloop
  endfacet
  facet normal 0 0 1
    outer loop
      vertex 73.1325 14.8138 11.6
      vertex 72.565 15.9275 11.6
      vertex 72.9653 14.7113 11.6
    endloop
  endfacet
  facet normal -0 0 1
    outer loop
      vertex 72.2305 15.7225 11.6
      vertex 72.9653 14.7113 11.6
      vertex 72.565 15.9275 11.6
    endloop
  endfacet
  facet normal 0 0 1
    outer loop
      vertex 72.9653 14.7113 11.6
      vertex 72.2305 15.7225 11.6
      vertex 72.8161 14.5839 11.6
    endloop
  endfacet
  facet normal -0 0 1
    outer loop
      vertex 71.9322 15.4678 11.6
      vertex 72.8161 14.5839 11.6
      vertex 72.2305 15.7225 11.6
    endloop
  endfacet
  facet normal 0 0 1
    outer loop
      vertex 72.8161 14.5839 11.6
      vertex 71.9322 15.4678 11.6
      vertex 72.6887 14.4347 11.6
    endloop
  endfacet
  facet normal -0 0 1
    outer loop
      vertex 71.6775 15.1695 11.6
      vertex 72.6887 14.4347 11.6
      vertex 71.9322 15.4678 11.6
    endloop
  endfacet
  facet normal 0 0 1
    outer loop
      vertex 72.6887 14.4347 11.6
      vertex 71.6775 15.1695 11.6
      vertex 72.5862 14.2675 11.6
    endloop
  endfacet
  facet normal -0 0 1
    outer loop
      vertex 71.4725 14.835 11.6
      vertex 72.5862 14.2675 11.6
      vertex 71.6775 15.1695 11.6
    endloop
  endfacet
  facet normal 0 0 1
    outer loop
      vertex 75.9275 12.565 11.6
      vertex 74.8138 13.1325 11.6
      vertex 75.7225 12.2305 11.6
    endloop
  endfacet
  facet normal -0 0 1
    outer loop
      vertex 74.7113 12.9653 11.6
      vertex 75.7225 12.2305 11.6
      vertex 74.8138 13.1325 11.6
    endloop
  endfacet
  facet normal 0 0 1
    outer loop
      vertex 75.7225 12.2305 11.6
      vertex 74.7113 12.9653 11.6
      vertex 75.4678 11.9322 11.6
    endloop
  endfacet
  facet normal -0 0 1
    outer loop
      vertex 74.5839 12.8161 11.6
      vertex 75.4678 11.9322 11.6
      vertex 74.7113 12.9653 11.6
    endloop
  endfacet
  facet normal 0 0 1
    outer loop
      vertex 75.4678 11.9322 11.6
      vertex 74.5839 12.8161 11.6
      vertex 75.1695 11.6775 11.6
    endloop
  endfacet
  facet normal -0 0 1
    outer loop
      vertex 74.4347 12.6887 11.6
      vertex 75.1695 11.6775 11.6
      vertex 74.5839 12.8161 11.6
    endloop
  endfacet
  facet normal 0 0 1
    outer loop
      vertex 75.1695 11.6775 11.6
      vertex 74.4347 12.6887 11.6
      vertex 74.835 11.4725 11.6
    endloop
  endfacet
  facet normal -0 0 1
    outer loop
      vertex 74.2675 12.5862 11.6
      vertex 74.835 11.4725 11.6
      vertex 74.4347 12.6887 11.6
    endloop
  endfacet
  facet normal 0 0 1
    outer loop
      vertex 74.835 11.4725 11.6
      vertex 74.2675 12.5862 11.6
      vertex 74.4725 11.3224 11.6
    endloop
  endfacet
  facet normal -0 0 1
    outer loop
      vertex 74.0863 12.5112 11.6
      vertex 74.4725 11.3224 11.6
      vertex 74.2675 12.5862 11.6
    endloop
  endfacet
  facet normal 0 0 1
    outer loop
      vertex 74.4725 11.3224 11.6
      vertex 74.0863 12.5112 11.6
      vertex 74.0911 11.2308 11.6
    endloop
  endfacet
  facet normal -0 0 1
    outer loop
      vertex 73.8955 12.4654 11.6
      vertex 74.0911 11.2308 11.6
      vertex 74.0863 12.5112 11.6
    endloop
  endfacet
  facet normal -0 0 1
    outer loop
      vertex 73.7 12.45 11.6
      vertex 74.0911 11.2308 11.6
      vertex 73.8955 12.4654 11.6
    endloop
  endfacet
  facet normal 0 0 1
    outer loop
      vertex 73.7 12.45 11.6
      vertex 73.7 11.2 11.6
      vertex 74.0911 11.2308 11.6
    endloop
  endfacet
  facet normal 0 0 1
    outer loop
      vertex 73.5045 12.4654 11.6
      vertex 73.7 11.2 11.6
      vertex 73.7 12.45 11.6
    endloop
  endfacet
  facet normal 0 0 1
    outer loop
      vertex 73.3089 11.2308 11.6
      vertex 73.5045 12.4654 11.6
      vertex 73.3137 12.5112 11.6
    endloop
  endfacet
  facet normal 0 0 1
    outer loop
      vertex 73.5045 12.4654 11.6
      vertex 73.3089 11.2308 11.6
      vertex 73.7 11.2 11.6
    endloop
  endfacet
  facet normal 0 0 1
    outer loop
      vertex 72.9275 11.3224 11.6
      vertex 73.3137 12.5112 11.6
      vertex 73.1325 12.5862 11.6
    endloop
  endfacet
  facet normal 0 0 1
    outer loop
      vertex 72.565 11.4725 11.6
      vertex 73.1325 12.5862 11.6
      vertex 72.9653 12.6887 11.6
    endloop
  endfacet
  facet normal 0 0 1
    outer loop
      vertex 73.3137 12.5112 11.6
      vertex 72.9275 11.3224 11.6
      vertex 73.3089 11.2308 11.6
    endloop
  endfacet
  facet normal 0 0 1
    outer loop
      vertex 72.2305 11.6775 11.6
      vertex 72.9653 12.6887 11.6
      vertex 72.8161 12.8161 11.6
    endloop
  endfacet
  facet normal 0 0 1
    outer loop
      vertex 71.9322 11.9322 11.6
      vertex 72.8161 12.8161 11.6
      vertex 72.6887 12.9653 11.6
    endloop
  endfacet
  facet normal 0 0 1
    outer loop
      vertex 71.6775 12.2305 11.6
      vertex 72.6887 12.9653 11.6
      vertex 72.5862 13.1325 11.6
    endloop
  endfacet
  facet normal 0 0 1
    outer loop
      vertex 73.1325 12.5862 11.6
      vertex 72.565 11.4725 11.6
      vertex 72.9275 11.3224 11.6
    endloop
  endfacet
  facet normal 0 0 1
    outer loop
      vertex 71.4725 12.565 11.6
      vertex 72.5862 13.1325 11.6
      vertex 72.5112 13.3137 11.6
    endloop
  endfacet
  facet normal 0 0 1
    outer loop
      vertex 71.3224 12.9275 11.6
      vertex 72.5112 13.3137 11.6
      vertex 72.4654 13.5045 11.6
    endloop
  endfacet
  facet normal 0 0 1
    outer loop
      vertex 71.2308 13.3089 11.6
      vertex 72.4654 13.5045 11.6
      vertex 72.45 13.7 11.6
    endloop
  endfacet
  facet normal 0 0 1
    outer loop
      vertex 72.5862 14.2675 11.6
      vertex 71.4725 14.835 11.6
      vertex 72.5112 14.0863 11.6
    endloop
  endfacet
  facet normal 0 0 1
    outer loop
      vertex 72.9653 12.6887 11.6
      vertex 72.2305 11.6775 11.6
      vertex 72.565 11.4725 11.6
    endloop
  endfacet
  facet normal -0 0 1
    outer loop
      vertex 71.3224 14.4725 11.6
      vertex 72.5112 14.0863 11.6
      vertex 71.4725 14.835 11.6
    endloop
  endfacet
  facet normal 0 0 1
    outer loop
      vertex 72.8161 12.8161 11.6
      vertex 71.9322 11.9322 11.6
      vertex 72.2305 11.6775 11.6
    endloop
  endfacet
  facet normal 0 0 1
    outer loop
      vertex 72.5112 14.0863 11.6
      vertex 71.3224 14.4725 11.6
      vertex 72.4654 13.8955 11.6
    endloop
  endfacet
  facet normal 0 0 1
    outer loop
      vertex 72.6887 12.9653 11.6
      vertex 71.6775 12.2305 11.6
      vertex 71.9322 11.9322 11.6
    endloop
  endfacet
  facet normal -0 0 1
    outer loop
      vertex 71.2308 14.0911 11.6
      vertex 72.4654 13.8955 11.6
      vertex 71.3224 14.4725 11.6
    endloop
  endfacet
  facet normal 0 0 1
    outer loop
      vertex 72.5862 13.1325 11.6
      vertex 71.4725 12.565 11.6
      vertex 71.6775 12.2305 11.6
    endloop
  endfacet
  facet normal 0 0 1
    outer loop
      vertex 72.4654 13.8955 11.6
      vertex 71.2308 14.0911 11.6
      vertex 72.45 13.7 11.6
    endloop
  endfacet
  facet normal 0 0 1
    outer loop
      vertex 72.5112 13.3137 11.6
      vertex 71.3224 12.9275 11.6
      vertex 71.4725 12.565 11.6
    endloop
  endfacet
  facet normal 0 0 1
    outer loop
      vertex 71.2 13.7 11.6
      vertex 72.45 13.7 11.6
      vertex 71.2308 14.0911 11.6
    endloop
  endfacet
  facet normal 0 0 1
    outer loop
      vertex 72.4654 13.5045 11.6
      vertex 71.2308 13.3089 11.6
      vertex 71.3224 12.9275 11.6
    endloop
  endfacet
  facet normal 0 0 1
    outer loop
      vertex 72.45 13.7 11.6
      vertex 71.2 13.7 11.6
      vertex 71.2308 13.3089 11.6
    endloop
  endfacet
  facet normal -0.760406 0.649448 0
    outer loop
      vertex 71.6775 15.1695 1.6
      vertex 71.9322 15.4678 11.6
      vertex 71.9322 15.4678 1.6
    endloop
  endfacet
  facet normal -0.760406 0.649448 0
    outer loop
      vertex 71.9322 15.4678 11.6
      vertex 71.6775 15.1695 1.6
      vertex 71.6775 15.1695 11.6
    endloop
  endfacet
  facet normal 0.852643 0.522494 0
    outer loop
      vertex 75.9275 14.835 11.6
      vertex 75.7225 15.1695 1.6
      vertex 75.7225 15.1695 11.6
    endloop
  endfacet
  facet normal 0.852643 0.522494 0
    outer loop
      vertex 75.7225 15.1695 1.6
      vertex 75.9275 14.835 11.6
      vertex 75.9275 14.835 1.6
    endloop
  endfacet
  facet normal 0.649439 -0.760414 0
    outer loop
      vertex 74.4347 12.6887 11.6
      vertex 74.5839 12.8161 13.85
      vertex 74.4347 12.6887 13.85
    endloop
  endfacet
  facet normal 0.649439 -0.760414 0
    outer loop
      vertex 74.5839 12.8161 13.85
      vertex 74.4347 12.6887 11.6
      vertex 74.5839 12.8161 11.6
    endloop
  endfacet
  facet normal 0.972368 0.233454 0
    outer loop
      vertex 74.9346 13.8955 13.85
      vertex 74.8888 14.0863 11.6
      vertex 74.8888 14.0863 13.85
    endloop
  endfacet
  facet normal 0.972368 0.233454 0
    outer loop
      vertex 74.8888 14.0863 11.6
      vertex 74.9346 13.8955 13.85
      vertex 74.9346 13.8955 11.6
    endloop
  endfacet
  facet normal -0.382687 0.923878 0
    outer loop
      vertex 73.3137 14.8888 11.6
      vertex 73.1325 14.8138 13.85
      vertex 73.3137 14.8888 13.85
    endloop
  endfacet
  facet normal -0.382687 0.923878 0
    outer loop
      vertex 73.1325 14.8138 13.85
      vertex 73.3137 14.8888 11.6
      vertex 73.1325 14.8138 11.6
    endloop
  endfacet
  facet normal -0.382687 -0.923878 0
    outer loop
      vertex 73.1325 12.5862 11.6
      vertex 73.3137 12.5112 13.85
      vertex 73.1325 12.5862 13.85
    endloop
  endfacet
  facet normal -0.382687 -0.923878 -0
    outer loop
      vertex 73.3137 12.5112 13.85
      vertex 73.1325 12.5862 11.6
      vertex 73.3137 12.5112 11.6
    endloop
  endfacet
  facet normal -0.852642 -0.522495 0
    outer loop
      vertex 72.6887 12.9653 11.6
      vertex 72.5862 13.1325 13.85
      vertex 72.5862 13.1325 11.6
    endloop
  endfacet
  facet normal -0.852642 -0.522495 0
    outer loop
      vertex 72.5862 13.1325 13.85
      vertex 72.6887 12.9653 11.6
      vertex 72.6887 12.9653 13.85
    endloop
  endfacet
  facet normal 0.972368 -0.233454 0
    outer loop
      vertex 74.8888 13.3137 13.85
      vertex 74.9346 13.5045 11.6
      vertex 74.9346 13.5045 13.85
    endloop
  endfacet
  facet normal 0.972368 -0.233454 0
    outer loop
      vertex 74.9346 13.5045 11.6
      vertex 74.8888 13.3137 13.85
      vertex 74.8888 13.3137 11.6
    endloop
  endfacet
  facet normal 0.923888 -0.382663 0
    outer loop
      vertex 74.8138 13.1325 13.85
      vertex 74.8888 13.3137 11.6
      vertex 74.8888 13.3137 13.85
    endloop
  endfacet
  facet normal 0.923888 -0.382663 0
    outer loop
      vertex 74.8888 13.3137 11.6
      vertex 74.8138 13.1325 13.85
      vertex 74.8138 13.1325 11.6
    endloop
  endfacet
  facet normal 0.852642 -0.522495 0
    outer loop
      vertex 74.7113 12.9653 13.85
      vertex 74.8138 13.1325 11.6
      vertex 74.8138 13.1325 13.85
    endloop
  endfacet
  facet normal 0.852642 -0.522495 0
    outer loop
      vertex 74.8138 13.1325 11.6
      vertex 74.7113 12.9653 13.85
      vertex 74.7113 12.9653 11.6
    endloop
  endfacet
  facet normal 0.760407 -0.649447 0
    outer loop
      vertex 74.5839 12.8161 13.85
      vertex 74.7113 12.9653 11.6
      vertex 74.7113 12.9653 13.85
    endloop
  endfacet
  facet normal 0.760407 -0.649447 0
    outer loop
      vertex 74.7113 12.9653 11.6
      vertex 74.5839 12.8161 13.85
      vertex 74.5839 12.8161 11.6
    endloop
  endfacet
  facet normal 0.5225 -0.852639 0
    outer loop
      vertex 74.2675 12.5862 11.6
      vertex 74.4347 12.6887 13.85
      vertex 74.2675 12.5862 13.85
    endloop
  endfacet
  facet normal 0.5225 -0.852639 0
    outer loop
      vertex 74.4347 12.6887 13.85
      vertex 74.2675 12.5862 11.6
      vertex 74.4347 12.6887 11.6
    endloop
  endfacet
  facet normal 0.233446 -0.97237 0
    outer loop
      vertex 73.8955 12.4654 11.6
      vertex 74.0863 12.5112 13.85
      vertex 73.8955 12.4654 13.85
    endloop
  endfacet
  facet normal 0.233446 -0.97237 0
    outer loop
      vertex 74.0863 12.5112 13.85
      vertex 73.8955 12.4654 11.6
      vertex 74.0863 12.5112 11.6
    endloop
  endfacet
  facet normal -0.972377 -0.233417 0
    outer loop
      vertex 72.5112 13.3137 11.6
      vertex 72.4654 13.5045 13.85
      vertex 72.4654 13.5045 11.6
    endloop
  endfacet
  facet normal -0.972377 -0.233417 0
    outer loop
      vertex 72.4654 13.5045 13.85
      vertex 72.5112 13.3137 11.6
      vertex 72.5112 13.3137 13.85
    endloop
  endfacet
  facet normal -0.760407 -0.649447 0
    outer loop
      vertex 72.8161 12.8161 11.6
      vertex 72.6887 12.9653 13.85
      vertex 72.6887 12.9653 11.6
    endloop
  endfacet
  facet normal -0.760407 -0.649447 0
    outer loop
      vertex 72.6887 12.9653 13.85
      vertex 72.8161 12.8161 11.6
      vertex 72.8161 12.8161 13.85
    endloop
  endfacet
  facet normal -0.5225 -0.852639 0
    outer loop
      vertex 72.9653 12.6887 11.6
      vertex 73.1325 12.5862 13.85
      vertex 72.9653 12.6887 13.85
    endloop
  endfacet
  facet normal -0.5225 -0.852639 -0
    outer loop
      vertex 73.1325 12.5862 13.85
      vertex 72.9653 12.6887 11.6
      vertex 73.1325 12.5862 11.6
    endloop
  endfacet
  facet normal -0.233446 -0.97237 0
    outer loop
      vertex 73.3137 12.5112 11.6
      vertex 73.5045 12.4654 13.85
      vertex 73.3137 12.5112 13.85
    endloop
  endfacet
  facet normal -0.233446 -0.97237 -0
    outer loop
      vertex 73.5045 12.4654 13.85
      vertex 73.3137 12.5112 11.6
      vertex 73.5045 12.4654 11.6
    endloop
  endfacet
  facet normal -0.649439 -0.760414 0
    outer loop
      vertex 72.8161 12.8161 11.6
      vertex 72.9653 12.6887 13.85
      vertex 72.8161 12.8161 13.85
    endloop
  endfacet
  facet normal -0.649439 -0.760414 -0
    outer loop
      vertex 72.9653 12.6887 13.85
      vertex 72.8161 12.8161 11.6
      vertex 72.9653 12.6887 11.6
    endloop
  endfacet
  facet normal 0.996918 -0.0784539 0
    outer loop
      vertex 74.9346 13.5045 13.85
      vertex 74.95 13.7 11.6
      vertex 74.95 13.7 13.85
    endloop
  endfacet
  facet normal 0.996918 -0.0784539 0
    outer loop
      vertex 74.95 13.7 11.6
      vertex 74.9346 13.5045 13.85
      vertex 74.9346 13.5045 11.6
    endloop
  endfacet
  facet normal 0.760407 0.649447 0
    outer loop
      vertex 74.7113 14.4347 13.85
      vertex 74.5839 14.5839 11.6
      vertex 74.5839 14.5839 13.85
    endloop
  endfacet
  facet normal 0.760407 0.649447 0
    outer loop
      vertex 74.5839 14.5839 11.6
      vertex 74.7113 14.4347 13.85
      vertex 74.7113 14.4347 11.6
    endloop
  endfacet
  facet normal 0.923888 0.382663 0
    outer loop
      vertex 74.8888 14.0863 13.85
      vertex 74.8138 14.2675 11.6
      vertex 74.8138 14.2675 13.85
    endloop
  endfacet
  facet normal 0.923888 0.382663 0
    outer loop
      vertex 74.8138 14.2675 11.6
      vertex 74.8888 14.0863 13.85
      vertex 74.8888 14.0863 11.6
    endloop
  endfacet
  facet normal 0.382687 0.923878 -0
    outer loop
      vertex 74.2675 14.8138 11.6
      vertex 74.0863 14.8888 13.85
      vertex 74.2675 14.8138 13.85
    endloop
  endfacet
  facet normal 0.382687 0.923878 0
    outer loop
      vertex 74.0863 14.8888 13.85
      vertex 74.2675 14.8138 11.6
      vertex 74.0863 14.8888 11.6
    endloop
  endfacet
  facet normal 0.5225 0.852639 -0
    outer loop
      vertex 74.4347 14.7113 11.6
      vertex 74.2675 14.8138 13.85
      vertex 74.4347 14.7113 13.85
    endloop
  endfacet
  facet normal 0.5225 0.852639 0
    outer loop
      vertex 74.2675 14.8138 13.85
      vertex 74.4347 14.7113 11.6
      vertex 74.2675 14.8138 11.6
    endloop
  endfacet
  facet normal -0.233446 0.97237 0
    outer loop
      vertex 73.5045 14.9346 11.6
      vertex 73.3137 14.8888 13.85
      vertex 73.5045 14.9346 13.85
    endloop
  endfacet
  facet normal -0.233446 0.97237 0
    outer loop
      vertex 73.3137 14.8888 13.85
      vertex 73.5045 14.9346 11.6
      vertex 73.3137 14.8888 11.6
    endloop
  endfacet
  facet normal -0.649439 0.760414 0
    outer loop
      vertex 72.9653 14.7113 11.6
      vertex 72.8161 14.5839 13.85
      vertex 72.9653 14.7113 13.85
    endloop
  endfacet
  facet normal -0.649439 0.760414 0
    outer loop
      vertex 72.8161 14.5839 13.85
      vertex 72.9653 14.7113 11.6
      vertex 72.8161 14.5839 11.6
    endloop
  endfacet
  facet normal -0.852642 0.522495 0
    outer loop
      vertex 72.5862 14.2675 11.6
      vertex 72.6887 14.4347 13.85
      vertex 72.6887 14.4347 11.6
    endloop
  endfacet
  facet normal -0.852642 0.522495 0
    outer loop
      vertex 72.6887 14.4347 13.85
      vertex 72.5862 14.2675 11.6
      vertex 72.5862 14.2675 13.85
    endloop
  endfacet
  facet normal -0.972377 0.233417 0
    outer loop
      vertex 72.4654 13.8955 11.6
      vertex 72.5112 14.0863 13.85
      vertex 72.5112 14.0863 11.6
    endloop
  endfacet
  facet normal -0.972377 0.233417 0
    outer loop
      vertex 72.5112 14.0863 13.85
      vertex 72.4654 13.8955 11.6
      vertex 72.4654 13.8955 13.85
    endloop
  endfacet
  facet normal -0.760407 0.649447 0
    outer loop
      vertex 72.6887 14.4347 11.6
      vertex 72.8161 14.5839 13.85
      vertex 72.8161 14.5839 11.6
    endloop
  endfacet
  facet normal -0.760407 0.649447 0
    outer loop
      vertex 72.8161 14.5839 13.85
      vertex 72.6887 14.4347 11.6
      vertex 72.6887 14.4347 13.85
    endloop
  endfacet
  facet normal 0.0784609 -0.996917 0
    outer loop
      vertex 73.7 12.45 11.6
      vertex 73.8955 12.4654 13.85
      vertex 73.7 12.45 13.85
    endloop
  endfacet
  facet normal 0.0784609 -0.996917 0
    outer loop
      vertex 73.8955 12.4654 13.85
      vertex 73.7 12.45 11.6
      vertex 73.8955 12.4654 11.6
    endloop
  endfacet
  facet normal 0.382687 -0.923878 0
    outer loop
      vertex 74.0863 12.5112 11.6
      vertex 74.2675 12.5862 13.85
      vertex 74.0863 12.5112 13.85
    endloop
  endfacet
  facet normal 0.382687 -0.923878 0
    outer loop
      vertex 74.2675 12.5862 13.85
      vertex 74.0863 12.5112 11.6
      vertex 74.2675 12.5862 11.6
    endloop
  endfacet
  facet normal -0.996915 -0.0784925 0
    outer loop
      vertex 72.4654 13.5045 11.6
      vertex 72.45 13.7 13.85
      vertex 72.45 13.7 11.6
    endloop
  endfacet
  facet normal -0.996915 -0.0784925 0
    outer loop
      vertex 72.45 13.7 13.85
      vertex 72.4654 13.5045 11.6
      vertex 72.4654 13.5045 13.85
    endloop
  endfacet
  facet normal -0.923874 -0.382696 0
    outer loop
      vertex 72.5862 13.1325 11.6
      vertex 72.5112 13.3137 13.85
      vertex 72.5112 13.3137 11.6
    endloop
  endfacet
  facet normal -0.923874 -0.382696 0
    outer loop
      vertex 72.5112 13.3137 13.85
      vertex 72.5862 13.1325 11.6
      vertex 72.5862 13.1325 13.85
    endloop
  endfacet
  facet normal -0.0784639 -0.996917 0
    outer loop
      vertex 73.5045 12.4654 11.6
      vertex 73.7 12.45 13.85
      vertex 73.5045 12.4654 13.85
    endloop
  endfacet
  facet normal -0.0784639 -0.996917 -0
    outer loop
      vertex 73.7 12.45 13.85
      vertex 73.5045 12.4654 11.6
      vertex 73.7 12.45 11.6
    endloop
  endfacet
  facet normal 0.996918 0.0784539 0
    outer loop
      vertex 74.95 13.7 13.85
      vertex 74.9346 13.8955 11.6
      vertex 74.9346 13.8955 13.85
    endloop
  endfacet
  facet normal 0.996918 0.0784539 0
    outer loop
      vertex 74.9346 13.8955 11.6
      vertex 74.95 13.7 13.85
      vertex 74.95 13.7 11.6
    endloop
  endfacet
  facet normal 0.0784609 0.996917 -0
    outer loop
      vertex 73.8955 14.9346 11.6
      vertex 73.7 14.95 13.85
      vertex 73.8955 14.9346 13.85
    endloop
  endfacet
  facet normal 0.0784609 0.996917 0
    outer loop
      vertex 73.7 14.95 13.85
      vertex 73.8955 14.9346 11.6
      vertex 73.7 14.95 11.6
    endloop
  endfacet
  facet normal 0.233446 0.97237 -0
    outer loop
      vertex 74.0863 14.8888 11.6
      vertex 73.8955 14.9346 13.85
      vertex 74.0863 14.8888 13.85
    endloop
  endfacet
  facet normal 0.233446 0.97237 0
    outer loop
      vertex 73.8955 14.9346 13.85
      vertex 74.0863 14.8888 11.6
      vertex 73.8955 14.9346 11.6
    endloop
  endfacet
  facet normal 0.649439 0.760414 -0
    outer loop
      vertex 74.5839 14.5839 11.6
      vertex 74.4347 14.7113 13.85
      vertex 74.5839 14.5839 13.85
    endloop
  endfacet
  facet normal 0.649439 0.760414 0
    outer loop
      vertex 74.4347 14.7113 13.85
      vertex 74.5839 14.5839 11.6
      vertex 74.4347 14.7113 11.6
    endloop
  endfacet
  facet normal -0.0784639 0.996917 0
    outer loop
      vertex 73.7 14.95 11.6
      vertex 73.5045 14.9346 13.85
      vertex 73.7 14.95 13.85
    endloop
  endfacet
  facet normal -0.0784639 0.996917 0
    outer loop
      vertex 73.5045 14.9346 13.85
      vertex 73.7 14.95 11.6
      vertex 73.5045 14.9346 11.6
    endloop
  endfacet
  facet normal -0.5225 0.852639 0
    outer loop
      vertex 73.1325 14.8138 11.6
      vertex 72.9653 14.7113 13.85
      vertex 73.1325 14.8138 13.85
    endloop
  endfacet
  facet normal -0.5225 0.852639 0
    outer loop
      vertex 72.9653 14.7113 13.85
      vertex 73.1325 14.8138 11.6
      vertex 72.9653 14.7113 11.6
    endloop
  endfacet
  facet normal -0.923874 0.382696 0
    outer loop
      vertex 72.5112 14.0863 11.6
      vertex 72.5862 14.2675 13.85
      vertex 72.5862 14.2675 11.6
    endloop
  endfacet
  facet normal -0.923874 0.382696 0
    outer loop
      vertex 72.5862 14.2675 13.85
      vertex 72.5112 14.0863 11.6
      vertex 72.5112 14.0863 13.85
    endloop
  endfacet
  facet normal -0.996915 0.0784925 0
    outer loop
      vertex 72.45 13.7 11.6
      vertex 72.4654 13.8955 13.85
      vertex 72.4654 13.8955 11.6
    endloop
  endfacet
  facet normal -0.996915 0.0784925 0
    outer loop
      vertex 72.4654 13.8955 13.85
      vertex 72.45 13.7 11.6
      vertex 72.45 13.7 13.85
    endloop
  endfacet
  facet normal 0 0 1
    outer loop
      vertex 74.9346 13.8955 13.85
      vertex 74.9346 13.5045 13.85
      vertex 74.95 13.7 13.85
    endloop
  endfacet
  facet normal 0 0 1
    outer loop
      vertex 74.8888 14.0863 13.85
      vertex 74.9346 13.5045 13.85
      vertex 74.9346 13.8955 13.85
    endloop
  endfacet
  facet normal 0 0 1
    outer loop
      vertex 74.8888 14.0863 13.85
      vertex 74.8888 13.3137 13.85
      vertex 74.9346 13.5045 13.85
    endloop
  endfacet
  facet normal 0 0 1
    outer loop
      vertex 74.8138 14.2675 13.85
      vertex 74.8888 13.3137 13.85
      vertex 74.8888 14.0863 13.85
    endloop
  endfacet
  facet normal 0 0 1
    outer loop
      vertex 74.8138 14.2675 13.85
      vertex 74.8138 13.1325 13.85
      vertex 74.8888 13.3137 13.85
    endloop
  endfacet
  facet normal 0 0 1
    outer loop
      vertex 74.7113 14.4347 13.85
      vertex 74.8138 13.1325 13.85
      vertex 74.8138 14.2675 13.85
    endloop
  endfacet
  facet normal 0 0 1
    outer loop
      vertex 74.7113 14.4347 13.85
      vertex 74.7113 12.9653 13.85
      vertex 74.8138 13.1325 13.85
    endloop
  endfacet
  facet normal 0 0 1
    outer loop
      vertex 74.5839 14.5839 13.85
      vertex 74.7113 12.9653 13.85
      vertex 74.7113 14.4347 13.85
    endloop
  endfacet
  facet normal 0 0 1
    outer loop
      vertex 74.5839 14.5839 13.85
      vertex 74.5839 12.8161 13.85
      vertex 74.7113 12.9653 13.85
    endloop
  endfacet
  facet normal 0 0 1
    outer loop
      vertex 74.4347 14.7113 13.85
      vertex 74.5839 12.8161 13.85
      vertex 74.5839 14.5839 13.85
    endloop
  endfacet
  facet normal 0 0 1
    outer loop
      vertex 74.4347 14.7113 13.85
      vertex 74.4347 12.6887 13.85
      vertex 74.5839 12.8161 13.85
    endloop
  endfacet
  facet normal 0 0 1
    outer loop
      vertex 74.2675 14.8138 13.85
      vertex 74.4347 12.6887 13.85
      vertex 74.4347 14.7113 13.85
    endloop
  endfacet
  facet normal 0 0 1
    outer loop
      vertex 74.2675 14.8138 13.85
      vertex 74.2675 12.5862 13.85
      vertex 74.4347 12.6887 13.85
    endloop
  endfacet
  facet normal 0 0 1
    outer loop
      vertex 74.0863 14.8888 13.85
      vertex 74.2675 12.5862 13.85
      vertex 74.2675 14.8138 13.85
    endloop
  endfacet
  facet normal 0 0 1
    outer loop
      vertex 74.0863 14.8888 13.85
      vertex 74.0863 12.5112 13.85
      vertex 74.2675 12.5862 13.85
    endloop
  endfacet
  facet normal 0 0 1
    outer loop
      vertex 73.8955 14.9346 13.85
      vertex 74.0863 12.5112 13.85
      vertex 74.0863 14.8888 13.85
    endloop
  endfacet
  facet normal 0 0 1
    outer loop
      vertex 73.8955 14.9346 13.85
      vertex 73.8955 12.4654 13.85
      vertex 74.0863 12.5112 13.85
    endloop
  endfacet
  facet normal 0 0 1
    outer loop
      vertex 73.7 14.95 13.85
      vertex 73.8955 12.4654 13.85
      vertex 73.8955 14.9346 13.85
    endloop
  endfacet
  facet normal 0 0 1
    outer loop
      vertex 73.7 14.95 13.85
      vertex 73.7 12.45 13.85
      vertex 73.8955 12.4654 13.85
    endloop
  endfacet
  facet normal -0 0 1
    outer loop
      vertex 73.5045 14.9346 13.85
      vertex 73.7 12.45 13.85
      vertex 73.7 14.95 13.85
    endloop
  endfacet
  facet normal 0 0 1
    outer loop
      vertex 73.5045 14.9346 13.85
      vertex 73.5045 12.4654 13.85
      vertex 73.7 12.45 13.85
    endloop
  endfacet
  facet normal -0 0 1
    outer loop
      vertex 73.3137 14.8888 13.85
      vertex 73.5045 12.4654 13.85
      vertex 73.5045 14.9346 13.85
    endloop
  endfacet
  facet normal 0 0 1
    outer loop
      vertex 73.3137 14.8888 13.85
      vertex 73.3137 12.5112 13.85
      vertex 73.5045 12.4654 13.85
    endloop
  endfacet
  facet normal -0 0 1
    outer loop
      vertex 73.1325 14.8138 13.85
      vertex 73.3137 12.5112 13.85
      vertex 73.3137 14.8888 13.85
    endloop
  endfacet
  facet normal 0 0 1
    outer loop
      vertex 73.1325 14.8138 13.85
      vertex 73.1325 12.5862 13.85
      vertex 73.3137 12.5112 13.85
    endloop
  endfacet
  facet normal -0 0 1
    outer loop
      vertex 72.9653 14.7113 13.85
      vertex 73.1325 12.5862 13.85
      vertex 73.1325 14.8138 13.85
    endloop
  endfacet
  facet normal 0 0 1
    outer loop
      vertex 72.9653 14.7113 13.85
      vertex 72.9653 12.6887 13.85
      vertex 73.1325 12.5862 13.85
    endloop
  endfacet
  facet normal -0 0 1
    outer loop
      vertex 72.8161 14.5839 13.85
      vertex 72.9653 12.6887 13.85
      vertex 72.9653 14.7113 13.85
    endloop
  endfacet
  facet normal 0 0 1
    outer loop
      vertex 72.8161 14.5839 13.85
      vertex 72.8161 12.8161 13.85
      vertex 72.9653 12.6887 13.85
    endloop
  endfacet
  facet normal -0 0 1
    outer loop
      vertex 72.6887 14.4347 13.85
      vertex 72.8161 12.8161 13.85
      vertex 72.8161 14.5839 13.85
    endloop
  endfacet
  facet normal 0 0 1
    outer loop
      vertex 72.6887 14.4347 13.85
      vertex 72.6887 12.9653 13.85
      vertex 72.8161 12.8161 13.85
    endloop
  endfacet
  facet normal -0 0 1
    outer loop
      vertex 72.5862 14.2675 13.85
      vertex 72.6887 12.9653 13.85
      vertex 72.6887 14.4347 13.85
    endloop
  endfacet
  facet normal 0 0 1
    outer loop
      vertex 72.5862 14.2675 13.85
      vertex 72.5862 13.1325 13.85
      vertex 72.6887 12.9653 13.85
    endloop
  endfacet
  facet normal -0 0 1
    outer loop
      vertex 72.5112 14.0863 13.85
      vertex 72.5862 13.1325 13.85
      vertex 72.5862 14.2675 13.85
    endloop
  endfacet
  facet normal 0 0 1
    outer loop
      vertex 72.5112 14.0863 13.85
      vertex 72.5112 13.3137 13.85
      vertex 72.5862 13.1325 13.85
    endloop
  endfacet
  facet normal -0 0 1
    outer loop
      vertex 72.4654 13.8955 13.85
      vertex 72.5112 13.3137 13.85
      vertex 72.5112 14.0863 13.85
    endloop
  endfacet
  facet normal 0 0 1
    outer loop
      vertex 72.4654 13.8955 13.85
      vertex 72.4654 13.5045 13.85
      vertex 72.5112 13.3137 13.85
    endloop
  endfacet
  facet normal 0 -0 1
    outer loop
      vertex 72.4654 13.5045 13.85
      vertex 72.4654 13.8955 13.85
      vertex 72.45 13.7 13.85
    endloop
  endfacet
  facet normal 0.852642 0.522495 0
    outer loop
      vertex 74.8138 14.2675 13.85
      vertex 74.7113 14.4347 11.6
      vertex 74.7113 14.4347 13.85
    endloop
  endfacet
  facet normal 0.852642 0.522495 0
    outer loop
      vertex 74.7113 14.4347 11.6
      vertex 74.8138 14.2675 13.85
      vertex 74.8138 14.2675 11.6
    endloop
  endfacet
  facet normal 0 0 -1
    outer loop
      vertex 6.7 5.50001 15.15
      vertex 16.7 5.50001 15.15
      vertex 16.7 1.6 15.15
    endloop
  endfacet
  facet normal 0 0 -1
    outer loop
      vertex 16.7 5.50001 15.15
      vertex 6.7 5.50001 15.15
      vertex 16.6384 6.28218 15.15
    endloop
  endfacet
  facet normal -0 0 -1
    outer loop
      vertex 16.6384 6.28218 15.15
      vertex 6.7 5.50001 15.15
      vertex 16.4553 7.04509 15.15
    endloop
  endfacet
  facet normal -0 0 -1
    outer loop
      vertex 16.4553 7.04509 15.15
      vertex 6.7 5.50001 15.15
      vertex 16.155 7.76996 15.15
    endloop
  endfacet
  facet normal -0 0 -1
    outer loop
      vertex 16.155 7.76996 15.15
      vertex 6.7 5.50001 15.15
      vertex 15.7451 8.43893 15.15
    endloop
  endfacet
  facet normal -0 0 -1
    outer loop
      vertex 15.7451 8.43893 15.15
      vertex 6.7 5.50001 15.15
      vertex 15.2355 9.03553 15.15
    endloop
  endfacet
  facet normal -0 0 -1
    outer loop
      vertex 15.2355 9.03553 15.15
      vertex 6.7 5.50001 15.15
      vertex 14.6389 9.54509 15.15
    endloop
  endfacet
  facet normal -0 0 -1
    outer loop
      vertex 14.6389 9.54509 15.15
      vertex 6.7 5.50001 15.15
      vertex 13.9699 9.95504 15.15
    endloop
  endfacet
  facet normal -0 0 -1
    outer loop
      vertex 13.9699 9.95504 15.15
      vertex 6.7 5.50001 15.15
      vertex 13.2451 10.2553 15.15
    endloop
  endfacet
  facet normal -0 0 -1
    outer loop
      vertex 13.2451 10.2553 15.15
      vertex 6.7 5.50001 15.15
      vertex 12.4822 10.4384 15.15
    endloop
  endfacet
  facet normal -0 0 -1
    outer loop
      vertex 12.4822 10.4384 15.15
      vertex 6.7 5.50001 15.15
      vertex 11.7 10.5 15.15
    endloop
  endfacet
  facet normal 0 0 -1
    outer loop
      vertex 11.7 10.5 15.15
      vertex 6.7 5.50001 15.15
      vertex 10.9178 10.4384 15.15
    endloop
  endfacet
  facet normal 0 0 -1
    outer loop
      vertex 10.9178 10.4384 15.15
      vertex 6.7 5.50001 15.15
      vertex 10.1549 10.2553 15.15
    endloop
  endfacet
  facet normal 0 0 -1
    outer loop
      vertex 10.1549 10.2553 15.15
      vertex 6.7 5.50001 15.15
      vertex 9.43004 9.95504 15.15
    endloop
  endfacet
  facet normal 0 0 -1
    outer loop
      vertex 9.43004 9.95504 15.15
      vertex 6.7 5.50001 15.15
      vertex 8.76107 9.54509 15.15
    endloop
  endfacet
  facet normal 0 0 -1
    outer loop
      vertex 8.76107 9.54509 15.15
      vertex 6.7 5.50001 15.15
      vertex 8.16446 9.03553 15.15
    endloop
  endfacet
  facet normal 0 0 -1
    outer loop
      vertex 8.16446 9.03553 15.15
      vertex 6.7 5.50001 15.15
      vertex 7.65491 8.43893 15.15
    endloop
  endfacet
  facet normal 0 0 -1
    outer loop
      vertex 7.65491 8.43893 15.15
      vertex 6.7 5.50001 15.15
      vertex 7.24495 7.76996 15.15
    endloop
  endfacet
  facet normal 0 0 -1
    outer loop
      vertex 7.24495 7.76996 15.15
      vertex 6.7 5.50001 15.15
      vertex 6.94471 7.04509 15.15
    endloop
  endfacet
  facet normal 0 0 -1
    outer loop
      vertex 6.7 5.50001 15.15
      vertex 16.7 1.6 15.15
      vertex 6.7 1.6 15.15
    endloop
  endfacet
  facet normal 0 0 -1
    outer loop
      vertex 6.94471 7.04509 15.15
      vertex 6.7 5.50001 15.15
      vertex 6.76155 6.28218 15.15
    endloop
  endfacet
  facet normal 0 0 -1
    outer loop
      vertex 44.7 5.50001 15.15
      vertex 54.7 5.50001 15.15
      vertex 54.7 1.6 15.15
    endloop
  endfacet
  facet normal 0 0 -1
    outer loop
      vertex 54.7 5.50001 15.15
      vertex 44.7 5.50001 15.15
      vertex 54.6384 6.28218 15.15
    endloop
  endfacet
  facet normal -0 0 -1
    outer loop
      vertex 54.6384 6.28218 15.15
      vertex 44.7 5.50001 15.15
      vertex 54.4553 7.04509 15.15
    endloop
  endfacet
  facet normal -0 0 -1
    outer loop
      vertex 54.4553 7.04509 15.15
      vertex 44.7 5.50001 15.15
      vertex 54.155 7.76996 15.15
    endloop
  endfacet
  facet normal -0 0 -1
    outer loop
      vertex 54.155 7.76996 15.15
      vertex 44.7 5.50001 15.15
      vertex 53.7451 8.43893 15.15
    endloop
  endfacet
  facet normal -0 0 -1
    outer loop
      vertex 53.7451 8.43893 15.15
      vertex 44.7 5.50001 15.15
      vertex 53.2355 9.03553 15.15
    endloop
  endfacet
  facet normal -0 0 -1
    outer loop
      vertex 53.2355 9.03553 15.15
      vertex 44.7 5.50001 15.15
      vertex 52.6389 9.54509 15.15
    endloop
  endfacet
  facet normal -0 0 -1
    outer loop
      vertex 52.6389 9.54509 15.15
      vertex 44.7 5.50001 15.15
      vertex 51.9699 9.95504 15.15
    endloop
  endfacet
  facet normal -0 0 -1
    outer loop
      vertex 51.9699 9.95504 15.15
      vertex 44.7 5.50001 15.15
      vertex 51.2451 10.2553 15.15
    endloop
  endfacet
  facet normal -0 0 -1
    outer loop
      vertex 51.2451 10.2553 15.15
      vertex 44.7 5.50001 15.15
      vertex 50.4822 10.4384 15.15
    endloop
  endfacet
  facet normal -0 0 -1
    outer loop
      vertex 50.4822 10.4384 15.15
      vertex 44.7 5.50001 15.15
      vertex 49.7 10.5 15.15
    endloop
  endfacet
  facet normal 0 0 -1
    outer loop
      vertex 49.7 10.5 15.15
      vertex 44.7 5.50001 15.15
      vertex 48.9178 10.4384 15.15
    endloop
  endfacet
  facet normal 0 0 -1
    outer loop
      vertex 48.9178 10.4384 15.15
      vertex 44.7 5.50001 15.15
      vertex 48.1549 10.2553 15.15
    endloop
  endfacet
  facet normal 0 0 -1
    outer loop
      vertex 48.1549 10.2553 15.15
      vertex 44.7 5.50001 15.15
      vertex 47.43 9.95504 15.15
    endloop
  endfacet
  facet normal 0 0 -1
    outer loop
      vertex 47.43 9.95504 15.15
      vertex 44.7 5.50001 15.15
      vertex 46.7611 9.54509 15.15
    endloop
  endfacet
  facet normal 0 0 -1
    outer loop
      vertex 46.7611 9.54509 15.15
      vertex 44.7 5.50001 15.15
      vertex 46.1645 9.03553 15.15
    endloop
  endfacet
  facet normal 0 0 -1
    outer loop
      vertex 46.1645 9.03553 15.15
      vertex 44.7 5.50001 15.15
      vertex 45.6549 8.43893 15.15
    endloop
  endfacet
  facet normal 0 0 -1
    outer loop
      vertex 45.6549 8.43893 15.15
      vertex 44.7 5.50001 15.15
      vertex 45.245 7.76996 15.15
    endloop
  endfacet
  facet normal 0 0 -1
    outer loop
      vertex 45.245 7.76996 15.15
      vertex 44.7 5.50001 15.15
      vertex 44.9447 7.04509 15.15
    endloop
  endfacet
  facet normal 0 0 -1
    outer loop
      vertex 44.7 5.50001 15.15
      vertex 54.7 1.6 15.15
      vertex 44.7 1.6 15.15
    endloop
  endfacet
  facet normal 0 0 -1
    outer loop
      vertex 44.9447 7.04509 15.15
      vertex 44.7 5.50001 15.15
      vertex 44.7616 6.28218 15.15
    endloop
  endfacet
  facet normal 0 0 -1
    outer loop
      vertex 6.7 48.8 15.15
      vertex 16.7 48.8 15.15
      vertex 16.6384 48.0178 15.15
    endloop
  endfacet
  facet normal 0 0 -1
    outer loop
      vertex 6.7 48.8 15.15
      vertex 16.6384 48.0178 15.15
      vertex 16.4553 47.2549 15.15
    endloop
  endfacet
  facet normal 0 0 -1
    outer loop
      vertex 6.7 48.8 15.15
      vertex 16.4553 47.2549 15.15
      vertex 16.155 46.53 15.15
    endloop
  endfacet
  facet normal 0 0 -1
    outer loop
      vertex 6.7 48.8 15.15
      vertex 16.155 46.53 15.15
      vertex 15.7451 45.8611 15.15
    endloop
  endfacet
  facet normal 0 0 -1
    outer loop
      vertex 6.7 48.8 15.15
      vertex 15.7451 45.8611 15.15
      vertex 15.2355 45.2645 15.15
    endloop
  endfacet
  facet normal 0 0 -1
    outer loop
      vertex 6.7 48.8 15.15
      vertex 15.2355 45.2645 15.15
      vertex 14.6389 44.7549 15.15
    endloop
  endfacet
  facet normal 0 0 -1
    outer loop
      vertex 6.7 48.8 15.15
      vertex 14.6389 44.7549 15.15
      vertex 13.9699 44.345 15.15
    endloop
  endfacet
  facet normal 0 0 -1
    outer loop
      vertex 6.7 48.8 15.15
      vertex 13.9699 44.345 15.15
      vertex 13.2451 44.0447 15.15
    endloop
  endfacet
  facet normal 0 0 -1
    outer loop
      vertex 6.7 48.8 15.15
      vertex 13.2451 44.0447 15.15
      vertex 12.4822 43.8616 15.15
    endloop
  endfacet
  facet normal 0 0 -1
    outer loop
      vertex 6.7 48.8 15.15
      vertex 12.4822 43.8616 15.15
      vertex 11.7 43.8 15.15
    endloop
  endfacet
  facet normal 0 0 -1
    outer loop
      vertex 6.7 48.8 15.15
      vertex 11.7 43.8 15.15
      vertex 10.9178 43.8616 15.15
    endloop
  endfacet
  facet normal 0 0 -1
    outer loop
      vertex 6.7 48.8 15.15
      vertex 10.9178 43.8616 15.15
      vertex 10.1549 44.0447 15.15
    endloop
  endfacet
  facet normal 0 0 -1
    outer loop
      vertex 6.7 48.8 15.15
      vertex 10.1549 44.0447 15.15
      vertex 9.43004 44.345 15.15
    endloop
  endfacet
  facet normal 0 0 -1
    outer loop
      vertex 6.7 48.8 15.15
      vertex 9.43004 44.345 15.15
      vertex 8.76107 44.7549 15.15
    endloop
  endfacet
  facet normal 0 0 -1
    outer loop
      vertex 6.7 48.8 15.15
      vertex 8.76107 44.7549 15.15
      vertex 8.16446 45.2645 15.15
    endloop
  endfacet
  facet normal 0 0 -1
    outer loop
      vertex 6.7 48.8 15.15
      vertex 8.16446 45.2645 15.15
      vertex 7.65491 45.8611 15.15
    endloop
  endfacet
  facet normal 0 0 -1
    outer loop
      vertex 6.7 48.8 15.15
      vertex 7.65491 45.8611 15.15
      vertex 7.24495 46.53 15.15
    endloop
  endfacet
  facet normal 0 0 -1
    outer loop
      vertex 6.7 48.8 15.15
      vertex 7.24495 46.53 15.15
      vertex 6.94471 47.2549 15.15
    endloop
  endfacet
  facet normal 0 0 -1
    outer loop
      vertex 6.7 48.8 15.15
      vertex 6.94471 47.2549 15.15
      vertex 6.76155 48.0178 15.15
    endloop
  endfacet
  facet normal -0 0 -1
    outer loop
      vertex 16.7 48.8 15.15
      vertex 6.7 48.8 15.15
      vertex 16.7 52.7 15.15
    endloop
  endfacet
  facet normal -0 0 -1
    outer loop
      vertex 16.7 52.7 15.15
      vertex 6.7 48.8 15.15
      vertex 6.7 52.7 15.15
    endloop
  endfacet
  facet normal 0 0 -1
    outer loop
      vertex 44.7 48.8 15.15
      vertex 54.7 48.8 15.15
      vertex 54.6384 48.0178 15.15
    endloop
  endfacet
  facet normal 0 0 -1
    outer loop
      vertex 44.7 48.8 15.15
      vertex 54.6384 48.0178 15.15
      vertex 54.4553 47.2549 15.15
    endloop
  endfacet
  facet normal 0 0 -1
    outer loop
      vertex 44.7 48.8 15.15
      vertex 54.4553 47.2549 15.15
      vertex 54.155 46.53 15.15
    endloop
  endfacet
  facet normal 0 0 -1
    outer loop
      vertex 44.7 48.8 15.15
      vertex 54.155 46.53 15.15
      vertex 53.7451 45.8611 15.15
    endloop
  endfacet
  facet normal 0 0 -1
    outer loop
      vertex 44.7 48.8 15.15
      vertex 53.7451 45.8611 15.15
      vertex 53.2355 45.2645 15.15
    endloop
  endfacet
  facet normal 0 0 -1
    outer loop
      vertex 44.7 48.8 15.15
      vertex 53.2355 45.2645 15.15
      vertex 52.6389 44.7549 15.15
    endloop
  endfacet
  facet normal 0 0 -1
    outer loop
      vertex 44.7 48.8 15.15
      vertex 52.6389 44.7549 15.15
      vertex 51.9699 44.345 15.15
    endloop
  endfacet
  facet normal 0 0 -1
    outer loop
      vertex 44.7 48.8 15.15
      vertex 51.9699 44.345 15.15
      vertex 51.2451 44.0447 15.15
    endloop
  endfacet
  facet normal 0 0 -1
    outer loop
      vertex 44.7 48.8 15.15
      vertex 51.2451 44.0447 15.15
      vertex 50.4822 43.8616 15.15
    endloop
  endfacet
  facet normal 0 0 -1
    outer loop
      vertex 44.7 48.8 15.15
      vertex 50.4822 43.8616 15.15
      vertex 49.7 43.8 15.15
    endloop
  endfacet
  facet normal 0 0 -1
    outer loop
      vertex 44.7 48.8 15.15
      vertex 49.7 43.8 15.15
      vertex 48.9178 43.8616 15.15
    endloop
  endfacet
  facet normal 0 0 -1
    outer loop
      vertex 44.7 48.8 15.15
      vertex 48.9178 43.8616 15.15
      vertex 48.1549 44.0447 15.15
    endloop
  endfacet
  facet normal 0 0 -1
    outer loop
      vertex 44.7 48.8 15.15
      vertex 48.1549 44.0447 15.15
      vertex 47.43 44.345 15.15
    endloop
  endfacet
  facet normal 0 0 -1
    outer loop
      vertex 44.7 48.8 15.15
      vertex 47.43 44.345 15.15
      vertex 46.7611 44.7549 15.15
    endloop
  endfacet
  facet normal 0 0 -1
    outer loop
      vertex 44.7 48.8 15.15
      vertex 46.7611 44.7549 15.15
      vertex 46.1645 45.2645 15.15
    endloop
  endfacet
  facet normal 0 0 -1
    outer loop
      vertex 44.7 48.8 15.15
      vertex 46.1645 45.2645 15.15
      vertex 45.6549 45.8611 15.15
    endloop
  endfacet
  facet normal 0 0 -1
    outer loop
      vertex 44.7 48.8 15.15
      vertex 45.6549 45.8611 15.15
      vertex 45.245 46.53 15.15
    endloop
  endfacet
  facet normal 0 0 -1
    outer loop
      vertex 44.7 48.8 15.15
      vertex 45.245 46.53 15.15
      vertex 44.9447 47.2549 15.15
    endloop
  endfacet
  facet normal 0 0 -1
    outer loop
      vertex 44.7 48.8 15.15
      vertex 44.9447 47.2549 15.15
      vertex 44.7616 48.0178 15.15
    endloop
  endfacet
  facet normal -0 0 -1
    outer loop
      vertex 54.7 48.8 15.15
      vertex 44.7 48.8 15.15
      vertex 54.7 52.7 15.15
    endloop
  endfacet
  facet normal -0 0 -1
    outer loop
      vertex 54.7 52.7 15.15
      vertex 44.7 48.8 15.15
      vertex 44.7 52.7 15.15
    endloop
  endfacet
  facet normal 0.233437 0.972372 -0
    outer loop
      vertex 13.2451 10.2553 15.15
      vertex 12.4822 10.4384 23.15
      vertex 13.2451 10.2553 23.15
    endloop
  endfacet
  facet normal 0.233437 0.972372 0
    outer loop
      vertex 12.4822 10.4384 23.15
      vertex 13.2451 10.2553 15.15
      vertex 12.4822 10.4384 15.15
    endloop
  endfacet
  facet normal 0.38268 0.923881 -0
    outer loop
      vertex 13.9699 9.95504 15.15
      vertex 13.2451 10.2553 23.15
      vertex 13.9699 9.95504 23.15
    endloop
  endfacet
  facet normal 0.38268 0.923881 0
    outer loop
      vertex 13.2451 10.2553 23.15
      vertex 13.9699 9.95504 15.15
      vertex 13.2451 10.2553 15.15
    endloop
  endfacet
  facet normal 0.522507 0.852635 -0
    outer loop
      vertex 14.6389 9.54509 15.15
      vertex 13.9699 9.95504 23.15
      vertex 14.6389 9.54509 23.15
    endloop
  endfacet
  facet normal 0.522507 0.852635 0
    outer loop
      vertex 13.9699 9.95504 23.15
      vertex 14.6389 9.54509 15.15
      vertex 13.9699 9.95504 15.15
    endloop
  endfacet
  facet normal 0.649451 0.760403 -0
    outer loop
      vertex 15.2355 9.03553 15.15
      vertex 14.6389 9.54509 23.15
      vertex 15.2355 9.03553 23.15
    endloop
  endfacet
  facet normal 0.649451 0.760403 0
    outer loop
      vertex 14.6389 9.54509 23.15
      vertex 15.2355 9.03553 15.15
      vertex 14.6389 9.54509 15.15
    endloop
  endfacet
  facet normal 0.760403 0.649451 0
    outer loop
      vertex 15.7451 8.43893 23.15
      vertex 15.2355 9.03553 15.15
      vertex 15.2355 9.03553 23.15
    endloop
  endfacet
  facet normal 0.760403 0.649451 0
    outer loop
      vertex 15.2355 9.03553 15.15
      vertex 15.7451 8.43893 23.15
      vertex 15.7451 8.43893 15.15
    endloop
  endfacet
  facet normal 0.852635 0.522508 0
    outer loop
      vertex 16.155 7.76996 23.15
      vertex 15.7451 8.43893 15.15
      vertex 15.7451 8.43893 23.15
    endloop
  endfacet
  facet normal 0.852635 0.522508 0
    outer loop
      vertex 15.7451 8.43893 15.15
      vertex 16.155 7.76996 23.15
      vertex 16.155 7.76996 15.15
    endloop
  endfacet
  facet normal 0.923881 0.38268 0
    outer loop
      vertex 16.4553 7.04509 23.15
      vertex 16.155 7.76996 15.15
      vertex 16.155 7.76996 23.15
    endloop
  endfacet
  facet normal 0.923881 0.38268 0
    outer loop
      vertex 16.155 7.76996 15.15
      vertex 16.4553 7.04509 23.15
      vertex 16.4553 7.04509 15.15
    endloop
  endfacet
  facet normal 0.972372 0.233437 0
    outer loop
      vertex 16.6384 6.28218 23.15
      vertex 16.4553 7.04509 15.15
      vertex 16.4553 7.04509 23.15
    endloop
  endfacet
  facet normal 0.972372 0.233437 0
    outer loop
      vertex 16.4553 7.04509 15.15
      vertex 16.6384 6.28218 23.15
      vertex 16.6384 6.28218 15.15
    endloop
  endfacet
  facet normal 0.996916 0.0784736 0
    outer loop
      vertex 16.7 5.50001 23.15
      vertex 16.6384 6.28218 15.15
      vertex 16.6384 6.28218 23.15
    endloop
  endfacet
  facet normal 0.996916 0.0784736 0
    outer loop
      vertex 16.6384 6.28218 15.15
      vertex 16.7 5.50001 23.15
      vertex 16.7 5.50001 15.15
    endloop
  endfacet
  facet normal 1 -0 0
    outer loop
      vertex 16.7 1.6 23.15
      vertex 16.7 5.50001 15.15
      vertex 16.7 5.50001 23.15
    endloop
  endfacet
  facet normal 1 0 0
    outer loop
      vertex 16.7 5.50001 15.15
      vertex 16.7 1.6 23.15
      vertex 16.7 1.6 15.15
    endloop
  endfacet
  facet normal -1 0 0
    outer loop
      vertex 6.7 1.6 15.15
      vertex 6.7 5.50001 23.15
      vertex 6.7 5.50001 15.15
    endloop
  endfacet
  facet normal -1 -0 0
    outer loop
      vertex 6.7 5.50001 23.15
      vertex 6.7 1.6 15.15
      vertex 6.7 1.6 23.15
    endloop
  endfacet
  facet normal -0.996918 0.0784543 0
    outer loop
      vertex 6.7 5.50001 15.15
      vertex 6.76155 6.28218 23.15
      vertex 6.76155 6.28218 15.15
    endloop
  endfacet
  facet normal -0.996918 0.0784543 0
    outer loop
      vertex 6.76155 6.28218 23.15
      vertex 6.7 5.50001 15.15
      vertex 6.7 5.50001 23.15
    endloop
  endfacet
  facet normal -0.972372 0.233437 0
    outer loop
      vertex 6.76155 6.28218 15.15
      vertex 6.94471 7.04509 23.15
      vertex 6.94471 7.04509 15.15
    endloop
  endfacet
  facet normal -0.972372 0.233437 0
    outer loop
      vertex 6.94471 7.04509 23.15
      vertex 6.76155 6.28218 15.15
      vertex 6.76155 6.28218 23.15
    endloop
  endfacet
  facet normal -0.923881 0.38268 0
    outer loop
      vertex 6.94471 7.04509 15.15
      vertex 7.24495 7.76996 23.15
      vertex 7.24495 7.76996 15.15
    endloop
  endfacet
  facet normal -0.923881 0.38268 0
    outer loop
      vertex 7.24495 7.76996 23.15
      vertex 6.94471 7.04509 15.15
      vertex 6.94471 7.04509 23.15
    endloop
  endfacet
  facet normal -0.852635 0.522507 0
    outer loop
      vertex 7.24495 7.76996 15.15
      vertex 7.65491 8.43893 23.15
      vertex 7.65491 8.43893 15.15
    endloop
  endfacet
  facet normal -0.852635 0.522507 0
    outer loop
      vertex 7.65491 8.43893 23.15
      vertex 7.24495 7.76996 15.15
      vertex 7.24495 7.76996 23.15
    endloop
  endfacet
  facet normal -0.760403 0.649451 0
    outer loop
      vertex 7.65491 8.43893 15.15
      vertex 8.16446 9.03553 23.15
      vertex 8.16446 9.03553 15.15
    endloop
  endfacet
  facet normal -0.760403 0.649451 0
    outer loop
      vertex 8.16446 9.03553 23.15
      vertex 7.65491 8.43893 15.15
      vertex 7.65491 8.43893 23.15
    endloop
  endfacet
  facet normal -0.649451 0.760403 0
    outer loop
      vertex 8.76107 9.54509 15.15
      vertex 8.16446 9.03553 23.15
      vertex 8.76107 9.54509 23.15
    endloop
  endfacet
  facet normal -0.649451 0.760403 0
    outer loop
      vertex 8.16446 9.03553 23.15
      vertex 8.76107 9.54509 15.15
      vertex 8.16446 9.03553 15.15
    endloop
  endfacet
  facet normal -0.522507 0.852635 0
    outer loop
      vertex 9.43004 9.95504 15.15
      vertex 8.76107 9.54509 23.15
      vertex 9.43004 9.95504 23.15
    endloop
  endfacet
  facet normal -0.522507 0.852635 0
    outer loop
      vertex 8.76107 9.54509 23.15
      vertex 9.43004 9.95504 15.15
      vertex 8.76107 9.54509 15.15
    endloop
  endfacet
  facet normal -0.38268 0.923881 0
    outer loop
      vertex 10.1549 10.2553 15.15
      vertex 9.43004 9.95504 23.15
      vertex 10.1549 10.2553 23.15
    endloop
  endfacet
  facet normal -0.38268 0.923881 0
    outer loop
      vertex 9.43004 9.95504 23.15
      vertex 10.1549 10.2553 15.15
      vertex 9.43004 9.95504 15.15
    endloop
  endfacet
  facet normal -0.233437 0.972372 0
    outer loop
      vertex 10.9178 10.4384 15.15
      vertex 10.1549 10.2553 23.15
      vertex 10.9178 10.4384 23.15
    endloop
  endfacet
  facet normal -0.233437 0.972372 0
    outer loop
      vertex 10.1549 10.2553 23.15
      vertex 10.9178 10.4384 15.15
      vertex 10.1549 10.2553 15.15
    endloop
  endfacet
  facet normal -0.0784736 0.996916 0
    outer loop
      vertex 11.7 10.5 15.15
      vertex 10.9178 10.4384 23.15
      vertex 11.7 10.5 23.15
    endloop
  endfacet
  facet normal -0.0784736 0.996916 0
    outer loop
      vertex 10.9178 10.4384 23.15
      vertex 11.7 10.5 15.15
      vertex 10.9178 10.4384 15.15
    endloop
  endfacet
  facet normal 0.0784721 0.996916 -0
    outer loop
      vertex 12.4822 10.4384 15.15
      vertex 11.7 10.5 23.15
      vertex 12.4822 10.4384 23.15
    endloop
  endfacet
  facet normal 0.0784721 0.996916 0
    outer loop
      vertex 11.7 10.5 23.15
      vertex 12.4822 10.4384 15.15
      vertex 11.7 10.5 15.15
    endloop
  endfacet
  facet normal 0.233437 0.972372 -0
    outer loop
      vertex 51.2451 10.2553 15.15
      vertex 50.4822 10.4384 23.15
      vertex 51.2451 10.2553 23.15
    endloop
  endfacet
  facet normal 0.233437 0.972372 0
    outer loop
      vertex 50.4822 10.4384 23.15
      vertex 51.2451 10.2553 15.15
      vertex 50.4822 10.4384 15.15
    endloop
  endfacet
  facet normal 0.38268 0.923881 -0
    outer loop
      vertex 51.9699 9.95504 15.15
      vertex 51.2451 10.2553 23.15
      vertex 51.9699 9.95504 23.15
    endloop
  endfacet
  facet normal 0.38268 0.923881 0
    outer loop
      vertex 51.2451 10.2553 23.15
      vertex 51.9699 9.95504 15.15
      vertex 51.2451 10.2553 15.15
    endloop
  endfacet
  facet normal 0.522507 0.852635 -0
    outer loop
      vertex 52.6389 9.54509 15.15
      vertex 51.9699 9.95504 23.15
      vertex 52.6389 9.54509 23.15
    endloop
  endfacet
  facet normal 0.522507 0.852635 0
    outer loop
      vertex 51.9699 9.95504 23.15
      vertex 52.6389 9.54509 15.15
      vertex 51.9699 9.95504 15.15
    endloop
  endfacet
  facet normal 0.649451 0.760403 -0
    outer loop
      vertex 53.2355 9.03553 15.15
      vertex 52.6389 9.54509 23.15
      vertex 53.2355 9.03553 23.15
    endloop
  endfacet
  facet normal 0.649451 0.760403 0
    outer loop
      vertex 52.6389 9.54509 23.15
      vertex 53.2355 9.03553 15.15
      vertex 52.6389 9.54509 15.15
    endloop
  endfacet
  facet normal 0.760403 0.649451 0
    outer loop
      vertex 53.7451 8.43893 23.15
      vertex 53.2355 9.03553 15.15
      vertex 53.2355 9.03553 23.15
    endloop
  endfacet
  facet normal 0.760403 0.649451 0
    outer loop
      vertex 53.2355 9.03553 15.15
      vertex 53.7451 8.43893 23.15
      vertex 53.7451 8.43893 15.15
    endloop
  endfacet
  facet normal 0.852635 0.522507 0
    outer loop
      vertex 54.155 7.76996 23.15
      vertex 53.7451 8.43893 15.15
      vertex 53.7451 8.43893 23.15
    endloop
  endfacet
  facet normal 0.852635 0.522507 0
    outer loop
      vertex 53.7451 8.43893 15.15
      vertex 54.155 7.76996 23.15
      vertex 54.155 7.76996 15.15
    endloop
  endfacet
  facet normal 0.923881 0.38268 0
    outer loop
      vertex 54.4553 7.04509 23.15
      vertex 54.155 7.76996 15.15
      vertex 54.155 7.76996 23.15
    endloop
  endfacet
  facet normal 0.923881 0.38268 0
    outer loop
      vertex 54.155 7.76996 15.15
      vertex 54.4553 7.04509 23.15
      vertex 54.4553 7.04509 15.15
    endloop
  endfacet
  facet normal 0.972372 0.233437 0
    outer loop
      vertex 54.6384 6.28218 23.15
      vertex 54.4553 7.04509 15.15
      vertex 54.4553 7.04509 23.15
    endloop
  endfacet
  facet normal 0.972372 0.233437 0
    outer loop
      vertex 54.4553 7.04509 15.15
      vertex 54.6384 6.28218 23.15
      vertex 54.6384 6.28218 15.15
    endloop
  endfacet
  facet normal 0.996916 0.0784736 0
    outer loop
      vertex 54.7 5.50001 23.15
      vertex 54.6384 6.28218 15.15
      vertex 54.6384 6.28218 23.15
    endloop
  endfacet
  facet normal 0.996916 0.0784736 0
    outer loop
      vertex 54.6384 6.28218 15.15
      vertex 54.7 5.50001 23.15
      vertex 54.7 5.50001 15.15
    endloop
  endfacet
  facet normal 1 -0 0
    outer loop
      vertex 54.7 1.6 23.15
      vertex 54.7 5.50001 15.15
      vertex 54.7 5.50001 23.15
    endloop
  endfacet
  facet normal 1 0 0
    outer loop
      vertex 54.7 5.50001 15.15
      vertex 54.7 1.6 23.15
      vertex 54.7 1.6 15.15
    endloop
  endfacet
  facet normal -1 0 0
    outer loop
      vertex 44.7 1.6 15.15
      vertex 44.7 5.50001 23.15
      vertex 44.7 5.50001 15.15
    endloop
  endfacet
  facet normal -1 -0 0
    outer loop
      vertex 44.7 5.50001 23.15
      vertex 44.7 1.6 15.15
      vertex 44.7 1.6 23.15
    endloop
  endfacet
  facet normal -0.996918 0.0784543 0
    outer loop
      vertex 44.7 5.50001 15.15
      vertex 44.7616 6.28218 23.15
      vertex 44.7616 6.28218 15.15
    endloop
  endfacet
  facet normal -0.996918 0.0784543 0
    outer loop
      vertex 44.7616 6.28218 23.15
      vertex 44.7 5.50001 15.15
      vertex 44.7 5.50001 23.15
    endloop
  endfacet
  facet normal -0.972372 0.233437 0
    outer loop
      vertex 44.7616 6.28218 15.15
      vertex 44.9447 7.04509 23.15
      vertex 44.9447 7.04509 15.15
    endloop
  endfacet
  facet normal -0.972372 0.233437 0
    outer loop
      vertex 44.9447 7.04509 23.15
      vertex 44.7616 6.28218 15.15
      vertex 44.7616 6.28218 23.15
    endloop
  endfacet
  facet normal -0.923881 0.38268 0
    outer loop
      vertex 44.9447 7.04509 15.15
      vertex 45.245 7.76996 23.15
      vertex 45.245 7.76996 15.15
    endloop
  endfacet
  facet normal -0.923881 0.38268 0
    outer loop
      vertex 45.245 7.76996 23.15
      vertex 44.9447 7.04509 15.15
      vertex 44.9447 7.04509 23.15
    endloop
  endfacet
  facet normal -0.852635 0.522507 0
    outer loop
      vertex 45.245 7.76996 15.15
      vertex 45.6549 8.43893 23.15
      vertex 45.6549 8.43893 15.15
    endloop
  endfacet
  facet normal -0.852635 0.522507 0
    outer loop
      vertex 45.6549 8.43893 23.15
      vertex 45.245 7.76996 15.15
      vertex 45.245 7.76996 23.15
    endloop
  endfacet
  facet normal -0.760403 0.649451 0
    outer loop
      vertex 45.6549 8.43893 15.15
      vertex 46.1645 9.03553 23.15
      vertex 46.1645 9.03553 15.15
    endloop
  endfacet
  facet normal -0.760403 0.649451 0
    outer loop
      vertex 46.1645 9.03553 23.15
      vertex 45.6549 8.43893 15.15
      vertex 45.6549 8.43893 23.15
    endloop
  endfacet
  facet normal -0.649451 0.760403 0
    outer loop
      vertex 46.7611 9.54509 15.15
      vertex 46.1645 9.03553 23.15
      vertex 46.7611 9.54509 23.15
    endloop
  endfacet
  facet normal -0.649451 0.760403 0
    outer loop
      vertex 46.1645 9.03553 23.15
      vertex 46.7611 9.54509 15.15
      vertex 46.1645 9.03553 15.15
    endloop
  endfacet
  facet normal -0.522507 0.852635 0
    outer loop
      vertex 47.43 9.95504 15.15
      vertex 46.7611 9.54509 23.15
      vertex 47.43 9.95504 23.15
    endloop
  endfacet
  facet normal -0.522507 0.852635 0
    outer loop
      vertex 46.7611 9.54509 23.15
      vertex 47.43 9.95504 15.15
      vertex 46.7611 9.54509 15.15
    endloop
  endfacet
  facet normal -0.38268 0.923881 0
    outer loop
      vertex 48.1549 10.2553 15.15
      vertex 47.43 9.95504 23.15
      vertex 48.1549 10.2553 23.15
    endloop
  endfacet
  facet normal -0.38268 0.923881 0
    outer loop
      vertex 47.43 9.95504 23.15
      vertex 48.1549 10.2553 15.15
      vertex 47.43 9.95504 15.15
    endloop
  endfacet
  facet normal -0.233437 0.972372 0
    outer loop
      vertex 48.9178 10.4384 15.15
      vertex 48.1549 10.2553 23.15
      vertex 48.9178 10.4384 23.15
    endloop
  endfacet
  facet normal -0.233437 0.972372 0
    outer loop
      vertex 48.1549 10.2553 23.15
      vertex 48.9178 10.4384 15.15
      vertex 48.1549 10.2553 15.15
    endloop
  endfacet
  facet normal -0.0784721 0.996916 0
    outer loop
      vertex 49.7 10.5 15.15
      vertex 48.9178 10.4384 23.15
      vertex 49.7 10.5 23.15
    endloop
  endfacet
  facet normal -0.0784721 0.996916 0
    outer loop
      vertex 48.9178 10.4384 23.15
      vertex 49.7 10.5 15.15
      vertex 48.9178 10.4384 15.15
    endloop
  endfacet
  facet normal 0.0784736 0.996916 -0
    outer loop
      vertex 50.4822 10.4384 15.15
      vertex 49.7 10.5 23.15
      vertex 50.4822 10.4384 23.15
    endloop
  endfacet
  facet normal 0.0784736 0.996916 0
    outer loop
      vertex 49.7 10.5 23.15
      vertex 50.4822 10.4384 15.15
      vertex 49.7 10.5 15.15
    endloop
  endfacet
  facet normal 1 -0 0
    outer loop
      vertex 16.7 48.8 23.15
      vertex 16.7 52.7 15.15
      vertex 16.7 52.7 23.15
    endloop
  endfacet
  facet normal 1 0 0
    outer loop
      vertex 16.7 52.7 15.15
      vertex 16.7 48.8 23.15
      vertex 16.7 48.8 15.15
    endloop
  endfacet
  facet normal 0.996916 -0.0784721 0
    outer loop
      vertex 16.6384 48.0178 23.15
      vertex 16.7 48.8 15.15
      vertex 16.7 48.8 23.15
    endloop
  endfacet
  facet normal 0.996916 -0.0784721 0
    outer loop
      vertex 16.7 48.8 15.15
      vertex 16.6384 48.0178 23.15
      vertex 16.6384 48.0178 15.15
    endloop
  endfacet
  facet normal 0.972372 -0.233437 0
    outer loop
      vertex 16.4553 47.2549 23.15
      vertex 16.6384 48.0178 15.15
      vertex 16.6384 48.0178 23.15
    endloop
  endfacet
  facet normal 0.972372 -0.233437 0
    outer loop
      vertex 16.6384 48.0178 15.15
      vertex 16.4553 47.2549 23.15
      vertex 16.4553 47.2549 15.15
    endloop
  endfacet
  facet normal 0.923881 -0.38268 0
    outer loop
      vertex 16.155 46.53 23.15
      vertex 16.4553 47.2549 15.15
      vertex 16.4553 47.2549 23.15
    endloop
  endfacet
  facet normal 0.923881 -0.38268 0
    outer loop
      vertex 16.4553 47.2549 15.15
      vertex 16.155 46.53 23.15
      vertex 16.155 46.53 15.15
    endloop
  endfacet
  facet normal 0.852635 -0.522508 0
    outer loop
      vertex 15.7451 45.8611 23.15
      vertex 16.155 46.53 15.15
      vertex 16.155 46.53 23.15
    endloop
  endfacet
  facet normal 0.852635 -0.522508 0
    outer loop
      vertex 16.155 46.53 15.15
      vertex 15.7451 45.8611 23.15
      vertex 15.7451 45.8611 15.15
    endloop
  endfacet
  facet normal 0.760403 -0.649451 0
    outer loop
      vertex 15.2355 45.2645 23.15
      vertex 15.7451 45.8611 15.15
      vertex 15.7451 45.8611 23.15
    endloop
  endfacet
  facet normal 0.760403 -0.649451 0
    outer loop
      vertex 15.7451 45.8611 15.15
      vertex 15.2355 45.2645 23.15
      vertex 15.2355 45.2645 15.15
    endloop
  endfacet
  facet normal 0.649451 -0.760403 0
    outer loop
      vertex 14.6389 44.7549 15.15
      vertex 15.2355 45.2645 23.15
      vertex 14.6389 44.7549 23.15
    endloop
  endfacet
  facet normal 0.649451 -0.760403 0
    outer loop
      vertex 15.2355 45.2645 23.15
      vertex 14.6389 44.7549 15.15
      vertex 15.2355 45.2645 15.15
    endloop
  endfacet
  facet normal 0.522507 -0.852635 0
    outer loop
      vertex 13.9699 44.345 15.15
      vertex 14.6389 44.7549 23.15
      vertex 13.9699 44.345 23.15
    endloop
  endfacet
  facet normal 0.522507 -0.852635 0
    outer loop
      vertex 14.6389 44.7549 23.15
      vertex 13.9699 44.345 15.15
      vertex 14.6389 44.7549 15.15
    endloop
  endfacet
  facet normal 0.382663 -0.923888 0
    outer loop
      vertex 13.2451 44.0447 15.15
      vertex 13.9699 44.345 23.15
      vertex 13.2451 44.0447 23.15
    endloop
  endfacet
  facet normal 0.382663 -0.923888 0
    outer loop
      vertex 13.9699 44.345 23.15
      vertex 13.2451 44.0447 15.15
      vertex 13.9699 44.345 15.15
    endloop
  endfacet
  facet normal 0.233437 -0.972372 0
    outer loop
      vertex 12.4822 43.8616 15.15
      vertex 13.2451 44.0447 23.15
      vertex 12.4822 43.8616 23.15
    endloop
  endfacet
  facet normal 0.233437 -0.972372 0
    outer loop
      vertex 13.2451 44.0447 23.15
      vertex 12.4822 43.8616 15.15
      vertex 13.2451 44.0447 15.15
    endloop
  endfacet
  facet normal 0.0784736 -0.996916 0
    outer loop
      vertex 11.7 43.8 15.15
      vertex 12.4822 43.8616 23.15
      vertex 11.7 43.8 23.15
    endloop
  endfacet
  facet normal 0.0784736 -0.996916 0
    outer loop
      vertex 12.4822 43.8616 23.15
      vertex 11.7 43.8 15.15
      vertex 12.4822 43.8616 15.15
    endloop
  endfacet
  facet normal -0.0784721 -0.996916 0
    outer loop
      vertex 10.9178 43.8616 15.15
      vertex 11.7 43.8 23.15
      vertex 10.9178 43.8616 23.15
    endloop
  endfacet
  facet normal -0.0784721 -0.996916 -0
    outer loop
      vertex 11.7 43.8 23.15
      vertex 10.9178 43.8616 15.15
      vertex 11.7 43.8 15.15
    endloop
  endfacet
  facet normal -0.233437 -0.972372 0
    outer loop
      vertex 10.1549 44.0447 15.15
      vertex 10.9178 43.8616 23.15
      vertex 10.1549 44.0447 23.15
    endloop
  endfacet
  facet normal -0.233437 -0.972372 -0
    outer loop
      vertex 10.9178 43.8616 23.15
      vertex 10.1549 44.0447 15.15
      vertex 10.9178 43.8616 15.15
    endloop
  endfacet
  facet normal -0.382663 -0.923888 0
    outer loop
      vertex 9.43004 44.345 15.15
      vertex 10.1549 44.0447 23.15
      vertex 9.43004 44.345 23.15
    endloop
  endfacet
  facet normal -0.382663 -0.923888 -0
    outer loop
      vertex 10.1549 44.0447 23.15
      vertex 9.43004 44.345 15.15
      vertex 10.1549 44.0447 15.15
    endloop
  endfacet
  facet normal -0.522507 -0.852635 0
    outer loop
      vertex 8.76107 44.7549 15.15
      vertex 9.43004 44.345 23.15
      vertex 8.76107 44.7549 23.15
    endloop
  endfacet
  facet normal -0.522507 -0.852635 -0
    outer loop
      vertex 9.43004 44.345 23.15
      vertex 8.76107 44.7549 15.15
      vertex 9.43004 44.345 15.15
    endloop
  endfacet
  facet normal -0.649451 -0.760403 0
    outer loop
      vertex 8.16446 45.2645 15.15
      vertex 8.76107 44.7549 23.15
      vertex 8.16446 45.2645 23.15
    endloop
  endfacet
  facet normal -0.649451 -0.760403 -0
    outer loop
      vertex 8.76107 44.7549 23.15
      vertex 8.16446 45.2645 15.15
      vertex 8.76107 44.7549 15.15
    endloop
  endfacet
  facet normal -0.760403 -0.649451 0
    outer loop
      vertex 8.16446 45.2645 15.15
      vertex 7.65491 45.8611 23.15
      vertex 7.65491 45.8611 15.15
    endloop
  endfacet
  facet normal -0.760403 -0.649451 0
    outer loop
      vertex 7.65491 45.8611 23.15
      vertex 8.16446 45.2645 15.15
      vertex 8.16446 45.2645 23.15
    endloop
  endfacet
  facet normal -0.852635 -0.522507 0
    outer loop
      vertex 7.65491 45.8611 15.15
      vertex 7.24495 46.53 23.15
      vertex 7.24495 46.53 15.15
    endloop
  endfacet
  facet normal -0.852635 -0.522507 0
    outer loop
      vertex 7.24495 46.53 23.15
      vertex 7.65491 45.8611 15.15
      vertex 7.65491 45.8611 23.15
    endloop
  endfacet
  facet normal -0.923881 -0.38268 0
    outer loop
      vertex 7.24495 46.53 15.15
      vertex 6.94471 47.2549 23.15
      vertex 6.94471 47.2549 15.15
    endloop
  endfacet
  facet normal -0.923881 -0.38268 0
    outer loop
      vertex 6.94471 47.2549 23.15
      vertex 7.24495 46.53 15.15
      vertex 7.24495 46.53 23.15
    endloop
  endfacet
  facet normal -0.972372 -0.233437 0
    outer loop
      vertex 6.94471 47.2549 15.15
      vertex 6.76155 48.0178 23.15
      vertex 6.76155 48.0178 15.15
    endloop
  endfacet
  facet normal -0.972372 -0.233437 0
    outer loop
      vertex 6.76155 48.0178 23.15
      vertex 6.94471 47.2549 15.15
      vertex 6.94471 47.2549 23.15
    endloop
  endfacet
  facet normal -0.996918 -0.0784543 0
    outer loop
      vertex 6.76155 48.0178 15.15
      vertex 6.7 48.8 23.15
      vertex 6.7 48.8 15.15
    endloop
  endfacet
  facet normal -0.996918 -0.0784543 0
    outer loop
      vertex 6.7 48.8 23.15
      vertex 6.76155 48.0178 15.15
      vertex 6.76155 48.0178 23.15
    endloop
  endfacet
  facet normal -1 0 0
    outer loop
      vertex 6.7 48.8 15.15
      vertex 6.7 52.7 23.15
      vertex 6.7 52.7 15.15
    endloop
  endfacet
  facet normal -1 -0 0
    outer loop
      vertex 6.7 52.7 23.15
      vertex 6.7 48.8 15.15
      vertex 6.7 48.8 23.15
    endloop
  endfacet
  facet normal 1 -0 0
    outer loop
      vertex 54.7 48.8 23.15
      vertex 54.7 52.7 15.15
      vertex 54.7 52.7 23.15
    endloop
  endfacet
  facet normal 1 0 0
    outer loop
      vertex 54.7 52.7 15.15
      vertex 54.7 48.8 23.15
      vertex 54.7 48.8 15.15
    endloop
  endfacet
  facet normal 0.996916 -0.0784721 0
    outer loop
      vertex 54.6384 48.0178 23.15
      vertex 54.7 48.8 15.15
      vertex 54.7 48.8 23.15
    endloop
  endfacet
  facet normal 0.996916 -0.0784721 0
    outer loop
      vertex 54.7 48.8 15.15
      vertex 54.6384 48.0178 23.15
      vertex 54.6384 48.0178 15.15
    endloop
  endfacet
  facet normal 0.972372 -0.233437 0
    outer loop
      vertex 54.4553 47.2549 23.15
      vertex 54.6384 48.0178 15.15
      vertex 54.6384 48.0178 23.15
    endloop
  endfacet
  facet normal 0.972372 -0.233437 0
    outer loop
      vertex 54.6384 48.0178 15.15
      vertex 54.4553 47.2549 23.15
      vertex 54.4553 47.2549 15.15
    endloop
  endfacet
  facet normal 0.923881 -0.38268 0
    outer loop
      vertex 54.155 46.53 23.15
      vertex 54.4553 47.2549 15.15
      vertex 54.4553 47.2549 23.15
    endloop
  endfacet
  facet normal 0.923881 -0.38268 0
    outer loop
      vertex 54.4553 47.2549 15.15
      vertex 54.155 46.53 23.15
      vertex 54.155 46.53 15.15
    endloop
  endfacet
  facet normal 0.852635 -0.522507 0
    outer loop
      vertex 53.7451 45.8611 23.15
      vertex 54.155 46.53 15.15
      vertex 54.155 46.53 23.15
    endloop
  endfacet
  facet normal 0.852635 -0.522507 0
    outer loop
      vertex 54.155 46.53 15.15
      vertex 53.7451 45.8611 23.15
      vertex 53.7451 45.8611 15.15
    endloop
  endfacet
  facet normal 0.760403 -0.649451 0
    outer loop
      vertex 53.2355 45.2645 23.15
      vertex 53.7451 45.8611 15.15
      vertex 53.7451 45.8611 23.15
    endloop
  endfacet
  facet normal 0.760403 -0.649451 0
    outer loop
      vertex 53.7451 45.8611 15.15
      vertex 53.2355 45.2645 23.15
      vertex 53.2355 45.2645 15.15
    endloop
  endfacet
  facet normal 0.649451 -0.760403 0
    outer loop
      vertex 52.6389 44.7549 15.15
      vertex 53.2355 45.2645 23.15
      vertex 52.6389 44.7549 23.15
    endloop
  endfacet
  facet normal 0.649451 -0.760403 0
    outer loop
      vertex 53.2355 45.2645 23.15
      vertex 52.6389 44.7549 15.15
      vertex 53.2355 45.2645 15.15
    endloop
  endfacet
  facet normal 0.522507 -0.852635 0
    outer loop
      vertex 51.9699 44.345 15.15
      vertex 52.6389 44.7549 23.15
      vertex 51.9699 44.345 23.15
    endloop
  endfacet
  facet normal 0.522507 -0.852635 0
    outer loop
      vertex 52.6389 44.7549 23.15
      vertex 51.9699 44.345 15.15
      vertex 52.6389 44.7549 15.15
    endloop
  endfacet
  facet normal 0.382663 -0.923888 0
    outer loop
      vertex 51.2451 44.0447 15.15
      vertex 51.9699 44.345 23.15
      vertex 51.2451 44.0447 23.15
    endloop
  endfacet
  facet normal 0.382663 -0.923888 0
    outer loop
      vertex 51.9699 44.345 23.15
      vertex 51.2451 44.0447 15.15
      vertex 51.9699 44.345 15.15
    endloop
  endfacet
  facet normal 0.233437 -0.972372 0
    outer loop
      vertex 50.4822 43.8616 15.15
      vertex 51.2451 44.0447 23.15
      vertex 50.4822 43.8616 23.15
    endloop
  endfacet
  facet normal 0.233437 -0.972372 0
    outer loop
      vertex 51.2451 44.0447 23.15
      vertex 50.4822 43.8616 15.15
      vertex 51.2451 44.0447 15.15
    endloop
  endfacet
  facet normal 0.0784736 -0.996916 0
    outer loop
      vertex 49.7 43.8 15.15
      vertex 50.4822 43.8616 23.15
      vertex 49.7 43.8 23.15
    endloop
  endfacet
  facet normal 0.0784736 -0.996916 0
    outer loop
      vertex 50.4822 43.8616 23.15
      vertex 49.7 43.8 15.15
      vertex 50.4822 43.8616 15.15
    endloop
  endfacet
  facet normal -0.0784721 -0.996916 0
    outer loop
      vertex 48.9178 43.8616 15.15
      vertex 49.7 43.8 23.15
      vertex 48.9178 43.8616 23.15
    endloop
  endfacet
  facet normal -0.0784721 -0.996916 -0
    outer loop
      vertex 49.7 43.8 23.15
      vertex 48.9178 43.8616 15.15
      vertex 49.7 43.8 15.15
    endloop
  endfacet
  facet normal -0.233437 -0.972372 0
    outer loop
      vertex 48.1549 44.0447 15.15
      vertex 48.9178 43.8616 23.15
      vertex 48.1549 44.0447 23.15
    endloop
  endfacet
  facet normal -0.233437 -0.972372 -0
    outer loop
      vertex 48.9178 43.8616 23.15
      vertex 48.1549 44.0447 15.15
      vertex 48.9178 43.8616 15.15
    endloop
  endfacet
  facet normal -0.382663 -0.923888 0
    outer loop
      vertex 47.43 44.345 15.15
      vertex 48.1549 44.0447 23.15
      vertex 47.43 44.345 23.15
    endloop
  endfacet
  facet normal -0.382663 -0.923888 -0
    outer loop
      vertex 48.1549 44.0447 23.15
      vertex 47.43 44.345 15.15
      vertex 48.1549 44.0447 15.15
    endloop
  endfacet
  facet normal -0.522507 -0.852635 0
    outer loop
      vertex 46.7611 44.7549 15.15
      vertex 47.43 44.345 23.15
      vertex 46.7611 44.7549 23.15
    endloop
  endfacet
  facet normal -0.522507 -0.852635 -0
    outer loop
      vertex 47.43 44.345 23.15
      vertex 46.7611 44.7549 15.15
      vertex 47.43 44.345 15.15
    endloop
  endfacet
  facet normal -0.649451 -0.760403 0
    outer loop
      vertex 46.1645 45.2645 15.15
      vertex 46.7611 44.7549 23.15
      vertex 46.1645 45.2645 23.15
    endloop
  endfacet
  facet normal -0.649451 -0.760403 -0
    outer loop
      vertex 46.7611 44.7549 23.15
      vertex 46.1645 45.2645 15.15
      vertex 46.7611 44.7549 15.15
    endloop
  endfacet
  facet normal -0.760403 -0.649451 0
    outer loop
      vertex 46.1645 45.2645 15.15
      vertex 45.6549 45.8611 23.15
      vertex 45.6549 45.8611 15.15
    endloop
  endfacet
  facet normal -0.760403 -0.649451 0
    outer loop
      vertex 45.6549 45.8611 23.15
      vertex 46.1645 45.2645 15.15
      vertex 46.1645 45.2645 23.15
    endloop
  endfacet
  facet normal -0.852635 -0.522507 0
    outer loop
      vertex 45.6549 45.8611 15.15
      vertex 45.245 46.53 23.15
      vertex 45.245 46.53 15.15
    endloop
  endfacet
  facet normal -0.852635 -0.522507 0
    outer loop
      vertex 45.245 46.53 23.15
      vertex 45.6549 45.8611 15.15
      vertex 45.6549 45.8611 23.15
    endloop
  endfacet
  facet normal -0.923881 -0.38268 0
    outer loop
      vertex 45.245 46.53 15.15
      vertex 44.9447 47.2549 23.15
      vertex 44.9447 47.2549 15.15
    endloop
  endfacet
  facet normal -0.923881 -0.38268 0
    outer loop
      vertex 44.9447 47.2549 23.15
      vertex 45.245 46.53 15.15
      vertex 45.245 46.53 23.15
    endloop
  endfacet
  facet normal -0.972372 -0.233437 0
    outer loop
      vertex 44.9447 47.2549 15.15
      vertex 44.7616 48.0178 23.15
      vertex 44.7616 48.0178 15.15
    endloop
  endfacet
  facet normal -0.972372 -0.233437 0
    outer loop
      vertex 44.7616 48.0178 23.15
      vertex 44.9447 47.2549 15.15
      vertex 44.9447 47.2549 23.15
    endloop
  endfacet
  facet normal -0.996918 -0.0784543 0
    outer loop
      vertex 44.7616 48.0178 15.15
      vertex 44.7 48.8 23.15
      vertex 44.7 48.8 15.15
    endloop
  endfacet
  facet normal -0.996918 -0.0784543 0
    outer loop
      vertex 44.7 48.8 23.15
      vertex 44.7616 48.0178 15.15
      vertex 44.7616 48.0178 23.15
    endloop
  endfacet
  facet normal -1 0 0
    outer loop
      vertex 44.7 48.8 15.15
      vertex 44.7 52.7 23.15
      vertex 44.7 52.7 15.15
    endloop
  endfacet
  facet normal -1 -0 0
    outer loop
      vertex 44.7 52.7 23.15
      vertex 44.7 48.8 15.15
      vertex 44.7 48.8 23.15
    endloop
  endfacet
  facet normal -0.64945 0.760404 0
    outer loop
      vertex 12.9021 47.5979 15.87
      vertex 12.6992 47.4247 18.15
      vertex 12.9021 47.5979 18.15
    endloop
  endfacet
  facet normal -0.64945 0.760404 0
    outer loop
      vertex 12.6992 47.4247 18.15
      vertex 12.9021 47.5979 15.87
      vertex 12.6992 47.4247 15.87
    endloop
  endfacet
  facet normal 0.923878 0.382687 0
    outer loop
      vertex 10.1853 48.0282 18.15
      vertex 10.0832 48.2747 15.87
      vertex 10.0832 48.2747 18.15
    endloop
  endfacet
  facet normal 0.923878 0.382687 0
    outer loop
      vertex 10.0832 48.2747 15.87
      vertex 10.1853 48.0282 18.15
      vertex 10.1853 48.0282 15.87
    endloop
  endfacet
  facet normal 0.382684 -0.923879 0
    outer loop
      vertex 10.9282 50.3147 15.87
      vertex 11.1747 50.4168 18.15
      vertex 10.9282 50.3147 18.15
    endloop
  endfacet
  facet normal 0.382684 -0.923879 0
    outer loop
      vertex 11.1747 50.4168 18.15
      vertex 10.9282 50.3147 15.87
      vertex 11.1747 50.4168 15.87
    endloop
  endfacet
  facet normal 0.382684 0.923879 -0
    outer loop
      vertex 11.1747 47.1832 15.87
      vertex 10.9282 47.2853 18.15
      vertex 11.1747 47.1832 18.15
    endloop
  endfacet
  facet normal 0.382684 0.923879 0
    outer loop
      vertex 10.9282 47.2853 18.15
      vertex 11.1747 47.1832 15.87
      vertex 10.9282 47.2853 15.87
    endloop
  endfacet
  facet normal 0.85264 0.522499 0
    outer loop
      vertex 10.3247 47.8008 18.15
      vertex 10.1853 48.0282 15.87
      vertex 10.1853 48.0282 18.15
    endloop
  endfacet
  facet normal 0.85264 0.522499 0
    outer loop
      vertex 10.1853 48.0282 15.87
      vertex 10.3247 47.8008 18.15
      vertex 10.3247 47.8008 15.87
    endloop
  endfacet
  facet normal -0.923878 0.382687 0
    outer loop
      vertex 13.2147 48.0282 15.87
      vertex 13.3168 48.2747 18.15
      vertex 13.3168 48.2747 15.87
    endloop
  endfacet
  facet normal -0.923878 0.382687 0
    outer loop
      vertex 13.3168 48.2747 18.15
      vertex 13.2147 48.0282 15.87
      vertex 13.2147 48.0282 18.15
    endloop
  endfacet
  facet normal -0.85264 0.522499 0
    outer loop
      vertex 13.0753 47.8008 15.87
      vertex 13.2147 48.0282 18.15
      vertex 13.2147 48.0282 15.87
    endloop
  endfacet
  facet normal -0.85264 0.522499 0
    outer loop
      vertex 13.2147 48.0282 18.15
      vertex 13.0753 47.8008 15.87
      vertex 13.0753 47.8008 18.15
    endloop
  endfacet
  facet normal -0.760406 0.649448 0
    outer loop
      vertex 12.9021 47.5979 15.87
      vertex 13.0753 47.8008 18.15
      vertex 13.0753 47.8008 15.87
    endloop
  endfacet
  facet normal -0.760406 0.649448 0
    outer loop
      vertex 13.0753 47.8008 18.15
      vertex 12.9021 47.5979 15.87
      vertex 12.9021 47.5979 18.15
    endloop
  endfacet
  facet normal -0.522498 0.852641 0
    outer loop
      vertex 12.6992 47.4247 15.87
      vertex 12.4718 47.2853 18.15
      vertex 12.6992 47.4247 18.15
    endloop
  endfacet
  facet normal -0.522498 0.852641 0
    outer loop
      vertex 12.4718 47.2853 18.15
      vertex 12.6992 47.4247 15.87
      vertex 12.4718 47.2853 15.87
    endloop
  endfacet
  facet normal -0.382684 0.923879 0
    outer loop
      vertex 12.4718 47.2853 15.87
      vertex 12.2253 47.1832 18.15
      vertex 12.4718 47.2853 18.15
    endloop
  endfacet
  facet normal -0.382684 0.923879 0
    outer loop
      vertex 12.2253 47.1832 18.15
      vertex 12.4718 47.2853 15.87
      vertex 12.2253 47.1832 15.87
    endloop
  endfacet
  facet normal -0.233448 0.972369 0
    outer loop
      vertex 12.2253 47.1832 15.87
      vertex 11.9659 47.1209 18.15
      vertex 12.2253 47.1832 18.15
    endloop
  endfacet
  facet normal -0.233448 0.972369 0
    outer loop
      vertex 11.9659 47.1209 18.15
      vertex 12.2253 47.1832 15.87
      vertex 11.9659 47.1209 15.87
    endloop
  endfacet
  facet normal 0.97237 0.233444 0
    outer loop
      vertex 10.0832 48.2747 18.15
      vertex 10.0209 48.5341 15.87
      vertex 10.0209 48.5341 18.15
    endloop
  endfacet
  facet normal 0.97237 0.233444 0
    outer loop
      vertex 10.0209 48.5341 15.87
      vertex 10.0832 48.2747 18.15
      vertex 10.0832 48.2747 15.87
    endloop
  endfacet
  facet normal 0.760406 0.649448 0
    outer loop
      vertex 10.4979 47.5979 18.15
      vertex 10.3247 47.8008 15.87
      vertex 10.3247 47.8008 18.15
    endloop
  endfacet
  facet normal 0.760406 0.649448 0
    outer loop
      vertex 10.3247 47.8008 15.87
      vertex 10.4979 47.5979 18.15
      vertex 10.4979 47.5979 15.87
    endloop
  endfacet
  facet normal 0.522498 0.852641 -0
    outer loop
      vertex 10.9282 47.2853 15.87
      vertex 10.7008 47.4247 18.15
      vertex 10.9282 47.2853 18.15
    endloop
  endfacet
  facet normal 0.522498 0.852641 0
    outer loop
      vertex 10.7008 47.4247 18.15
      vertex 10.9282 47.2853 15.87
      vertex 10.7008 47.4247 15.87
    endloop
  endfacet
  facet normal 0.233448 0.972369 -0
    outer loop
      vertex 11.4341 47.1209 15.87
      vertex 11.1747 47.1832 18.15
      vertex 11.4341 47.1209 18.15
    endloop
  endfacet
  facet normal 0.233448 0.972369 0
    outer loop
      vertex 11.1747 47.1832 18.15
      vertex 11.4341 47.1209 15.87
      vertex 11.1747 47.1832 15.87
    endloop
  endfacet
  facet normal 0.64945 0.760404 -0
    outer loop
      vertex 10.7008 47.4247 15.87
      vertex 10.4979 47.5979 18.15
      vertex 10.7008 47.4247 18.15
    endloop
  endfacet
  facet normal 0.64945 0.760404 0
    outer loop
      vertex 10.4979 47.5979 18.15
      vertex 10.7008 47.4247 15.87
      vertex 10.4979 47.5979 15.87
    endloop
  endfacet
  facet normal -0.996917 0.0784611 0
    outer loop
      vertex 13.3791 48.5341 15.87
      vertex 13.4 48.8 18.15
      vertex 13.4 48.8 15.87
    endloop
  endfacet
  facet normal -0.996917 0.0784611 0
    outer loop
      vertex 13.4 48.8 18.15
      vertex 13.3791 48.5341 15.87
      vertex 13.3791 48.5341 18.15
    endloop
  endfacet
  facet normal -0.382684 -0.923879 0
    outer loop
      vertex 12.2253 50.4168 15.87
      vertex 12.4718 50.3147 18.15
      vertex 12.2253 50.4168 18.15
    endloop
  endfacet
  facet normal -0.382684 -0.923879 -0
    outer loop
      vertex 12.4718 50.3147 18.15
      vertex 12.2253 50.4168 15.87
      vertex 12.4718 50.3147 15.87
    endloop
  endfacet
  facet normal -0.852636 -0.522505 0
    outer loop
      vertex 13.2147 49.5718 15.87
      vertex 13.0753 49.7992 18.15
      vertex 13.0753 49.7992 15.87
    endloop
  endfacet
  facet normal -0.852636 -0.522505 0
    outer loop
      vertex 13.0753 49.7992 18.15
      vertex 13.2147 49.5718 15.87
      vertex 13.2147 49.5718 18.15
    endloop
  endfacet
  facet normal 0.233448 -0.972369 0
    outer loop
      vertex 11.1747 50.4168 15.87
      vertex 11.4341 50.4791 18.15
      vertex 11.1747 50.4168 18.15
    endloop
  endfacet
  facet normal 0.233448 -0.972369 0
    outer loop
      vertex 11.4341 50.4791 18.15
      vertex 11.1747 50.4168 15.87
      vertex 11.4341 50.4791 15.87
    endloop
  endfacet
  facet normal 0.64945 -0.760404 0
    outer loop
      vertex 10.4979 50.0021 15.87
      vertex 10.7008 50.1753 18.15
      vertex 10.4979 50.0021 18.15
    endloop
  endfacet
  facet normal 0.64945 -0.760404 0
    outer loop
      vertex 10.7008 50.1753 18.15
      vertex 10.4979 50.0021 15.87
      vertex 10.7008 50.1753 15.87
    endloop
  endfacet
  facet normal 0.852636 -0.522505 0
    outer loop
      vertex 10.1853 49.5718 18.15
      vertex 10.3247 49.7992 15.87
      vertex 10.3247 49.7992 18.15
    endloop
  endfacet
  facet normal 0.852636 -0.522505 0
    outer loop
      vertex 10.3247 49.7992 15.87
      vertex 10.1853 49.5718 18.15
      vertex 10.1853 49.5718 15.87
    endloop
  endfacet
  facet normal 0.760406 -0.649448 0
    outer loop
      vertex 10.3247 49.7992 18.15
      vertex 10.4979 50.0021 15.87
      vertex 10.4979 50.0021 18.15
    endloop
  endfacet
  facet normal 0.760406 -0.649448 0
    outer loop
      vertex 10.4979 50.0021 15.87
      vertex 10.3247 49.7992 18.15
      vertex 10.3247 49.7992 15.87
    endloop
  endfacet
  facet normal -0.97237 0.233444 0
    outer loop
      vertex 13.3168 48.2747 15.87
      vertex 13.3791 48.5341 18.15
      vertex 13.3791 48.5341 15.87
    endloop
  endfacet
  facet normal -0.97237 0.233444 0
    outer loop
      vertex 13.3791 48.5341 18.15
      vertex 13.3168 48.2747 15.87
      vertex 13.3168 48.2747 18.15
    endloop
  endfacet
  facet normal -0.0784646 0.996917 0
    outer loop
      vertex 11.9659 47.1209 15.87
      vertex 11.7 47.1 18.15
      vertex 11.9659 47.1209 18.15
    endloop
  endfacet
  facet normal -0.0784646 0.996917 0
    outer loop
      vertex 11.7 47.1 18.15
      vertex 11.9659 47.1209 15.87
      vertex 11.7 47.1 15.87
    endloop
  endfacet
  facet normal 0.996917 0.0784611 0
    outer loop
      vertex 10.0209 48.5341 18.15
      vertex 10 48.8 15.87
      vertex 10 48.8 18.15
    endloop
  endfacet
  facet normal 0.996917 0.0784611 0
    outer loop
      vertex 10 48.8 15.87
      vertex 10.0209 48.5341 18.15
      vertex 10.0209 48.5341 15.87
    endloop
  endfacet
  facet normal 0.0784646 0.996917 -0
    outer loop
      vertex 11.7 47.1 15.87
      vertex 11.4341 47.1209 18.15
      vertex 11.7 47.1 18.15
    endloop
  endfacet
  facet normal 0.0784646 0.996917 0
    outer loop
      vertex 11.4341 47.1209 18.15
      vertex 11.7 47.1 15.87
      vertex 11.4341 47.1209 15.87
    endloop
  endfacet
  facet normal -0.97237 -0.233444 0
    outer loop
      vertex 13.3791 49.0659 15.87
      vertex 13.3168 49.3253 18.15
      vertex 13.3168 49.3253 15.87
    endloop
  endfacet
  facet normal -0.97237 -0.233444 0
    outer loop
      vertex 13.3168 49.3253 18.15
      vertex 13.3791 49.0659 15.87
      vertex 13.3791 49.0659 18.15
    endloop
  endfacet
  facet normal -0.0784646 -0.996917 0
    outer loop
      vertex 11.7 50.5 15.87
      vertex 11.9659 50.4791 18.15
      vertex 11.7 50.5 18.15
    endloop
  endfacet
  facet normal -0.0784646 -0.996917 -0
    outer loop
      vertex 11.9659 50.4791 18.15
      vertex 11.7 50.5 15.87
      vertex 11.9659 50.4791 15.87
    endloop
  endfacet
  facet normal -0.233448 -0.972369 0
    outer loop
      vertex 11.9659 50.4791 15.87
      vertex 12.2253 50.4168 18.15
      vertex 11.9659 50.4791 18.15
    endloop
  endfacet
  facet normal -0.233448 -0.972369 -0
    outer loop
      vertex 12.2253 50.4168 18.15
      vertex 11.9659 50.4791 15.87
      vertex 12.2253 50.4168 15.87
    endloop
  endfacet
  facet normal -0.760406 -0.649448 0
    outer loop
      vertex 13.0753 49.7992 15.87
      vertex 12.9021 50.0021 18.15
      vertex 12.9021 50.0021 15.87
    endloop
  endfacet
  facet normal -0.760406 -0.649448 0
    outer loop
      vertex 12.9021 50.0021 18.15
      vertex 13.0753 49.7992 15.87
      vertex 13.0753 49.7992 18.15
    endloop
  endfacet
  facet normal -0.522498 -0.852641 0
    outer loop
      vertex 12.4718 50.3147 15.87
      vertex 12.6992 50.1753 18.15
      vertex 12.4718 50.3147 18.15
    endloop
  endfacet
  facet normal -0.522498 -0.852641 -0
    outer loop
      vertex 12.6992 50.1753 18.15
      vertex 12.4718 50.3147 15.87
      vertex 12.6992 50.1753 15.87
    endloop
  endfacet
  facet normal -0.92388 -0.382682 0
    outer loop
      vertex 13.3168 49.3253 15.87
      vertex 13.2147 49.5718 18.15
      vertex 13.2147 49.5718 15.87
    endloop
  endfacet
  facet normal -0.92388 -0.382682 0
    outer loop
      vertex 13.2147 49.5718 18.15
      vertex 13.3168 49.3253 15.87
      vertex 13.3168 49.3253 18.15
    endloop
  endfacet
  facet normal 0.0784646 -0.996917 0
    outer loop
      vertex 11.4341 50.4791 15.87
      vertex 11.7 50.5 18.15
      vertex 11.4341 50.4791 18.15
    endloop
  endfacet
  facet normal 0.0784646 -0.996917 0
    outer loop
      vertex 11.7 50.5 18.15
      vertex 11.4341 50.4791 15.87
      vertex 11.7 50.5 15.87
    endloop
  endfacet
  facet normal 0.522498 -0.852641 0
    outer loop
      vertex 10.7008 50.1753 15.87
      vertex 10.9282 50.3147 18.15
      vertex 10.7008 50.1753 18.15
    endloop
  endfacet
  facet normal 0.522498 -0.852641 0
    outer loop
      vertex 10.9282 50.3147 18.15
      vertex 10.7008 50.1753 15.87
      vertex 10.9282 50.3147 15.87
    endloop
  endfacet
  facet normal 0.92388 -0.382682 0
    outer loop
      vertex 10.0832 49.3253 18.15
      vertex 10.1853 49.5718 15.87
      vertex 10.1853 49.5718 18.15
    endloop
  endfacet
  facet normal 0.92388 -0.382682 0
    outer loop
      vertex 10.1853 49.5718 15.87
      vertex 10.0832 49.3253 18.15
      vertex 10.0832 49.3253 15.87
    endloop
  endfacet
  facet normal 0.996917 -0.0784611 0
    outer loop
      vertex 10 48.8 18.15
      vertex 10.0209 49.0659 15.87
      vertex 10.0209 49.0659 18.15
    endloop
  endfacet
  facet normal 0.996917 -0.0784611 0
    outer loop
      vertex 10.0209 49.0659 15.87
      vertex 10 48.8 18.15
      vertex 10 48.8 15.87
    endloop
  endfacet
  facet normal 0 0 1
    outer loop
      vertex 13.3791 49.0659 15.87
      vertex 13.3791 48.5341 15.87
      vertex 13.4 48.8 15.87
    endloop
  endfacet
  facet normal 0 0 1
    outer loop
      vertex 13.3168 49.3253 15.87
      vertex 13.3791 48.5341 15.87
      vertex 13.3791 49.0659 15.87
    endloop
  endfacet
  facet normal 0 0 1
    outer loop
      vertex 13.3168 49.3253 15.87
      vertex 13.3168 48.2747 15.87
      vertex 13.3791 48.5341 15.87
    endloop
  endfacet
  facet normal 0 0 1
    outer loop
      vertex 13.2147 49.5718 15.87
      vertex 13.3168 48.2747 15.87
      vertex 13.3168 49.3253 15.87
    endloop
  endfacet
  facet normal 0 0 1
    outer loop
      vertex 13.2147 49.5718 15.87
      vertex 13.2147 48.0282 15.87
      vertex 13.3168 48.2747 15.87
    endloop
  endfacet
  facet normal 0 0 1
    outer loop
      vertex 13.0753 49.7992 15.87
      vertex 13.2147 48.0282 15.87
      vertex 13.2147 49.5718 15.87
    endloop
  endfacet
  facet normal 0 0 1
    outer loop
      vertex 13.0753 49.7992 15.87
      vertex 13.0753 47.8008 15.87
      vertex 13.2147 48.0282 15.87
    endloop
  endfacet
  facet normal 0 0 1
    outer loop
      vertex 12.9021 50.0021 15.87
      vertex 13.0753 47.8008 15.87
      vertex 13.0753 49.7992 15.87
    endloop
  endfacet
  facet normal 0 0 1
    outer loop
      vertex 12.9021 50.0021 15.87
      vertex 12.9021 47.5979 15.87
      vertex 13.0753 47.8008 15.87
    endloop
  endfacet
  facet normal 0 0 1
    outer loop
      vertex 12.6992 50.1753 15.87
      vertex 12.9021 47.5979 15.87
      vertex 12.9021 50.0021 15.87
    endloop
  endfacet
  facet normal 0 0 1
    outer loop
      vertex 12.6992 50.1753 15.87
      vertex 12.6992 47.4247 15.87
      vertex 12.9021 47.5979 15.87
    endloop
  endfacet
  facet normal 0 0 1
    outer loop
      vertex 12.4718 50.3147 15.87
      vertex 12.6992 47.4247 15.87
      vertex 12.6992 50.1753 15.87
    endloop
  endfacet
  facet normal 0 0 1
    outer loop
      vertex 12.4718 50.3147 15.87
      vertex 12.4718 47.2853 15.87
      vertex 12.6992 47.4247 15.87
    endloop
  endfacet
  facet normal 0 0 1
    outer loop
      vertex 12.2253 50.4168 15.87
      vertex 12.4718 47.2853 15.87
      vertex 12.4718 50.3147 15.87
    endloop
  endfacet
  facet normal 0 0 1
    outer loop
      vertex 12.2253 50.4168 15.87
      vertex 12.2253 47.1832 15.87
      vertex 12.4718 47.2853 15.87
    endloop
  endfacet
  facet normal 0 0 1
    outer loop
      vertex 11.9659 50.4791 15.87
      vertex 12.2253 47.1832 15.87
      vertex 12.2253 50.4168 15.87
    endloop
  endfacet
  facet normal 0 0 1
    outer loop
      vertex 11.9659 50.4791 15.87
      vertex 11.9659 47.1209 15.87
      vertex 12.2253 47.1832 15.87
    endloop
  endfacet
  facet normal 0 0 1
    outer loop
      vertex 11.7 50.5 15.87
      vertex 11.9659 47.1209 15.87
      vertex 11.9659 50.4791 15.87
    endloop
  endfacet
  facet normal 0 0 1
    outer loop
      vertex 11.7 50.5 15.87
      vertex 11.7 47.1 15.87
      vertex 11.9659 47.1209 15.87
    endloop
  endfacet
  facet normal -0 0 1
    outer loop
      vertex 11.4341 50.4791 15.87
      vertex 11.7 47.1 15.87
      vertex 11.7 50.5 15.87
    endloop
  endfacet
  facet normal 0 0 1
    outer loop
      vertex 11.4341 50.4791 15.87
      vertex 11.4341 47.1209 15.87
      vertex 11.7 47.1 15.87
    endloop
  endfacet
  facet normal -0 0 1
    outer loop
      vertex 11.1747 50.4168 15.87
      vertex 11.4341 47.1209 15.87
      vertex 11.4341 50.4791 15.87
    endloop
  endfacet
  facet normal 0 0 1
    outer loop
      vertex 11.1747 50.4168 15.87
      vertex 11.1747 47.1832 15.87
      vertex 11.4341 47.1209 15.87
    endloop
  endfacet
  facet normal -0 0 1
    outer loop
      vertex 10.9282 50.3147 15.87
      vertex 11.1747 47.1832 15.87
      vertex 11.1747 50.4168 15.87
    endloop
  endfacet
  facet normal 0 0 1
    outer loop
      vertex 10.9282 50.3147 15.87
      vertex 10.9282 47.2853 15.87
      vertex 11.1747 47.1832 15.87
    endloop
  endfacet
  facet normal -0 0 1
    outer loop
      vertex 10.7008 50.1753 15.87
      vertex 10.9282 47.2853 15.87
      vertex 10.9282 50.3147 15.87
    endloop
  endfacet
  facet normal 0 0 1
    outer loop
      vertex 10.7008 50.1753 15.87
      vertex 10.7008 47.4247 15.87
      vertex 10.9282 47.2853 15.87
    endloop
  endfacet
  facet normal -0 0 1
    outer loop
      vertex 10.4979 50.0021 15.87
      vertex 10.7008 47.4247 15.87
      vertex 10.7008 50.1753 15.87
    endloop
  endfacet
  facet normal 0 0 1
    outer loop
      vertex 10.4979 50.0021 15.87
      vertex 10.4979 47.5979 15.87
      vertex 10.7008 47.4247 15.87
    endloop
  endfacet
  facet normal -0 0 1
    outer loop
      vertex 10.3247 49.7992 15.87
      vertex 10.4979 47.5979 15.87
      vertex 10.4979 50.0021 15.87
    endloop
  endfacet
  facet normal 0 0 1
    outer loop
      vertex 10.3247 49.7992 15.87
      vertex 10.3247 47.8008 15.87
      vertex 10.4979 47.5979 15.87
    endloop
  endfacet
  facet normal -0 0 1
    outer loop
      vertex 10.1853 49.5718 15.87
      vertex 10.3247 47.8008 15.87
      vertex 10.3247 49.7992 15.87
    endloop
  endfacet
  facet normal 0 0 1
    outer loop
      vertex 10.1853 49.5718 15.87
      vertex 10.1853 48.0282 15.87
      vertex 10.3247 47.8008 15.87
    endloop
  endfacet
  facet normal -0 0 1
    outer loop
      vertex 10.0832 49.3253 15.87
      vertex 10.1853 48.0282 15.87
      vertex 10.1853 49.5718 15.87
    endloop
  endfacet
  facet normal 0 0 1
    outer loop
      vertex 10.0832 49.3253 15.87
      vertex 10.0832 48.2747 15.87
      vertex 10.1853 48.0282 15.87
    endloop
  endfacet
  facet normal -0 0 1
    outer loop
      vertex 10.0209 49.0659 15.87
      vertex 10.0832 48.2747 15.87
      vertex 10.0832 49.3253 15.87
    endloop
  endfacet
  facet normal 0 0 1
    outer loop
      vertex 10.0209 49.0659 15.87
      vertex 10.0209 48.5341 15.87
      vertex 10.0832 48.2747 15.87
    endloop
  endfacet
  facet normal 0 -0 1
    outer loop
      vertex 10.0209 48.5341 15.87
      vertex 10.0209 49.0659 15.87
      vertex 10 48.8 15.87
    endloop
  endfacet
  facet normal -0.996917 -0.0784611 0
    outer loop
      vertex 13.4 48.8 15.87
      vertex 13.3791 49.0659 18.15
      vertex 13.3791 49.0659 15.87
    endloop
  endfacet
  facet normal -0.996917 -0.0784611 0
    outer loop
      vertex 13.3791 49.0659 18.15
      vertex 13.4 48.8 15.87
      vertex 13.4 48.8 18.15
    endloop
  endfacet
  facet normal -0.64945 -0.760404 0
    outer loop
      vertex 12.6992 50.1753 15.87
      vertex 12.9021 50.0021 18.15
      vertex 12.6992 50.1753 18.15
    endloop
  endfacet
  facet normal -0.64945 -0.760404 -0
    outer loop
      vertex 12.9021 50.0021 18.15
      vertex 12.6992 50.1753 15.87
      vertex 12.9021 50.0021 15.87
    endloop
  endfacet
  facet normal 0.97237 -0.233444 0
    outer loop
      vertex 10.0209 49.0659 18.15
      vertex 10.0832 49.3253 15.87
      vertex 10.0832 49.3253 18.15
    endloop
  endfacet
  facet normal 0.97237 -0.233444 0
    outer loop
      vertex 10.0832 49.3253 15.87
      vertex 10.0209 49.0659 18.15
      vertex 10.0209 49.0659 15.87
    endloop
  endfacet
  facet normal -0.85264 0.522498 0
    outer loop
      vertex 13.5607 47.4481 18.15
      vertex 13.7493 47.7558 23.15
      vertex 13.7493 47.7558 18.15
    endloop
  endfacet
  facet normal -0.85264 0.522498 0
    outer loop
      vertex 13.7493 47.7558 23.15
      vertex 13.5607 47.4481 18.15
      vertex 13.5607 47.4481 23.15
    endloop
  endfacet
  facet normal 0.97237 0.233445 0
    outer loop
      vertex 9.51257 48.0893 23.15
      vertex 9.42832 48.4402 18.15
      vertex 9.42832 48.4402 23.15
    endloop
  endfacet
  facet normal 0.97237 0.233445 0
    outer loop
      vertex 9.42832 48.4402 18.15
      vertex 9.51257 48.0893 23.15
      vertex 9.51257 48.0893 18.15
    endloop
  endfacet
  facet normal -0.760402 0.649452 0
    outer loop
      vertex 13.3263 47.1737 18.15
      vertex 13.5607 47.4481 23.15
      vertex 13.5607 47.4481 18.15
    endloop
  endfacet
  facet normal -0.760402 0.649452 0
    outer loop
      vertex 13.5607 47.4481 23.15
      vertex 13.3263 47.1737 18.15
      vertex 13.3263 47.1737 23.15
    endloop
  endfacet
  facet normal -0.233451 0.972369 0
    outer loop
      vertex 12.4107 46.6126 18.15
      vertex 12.0598 46.5283 23.15
      vertex 12.4107 46.6126 23.15
    endloop
  endfacet
  facet normal -0.233451 0.972369 0
    outer loop
      vertex 12.0598 46.5283 23.15
      vertex 12.4107 46.6126 18.15
      vertex 12.0598 46.5283 18.15
    endloop
  endfacet
  facet normal 0.522498 0.85264 -0
    outer loop
      vertex 10.6558 46.7507 18.15
      vertex 10.3481 46.9393 23.15
      vertex 10.6558 46.7507 23.15
    endloop
  endfacet
  facet normal 0.522498 0.85264 0
    outer loop
      vertex 10.3481 46.9393 23.15
      vertex 10.6558 46.7507 18.15
      vertex 10.3481 46.9393 18.15
    endloop
  endfacet
  facet normal 0.92388 0.382683 0
    outer loop
      vertex 9.65069 47.7558 23.15
      vertex 9.51257 48.0893 18.15
      vertex 9.51257 48.0893 23.15
    endloop
  endfacet
  facet normal 0.92388 0.382683 0
    outer loop
      vertex 9.51257 48.0893 18.15
      vertex 9.65069 47.7558 23.15
      vertex 9.65069 47.7558 18.15
    endloop
  endfacet
  facet normal -0.996917 -0.0784584 0
    outer loop
      vertex 14 48.8 18.15
      vertex 13.9717 49.1598 23.15
      vertex 13.9717 49.1598 18.15
    endloop
  endfacet
  facet normal -0.996917 -0.0784584 0
    outer loop
      vertex 13.9717 49.1598 23.15
      vertex 14 48.8 18.15
      vertex 14 48.8 23.15
    endloop
  endfacet
  facet normal -0.64945 0.760404 0
    outer loop
      vertex 13.3263 47.1737 18.15
      vertex 13.0519 46.9393 23.15
      vertex 13.3263 47.1737 23.15
    endloop
  endfacet
  facet normal -0.64945 0.760404 0
    outer loop
      vertex 13.0519 46.9393 23.15
      vertex 13.3263 47.1737 18.15
      vertex 13.0519 46.9393 18.15
    endloop
  endfacet
  facet normal 0.0784584 0.996917 -0
    outer loop
      vertex 11.7 46.5 18.15
      vertex 11.3402 46.5283 23.15
      vertex 11.7 46.5 23.15
    endloop
  endfacet
  facet normal 0.0784584 0.996917 0
    outer loop
      vertex 11.3402 46.5283 23.15
      vertex 11.7 46.5 18.15
      vertex 11.3402 46.5283 18.15
    endloop
  endfacet
  facet normal -0.522498 0.85264 0
    outer loop
      vertex 13.0519 46.9393 18.15
      vertex 12.7442 46.7507 23.15
      vertex 13.0519 46.9393 23.15
    endloop
  endfacet
  facet normal -0.522498 0.85264 0
    outer loop
      vertex 12.7442 46.7507 23.15
      vertex 13.0519 46.9393 18.15
      vertex 12.7442 46.7507 18.15
    endloop
  endfacet
  facet normal 0.996917 0.0784584 0
    outer loop
      vertex 9.42832 48.4402 23.15
      vertex 9.4 48.8 18.15
      vertex 9.4 48.8 23.15
    endloop
  endfacet
  facet normal 0.996917 0.0784584 0
    outer loop
      vertex 9.4 48.8 18.15
      vertex 9.42832 48.4402 23.15
      vertex 9.42832 48.4402 18.15
    endloop
  endfacet
  facet normal 0.85264 0.522498 0
    outer loop
      vertex 9.83926 47.4481 23.15
      vertex 9.65069 47.7558 18.15
      vertex 9.65069 47.7558 23.15
    endloop
  endfacet
  facet normal 0.85264 0.522498 0
    outer loop
      vertex 9.65069 47.7558 18.15
      vertex 9.83926 47.4481 23.15
      vertex 9.83926 47.4481 18.15
    endloop
  endfacet
  facet normal 0.64945 0.760404 -0
    outer loop
      vertex 10.3481 46.9393 18.15
      vertex 10.0737 47.1737 23.15
      vertex 10.3481 46.9393 23.15
    endloop
  endfacet
  facet normal 0.64945 0.760404 0
    outer loop
      vertex 10.0737 47.1737 23.15
      vertex 10.3481 46.9393 18.15
      vertex 10.0737 47.1737 18.15
    endloop
  endfacet
  facet normal 0.382683 0.92388 -0
    outer loop
      vertex 10.9893 46.6126 18.15
      vertex 10.6558 46.7507 23.15
      vertex 10.9893 46.6126 23.15
    endloop
  endfacet
  facet normal 0.382683 0.92388 0
    outer loop
      vertex 10.6558 46.7507 23.15
      vertex 10.9893 46.6126 18.15
      vertex 10.6558 46.7507 18.15
    endloop
  endfacet
  facet normal 0.760402 0.649452 0
    outer loop
      vertex 10.0737 47.1737 23.15
      vertex 9.83926 47.4481 18.15
      vertex 9.83926 47.4481 23.15
    endloop
  endfacet
  facet normal 0.760402 0.649452 0
    outer loop
      vertex 9.83926 47.4481 18.15
      vertex 10.0737 47.1737 23.15
      vertex 10.0737 47.1737 18.15
    endloop
  endfacet
  facet normal -0.996917 0.0784584 0
    outer loop
      vertex 13.9717 48.4402 18.15
      vertex 14 48.8 23.15
      vertex 14 48.8 18.15
    endloop
  endfacet
  facet normal -0.996917 0.0784584 0
    outer loop
      vertex 14 48.8 23.15
      vertex 13.9717 48.4402 18.15
      vertex 13.9717 48.4402 23.15
    endloop
  endfacet
  facet normal -0.64945 -0.760404 0
    outer loop
      vertex 13.0519 50.6607 18.15
      vertex 13.3263 50.4263 23.15
      vertex 13.0519 50.6607 23.15
    endloop
  endfacet
  facet normal -0.64945 -0.760404 -0
    outer loop
      vertex 13.3263 50.4263 23.15
      vertex 13.0519 50.6607 18.15
      vertex 13.3263 50.4263 18.15
    endloop
  endfacet
  facet normal -0.97237 0.233445 0
    outer loop
      vertex 13.8874 48.0893 18.15
      vertex 13.9717 48.4402 23.15
      vertex 13.9717 48.4402 18.15
    endloop
  endfacet
  facet normal -0.97237 0.233445 0
    outer loop
      vertex 13.9717 48.4402 23.15
      vertex 13.8874 48.0893 18.15
      vertex 13.8874 48.0893 23.15
    endloop
  endfacet
  facet normal -0.92388 0.382683 0
    outer loop
      vertex 13.7493 47.7558 18.15
      vertex 13.8874 48.0893 23.15
      vertex 13.8874 48.0893 18.15
    endloop
  endfacet
  facet normal -0.92388 0.382683 0
    outer loop
      vertex 13.8874 48.0893 23.15
      vertex 13.7493 47.7558 18.15
      vertex 13.7493 47.7558 23.15
    endloop
  endfacet
  facet normal -0.0784584 0.996917 0
    outer loop
      vertex 12.0598 46.5283 18.15
      vertex 11.7 46.5 23.15
      vertex 12.0598 46.5283 23.15
    endloop
  endfacet
  facet normal -0.0784584 0.996917 0
    outer loop
      vertex 11.7 46.5 23.15
      vertex 12.0598 46.5283 18.15
      vertex 11.7 46.5 18.15
    endloop
  endfacet
  facet normal -0.382683 0.92388 0
    outer loop
      vertex 12.7442 46.7507 18.15
      vertex 12.4107 46.6126 23.15
      vertex 12.7442 46.7507 23.15
    endloop
  endfacet
  facet normal -0.382683 0.92388 0
    outer loop
      vertex 12.4107 46.6126 23.15
      vertex 12.7442 46.7507 18.15
      vertex 12.4107 46.6126 18.15
    endloop
  endfacet
  facet normal 0 0 1
    outer loop
      vertex 13.4 48.8 18.15
      vertex 14 48.8 18.15
      vertex 13.9717 49.1598 18.15
    endloop
  endfacet
  facet normal 0 0 1
    outer loop
      vertex 13.3791 49.0659 18.15
      vertex 13.9717 49.1598 18.15
      vertex 13.8874 49.5107 18.15
    endloop
  endfacet
  facet normal 0 0 1
    outer loop
      vertex 14 48.8 18.15
      vertex 13.4 48.8 18.15
      vertex 13.9717 48.4402 18.15
    endloop
  endfacet
  facet normal 0 0 1
    outer loop
      vertex 13.3168 49.3253 18.15
      vertex 13.8874 49.5107 18.15
      vertex 13.7493 49.8442 18.15
    endloop
  endfacet
  facet normal -0 0 1
    outer loop
      vertex 13.3791 48.5341 18.15
      vertex 13.9717 48.4402 18.15
      vertex 13.4 48.8 18.15
    endloop
  endfacet
  facet normal 0 0 1
    outer loop
      vertex 13.2147 49.5718 18.15
      vertex 13.7493 49.8442 18.15
      vertex 13.5607 50.1519 18.15
    endloop
  endfacet
  facet normal 0 0 1
    outer loop
      vertex 13.9717 48.4402 18.15
      vertex 13.3791 48.5341 18.15
      vertex 13.8874 48.0893 18.15
    endloop
  endfacet
  facet normal -0 0 1
    outer loop
      vertex 13.3168 48.2747 18.15
      vertex 13.8874 48.0893 18.15
      vertex 13.3791 48.5341 18.15
    endloop
  endfacet
  facet normal 0 0 1
    outer loop
      vertex 13.9717 49.1598 18.15
      vertex 13.3791 49.0659 18.15
      vertex 13.4 48.8 18.15
    endloop
  endfacet
  facet normal 0 0 1
    outer loop
      vertex 13.0753 49.7992 18.15
      vertex 13.5607 50.1519 18.15
      vertex 13.3263 50.4263 18.15
    endloop
  endfacet
  facet normal 0 0 1
    outer loop
      vertex 13.8874 49.5107 18.15
      vertex 13.3168 49.3253 18.15
      vertex 13.3791 49.0659 18.15
    endloop
  endfacet
  facet normal 0 0 1
    outer loop
      vertex 13.7493 49.8442 18.15
      vertex 13.2147 49.5718 18.15
      vertex 13.3168 49.3253 18.15
    endloop
  endfacet
  facet normal 0 0 1
    outer loop
      vertex 13.5607 50.1519 18.15
      vertex 13.0753 49.7992 18.15
      vertex 13.2147 49.5718 18.15
    endloop
  endfacet
  facet normal 0 0 1
    outer loop
      vertex 12.9021 50.0021 18.15
      vertex 13.3263 50.4263 18.15
      vertex 13.0519 50.6607 18.15
    endloop
  endfacet
  facet normal 0 0 1
    outer loop
      vertex 13.3263 50.4263 18.15
      vertex 12.9021 50.0021 18.15
      vertex 13.0753 49.7992 18.15
    endloop
  endfacet
  facet normal 0 0 1
    outer loop
      vertex 12.6992 50.1753 18.15
      vertex 13.0519 50.6607 18.15
      vertex 12.7442 50.8493 18.15
    endloop
  endfacet
  facet normal 0 0 1
    outer loop
      vertex 13.0519 50.6607 18.15
      vertex 12.6992 50.1753 18.15
      vertex 12.9021 50.0021 18.15
    endloop
  endfacet
  facet normal 0 0 1
    outer loop
      vertex 12.7442 50.8493 18.15
      vertex 12.4718 50.3147 18.15
      vertex 12.6992 50.1753 18.15
    endloop
  endfacet
  facet normal 0 0 1
    outer loop
      vertex 12.4107 50.9874 18.15
      vertex 12.4718 50.3147 18.15
      vertex 12.7442 50.8493 18.15
    endloop
  endfacet
  facet normal 0 0 1
    outer loop
      vertex 12.4107 50.9874 18.15
      vertex 12.2253 50.4168 18.15
      vertex 12.4718 50.3147 18.15
    endloop
  endfacet
  facet normal 0 0 1
    outer loop
      vertex 12.0598 51.0717 18.15
      vertex 12.2253 50.4168 18.15
      vertex 12.4107 50.9874 18.15
    endloop
  endfacet
  facet normal 0 0 1
    outer loop
      vertex 12.0598 51.0717 18.15
      vertex 11.9659 50.4791 18.15
      vertex 12.2253 50.4168 18.15
    endloop
  endfacet
  facet normal 0 0 1
    outer loop
      vertex 11.7 51.1 18.15
      vertex 11.9659 50.4791 18.15
      vertex 12.0598 51.0717 18.15
    endloop
  endfacet
  facet normal 0 0 1
    outer loop
      vertex 11.7 51.1 18.15
      vertex 11.7 50.5 18.15
      vertex 11.9659 50.4791 18.15
    endloop
  endfacet
  facet normal 0 0 1
    outer loop
      vertex 11.7 51.1 18.15
      vertex 11.4341 50.4791 18.15
      vertex 11.7 50.5 18.15
    endloop
  endfacet
  facet normal -0 0 1
    outer loop
      vertex 11.3402 51.0717 18.15
      vertex 11.4341 50.4791 18.15
      vertex 11.7 51.1 18.15
    endloop
  endfacet
  facet normal 0 0 1
    outer loop
      vertex 11.3402 51.0717 18.15
      vertex 11.1747 50.4168 18.15
      vertex 11.4341 50.4791 18.15
    endloop
  endfacet
  facet normal -0 0 1
    outer loop
      vertex 10.9893 50.9874 18.15
      vertex 11.1747 50.4168 18.15
      vertex 11.3402 51.0717 18.15
    endloop
  endfacet
  facet normal 0 0 1
    outer loop
      vertex 10.9893 50.9874 18.15
      vertex 10.9282 50.3147 18.15
      vertex 11.1747 50.4168 18.15
    endloop
  endfacet
  facet normal -0 0 1
    outer loop
      vertex 10.6558 50.8493 18.15
      vertex 10.9282 50.3147 18.15
      vertex 10.9893 50.9874 18.15
    endloop
  endfacet
  facet normal 0 0 1
    outer loop
      vertex 10.9282 50.3147 18.15
      vertex 10.6558 50.8493 18.15
      vertex 10.7008 50.1753 18.15
    endloop
  endfacet
  facet normal -0 0 1
    outer loop
      vertex 10.3481 50.6607 18.15
      vertex 10.7008 50.1753 18.15
      vertex 10.6558 50.8493 18.15
    endloop
  endfacet
  facet normal 0 0 1
    outer loop
      vertex 10.7008 50.1753 18.15
      vertex 10.3481 50.6607 18.15
      vertex 10.4979 50.0021 18.15
    endloop
  endfacet
  facet normal -0 0 1
    outer loop
      vertex 10.0737 50.4263 18.15
      vertex 10.4979 50.0021 18.15
      vertex 10.3481 50.6607 18.15
    endloop
  endfacet
  facet normal 0 0 1
    outer loop
      vertex 10.4979 50.0021 18.15
      vertex 10.0737 50.4263 18.15
      vertex 10.3247 49.7992 18.15
    endloop
  endfacet
  facet normal -0 0 1
    outer loop
      vertex 9.83926 50.1519 18.15
      vertex 10.3247 49.7992 18.15
      vertex 10.0737 50.4263 18.15
    endloop
  endfacet
  facet normal 0 0 1
    outer loop
      vertex 10.3247 49.7992 18.15
      vertex 9.83926 50.1519 18.15
      vertex 10.1853 49.5718 18.15
    endloop
  endfacet
  facet normal -0 0 1
    outer loop
      vertex 9.65069 49.8442 18.15
      vertex 10.1853 49.5718 18.15
      vertex 9.83926 50.1519 18.15
    endloop
  endfacet
  facet normal 0 0 1
    outer loop
      vertex 10.1853 49.5718 18.15
      vertex 9.65069 49.8442 18.15
      vertex 10.0832 49.3253 18.15
    endloop
  endfacet
  facet normal -0 0 1
    outer loop
      vertex 9.51257 49.5107 18.15
      vertex 10.0832 49.3253 18.15
      vertex 9.65069 49.8442 18.15
    endloop
  endfacet
  facet normal 0 0 1
    outer loop
      vertex 13.8874 48.0893 18.15
      vertex 13.3168 48.2747 18.15
      vertex 13.7493 47.7558 18.15
    endloop
  endfacet
  facet normal -0 0 1
    outer loop
      vertex 13.2147 48.0282 18.15
      vertex 13.7493 47.7558 18.15
      vertex 13.3168 48.2747 18.15
    endloop
  endfacet
  facet normal 0 0 1
    outer loop
      vertex 13.7493 47.7558 18.15
      vertex 13.2147 48.0282 18.15
      vertex 13.5607 47.4481 18.15
    endloop
  endfacet
  facet normal -0 0 1
    outer loop
      vertex 13.0753 47.8008 18.15
      vertex 13.5607 47.4481 18.15
      vertex 13.2147 48.0282 18.15
    endloop
  endfacet
  facet normal 0 0 1
    outer loop
      vertex 13.5607 47.4481 18.15
      vertex 13.0753 47.8008 18.15
      vertex 13.3263 47.1737 18.15
    endloop
  endfacet
  facet normal -0 0 1
    outer loop
      vertex 12.9021 47.5979 18.15
      vertex 13.3263 47.1737 18.15
      vertex 13.0753 47.8008 18.15
    endloop
  endfacet
  facet normal 0 0 1
    outer loop
      vertex 13.3263 47.1737 18.15
      vertex 12.9021 47.5979 18.15
      vertex 13.0519 46.9393 18.15
    endloop
  endfacet
  facet normal -0 0 1
    outer loop
      vertex 12.6992 47.4247 18.15
      vertex 13.0519 46.9393 18.15
      vertex 12.9021 47.5979 18.15
    endloop
  endfacet
  facet normal 0 0 1
    outer loop
      vertex 13.0519 46.9393 18.15
      vertex 12.6992 47.4247 18.15
      vertex 12.7442 46.7507 18.15
    endloop
  endfacet
  facet normal -0 0 1
    outer loop
      vertex 12.4718 47.2853 18.15
      vertex 12.7442 46.7507 18.15
      vertex 12.6992 47.4247 18.15
    endloop
  endfacet
  facet normal 0 0 1
    outer loop
      vertex 12.4718 47.2853 18.15
      vertex 12.4107 46.6126 18.15
      vertex 12.7442 46.7507 18.15
    endloop
  endfacet
  facet normal -0 0 1
    outer loop
      vertex 12.2253 47.1832 18.15
      vertex 12.4107 46.6126 18.15
      vertex 12.4718 47.2853 18.15
    endloop
  endfacet
  facet normal 0 0 1
    outer loop
      vertex 12.2253 47.1832 18.15
      vertex 12.0598 46.5283 18.15
      vertex 12.4107 46.6126 18.15
    endloop
  endfacet
  facet normal -0 0 1
    outer loop
      vertex 11.9659 47.1209 18.15
      vertex 12.0598 46.5283 18.15
      vertex 12.2253 47.1832 18.15
    endloop
  endfacet
  facet normal -0 0 1
    outer loop
      vertex 11.7 47.1 18.15
      vertex 12.0598 46.5283 18.15
      vertex 11.9659 47.1209 18.15
    endloop
  endfacet
  facet normal 0 0 1
    outer loop
      vertex 11.7 47.1 18.15
      vertex 11.7 46.5 18.15
      vertex 12.0598 46.5283 18.15
    endloop
  endfacet
  facet normal 0 0 1
    outer loop
      vertex 11.4341 47.1209 18.15
      vertex 11.7 46.5 18.15
      vertex 11.7 47.1 18.15
    endloop
  endfacet
  facet normal 0 0 1
    outer loop
      vertex 11.4341 47.1209 18.15
      vertex 11.3402 46.5283 18.15
      vertex 11.7 46.5 18.15
    endloop
  endfacet
  facet normal 0 0 1
    outer loop
      vertex 11.1747 47.1832 18.15
      vertex 11.3402 46.5283 18.15
      vertex 11.4341 47.1209 18.15
    endloop
  endfacet
  facet normal 0 0 1
    outer loop
      vertex 11.1747 47.1832 18.15
      vertex 10.9893 46.6126 18.15
      vertex 11.3402 46.5283 18.15
    endloop
  endfacet
  facet normal 0 0 1
    outer loop
      vertex 10.9282 47.2853 18.15
      vertex 10.9893 46.6126 18.15
      vertex 11.1747 47.1832 18.15
    endloop
  endfacet
  facet normal 0 0 1
    outer loop
      vertex 10.6558 46.7507 18.15
      vertex 10.9282 47.2853 18.15
      vertex 10.7008 47.4247 18.15
    endloop
  endfacet
  facet normal 0 0 1
    outer loop
      vertex 10.9282 47.2853 18.15
      vertex 10.6558 46.7507 18.15
      vertex 10.9893 46.6126 18.15
    endloop
  endfacet
  facet normal 0 0 1
    outer loop
      vertex 10.3481 46.9393 18.15
      vertex 10.7008 47.4247 18.15
      vertex 10.4979 47.5979 18.15
    endloop
  endfacet
  facet normal 0 0 1
    outer loop
      vertex 10.7008 47.4247 18.15
      vertex 10.3481 46.9393 18.15
      vertex 10.6558 46.7507 18.15
    endloop
  endfacet
  facet normal 0 0 1
    outer loop
      vertex 10.0737 47.1737 18.15
      vertex 10.4979 47.5979 18.15
      vertex 10.3247 47.8008 18.15
    endloop
  endfacet
  facet normal 0 0 1
    outer loop
      vertex 9.83926 47.4481 18.15
      vertex 10.3247 47.8008 18.15
      vertex 10.1853 48.0282 18.15
    endloop
  endfacet
  facet normal 0 0 1
    outer loop
      vertex 9.65069 47.7558 18.15
      vertex 10.1853 48.0282 18.15
      vertex 10.0832 48.2747 18.15
    endloop
  endfacet
  facet normal 0 0 1
    outer loop
      vertex 10.4979 47.5979 18.15
      vertex 10.0737 47.1737 18.15
      vertex 10.3481 46.9393 18.15
    endloop
  endfacet
  facet normal 0 0 1
    outer loop
      vertex 9.51257 48.0893 18.15
      vertex 10.0832 48.2747 18.15
      vertex 10.0209 48.5341 18.15
    endloop
  endfacet
  facet normal 0 0 1
    outer loop
      vertex 9.42832 48.4402 18.15
      vertex 10.0209 48.5341 18.15
      vertex 10 48.8 18.15
    endloop
  endfacet
  facet normal 0 0 1
    outer loop
      vertex 10.0832 49.3253 18.15
      vertex 9.51257 49.5107 18.15
      vertex 10.0209 49.0659 18.15
    endloop
  endfacet
  facet normal 0 0 1
    outer loop
      vertex 10.3247 47.8008 18.15
      vertex 9.83926 47.4481 18.15
      vertex 10.0737 47.1737 18.15
    endloop
  endfacet
  facet normal -0 0 1
    outer loop
      vertex 9.42832 49.1598 18.15
      vertex 10.0209 49.0659 18.15
      vertex 9.51257 49.5107 18.15
    endloop
  endfacet
  facet normal 0 0 1
    outer loop
      vertex 10.1853 48.0282 18.15
      vertex 9.65069 47.7558 18.15
      vertex 9.83926 47.4481 18.15
    endloop
  endfacet
  facet normal 0 0 1
    outer loop
      vertex 10.0209 49.0659 18.15
      vertex 9.42832 49.1598 18.15
      vertex 10 48.8 18.15
    endloop
  endfacet
  facet normal 0 0 1
    outer loop
      vertex 10.0832 48.2747 18.15
      vertex 9.51257 48.0893 18.15
      vertex 9.65069 47.7558 18.15
    endloop
  endfacet
  facet normal 0 0 1
    outer loop
      vertex 9.4 48.8 18.15
      vertex 10 48.8 18.15
      vertex 9.42832 49.1598 18.15
    endloop
  endfacet
  facet normal 0 0 1
    outer loop
      vertex 10.0209 48.5341 18.15
      vertex 9.42832 48.4402 18.15
      vertex 9.51257 48.0893 18.15
    endloop
  endfacet
  facet normal 0 0 1
    outer loop
      vertex 10 48.8 18.15
      vertex 9.4 48.8 18.15
      vertex 9.42832 48.4402 18.15
    endloop
  endfacet
  facet normal 0.233451 0.972369 -0
    outer loop
      vertex 11.3402 46.5283 18.15
      vertex 10.9893 46.6126 23.15
      vertex 11.3402 46.5283 23.15
    endloop
  endfacet
  facet normal 0.233451 0.972369 0
    outer loop
      vertex 10.9893 46.6126 23.15
      vertex 11.3402 46.5283 18.15
      vertex 10.9893 46.6126 18.15
    endloop
  endfacet
  facet normal -0.85264 -0.522498 0
    outer loop
      vertex 13.7493 49.8442 18.15
      vertex 13.5607 50.1519 23.15
      vertex 13.5607 50.1519 18.15
    endloop
  endfacet
  facet normal -0.85264 -0.522498 0
    outer loop
      vertex 13.5607 50.1519 23.15
      vertex 13.7493 49.8442 18.15
      vertex 13.7493 49.8442 23.15
    endloop
  endfacet
  facet normal -0.0784584 -0.996917 0
    outer loop
      vertex 11.7 51.1 18.15
      vertex 12.0598 51.0717 23.15
      vertex 11.7 51.1 23.15
    endloop
  endfacet
  facet normal -0.0784584 -0.996917 -0
    outer loop
      vertex 12.0598 51.0717 23.15
      vertex 11.7 51.1 18.15
      vertex 12.0598 51.0717 18.15
    endloop
  endfacet
  facet normal 0.996917 -0.0784584 0
    outer loop
      vertex 9.4 48.8 23.15
      vertex 9.42832 49.1598 18.15
      vertex 9.42832 49.1598 23.15
    endloop
  endfacet
  facet normal 0.996917 -0.0784584 0
    outer loop
      vertex 9.42832 49.1598 18.15
      vertex 9.4 48.8 23.15
      vertex 9.4 48.8 18.15
    endloop
  endfacet
  facet normal 0.85264 -0.522498 0
    outer loop
      vertex 9.65069 49.8442 23.15
      vertex 9.83926 50.1519 18.15
      vertex 9.83926 50.1519 23.15
    endloop
  endfacet
  facet normal 0.85264 -0.522498 0
    outer loop
      vertex 9.83926 50.1519 18.15
      vertex 9.65069 49.8442 23.15
      vertex 9.65069 49.8442 18.15
    endloop
  endfacet
  facet normal -0.233441 -0.972371 0
    outer loop
      vertex 12.0598 51.0717 18.15
      vertex 12.4107 50.9874 23.15
      vertex 12.0598 51.0717 23.15
    endloop
  endfacet
  facet normal -0.233441 -0.972371 -0
    outer loop
      vertex 12.4107 50.9874 23.15
      vertex 12.0598 51.0717 18.15
      vertex 12.4107 50.9874 18.15
    endloop
  endfacet
  facet normal -0.92388 -0.382683 0
    outer loop
      vertex 13.8874 49.5107 18.15
      vertex 13.7493 49.8442 23.15
      vertex 13.7493 49.8442 18.15
    endloop
  endfacet
  facet normal -0.92388 -0.382683 0
    outer loop
      vertex 13.7493 49.8442 23.15
      vertex 13.8874 49.5107 18.15
      vertex 13.8874 49.5107 23.15
    endloop
  endfacet
  facet normal -0.97237 -0.233445 0
    outer loop
      vertex 13.9717 49.1598 18.15
      vertex 13.8874 49.5107 23.15
      vertex 13.8874 49.5107 18.15
    endloop
  endfacet
  facet normal -0.97237 -0.233445 0
    outer loop
      vertex 13.8874 49.5107 23.15
      vertex 13.9717 49.1598 18.15
      vertex 13.9717 49.1598 23.15
    endloop
  endfacet
  facet normal 0.0784584 -0.996917 0
    outer loop
      vertex 11.3402 51.0717 18.15
      vertex 11.7 51.1 23.15
      vertex 11.3402 51.0717 23.15
    endloop
  endfacet
  facet normal 0.0784584 -0.996917 0
    outer loop
      vertex 11.7 51.1 23.15
      vertex 11.3402 51.0717 18.15
      vertex 11.7 51.1 18.15
    endloop
  endfacet
  facet normal 0.522498 -0.85264 0
    outer loop
      vertex 10.3481 50.6607 18.15
      vertex 10.6558 50.8493 23.15
      vertex 10.3481 50.6607 23.15
    endloop
  endfacet
  facet normal 0.522498 -0.85264 0
    outer loop
      vertex 10.6558 50.8493 23.15
      vertex 10.3481 50.6607 18.15
      vertex 10.6558 50.8493 18.15
    endloop
  endfacet
  facet normal 0.233441 -0.972371 0
    outer loop
      vertex 10.9893 50.9874 18.15
      vertex 11.3402 51.0717 23.15
      vertex 10.9893 50.9874 23.15
    endloop
  endfacet
  facet normal 0.233441 -0.972371 0
    outer loop
      vertex 11.3402 51.0717 23.15
      vertex 10.9893 50.9874 18.15
      vertex 11.3402 51.0717 18.15
    endloop
  endfacet
  facet normal 0.92388 -0.382683 0
    outer loop
      vertex 9.51257 49.5107 23.15
      vertex 9.65069 49.8442 18.15
      vertex 9.65069 49.8442 23.15
    endloop
  endfacet
  facet normal 0.92388 -0.382683 0
    outer loop
      vertex 9.65069 49.8442 18.15
      vertex 9.51257 49.5107 23.15
      vertex 9.51257 49.5107 18.15
    endloop
  endfacet
  facet normal 0.97237 -0.233445 0
    outer loop
      vertex 9.42832 49.1598 23.15
      vertex 9.51257 49.5107 18.15
      vertex 9.51257 49.5107 23.15
    endloop
  endfacet
  facet normal 0.97237 -0.233445 0
    outer loop
      vertex 9.51257 49.5107 18.15
      vertex 9.42832 49.1598 23.15
      vertex 9.42832 49.1598 18.15
    endloop
  endfacet
  facet normal -0.522498 -0.85264 0
    outer loop
      vertex 12.7442 50.8493 18.15
      vertex 13.0519 50.6607 23.15
      vertex 12.7442 50.8493 23.15
    endloop
  endfacet
  facet normal -0.522498 -0.85264 -0
    outer loop
      vertex 13.0519 50.6607 23.15
      vertex 12.7442 50.8493 18.15
      vertex 13.0519 50.6607 18.15
    endloop
  endfacet
  facet normal -0.382683 -0.92388 0
    outer loop
      vertex 12.4107 50.9874 18.15
      vertex 12.7442 50.8493 23.15
      vertex 12.4107 50.9874 23.15
    endloop
  endfacet
  facet normal -0.382683 -0.92388 -0
    outer loop
      vertex 12.7442 50.8493 23.15
      vertex 12.4107 50.9874 18.15
      vertex 12.7442 50.8493 18.15
    endloop
  endfacet
  facet normal -0.760407 -0.649447 0
    outer loop
      vertex 13.5607 50.1519 18.15
      vertex 13.3263 50.4263 23.15
      vertex 13.3263 50.4263 18.15
    endloop
  endfacet
  facet normal -0.760407 -0.649447 0
    outer loop
      vertex 13.3263 50.4263 23.15
      vertex 13.5607 50.1519 18.15
      vertex 13.5607 50.1519 23.15
    endloop
  endfacet
  facet normal 0.382683 -0.92388 0
    outer loop
      vertex 10.6558 50.8493 18.15
      vertex 10.9893 50.9874 23.15
      vertex 10.6558 50.8493 23.15
    endloop
  endfacet
  facet normal 0.382683 -0.92388 0
    outer loop
      vertex 10.9893 50.9874 23.15
      vertex 10.6558 50.8493 18.15
      vertex 10.9893 50.9874 18.15
    endloop
  endfacet
  facet normal 0.760407 -0.649447 0
    outer loop
      vertex 9.83926 50.1519 23.15
      vertex 10.0737 50.4263 18.15
      vertex 10.0737 50.4263 23.15
    endloop
  endfacet
  facet normal 0.760407 -0.649447 0
    outer loop
      vertex 10.0737 50.4263 18.15
      vertex 9.83926 50.1519 23.15
      vertex 9.83926 50.1519 18.15
    endloop
  endfacet
  facet normal 0.64945 -0.760404 0
    outer loop
      vertex 10.0737 50.4263 18.15
      vertex 10.3481 50.6607 23.15
      vertex 10.0737 50.4263 23.15
    endloop
  endfacet
  facet normal 0.64945 -0.760404 0
    outer loop
      vertex 10.3481 50.6607 23.15
      vertex 10.0737 50.4263 18.15
      vertex 10.3481 50.6607 18.15
    endloop
  endfacet
  facet normal -0.64945 0.760404 0
    outer loop
      vertex 50.9021 47.5979 15.87
      vertex 50.6992 47.4247 18.15
      vertex 50.9021 47.5979 18.15
    endloop
  endfacet
  facet normal -0.64945 0.760404 0
    outer loop
      vertex 50.6992 47.4247 18.15
      vertex 50.9021 47.5979 15.87
      vertex 50.6992 47.4247 15.87
    endloop
  endfacet
  facet normal 0.923878 0.382687 0
    outer loop
      vertex 48.1853 48.0282 18.15
      vertex 48.0832 48.2747 15.87
      vertex 48.0832 48.2747 18.15
    endloop
  endfacet
  facet normal 0.923878 0.382687 0
    outer loop
      vertex 48.0832 48.2747 15.87
      vertex 48.1853 48.0282 18.15
      vertex 48.1853 48.0282 15.87
    endloop
  endfacet
  facet normal 0.382682 -0.92388 0
    outer loop
      vertex 48.9282 50.3147 15.87
      vertex 49.1747 50.4168 18.15
      vertex 48.9282 50.3147 18.15
    endloop
  endfacet
  facet normal 0.382682 -0.92388 0
    outer loop
      vertex 49.1747 50.4168 18.15
      vertex 48.9282 50.3147 15.87
      vertex 49.1747 50.4168 15.87
    endloop
  endfacet
  facet normal 0.382682 0.92388 -0
    outer loop
      vertex 49.1747 47.1832 15.87
      vertex 48.9282 47.2853 18.15
      vertex 49.1747 47.1832 18.15
    endloop
  endfacet
  facet normal 0.382682 0.92388 0
    outer loop
      vertex 48.9282 47.2853 18.15
      vertex 49.1747 47.1832 15.87
      vertex 48.9282 47.2853 15.87
    endloop
  endfacet
  facet normal 0.852642 0.522496 0
    outer loop
      vertex 48.3247 47.8008 18.15
      vertex 48.1853 48.0282 15.87
      vertex 48.1853 48.0282 18.15
    endloop
  endfacet
  facet normal 0.852642 0.522496 0
    outer loop
      vertex 48.1853 48.0282 15.87
      vertex 48.3247 47.8008 18.15
      vertex 48.3247 47.8008 15.87
    endloop
  endfacet
  facet normal -0.923878 0.382687 0
    outer loop
      vertex 51.2147 48.0282 15.87
      vertex 51.3168 48.2747 18.15
      vertex 51.3168 48.2747 15.87
    endloop
  endfacet
  facet normal -0.923878 0.382687 0
    outer loop
      vertex 51.3168 48.2747 18.15
      vertex 51.2147 48.0282 15.87
      vertex 51.2147 48.0282 18.15
    endloop
  endfacet
  facet normal -0.852642 0.522496 0
    outer loop
      vertex 51.0753 47.8008 15.87
      vertex 51.2147 48.0282 18.15
      vertex 51.2147 48.0282 15.87
    endloop
  endfacet
  facet normal -0.852642 0.522496 0
    outer loop
      vertex 51.2147 48.0282 18.15
      vertex 51.0753 47.8008 15.87
      vertex 51.0753 47.8008 18.15
    endloop
  endfacet
  facet normal -0.760404 0.64945 0
    outer loop
      vertex 50.9021 47.5979 15.87
      vertex 51.0753 47.8008 18.15
      vertex 51.0753 47.8008 15.87
    endloop
  endfacet
  facet normal -0.760404 0.64945 0
    outer loop
      vertex 51.0753 47.8008 18.15
      vertex 50.9021 47.5979 15.87
      vertex 50.9021 47.5979 18.15
    endloop
  endfacet
  facet normal -0.522496 0.852642 0
    outer loop
      vertex 50.6992 47.4247 15.87
      vertex 50.4718 47.2853 18.15
      vertex 50.6992 47.4247 18.15
    endloop
  endfacet
  facet normal -0.522496 0.852642 0
    outer loop
      vertex 50.4718 47.2853 18.15
      vertex 50.6992 47.4247 15.87
      vertex 50.4718 47.2853 15.87
    endloop
  endfacet
  facet normal -0.382687 0.923878 0
    outer loop
      vertex 50.4718 47.2853 15.87
      vertex 50.2253 47.1832 18.15
      vertex 50.4718 47.2853 18.15
    endloop
  endfacet
  facet normal -0.382687 0.923878 0
    outer loop
      vertex 50.2253 47.1832 18.15
      vertex 50.4718 47.2853 15.87
      vertex 50.2253 47.1832 15.87
    endloop
  endfacet
  facet normal -0.233447 0.97237 0
    outer loop
      vertex 50.2253 47.1832 15.87
      vertex 49.9659 47.1209 18.15
      vertex 50.2253 47.1832 18.15
    endloop
  endfacet
  facet normal -0.233447 0.97237 0
    outer loop
      vertex 49.9659 47.1209 18.15
      vertex 50.2253 47.1832 15.87
      vertex 49.9659 47.1209 15.87
    endloop
  endfacet
  facet normal 0.97237 0.233447 0
    outer loop
      vertex 48.0832 48.2747 18.15
      vertex 48.0209 48.5341 15.87
      vertex 48.0209 48.5341 18.15
    endloop
  endfacet
  facet normal 0.97237 0.233447 0
    outer loop
      vertex 48.0209 48.5341 15.87
      vertex 48.0832 48.2747 18.15
      vertex 48.0832 48.2747 15.87
    endloop
  endfacet
  facet normal 0.760404 0.64945 0
    outer loop
      vertex 48.4979 47.5979 18.15
      vertex 48.3247 47.8008 15.87
      vertex 48.3247 47.8008 18.15
    endloop
  endfacet
  facet normal 0.760404 0.64945 0
    outer loop
      vertex 48.3247 47.8008 15.87
      vertex 48.4979 47.5979 18.15
      vertex 48.4979 47.5979 15.87
    endloop
  endfacet
  facet normal 0.522502 0.852638 -0
    outer loop
      vertex 48.9282 47.2853 15.87
      vertex 48.7008 47.4247 18.15
      vertex 48.9282 47.2853 18.15
    endloop
  endfacet
  facet normal 0.522502 0.852638 0
    outer loop
      vertex 48.7008 47.4247 18.15
      vertex 48.9282 47.2853 15.87
      vertex 48.7008 47.4247 15.87
    endloop
  endfacet
  facet normal 0.233447 0.97237 -0
    outer loop
      vertex 49.4341 47.1209 15.87
      vertex 49.1747 47.1832 18.15
      vertex 49.4341 47.1209 18.15
    endloop
  endfacet
  facet normal 0.233447 0.97237 0
    outer loop
      vertex 49.1747 47.1832 18.15
      vertex 49.4341 47.1209 15.87
      vertex 49.1747 47.1832 15.87
    endloop
  endfacet
  facet normal 0.64945 0.760404 -0
    outer loop
      vertex 48.7008 47.4247 15.87
      vertex 48.4979 47.5979 18.15
      vertex 48.7008 47.4247 18.15
    endloop
  endfacet
  facet normal 0.64945 0.760404 0
    outer loop
      vertex 48.4979 47.5979 18.15
      vertex 48.7008 47.4247 15.87
      vertex 48.4979 47.5979 15.87
    endloop
  endfacet
  facet normal -0.996917 0.0784646 0
    outer loop
      vertex 51.3791 48.5341 15.87
      vertex 51.4 48.8 18.15
      vertex 51.4 48.8 15.87
    endloop
  endfacet
  facet normal -0.996917 0.0784646 0
    outer loop
      vertex 51.4 48.8 18.15
      vertex 51.3791 48.5341 15.87
      vertex 51.3791 48.5341 18.15
    endloop
  endfacet
  facet normal -0.382687 -0.923878 0
    outer loop
      vertex 50.2253 50.4168 15.87
      vertex 50.4718 50.3147 18.15
      vertex 50.2253 50.4168 18.15
    endloop
  endfacet
  facet normal -0.382687 -0.923878 -0
    outer loop
      vertex 50.4718 50.3147 18.15
      vertex 50.2253 50.4168 15.87
      vertex 50.4718 50.3147 15.87
    endloop
  endfacet
  facet normal -0.852638 -0.522502 0
    outer loop
      vertex 51.2147 49.5718 15.87
      vertex 51.0753 49.7992 18.15
      vertex 51.0753 49.7992 15.87
    endloop
  endfacet
  facet normal -0.852638 -0.522502 0
    outer loop
      vertex 51.0753 49.7992 18.15
      vertex 51.2147 49.5718 15.87
      vertex 51.2147 49.5718 18.15
    endloop
  endfacet
  facet normal 0.233447 -0.97237 0
    outer loop
      vertex 49.1747 50.4168 15.87
      vertex 49.4341 50.4791 18.15
      vertex 49.1747 50.4168 18.15
    endloop
  endfacet
  facet normal 0.233447 -0.97237 0
    outer loop
      vertex 49.4341 50.4791 18.15
      vertex 49.1747 50.4168 15.87
      vertex 49.4341 50.4791 15.87
    endloop
  endfacet
  facet normal 0.64945 -0.760404 0
    outer loop
      vertex 48.4979 50.0021 15.87
      vertex 48.7008 50.1753 18.15
      vertex 48.4979 50.0021 18.15
    endloop
  endfacet
  facet normal 0.64945 -0.760404 0
    outer loop
      vertex 48.7008 50.1753 18.15
      vertex 48.4979 50.0021 15.87
      vertex 48.7008 50.1753 15.87
    endloop
  endfacet
  facet normal 0.852638 -0.522502 0
    outer loop
      vertex 48.1853 49.5718 18.15
      vertex 48.3247 49.7992 15.87
      vertex 48.3247 49.7992 18.15
    endloop
  endfacet
  facet normal 0.852638 -0.522502 0
    outer loop
      vertex 48.3247 49.7992 15.87
      vertex 48.1853 49.5718 18.15
      vertex 48.1853 49.5718 15.87
    endloop
  endfacet
  facet normal 0.760404 -0.64945 0
    outer loop
      vertex 48.3247 49.7992 18.15
      vertex 48.4979 50.0021 15.87
      vertex 48.4979 50.0021 18.15
    endloop
  endfacet
  facet normal 0.760404 -0.64945 0
    outer loop
      vertex 48.4979 50.0021 15.87
      vertex 48.3247 49.7992 18.15
      vertex 48.3247 49.7992 15.87
    endloop
  endfacet
  facet normal -0.97237 0.233447 0
    outer loop
      vertex 51.3168 48.2747 15.87
      vertex 51.3791 48.5341 18.15
      vertex 51.3791 48.5341 15.87
    endloop
  endfacet
  facet normal -0.97237 0.233447 0
    outer loop
      vertex 51.3791 48.5341 18.15
      vertex 51.3168 48.2747 15.87
      vertex 51.3168 48.2747 18.15
    endloop
  endfacet
  facet normal -0.0784646 0.996917 0
    outer loop
      vertex 49.9659 47.1209 15.87
      vertex 49.7 47.1 18.15
      vertex 49.9659 47.1209 18.15
    endloop
  endfacet
  facet normal -0.0784646 0.996917 0
    outer loop
      vertex 49.7 47.1 18.15
      vertex 49.9659 47.1209 15.87
      vertex 49.7 47.1 15.87
    endloop
  endfacet
  facet normal 0.996917 0.0784646 0
    outer loop
      vertex 48.0209 48.5341 18.15
      vertex 48 48.8 15.87
      vertex 48 48.8 18.15
    endloop
  endfacet
  facet normal 0.996917 0.0784646 0
    outer loop
      vertex 48 48.8 15.87
      vertex 48.0209 48.5341 18.15
      vertex 48.0209 48.5341 15.87
    endloop
  endfacet
  facet normal 0.0784646 0.996917 -0
    outer loop
      vertex 49.7 47.1 15.87
      vertex 49.4341 47.1209 18.15
      vertex 49.7 47.1 18.15
    endloop
  endfacet
  facet normal 0.0784646 0.996917 0
    outer loop
      vertex 49.4341 47.1209 18.15
      vertex 49.7 47.1 15.87
      vertex 49.4341 47.1209 15.87
    endloop
  endfacet
  facet normal -0.97237 -0.233447 0
    outer loop
      vertex 51.3791 49.0659 15.87
      vertex 51.3168 49.3253 18.15
      vertex 51.3168 49.3253 15.87
    endloop
  endfacet
  facet normal -0.97237 -0.233447 0
    outer loop
      vertex 51.3168 49.3253 18.15
      vertex 51.3791 49.0659 15.87
      vertex 51.3791 49.0659 18.15
    endloop
  endfacet
  facet normal -0.0784646 -0.996917 0
    outer loop
      vertex 49.7 50.5 15.87
      vertex 49.9659 50.4791 18.15
      vertex 49.7 50.5 18.15
    endloop
  endfacet
  facet normal -0.0784646 -0.996917 -0
    outer loop
      vertex 49.9659 50.4791 18.15
      vertex 49.7 50.5 15.87
      vertex 49.9659 50.4791 15.87
    endloop
  endfacet
  facet normal -0.233447 -0.97237 0
    outer loop
      vertex 49.9659 50.4791 15.87
      vertex 50.2253 50.4168 18.15
      vertex 49.9659 50.4791 18.15
    endloop
  endfacet
  facet normal -0.233447 -0.97237 -0
    outer loop
      vertex 50.2253 50.4168 18.15
      vertex 49.9659 50.4791 15.87
      vertex 50.2253 50.4168 15.87
    endloop
  endfacet
  facet normal -0.760404 -0.64945 0
    outer loop
      vertex 51.0753 49.7992 15.87
      vertex 50.9021 50.0021 18.15
      vertex 50.9021 50.0021 15.87
    endloop
  endfacet
  facet normal -0.760404 -0.64945 0
    outer loop
      vertex 50.9021 50.0021 18.15
      vertex 51.0753 49.7992 15.87
      vertex 51.0753 49.7992 18.15
    endloop
  endfacet
  facet normal -0.522496 -0.852642 0
    outer loop
      vertex 50.4718 50.3147 15.87
      vertex 50.6992 50.1753 18.15
      vertex 50.4718 50.3147 18.15
    endloop
  endfacet
  facet normal -0.522496 -0.852642 -0
    outer loop
      vertex 50.6992 50.1753 18.15
      vertex 50.4718 50.3147 15.87
      vertex 50.6992 50.1753 15.87
    endloop
  endfacet
  facet normal -0.92388 -0.382682 0
    outer loop
      vertex 51.3168 49.3253 15.87
      vertex 51.2147 49.5718 18.15
      vertex 51.2147 49.5718 15.87
    endloop
  endfacet
  facet normal -0.92388 -0.382682 0
    outer loop
      vertex 51.2147 49.5718 18.15
      vertex 51.3168 49.3253 15.87
      vertex 51.3168 49.3253 18.15
    endloop
  endfacet
  facet normal 0.0784646 -0.996917 0
    outer loop
      vertex 49.4341 50.4791 15.87
      vertex 49.7 50.5 18.15
      vertex 49.4341 50.4791 18.15
    endloop
  endfacet
  facet normal 0.0784646 -0.996917 0
    outer loop
      vertex 49.7 50.5 18.15
      vertex 49.4341 50.4791 15.87
      vertex 49.7 50.5 15.87
    endloop
  endfacet
  facet normal 0.522502 -0.852638 0
    outer loop
      vertex 48.7008 50.1753 15.87
      vertex 48.9282 50.3147 18.15
      vertex 48.7008 50.1753 18.15
    endloop
  endfacet
  facet normal 0.522502 -0.852638 0
    outer loop
      vertex 48.9282 50.3147 18.15
      vertex 48.7008 50.1753 15.87
      vertex 48.9282 50.3147 15.87
    endloop
  endfacet
  facet normal 0.92388 -0.382682 0
    outer loop
      vertex 48.0832 49.3253 18.15
      vertex 48.1853 49.5718 15.87
      vertex 48.1853 49.5718 18.15
    endloop
  endfacet
  facet normal 0.92388 -0.382682 0
    outer loop
      vertex 48.1853 49.5718 15.87
      vertex 48.0832 49.3253 18.15
      vertex 48.0832 49.3253 15.87
    endloop
  endfacet
  facet normal 0.996917 -0.0784646 0
    outer loop
      vertex 48 48.8 18.15
      vertex 48.0209 49.0659 15.87
      vertex 48.0209 49.0659 18.15
    endloop
  endfacet
  facet normal 0.996917 -0.0784646 0
    outer loop
      vertex 48.0209 49.0659 15.87
      vertex 48 48.8 18.15
      vertex 48 48.8 15.87
    endloop
  endfacet
  facet normal 0 0 1
    outer loop
      vertex 51.3791 49.0659 15.87
      vertex 51.3791 48.5341 15.87
      vertex 51.4 48.8 15.87
    endloop
  endfacet
  facet normal 0 0 1
    outer loop
      vertex 51.3168 49.3253 15.87
      vertex 51.3791 48.5341 15.87
      vertex 51.3791 49.0659 15.87
    endloop
  endfacet
  facet normal 0 0 1
    outer loop
      vertex 51.3168 49.3253 15.87
      vertex 51.3168 48.2747 15.87
      vertex 51.3791 48.5341 15.87
    endloop
  endfacet
  facet normal 0 0 1
    outer loop
      vertex 51.2147 49.5718 15.87
      vertex 51.3168 48.2747 15.87
      vertex 51.3168 49.3253 15.87
    endloop
  endfacet
  facet normal 0 0 1
    outer loop
      vertex 51.2147 49.5718 15.87
      vertex 51.2147 48.0282 15.87
      vertex 51.3168 48.2747 15.87
    endloop
  endfacet
  facet normal 0 0 1
    outer loop
      vertex 51.0753 49.7992 15.87
      vertex 51.2147 48.0282 15.87
      vertex 51.2147 49.5718 15.87
    endloop
  endfacet
  facet normal 0 0 1
    outer loop
      vertex 51.0753 49.7992 15.87
      vertex 51.0753 47.8008 15.87
      vertex 51.2147 48.0282 15.87
    endloop
  endfacet
  facet normal 0 0 1
    outer loop
      vertex 50.9021 50.0021 15.87
      vertex 51.0753 47.8008 15.87
      vertex 51.0753 49.7992 15.87
    endloop
  endfacet
  facet normal 0 0 1
    outer loop
      vertex 50.9021 50.0021 15.87
      vertex 50.9021 47.5979 15.87
      vertex 51.0753 47.8008 15.87
    endloop
  endfacet
  facet normal 0 0 1
    outer loop
      vertex 50.6992 50.1753 15.87
      vertex 50.9021 47.5979 15.87
      vertex 50.9021 50.0021 15.87
    endloop
  endfacet
  facet normal 0 0 1
    outer loop
      vertex 50.6992 50.1753 15.87
      vertex 50.6992 47.4247 15.87
      vertex 50.9021 47.5979 15.87
    endloop
  endfacet
  facet normal 0 0 1
    outer loop
      vertex 50.4718 50.3147 15.87
      vertex 50.6992 47.4247 15.87
      vertex 50.6992 50.1753 15.87
    endloop
  endfacet
  facet normal 0 0 1
    outer loop
      vertex 50.4718 50.3147 15.87
      vertex 50.4718 47.2853 15.87
      vertex 50.6992 47.4247 15.87
    endloop
  endfacet
  facet normal 0 0 1
    outer loop
      vertex 50.2253 50.4168 15.87
      vertex 50.4718 47.2853 15.87
      vertex 50.4718 50.3147 15.87
    endloop
  endfacet
  facet normal 0 0 1
    outer loop
      vertex 50.2253 50.4168 15.87
      vertex 50.2253 47.1832 15.87
      vertex 50.4718 47.2853 15.87
    endloop
  endfacet
  facet normal 0 0 1
    outer loop
      vertex 49.9659 50.4791 15.87
      vertex 50.2253 47.1832 15.87
      vertex 50.2253 50.4168 15.87
    endloop
  endfacet
  facet normal 0 0 1
    outer loop
      vertex 49.9659 50.4791 15.87
      vertex 49.9659 47.1209 15.87
      vertex 50.2253 47.1832 15.87
    endloop
  endfacet
  facet normal 0 0 1
    outer loop
      vertex 49.7 50.5 15.87
      vertex 49.9659 47.1209 15.87
      vertex 49.9659 50.4791 15.87
    endloop
  endfacet
  facet normal 0 0 1
    outer loop
      vertex 49.7 50.5 15.87
      vertex 49.7 47.1 15.87
      vertex 49.9659 47.1209 15.87
    endloop
  endfacet
  facet normal -0 0 1
    outer loop
      vertex 49.4341 50.4791 15.87
      vertex 49.7 47.1 15.87
      vertex 49.7 50.5 15.87
    endloop
  endfacet
  facet normal 0 0 1
    outer loop
      vertex 49.4341 50.4791 15.87
      vertex 49.4341 47.1209 15.87
      vertex 49.7 47.1 15.87
    endloop
  endfacet
  facet normal -0 0 1
    outer loop
      vertex 49.1747 50.4168 15.87
      vertex 49.4341 47.1209 15.87
      vertex 49.4341 50.4791 15.87
    endloop
  endfacet
  facet normal 0 0 1
    outer loop
      vertex 49.1747 50.4168 15.87
      vertex 49.1747 47.1832 15.87
      vertex 49.4341 47.1209 15.87
    endloop
  endfacet
  facet normal -0 0 1
    outer loop
      vertex 48.9282 50.3147 15.87
      vertex 49.1747 47.1832 15.87
      vertex 49.1747 50.4168 15.87
    endloop
  endfacet
  facet normal 0 0 1
    outer loop
      vertex 48.9282 50.3147 15.87
      vertex 48.9282 47.2853 15.87
      vertex 49.1747 47.1832 15.87
    endloop
  endfacet
  facet normal -0 0 1
    outer loop
      vertex 48.7008 50.1753 15.87
      vertex 48.9282 47.2853 15.87
      vertex 48.9282 50.3147 15.87
    endloop
  endfacet
  facet normal 0 0 1
    outer loop
      vertex 48.7008 50.1753 15.87
      vertex 48.7008 47.4247 15.87
      vertex 48.9282 47.2853 15.87
    endloop
  endfacet
  facet normal -0 0 1
    outer loop
      vertex 48.4979 50.0021 15.87
      vertex 48.7008 47.4247 15.87
      vertex 48.7008 50.1753 15.87
    endloop
  endfacet
  facet normal 0 0 1
    outer loop
      vertex 48.4979 50.0021 15.87
      vertex 48.4979 47.5979 15.87
      vertex 48.7008 47.4247 15.87
    endloop
  endfacet
  facet normal -0 0 1
    outer loop
      vertex 48.3247 49.7992 15.87
      vertex 48.4979 47.5979 15.87
      vertex 48.4979 50.0021 15.87
    endloop
  endfacet
  facet normal 0 0 1
    outer loop
      vertex 48.3247 49.7992 15.87
      vertex 48.3247 47.8008 15.87
      vertex 48.4979 47.5979 15.87
    endloop
  endfacet
  facet normal -0 0 1
    outer loop
      vertex 48.1853 49.5718 15.87
      vertex 48.3247 47.8008 15.87
      vertex 48.3247 49.7992 15.87
    endloop
  endfacet
  facet normal 0 0 1
    outer loop
      vertex 48.1853 49.5718 15.87
      vertex 48.1853 48.0282 15.87
      vertex 48.3247 47.8008 15.87
    endloop
  endfacet
  facet normal -0 0 1
    outer loop
      vertex 48.0832 49.3253 15.87
      vertex 48.1853 48.0282 15.87
      vertex 48.1853 49.5718 15.87
    endloop
  endfacet
  facet normal 0 0 1
    outer loop
      vertex 48.0832 49.3253 15.87
      vertex 48.0832 48.2747 15.87
      vertex 48.1853 48.0282 15.87
    endloop
  endfacet
  facet normal -0 0 1
    outer loop
      vertex 48.0209 49.0659 15.87
      vertex 48.0832 48.2747 15.87
      vertex 48.0832 49.3253 15.87
    endloop
  endfacet
  facet normal 0 0 1
    outer loop
      vertex 48.0209 49.0659 15.87
      vertex 48.0209 48.5341 15.87
      vertex 48.0832 48.2747 15.87
    endloop
  endfacet
  facet normal 0 -0 1
    outer loop
      vertex 48.0209 48.5341 15.87
      vertex 48.0209 49.0659 15.87
      vertex 48 48.8 15.87
    endloop
  endfacet
  facet normal -0.996917 -0.0784646 0
    outer loop
      vertex 51.4 48.8 15.87
      vertex 51.3791 49.0659 18.15
      vertex 51.3791 49.0659 15.87
    endloop
  endfacet
  facet normal -0.996917 -0.0784646 0
    outer loop
      vertex 51.3791 49.0659 18.15
      vertex 51.4 48.8 15.87
      vertex 51.4 48.8 18.15
    endloop
  endfacet
  facet normal -0.64945 -0.760404 0
    outer loop
      vertex 50.6992 50.1753 15.87
      vertex 50.9021 50.0021 18.15
      vertex 50.6992 50.1753 18.15
    endloop
  endfacet
  facet normal -0.64945 -0.760404 -0
    outer loop
      vertex 50.9021 50.0021 18.15
      vertex 50.6992 50.1753 15.87
      vertex 50.9021 50.0021 15.87
    endloop
  endfacet
  facet normal 0.97237 -0.233447 0
    outer loop
      vertex 48.0209 49.0659 18.15
      vertex 48.0832 49.3253 15.87
      vertex 48.0832 49.3253 18.15
    endloop
  endfacet
  facet normal 0.97237 -0.233447 0
    outer loop
      vertex 48.0832 49.3253 15.87
      vertex 48.0209 49.0659 18.15
      vertex 48.0209 49.0659 15.87
    endloop
  endfacet
  facet normal -0.85264 0.522498 0
    outer loop
      vertex 51.5607 47.4481 18.15
      vertex 51.7493 47.7558 23.15
      vertex 51.7493 47.7558 18.15
    endloop
  endfacet
  facet normal -0.85264 0.522498 0
    outer loop
      vertex 51.7493 47.7558 23.15
      vertex 51.5607 47.4481 18.15
      vertex 51.5607 47.4481 23.15
    endloop
  endfacet
  facet normal 0.972371 0.23344 0
    outer loop
      vertex 47.5126 48.0893 23.15
      vertex 47.4283 48.4402 18.15
      vertex 47.4283 48.4402 23.15
    endloop
  endfacet
  facet normal 0.972371 0.23344 0
    outer loop
      vertex 47.4283 48.4402 18.15
      vertex 47.5126 48.0893 23.15
      vertex 47.5126 48.0893 18.15
    endloop
  endfacet
  facet normal -0.760402 0.649452 0
    outer loop
      vertex 51.3263 47.1737 18.15
      vertex 51.5607 47.4481 23.15
      vertex 51.5607 47.4481 18.15
    endloop
  endfacet
  facet normal -0.760402 0.649452 0
    outer loop
      vertex 51.5607 47.4481 23.15
      vertex 51.3263 47.1737 18.15
      vertex 51.3263 47.1737 23.15
    endloop
  endfacet
  facet normal -0.23345 0.972369 0
    outer loop
      vertex 50.4107 46.6126 18.15
      vertex 50.0598 46.5283 23.15
      vertex 50.4107 46.6126 23.15
    endloop
  endfacet
  facet normal -0.23345 0.972369 0
    outer loop
      vertex 50.0598 46.5283 23.15
      vertex 50.4107 46.6126 18.15
      vertex 50.0598 46.5283 18.15
    endloop
  endfacet
  facet normal 0.522498 0.85264 -0
    outer loop
      vertex 48.6558 46.7507 18.15
      vertex 48.3481 46.9393 23.15
      vertex 48.6558 46.7507 23.15
    endloop
  endfacet
  facet normal 0.522498 0.85264 0
    outer loop
      vertex 48.3481 46.9393 23.15
      vertex 48.6558 46.7507 18.15
      vertex 48.3481 46.9393 18.15
    endloop
  endfacet
  facet normal 0.92388 0.382683 0
    outer loop
      vertex 47.6507 47.7558 23.15
      vertex 47.5126 48.0893 18.15
      vertex 47.5126 48.0893 23.15
    endloop
  endfacet
  facet normal 0.92388 0.382683 0
    outer loop
      vertex 47.5126 48.0893 18.15
      vertex 47.6507 47.7558 23.15
      vertex 47.6507 47.7558 18.15
    endloop
  endfacet
  facet normal -0.996917 -0.0784584 0
    outer loop
      vertex 52 48.8 18.15
      vertex 51.9717 49.1598 23.15
      vertex 51.9717 49.1598 18.15
    endloop
  endfacet
  facet normal -0.996917 -0.0784584 0
    outer loop
      vertex 51.9717 49.1598 23.15
      vertex 52 48.8 18.15
      vertex 52 48.8 23.15
    endloop
  endfacet
  facet normal -0.649452 0.760402 0
    outer loop
      vertex 51.3263 47.1737 18.15
      vertex 51.0519 46.9393 23.15
      vertex 51.3263 47.1737 23.15
    endloop
  endfacet
  facet normal -0.649452 0.760402 0
    outer loop
      vertex 51.0519 46.9393 23.15
      vertex 51.3263 47.1737 18.15
      vertex 51.0519 46.9393 18.15
    endloop
  endfacet
  facet normal 0.0784584 0.996917 -0
    outer loop
      vertex 49.7 46.5 18.15
      vertex 49.3402 46.5283 23.15
      vertex 49.7 46.5 23.15
    endloop
  endfacet
  facet normal 0.0784584 0.996917 0
    outer loop
      vertex 49.3402 46.5283 23.15
      vertex 49.7 46.5 18.15
      vertex 49.3402 46.5283 18.15
    endloop
  endfacet
  facet normal -0.522498 0.85264 0
    outer loop
      vertex 51.0519 46.9393 18.15
      vertex 50.7442 46.7507 23.15
      vertex 51.0519 46.9393 23.15
    endloop
  endfacet
  facet normal -0.522498 0.85264 0
    outer loop
      vertex 50.7442 46.7507 23.15
      vertex 51.0519 46.9393 18.15
      vertex 50.7442 46.7507 18.15
    endloop
  endfacet
  facet normal 0.996917 0.0784584 0
    outer loop
      vertex 47.4283 48.4402 23.15
      vertex 47.4 48.8 18.15
      vertex 47.4 48.8 23.15
    endloop
  endfacet
  facet normal 0.996917 0.0784584 0
    outer loop
      vertex 47.4 48.8 18.15
      vertex 47.4283 48.4402 23.15
      vertex 47.4283 48.4402 18.15
    endloop
  endfacet
  facet normal 0.85264 0.522498 0
    outer loop
      vertex 47.8393 47.4481 23.15
      vertex 47.6507 47.7558 18.15
      vertex 47.6507 47.7558 23.15
    endloop
  endfacet
  facet normal 0.85264 0.522498 0
    outer loop
      vertex 47.6507 47.7558 18.15
      vertex 47.8393 47.4481 23.15
      vertex 47.8393 47.4481 18.15
    endloop
  endfacet
  facet normal 0.649447 0.760407 -0
    outer loop
      vertex 48.3481 46.9393 18.15
      vertex 48.0737 47.1737 23.15
      vertex 48.3481 46.9393 23.15
    endloop
  endfacet
  facet normal 0.649447 0.760407 0
    outer loop
      vertex 48.0737 47.1737 23.15
      vertex 48.3481 46.9393 18.15
      vertex 48.0737 47.1737 18.15
    endloop
  endfacet
  facet normal 0.382683 0.92388 -0
    outer loop
      vertex 48.9893 46.6126 18.15
      vertex 48.6558 46.7507 23.15
      vertex 48.9893 46.6126 23.15
    endloop
  endfacet
  facet normal 0.382683 0.92388 0
    outer loop
      vertex 48.6558 46.7507 23.15
      vertex 48.9893 46.6126 18.15
      vertex 48.6558 46.7507 18.15
    endloop
  endfacet
  facet normal 0.760402 0.649452 0
    outer loop
      vertex 48.0737 47.1737 23.15
      vertex 47.8393 47.4481 18.15
      vertex 47.8393 47.4481 23.15
    endloop
  endfacet
  facet normal 0.760402 0.649452 0
    outer loop
      vertex 47.8393 47.4481 18.15
      vertex 48.0737 47.1737 23.15
      vertex 48.0737 47.1737 18.15
    endloop
  endfacet
  facet normal -0.996917 0.0784584 0
    outer loop
      vertex 51.9717 48.4402 18.15
      vertex 52 48.8 23.15
      vertex 52 48.8 18.15
    endloop
  endfacet
  facet normal -0.996917 0.0784584 0
    outer loop
      vertex 52 48.8 23.15
      vertex 51.9717 48.4402 18.15
      vertex 51.9717 48.4402 23.15
    endloop
  endfacet
  facet normal -0.649452 -0.760402 0
    outer loop
      vertex 51.0519 50.6607 18.15
      vertex 51.3263 50.4263 23.15
      vertex 51.0519 50.6607 23.15
    endloop
  endfacet
  facet normal -0.649452 -0.760402 -0
    outer loop
      vertex 51.3263 50.4263 23.15
      vertex 51.0519 50.6607 18.15
      vertex 51.3263 50.4263 18.15
    endloop
  endfacet
  facet normal -0.972369 0.23345 0
    outer loop
      vertex 51.8874 48.0893 18.15
      vertex 51.9717 48.4402 23.15
      vertex 51.9717 48.4402 18.15
    endloop
  endfacet
  facet normal -0.972369 0.23345 0
    outer loop
      vertex 51.9717 48.4402 23.15
      vertex 51.8874 48.0893 18.15
      vertex 51.8874 48.0893 23.15
    endloop
  endfacet
  facet normal -0.92388 0.382683 0
    outer loop
      vertex 51.7493 47.7558 18.15
      vertex 51.8874 48.0893 23.15
      vertex 51.8874 48.0893 18.15
    endloop
  endfacet
  facet normal -0.92388 0.382683 0
    outer loop
      vertex 51.8874 48.0893 23.15
      vertex 51.7493 47.7558 18.15
      vertex 51.7493 47.7558 23.15
    endloop
  endfacet
  facet normal -0.0784584 0.996917 0
    outer loop
      vertex 50.0598 46.5283 18.15
      vertex 49.7 46.5 23.15
      vertex 50.0598 46.5283 23.15
    endloop
  endfacet
  facet normal -0.0784584 0.996917 0
    outer loop
      vertex 49.7 46.5 23.15
      vertex 50.0598 46.5283 18.15
      vertex 49.7 46.5 18.15
    endloop
  endfacet
  facet normal -0.382683 0.92388 0
    outer loop
      vertex 50.7442 46.7507 18.15
      vertex 50.4107 46.6126 23.15
      vertex 50.7442 46.7507 23.15
    endloop
  endfacet
  facet normal -0.382683 0.92388 0
    outer loop
      vertex 50.4107 46.6126 23.15
      vertex 50.7442 46.7507 18.15
      vertex 50.4107 46.6126 18.15
    endloop
  endfacet
  facet normal 0 0 1
    outer loop
      vertex 51.4 48.8 18.15
      vertex 52 48.8 18.15
      vertex 51.9717 49.1598 18.15
    endloop
  endfacet
  facet normal 0 0 1
    outer loop
      vertex 51.3791 49.0659 18.15
      vertex 51.9717 49.1598 18.15
      vertex 51.8874 49.5107 18.15
    endloop
  endfacet
  facet normal 0 0 1
    outer loop
      vertex 52 48.8 18.15
      vertex 51.4 48.8 18.15
      vertex 51.9717 48.4402 18.15
    endloop
  endfacet
  facet normal 0 0 1
    outer loop
      vertex 51.3168 49.3253 18.15
      vertex 51.8874 49.5107 18.15
      vertex 51.7493 49.8442 18.15
    endloop
  endfacet
  facet normal -0 0 1
    outer loop
      vertex 51.3791 48.5341 18.15
      vertex 51.9717 48.4402 18.15
      vertex 51.4 48.8 18.15
    endloop
  endfacet
  facet normal 0 0 1
    outer loop
      vertex 51.2147 49.5718 18.15
      vertex 51.7493 49.8442 18.15
      vertex 51.5607 50.1519 18.15
    endloop
  endfacet
  facet normal 0 0 1
    outer loop
      vertex 51.9717 48.4402 18.15
      vertex 51.3791 48.5341 18.15
      vertex 51.8874 48.0893 18.15
    endloop
  endfacet
  facet normal -0 0 1
    outer loop
      vertex 51.3168 48.2747 18.15
      vertex 51.8874 48.0893 18.15
      vertex 51.3791 48.5341 18.15
    endloop
  endfacet
  facet normal 0 0 1
    outer loop
      vertex 51.9717 49.1598 18.15
      vertex 51.3791 49.0659 18.15
      vertex 51.4 48.8 18.15
    endloop
  endfacet
  facet normal 0 0 1
    outer loop
      vertex 51.0753 49.7992 18.15
      vertex 51.5607 50.1519 18.15
      vertex 51.3263 50.4263 18.15
    endloop
  endfacet
  facet normal 0 0 1
    outer loop
      vertex 51.8874 49.5107 18.15
      vertex 51.3168 49.3253 18.15
      vertex 51.3791 49.0659 18.15
    endloop
  endfacet
  facet normal 0 0 1
    outer loop
      vertex 51.7493 49.8442 18.15
      vertex 51.2147 49.5718 18.15
      vertex 51.3168 49.3253 18.15
    endloop
  endfacet
  facet normal 0 0 1
    outer loop
      vertex 51.5607 50.1519 18.15
      vertex 51.0753 49.7992 18.15
      vertex 51.2147 49.5718 18.15
    endloop
  endfacet
  facet normal 0 0 1
    outer loop
      vertex 50.9021 50.0021 18.15
      vertex 51.3263 50.4263 18.15
      vertex 51.0519 50.6607 18.15
    endloop
  endfacet
  facet normal 0 0 1
    outer loop
      vertex 51.3263 50.4263 18.15
      vertex 50.9021 50.0021 18.15
      vertex 51.0753 49.7992 18.15
    endloop
  endfacet
  facet normal 0 0 1
    outer loop
      vertex 50.6992 50.1753 18.15
      vertex 51.0519 50.6607 18.15
      vertex 50.7442 50.8493 18.15
    endloop
  endfacet
  facet normal 0 0 1
    outer loop
      vertex 51.0519 50.6607 18.15
      vertex 50.6992 50.1753 18.15
      vertex 50.9021 50.0021 18.15
    endloop
  endfacet
  facet normal 0 0 1
    outer loop
      vertex 50.7442 50.8493 18.15
      vertex 50.4718 50.3147 18.15
      vertex 50.6992 50.1753 18.15
    endloop
  endfacet
  facet normal 0 0 1
    outer loop
      vertex 50.4107 50.9874 18.15
      vertex 50.4718 50.3147 18.15
      vertex 50.7442 50.8493 18.15
    endloop
  endfacet
  facet normal 0 0 1
    outer loop
      vertex 50.4107 50.9874 18.15
      vertex 50.2253 50.4168 18.15
      vertex 50.4718 50.3147 18.15
    endloop
  endfacet
  facet normal 0 0 1
    outer loop
      vertex 50.0598 51.0717 18.15
      vertex 50.2253 50.4168 18.15
      vertex 50.4107 50.9874 18.15
    endloop
  endfacet
  facet normal 0 0 1
    outer loop
      vertex 50.0598 51.0717 18.15
      vertex 49.9659 50.4791 18.15
      vertex 50.2253 50.4168 18.15
    endloop
  endfacet
  facet normal 0 0 1
    outer loop
      vertex 49.7 51.1 18.15
      vertex 49.9659 50.4791 18.15
      vertex 50.0598 51.0717 18.15
    endloop
  endfacet
  facet normal 0 0 1
    outer loop
      vertex 49.7 51.1 18.15
      vertex 49.7 50.5 18.15
      vertex 49.9659 50.4791 18.15
    endloop
  endfacet
  facet normal 0 0 1
    outer loop
      vertex 49.7 51.1 18.15
      vertex 49.4341 50.4791 18.15
      vertex 49.7 50.5 18.15
    endloop
  endfacet
  facet normal -0 0 1
    outer loop
      vertex 49.3402 51.0717 18.15
      vertex 49.4341 50.4791 18.15
      vertex 49.7 51.1 18.15
    endloop
  endfacet
  facet normal 0 0 1
    outer loop
      vertex 49.3402 51.0717 18.15
      vertex 49.1747 50.4168 18.15
      vertex 49.4341 50.4791 18.15
    endloop
  endfacet
  facet normal -0 0 1
    outer loop
      vertex 48.9893 50.9874 18.15
      vertex 49.1747 50.4168 18.15
      vertex 49.3402 51.0717 18.15
    endloop
  endfacet
  facet normal 0 0 1
    outer loop
      vertex 48.9893 50.9874 18.15
      vertex 48.9282 50.3147 18.15
      vertex 49.1747 50.4168 18.15
    endloop
  endfacet
  facet normal -0 0 1
    outer loop
      vertex 48.6558 50.8493 18.15
      vertex 48.9282 50.3147 18.15
      vertex 48.9893 50.9874 18.15
    endloop
  endfacet
  facet normal 0 0 1
    outer loop
      vertex 48.9282 50.3147 18.15
      vertex 48.6558 50.8493 18.15
      vertex 48.7008 50.1753 18.15
    endloop
  endfacet
  facet normal -0 0 1
    outer loop
      vertex 48.3481 50.6607 18.15
      vertex 48.7008 50.1753 18.15
      vertex 48.6558 50.8493 18.15
    endloop
  endfacet
  facet normal 0 0 1
    outer loop
      vertex 48.7008 50.1753 18.15
      vertex 48.3481 50.6607 18.15
      vertex 48.4979 50.0021 18.15
    endloop
  endfacet
  facet normal -0 0 1
    outer loop
      vertex 48.0737 50.4263 18.15
      vertex 48.4979 50.0021 18.15
      vertex 48.3481 50.6607 18.15
    endloop
  endfacet
  facet normal 0 0 1
    outer loop
      vertex 48.4979 50.0021 18.15
      vertex 48.0737 50.4263 18.15
      vertex 48.3247 49.7992 18.15
    endloop
  endfacet
  facet normal -0 0 1
    outer loop
      vertex 47.8393 50.1519 18.15
      vertex 48.3247 49.7992 18.15
      vertex 48.0737 50.4263 18.15
    endloop
  endfacet
  facet normal 0 0 1
    outer loop
      vertex 48.3247 49.7992 18.15
      vertex 47.8393 50.1519 18.15
      vertex 48.1853 49.5718 18.15
    endloop
  endfacet
  facet normal -0 0 1
    outer loop
      vertex 47.6507 49.8442 18.15
      vertex 48.1853 49.5718 18.15
      vertex 47.8393 50.1519 18.15
    endloop
  endfacet
  facet normal 0 0 1
    outer loop
      vertex 48.1853 49.5718 18.15
      vertex 47.6507 49.8442 18.15
      vertex 48.0832 49.3253 18.15
    endloop
  endfacet
  facet normal -0 0 1
    outer loop
      vertex 47.5126 49.5107 18.15
      vertex 48.0832 49.3253 18.15
      vertex 47.6507 49.8442 18.15
    endloop
  endfacet
  facet normal 0 0 1
    outer loop
      vertex 51.8874 48.0893 18.15
      vertex 51.3168 48.2747 18.15
      vertex 51.7493 47.7558 18.15
    endloop
  endfacet
  facet normal -0 0 1
    outer loop
      vertex 51.2147 48.0282 18.15
      vertex 51.7493 47.7558 18.15
      vertex 51.3168 48.2747 18.15
    endloop
  endfacet
  facet normal 0 0 1
    outer loop
      vertex 51.7493 47.7558 18.15
      vertex 51.2147 48.0282 18.15
      vertex 51.5607 47.4481 18.15
    endloop
  endfacet
  facet normal -0 0 1
    outer loop
      vertex 51.0753 47.8008 18.15
      vertex 51.5607 47.4481 18.15
      vertex 51.2147 48.0282 18.15
    endloop
  endfacet
  facet normal 0 0 1
    outer loop
      vertex 51.5607 47.4481 18.15
      vertex 51.0753 47.8008 18.15
      vertex 51.3263 47.1737 18.15
    endloop
  endfacet
  facet normal -0 0 1
    outer loop
      vertex 50.9021 47.5979 18.15
      vertex 51.3263 47.1737 18.15
      vertex 51.0753 47.8008 18.15
    endloop
  endfacet
  facet normal 0 0 1
    outer loop
      vertex 51.3263 47.1737 18.15
      vertex 50.9021 47.5979 18.15
      vertex 51.0519 46.9393 18.15
    endloop
  endfacet
  facet normal -0 0 1
    outer loop
      vertex 50.6992 47.4247 18.15
      vertex 51.0519 46.9393 18.15
      vertex 50.9021 47.5979 18.15
    endloop
  endfacet
  facet normal 0 0 1
    outer loop
      vertex 51.0519 46.9393 18.15
      vertex 50.6992 47.4247 18.15
      vertex 50.7442 46.7507 18.15
    endloop
  endfacet
  facet normal -0 0 1
    outer loop
      vertex 50.4718 47.2853 18.15
      vertex 50.7442 46.7507 18.15
      vertex 50.6992 47.4247 18.15
    endloop
  endfacet
  facet normal 0 0 1
    outer loop
      vertex 50.4718 47.2853 18.15
      vertex 50.4107 46.6126 18.15
      vertex 50.7442 46.7507 18.15
    endloop
  endfacet
  facet normal -0 0 1
    outer loop
      vertex 50.2253 47.1832 18.15
      vertex 50.4107 46.6126 18.15
      vertex 50.4718 47.2853 18.15
    endloop
  endfacet
  facet normal 0 0 1
    outer loop
      vertex 50.2253 47.1832 18.15
      vertex 50.0598 46.5283 18.15
      vertex 50.4107 46.6126 18.15
    endloop
  endfacet
  facet normal -0 0 1
    outer loop
      vertex 49.9659 47.1209 18.15
      vertex 50.0598 46.5283 18.15
      vertex 50.2253 47.1832 18.15
    endloop
  endfacet
  facet normal -0 0 1
    outer loop
      vertex 49.7 47.1 18.15
      vertex 50.0598 46.5283 18.15
      vertex 49.9659 47.1209 18.15
    endloop
  endfacet
  facet normal 0 0 1
    outer loop
      vertex 49.7 47.1 18.15
      vertex 49.7 46.5 18.15
      vertex 50.0598 46.5283 18.15
    endloop
  endfacet
  facet normal 0 0 1
    outer loop
      vertex 49.4341 47.1209 18.15
      vertex 49.7 46.5 18.15
      vertex 49.7 47.1 18.15
    endloop
  endfacet
  facet normal 0 0 1
    outer loop
      vertex 49.4341 47.1209 18.15
      vertex 49.3402 46.5283 18.15
      vertex 49.7 46.5 18.15
    endloop
  endfacet
  facet normal 0 0 1
    outer loop
      vertex 49.1747 47.1832 18.15
      vertex 49.3402 46.5283 18.15
      vertex 49.4341 47.1209 18.15
    endloop
  endfacet
  facet normal 0 0 1
    outer loop
      vertex 49.1747 47.1832 18.15
      vertex 48.9893 46.6126 18.15
      vertex 49.3402 46.5283 18.15
    endloop
  endfacet
  facet normal 0 0 1
    outer loop
      vertex 48.9282 47.2853 18.15
      vertex 48.9893 46.6126 18.15
      vertex 49.1747 47.1832 18.15
    endloop
  endfacet
  facet normal 0 0 1
    outer loop
      vertex 48.6558 46.7507 18.15
      vertex 48.9282 47.2853 18.15
      vertex 48.7008 47.4247 18.15
    endloop
  endfacet
  facet normal 0 0 1
    outer loop
      vertex 48.9282 47.2853 18.15
      vertex 48.6558 46.7507 18.15
      vertex 48.9893 46.6126 18.15
    endloop
  endfacet
  facet normal 0 0 1
    outer loop
      vertex 48.3481 46.9393 18.15
      vertex 48.7008 47.4247 18.15
      vertex 48.4979 47.5979 18.15
    endloop
  endfacet
  facet normal 0 0 1
    outer loop
      vertex 48.7008 47.4247 18.15
      vertex 48.3481 46.9393 18.15
      vertex 48.6558 46.7507 18.15
    endloop
  endfacet
  facet normal 0 0 1
    outer loop
      vertex 48.0737 47.1737 18.15
      vertex 48.4979 47.5979 18.15
      vertex 48.3247 47.8008 18.15
    endloop
  endfacet
  facet normal 0 0 1
    outer loop
      vertex 47.8393 47.4481 18.15
      vertex 48.3247 47.8008 18.15
      vertex 48.1853 48.0282 18.15
    endloop
  endfacet
  facet normal 0 0 1
    outer loop
      vertex 47.6507 47.7558 18.15
      vertex 48.1853 48.0282 18.15
      vertex 48.0832 48.2747 18.15
    endloop
  endfacet
  facet normal 0 0 1
    outer loop
      vertex 48.4979 47.5979 18.15
      vertex 48.0737 47.1737 18.15
      vertex 48.3481 46.9393 18.15
    endloop
  endfacet
  facet normal 0 0 1
    outer loop
      vertex 47.5126 48.0893 18.15
      vertex 48.0832 48.2747 18.15
      vertex 48.0209 48.5341 18.15
    endloop
  endfacet
  facet normal 0 0 1
    outer loop
      vertex 47.4283 48.4402 18.15
      vertex 48.0209 48.5341 18.15
      vertex 48 48.8 18.15
    endloop
  endfacet
  facet normal 0 0 1
    outer loop
      vertex 48.0832 49.3253 18.15
      vertex 47.5126 49.5107 18.15
      vertex 48.0209 49.0659 18.15
    endloop
  endfacet
  facet normal 0 0 1
    outer loop
      vertex 48.3247 47.8008 18.15
      vertex 47.8393 47.4481 18.15
      vertex 48.0737 47.1737 18.15
    endloop
  endfacet
  facet normal -0 0 1
    outer loop
      vertex 47.4283 49.1598 18.15
      vertex 48.0209 49.0659 18.15
      vertex 47.5126 49.5107 18.15
    endloop
  endfacet
  facet normal 0 0 1
    outer loop
      vertex 48.1853 48.0282 18.15
      vertex 47.6507 47.7558 18.15
      vertex 47.8393 47.4481 18.15
    endloop
  endfacet
  facet normal 0 0 1
    outer loop
      vertex 48.0209 49.0659 18.15
      vertex 47.4283 49.1598 18.15
      vertex 48 48.8 18.15
    endloop
  endfacet
  facet normal 0 0 1
    outer loop
      vertex 48.0832 48.2747 18.15
      vertex 47.5126 48.0893 18.15
      vertex 47.6507 47.7558 18.15
    endloop
  endfacet
  facet normal 0 0 1
    outer loop
      vertex 47.4 48.8 18.15
      vertex 48 48.8 18.15
      vertex 47.4283 49.1598 18.15
    endloop
  endfacet
  facet normal 0 0 1
    outer loop
      vertex 48.0209 48.5341 18.15
      vertex 47.4283 48.4402 18.15
      vertex 47.5126 48.0893 18.15
    endloop
  endfacet
  facet normal 0 0 1
    outer loop
      vertex 48 48.8 18.15
      vertex 47.4 48.8 18.15
      vertex 47.4283 48.4402 18.15
    endloop
  endfacet
  facet normal 0.23345 0.972369 -0
    outer loop
      vertex 49.3402 46.5283 18.15
      vertex 48.9893 46.6126 23.15
      vertex 49.3402 46.5283 23.15
    endloop
  endfacet
  facet normal 0.23345 0.972369 0
    outer loop
      vertex 48.9893 46.6126 23.15
      vertex 49.3402 46.5283 18.15
      vertex 48.9893 46.6126 18.15
    endloop
  endfacet
  facet normal -0.85264 -0.522498 0
    outer loop
      vertex 51.7493 49.8442 18.15
      vertex 51.5607 50.1519 23.15
      vertex 51.5607 50.1519 18.15
    endloop
  endfacet
  facet normal -0.85264 -0.522498 0
    outer loop
      vertex 51.5607 50.1519 23.15
      vertex 51.7493 49.8442 18.15
      vertex 51.7493 49.8442 23.15
    endloop
  endfacet
  facet normal -0.0784584 -0.996917 0
    outer loop
      vertex 49.7 51.1 18.15
      vertex 50.0598 51.0717 23.15
      vertex 49.7 51.1 23.15
    endloop
  endfacet
  facet normal -0.0784584 -0.996917 -0
    outer loop
      vertex 50.0598 51.0717 23.15
      vertex 49.7 51.1 18.15
      vertex 50.0598 51.0717 18.15
    endloop
  endfacet
  facet normal 0.996917 -0.0784584 0
    outer loop
      vertex 47.4 48.8 23.15
      vertex 47.4283 49.1598 18.15
      vertex 47.4283 49.1598 23.15
    endloop
  endfacet
  facet normal 0.996917 -0.0784584 0
    outer loop
      vertex 47.4283 49.1598 18.15
      vertex 47.4 48.8 23.15
      vertex 47.4 48.8 18.15
    endloop
  endfacet
  facet normal 0.85264 -0.522498 0
    outer loop
      vertex 47.6507 49.8442 23.15
      vertex 47.8393 50.1519 18.15
      vertex 47.8393 50.1519 23.15
    endloop
  endfacet
  facet normal 0.85264 -0.522498 0
    outer loop
      vertex 47.8393 50.1519 18.15
      vertex 47.6507 49.8442 23.15
      vertex 47.6507 49.8442 18.15
    endloop
  endfacet
  facet normal -0.23344 -0.972371 0
    outer loop
      vertex 50.0598 51.0717 18.15
      vertex 50.4107 50.9874 23.15
      vertex 50.0598 51.0717 23.15
    endloop
  endfacet
  facet normal -0.23344 -0.972371 -0
    outer loop
      vertex 50.4107 50.9874 23.15
      vertex 50.0598 51.0717 18.15
      vertex 50.4107 50.9874 18.15
    endloop
  endfacet
  facet normal -0.92388 -0.382683 0
    outer loop
      vertex 51.8874 49.5107 18.15
      vertex 51.7493 49.8442 23.15
      vertex 51.7493 49.8442 18.15
    endloop
  endfacet
  facet normal -0.92388 -0.382683 0
    outer loop
      vertex 51.7493 49.8442 23.15
      vertex 51.8874 49.5107 18.15
      vertex 51.8874 49.5107 23.15
    endloop
  endfacet
  facet normal -0.972369 -0.23345 0
    outer loop
      vertex 51.9717 49.1598 18.15
      vertex 51.8874 49.5107 23.15
      vertex 51.8874 49.5107 18.15
    endloop
  endfacet
  facet normal -0.972369 -0.23345 0
    outer loop
      vertex 51.8874 49.5107 23.15
      vertex 51.9717 49.1598 18.15
      vertex 51.9717 49.1598 23.15
    endloop
  endfacet
  facet normal 0.0784584 -0.996917 0
    outer loop
      vertex 49.3402 51.0717 18.15
      vertex 49.7 51.1 23.15
      vertex 49.3402 51.0717 23.15
    endloop
  endfacet
  facet normal 0.0784584 -0.996917 0
    outer loop
      vertex 49.7 51.1 23.15
      vertex 49.3402 51.0717 18.15
      vertex 49.7 51.1 18.15
    endloop
  endfacet
  facet normal 0.522498 -0.85264 0
    outer loop
      vertex 48.3481 50.6607 18.15
      vertex 48.6558 50.8493 23.15
      vertex 48.3481 50.6607 23.15
    endloop
  endfacet
  facet normal 0.522498 -0.85264 0
    outer loop
      vertex 48.6558 50.8493 23.15
      vertex 48.3481 50.6607 18.15
      vertex 48.6558 50.8493 18.15
    endloop
  endfacet
  facet normal 0.23344 -0.972371 0
    outer loop
      vertex 48.9893 50.9874 18.15
      vertex 49.3402 51.0717 23.15
      vertex 48.9893 50.9874 23.15
    endloop
  endfacet
  facet normal 0.23344 -0.972371 0
    outer loop
      vertex 49.3402 51.0717 23.15
      vertex 48.9893 50.9874 18.15
      vertex 49.3402 51.0717 18.15
    endloop
  endfacet
  facet normal 0.92388 -0.382683 0
    outer loop
      vertex 47.5126 49.5107 23.15
      vertex 47.6507 49.8442 18.15
      vertex 47.6507 49.8442 23.15
    endloop
  endfacet
  facet normal 0.92388 -0.382683 0
    outer loop
      vertex 47.6507 49.8442 18.15
      vertex 47.5126 49.5107 23.15
      vertex 47.5126 49.5107 18.15
    endloop
  endfacet
  facet normal 0.972371 -0.23344 0
    outer loop
      vertex 47.4283 49.1598 23.15
      vertex 47.5126 49.5107 18.15
      vertex 47.5126 49.5107 23.15
    endloop
  endfacet
  facet normal 0.972371 -0.23344 0
    outer loop
      vertex 47.5126 49.5107 18.15
      vertex 47.4283 49.1598 23.15
      vertex 47.4283 49.1598 18.15
    endloop
  endfacet
  facet normal -0.522498 -0.85264 0
    outer loop
      vertex 50.7442 50.8493 18.15
      vertex 51.0519 50.6607 23.15
      vertex 50.7442 50.8493 23.15
    endloop
  endfacet
  facet normal -0.522498 -0.85264 -0
    outer loop
      vertex 51.0519 50.6607 23.15
      vertex 50.7442 50.8493 18.15
      vertex 51.0519 50.6607 18.15
    endloop
  endfacet
  facet normal -0.382683 -0.92388 0
    outer loop
      vertex 50.4107 50.9874 18.15
      vertex 50.7442 50.8493 23.15
      vertex 50.4107 50.9874 23.15
    endloop
  endfacet
  facet normal -0.382683 -0.92388 -0
    outer loop
      vertex 50.7442 50.8493 23.15
      vertex 50.4107 50.9874 18.15
      vertex 50.7442 50.8493 18.15
    endloop
  endfacet
  facet normal -0.760407 -0.649447 0
    outer loop
      vertex 51.5607 50.1519 18.15
      vertex 51.3263 50.4263 23.15
      vertex 51.3263 50.4263 18.15
    endloop
  endfacet
  facet normal -0.760407 -0.649447 0
    outer loop
      vertex 51.3263 50.4263 23.15
      vertex 51.5607 50.1519 18.15
      vertex 51.5607 50.1519 23.15
    endloop
  endfacet
  facet normal 0.382683 -0.92388 0
    outer loop
      vertex 48.6558 50.8493 18.15
      vertex 48.9893 50.9874 23.15
      vertex 48.6558 50.8493 23.15
    endloop
  endfacet
  facet normal 0.382683 -0.92388 0
    outer loop
      vertex 48.9893 50.9874 23.15
      vertex 48.6558 50.8493 18.15
      vertex 48.9893 50.9874 18.15
    endloop
  endfacet
  facet normal 0.760407 -0.649447 0
    outer loop
      vertex 47.8393 50.1519 23.15
      vertex 48.0737 50.4263 18.15
      vertex 48.0737 50.4263 23.15
    endloop
  endfacet
  facet normal 0.760407 -0.649447 0
    outer loop
      vertex 48.0737 50.4263 18.15
      vertex 47.8393 50.1519 23.15
      vertex 47.8393 50.1519 18.15
    endloop
  endfacet
  facet normal 0.649447 -0.760407 0
    outer loop
      vertex 48.0737 50.4263 18.15
      vertex 48.3481 50.6607 23.15
      vertex 48.0737 50.4263 23.15
    endloop
  endfacet
  facet normal 0.649447 -0.760407 0
    outer loop
      vertex 48.3481 50.6607 23.15
      vertex 48.0737 50.4263 18.15
      vertex 48.3481 50.6607 18.15
    endloop
  endfacet
  facet normal -0.649448 0.760406 0
    outer loop
      vertex 12.9021 4.29792 15.87
      vertex 12.6992 4.12467 18.15
      vertex 12.9021 4.29792 18.15
    endloop
  endfacet
  facet normal -0.649448 0.760406 0
    outer loop
      vertex 12.6992 4.12467 18.15
      vertex 12.9021 4.29792 15.87
      vertex 12.6992 4.12467 15.87
    endloop
  endfacet
  facet normal 0.923879 0.382684 0
    outer loop
      vertex 10.1853 4.72822 18.15
      vertex 10.0832 4.97467 15.87
      vertex 10.0832 4.97467 18.15
    endloop
  endfacet
  facet normal 0.923879 0.382684 0
    outer loop
      vertex 10.0832 4.97467 15.87
      vertex 10.1853 4.72822 18.15
      vertex 10.1853 4.72822 15.87
    endloop
  endfacet
  facet normal 0.382684 -0.923879 0
    outer loop
      vertex 10.9282 7.01471 15.87
      vertex 11.1747 7.1168 18.15
      vertex 10.9282 7.01471 18.15
    endloop
  endfacet
  facet normal 0.382684 -0.923879 0
    outer loop
      vertex 11.1747 7.1168 18.15
      vertex 10.9282 7.01471 15.87
      vertex 11.1747 7.1168 15.87
    endloop
  endfacet
  facet normal 0.382684 0.923879 -0
    outer loop
      vertex 11.1747 3.8832 15.87
      vertex 10.9282 3.98529 18.15
      vertex 11.1747 3.8832 18.15
    endloop
  endfacet
  facet normal 0.382684 0.923879 0
    outer loop
      vertex 10.9282 3.98529 18.15
      vertex 11.1747 3.8832 15.87
      vertex 10.9282 3.98529 15.87
    endloop
  endfacet
  facet normal 0.852639 0.5225 0
    outer loop
      vertex 10.3247 4.50077 18.15
      vertex 10.1853 4.72822 15.87
      vertex 10.1853 4.72822 18.15
    endloop
  endfacet
  facet normal 0.852639 0.5225 0
    outer loop
      vertex 10.1853 4.72822 15.87
      vertex 10.3247 4.50077 18.15
      vertex 10.3247 4.50077 15.87
    endloop
  endfacet
  facet normal -0.923879 0.382684 0
    outer loop
      vertex 13.2147 4.72822 15.87
      vertex 13.3168 4.97467 18.15
      vertex 13.3168 4.97467 15.87
    endloop
  endfacet
  facet normal -0.923879 0.382684 0
    outer loop
      vertex 13.3168 4.97467 18.15
      vertex 13.2147 4.72822 15.87
      vertex 13.2147 4.72822 18.15
    endloop
  endfacet
  facet normal -0.852639 0.5225 0
    outer loop
      vertex 13.0753 4.50077 15.87
      vertex 13.2147 4.72822 18.15
      vertex 13.2147 4.72822 15.87
    endloop
  endfacet
  facet normal -0.852639 0.5225 0
    outer loop
      vertex 13.2147 4.72822 18.15
      vertex 13.0753 4.50077 15.87
      vertex 13.0753 4.50077 18.15
    endloop
  endfacet
  facet normal -0.760406 0.649448 0
    outer loop
      vertex 12.9021 4.29792 15.87
      vertex 13.0753 4.50077 18.15
      vertex 13.0753 4.50077 15.87
    endloop
  endfacet
  facet normal -0.760406 0.649448 0
    outer loop
      vertex 13.0753 4.50077 18.15
      vertex 12.9021 4.29792 15.87
      vertex 12.9021 4.29792 18.15
    endloop
  endfacet
  facet normal -0.5225 0.852639 0
    outer loop
      vertex 12.6992 4.12467 15.87
      vertex 12.4718 3.98529 18.15
      vertex 12.6992 4.12467 18.15
    endloop
  endfacet
  facet normal -0.5225 0.852639 0
    outer loop
      vertex 12.4718 3.98529 18.15
      vertex 12.6992 4.12467 15.87
      vertex 12.4718 3.98529 15.87
    endloop
  endfacet
  facet normal -0.382684 0.923879 0
    outer loop
      vertex 12.4718 3.98529 15.87
      vertex 12.2253 3.8832 18.15
      vertex 12.4718 3.98529 18.15
    endloop
  endfacet
  facet normal -0.382684 0.923879 0
    outer loop
      vertex 12.2253 3.8832 18.15
      vertex 12.4718 3.98529 15.87
      vertex 12.2253 3.8832 15.87
    endloop
  endfacet
  facet normal -0.233444 0.97237 0
    outer loop
      vertex 12.2253 3.8832 15.87
      vertex 11.9659 3.82093 18.15
      vertex 12.2253 3.8832 18.15
    endloop
  endfacet
  facet normal -0.233444 0.97237 0
    outer loop
      vertex 11.9659 3.82093 18.15
      vertex 12.2253 3.8832 15.87
      vertex 11.9659 3.82093 15.87
    endloop
  endfacet
  facet normal 0.97237 0.233444 0
    outer loop
      vertex 10.0832 4.97467 18.15
      vertex 10.0209 5.23406 15.87
      vertex 10.0209 5.23406 18.15
    endloop
  endfacet
  facet normal 0.97237 0.233444 0
    outer loop
      vertex 10.0209 5.23406 15.87
      vertex 10.0832 4.97467 18.15
      vertex 10.0832 4.97467 15.87
    endloop
  endfacet
  facet normal 0.760406 0.649448 0
    outer loop
      vertex 10.4979 4.29792 18.15
      vertex 10.3247 4.50077 15.87
      vertex 10.3247 4.50077 18.15
    endloop
  endfacet
  facet normal 0.760406 0.649448 0
    outer loop
      vertex 10.3247 4.50077 15.87
      vertex 10.4979 4.29792 18.15
      vertex 10.4979 4.29792 15.87
    endloop
  endfacet
  facet normal 0.5225 0.852639 -0
    outer loop
      vertex 10.9282 3.98529 15.87
      vertex 10.7008 4.12467 18.15
      vertex 10.9282 3.98529 18.15
    endloop
  endfacet
  facet normal 0.5225 0.852639 0
    outer loop
      vertex 10.7008 4.12467 18.15
      vertex 10.9282 3.98529 15.87
      vertex 10.7008 4.12467 15.87
    endloop
  endfacet
  facet normal 0.233444 0.97237 -0
    outer loop
      vertex 11.4341 3.82093 15.87
      vertex 11.1747 3.8832 18.15
      vertex 11.4341 3.82093 18.15
    endloop
  endfacet
  facet normal 0.233444 0.97237 0
    outer loop
      vertex 11.1747 3.8832 18.15
      vertex 11.4341 3.82093 15.87
      vertex 11.1747 3.8832 15.87
    endloop
  endfacet
  facet normal 0.649448 0.760406 -0
    outer loop
      vertex 10.7008 4.12467 15.87
      vertex 10.4979 4.29792 18.15
      vertex 10.7008 4.12467 18.15
    endloop
  endfacet
  facet normal 0.649448 0.760406 0
    outer loop
      vertex 10.4979 4.29792 18.15
      vertex 10.7008 4.12467 15.87
      vertex 10.4979 4.29792 15.87
    endloop
  endfacet
  facet normal -0.996917 0.0784611 0
    outer loop
      vertex 13.3791 5.23406 15.87
      vertex 13.4 5.5 18.15
      vertex 13.4 5.5 15.87
    endloop
  endfacet
  facet normal -0.996917 0.0784611 0
    outer loop
      vertex 13.4 5.5 18.15
      vertex 13.3791 5.23406 15.87
      vertex 13.3791 5.23406 18.15
    endloop
  endfacet
  facet normal -0.382684 -0.923879 0
    outer loop
      vertex 12.2253 7.1168 15.87
      vertex 12.4718 7.01471 18.15
      vertex 12.2253 7.1168 18.15
    endloop
  endfacet
  facet normal -0.382684 -0.923879 -0
    outer loop
      vertex 12.4718 7.01471 18.15
      vertex 12.2253 7.1168 15.87
      vertex 12.4718 7.01471 15.87
    endloop
  endfacet
  facet normal -0.852639 -0.5225 0
    outer loop
      vertex 13.2147 6.27178 15.87
      vertex 13.0753 6.49923 18.15
      vertex 13.0753 6.49923 15.87
    endloop
  endfacet
  facet normal -0.852639 -0.5225 0
    outer loop
      vertex 13.0753 6.49923 18.15
      vertex 13.2147 6.27178 15.87
      vertex 13.2147 6.27178 18.15
    endloop
  endfacet
  facet normal 0.233444 -0.97237 0
    outer loop
      vertex 11.1747 7.1168 15.87
      vertex 11.4341 7.17907 18.15
      vertex 11.1747 7.1168 18.15
    endloop
  endfacet
  facet normal 0.233444 -0.97237 0
    outer loop
      vertex 11.4341 7.17907 18.15
      vertex 11.1747 7.1168 15.87
      vertex 11.4341 7.17907 15.87
    endloop
  endfacet
  facet normal 0.649448 -0.760406 0
    outer loop
      vertex 10.4979 6.70208 15.87
      vertex 10.7008 6.87533 18.15
      vertex 10.4979 6.70208 18.15
    endloop
  endfacet
  facet normal 0.649448 -0.760406 0
    outer loop
      vertex 10.7008 6.87533 18.15
      vertex 10.4979 6.70208 15.87
      vertex 10.7008 6.87533 15.87
    endloop
  endfacet
  facet normal 0.852639 -0.5225 0
    outer loop
      vertex 10.1853 6.27178 18.15
      vertex 10.3247 6.49923 15.87
      vertex 10.3247 6.49923 18.15
    endloop
  endfacet
  facet normal 0.852639 -0.5225 0
    outer loop
      vertex 10.3247 6.49923 15.87
      vertex 10.1853 6.27178 18.15
      vertex 10.1853 6.27178 15.87
    endloop
  endfacet
  facet normal 0.760406 -0.649448 0
    outer loop
      vertex 10.3247 6.49923 18.15
      vertex 10.4979 6.70208 15.87
      vertex 10.4979 6.70208 18.15
    endloop
  endfacet
  facet normal 0.760406 -0.649448 0
    outer loop
      vertex 10.4979 6.70208 15.87
      vertex 10.3247 6.49923 18.15
      vertex 10.3247 6.49923 15.87
    endloop
  endfacet
  facet normal -0.97237 0.233444 0
    outer loop
      vertex 13.3168 4.97467 15.87
      vertex 13.3791 5.23406 18.15
      vertex 13.3791 5.23406 15.87
    endloop
  endfacet
  facet normal -0.97237 0.233444 0
    outer loop
      vertex 13.3791 5.23406 18.15
      vertex 13.3168 4.97467 15.87
      vertex 13.3168 4.97467 18.15
    endloop
  endfacet
  facet normal -0.0784611 0.996917 0
    outer loop
      vertex 11.9659 3.82093 15.87
      vertex 11.7 3.8 18.15
      vertex 11.9659 3.82093 18.15
    endloop
  endfacet
  facet normal -0.0784611 0.996917 0
    outer loop
      vertex 11.7 3.8 18.15
      vertex 11.9659 3.82093 15.87
      vertex 11.7 3.8 15.87
    endloop
  endfacet
  facet normal 0.996917 0.0784611 0
    outer loop
      vertex 10.0209 5.23406 18.15
      vertex 10 5.5 15.87
      vertex 10 5.5 18.15
    endloop
  endfacet
  facet normal 0.996917 0.0784611 0
    outer loop
      vertex 10 5.5 15.87
      vertex 10.0209 5.23406 18.15
      vertex 10.0209 5.23406 15.87
    endloop
  endfacet
  facet normal 0.0784611 0.996917 -0
    outer loop
      vertex 11.7 3.8 15.87
      vertex 11.4341 3.82093 18.15
      vertex 11.7 3.8 18.15
    endloop
  endfacet
  facet normal 0.0784611 0.996917 0
    outer loop
      vertex 11.4341 3.82093 18.15
      vertex 11.7 3.8 15.87
      vertex 11.4341 3.82093 15.87
    endloop
  endfacet
  facet normal -0.97237 -0.233444 0
    outer loop
      vertex 13.3791 5.76594 15.87
      vertex 13.3168 6.02533 18.15
      vertex 13.3168 6.02533 15.87
    endloop
  endfacet
  facet normal -0.97237 -0.233444 0
    outer loop
      vertex 13.3168 6.02533 18.15
      vertex 13.3791 5.76594 15.87
      vertex 13.3791 5.76594 18.15
    endloop
  endfacet
  facet normal -0.0784611 -0.996917 0
    outer loop
      vertex 11.7 7.2 15.87
      vertex 11.9659 7.17907 18.15
      vertex 11.7 7.2 18.15
    endloop
  endfacet
  facet normal -0.0784611 -0.996917 -0
    outer loop
      vertex 11.9659 7.17907 18.15
      vertex 11.7 7.2 15.87
      vertex 11.9659 7.17907 15.87
    endloop
  endfacet
  facet normal -0.233444 -0.97237 0
    outer loop
      vertex 11.9659 7.17907 15.87
      vertex 12.2253 7.1168 18.15
      vertex 11.9659 7.17907 18.15
    endloop
  endfacet
  facet normal -0.233444 -0.97237 -0
    outer loop
      vertex 12.2253 7.1168 18.15
      vertex 11.9659 7.17907 15.87
      vertex 12.2253 7.1168 15.87
    endloop
  endfacet
  facet normal -0.760406 -0.649448 0
    outer loop
      vertex 13.0753 6.49923 15.87
      vertex 12.9021 6.70208 18.15
      vertex 12.9021 6.70208 15.87
    endloop
  endfacet
  facet normal -0.760406 -0.649448 0
    outer loop
      vertex 12.9021 6.70208 18.15
      vertex 13.0753 6.49923 15.87
      vertex 13.0753 6.49923 18.15
    endloop
  endfacet
  facet normal -0.5225 -0.852639 0
    outer loop
      vertex 12.4718 7.01471 15.87
      vertex 12.6992 6.87533 18.15
      vertex 12.4718 7.01471 18.15
    endloop
  endfacet
  facet normal -0.5225 -0.852639 -0
    outer loop
      vertex 12.6992 6.87533 18.15
      vertex 12.4718 7.01471 15.87
      vertex 12.6992 6.87533 15.87
    endloop
  endfacet
  facet normal -0.923879 -0.382684 0
    outer loop
      vertex 13.3168 6.02533 15.87
      vertex 13.2147 6.27178 18.15
      vertex 13.2147 6.27178 15.87
    endloop
  endfacet
  facet normal -0.923879 -0.382684 0
    outer loop
      vertex 13.2147 6.27178 18.15
      vertex 13.3168 6.02533 15.87
      vertex 13.3168 6.02533 18.15
    endloop
  endfacet
  facet normal 0.0784611 -0.996917 0
    outer loop
      vertex 11.4341 7.17907 15.87
      vertex 11.7 7.2 18.15
      vertex 11.4341 7.17907 18.15
    endloop
  endfacet
  facet normal 0.0784611 -0.996917 0
    outer loop
      vertex 11.7 7.2 18.15
      vertex 11.4341 7.17907 15.87
      vertex 11.7 7.2 15.87
    endloop
  endfacet
  facet normal 0.5225 -0.852639 0
    outer loop
      vertex 10.7008 6.87533 15.87
      vertex 10.9282 7.01471 18.15
      vertex 10.7008 6.87533 18.15
    endloop
  endfacet
  facet normal 0.5225 -0.852639 0
    outer loop
      vertex 10.9282 7.01471 18.15
      vertex 10.7008 6.87533 15.87
      vertex 10.9282 7.01471 15.87
    endloop
  endfacet
  facet normal 0.923879 -0.382684 0
    outer loop
      vertex 10.0832 6.02533 18.15
      vertex 10.1853 6.27178 15.87
      vertex 10.1853 6.27178 18.15
    endloop
  endfacet
  facet normal 0.923879 -0.382684 0
    outer loop
      vertex 10.1853 6.27178 15.87
      vertex 10.0832 6.02533 18.15
      vertex 10.0832 6.02533 15.87
    endloop
  endfacet
  facet normal 0.996917 -0.0784611 0
    outer loop
      vertex 10 5.5 18.15
      vertex 10.0209 5.76594 15.87
      vertex 10.0209 5.76594 18.15
    endloop
  endfacet
  facet normal 0.996917 -0.0784611 0
    outer loop
      vertex 10.0209 5.76594 15.87
      vertex 10 5.5 18.15
      vertex 10 5.5 15.87
    endloop
  endfacet
  facet normal 0 0 1
    outer loop
      vertex 13.3791 5.76594 15.87
      vertex 13.3791 5.23406 15.87
      vertex 13.4 5.5 15.87
    endloop
  endfacet
  facet normal 0 0 1
    outer loop
      vertex 13.3168 6.02533 15.87
      vertex 13.3791 5.23406 15.87
      vertex 13.3791 5.76594 15.87
    endloop
  endfacet
  facet normal 0 0 1
    outer loop
      vertex 13.3168 6.02533 15.87
      vertex 13.3168 4.97467 15.87
      vertex 13.3791 5.23406 15.87
    endloop
  endfacet
  facet normal 0 0 1
    outer loop
      vertex 13.2147 6.27178 15.87
      vertex 13.3168 4.97467 15.87
      vertex 13.3168 6.02533 15.87
    endloop
  endfacet
  facet normal 0 0 1
    outer loop
      vertex 13.2147 6.27178 15.87
      vertex 13.2147 4.72822 15.87
      vertex 13.3168 4.97467 15.87
    endloop
  endfacet
  facet normal 0 0 1
    outer loop
      vertex 13.0753 6.49923 15.87
      vertex 13.2147 4.72822 15.87
      vertex 13.2147 6.27178 15.87
    endloop
  endfacet
  facet normal 0 0 1
    outer loop
      vertex 13.0753 6.49923 15.87
      vertex 13.0753 4.50077 15.87
      vertex 13.2147 4.72822 15.87
    endloop
  endfacet
  facet normal 0 0 1
    outer loop
      vertex 12.9021 6.70208 15.87
      vertex 13.0753 4.50077 15.87
      vertex 13.0753 6.49923 15.87
    endloop
  endfacet
  facet normal 0 0 1
    outer loop
      vertex 12.9021 6.70208 15.87
      vertex 12.9021 4.29792 15.87
      vertex 13.0753 4.50077 15.87
    endloop
  endfacet
  facet normal 0 0 1
    outer loop
      vertex 12.6992 6.87533 15.87
      vertex 12.9021 4.29792 15.87
      vertex 12.9021 6.70208 15.87
    endloop
  endfacet
  facet normal 0 0 1
    outer loop
      vertex 12.6992 6.87533 15.87
      vertex 12.6992 4.12467 15.87
      vertex 12.9021 4.29792 15.87
    endloop
  endfacet
  facet normal 0 0 1
    outer loop
      vertex 12.4718 7.01471 15.87
      vertex 12.6992 4.12467 15.87
      vertex 12.6992 6.87533 15.87
    endloop
  endfacet
  facet normal 0 0 1
    outer loop
      vertex 12.4718 7.01471 15.87
      vertex 12.4718 3.98529 15.87
      vertex 12.6992 4.12467 15.87
    endloop
  endfacet
  facet normal 0 0 1
    outer loop
      vertex 12.2253 7.1168 15.87
      vertex 12.4718 3.98529 15.87
      vertex 12.4718 7.01471 15.87
    endloop
  endfacet
  facet normal 0 0 1
    outer loop
      vertex 12.2253 7.1168 15.87
      vertex 12.2253 3.8832 15.87
      vertex 12.4718 3.98529 15.87
    endloop
  endfacet
  facet normal 0 0 1
    outer loop
      vertex 11.9659 7.17907 15.87
      vertex 12.2253 3.8832 15.87
      vertex 12.2253 7.1168 15.87
    endloop
  endfacet
  facet normal 0 0 1
    outer loop
      vertex 11.9659 7.17907 15.87
      vertex 11.9659 3.82093 15.87
      vertex 12.2253 3.8832 15.87
    endloop
  endfacet
  facet normal 0 0 1
    outer loop
      vertex 11.7 7.2 15.87
      vertex 11.9659 3.82093 15.87
      vertex 11.9659 7.17907 15.87
    endloop
  endfacet
  facet normal 0 0 1
    outer loop
      vertex 11.7 7.2 15.87
      vertex 11.7 3.8 15.87
      vertex 11.9659 3.82093 15.87
    endloop
  endfacet
  facet normal -0 0 1
    outer loop
      vertex 11.4341 7.17907 15.87
      vertex 11.7 3.8 15.87
      vertex 11.7 7.2 15.87
    endloop
  endfacet
  facet normal 0 0 1
    outer loop
      vertex 11.4341 7.17907 15.87
      vertex 11.4341 3.82093 15.87
      vertex 11.7 3.8 15.87
    endloop
  endfacet
  facet normal -0 0 1
    outer loop
      vertex 11.1747 7.1168 15.87
      vertex 11.4341 3.82093 15.87
      vertex 11.4341 7.17907 15.87
    endloop
  endfacet
  facet normal 0 0 1
    outer loop
      vertex 11.1747 7.1168 15.87
      vertex 11.1747 3.8832 15.87
      vertex 11.4341 3.82093 15.87
    endloop
  endfacet
  facet normal -0 0 1
    outer loop
      vertex 10.9282 7.01471 15.87
      vertex 11.1747 3.8832 15.87
      vertex 11.1747 7.1168 15.87
    endloop
  endfacet
  facet normal 0 0 1
    outer loop
      vertex 10.9282 7.01471 15.87
      vertex 10.9282 3.98529 15.87
      vertex 11.1747 3.8832 15.87
    endloop
  endfacet
  facet normal -0 0 1
    outer loop
      vertex 10.7008 6.87533 15.87
      vertex 10.9282 3.98529 15.87
      vertex 10.9282 7.01471 15.87
    endloop
  endfacet
  facet normal 0 0 1
    outer loop
      vertex 10.7008 6.87533 15.87
      vertex 10.7008 4.12467 15.87
      vertex 10.9282 3.98529 15.87
    endloop
  endfacet
  facet normal -0 0 1
    outer loop
      vertex 10.4979 6.70208 15.87
      vertex 10.7008 4.12467 15.87
      vertex 10.7008 6.87533 15.87
    endloop
  endfacet
  facet normal 0 0 1
    outer loop
      vertex 10.4979 6.70208 15.87
      vertex 10.4979 4.29792 15.87
      vertex 10.7008 4.12467 15.87
    endloop
  endfacet
  facet normal -0 0 1
    outer loop
      vertex 10.3247 6.49923 15.87
      vertex 10.4979 4.29792 15.87
      vertex 10.4979 6.70208 15.87
    endloop
  endfacet
  facet normal 0 0 1
    outer loop
      vertex 10.3247 6.49923 15.87
      vertex 10.3247 4.50077 15.87
      vertex 10.4979 4.29792 15.87
    endloop
  endfacet
  facet normal -0 0 1
    outer loop
      vertex 10.1853 6.27178 15.87
      vertex 10.3247 4.50077 15.87
      vertex 10.3247 6.49923 15.87
    endloop
  endfacet
  facet normal 0 0 1
    outer loop
      vertex 10.1853 6.27178 15.87
      vertex 10.1853 4.72822 15.87
      vertex 10.3247 4.50077 15.87
    endloop
  endfacet
  facet normal -0 0 1
    outer loop
      vertex 10.0832 6.02533 15.87
      vertex 10.1853 4.72822 15.87
      vertex 10.1853 6.27178 15.87
    endloop
  endfacet
  facet normal 0 0 1
    outer loop
      vertex 10.0832 6.02533 15.87
      vertex 10.0832 4.97467 15.87
      vertex 10.1853 4.72822 15.87
    endloop
  endfacet
  facet normal -0 0 1
    outer loop
      vertex 10.0209 5.76594 15.87
      vertex 10.0832 4.97467 15.87
      vertex 10.0832 6.02533 15.87
    endloop
  endfacet
  facet normal 0 0 1
    outer loop
      vertex 10.0209 5.76594 15.87
      vertex 10.0209 5.23406 15.87
      vertex 10.0832 4.97467 15.87
    endloop
  endfacet
  facet normal 0 -0 1
    outer loop
      vertex 10.0209 5.23406 15.87
      vertex 10.0209 5.76594 15.87
      vertex 10 5.5 15.87
    endloop
  endfacet
  facet normal -0.996917 -0.0784611 0
    outer loop
      vertex 13.4 5.5 15.87
      vertex 13.3791 5.76594 18.15
      vertex 13.3791 5.76594 15.87
    endloop
  endfacet
  facet normal -0.996917 -0.0784611 0
    outer loop
      vertex 13.3791 5.76594 18.15
      vertex 13.4 5.5 15.87
      vertex 13.4 5.5 18.15
    endloop
  endfacet
  facet normal -0.649448 -0.760406 0
    outer loop
      vertex 12.6992 6.87533 15.87
      vertex 12.9021 6.70208 18.15
      vertex 12.6992 6.87533 18.15
    endloop
  endfacet
  facet normal -0.649448 -0.760406 -0
    outer loop
      vertex 12.9021 6.70208 18.15
      vertex 12.6992 6.87533 15.87
      vertex 12.9021 6.70208 15.87
    endloop
  endfacet
  facet normal 0.97237 -0.233444 0
    outer loop
      vertex 10.0209 5.76594 18.15
      vertex 10.0832 6.02533 15.87
      vertex 10.0832 6.02533 18.15
    endloop
  endfacet
  facet normal 0.97237 -0.233444 0
    outer loop
      vertex 10.0832 6.02533 15.87
      vertex 10.0209 5.76594 18.15
      vertex 10.0209 5.76594 15.87
    endloop
  endfacet
  facet normal -0.85264 0.522498 0
    outer loop
      vertex 13.5607 4.14809 18.15
      vertex 13.7493 4.45582 23.15
      vertex 13.7493 4.45582 18.15
    endloop
  endfacet
  facet normal -0.85264 0.522498 0
    outer loop
      vertex 13.7493 4.45582 23.15
      vertex 13.5607 4.14809 18.15
      vertex 13.5607 4.14809 23.15
    endloop
  endfacet
  facet normal 0.97237 0.233446 0
    outer loop
      vertex 9.51257 4.78926 23.15
      vertex 9.42832 5.1402 18.15
      vertex 9.42832 5.1402 23.15
    endloop
  endfacet
  facet normal 0.97237 0.233446 0
    outer loop
      vertex 9.42832 5.1402 18.15
      vertex 9.51257 4.78926 23.15
      vertex 9.51257 4.78926 18.15
    endloop
  endfacet
  facet normal -0.760404 0.64945 0
    outer loop
      vertex 13.3263 3.87366 18.15
      vertex 13.5607 4.14809 23.15
      vertex 13.5607 4.14809 18.15
    endloop
  endfacet
  facet normal -0.760404 0.64945 0
    outer loop
      vertex 13.5607 4.14809 23.15
      vertex 13.3263 3.87366 18.15
      vertex 13.3263 3.87366 23.15
    endloop
  endfacet
  facet normal -0.233446 0.97237 0
    outer loop
      vertex 12.4107 3.31257 18.15
      vertex 12.0598 3.22832 23.15
      vertex 12.4107 3.31257 23.15
    endloop
  endfacet
  facet normal -0.233446 0.97237 0
    outer loop
      vertex 12.0598 3.22832 23.15
      vertex 12.4107 3.31257 18.15
      vertex 12.0598 3.22832 18.15
    endloop
  endfacet
  facet normal 0.522498 0.85264 -0
    outer loop
      vertex 10.6558 3.45069 18.15
      vertex 10.3481 3.63926 23.15
      vertex 10.6558 3.45069 23.15
    endloop
  endfacet
  facet normal 0.522498 0.85264 0
    outer loop
      vertex 10.3481 3.63926 23.15
      vertex 10.6558 3.45069 18.15
      vertex 10.3481 3.63926 18.15
    endloop
  endfacet
  facet normal 0.92388 0.382683 0
    outer loop
      vertex 9.65069 4.45582 23.15
      vertex 9.51257 4.78926 18.15
      vertex 9.51257 4.78926 23.15
    endloop
  endfacet
  facet normal 0.92388 0.382683 0
    outer loop
      vertex 9.51257 4.78926 18.15
      vertex 9.65069 4.45582 23.15
      vertex 9.65069 4.45582 18.15
    endloop
  endfacet
  facet normal -0.996917 -0.0784584 0
    outer loop
      vertex 14 5.5 18.15
      vertex 13.9717 5.8598 23.15
      vertex 13.9717 5.8598 18.15
    endloop
  endfacet
  facet normal -0.996917 -0.0784584 0
    outer loop
      vertex 13.9717 5.8598 23.15
      vertex 14 5.5 18.15
      vertex 14 5.5 23.15
    endloop
  endfacet
  facet normal -0.64945 0.760404 0
    outer loop
      vertex 13.3263 3.87366 18.15
      vertex 13.0519 3.63926 23.15
      vertex 13.3263 3.87366 23.15
    endloop
  endfacet
  facet normal -0.64945 0.760404 0
    outer loop
      vertex 13.0519 3.63926 23.15
      vertex 13.3263 3.87366 18.15
      vertex 13.0519 3.63926 18.15
    endloop
  endfacet
  facet normal 0.0784584 0.996917 -0
    outer loop
      vertex 11.7 3.2 18.15
      vertex 11.3402 3.22832 23.15
      vertex 11.7 3.2 23.15
    endloop
  endfacet
  facet normal 0.0784584 0.996917 0
    outer loop
      vertex 11.3402 3.22832 23.15
      vertex 11.7 3.2 18.15
      vertex 11.3402 3.22832 18.15
    endloop
  endfacet
  facet normal -0.522498 0.85264 0
    outer loop
      vertex 13.0519 3.63926 18.15
      vertex 12.7442 3.45069 23.15
      vertex 13.0519 3.63926 23.15
    endloop
  endfacet
  facet normal -0.522498 0.85264 0
    outer loop
      vertex 12.7442 3.45069 23.15
      vertex 13.0519 3.63926 18.15
      vertex 12.7442 3.45069 18.15
    endloop
  endfacet
  facet normal 0.996917 0.0784584 0
    outer loop
      vertex 9.42832 5.1402 23.15
      vertex 9.4 5.5 18.15
      vertex 9.4 5.5 23.15
    endloop
  endfacet
  facet normal 0.996917 0.0784584 0
    outer loop
      vertex 9.4 5.5 18.15
      vertex 9.42832 5.1402 23.15
      vertex 9.42832 5.1402 18.15
    endloop
  endfacet
  facet normal 0.85264 0.522498 0
    outer loop
      vertex 9.83926 4.14809 23.15
      vertex 9.65069 4.45582 18.15
      vertex 9.65069 4.45582 23.15
    endloop
  endfacet
  facet normal 0.85264 0.522498 0
    outer loop
      vertex 9.65069 4.45582 18.15
      vertex 9.83926 4.14809 23.15
      vertex 9.83926 4.14809 18.15
    endloop
  endfacet
  facet normal 0.64945 0.760404 -0
    outer loop
      vertex 10.3481 3.63926 18.15
      vertex 10.0737 3.87366 23.15
      vertex 10.3481 3.63926 23.15
    endloop
  endfacet
  facet normal 0.64945 0.760404 0
    outer loop
      vertex 10.0737 3.87366 23.15
      vertex 10.3481 3.63926 18.15
      vertex 10.0737 3.87366 18.15
    endloop
  endfacet
  facet normal 0.382683 0.92388 -0
    outer loop
      vertex 10.9893 3.31257 18.15
      vertex 10.6558 3.45069 23.15
      vertex 10.9893 3.31257 23.15
    endloop
  endfacet
  facet normal 0.382683 0.92388 0
    outer loop
      vertex 10.6558 3.45069 23.15
      vertex 10.9893 3.31257 18.15
      vertex 10.6558 3.45069 18.15
    endloop
  endfacet
  facet normal 0.760404 0.64945 0
    outer loop
      vertex 10.0737 3.87366 23.15
      vertex 9.83926 4.14809 18.15
      vertex 9.83926 4.14809 23.15
    endloop
  endfacet
  facet normal 0.760404 0.64945 0
    outer loop
      vertex 9.83926 4.14809 18.15
      vertex 10.0737 3.87366 23.15
      vertex 10.0737 3.87366 18.15
    endloop
  endfacet
  facet normal -0.996917 0.0784584 0
    outer loop
      vertex 13.9717 5.1402 18.15
      vertex 14 5.5 23.15
      vertex 14 5.5 18.15
    endloop
  endfacet
  facet normal -0.996917 0.0784584 0
    outer loop
      vertex 14 5.5 23.15
      vertex 13.9717 5.1402 18.15
      vertex 13.9717 5.1402 23.15
    endloop
  endfacet
  facet normal -0.64945 -0.760404 0
    outer loop
      vertex 13.0519 7.36074 18.15
      vertex 13.3263 7.12634 23.15
      vertex 13.0519 7.36074 23.15
    endloop
  endfacet
  facet normal -0.64945 -0.760404 -0
    outer loop
      vertex 13.3263 7.12634 23.15
      vertex 13.0519 7.36074 18.15
      vertex 13.3263 7.12634 18.15
    endloop
  endfacet
  facet normal -0.97237 0.233446 0
    outer loop
      vertex 13.8874 4.78926 18.15
      vertex 13.9717 5.1402 23.15
      vertex 13.9717 5.1402 18.15
    endloop
  endfacet
  facet normal -0.97237 0.233446 0
    outer loop
      vertex 13.9717 5.1402 23.15
      vertex 13.8874 4.78926 18.15
      vertex 13.8874 4.78926 23.15
    endloop
  endfacet
  facet normal -0.92388 0.382683 0
    outer loop
      vertex 13.7493 4.45582 18.15
      vertex 13.8874 4.78926 23.15
      vertex 13.8874 4.78926 18.15
    endloop
  endfacet
  facet normal -0.92388 0.382683 0
    outer loop
      vertex 13.8874 4.78926 23.15
      vertex 13.7493 4.45582 18.15
      vertex 13.7493 4.45582 23.15
    endloop
  endfacet
  facet normal -0.0784584 0.996917 0
    outer loop
      vertex 12.0598 3.22832 18.15
      vertex 11.7 3.2 23.15
      vertex 12.0598 3.22832 23.15
    endloop
  endfacet
  facet normal -0.0784584 0.996917 0
    outer loop
      vertex 11.7 3.2 23.15
      vertex 12.0598 3.22832 18.15
      vertex 11.7 3.2 18.15
    endloop
  endfacet
  facet normal -0.382683 0.92388 0
    outer loop
      vertex 12.7442 3.45069 18.15
      vertex 12.4107 3.31257 23.15
      vertex 12.7442 3.45069 23.15
    endloop
  endfacet
  facet normal -0.382683 0.92388 0
    outer loop
      vertex 12.4107 3.31257 23.15
      vertex 12.7442 3.45069 18.15
      vertex 12.4107 3.31257 18.15
    endloop
  endfacet
  facet normal 0 0 1
    outer loop
      vertex 13.4 5.5 18.15
      vertex 14 5.5 18.15
      vertex 13.9717 5.8598 18.15
    endloop
  endfacet
  facet normal 0 0 1
    outer loop
      vertex 13.3791 5.76594 18.15
      vertex 13.9717 5.8598 18.15
      vertex 13.8874 6.21074 18.15
    endloop
  endfacet
  facet normal 0 0 1
    outer loop
      vertex 14 5.5 18.15
      vertex 13.4 5.5 18.15
      vertex 13.9717 5.1402 18.15
    endloop
  endfacet
  facet normal 0 0 1
    outer loop
      vertex 13.3168 6.02533 18.15
      vertex 13.8874 6.21074 18.15
      vertex 13.7493 6.54418 18.15
    endloop
  endfacet
  facet normal -0 0 1
    outer loop
      vertex 13.3791 5.23406 18.15
      vertex 13.9717 5.1402 18.15
      vertex 13.4 5.5 18.15
    endloop
  endfacet
  facet normal 0 0 1
    outer loop
      vertex 13.2147 6.27178 18.15
      vertex 13.7493 6.54418 18.15
      vertex 13.5607 6.85191 18.15
    endloop
  endfacet
  facet normal 0 0 1
    outer loop
      vertex 13.9717 5.1402 18.15
      vertex 13.3791 5.23406 18.15
      vertex 13.8874 4.78926 18.15
    endloop
  endfacet
  facet normal -0 0 1
    outer loop
      vertex 13.3168 4.97467 18.15
      vertex 13.8874 4.78926 18.15
      vertex 13.3791 5.23406 18.15
    endloop
  endfacet
  facet normal 0 0 1
    outer loop
      vertex 13.9717 5.8598 18.15
      vertex 13.3791 5.76594 18.15
      vertex 13.4 5.5 18.15
    endloop
  endfacet
  facet normal 0 0 1
    outer loop
      vertex 13.0753 6.49923 18.15
      vertex 13.5607 6.85191 18.15
      vertex 13.3263 7.12634 18.15
    endloop
  endfacet
  facet normal 0 0 1
    outer loop
      vertex 13.8874 6.21074 18.15
      vertex 13.3168 6.02533 18.15
      vertex 13.3791 5.76594 18.15
    endloop
  endfacet
  facet normal 0 0 1
    outer loop
      vertex 13.7493 6.54418 18.15
      vertex 13.2147 6.27178 18.15
      vertex 13.3168 6.02533 18.15
    endloop
  endfacet
  facet normal 0 0 1
    outer loop
      vertex 13.5607 6.85191 18.15
      vertex 13.0753 6.49923 18.15
      vertex 13.2147 6.27178 18.15
    endloop
  endfacet
  facet normal 0 0 1
    outer loop
      vertex 12.9021 6.70208 18.15
      vertex 13.3263 7.12634 18.15
      vertex 13.0519 7.36074 18.15
    endloop
  endfacet
  facet normal 0 0 1
    outer loop
      vertex 13.3263 7.12634 18.15
      vertex 12.9021 6.70208 18.15
      vertex 13.0753 6.49923 18.15
    endloop
  endfacet
  facet normal 0 0 1
    outer loop
      vertex 12.6992 6.87533 18.15
      vertex 13.0519 7.36074 18.15
      vertex 12.7442 7.54931 18.15
    endloop
  endfacet
  facet normal 0 0 1
    outer loop
      vertex 13.0519 7.36074 18.15
      vertex 12.6992 6.87533 18.15
      vertex 12.9021 6.70208 18.15
    endloop
  endfacet
  facet normal 0 0 1
    outer loop
      vertex 12.7442 7.54931 18.15
      vertex 12.4718 7.01471 18.15
      vertex 12.6992 6.87533 18.15
    endloop
  endfacet
  facet normal 0 0 1
    outer loop
      vertex 12.4107 7.68743 18.15
      vertex 12.4718 7.01471 18.15
      vertex 12.7442 7.54931 18.15
    endloop
  endfacet
  facet normal 0 0 1
    outer loop
      vertex 12.4107 7.68743 18.15
      vertex 12.2253 7.1168 18.15
      vertex 12.4718 7.01471 18.15
    endloop
  endfacet
  facet normal 0 0 1
    outer loop
      vertex 12.0598 7.77168 18.15
      vertex 12.2253 7.1168 18.15
      vertex 12.4107 7.68743 18.15
    endloop
  endfacet
  facet normal 0 0 1
    outer loop
      vertex 12.0598 7.77168 18.15
      vertex 11.9659 7.17907 18.15
      vertex 12.2253 7.1168 18.15
    endloop
  endfacet
  facet normal 0 0 1
    outer loop
      vertex 11.7 7.8 18.15
      vertex 11.9659 7.17907 18.15
      vertex 12.0598 7.77168 18.15
    endloop
  endfacet
  facet normal 0 0 1
    outer loop
      vertex 11.7 7.8 18.15
      vertex 11.7 7.2 18.15
      vertex 11.9659 7.17907 18.15
    endloop
  endfacet
  facet normal 0 0 1
    outer loop
      vertex 11.7 7.8 18.15
      vertex 11.4341 7.17907 18.15
      vertex 11.7 7.2 18.15
    endloop
  endfacet
  facet normal -0 0 1
    outer loop
      vertex 11.3402 7.77168 18.15
      vertex 11.4341 7.17907 18.15
      vertex 11.7 7.8 18.15
    endloop
  endfacet
  facet normal 0 0 1
    outer loop
      vertex 11.3402 7.77168 18.15
      vertex 11.1747 7.1168 18.15
      vertex 11.4341 7.17907 18.15
    endloop
  endfacet
  facet normal -0 0 1
    outer loop
      vertex 10.9893 7.68743 18.15
      vertex 11.1747 7.1168 18.15
      vertex 11.3402 7.77168 18.15
    endloop
  endfacet
  facet normal 0 0 1
    outer loop
      vertex 10.9893 7.68743 18.15
      vertex 10.9282 7.01471 18.15
      vertex 11.1747 7.1168 18.15
    endloop
  endfacet
  facet normal -0 0 1
    outer loop
      vertex 10.6558 7.54931 18.15
      vertex 10.9282 7.01471 18.15
      vertex 10.9893 7.68743 18.15
    endloop
  endfacet
  facet normal 0 0 1
    outer loop
      vertex 10.9282 7.01471 18.15
      vertex 10.6558 7.54931 18.15
      vertex 10.7008 6.87533 18.15
    endloop
  endfacet
  facet normal -0 0 1
    outer loop
      vertex 10.3481 7.36074 18.15
      vertex 10.7008 6.87533 18.15
      vertex 10.6558 7.54931 18.15
    endloop
  endfacet
  facet normal 0 0 1
    outer loop
      vertex 10.7008 6.87533 18.15
      vertex 10.3481 7.36074 18.15
      vertex 10.4979 6.70208 18.15
    endloop
  endfacet
  facet normal -0 0 1
    outer loop
      vertex 10.0737 7.12634 18.15
      vertex 10.4979 6.70208 18.15
      vertex 10.3481 7.36074 18.15
    endloop
  endfacet
  facet normal 0 0 1
    outer loop
      vertex 10.4979 6.70208 18.15
      vertex 10.0737 7.12634 18.15
      vertex 10.3247 6.49923 18.15
    endloop
  endfacet
  facet normal -0 0 1
    outer loop
      vertex 9.83926 6.85191 18.15
      vertex 10.3247 6.49923 18.15
      vertex 10.0737 7.12634 18.15
    endloop
  endfacet
  facet normal 0 0 1
    outer loop
      vertex 10.3247 6.49923 18.15
      vertex 9.83926 6.85191 18.15
      vertex 10.1853 6.27178 18.15
    endloop
  endfacet
  facet normal -0 0 1
    outer loop
      vertex 9.65069 6.54418 18.15
      vertex 10.1853 6.27178 18.15
      vertex 9.83926 6.85191 18.15
    endloop
  endfacet
  facet normal 0 0 1
    outer loop
      vertex 10.1853 6.27178 18.15
      vertex 9.65069 6.54418 18.15
      vertex 10.0832 6.02533 18.15
    endloop
  endfacet
  facet normal -0 0 1
    outer loop
      vertex 9.51257 6.21074 18.15
      vertex 10.0832 6.02533 18.15
      vertex 9.65069 6.54418 18.15
    endloop
  endfacet
  facet normal 0 0 1
    outer loop
      vertex 13.8874 4.78926 18.15
      vertex 13.3168 4.97467 18.15
      vertex 13.7493 4.45582 18.15
    endloop
  endfacet
  facet normal -0 0 1
    outer loop
      vertex 13.2147 4.72822 18.15
      vertex 13.7493 4.45582 18.15
      vertex 13.3168 4.97467 18.15
    endloop
  endfacet
  facet normal 0 0 1
    outer loop
      vertex 13.7493 4.45582 18.15
      vertex 13.2147 4.72822 18.15
      vertex 13.5607 4.14809 18.15
    endloop
  endfacet
  facet normal -0 0 1
    outer loop
      vertex 13.0753 4.50077 18.15
      vertex 13.5607 4.14809 18.15
      vertex 13.2147 4.72822 18.15
    endloop
  endfacet
  facet normal 0 0 1
    outer loop
      vertex 13.5607 4.14809 18.15
      vertex 13.0753 4.50077 18.15
      vertex 13.3263 3.87366 18.15
    endloop
  endfacet
  facet normal -0 0 1
    outer loop
      vertex 12.9021 4.29792 18.15
      vertex 13.3263 3.87366 18.15
      vertex 13.0753 4.50077 18.15
    endloop
  endfacet
  facet normal 0 0 1
    outer loop
      vertex 13.3263 3.87366 18.15
      vertex 12.9021 4.29792 18.15
      vertex 13.0519 3.63926 18.15
    endloop
  endfacet
  facet normal -0 0 1
    outer loop
      vertex 12.6992 4.12467 18.15
      vertex 13.0519 3.63926 18.15
      vertex 12.9021 4.29792 18.15
    endloop
  endfacet
  facet normal 0 0 1
    outer loop
      vertex 13.0519 3.63926 18.15
      vertex 12.6992 4.12467 18.15
      vertex 12.7442 3.45069 18.15
    endloop
  endfacet
  facet normal -0 0 1
    outer loop
      vertex 12.4718 3.98529 18.15
      vertex 12.7442 3.45069 18.15
      vertex 12.6992 4.12467 18.15
    endloop
  endfacet
  facet normal 0 0 1
    outer loop
      vertex 12.4718 3.98529 18.15
      vertex 12.4107 3.31257 18.15
      vertex 12.7442 3.45069 18.15
    endloop
  endfacet
  facet normal -0 0 1
    outer loop
      vertex 12.2253 3.8832 18.15
      vertex 12.4107 3.31257 18.15
      vertex 12.4718 3.98529 18.15
    endloop
  endfacet
  facet normal 0 0 1
    outer loop
      vertex 12.2253 3.8832 18.15
      vertex 12.0598 3.22832 18.15
      vertex 12.4107 3.31257 18.15
    endloop
  endfacet
  facet normal -0 0 1
    outer loop
      vertex 11.9659 3.82093 18.15
      vertex 12.0598 3.22832 18.15
      vertex 12.2253 3.8832 18.15
    endloop
  endfacet
  facet normal -0 0 1
    outer loop
      vertex 11.7 3.8 18.15
      vertex 12.0598 3.22832 18.15
      vertex 11.9659 3.82093 18.15
    endloop
  endfacet
  facet normal 0 0 1
    outer loop
      vertex 11.7 3.8 18.15
      vertex 11.7 3.2 18.15
      vertex 12.0598 3.22832 18.15
    endloop
  endfacet
  facet normal 0 0 1
    outer loop
      vertex 11.4341 3.82093 18.15
      vertex 11.7 3.2 18.15
      vertex 11.7 3.8 18.15
    endloop
  endfacet
  facet normal 0 0 1
    outer loop
      vertex 11.4341 3.82093 18.15
      vertex 11.3402 3.22832 18.15
      vertex 11.7 3.2 18.15
    endloop
  endfacet
  facet normal 0 0 1
    outer loop
      vertex 11.1747 3.8832 18.15
      vertex 11.3402 3.22832 18.15
      vertex 11.4341 3.82093 18.15
    endloop
  endfacet
  facet normal 0 0 1
    outer loop
      vertex 11.1747 3.8832 18.15
      vertex 10.9893 3.31257 18.15
      vertex 11.3402 3.22832 18.15
    endloop
  endfacet
  facet normal 0 0 1
    outer loop
      vertex 10.9282 3.98529 18.15
      vertex 10.9893 3.31257 18.15
      vertex 11.1747 3.8832 18.15
    endloop
  endfacet
  facet normal 0 0 1
    outer loop
      vertex 10.6558 3.45069 18.15
      vertex 10.9282 3.98529 18.15
      vertex 10.7008 4.12467 18.15
    endloop
  endfacet
  facet normal 0 0 1
    outer loop
      vertex 10.9282 3.98529 18.15
      vertex 10.6558 3.45069 18.15
      vertex 10.9893 3.31257 18.15
    endloop
  endfacet
  facet normal 0 0 1
    outer loop
      vertex 10.3481 3.63926 18.15
      vertex 10.7008 4.12467 18.15
      vertex 10.4979 4.29792 18.15
    endloop
  endfacet
  facet normal 0 0 1
    outer loop
      vertex 10.7008 4.12467 18.15
      vertex 10.3481 3.63926 18.15
      vertex 10.6558 3.45069 18.15
    endloop
  endfacet
  facet normal 0 0 1
    outer loop
      vertex 10.0737 3.87366 18.15
      vertex 10.4979 4.29792 18.15
      vertex 10.3247 4.50077 18.15
    endloop
  endfacet
  facet normal 0 0 1
    outer loop
      vertex 9.83926 4.14809 18.15
      vertex 10.3247 4.50077 18.15
      vertex 10.1853 4.72822 18.15
    endloop
  endfacet
  facet normal 0 0 1
    outer loop
      vertex 9.65069 4.45582 18.15
      vertex 10.1853 4.72822 18.15
      vertex 10.0832 4.97467 18.15
    endloop
  endfacet
  facet normal 0 0 1
    outer loop
      vertex 10.4979 4.29792 18.15
      vertex 10.0737 3.87366 18.15
      vertex 10.3481 3.63926 18.15
    endloop
  endfacet
  facet normal 0 0 1
    outer loop
      vertex 9.51257 4.78926 18.15
      vertex 10.0832 4.97467 18.15
      vertex 10.0209 5.23406 18.15
    endloop
  endfacet
  facet normal 0 0 1
    outer loop
      vertex 9.42832 5.1402 18.15
      vertex 10.0209 5.23406 18.15
      vertex 10 5.5 18.15
    endloop
  endfacet
  facet normal 0 0 1
    outer loop
      vertex 10.0832 6.02533 18.15
      vertex 9.51257 6.21074 18.15
      vertex 10.0209 5.76594 18.15
    endloop
  endfacet
  facet normal 0 0 1
    outer loop
      vertex 10.3247 4.50077 18.15
      vertex 9.83926 4.14809 18.15
      vertex 10.0737 3.87366 18.15
    endloop
  endfacet
  facet normal -0 0 1
    outer loop
      vertex 9.42832 5.8598 18.15
      vertex 10.0209 5.76594 18.15
      vertex 9.51257 6.21074 18.15
    endloop
  endfacet
  facet normal 0 0 1
    outer loop
      vertex 10.1853 4.72822 18.15
      vertex 9.65069 4.45582 18.15
      vertex 9.83926 4.14809 18.15
    endloop
  endfacet
  facet normal 0 0 1
    outer loop
      vertex 10.0209 5.76594 18.15
      vertex 9.42832 5.8598 18.15
      vertex 10 5.5 18.15
    endloop
  endfacet
  facet normal 0 0 1
    outer loop
      vertex 10.0832 4.97467 18.15
      vertex 9.51257 4.78926 18.15
      vertex 9.65069 4.45582 18.15
    endloop
  endfacet
  facet normal 0 0 1
    outer loop
      vertex 9.4 5.5 18.15
      vertex 10 5.5 18.15
      vertex 9.42832 5.8598 18.15
    endloop
  endfacet
  facet normal 0 0 1
    outer loop
      vertex 10.0209 5.23406 18.15
      vertex 9.42832 5.1402 18.15
      vertex 9.51257 4.78926 18.15
    endloop
  endfacet
  facet normal 0 0 1
    outer loop
      vertex 10 5.5 18.15
      vertex 9.4 5.5 18.15
      vertex 9.42832 5.1402 18.15
    endloop
  endfacet
  facet normal 0.233446 0.97237 -0
    outer loop
      vertex 11.3402 3.22832 18.15
      vertex 10.9893 3.31257 23.15
      vertex 11.3402 3.22832 23.15
    endloop
  endfacet
  facet normal 0.233446 0.97237 0
    outer loop
      vertex 10.9893 3.31257 23.15
      vertex 11.3402 3.22832 18.15
      vertex 10.9893 3.31257 18.15
    endloop
  endfacet
  facet normal -0.85264 -0.522498 0
    outer loop
      vertex 13.7493 6.54418 18.15
      vertex 13.5607 6.85191 23.15
      vertex 13.5607 6.85191 18.15
    endloop
  endfacet
  facet normal -0.85264 -0.522498 0
    outer loop
      vertex 13.5607 6.85191 23.15
      vertex 13.7493 6.54418 18.15
      vertex 13.7493 6.54418 23.15
    endloop
  endfacet
  facet normal -0.0784584 -0.996917 0
    outer loop
      vertex 11.7 7.8 18.15
      vertex 12.0598 7.77168 23.15
      vertex 11.7 7.8 23.15
    endloop
  endfacet
  facet normal -0.0784584 -0.996917 -0
    outer loop
      vertex 12.0598 7.77168 23.15
      vertex 11.7 7.8 18.15
      vertex 12.0598 7.77168 18.15
    endloop
  endfacet
  facet normal 0.996917 -0.0784584 0
    outer loop
      vertex 9.4 5.5 23.15
      vertex 9.42832 5.8598 18.15
      vertex 9.42832 5.8598 23.15
    endloop
  endfacet
  facet normal 0.996917 -0.0784584 0
    outer loop
      vertex 9.42832 5.8598 18.15
      vertex 9.4 5.5 23.15
      vertex 9.4 5.5 18.15
    endloop
  endfacet
  facet normal 0.85264 -0.522498 0
    outer loop
      vertex 9.65069 6.54418 23.15
      vertex 9.83926 6.85191 18.15
      vertex 9.83926 6.85191 23.15
    endloop
  endfacet
  facet normal 0.85264 -0.522498 0
    outer loop
      vertex 9.83926 6.85191 18.15
      vertex 9.65069 6.54418 23.15
      vertex 9.65069 6.54418 18.15
    endloop
  endfacet
  facet normal -0.233446 -0.97237 0
    outer loop
      vertex 12.0598 7.77168 18.15
      vertex 12.4107 7.68743 23.15
      vertex 12.0598 7.77168 23.15
    endloop
  endfacet
  facet normal -0.233446 -0.97237 -0
    outer loop
      vertex 12.4107 7.68743 23.15
      vertex 12.0598 7.77168 18.15
      vertex 12.4107 7.68743 18.15
    endloop
  endfacet
  facet normal -0.92388 -0.382683 0
    outer loop
      vertex 13.8874 6.21074 18.15
      vertex 13.7493 6.54418 23.15
      vertex 13.7493 6.54418 18.15
    endloop
  endfacet
  facet normal -0.92388 -0.382683 0
    outer loop
      vertex 13.7493 6.54418 23.15
      vertex 13.8874 6.21074 18.15
      vertex 13.8874 6.21074 23.15
    endloop
  endfacet
  facet normal -0.97237 -0.233446 0
    outer loop
      vertex 13.9717 5.8598 18.15
      vertex 13.8874 6.21074 23.15
      vertex 13.8874 6.21074 18.15
    endloop
  endfacet
  facet normal -0.97237 -0.233446 0
    outer loop
      vertex 13.8874 6.21074 23.15
      vertex 13.9717 5.8598 18.15
      vertex 13.9717 5.8598 23.15
    endloop
  endfacet
  facet normal 0.0784584 -0.996917 0
    outer loop
      vertex 11.3402 7.77168 18.15
      vertex 11.7 7.8 23.15
      vertex 11.3402 7.77168 23.15
    endloop
  endfacet
  facet normal 0.0784584 -0.996917 0
    outer loop
      vertex 11.7 7.8 23.15
      vertex 11.3402 7.77168 18.15
      vertex 11.7 7.8 18.15
    endloop
  endfacet
  facet normal 0.522498 -0.85264 0
    outer loop
      vertex 10.3481 7.36074 18.15
      vertex 10.6558 7.54931 23.15
      vertex 10.3481 7.36074 23.15
    endloop
  endfacet
  facet normal 0.522498 -0.85264 0
    outer loop
      vertex 10.6558 7.54931 23.15
      vertex 10.3481 7.36074 18.15
      vertex 10.6558 7.54931 18.15
    endloop
  endfacet
  facet normal 0.233446 -0.97237 0
    outer loop
      vertex 10.9893 7.68743 18.15
      vertex 11.3402 7.77168 23.15
      vertex 10.9893 7.68743 23.15
    endloop
  endfacet
  facet normal 0.233446 -0.97237 0
    outer loop
      vertex 11.3402 7.77168 23.15
      vertex 10.9893 7.68743 18.15
      vertex 11.3402 7.77168 18.15
    endloop
  endfacet
  facet normal 0.92388 -0.382683 0
    outer loop
      vertex 9.51257 6.21074 23.15
      vertex 9.65069 6.54418 18.15
      vertex 9.65069 6.54418 23.15
    endloop
  endfacet
  facet normal 0.92388 -0.382683 0
    outer loop
      vertex 9.65069 6.54418 18.15
      vertex 9.51257 6.21074 23.15
      vertex 9.51257 6.21074 18.15
    endloop
  endfacet
  facet normal 0.97237 -0.233446 0
    outer loop
      vertex 9.42832 5.8598 23.15
      vertex 9.51257 6.21074 18.15
      vertex 9.51257 6.21074 23.15
    endloop
  endfacet
  facet normal 0.97237 -0.233446 0
    outer loop
      vertex 9.51257 6.21074 18.15
      vertex 9.42832 5.8598 23.15
      vertex 9.42832 5.8598 18.15
    endloop
  endfacet
  facet normal -0.522498 -0.85264 0
    outer loop
      vertex 12.7442 7.54931 18.15
      vertex 13.0519 7.36074 23.15
      vertex 12.7442 7.54931 23.15
    endloop
  endfacet
  facet normal -0.522498 -0.85264 -0
    outer loop
      vertex 13.0519 7.36074 23.15
      vertex 12.7442 7.54931 18.15
      vertex 13.0519 7.36074 18.15
    endloop
  endfacet
  facet normal -0.382683 -0.92388 0
    outer loop
      vertex 12.4107 7.68743 18.15
      vertex 12.7442 7.54931 23.15
      vertex 12.4107 7.68743 23.15
    endloop
  endfacet
  facet normal -0.382683 -0.92388 -0
    outer loop
      vertex 12.7442 7.54931 23.15
      vertex 12.4107 7.68743 18.15
      vertex 12.7442 7.54931 18.15
    endloop
  endfacet
  facet normal -0.760404 -0.64945 0
    outer loop
      vertex 13.5607 6.85191 18.15
      vertex 13.3263 7.12634 23.15
      vertex 13.3263 7.12634 18.15
    endloop
  endfacet
  facet normal -0.760404 -0.64945 0
    outer loop
      vertex 13.3263 7.12634 23.15
      vertex 13.5607 6.85191 18.15
      vertex 13.5607 6.85191 23.15
    endloop
  endfacet
  facet normal 0.382683 -0.92388 0
    outer loop
      vertex 10.6558 7.54931 18.15
      vertex 10.9893 7.68743 23.15
      vertex 10.6558 7.54931 23.15
    endloop
  endfacet
  facet normal 0.382683 -0.92388 0
    outer loop
      vertex 10.9893 7.68743 23.15
      vertex 10.6558 7.54931 18.15
      vertex 10.9893 7.68743 18.15
    endloop
  endfacet
  facet normal 0.760404 -0.64945 0
    outer loop
      vertex 9.83926 6.85191 23.15
      vertex 10.0737 7.12634 18.15
      vertex 10.0737 7.12634 23.15
    endloop
  endfacet
  facet normal 0.760404 -0.64945 0
    outer loop
      vertex 10.0737 7.12634 18.15
      vertex 9.83926 6.85191 23.15
      vertex 9.83926 6.85191 18.15
    endloop
  endfacet
  facet normal 0.64945 -0.760404 0
    outer loop
      vertex 10.0737 7.12634 18.15
      vertex 10.3481 7.36074 23.15
      vertex 10.0737 7.12634 23.15
    endloop
  endfacet
  facet normal 0.64945 -0.760404 0
    outer loop
      vertex 10.3481 7.36074 23.15
      vertex 10.0737 7.12634 18.15
      vertex 10.3481 7.36074 18.15
    endloop
  endfacet
  facet normal -0.649448 0.760406 0
    outer loop
      vertex 50.9021 4.29792 15.87
      vertex 50.6992 4.12467 18.15
      vertex 50.9021 4.29792 18.15
    endloop
  endfacet
  facet normal -0.649448 0.760406 0
    outer loop
      vertex 50.6992 4.12467 18.15
      vertex 50.9021 4.29792 15.87
      vertex 50.6992 4.12467 15.87
    endloop
  endfacet
  facet normal 0.923879 0.382684 0
    outer loop
      vertex 48.1853 4.72822 18.15
      vertex 48.0832 4.97467 15.87
      vertex 48.0832 4.97467 18.15
    endloop
  endfacet
  facet normal 0.923879 0.382684 0
    outer loop
      vertex 48.0832 4.97467 15.87
      vertex 48.1853 4.72822 18.15
      vertex 48.1853 4.72822 15.87
    endloop
  endfacet
  facet normal 0.382682 -0.92388 0
    outer loop
      vertex 48.9282 7.01471 15.87
      vertex 49.1747 7.1168 18.15
      vertex 48.9282 7.01471 18.15
    endloop
  endfacet
  facet normal 0.382682 -0.92388 0
    outer loop
      vertex 49.1747 7.1168 18.15
      vertex 48.9282 7.01471 15.87
      vertex 49.1747 7.1168 15.87
    endloop
  endfacet
  facet normal 0.382682 0.92388 -0
    outer loop
      vertex 49.1747 3.8832 15.87
      vertex 48.9282 3.98529 18.15
      vertex 49.1747 3.8832 18.15
    endloop
  endfacet
  facet normal 0.382682 0.92388 0
    outer loop
      vertex 48.9282 3.98529 18.15
      vertex 49.1747 3.8832 15.87
      vertex 48.9282 3.98529 15.87
    endloop
  endfacet
  facet normal 0.852641 0.522498 0
    outer loop
      vertex 48.3247 4.50077 18.15
      vertex 48.1853 4.72822 15.87
      vertex 48.1853 4.72822 18.15
    endloop
  endfacet
  facet normal 0.852641 0.522498 0
    outer loop
      vertex 48.1853 4.72822 15.87
      vertex 48.3247 4.50077 18.15
      vertex 48.3247 4.50077 15.87
    endloop
  endfacet
  facet normal -0.923879 0.382684 0
    outer loop
      vertex 51.2147 4.72822 15.87
      vertex 51.3168 4.97467 18.15
      vertex 51.3168 4.97467 15.87
    endloop
  endfacet
  facet normal -0.923879 0.382684 0
    outer loop
      vertex 51.3168 4.97467 18.15
      vertex 51.2147 4.72822 15.87
      vertex 51.2147 4.72822 18.15
    endloop
  endfacet
  facet normal -0.852641 0.522498 0
    outer loop
      vertex 51.0753 4.50077 15.87
      vertex 51.2147 4.72822 18.15
      vertex 51.2147 4.72822 15.87
    endloop
  endfacet
  facet normal -0.852641 0.522498 0
    outer loop
      vertex 51.2147 4.72822 18.15
      vertex 51.0753 4.50077 15.87
      vertex 51.0753 4.50077 18.15
    endloop
  endfacet
  facet normal -0.760404 0.64945 0
    outer loop
      vertex 50.9021 4.29792 15.87
      vertex 51.0753 4.50077 18.15
      vertex 51.0753 4.50077 15.87
    endloop
  endfacet
  facet normal -0.760404 0.64945 0
    outer loop
      vertex 51.0753 4.50077 18.15
      vertex 50.9021 4.29792 15.87
      vertex 50.9021 4.29792 18.15
    endloop
  endfacet
  facet normal -0.522499 0.85264 0
    outer loop
      vertex 50.6992 4.12467 15.87
      vertex 50.4718 3.98529 18.15
      vertex 50.6992 4.12467 18.15
    endloop
  endfacet
  facet normal -0.522499 0.85264 0
    outer loop
      vertex 50.4718 3.98529 18.15
      vertex 50.6992 4.12467 15.87
      vertex 50.4718 3.98529 15.87
    endloop
  endfacet
  facet normal -0.382687 0.923878 0
    outer loop
      vertex 50.4718 3.98529 15.87
      vertex 50.2253 3.8832 18.15
      vertex 50.4718 3.98529 18.15
    endloop
  endfacet
  facet normal -0.382687 0.923878 0
    outer loop
      vertex 50.2253 3.8832 18.15
      vertex 50.4718 3.98529 15.87
      vertex 50.2253 3.8832 15.87
    endloop
  endfacet
  facet normal -0.233444 0.97237 0
    outer loop
      vertex 50.2253 3.8832 15.87
      vertex 49.9659 3.82093 18.15
      vertex 50.2253 3.8832 18.15
    endloop
  endfacet
  facet normal -0.233444 0.97237 0
    outer loop
      vertex 49.9659 3.82093 18.15
      vertex 50.2253 3.8832 15.87
      vertex 49.9659 3.82093 15.87
    endloop
  endfacet
  facet normal 0.972369 0.233448 0
    outer loop
      vertex 48.0832 4.97467 18.15
      vertex 48.0209 5.23406 15.87
      vertex 48.0209 5.23406 18.15
    endloop
  endfacet
  facet normal 0.972369 0.233448 0
    outer loop
      vertex 48.0209 5.23406 15.87
      vertex 48.0832 4.97467 18.15
      vertex 48.0832 4.97467 15.87
    endloop
  endfacet
  facet normal 0.760404 0.64945 0
    outer loop
      vertex 48.4979 4.29792 18.15
      vertex 48.3247 4.50077 15.87
      vertex 48.3247 4.50077 18.15
    endloop
  endfacet
  facet normal 0.760404 0.64945 0
    outer loop
      vertex 48.3247 4.50077 15.87
      vertex 48.4979 4.29792 18.15
      vertex 48.4979 4.29792 15.87
    endloop
  endfacet
  facet normal 0.522505 0.852636 -0
    outer loop
      vertex 48.9282 3.98529 15.87
      vertex 48.7008 4.12467 18.15
      vertex 48.9282 3.98529 18.15
    endloop
  endfacet
  facet normal 0.522505 0.852636 0
    outer loop
      vertex 48.7008 4.12467 18.15
      vertex 48.9282 3.98529 15.87
      vertex 48.7008 4.12467 15.87
    endloop
  endfacet
  facet normal 0.233444 0.97237 -0
    outer loop
      vertex 49.4341 3.82093 15.87
      vertex 49.1747 3.8832 18.15
      vertex 49.4341 3.82093 18.15
    endloop
  endfacet
  facet normal 0.233444 0.97237 0
    outer loop
      vertex 49.1747 3.8832 18.15
      vertex 49.4341 3.82093 15.87
      vertex 49.1747 3.8832 15.87
    endloop
  endfacet
  facet normal 0.649448 0.760406 -0
    outer loop
      vertex 48.7008 4.12467 15.87
      vertex 48.4979 4.29792 18.15
      vertex 48.7008 4.12467 18.15
    endloop
  endfacet
  facet normal 0.649448 0.760406 0
    outer loop
      vertex 48.4979 4.29792 18.15
      vertex 48.7008 4.12467 15.87
      vertex 48.4979 4.29792 15.87
    endloop
  endfacet
  facet normal -0.996917 0.0784646 0
    outer loop
      vertex 51.3791 5.23406 15.87
      vertex 51.4 5.5 18.15
      vertex 51.4 5.5 15.87
    endloop
  endfacet
  facet normal -0.996917 0.0784646 0
    outer loop
      vertex 51.4 5.5 18.15
      vertex 51.3791 5.23406 15.87
      vertex 51.3791 5.23406 18.15
    endloop
  endfacet
  facet normal -0.382687 -0.923878 0
    outer loop
      vertex 50.2253 7.1168 15.87
      vertex 50.4718 7.01471 18.15
      vertex 50.2253 7.1168 18.15
    endloop
  endfacet
  facet normal -0.382687 -0.923878 -0
    outer loop
      vertex 50.4718 7.01471 18.15
      vertex 50.2253 7.1168 15.87
      vertex 50.4718 7.01471 15.87
    endloop
  endfacet
  facet normal -0.852641 -0.522498 0
    outer loop
      vertex 51.2147 6.27178 15.87
      vertex 51.0753 6.49923 18.15
      vertex 51.0753 6.49923 15.87
    endloop
  endfacet
  facet normal -0.852641 -0.522498 0
    outer loop
      vertex 51.0753 6.49923 18.15
      vertex 51.2147 6.27178 15.87
      vertex 51.2147 6.27178 18.15
    endloop
  endfacet
  facet normal 0.233444 -0.97237 0
    outer loop
      vertex 49.1747 7.1168 15.87
      vertex 49.4341 7.17907 18.15
      vertex 49.1747 7.1168 18.15
    endloop
  endfacet
  facet normal 0.233444 -0.97237 0
    outer loop
      vertex 49.4341 7.17907 18.15
      vertex 49.1747 7.1168 15.87
      vertex 49.4341 7.17907 15.87
    endloop
  endfacet
  facet normal 0.649448 -0.760406 0
    outer loop
      vertex 48.4979 6.70208 15.87
      vertex 48.7008 6.87533 18.15
      vertex 48.4979 6.70208 18.15
    endloop
  endfacet
  facet normal 0.649448 -0.760406 0
    outer loop
      vertex 48.7008 6.87533 18.15
      vertex 48.4979 6.70208 15.87
      vertex 48.7008 6.87533 15.87
    endloop
  endfacet
  facet normal 0.852641 -0.522498 0
    outer loop
      vertex 48.1853 6.27178 18.15
      vertex 48.3247 6.49923 15.87
      vertex 48.3247 6.49923 18.15
    endloop
  endfacet
  facet normal 0.852641 -0.522498 0
    outer loop
      vertex 48.3247 6.49923 15.87
      vertex 48.1853 6.27178 18.15
      vertex 48.1853 6.27178 15.87
    endloop
  endfacet
  facet normal 0.760404 -0.64945 0
    outer loop
      vertex 48.3247 6.49923 18.15
      vertex 48.4979 6.70208 15.87
      vertex 48.4979 6.70208 18.15
    endloop
  endfacet
  facet normal 0.760404 -0.64945 0
    outer loop
      vertex 48.4979 6.70208 15.87
      vertex 48.3247 6.49923 18.15
      vertex 48.3247 6.49923 15.87
    endloop
  endfacet
  facet normal -0.972369 0.233448 0
    outer loop
      vertex 51.3168 4.97467 15.87
      vertex 51.3791 5.23406 18.15
      vertex 51.3791 5.23406 15.87
    endloop
  endfacet
  facet normal -0.972369 0.233448 0
    outer loop
      vertex 51.3791 5.23406 18.15
      vertex 51.3168 4.97467 15.87
      vertex 51.3168 4.97467 18.15
    endloop
  endfacet
  facet normal -0.0784611 0.996917 0
    outer loop
      vertex 49.9659 3.82093 15.87
      vertex 49.7 3.8 18.15
      vertex 49.9659 3.82093 18.15
    endloop
  endfacet
  facet normal -0.0784611 0.996917 0
    outer loop
      vertex 49.7 3.8 18.15
      vertex 49.9659 3.82093 15.87
      vertex 49.7 3.8 15.87
    endloop
  endfacet
  facet normal 0.996917 0.0784646 0
    outer loop
      vertex 48.0209 5.23406 18.15
      vertex 48 5.5 15.87
      vertex 48 5.5 18.15
    endloop
  endfacet
  facet normal 0.996917 0.0784646 0
    outer loop
      vertex 48 5.5 15.87
      vertex 48.0209 5.23406 18.15
      vertex 48.0209 5.23406 15.87
    endloop
  endfacet
  facet normal 0.0784611 0.996917 -0
    outer loop
      vertex 49.7 3.8 15.87
      vertex 49.4341 3.82093 18.15
      vertex 49.7 3.8 18.15
    endloop
  endfacet
  facet normal 0.0784611 0.996917 0
    outer loop
      vertex 49.4341 3.82093 18.15
      vertex 49.7 3.8 15.87
      vertex 49.4341 3.82093 15.87
    endloop
  endfacet
  facet normal -0.972369 -0.233448 0
    outer loop
      vertex 51.3791 5.76594 15.87
      vertex 51.3168 6.02533 18.15
      vertex 51.3168 6.02533 15.87
    endloop
  endfacet
  facet normal -0.972369 -0.233448 0
    outer loop
      vertex 51.3168 6.02533 18.15
      vertex 51.3791 5.76594 15.87
      vertex 51.3791 5.76594 18.15
    endloop
  endfacet
  facet normal -0.0784611 -0.996917 0
    outer loop
      vertex 49.7 7.2 15.87
      vertex 49.9659 7.17907 18.15
      vertex 49.7 7.2 18.15
    endloop
  endfacet
  facet normal -0.0784611 -0.996917 -0
    outer loop
      vertex 49.9659 7.17907 18.15
      vertex 49.7 7.2 15.87
      vertex 49.9659 7.17907 15.87
    endloop
  endfacet
  facet normal -0.233444 -0.97237 0
    outer loop
      vertex 49.9659 7.17907 15.87
      vertex 50.2253 7.1168 18.15
      vertex 49.9659 7.17907 18.15
    endloop
  endfacet
  facet normal -0.233444 -0.97237 -0
    outer loop
      vertex 50.2253 7.1168 18.15
      vertex 49.9659 7.17907 15.87
      vertex 50.2253 7.1168 15.87
    endloop
  endfacet
  facet normal -0.760404 -0.64945 0
    outer loop
      vertex 51.0753 6.49923 15.87
      vertex 50.9021 6.70208 18.15
      vertex 50.9021 6.70208 15.87
    endloop
  endfacet
  facet normal -0.760404 -0.64945 0
    outer loop
      vertex 50.9021 6.70208 18.15
      vertex 51.0753 6.49923 15.87
      vertex 51.0753 6.49923 18.15
    endloop
  endfacet
  facet normal -0.522499 -0.85264 0
    outer loop
      vertex 50.4718 7.01471 15.87
      vertex 50.6992 6.87533 18.15
      vertex 50.4718 7.01471 18.15
    endloop
  endfacet
  facet normal -0.522499 -0.85264 -0
    outer loop
      vertex 50.6992 6.87533 18.15
      vertex 50.4718 7.01471 15.87
      vertex 50.6992 6.87533 15.87
    endloop
  endfacet
  facet normal -0.923879 -0.382684 0
    outer loop
      vertex 51.3168 6.02533 15.87
      vertex 51.2147 6.27178 18.15
      vertex 51.2147 6.27178 15.87
    endloop
  endfacet
  facet normal -0.923879 -0.382684 0
    outer loop
      vertex 51.2147 6.27178 18.15
      vertex 51.3168 6.02533 15.87
      vertex 51.3168 6.02533 18.15
    endloop
  endfacet
  facet normal 0.0784611 -0.996917 0
    outer loop
      vertex 49.4341 7.17907 15.87
      vertex 49.7 7.2 18.15
      vertex 49.4341 7.17907 18.15
    endloop
  endfacet
  facet normal 0.0784611 -0.996917 0
    outer loop
      vertex 49.7 7.2 18.15
      vertex 49.4341 7.17907 15.87
      vertex 49.7 7.2 15.87
    endloop
  endfacet
  facet normal 0.522505 -0.852636 0
    outer loop
      vertex 48.7008 6.87533 15.87
      vertex 48.9282 7.01471 18.15
      vertex 48.7008 6.87533 18.15
    endloop
  endfacet
  facet normal 0.522505 -0.852636 0
    outer loop
      vertex 48.9282 7.01471 18.15
      vertex 48.7008 6.87533 15.87
      vertex 48.9282 7.01471 15.87
    endloop
  endfacet
  facet normal 0.923879 -0.382684 0
    outer loop
      vertex 48.0832 6.02533 18.15
      vertex 48.1853 6.27178 15.87
      vertex 48.1853 6.27178 18.15
    endloop
  endfacet
  facet normal 0.923879 -0.382684 0
    outer loop
      vertex 48.1853 6.27178 15.87
      vertex 48.0832 6.02533 18.15
      vertex 48.0832 6.02533 15.87
    endloop
  endfacet
  facet normal 0.996917 -0.0784646 0
    outer loop
      vertex 48 5.5 18.15
      vertex 48.0209 5.76594 15.87
      vertex 48.0209 5.76594 18.15
    endloop
  endfacet
  facet normal 0.996917 -0.0784646 0
    outer loop
      vertex 48.0209 5.76594 15.87
      vertex 48 5.5 18.15
      vertex 48 5.5 15.87
    endloop
  endfacet
  facet normal 0 0 1
    outer loop
      vertex 51.3791 5.76594 15.87
      vertex 51.3791 5.23406 15.87
      vertex 51.4 5.5 15.87
    endloop
  endfacet
  facet normal 0 0 1
    outer loop
      vertex 51.3168 6.02533 15.87
      vertex 51.3791 5.23406 15.87
      vertex 51.3791 5.76594 15.87
    endloop
  endfacet
  facet normal 0 0 1
    outer loop
      vertex 51.3168 6.02533 15.87
      vertex 51.3168 4.97467 15.87
      vertex 51.3791 5.23406 15.87
    endloop
  endfacet
  facet normal 0 0 1
    outer loop
      vertex 51.2147 6.27178 15.87
      vertex 51.3168 4.97467 15.87
      vertex 51.3168 6.02533 15.87
    endloop
  endfacet
  facet normal 0 0 1
    outer loop
      vertex 51.2147 6.27178 15.87
      vertex 51.2147 4.72822 15.87
      vertex 51.3168 4.97467 15.87
    endloop
  endfacet
  facet normal 0 0 1
    outer loop
      vertex 51.0753 6.49923 15.87
      vertex 51.2147 4.72822 15.87
      vertex 51.2147 6.27178 15.87
    endloop
  endfacet
  facet normal 0 0 1
    outer loop
      vertex 51.0753 6.49923 15.87
      vertex 51.0753 4.50077 15.87
      vertex 51.2147 4.72822 15.87
    endloop
  endfacet
  facet normal 0 0 1
    outer loop
      vertex 50.9021 6.70208 15.87
      vertex 51.0753 4.50077 15.87
      vertex 51.0753 6.49923 15.87
    endloop
  endfacet
  facet normal 0 0 1
    outer loop
      vertex 50.9021 6.70208 15.87
      vertex 50.9021 4.29792 15.87
      vertex 51.0753 4.50077 15.87
    endloop
  endfacet
  facet normal 0 0 1
    outer loop
      vertex 50.6992 6.87533 15.87
      vertex 50.9021 4.29792 15.87
      vertex 50.9021 6.70208 15.87
    endloop
  endfacet
  facet normal 0 0 1
    outer loop
      vertex 50.6992 6.87533 15.87
      vertex 50.6992 4.12467 15.87
      vertex 50.9021 4.29792 15.87
    endloop
  endfacet
  facet normal 0 0 1
    outer loop
      vertex 50.4718 7.01471 15.87
      vertex 50.6992 4.12467 15.87
      vertex 50.6992 6.87533 15.87
    endloop
  endfacet
  facet normal 0 0 1
    outer loop
      vertex 50.4718 7.01471 15.87
      vertex 50.4718 3.98529 15.87
      vertex 50.6992 4.12467 15.87
    endloop
  endfacet
  facet normal 0 0 1
    outer loop
      vertex 50.2253 7.1168 15.87
      vertex 50.4718 3.98529 15.87
      vertex 50.4718 7.01471 15.87
    endloop
  endfacet
  facet normal 0 0 1
    outer loop
      vertex 50.2253 7.1168 15.87
      vertex 50.2253 3.8832 15.87
      vertex 50.4718 3.98529 15.87
    endloop
  endfacet
  facet normal 0 0 1
    outer loop
      vertex 49.9659 7.17907 15.87
      vertex 50.2253 3.8832 15.87
      vertex 50.2253 7.1168 15.87
    endloop
  endfacet
  facet normal 0 0 1
    outer loop
      vertex 49.9659 7.17907 15.87
      vertex 49.9659 3.82093 15.87
      vertex 50.2253 3.8832 15.87
    endloop
  endfacet
  facet normal 0 0 1
    outer loop
      vertex 49.7 7.2 15.87
      vertex 49.9659 3.82093 15.87
      vertex 49.9659 7.17907 15.87
    endloop
  endfacet
  facet normal 0 0 1
    outer loop
      vertex 49.7 7.2 15.87
      vertex 49.7 3.8 15.87
      vertex 49.9659 3.82093 15.87
    endloop
  endfacet
  facet normal -0 0 1
    outer loop
      vertex 49.4341 7.17907 15.87
      vertex 49.7 3.8 15.87
      vertex 49.7 7.2 15.87
    endloop
  endfacet
  facet normal 0 0 1
    outer loop
      vertex 49.4341 7.17907 15.87
      vertex 49.4341 3.82093 15.87
      vertex 49.7 3.8 15.87
    endloop
  endfacet
  facet normal -0 0 1
    outer loop
      vertex 49.1747 7.1168 15.87
      vertex 49.4341 3.82093 15.87
      vertex 49.4341 7.17907 15.87
    endloop
  endfacet
  facet normal 0 0 1
    outer loop
      vertex 49.1747 7.1168 15.87
      vertex 49.1747 3.8832 15.87
      vertex 49.4341 3.82093 15.87
    endloop
  endfacet
  facet normal -0 0 1
    outer loop
      vertex 48.9282 7.01471 15.87
      vertex 49.1747 3.8832 15.87
      vertex 49.1747 7.1168 15.87
    endloop
  endfacet
  facet normal 0 0 1
    outer loop
      vertex 48.9282 7.01471 15.87
      vertex 48.9282 3.98529 15.87
      vertex 49.1747 3.8832 15.87
    endloop
  endfacet
  facet normal -0 0 1
    outer loop
      vertex 48.7008 6.87533 15.87
      vertex 48.9282 3.98529 15.87
      vertex 48.9282 7.01471 15.87
    endloop
  endfacet
  facet normal 0 0 1
    outer loop
      vertex 48.7008 6.87533 15.87
      vertex 48.7008 4.12467 15.87
      vertex 48.9282 3.98529 15.87
    endloop
  endfacet
  facet normal -0 0 1
    outer loop
      vertex 48.4979 6.70208 15.87
      vertex 48.7008 4.12467 15.87
      vertex 48.7008 6.87533 15.87
    endloop
  endfacet
  facet normal 0 0 1
    outer loop
      vertex 48.4979 6.70208 15.87
      vertex 48.4979 4.29792 15.87
      vertex 48.7008 4.12467 15.87
    endloop
  endfacet
  facet normal -0 0 1
    outer loop
      vertex 48.3247 6.49923 15.87
      vertex 48.4979 4.29792 15.87
      vertex 48.4979 6.70208 15.87
    endloop
  endfacet
  facet normal 0 0 1
    outer loop
      vertex 48.3247 6.49923 15.87
      vertex 48.3247 4.50077 15.87
      vertex 48.4979 4.29792 15.87
    endloop
  endfacet
  facet normal -0 0 1
    outer loop
      vertex 48.1853 6.27178 15.87
      vertex 48.3247 4.50077 15.87
      vertex 48.3247 6.49923 15.87
    endloop
  endfacet
  facet normal 0 0 1
    outer loop
      vertex 48.1853 6.27178 15.87
      vertex 48.1853 4.72822 15.87
      vertex 48.3247 4.50077 15.87
    endloop
  endfacet
  facet normal -0 0 1
    outer loop
      vertex 48.0832 6.02533 15.87
      vertex 48.1853 4.72822 15.87
      vertex 48.1853 6.27178 15.87
    endloop
  endfacet
  facet normal 0 0 1
    outer loop
      vertex 48.0832 6.02533 15.87
      vertex 48.0832 4.97467 15.87
      vertex 48.1853 4.72822 15.87
    endloop
  endfacet
  facet normal -0 0 1
    outer loop
      vertex 48.0209 5.76594 15.87
      vertex 48.0832 4.97467 15.87
      vertex 48.0832 6.02533 15.87
    endloop
  endfacet
  facet normal 0 0 1
    outer loop
      vertex 48.0209 5.76594 15.87
      vertex 48.0209 5.23406 15.87
      vertex 48.0832 4.97467 15.87
    endloop
  endfacet
  facet normal 0 -0 1
    outer loop
      vertex 48.0209 5.23406 15.87
      vertex 48.0209 5.76594 15.87
      vertex 48 5.5 15.87
    endloop
  endfacet
  facet normal -0.996917 -0.0784646 0
    outer loop
      vertex 51.4 5.5 15.87
      vertex 51.3791 5.76594 18.15
      vertex 51.3791 5.76594 15.87
    endloop
  endfacet
  facet normal -0.996917 -0.0784646 0
    outer loop
      vertex 51.3791 5.76594 18.15
      vertex 51.4 5.5 15.87
      vertex 51.4 5.5 18.15
    endloop
  endfacet
  facet normal -0.649448 -0.760406 0
    outer loop
      vertex 50.6992 6.87533 15.87
      vertex 50.9021 6.70208 18.15
      vertex 50.6992 6.87533 18.15
    endloop
  endfacet
  facet normal -0.649448 -0.760406 -0
    outer loop
      vertex 50.9021 6.70208 18.15
      vertex 50.6992 6.87533 15.87
      vertex 50.9021 6.70208 15.87
    endloop
  endfacet
  facet normal 0.972369 -0.233448 0
    outer loop
      vertex 48.0209 5.76594 18.15
      vertex 48.0832 6.02533 15.87
      vertex 48.0832 6.02533 18.15
    endloop
  endfacet
  facet normal 0.972369 -0.233448 0
    outer loop
      vertex 48.0832 6.02533 15.87
      vertex 48.0209 5.76594 18.15
      vertex 48.0209 5.76594 15.87
    endloop
  endfacet
  facet normal -0.85264 0.522498 0
    outer loop
      vertex 51.5607 4.14809 18.15
      vertex 51.7493 4.45582 23.15
      vertex 51.7493 4.45582 18.15
    endloop
  endfacet
  facet normal -0.85264 0.522498 0
    outer loop
      vertex 51.7493 4.45582 23.15
      vertex 51.5607 4.14809 18.15
      vertex 51.5607 4.14809 23.15
    endloop
  endfacet
  facet normal 0.972371 0.233441 0
    outer loop
      vertex 47.5126 4.78926 23.15
      vertex 47.4283 5.1402 18.15
      vertex 47.4283 5.1402 23.15
    endloop
  endfacet
  facet normal 0.972371 0.233441 0
    outer loop
      vertex 47.4283 5.1402 18.15
      vertex 47.5126 4.78926 23.15
      vertex 47.5126 4.78926 18.15
    endloop
  endfacet
  facet normal -0.760404 0.64945 0
    outer loop
      vertex 51.3263 3.87366 18.15
      vertex 51.5607 4.14809 23.15
      vertex 51.5607 4.14809 18.15
    endloop
  endfacet
  facet normal -0.760404 0.64945 0
    outer loop
      vertex 51.5607 4.14809 23.15
      vertex 51.3263 3.87366 18.15
      vertex 51.3263 3.87366 23.15
    endloop
  endfacet
  facet normal -0.233445 0.97237 0
    outer loop
      vertex 50.4107 3.31257 18.15
      vertex 50.0598 3.22832 23.15
      vertex 50.4107 3.31257 23.15
    endloop
  endfacet
  facet normal -0.233445 0.97237 0
    outer loop
      vertex 50.0598 3.22832 23.15
      vertex 50.4107 3.31257 18.15
      vertex 50.0598 3.22832 18.15
    endloop
  endfacet
  facet normal 0.522498 0.85264 -0
    outer loop
      vertex 48.6558 3.45069 18.15
      vertex 48.3481 3.63926 23.15
      vertex 48.6558 3.45069 23.15
    endloop
  endfacet
  facet normal 0.522498 0.85264 0
    outer loop
      vertex 48.3481 3.63926 23.15
      vertex 48.6558 3.45069 18.15
      vertex 48.3481 3.63926 18.15
    endloop
  endfacet
  facet normal 0.92388 0.382683 0
    outer loop
      vertex 47.6507 4.45582 23.15
      vertex 47.5126 4.78926 18.15
      vertex 47.5126 4.78926 23.15
    endloop
  endfacet
  facet normal 0.92388 0.382683 0
    outer loop
      vertex 47.5126 4.78926 18.15
      vertex 47.6507 4.45582 23.15
      vertex 47.6507 4.45582 18.15
    endloop
  endfacet
  facet normal -0.996917 -0.0784584 0
    outer loop
      vertex 52 5.5 18.15
      vertex 51.9717 5.8598 23.15
      vertex 51.9717 5.8598 18.15
    endloop
  endfacet
  facet normal -0.996917 -0.0784584 0
    outer loop
      vertex 51.9717 5.8598 23.15
      vertex 52 5.5 18.15
      vertex 52 5.5 23.15
    endloop
  endfacet
  facet normal -0.649452 0.760402 0
    outer loop
      vertex 51.3263 3.87366 18.15
      vertex 51.0519 3.63926 23.15
      vertex 51.3263 3.87366 23.15
    endloop
  endfacet
  facet normal -0.649452 0.760402 0
    outer loop
      vertex 51.0519 3.63926 23.15
      vertex 51.3263 3.87366 18.15
      vertex 51.0519 3.63926 18.15
    endloop
  endfacet
  facet normal 0.0784584 0.996917 -0
    outer loop
      vertex 49.7 3.2 18.15
      vertex 49.3402 3.22832 23.15
      vertex 49.7 3.2 23.15
    endloop
  endfacet
  facet normal 0.0784584 0.996917 0
    outer loop
      vertex 49.3402 3.22832 23.15
      vertex 49.7 3.2 18.15
      vertex 49.3402 3.22832 18.15
    endloop
  endfacet
  facet normal -0.522498 0.85264 0
    outer loop
      vertex 51.0519 3.63926 18.15
      vertex 50.7442 3.45069 23.15
      vertex 51.0519 3.63926 23.15
    endloop
  endfacet
  facet normal -0.522498 0.85264 0
    outer loop
      vertex 50.7442 3.45069 23.15
      vertex 51.0519 3.63926 18.15
      vertex 50.7442 3.45069 18.15
    endloop
  endfacet
  facet normal 0.996917 0.0784584 0
    outer loop
      vertex 47.4283 5.1402 23.15
      vertex 47.4 5.5 18.15
      vertex 47.4 5.5 23.15
    endloop
  endfacet
  facet normal 0.996917 0.0784584 0
    outer loop
      vertex 47.4 5.5 18.15
      vertex 47.4283 5.1402 23.15
      vertex 47.4283 5.1402 18.15
    endloop
  endfacet
  facet normal 0.85264 0.522498 0
    outer loop
      vertex 47.8393 4.14809 23.15
      vertex 47.6507 4.45582 18.15
      vertex 47.6507 4.45582 23.15
    endloop
  endfacet
  facet normal 0.85264 0.522498 0
    outer loop
      vertex 47.6507 4.45582 18.15
      vertex 47.8393 4.14809 23.15
      vertex 47.8393 4.14809 18.15
    endloop
  endfacet
  facet normal 0.649447 0.760407 -0
    outer loop
      vertex 48.3481 3.63926 18.15
      vertex 48.0737 3.87366 23.15
      vertex 48.3481 3.63926 23.15
    endloop
  endfacet
  facet normal 0.649447 0.760407 0
    outer loop
      vertex 48.0737 3.87366 23.15
      vertex 48.3481 3.63926 18.15
      vertex 48.0737 3.87366 18.15
    endloop
  endfacet
  facet normal 0.382683 0.92388 -0
    outer loop
      vertex 48.9893 3.31257 18.15
      vertex 48.6558 3.45069 23.15
      vertex 48.9893 3.31257 23.15
    endloop
  endfacet
  facet normal 0.382683 0.92388 0
    outer loop
      vertex 48.6558 3.45069 23.15
      vertex 48.9893 3.31257 18.15
      vertex 48.6558 3.45069 18.15
    endloop
  endfacet
  facet normal 0.760404 0.64945 0
    outer loop
      vertex 48.0737 3.87366 23.15
      vertex 47.8393 4.14809 18.15
      vertex 47.8393 4.14809 23.15
    endloop
  endfacet
  facet normal 0.760404 0.64945 0
    outer loop
      vertex 47.8393 4.14809 18.15
      vertex 48.0737 3.87366 23.15
      vertex 48.0737 3.87366 18.15
    endloop
  endfacet
  facet normal -0.996917 0.0784584 0
    outer loop
      vertex 51.9717 5.1402 18.15
      vertex 52 5.5 23.15
      vertex 52 5.5 18.15
    endloop
  endfacet
  facet normal -0.996917 0.0784584 0
    outer loop
      vertex 52 5.5 23.15
      vertex 51.9717 5.1402 18.15
      vertex 51.9717 5.1402 23.15
    endloop
  endfacet
  facet normal -0.649452 -0.760402 0
    outer loop
      vertex 51.0519 7.36074 18.15
      vertex 51.3263 7.12634 23.15
      vertex 51.0519 7.36074 23.15
    endloop
  endfacet
  facet normal -0.649452 -0.760402 -0
    outer loop
      vertex 51.3263 7.12634 23.15
      vertex 51.0519 7.36074 18.15
      vertex 51.3263 7.12634 18.15
    endloop
  endfacet
  facet normal -0.972369 0.233451 0
    outer loop
      vertex 51.8874 4.78926 18.15
      vertex 51.9717 5.1402 23.15
      vertex 51.9717 5.1402 18.15
    endloop
  endfacet
  facet normal -0.972369 0.233451 0
    outer loop
      vertex 51.9717 5.1402 23.15
      vertex 51.8874 4.78926 18.15
      vertex 51.8874 4.78926 23.15
    endloop
  endfacet
  facet normal -0.92388 0.382683 0
    outer loop
      vertex 51.7493 4.45582 18.15
      vertex 51.8874 4.78926 23.15
      vertex 51.8874 4.78926 18.15
    endloop
  endfacet
  facet normal -0.92388 0.382683 0
    outer loop
      vertex 51.8874 4.78926 23.15
      vertex 51.7493 4.45582 18.15
      vertex 51.7493 4.45582 23.15
    endloop
  endfacet
  facet normal -0.0784584 0.996917 0
    outer loop
      vertex 50.0598 3.22832 18.15
      vertex 49.7 3.2 23.15
      vertex 50.0598 3.22832 23.15
    endloop
  endfacet
  facet normal -0.0784584 0.996917 0
    outer loop
      vertex 49.7 3.2 23.15
      vertex 50.0598 3.22832 18.15
      vertex 49.7 3.2 18.15
    endloop
  endfacet
  facet normal -0.382683 0.92388 0
    outer loop
      vertex 50.7442 3.45069 18.15
      vertex 50.4107 3.31257 23.15
      vertex 50.7442 3.45069 23.15
    endloop
  endfacet
  facet normal -0.382683 0.92388 0
    outer loop
      vertex 50.4107 3.31257 23.15
      vertex 50.7442 3.45069 18.15
      vertex 50.4107 3.31257 18.15
    endloop
  endfacet
  facet normal 0 0 1
    outer loop
      vertex 51.4 5.5 18.15
      vertex 52 5.5 18.15
      vertex 51.9717 5.8598 18.15
    endloop
  endfacet
  facet normal 0 0 1
    outer loop
      vertex 51.3791 5.76594 18.15
      vertex 51.9717 5.8598 18.15
      vertex 51.8874 6.21074 18.15
    endloop
  endfacet
  facet normal 0 0 1
    outer loop
      vertex 52 5.5 18.15
      vertex 51.4 5.5 18.15
      vertex 51.9717 5.1402 18.15
    endloop
  endfacet
  facet normal 0 0 1
    outer loop
      vertex 51.3168 6.02533 18.15
      vertex 51.8874 6.21074 18.15
      vertex 51.7493 6.54418 18.15
    endloop
  endfacet
  facet normal -0 0 1
    outer loop
      vertex 51.3791 5.23406 18.15
      vertex 51.9717 5.1402 18.15
      vertex 51.4 5.5 18.15
    endloop
  endfacet
  facet normal 0 0 1
    outer loop
      vertex 51.2147 6.27178 18.15
      vertex 51.7493 6.54418 18.15
      vertex 51.5607 6.85191 18.15
    endloop
  endfacet
  facet normal 0 0 1
    outer loop
      vertex 51.9717 5.1402 18.15
      vertex 51.3791 5.23406 18.15
      vertex 51.8874 4.78926 18.15
    endloop
  endfacet
  facet normal -0 0 1
    outer loop
      vertex 51.3168 4.97467 18.15
      vertex 51.8874 4.78926 18.15
      vertex 51.3791 5.23406 18.15
    endloop
  endfacet
  facet normal 0 0 1
    outer loop
      vertex 51.9717 5.8598 18.15
      vertex 51.3791 5.76594 18.15
      vertex 51.4 5.5 18.15
    endloop
  endfacet
  facet normal 0 0 1
    outer loop
      vertex 51.0753 6.49923 18.15
      vertex 51.5607 6.85191 18.15
      vertex 51.3263 7.12634 18.15
    endloop
  endfacet
  facet normal 0 0 1
    outer loop
      vertex 51.8874 6.21074 18.15
      vertex 51.3168 6.02533 18.15
      vertex 51.3791 5.76594 18.15
    endloop
  endfacet
  facet normal 0 0 1
    outer loop
      vertex 51.7493 6.54418 18.15
      vertex 51.2147 6.27178 18.15
      vertex 51.3168 6.02533 18.15
    endloop
  endfacet
  facet normal 0 0 1
    outer loop
      vertex 51.5607 6.85191 18.15
      vertex 51.0753 6.49923 18.15
      vertex 51.2147 6.27178 18.15
    endloop
  endfacet
  facet normal 0 0 1
    outer loop
      vertex 50.9021 6.70208 18.15
      vertex 51.3263 7.12634 18.15
      vertex 51.0519 7.36074 18.15
    endloop
  endfacet
  facet normal 0 0 1
    outer loop
      vertex 51.3263 7.12634 18.15
      vertex 50.9021 6.70208 18.15
      vertex 51.0753 6.49923 18.15
    endloop
  endfacet
  facet normal 0 0 1
    outer loop
      vertex 50.6992 6.87533 18.15
      vertex 51.0519 7.36074 18.15
      vertex 50.7442 7.54931 18.15
    endloop
  endfacet
  facet normal 0 0 1
    outer loop
      vertex 51.0519 7.36074 18.15
      vertex 50.6992 6.87533 18.15
      vertex 50.9021 6.70208 18.15
    endloop
  endfacet
  facet normal 0 0 1
    outer loop
      vertex 50.7442 7.54931 18.15
      vertex 50.4718 7.01471 18.15
      vertex 50.6992 6.87533 18.15
    endloop
  endfacet
  facet normal 0 0 1
    outer loop
      vertex 50.4107 7.68743 18.15
      vertex 50.4718 7.01471 18.15
      vertex 50.7442 7.54931 18.15
    endloop
  endfacet
  facet normal 0 0 1
    outer loop
      vertex 50.4107 7.68743 18.15
      vertex 50.2253 7.1168 18.15
      vertex 50.4718 7.01471 18.15
    endloop
  endfacet
  facet normal 0 0 1
    outer loop
      vertex 50.0598 7.77168 18.15
      vertex 50.2253 7.1168 18.15
      vertex 50.4107 7.68743 18.15
    endloop
  endfacet
  facet normal 0 0 1
    outer loop
      vertex 50.0598 7.77168 18.15
      vertex 49.9659 7.17907 18.15
      vertex 50.2253 7.1168 18.15
    endloop
  endfacet
  facet normal 0 0 1
    outer loop
      vertex 49.7 7.8 18.15
      vertex 49.9659 7.17907 18.15
      vertex 50.0598 7.77168 18.15
    endloop
  endfacet
  facet normal 0 0 1
    outer loop
      vertex 49.7 7.8 18.15
      vertex 49.7 7.2 18.15
      vertex 49.9659 7.17907 18.15
    endloop
  endfacet
  facet normal 0 0 1
    outer loop
      vertex 49.7 7.8 18.15
      vertex 49.4341 7.17907 18.15
      vertex 49.7 7.2 18.15
    endloop
  endfacet
  facet normal -0 0 1
    outer loop
      vertex 49.3402 7.77168 18.15
      vertex 49.4341 7.17907 18.15
      vertex 49.7 7.8 18.15
    endloop
  endfacet
  facet normal 0 0 1
    outer loop
      vertex 49.3402 7.77168 18.15
      vertex 49.1747 7.1168 18.15
      vertex 49.4341 7.17907 18.15
    endloop
  endfacet
  facet normal -0 0 1
    outer loop
      vertex 48.9893 7.68743 18.15
      vertex 49.1747 7.1168 18.15
      vertex 49.3402 7.77168 18.15
    endloop
  endfacet
  facet normal 0 0 1
    outer loop
      vertex 48.9893 7.68743 18.15
      vertex 48.9282 7.01471 18.15
      vertex 49.1747 7.1168 18.15
    endloop
  endfacet
  facet normal -0 0 1
    outer loop
      vertex 48.6558 7.54931 18.15
      vertex 48.9282 7.01471 18.15
      vertex 48.9893 7.68743 18.15
    endloop
  endfacet
  facet normal 0 0 1
    outer loop
      vertex 48.9282 7.01471 18.15
      vertex 48.6558 7.54931 18.15
      vertex 48.7008 6.87533 18.15
    endloop
  endfacet
  facet normal -0 0 1
    outer loop
      vertex 48.3481 7.36074 18.15
      vertex 48.7008 6.87533 18.15
      vertex 48.6558 7.54931 18.15
    endloop
  endfacet
  facet normal 0 0 1
    outer loop
      vertex 48.7008 6.87533 18.15
      vertex 48.3481 7.36074 18.15
      vertex 48.4979 6.70208 18.15
    endloop
  endfacet
  facet normal -0 0 1
    outer loop
      vertex 48.0737 7.12634 18.15
      vertex 48.4979 6.70208 18.15
      vertex 48.3481 7.36074 18.15
    endloop
  endfacet
  facet normal 0 0 1
    outer loop
      vertex 48.4979 6.70208 18.15
      vertex 48.0737 7.12634 18.15
      vertex 48.3247 6.49923 18.15
    endloop
  endfacet
  facet normal -0 0 1
    outer loop
      vertex 47.8393 6.85191 18.15
      vertex 48.3247 6.49923 18.15
      vertex 48.0737 7.12634 18.15
    endloop
  endfacet
  facet normal 0 0 1
    outer loop
      vertex 48.3247 6.49923 18.15
      vertex 47.8393 6.85191 18.15
      vertex 48.1853 6.27178 18.15
    endloop
  endfacet
  facet normal -0 0 1
    outer loop
      vertex 47.6507 6.54418 18.15
      vertex 48.1853 6.27178 18.15
      vertex 47.8393 6.85191 18.15
    endloop
  endfacet
  facet normal 0 0 1
    outer loop
      vertex 48.1853 6.27178 18.15
      vertex 47.6507 6.54418 18.15
      vertex 48.0832 6.02533 18.15
    endloop
  endfacet
  facet normal -0 0 1
    outer loop
      vertex 47.5126 6.21074 18.15
      vertex 48.0832 6.02533 18.15
      vertex 47.6507 6.54418 18.15
    endloop
  endfacet
  facet normal 0 0 1
    outer loop
      vertex 51.8874 4.78926 18.15
      vertex 51.3168 4.97467 18.15
      vertex 51.7493 4.45582 18.15
    endloop
  endfacet
  facet normal -0 0 1
    outer loop
      vertex 51.2147 4.72822 18.15
      vertex 51.7493 4.45582 18.15
      vertex 51.3168 4.97467 18.15
    endloop
  endfacet
  facet normal 0 0 1
    outer loop
      vertex 51.7493 4.45582 18.15
      vertex 51.2147 4.72822 18.15
      vertex 51.5607 4.14809 18.15
    endloop
  endfacet
  facet normal -0 0 1
    outer loop
      vertex 51.0753 4.50077 18.15
      vertex 51.5607 4.14809 18.15
      vertex 51.2147 4.72822 18.15
    endloop
  endfacet
  facet normal 0 0 1
    outer loop
      vertex 51.5607 4.14809 18.15
      vertex 51.0753 4.50077 18.15
      vertex 51.3263 3.87366 18.15
    endloop
  endfacet
  facet normal -0 0 1
    outer loop
      vertex 50.9021 4.29792 18.15
      vertex 51.3263 3.87366 18.15
      vertex 51.0753 4.50077 18.15
    endloop
  endfacet
  facet normal 0 0 1
    outer loop
      vertex 51.3263 3.87366 18.15
      vertex 50.9021 4.29792 18.15
      vertex 51.0519 3.63926 18.15
    endloop
  endfacet
  facet normal -0 0 1
    outer loop
      vertex 50.6992 4.12467 18.15
      vertex 51.0519 3.63926 18.15
      vertex 50.9021 4.29792 18.15
    endloop
  endfacet
  facet normal 0 0 1
    outer loop
      vertex 51.0519 3.63926 18.15
      vertex 50.6992 4.12467 18.15
      vertex 50.7442 3.45069 18.15
    endloop
  endfacet
  facet normal -0 0 1
    outer loop
      vertex 50.4718 3.98529 18.15
      vertex 50.7442 3.45069 18.15
      vertex 50.6992 4.12467 18.15
    endloop
  endfacet
  facet normal 0 0 1
    outer loop
      vertex 50.4718 3.98529 18.15
      vertex 50.4107 3.31257 18.15
      vertex 50.7442 3.45069 18.15
    endloop
  endfacet
  facet normal -0 0 1
    outer loop
      vertex 50.2253 3.8832 18.15
      vertex 50.4107 3.31257 18.15
      vertex 50.4718 3.98529 18.15
    endloop
  endfacet
  facet normal 0 0 1
    outer loop
      vertex 50.2253 3.8832 18.15
      vertex 50.0598 3.22832 18.15
      vertex 50.4107 3.31257 18.15
    endloop
  endfacet
  facet normal -0 0 1
    outer loop
      vertex 49.9659 3.82093 18.15
      vertex 50.0598 3.22832 18.15
      vertex 50.2253 3.8832 18.15
    endloop
  endfacet
  facet normal -0 0 1
    outer loop
      vertex 49.7 3.8 18.15
      vertex 50.0598 3.22832 18.15
      vertex 49.9659 3.82093 18.15
    endloop
  endfacet
  facet normal 0 0 1
    outer loop
      vertex 49.7 3.8 18.15
      vertex 49.7 3.2 18.15
      vertex 50.0598 3.22832 18.15
    endloop
  endfacet
  facet normal 0 0 1
    outer loop
      vertex 49.4341 3.82093 18.15
      vertex 49.7 3.2 18.15
      vertex 49.7 3.8 18.15
    endloop
  endfacet
  facet normal 0 0 1
    outer loop
      vertex 49.4341 3.82093 18.15
      vertex 49.3402 3.22832 18.15
      vertex 49.7 3.2 18.15
    endloop
  endfacet
  facet normal 0 0 1
    outer loop
      vertex 49.1747 3.8832 18.15
      vertex 49.3402 3.22832 18.15
      vertex 49.4341 3.82093 18.15
    endloop
  endfacet
  facet normal 0 0 1
    outer loop
      vertex 49.1747 3.8832 18.15
      vertex 48.9893 3.31257 18.15
      vertex 49.3402 3.22832 18.15
    endloop
  endfacet
  facet normal 0 0 1
    outer loop
      vertex 48.9282 3.98529 18.15
      vertex 48.9893 3.31257 18.15
      vertex 49.1747 3.8832 18.15
    endloop
  endfacet
  facet normal 0 0 1
    outer loop
      vertex 48.6558 3.45069 18.15
      vertex 48.9282 3.98529 18.15
      vertex 48.7008 4.12467 18.15
    endloop
  endfacet
  facet normal 0 0 1
    outer loop
      vertex 48.9282 3.98529 18.15
      vertex 48.6558 3.45069 18.15
      vertex 48.9893 3.31257 18.15
    endloop
  endfacet
  facet normal 0 0 1
    outer loop
      vertex 48.3481 3.63926 18.15
      vertex 48.7008 4.12467 18.15
      vertex 48.4979 4.29792 18.15
    endloop
  endfacet
  facet normal 0 0 1
    outer loop
      vertex 48.7008 4.12467 18.15
      vertex 48.3481 3.63926 18.15
      vertex 48.6558 3.45069 18.15
    endloop
  endfacet
  facet normal 0 0 1
    outer loop
      vertex 48.0737 3.87366 18.15
      vertex 48.4979 4.29792 18.15
      vertex 48.3247 4.50077 18.15
    endloop
  endfacet
  facet normal 0 0 1
    outer loop
      vertex 47.8393 4.14809 18.15
      vertex 48.3247 4.50077 18.15
      vertex 48.1853 4.72822 18.15
    endloop
  endfacet
  facet normal 0 0 1
    outer loop
      vertex 47.6507 4.45582 18.15
      vertex 48.1853 4.72822 18.15
      vertex 48.0832 4.97467 18.15
    endloop
  endfacet
  facet normal 0 0 1
    outer loop
      vertex 48.4979 4.29792 18.15
      vertex 48.0737 3.87366 18.15
      vertex 48.3481 3.63926 18.15
    endloop
  endfacet
  facet normal 0 0 1
    outer loop
      vertex 47.5126 4.78926 18.15
      vertex 48.0832 4.97467 18.15
      vertex 48.0209 5.23406 18.15
    endloop
  endfacet
  facet normal 0 0 1
    outer loop
      vertex 47.4283 5.1402 18.15
      vertex 48.0209 5.23406 18.15
      vertex 48 5.5 18.15
    endloop
  endfacet
  facet normal 0 0 1
    outer loop
      vertex 48.0832 6.02533 18.15
      vertex 47.5126 6.21074 18.15
      vertex 48.0209 5.76594 18.15
    endloop
  endfacet
  facet normal 0 0 1
    outer loop
      vertex 48.3247 4.50077 18.15
      vertex 47.8393 4.14809 18.15
      vertex 48.0737 3.87366 18.15
    endloop
  endfacet
  facet normal -0 0 1
    outer loop
      vertex 47.4283 5.8598 18.15
      vertex 48.0209 5.76594 18.15
      vertex 47.5126 6.21074 18.15
    endloop
  endfacet
  facet normal 0 0 1
    outer loop
      vertex 48.1853 4.72822 18.15
      vertex 47.6507 4.45582 18.15
      vertex 47.8393 4.14809 18.15
    endloop
  endfacet
  facet normal 0 0 1
    outer loop
      vertex 48.0209 5.76594 18.15
      vertex 47.4283 5.8598 18.15
      vertex 48 5.5 18.15
    endloop
  endfacet
  facet normal 0 0 1
    outer loop
      vertex 48.0832 4.97467 18.15
      vertex 47.5126 4.78926 18.15
      vertex 47.6507 4.45582 18.15
    endloop
  endfacet
  facet normal 0 0 1
    outer loop
      vertex 47.4 5.5 18.15
      vertex 48 5.5 18.15
      vertex 47.4283 5.8598 18.15
    endloop
  endfacet
  facet normal 0 0 1
    outer loop
      vertex 48.0209 5.23406 18.15
      vertex 47.4283 5.1402 18.15
      vertex 47.5126 4.78926 18.15
    endloop
  endfacet
  facet normal 0 0 1
    outer loop
      vertex 48 5.5 18.15
      vertex 47.4 5.5 18.15
      vertex 47.4283 5.1402 18.15
    endloop
  endfacet
  facet normal 0.233445 0.97237 -0
    outer loop
      vertex 49.3402 3.22832 18.15
      vertex 48.9893 3.31257 23.15
      vertex 49.3402 3.22832 23.15
    endloop
  endfacet
  facet normal 0.233445 0.97237 0
    outer loop
      vertex 48.9893 3.31257 23.15
      vertex 49.3402 3.22832 18.15
      vertex 48.9893 3.31257 18.15
    endloop
  endfacet
  facet normal -0.85264 -0.522498 0
    outer loop
      vertex 51.7493 6.54418 18.15
      vertex 51.5607 6.85191 23.15
      vertex 51.5607 6.85191 18.15
    endloop
  endfacet
  facet normal -0.85264 -0.522498 0
    outer loop
      vertex 51.5607 6.85191 23.15
      vertex 51.7493 6.54418 18.15
      vertex 51.7493 6.54418 23.15
    endloop
  endfacet
  facet normal -0.0784584 -0.996917 0
    outer loop
      vertex 49.7 7.8 18.15
      vertex 50.0598 7.77168 23.15
      vertex 49.7 7.8 23.15
    endloop
  endfacet
  facet normal -0.0784584 -0.996917 -0
    outer loop
      vertex 50.0598 7.77168 23.15
      vertex 49.7 7.8 18.15
      vertex 50.0598 7.77168 18.15
    endloop
  endfacet
  facet normal 0.996917 -0.0784584 0
    outer loop
      vertex 47.4 5.5 23.15
      vertex 47.4283 5.8598 18.15
      vertex 47.4283 5.8598 23.15
    endloop
  endfacet
  facet normal 0.996917 -0.0784584 0
    outer loop
      vertex 47.4283 5.8598 18.15
      vertex 47.4 5.5 23.15
      vertex 47.4 5.5 18.15
    endloop
  endfacet
  facet normal 0.85264 -0.522498 0
    outer loop
      vertex 47.6507 6.54418 23.15
      vertex 47.8393 6.85191 18.15
      vertex 47.8393 6.85191 23.15
    endloop
  endfacet
  facet normal 0.85264 -0.522498 0
    outer loop
      vertex 47.8393 6.85191 18.15
      vertex 47.6507 6.54418 23.15
      vertex 47.6507 6.54418 18.15
    endloop
  endfacet
  facet normal -0.233445 -0.97237 0
    outer loop
      vertex 50.0598 7.77168 18.15
      vertex 50.4107 7.68743 23.15
      vertex 50.0598 7.77168 23.15
    endloop
  endfacet
  facet normal -0.233445 -0.97237 -0
    outer loop
      vertex 50.4107 7.68743 23.15
      vertex 50.0598 7.77168 18.15
      vertex 50.4107 7.68743 18.15
    endloop
  endfacet
  facet normal -0.92388 -0.382683 0
    outer loop
      vertex 51.8874 6.21074 18.15
      vertex 51.7493 6.54418 23.15
      vertex 51.7493 6.54418 18.15
    endloop
  endfacet
  facet normal -0.92388 -0.382683 0
    outer loop
      vertex 51.7493 6.54418 23.15
      vertex 51.8874 6.21074 18.15
      vertex 51.8874 6.21074 23.15
    endloop
  endfacet
  facet normal -0.972369 -0.233451 0
    outer loop
      vertex 51.9717 5.8598 18.15
      vertex 51.8874 6.21074 23.15
      vertex 51.8874 6.21074 18.15
    endloop
  endfacet
  facet normal -0.972369 -0.233451 0
    outer loop
      vertex 51.8874 6.21074 23.15
      vertex 51.9717 5.8598 18.15
      vertex 51.9717 5.8598 23.15
    endloop
  endfacet
  facet normal 0.0784584 -0.996917 0
    outer loop
      vertex 49.3402 7.77168 18.15
      vertex 49.7 7.8 23.15
      vertex 49.3402 7.77168 23.15
    endloop
  endfacet
  facet normal 0.0784584 -0.996917 0
    outer loop
      vertex 49.7 7.8 23.15
      vertex 49.3402 7.77168 18.15
      vertex 49.7 7.8 18.15
    endloop
  endfacet
  facet normal 0.522498 -0.85264 0
    outer loop
      vertex 48.3481 7.36074 18.15
      vertex 48.6558 7.54931 23.15
      vertex 48.3481 7.36074 23.15
    endloop
  endfacet
  facet normal 0.522498 -0.85264 0
    outer loop
      vertex 48.6558 7.54931 23.15
      vertex 48.3481 7.36074 18.15
      vertex 48.6558 7.54931 18.15
    endloop
  endfacet
  facet normal 0.233445 -0.97237 0
    outer loop
      vertex 48.9893 7.68743 18.15
      vertex 49.3402 7.77168 23.15
      vertex 48.9893 7.68743 23.15
    endloop
  endfacet
  facet normal 0.233445 -0.97237 0
    outer loop
      vertex 49.3402 7.77168 23.15
      vertex 48.9893 7.68743 18.15
      vertex 49.3402 7.77168 18.15
    endloop
  endfacet
  facet normal 0.92388 -0.382683 0
    outer loop
      vertex 47.5126 6.21074 23.15
      vertex 47.6507 6.54418 18.15
      vertex 47.6507 6.54418 23.15
    endloop
  endfacet
  facet normal 0.92388 -0.382683 0
    outer loop
      vertex 47.6507 6.54418 18.15
      vertex 47.5126 6.21074 23.15
      vertex 47.5126 6.21074 18.15
    endloop
  endfacet
  facet normal 0.972371 -0.233441 0
    outer loop
      vertex 47.4283 5.8598 23.15
      vertex 47.5126 6.21074 18.15
      vertex 47.5126 6.21074 23.15
    endloop
  endfacet
  facet normal 0.972371 -0.233441 0
    outer loop
      vertex 47.5126 6.21074 18.15
      vertex 47.4283 5.8598 23.15
      vertex 47.4283 5.8598 18.15
    endloop
  endfacet
  facet normal -0.522498 -0.85264 0
    outer loop
      vertex 50.7442 7.54931 18.15
      vertex 51.0519 7.36074 23.15
      vertex 50.7442 7.54931 23.15
    endloop
  endfacet
  facet normal -0.522498 -0.85264 -0
    outer loop
      vertex 51.0519 7.36074 23.15
      vertex 50.7442 7.54931 18.15
      vertex 51.0519 7.36074 18.15
    endloop
  endfacet
  facet normal -0.382683 -0.92388 0
    outer loop
      vertex 50.4107 7.68743 18.15
      vertex 50.7442 7.54931 23.15
      vertex 50.4107 7.68743 23.15
    endloop
  endfacet
  facet normal -0.382683 -0.92388 -0
    outer loop
      vertex 50.7442 7.54931 23.15
      vertex 50.4107 7.68743 18.15
      vertex 50.7442 7.54931 18.15
    endloop
  endfacet
  facet normal -0.760404 -0.64945 0
    outer loop
      vertex 51.5607 6.85191 18.15
      vertex 51.3263 7.12634 23.15
      vertex 51.3263 7.12634 18.15
    endloop
  endfacet
  facet normal -0.760404 -0.64945 0
    outer loop
      vertex 51.3263 7.12634 23.15
      vertex 51.5607 6.85191 18.15
      vertex 51.5607 6.85191 23.15
    endloop
  endfacet
  facet normal 0.382683 -0.92388 0
    outer loop
      vertex 48.6558 7.54931 18.15
      vertex 48.9893 7.68743 23.15
      vertex 48.6558 7.54931 23.15
    endloop
  endfacet
  facet normal 0.382683 -0.92388 0
    outer loop
      vertex 48.9893 7.68743 23.15
      vertex 48.6558 7.54931 18.15
      vertex 48.9893 7.68743 18.15
    endloop
  endfacet
  facet normal 0.760404 -0.64945 0
    outer loop
      vertex 47.8393 6.85191 23.15
      vertex 48.0737 7.12634 18.15
      vertex 48.0737 7.12634 23.15
    endloop
  endfacet
  facet normal 0.760404 -0.64945 0
    outer loop
      vertex 48.0737 7.12634 18.15
      vertex 47.8393 6.85191 23.15
      vertex 47.8393 6.85191 18.15
    endloop
  endfacet
  facet normal 0.649447 -0.760407 0
    outer loop
      vertex 48.0737 7.12634 18.15
      vertex 48.3481 7.36074 23.15
      vertex 48.0737 7.12634 23.15
    endloop
  endfacet
  facet normal 0.649447 -0.760407 0
    outer loop
      vertex 48.3481 7.36074 23.15
      vertex 48.0737 7.12634 18.15
      vertex 48.3481 7.36074 18.15
    endloop
  endfacet
  facet normal 0.972387 -0.233373 0
    outer loop
      vertex 12.737 34.2985 1.6
      vertex 12.7627 34.4053 0.600001
      vertex 12.7627 34.4053 1.6
    endloop
  endfacet
  facet normal 0.972387 -0.233373 0
    outer loop
      vertex 12.7627 34.4053 0.600001
      vertex 12.737 34.2985 1.6
      vertex 12.737 34.2985 0.600001
    endloop
  endfacet
  facet normal 0.923876 -0.382691 0
    outer loop
      vertex 12.7627 34.4053 1.6
      vertex 12.8047 34.5068 0.600001
      vertex 12.8047 34.5068 1.6
    endloop
  endfacet
  facet normal 0.923876 -0.382691 0
    outer loop
      vertex 12.8047 34.5068 0.600001
      vertex 12.7627 34.4053 1.6
      vertex 12.7627 34.4053 0.600001
    endloop
  endfacet
  facet normal 0.996915 -0.0784918 0
    outer loop
      vertex 12.7284 34.189 1.6
      vertex 12.737 34.2985 0.600001
      vertex 12.737 34.2985 1.6
    endloop
  endfacet
  facet normal 0.996915 -0.0784918 0
    outer loop
      vertex 12.737 34.2985 0.600001
      vertex 12.7284 34.189 1.6
      vertex 12.7284 34.189 0.600001
    endloop
  endfacet
  facet normal 0 -1 0
    outer loop
      vertex 13.4284 34.889 0.600001
      vertex 42.0284 34.889 1.6
      vertex 13.4284 34.889 1.6
    endloop
  endfacet
  facet normal 0 -1 -0
    outer loop
      vertex 42.0284 34.889 1.6
      vertex 13.4284 34.889 0.600001
      vertex 42.0284 34.889 0.600001
    endloop
  endfacet
  facet normal 0.522461 -0.852663 0
    outer loop
      vertex 13.0169 34.7553 0.600001
      vertex 13.1106 34.8127 1.6
      vertex 13.0169 34.7553 1.6
    endloop
  endfacet
  facet normal 0.522461 -0.852663 0
    outer loop
      vertex 13.1106 34.8127 1.6
      vertex 13.0169 34.7553 0.600001
      vertex 13.1106 34.8127 0.600001
    endloop
  endfacet
  facet normal -1 0 0
    outer loop
      vertex 42.7284 18.089 0.600001
      vertex 42.7284 34.189 1.6
      vertex 42.7284 34.189 0.600001
    endloop
  endfacet
  facet normal -1 -0 0
    outer loop
      vertex 42.7284 34.189 1.6
      vertex 42.7284 18.089 0.600001
      vertex 42.7284 18.089 1.6
    endloop
  endfacet
  facet normal 0.852663 -0.522461 0
    outer loop
      vertex 12.8047 34.5068 1.6
      vertex 12.8621 34.6005 0.600001
      vertex 12.8621 34.6005 1.6
    endloop
  endfacet
  facet normal 0.852663 -0.522461 0
    outer loop
      vertex 12.8621 34.6005 0.600001
      vertex 12.8047 34.5068 1.6
      vertex 12.8047 34.5068 0.600001
    endloop
  endfacet
  facet normal 1 -0 0
    outer loop
      vertex 12.7284 18.089 1.6
      vertex 12.7284 34.189 0.600001
      vertex 12.7284 34.189 1.6
    endloop
  endfacet
  facet normal 1 0 0
    outer loop
      vertex 12.7284 34.189 0.600001
      vertex 12.7284 18.089 1.6
      vertex 12.7284 18.089 0.600001
    endloop
  endfacet
  facet normal -0.923925 0.382573 0
    outer loop
      vertex 42.6521 17.7712 0.600001
      vertex 42.6941 17.8727 1.6
      vertex 42.6941 17.8727 0.600001
    endloop
  endfacet
  facet normal -0.923925 0.382573 0
    outer loop
      vertex 42.6941 17.8727 1.6
      vertex 42.6521 17.7712 0.600001
      vertex 42.6521 17.7712 1.6
    endloop
  endfacet
  facet normal 0 1 -0
    outer loop
      vertex 42.0284 17.389 0.600001
      vertex 13.4284 17.389 1.6
      vertex 42.0284 17.389 1.6
    endloop
  endfacet
  facet normal 0 1 0
    outer loop
      vertex 13.4284 17.389 1.6
      vertex 42.0284 17.389 0.600001
      vertex 13.4284 17.389 0.600001
    endloop
  endfacet
  facet normal 0.0784809 0.996916 -0
    outer loop
      vertex 13.4284 17.389 0.600001
      vertex 13.3189 17.3976 1.6
      vertex 13.4284 17.389 1.6
    endloop
  endfacet
  facet normal 0.0784809 0.996916 0
    outer loop
      vertex 13.3189 17.3976 1.6
      vertex 13.4284 17.389 0.600001
      vertex 13.3189 17.3976 0.600001
    endloop
  endfacet
  facet normal -0.972356 0.233504 0
    outer loop
      vertex 42.6941 17.8727 0.600001
      vertex 42.7198 17.9795 1.6
      vertex 42.7198 17.9795 0.600001
    endloop
  endfacet
  facet normal -0.972356 0.233504 0
    outer loop
      vertex 42.7198 17.9795 1.6
      vertex 42.6941 17.8727 0.600001
      vertex 42.6941 17.8727 1.6
    endloop
  endfacet
  facet normal -0.996915 0.0784918 0
    outer loop
      vertex 42.7198 17.9795 0.600001
      vertex 42.7284 18.089 1.6
      vertex 42.7284 18.089 0.600001
    endloop
  endfacet
  facet normal -0.996915 0.0784918 0
    outer loop
      vertex 42.7284 18.089 1.6
      vertex 42.7198 17.9795 0.600001
      vertex 42.7198 17.9795 1.6
    endloop
  endfacet
  facet normal -0.0784918 -0.996915 0
    outer loop
      vertex 42.0284 34.889 0.600001
      vertex 42.1379 34.8804 1.6
      vertex 42.0284 34.889 1.6
    endloop
  endfacet
  facet normal -0.0784918 -0.996915 -0
    outer loop
      vertex 42.1379 34.8804 1.6
      vertex 42.0284 34.889 0.600001
      vertex 42.1379 34.8804 0.600001
    endloop
  endfacet
  facet normal 0.0784809 -0.996916 0
    outer loop
      vertex 13.3189 34.8804 0.600001
      vertex 13.4284 34.889 1.6
      vertex 13.3189 34.8804 1.6
    endloop
  endfacet
  facet normal 0.0784809 -0.996916 0
    outer loop
      vertex 13.4284 34.889 1.6
      vertex 13.3189 34.8804 0.600001
      vertex 13.4284 34.889 0.600001
    endloop
  endfacet
  facet normal 0.649429 0.760422 -0
    outer loop
      vertex 13.0169 17.5227 0.600001
      vertex 12.9334 17.594 1.6
      vertex 13.0169 17.5227 1.6
    endloop
  endfacet
  facet normal 0.649429 0.760422 0
    outer loop
      vertex 12.9334 17.594 1.6
      vertex 13.0169 17.5227 0.600001
      vertex 12.9334 17.594 0.600001
    endloop
  endfacet
  facet normal 0.760422 0.649429 0
    outer loop
      vertex 12.9334 17.594 1.6
      vertex 12.8621 17.6776 0.600001
      vertex 12.8621 17.6776 1.6
    endloop
  endfacet
  facet normal 0.760422 0.649429 0
    outer loop
      vertex 12.8621 17.6776 0.600001
      vertex 12.9334 17.594 1.6
      vertex 12.9334 17.594 0.600001
    endloop
  endfacet
  facet normal 0.923876 0.382691 0
    outer loop
      vertex 12.8047 17.7712 1.6
      vertex 12.7627 17.8727 0.600001
      vertex 12.7627 17.8727 1.6
    endloop
  endfacet
  facet normal 0.923876 0.382691 0
    outer loop
      vertex 12.7627 17.8727 0.600001
      vertex 12.8047 17.7712 1.6
      vertex 12.8047 17.7712 0.600001
    endloop
  endfacet
  facet normal -0.760422 0.649429 0
    outer loop
      vertex 42.5234 17.594 0.600001
      vertex 42.5947 17.6776 1.6
      vertex 42.5947 17.6776 0.600001
    endloop
  endfacet
  facet normal -0.760422 0.649429 0
    outer loop
      vertex 42.5947 17.6776 1.6
      vertex 42.5234 17.594 0.600001
      vertex 42.5234 17.594 1.6
    endloop
  endfacet
  facet normal -0.233373 0.972387 0
    outer loop
      vertex 42.2447 17.4233 0.600001
      vertex 42.1379 17.3976 1.6
      vertex 42.2447 17.4233 1.6
    endloop
  endfacet
  facet normal -0.233373 0.972387 0
    outer loop
      vertex 42.1379 17.3976 1.6
      vertex 42.2447 17.4233 0.600001
      vertex 42.1379 17.3976 0.600001
    endloop
  endfacet
  facet normal -0.38274 0.923856 0
    outer loop
      vertex 42.3462 17.4653 0.600001
      vertex 42.2447 17.4233 1.6
      vertex 42.3462 17.4653 1.6
    endloop
  endfacet
  facet normal -0.38274 0.923856 0
    outer loop
      vertex 42.2447 17.4233 1.6
      vertex 42.3462 17.4653 0.600001
      vertex 42.2447 17.4233 0.600001
    endloop
  endfacet
  facet normal -0.852563 0.522624 0
    outer loop
      vertex 42.5947 17.6776 0.600001
      vertex 42.6521 17.7712 1.6
      vertex 42.6521 17.7712 0.600001
    endloop
  endfacet
  facet normal -0.852563 0.522624 0
    outer loop
      vertex 42.6521 17.7712 1.6
      vertex 42.5947 17.6776 0.600001
      vertex 42.5947 17.6776 1.6
    endloop
  endfacet
  facet normal 0.382691 0.923876 -0
    outer loop
      vertex 13.2121 17.4233 0.600001
      vertex 13.1106 17.4653 1.6
      vertex 13.2121 17.4233 1.6
    endloop
  endfacet
  facet normal 0.382691 0.923876 0
    outer loop
      vertex 13.1106 17.4653 1.6
      vertex 13.2121 17.4233 0.600001
      vertex 13.1106 17.4653 0.600001
    endloop
  endfacet
  facet normal 0.233404 -0.97238 0
    outer loop
      vertex 13.2121 34.8547 0.600001
      vertex 13.3189 34.8804 1.6
      vertex 13.2121 34.8547 1.6
    endloop
  endfacet
  facet normal 0.233404 -0.97238 0
    outer loop
      vertex 13.3189 34.8804 1.6
      vertex 13.2121 34.8547 0.600001
      vertex 13.3189 34.8804 0.600001
    endloop
  endfacet
  facet normal 0.382691 -0.923876 0
    outer loop
      vertex 13.1106 34.8127 0.600001
      vertex 13.2121 34.8547 1.6
      vertex 13.1106 34.8127 1.6
    endloop
  endfacet
  facet normal 0.382691 -0.923876 0
    outer loop
      vertex 13.2121 34.8547 1.6
      vertex 13.1106 34.8127 0.600001
      vertex 13.2121 34.8547 0.600001
    endloop
  endfacet
  facet normal 0.522562 0.852601 -0
    outer loop
      vertex 13.1106 17.4653 0.600001
      vertex 13.0169 17.5227 1.6
      vertex 13.1106 17.4653 1.6
    endloop
  endfacet
  facet normal 0.522562 0.852601 0
    outer loop
      vertex 13.0169 17.5227 1.6
      vertex 13.1106 17.4653 0.600001
      vertex 13.0169 17.5227 0.600001
    endloop
  endfacet
  facet normal 0.852625 0.522523 0
    outer loop
      vertex 12.8621 17.6776 1.6
      vertex 12.8047 17.7712 0.600001
      vertex 12.8047 17.7712 1.6
    endloop
  endfacet
  facet normal 0.852625 0.522523 0
    outer loop
      vertex 12.8047 17.7712 0.600001
      vertex 12.8621 17.6776 1.6
      vertex 12.8621 17.6776 0.600001
    endloop
  endfacet
  facet normal 0.996915 0.0784918 0
    outer loop
      vertex 12.737 17.9795 1.6
      vertex 12.7284 18.089 0.600001
      vertex 12.7284 18.089 1.6
    endloop
  endfacet
  facet normal 0.996915 0.0784918 0
    outer loop
      vertex 12.7284 18.089 0.600001
      vertex 12.737 17.9795 1.6
      vertex 12.737 17.9795 0.600001
    endloop
  endfacet
  facet normal 0.972387 0.233373 0
    outer loop
      vertex 12.7627 17.8727 1.6
      vertex 12.737 17.9795 0.600001
      vertex 12.737 17.9795 1.6
    endloop
  endfacet
  facet normal 0.972387 0.233373 0
    outer loop
      vertex 12.737 17.9795 0.600001
      vertex 12.7627 17.8727 1.6
      vertex 12.7627 17.8727 0.600001
    endloop
  endfacet
  facet normal -0.0784918 0.996915 0
    outer loop
      vertex 42.1379 17.3976 0.600001
      vertex 42.0284 17.389 1.6
      vertex 42.1379 17.3976 1.6
    endloop
  endfacet
  facet normal -0.0784918 0.996915 0
    outer loop
      vertex 42.0284 17.389 1.6
      vertex 42.1379 17.3976 0.600001
      vertex 42.0284 17.389 0.600001
    endloop
  endfacet
  facet normal -0.522562 0.852601 0
    outer loop
      vertex 42.4398 17.5227 0.600001
      vertex 42.3462 17.4653 1.6
      vertex 42.4398 17.5227 1.6
    endloop
  endfacet
  facet normal -0.522562 0.852601 0
    outer loop
      vertex 42.3462 17.4653 1.6
      vertex 42.4398 17.5227 0.600001
      vertex 42.3462 17.4653 0.600001
    endloop
  endfacet
  facet normal -0.649429 0.760422 0
    outer loop
      vertex 42.5234 17.594 0.600001
      vertex 42.4398 17.5227 1.6
      vertex 42.5234 17.594 1.6
    endloop
  endfacet
  facet normal -0.649429 0.760422 0
    outer loop
      vertex 42.4398 17.5227 1.6
      vertex 42.5234 17.594 0.600001
      vertex 42.4398 17.5227 0.600001
    endloop
  endfacet
  facet normal 0.233404 0.97238 -0
    outer loop
      vertex 13.3189 17.3976 0.600001
      vertex 13.2121 17.4233 1.6
      vertex 13.3189 17.3976 1.6
    endloop
  endfacet
  facet normal 0.233404 0.97238 0
    outer loop
      vertex 13.2121 17.4233 1.6
      vertex 13.3189 17.3976 0.600001
      vertex 13.2121 17.4233 0.600001
    endloop
  endfacet
  facet normal -0.522461 -0.852663 0
    outer loop
      vertex 42.3462 34.8127 0.600001
      vertex 42.4398 34.7553 1.6
      vertex 42.3462 34.8127 1.6
    endloop
  endfacet
  facet normal -0.522461 -0.852663 -0
    outer loop
      vertex 42.4398 34.7553 1.6
      vertex 42.3462 34.8127 0.600001
      vertex 42.4398 34.7553 0.600001
    endloop
  endfacet
  facet normal -0.38274 -0.923856 0
    outer loop
      vertex 42.2447 34.8547 0.600001
      vertex 42.3462 34.8127 1.6
      vertex 42.2447 34.8547 1.6
    endloop
  endfacet
  facet normal -0.38274 -0.923856 -0
    outer loop
      vertex 42.3462 34.8127 1.6
      vertex 42.2447 34.8547 0.600001
      vertex 42.3462 34.8127 0.600001
    endloop
  endfacet
  facet normal -0.996915 -0.0784918 0
    outer loop
      vertex 42.7284 34.189 0.600001
      vertex 42.7198 34.2985 1.6
      vertex 42.7198 34.2985 0.600001
    endloop
  endfacet
  facet normal -0.996915 -0.0784918 0
    outer loop
      vertex 42.7198 34.2985 1.6
      vertex 42.7284 34.189 0.600001
      vertex 42.7284 34.189 1.6
    endloop
  endfacet
  facet normal -0.760422 -0.649429 0
    outer loop
      vertex 42.5947 34.6005 0.600001
      vertex 42.5234 34.684 1.6
      vertex 42.5234 34.684 0.600001
    endloop
  endfacet
  facet normal -0.760422 -0.649429 0
    outer loop
      vertex 42.5234 34.684 1.6
      vertex 42.5947 34.6005 0.600001
      vertex 42.5947 34.6005 1.6
    endloop
  endfacet
  facet normal 0.649429 -0.760422 0
    outer loop
      vertex 12.9334 34.684 0.600001
      vertex 13.0169 34.7553 1.6
      vertex 12.9334 34.684 1.6
    endloop
  endfacet
  facet normal 0.649429 -0.760422 0
    outer loop
      vertex 13.0169 34.7553 1.6
      vertex 12.9334 34.684 0.600001
      vertex 13.0169 34.7553 0.600001
    endloop
  endfacet
  facet normal -0.649429 -0.760422 0
    outer loop
      vertex 42.4398 34.7553 0.600001
      vertex 42.5234 34.684 1.6
      vertex 42.4398 34.7553 1.6
    endloop
  endfacet
  facet normal -0.649429 -0.760422 -0
    outer loop
      vertex 42.5234 34.684 1.6
      vertex 42.4398 34.7553 0.600001
      vertex 42.5234 34.684 0.600001
    endloop
  endfacet
  facet normal -0.233373 -0.972387 0
    outer loop
      vertex 42.1379 34.8804 0.600001
      vertex 42.2447 34.8547 1.6
      vertex 42.1379 34.8804 1.6
    endloop
  endfacet
  facet normal -0.233373 -0.972387 -0
    outer loop
      vertex 42.2447 34.8547 1.6
      vertex 42.1379 34.8804 0.600001
      vertex 42.2447 34.8547 0.600001
    endloop
  endfacet
  facet normal -0.972356 -0.233504 0
    outer loop
      vertex 42.7198 34.2985 0.600001
      vertex 42.6941 34.4053 1.6
      vertex 42.6941 34.4053 0.600001
    endloop
  endfacet
  facet normal -0.972356 -0.233504 0
    outer loop
      vertex 42.6941 34.4053 1.6
      vertex 42.7198 34.2985 0.600001
      vertex 42.7198 34.2985 1.6
    endloop
  endfacet
  facet normal -0.923925 -0.382573 0
    outer loop
      vertex 42.6941 34.4053 0.600001
      vertex 42.6521 34.5068 1.6
      vertex 42.6521 34.5068 0.600001
    endloop
  endfacet
  facet normal -0.923925 -0.382573 0
    outer loop
      vertex 42.6521 34.5068 1.6
      vertex 42.6941 34.4053 0.600001
      vertex 42.6941 34.4053 1.6
    endloop
  endfacet
  facet normal -0.852601 -0.522562 0
    outer loop
      vertex 42.6521 34.5068 0.600001
      vertex 42.5947 34.6005 1.6
      vertex 42.5947 34.6005 0.600001
    endloop
  endfacet
  facet normal -0.852601 -0.522562 0
    outer loop
      vertex 42.5947 34.6005 1.6
      vertex 42.6521 34.5068 0.600001
      vertex 42.6521 34.5068 1.6
    endloop
  endfacet
  facet normal 0.760422 -0.649429 0
    outer loop
      vertex 12.8621 34.6005 1.6
      vertex 12.9334 34.684 0.600001
      vertex 12.9334 34.684 1.6
    endloop
  endfacet
  facet normal 0.760422 -0.649429 0
    outer loop
      vertex 12.9334 34.684 0.600001
      vertex 12.8621 34.6005 1.6
      vertex 12.8621 34.6005 0.600001
    endloop
  endfacet
  facet normal 0 0 -1
    outer loop
      vertex 43.4284 15.889 0.600001
      vertex 44.2284 16.689 0.600001
      vertex 44.2185 16.5639 0.600001
    endloop
  endfacet
  facet normal 0 0 -1
    outer loop
      vertex 44.2284 16.689 0.600001
      vertex 42.7284 18.089 0.600001
      vertex 44.2284 35.589 0.600001
    endloop
  endfacet
  facet normal 0 0 -1
    outer loop
      vertex 43.4284 15.889 0.600001
      vertex 44.2185 16.5639 0.600001
      vertex 44.1892 16.4418 0.600001
    endloop
  endfacet
  facet normal 0 0 -1
    outer loop
      vertex 42.7284 34.189 0.600001
      vertex 44.2284 35.589 0.600001
      vertex 42.7284 18.089 0.600001
    endloop
  endfacet
  facet normal 0 0 -1
    outer loop
      vertex 43.4284 15.889 0.600001
      vertex 44.1892 16.4418 0.600001
      vertex 44.1412 16.3258 0.600001
    endloop
  endfacet
  facet normal 0 0 -1
    outer loop
      vertex 42.7198 34.2985 0.600001
      vertex 44.2284 35.589 0.600001
      vertex 42.7284 34.189 0.600001
    endloop
  endfacet
  facet normal 0 0 -1
    outer loop
      vertex 43.4284 15.889 0.600001
      vertex 44.1412 16.3258 0.600001
      vertex 44.0756 16.2188 0.600001
    endloop
  endfacet
  facet normal 0 0 -1
    outer loop
      vertex 42.6941 34.4053 0.600001
      vertex 44.2284 35.589 0.600001
      vertex 42.7198 34.2985 0.600001
    endloop
  endfacet
  facet normal 0 0 -1
    outer loop
      vertex 43.4284 15.889 0.600001
      vertex 44.0756 16.2188 0.600001
      vertex 43.9941 16.1233 0.600001
    endloop
  endfacet
  facet normal 0 0 -1
    outer loop
      vertex 42.6521 34.5068 0.600001
      vertex 44.2284 35.589 0.600001
      vertex 42.6941 34.4053 0.600001
    endloop
  endfacet
  facet normal 0 0 -1
    outer loop
      vertex 43.4284 15.889 0.600001
      vertex 43.9941 16.1233 0.600001
      vertex 43.8986 16.0418 0.600001
    endloop
  endfacet
  facet normal 0 0 -1
    outer loop
      vertex 42.5947 34.6005 0.600001
      vertex 44.2284 35.589 0.600001
      vertex 42.6521 34.5068 0.600001
    endloop
  endfacet
  facet normal 0 0 -1
    outer loop
      vertex 43.4284 15.889 0.600001
      vertex 43.8986 16.0418 0.600001
      vertex 43.7916 15.9762 0.600001
    endloop
  endfacet
  facet normal 0 0 -1
    outer loop
      vertex 42.5234 34.684 0.600001
      vertex 44.2284 35.589 0.600001
      vertex 42.5947 34.6005 0.600001
    endloop
  endfacet
  facet normal 0 0 -1
    outer loop
      vertex 43.4284 15.889 0.600001
      vertex 43.7916 15.9762 0.600001
      vertex 43.6756 15.9282 0.600001
    endloop
  endfacet
  facet normal 0 -0 -1
    outer loop
      vertex 43.4284 36.389 0.600001
      vertex 44.2284 35.589 0.600001
      vertex 42.5234 34.684 0.600001
    endloop
  endfacet
  facet normal 0 0 -1
    outer loop
      vertex 43.4284 15.889 0.600001
      vertex 43.6756 15.9282 0.600001
      vertex 43.5535 15.8989 0.600001
    endloop
  endfacet
  facet normal 0 0 -1
    outer loop
      vertex 44.2284 35.589 0.600001
      vertex 43.4284 36.389 0.600001
      vertex 44.2185 35.7142 0.600001
    endloop
  endfacet
  facet normal -0 0 -1
    outer loop
      vertex 44.2284 16.689 0.600001
      vertex 43.4284 15.889 0.600001
      vertex 42.5234 17.594 0.600001
    endloop
  endfacet
  facet normal 0 0 -1
    outer loop
      vertex 44.2185 35.7142 0.600001
      vertex 43.4284 36.389 0.600001
      vertex 44.1892 35.8362 0.600001
    endloop
  endfacet
  facet normal 0 0 -1
    outer loop
      vertex 44.1892 35.8362 0.600001
      vertex 43.4284 36.389 0.600001
      vertex 44.1412 35.9522 0.600001
    endloop
  endfacet
  facet normal 0 0 -1
    outer loop
      vertex 44.2284 16.689 0.600001
      vertex 42.7198 17.9795 0.600001
      vertex 42.7284 18.089 0.600001
    endloop
  endfacet
  facet normal 0 0 -1
    outer loop
      vertex 44.2284 16.689 0.600001
      vertex 42.6941 17.8727 0.600001
      vertex 42.7198 17.9795 0.600001
    endloop
  endfacet
  facet normal 0 0 -1
    outer loop
      vertex 44.2284 16.689 0.600001
      vertex 42.6521 17.7712 0.600001
      vertex 42.6941 17.8727 0.600001
    endloop
  endfacet
  facet normal 0 0 -1
    outer loop
      vertex 44.2284 16.689 0.600001
      vertex 42.5947 17.6776 0.600001
      vertex 42.6521 17.7712 0.600001
    endloop
  endfacet
  facet normal 0 0 -1
    outer loop
      vertex 44.2284 16.689 0.600001
      vertex 42.5234 17.594 0.600001
      vertex 42.5947 17.6776 0.600001
    endloop
  endfacet
  facet normal 0 0 -1
    outer loop
      vertex 43.4284 15.889 0.600001
      vertex 42.4398 17.5227 0.600001
      vertex 42.5234 17.594 0.600001
    endloop
  endfacet
  facet normal 0 0 -1
    outer loop
      vertex 43.4284 15.889 0.600001
      vertex 42.3462 17.4653 0.600001
      vertex 42.4398 17.5227 0.600001
    endloop
  endfacet
  facet normal 0 0 -1
    outer loop
      vertex 43.4284 15.889 0.600001
      vertex 42.2447 17.4233 0.600001
      vertex 42.3462 17.4653 0.600001
    endloop
  endfacet
  facet normal 0 0 -1
    outer loop
      vertex 43.4284 15.889 0.600001
      vertex 42.1379 17.3976 0.600001
      vertex 42.2447 17.4233 0.600001
    endloop
  endfacet
  facet normal 0 0 -1
    outer loop
      vertex 43.4284 15.889 0.600001
      vertex 42.0284 17.389 0.600001
      vertex 42.1379 17.3976 0.600001
    endloop
  endfacet
  facet normal 0 0 -1
    outer loop
      vertex 43.4284 15.889 0.600001
      vertex 13.4284 17.389 0.600001
      vertex 42.0284 17.389 0.600001
    endloop
  endfacet
  facet normal -0 0 -1
    outer loop
      vertex 12.737 17.9795 0.600001
      vertex 11.2284 16.689 0.600001
      vertex 12.7284 18.089 0.600001
    endloop
  endfacet
  facet normal -0 0 -1
    outer loop
      vertex 12.7627 17.8727 0.600001
      vertex 11.2284 16.689 0.600001
      vertex 12.737 17.9795 0.600001
    endloop
  endfacet
  facet normal -0 0 -1
    outer loop
      vertex 12.8047 17.7712 0.600001
      vertex 11.2284 16.689 0.600001
      vertex 12.7627 17.8727 0.600001
    endloop
  endfacet
  facet normal -0 0 -1
    outer loop
      vertex 12.8621 17.6776 0.600001
      vertex 11.2284 16.689 0.600001
      vertex 12.8047 17.7712 0.600001
    endloop
  endfacet
  facet normal -0 0 -1
    outer loop
      vertex 12.9334 17.594 0.600001
      vertex 11.2284 16.689 0.600001
      vertex 12.8621 17.6776 0.600001
    endloop
  endfacet
  facet normal 0 0 -1
    outer loop
      vertex 11.2284 16.689 0.600001
      vertex 12.9334 17.594 0.600001
      vertex 12.0284 15.889 0.600001
    endloop
  endfacet
  facet normal -0 0 -1
    outer loop
      vertex 13.0169 17.5227 0.600001
      vertex 12.0284 15.889 0.600001
      vertex 12.9334 17.594 0.600001
    endloop
  endfacet
  facet normal -0 0 -1
    outer loop
      vertex 13.1106 17.4653 0.600001
      vertex 12.0284 15.889 0.600001
      vertex 13.0169 17.5227 0.600001
    endloop
  endfacet
  facet normal -0 0 -1
    outer loop
      vertex 13.2121 17.4233 0.600001
      vertex 12.0284 15.889 0.600001
      vertex 13.1106 17.4653 0.600001
    endloop
  endfacet
  facet normal -0 0 -1
    outer loop
      vertex 13.3189 17.3976 0.600001
      vertex 12.0284 15.889 0.600001
      vertex 13.2121 17.4233 0.600001
    endloop
  endfacet
  facet normal -0 0 -1
    outer loop
      vertex 13.4284 17.389 0.600001
      vertex 12.0284 15.889 0.600001
      vertex 13.3189 17.3976 0.600001
    endloop
  endfacet
  facet normal 0 0 -1
    outer loop
      vertex 12.0284 15.889 0.600001
      vertex 13.4284 17.389 0.600001
      vertex 43.4284 15.889 0.600001
    endloop
  endfacet
  facet normal 0 0 -1
    outer loop
      vertex 44.1412 35.9522 0.600001
      vertex 43.4284 36.389 0.600001
      vertex 44.0756 36.0592 0.600001
    endloop
  endfacet
  facet normal 0 0 -1
    outer loop
      vertex 44.0756 36.0592 0.600001
      vertex 43.4284 36.389 0.600001
      vertex 43.9941 36.1547 0.600001
    endloop
  endfacet
  facet normal 0 0 -1
    outer loop
      vertex 43.8986 36.2362 0.600001
      vertex 43.4284 36.389 0.600001
      vertex 43.7916 36.3018 0.600001
    endloop
  endfacet
  facet normal 0 0 -1
    outer loop
      vertex 43.7916 36.3018 0.600001
      vertex 43.4284 36.389 0.600001
      vertex 43.6756 36.3498 0.600001
    endloop
  endfacet
  facet normal 0 0 -1
    outer loop
      vertex 43.6756 36.3498 0.600001
      vertex 43.4284 36.389 0.600001
      vertex 43.5535 36.3792 0.600001
    endloop
  endfacet
  facet normal 0 0 -1
    outer loop
      vertex 43.9941 36.1547 0.600001
      vertex 43.4284 36.389 0.600001
      vertex 43.8986 36.2362 0.600001
    endloop
  endfacet
  facet normal 0 0 -1
    outer loop
      vertex 42.4398 34.7553 0.600001
      vertex 43.4284 36.389 0.600001
      vertex 42.5234 34.684 0.600001
    endloop
  endfacet
  facet normal 0 0 -1
    outer loop
      vertex 42.3462 34.8127 0.600001
      vertex 43.4284 36.389 0.600001
      vertex 42.4398 34.7553 0.600001
    endloop
  endfacet
  facet normal 0 0 -1
    outer loop
      vertex 42.2447 34.8547 0.600001
      vertex 43.4284 36.389 0.600001
      vertex 42.3462 34.8127 0.600001
    endloop
  endfacet
  facet normal 0 0 -1
    outer loop
      vertex 42.1379 34.8804 0.600001
      vertex 43.4284 36.389 0.600001
      vertex 42.2447 34.8547 0.600001
    endloop
  endfacet
  facet normal 0 0 -1
    outer loop
      vertex 42.0284 34.889 0.600001
      vertex 43.4284 36.389 0.600001
      vertex 42.1379 34.8804 0.600001
    endloop
  endfacet
  facet normal 0 0 -1
    outer loop
      vertex 13.4284 34.889 0.600001
      vertex 43.4284 36.389 0.600001
      vertex 42.0284 34.889 0.600001
    endloop
  endfacet
  facet normal 0 0 -1
    outer loop
      vertex 13.4284 34.889 0.600001
      vertex 12.0284 36.389 0.600001
      vertex 43.4284 36.389 0.600001
    endloop
  endfacet
  facet normal 0 0 -1
    outer loop
      vertex 13.3189 34.8804 0.600001
      vertex 12.0284 36.389 0.600001
      vertex 13.4284 34.889 0.600001
    endloop
  endfacet
  facet normal 0 0 -1
    outer loop
      vertex 13.2121 34.8547 0.600001
      vertex 12.0284 36.389 0.600001
      vertex 13.3189 34.8804 0.600001
    endloop
  endfacet
  facet normal 0 0 -1
    outer loop
      vertex 13.1106 34.8127 0.600001
      vertex 12.0284 36.389 0.600001
      vertex 13.2121 34.8547 0.600001
    endloop
  endfacet
  facet normal 0 0 -1
    outer loop
      vertex 13.0169 34.7553 0.600001
      vertex 12.0284 36.389 0.600001
      vertex 13.1106 34.8127 0.600001
    endloop
  endfacet
  facet normal 0 0 -1
    outer loop
      vertex 12.9334 34.684 0.600001
      vertex 12.0284 36.389 0.600001
      vertex 13.0169 34.7553 0.600001
    endloop
  endfacet
  facet normal 0 0 -1
    outer loop
      vertex 11.2284 35.589 0.600001
      vertex 12.9334 34.684 0.600001
      vertex 12.8621 34.6005 0.600001
    endloop
  endfacet
  facet normal 0 0 -1
    outer loop
      vertex 11.2284 35.589 0.600001
      vertex 12.8621 34.6005 0.600001
      vertex 12.8047 34.5068 0.600001
    endloop
  endfacet
  facet normal 0 0 -1
    outer loop
      vertex 11.2284 35.589 0.600001
      vertex 12.8047 34.5068 0.600001
      vertex 12.7627 34.4053 0.600001
    endloop
  endfacet
  facet normal 0 0 -1
    outer loop
      vertex 11.2284 35.589 0.600001
      vertex 12.7627 34.4053 0.600001
      vertex 12.737 34.2985 0.600001
    endloop
  endfacet
  facet normal 0 0 -1
    outer loop
      vertex 11.2284 35.589 0.600001
      vertex 12.737 34.2985 0.600001
      vertex 12.7284 34.189 0.600001
    endloop
  endfacet
  facet normal -0 0 -1
    outer loop
      vertex 12.7284 18.089 0.600001
      vertex 11.2284 16.689 0.600001
      vertex 12.7284 34.189 0.600001
    endloop
  endfacet
  facet normal 0 0 -1
    outer loop
      vertex 11.2284 16.689 0.600001
      vertex 12.0284 15.889 0.600001
      vertex 11.9032 15.8989 0.600001
    endloop
  endfacet
  facet normal 0 0 -1
    outer loop
      vertex 11.2284 35.589 0.600001
      vertex 12.7284 34.189 0.600001
      vertex 11.2284 16.689 0.600001
    endloop
  endfacet
  facet normal 0 0 -1
    outer loop
      vertex 11.2284 16.689 0.600001
      vertex 11.9032 15.8989 0.600001
      vertex 11.7812 15.9282 0.600001
    endloop
  endfacet
  facet normal 0 0 -1
    outer loop
      vertex 12.9334 34.684 0.600001
      vertex 11.2284 35.589 0.600001
      vertex 12.0284 36.389 0.600001
    endloop
  endfacet
  facet normal 0 0 -1
    outer loop
      vertex 11.2284 16.689 0.600001
      vertex 11.7812 15.9282 0.600001
      vertex 11.6652 15.9762 0.600001
    endloop
  endfacet
  facet normal 0 0 -1
    outer loop
      vertex 12.0284 36.389 0.600001
      vertex 11.2284 35.589 0.600001
      vertex 11.9032 36.3792 0.600001
    endloop
  endfacet
  facet normal 0 0 -1
    outer loop
      vertex 11.2284 16.689 0.600001
      vertex 11.6652 15.9762 0.600001
      vertex 11.5582 16.0418 0.600001
    endloop
  endfacet
  facet normal 0 0 -1
    outer loop
      vertex 11.9032 36.3792 0.600001
      vertex 11.2284 35.589 0.600001
      vertex 11.7812 36.3498 0.600001
    endloop
  endfacet
  facet normal 0 0 -1
    outer loop
      vertex 11.2284 16.689 0.600001
      vertex 11.5582 16.0418 0.600001
      vertex 11.4627 16.1233 0.600001
    endloop
  endfacet
  facet normal 0 0 -1
    outer loop
      vertex 11.7812 36.3498 0.600001
      vertex 11.2284 35.589 0.600001
      vertex 11.6652 36.3018 0.600001
    endloop
  endfacet
  facet normal 0 0 -1
    outer loop
      vertex 11.2284 16.689 0.600001
      vertex 11.4627 16.1233 0.600001
      vertex 11.3812 16.2188 0.600001
    endloop
  endfacet
  facet normal 0 0 -1
    outer loop
      vertex 11.6652 36.3018 0.600001
      vertex 11.2284 35.589 0.600001
      vertex 11.5582 36.2362 0.600001
    endloop
  endfacet
  facet normal 0 0 -1
    outer loop
      vertex 11.2284 16.689 0.600001
      vertex 11.3812 16.2188 0.600001
      vertex 11.3156 16.3258 0.600001
    endloop
  endfacet
  facet normal 0 0 -1
    outer loop
      vertex 11.5582 36.2362 0.600001
      vertex 11.2284 35.589 0.600001
      vertex 11.4627 36.1547 0.600001
    endloop
  endfacet
  facet normal 0 0 -1
    outer loop
      vertex 11.2284 16.689 0.600001
      vertex 11.3156 16.3258 0.600001
      vertex 11.2676 16.4418 0.600001
    endloop
  endfacet
  facet normal 0 0 -1
    outer loop
      vertex 11.4627 36.1547 0.600001
      vertex 11.2284 35.589 0.600001
      vertex 11.3812 36.0592 0.600001
    endloop
  endfacet
  facet normal 0 0 -1
    outer loop
      vertex 11.2284 16.689 0.600001
      vertex 11.2676 16.4418 0.600001
      vertex 11.2382 16.5639 0.600001
    endloop
  endfacet
  facet normal 0 0 -1
    outer loop
      vertex 11.3812 36.0592 0.600001
      vertex 11.2284 35.589 0.600001
      vertex 11.3156 35.9522 0.600001
    endloop
  endfacet
  facet normal 0 0 -1
    outer loop
      vertex 11.3156 35.9522 0.600001
      vertex 11.2284 35.589 0.600001
      vertex 11.2676 35.8362 0.600001
    endloop
  endfacet
  facet normal 0 0 -1
    outer loop
      vertex 11.2676 35.8362 0.600001
      vertex 11.2284 35.589 0.600001
      vertex 11.2382 35.7142 0.600001
    endloop
  endfacet
  facet normal 0.97236 -0.233488 0
    outer loop
      vertex 11.2382 35.7142 0.600001
      vertex 11.2676 35.8362 1.90735e-07
      vertex 11.2676 35.8362 0.600001
    endloop
  endfacet
  facet normal 0.97236 -0.233488 0
    outer loop
      vertex 11.2676 35.8362 1.90735e-07
      vertex 11.2382 35.7142 0.600001
      vertex 11.2382 35.7142 1.90735e-07
    endloop
  endfacet
  facet normal 1 -0 0
    outer loop
      vertex 11.2284 16.689 0.600001
      vertex 11.2284 35.589 1.90735e-07
      vertex 11.2284 35.589 0.600001
    endloop
  endfacet
  facet normal 1 0 0
    outer loop
      vertex 11.2284 35.589 1.90735e-07
      vertex 11.2284 16.689 0.600001
      vertex 11.2284 16.689 1.90735e-07
    endloop
  endfacet
  facet normal -0.996913 0.0785181 0
    outer loop
      vertex 44.2185 16.5639 1.90735e-07
      vertex 44.2284 16.689 0.600001
      vertex 44.2284 16.689 1.90735e-07
    endloop
  endfacet
  facet normal -0.996913 0.0785181 0
    outer loop
      vertex 44.2284 16.689 0.600001
      vertex 44.2185 16.5639 1.90735e-07
      vertex 44.2185 16.5639 0.600001
    endloop
  endfacet
  facet normal 0.996922 -0.0783973 0
    outer loop
      vertex 11.2284 35.589 0.600001
      vertex 11.2382 35.7142 1.90735e-07
      vertex 11.2382 35.7142 0.600001
    endloop
  endfacet
  facet normal 0.996922 -0.0783973 0
    outer loop
      vertex 11.2382 35.7142 1.90735e-07
      vertex 11.2284 35.589 0.600001
      vertex 11.2284 35.589 1.90735e-07
    endloop
  endfacet
  facet normal 0.0783973 -0.996922 0
    outer loop
      vertex 11.9032 36.3792 1.90735e-07
      vertex 12.0284 36.389 0.600001
      vertex 11.9032 36.3792 0.600001
    endloop
  endfacet
  facet normal 0.0783973 -0.996922 0
    outer loop
      vertex 12.0284 36.389 0.600001
      vertex 11.9032 36.3792 1.90735e-07
      vertex 12.0284 36.389 1.90735e-07
    endloop
  endfacet
  facet normal 0 1 -0
    outer loop
      vertex 43.4284 15.889 1.90735e-07
      vertex 12.0284 15.889 0.600001
      vertex 43.4284 15.889 0.600001
    endloop
  endfacet
  facet normal 0 1 0
    outer loop
      vertex 12.0284 15.889 0.600001
      vertex 43.4284 15.889 1.90735e-07
      vertex 12.0284 15.889 1.90735e-07
    endloop
  endfacet
  facet normal -0.522516 -0.852629 0
    outer loop
      vertex 43.7916 36.3018 1.90735e-07
      vertex 43.8986 36.2362 0.600001
      vertex 43.7916 36.3018 0.600001
    endloop
  endfacet
  facet normal -0.522516 -0.852629 -0
    outer loop
      vertex 43.8986 36.2362 0.600001
      vertex 43.7916 36.3018 1.90735e-07
      vertex 43.8986 36.2362 1.90735e-07
    endloop
  endfacet
  facet normal -1 0 0
    outer loop
      vertex 44.2284 16.689 1.90735e-07
      vertex 44.2284 35.589 0.600001
      vertex 44.2284 35.589 1.90735e-07
    endloop
  endfacet
  facet normal -1 -0 0
    outer loop
      vertex 44.2284 35.589 0.600001
      vertex 44.2284 16.689 1.90735e-07
      vertex 44.2284 16.689 0.600001
    endloop
  endfacet
  facet normal 0 -1 0
    outer loop
      vertex 12.0284 36.389 1.90735e-07
      vertex 43.4284 36.389 0.600001
      vertex 12.0284 36.389 0.600001
    endloop
  endfacet
  facet normal 0 -1 -0
    outer loop
      vertex 43.4284 36.389 0.600001
      vertex 12.0284 36.389 1.90735e-07
      vertex 43.4284 36.389 1.90735e-07
    endloop
  endfacet
  facet normal 0.382742 0.923855 -0
    outer loop
      vertex 11.7812 15.9282 1.90735e-07
      vertex 11.6652 15.9762 0.600001
      vertex 11.7812 15.9282 0.600001
    endloop
  endfacet
  facet normal 0.382742 0.923855 0
    outer loop
      vertex 11.6652 15.9762 0.600001
      vertex 11.7812 15.9282 1.90735e-07
      vertex 11.6652 15.9762 1.90735e-07
    endloop
  endfacet
  facet normal 0.996922 0.0783973 0
    outer loop
      vertex 11.2382 16.5639 0.600001
      vertex 11.2284 16.689 1.90735e-07
      vertex 11.2284 16.689 0.600001
    endloop
  endfacet
  facet normal 0.996922 0.0783973 0
    outer loop
      vertex 11.2284 16.689 1.90735e-07
      vertex 11.2382 16.5639 0.600001
      vertex 11.2382 16.5639 1.90735e-07
    endloop
  endfacet
  facet normal 0.852629 0.522516 0
    outer loop
      vertex 11.3812 16.2188 0.600001
      vertex 11.3156 16.3258 1.90735e-07
      vertex 11.3156 16.3258 0.600001
    endloop
  endfacet
  facet normal 0.852629 0.522516 0
    outer loop
      vertex 11.3156 16.3258 1.90735e-07
      vertex 11.3812 16.2188 0.600001
      vertex 11.3812 16.2188 1.90735e-07
    endloop
  endfacet
  facet normal -0.0783973 -0.996922 0
    outer loop
      vertex 43.4284 36.389 1.90735e-07
      vertex 43.5535 36.3792 0.600001
      vertex 43.4284 36.389 0.600001
    endloop
  endfacet
  facet normal -0.0783973 -0.996922 -0
    outer loop
      vertex 43.5535 36.3792 0.600001
      vertex 43.4284 36.389 1.90735e-07
      vertex 43.5535 36.3792 1.90735e-07
    endloop
  endfacet
  facet normal -0.972381 0.233401 0
    outer loop
      vertex 44.1892 16.4418 1.90735e-07
      vertex 44.2185 16.5639 0.600001
      vertex 44.2185 16.5639 1.90735e-07
    endloop
  endfacet
  facet normal -0.972381 0.233401 0
    outer loop
      vertex 44.2185 16.5639 0.600001
      vertex 44.1892 16.4418 1.90735e-07
      vertex 44.1892 16.4418 0.600001
    endloop
  endfacet
  facet normal -0.760414 0.649439 0
    outer loop
      vertex 43.9941 16.1233 1.90735e-07
      vertex 44.0756 16.2188 0.600001
      vertex 44.0756 16.2188 1.90735e-07
    endloop
  endfacet
  facet normal -0.760414 0.649439 0
    outer loop
      vertex 44.0756 16.2188 0.600001
      vertex 43.9941 16.1233 1.90735e-07
      vertex 43.9941 16.1233 0.600001
    endloop
  endfacet
  facet normal 0.0785181 0.996913 -0
    outer loop
      vertex 12.0284 15.889 1.90735e-07
      vertex 11.9032 15.8989 0.600001
      vertex 12.0284 15.889 0.600001
    endloop
  endfacet
  facet normal 0.0785181 0.996913 0
    outer loop
      vertex 11.9032 15.8989 0.600001
      vertex 12.0284 15.889 1.90735e-07
      vertex 11.9032 15.8989 1.90735e-07
    endloop
  endfacet
  facet normal 0.233373 0.972387 -0
    outer loop
      vertex 11.9032 15.8989 1.90735e-07
      vertex 11.7812 15.9282 0.600001
      vertex 11.9032 15.8989 0.600001
    endloop
  endfacet
  facet normal 0.233373 0.972387 0
    outer loop
      vertex 11.7812 15.9282 0.600001
      vertex 11.9032 15.8989 1.90735e-07
      vertex 11.7812 15.9282 1.90735e-07
    endloop
  endfacet
  facet normal 0.522477 0.852654 -0
    outer loop
      vertex 11.6652 15.9762 1.90735e-07
      vertex 11.5582 16.0418 0.600001
      vertex 11.6652 15.9762 0.600001
    endloop
  endfacet
  facet normal 0.522477 0.852654 0
    outer loop
      vertex 11.5582 16.0418 0.600001
      vertex 11.6652 15.9762 1.90735e-07
      vertex 11.5582 16.0418 1.90735e-07
    endloop
  endfacet
  facet normal 0.923898 0.382638 0
    outer loop
      vertex 11.3156 16.3258 0.600001
      vertex 11.2676 16.4418 1.90735e-07
      vertex 11.2676 16.4418 0.600001
    endloop
  endfacet
  facet normal 0.923898 0.382638 0
    outer loop
      vertex 11.2676 16.4418 1.90735e-07
      vertex 11.3156 16.3258 0.600001
      vertex 11.3156 16.3258 1.90735e-07
    endloop
  endfacet
  facet normal 0.972353 0.233515 0
    outer loop
      vertex 11.2676 16.4418 0.600001
      vertex 11.2382 16.5639 1.90735e-07
      vertex 11.2382 16.5639 0.600001
    endloop
  endfacet
  facet normal 0.972353 0.233515 0
    outer loop
      vertex 11.2382 16.5639 1.90735e-07
      vertex 11.2676 16.4418 0.600001
      vertex 11.2676 16.4418 1.90735e-07
    endloop
  endfacet
  facet normal 0.649439 0.760414 -0
    outer loop
      vertex 11.5582 16.0418 1.90735e-07
      vertex 11.4627 16.1233 0.600001
      vertex 11.5582 16.0418 0.600001
    endloop
  endfacet
  facet normal 0.649439 0.760414 0
    outer loop
      vertex 11.4627 16.1233 0.600001
      vertex 11.5582 16.0418 1.90735e-07
      vertex 11.4627 16.1233 1.90735e-07
    endloop
  endfacet
  facet normal 0.760414 0.649439 0
    outer loop
      vertex 11.4627 16.1233 0.600001
      vertex 11.3812 16.2188 1.90735e-07
      vertex 11.3812 16.2188 0.600001
    endloop
  endfacet
  facet normal 0.760414 0.649439 0
    outer loop
      vertex 11.3812 16.2188 1.90735e-07
      vertex 11.4627 16.1233 0.600001
      vertex 11.4627 16.1233 1.90735e-07
    endloop
  endfacet
  facet normal -0.760414 -0.649439 0
    outer loop
      vertex 44.0756 36.0592 1.90735e-07
      vertex 43.9941 36.1547 0.600001
      vertex 43.9941 36.1547 1.90735e-07
    endloop
  endfacet
  facet normal -0.760414 -0.649439 0
    outer loop
      vertex 43.9941 36.1547 0.600001
      vertex 44.0756 36.0592 1.90735e-07
      vertex 44.0756 36.0592 0.600001
    endloop
  endfacet
  facet normal -0.972387 -0.233373 0
    outer loop
      vertex 44.2185 35.7142 1.90735e-07
      vertex 44.1892 35.8362 0.600001
      vertex 44.1892 35.8362 1.90735e-07
    endloop
  endfacet
  facet normal -0.972387 -0.233373 0
    outer loop
      vertex 44.1892 35.8362 0.600001
      vertex 44.2185 35.7142 1.90735e-07
      vertex 44.2185 35.7142 0.600001
    endloop
  endfacet
  facet normal -0.85265 -0.522482 0
    outer loop
      vertex 44.1412 35.9522 1.90735e-07
      vertex 44.0756 36.0592 0.600001
      vertex 44.0756 36.0592 1.90735e-07
    endloop
  endfacet
  facet normal -0.85265 -0.522482 0
    outer loop
      vertex 44.0756 36.0592 0.600001
      vertex 44.1412 35.9522 1.90735e-07
      vertex 44.1412 35.9522 0.600001
    endloop
  endfacet
  facet normal 0.522571 -0.852596 0
    outer loop
      vertex 11.5582 36.2362 1.90735e-07
      vertex 11.6652 36.3018 0.600001
      vertex 11.5582 36.2362 0.600001
    endloop
  endfacet
  facet normal 0.522571 -0.852596 0
    outer loop
      vertex 11.6652 36.3018 0.600001
      vertex 11.5582 36.2362 1.90735e-07
      vertex 11.6652 36.3018 1.90735e-07
    endloop
  endfacet
  facet normal 0.233488 -0.97236 0
    outer loop
      vertex 11.7812 36.3498 1.90735e-07
      vertex 11.9032 36.3792 0.600001
      vertex 11.7812 36.3498 0.600001
    endloop
  endfacet
  facet normal 0.233488 -0.97236 0
    outer loop
      vertex 11.9032 36.3792 0.600001
      vertex 11.7812 36.3498 1.90735e-07
      vertex 11.9032 36.3792 1.90735e-07
    endloop
  endfacet
  facet normal 0.760414 -0.649439 0
    outer loop
      vertex 11.3812 36.0592 0.600001
      vertex 11.4627 36.1547 1.90735e-07
      vertex 11.4627 36.1547 0.600001
    endloop
  endfacet
  facet normal 0.760414 -0.649439 0
    outer loop
      vertex 11.4627 36.1547 1.90735e-07
      vertex 11.3812 36.0592 0.600001
      vertex 11.3812 36.0592 1.90735e-07
    endloop
  endfacet
  facet normal 0.923898 -0.382638 0
    outer loop
      vertex 11.2676 35.8362 0.600001
      vertex 11.3156 35.9522 1.90735e-07
      vertex 11.3156 35.9522 0.600001
    endloop
  endfacet
  facet normal 0.923898 -0.382638 0
    outer loop
      vertex 11.3156 35.9522 1.90735e-07
      vertex 11.2676 35.8362 0.600001
      vertex 11.2676 35.8362 1.90735e-07
    endloop
  endfacet
  facet normal -0.233515 -0.972353 0
    outer loop
      vertex 43.5535 36.3792 1.90735e-07
      vertex 43.6756 36.3498 0.600001
      vertex 43.5535 36.3792 0.600001
    endloop
  endfacet
  facet normal -0.233515 -0.972353 -0
    outer loop
      vertex 43.6756 36.3498 0.600001
      vertex 43.5535 36.3792 1.90735e-07
      vertex 43.6756 36.3498 1.90735e-07
    endloop
  endfacet
  facet normal -0.382638 -0.923898 0
    outer loop
      vertex 43.6756 36.3498 1.90735e-07
      vertex 43.7916 36.3018 0.600001
      vertex 43.6756 36.3498 0.600001
    endloop
  endfacet
  facet normal -0.382638 -0.923898 -0
    outer loop
      vertex 43.7916 36.3018 0.600001
      vertex 43.6756 36.3498 1.90735e-07
      vertex 43.7916 36.3018 1.90735e-07
    endloop
  endfacet
  facet normal -0.649439 0.760414 0
    outer loop
      vertex 43.9941 16.1233 1.90735e-07
      vertex 43.8986 16.0418 0.600001
      vertex 43.9941 16.1233 0.600001
    endloop
  endfacet
  facet normal -0.649439 0.760414 0
    outer loop
      vertex 43.8986 16.0418 0.600001
      vertex 43.9941 16.1233 1.90735e-07
      vertex 43.8986 16.0418 1.90735e-07
    endloop
  endfacet
  facet normal -0.0785181 0.996913 0
    outer loop
      vertex 43.5535 15.8989 1.90735e-07
      vertex 43.4284 15.889 0.600001
      vertex 43.5535 15.8989 0.600001
    endloop
  endfacet
  facet normal -0.0785181 0.996913 0
    outer loop
      vertex 43.4284 15.889 0.600001
      vertex 43.5535 15.8989 1.90735e-07
      vertex 43.4284 15.889 1.90735e-07
    endloop
  endfacet
  facet normal -0.233401 0.972381 0
    outer loop
      vertex 43.6756 15.9282 1.90735e-07
      vertex 43.5535 15.8989 0.600001
      vertex 43.6756 15.9282 0.600001
    endloop
  endfacet
  facet normal -0.233401 0.972381 0
    outer loop
      vertex 43.5535 15.8989 0.600001
      vertex 43.6756 15.9282 1.90735e-07
      vertex 43.5535 15.8989 1.90735e-07
    endloop
  endfacet
  facet normal -0.923855 0.382742 0
    outer loop
      vertex 44.1412 16.3258 1.90735e-07
      vertex 44.1892 16.4418 0.600001
      vertex 44.1892 16.4418 1.90735e-07
    endloop
  endfacet
  facet normal -0.923855 0.382742 0
    outer loop
      vertex 44.1892 16.4418 0.600001
      vertex 44.1412 16.3258 1.90735e-07
      vertex 44.1412 16.3258 0.600001
    endloop
  endfacet
  facet normal -0.649439 -0.760414 0
    outer loop
      vertex 43.8986 36.2362 1.90735e-07
      vertex 43.9941 36.1547 0.600001
      vertex 43.8986 36.2362 0.600001
    endloop
  endfacet
  facet normal -0.649439 -0.760414 -0
    outer loop
      vertex 43.9941 36.1547 0.600001
      vertex 43.8986 36.2362 1.90735e-07
      vertex 43.9941 36.1547 1.90735e-07
    endloop
  endfacet
  facet normal -0.996913 -0.0785181 0
    outer loop
      vertex 44.2284 35.589 1.90735e-07
      vertex 44.2185 35.7142 0.600001
      vertex 44.2185 35.7142 1.90735e-07
    endloop
  endfacet
  facet normal -0.996913 -0.0785181 0
    outer loop
      vertex 44.2185 35.7142 0.600001
      vertex 44.2284 35.589 1.90735e-07
      vertex 44.2284 35.589 0.600001
    endloop
  endfacet
  facet normal -0.923855 -0.382742 0
    outer loop
      vertex 44.1892 35.8362 1.90735e-07
      vertex 44.1412 35.9522 0.600001
      vertex 44.1412 35.9522 1.90735e-07
    endloop
  endfacet
  facet normal -0.923855 -0.382742 0
    outer loop
      vertex 44.1412 35.9522 0.600001
      vertex 44.1892 35.8362 1.90735e-07
      vertex 44.1892 35.8362 0.600001
    endloop
  endfacet
  facet normal 0.382638 -0.923898 0
    outer loop
      vertex 11.6652 36.3018 1.90735e-07
      vertex 11.7812 36.3498 0.600001
      vertex 11.6652 36.3018 0.600001
    endloop
  endfacet
  facet normal 0.382638 -0.923898 0
    outer loop
      vertex 11.7812 36.3498 0.600001
      vertex 11.6652 36.3018 1.90735e-07
      vertex 11.7812 36.3498 1.90735e-07
    endloop
  endfacet
  facet normal 0.649439 -0.760414 0
    outer loop
      vertex 11.4627 36.1547 1.90735e-07
      vertex 11.5582 36.2362 0.600001
      vertex 11.4627 36.1547 0.600001
    endloop
  endfacet
  facet normal 0.649439 -0.760414 0
    outer loop
      vertex 11.5582 36.2362 0.600001
      vertex 11.4627 36.1547 1.90735e-07
      vertex 11.5582 36.2362 1.90735e-07
    endloop
  endfacet
  facet normal 0.852596 -0.522571 0
    outer loop
      vertex 11.3156 35.9522 0.600001
      vertex 11.3812 36.0592 1.90735e-07
      vertex 11.3812 36.0592 0.600001
    endloop
  endfacet
  facet normal 0.852596 -0.522571 0
    outer loop
      vertex 11.3812 36.0592 1.90735e-07
      vertex 11.3156 35.9522 0.600001
      vertex 11.3156 35.9522 1.90735e-07
    endloop
  endfacet
  facet normal -0.382742 0.923855 0
    outer loop
      vertex 43.7916 15.9762 1.90735e-07
      vertex 43.6756 15.9282 0.600001
      vertex 43.7916 15.9762 0.600001
    endloop
  endfacet
  facet normal -0.382742 0.923855 0
    outer loop
      vertex 43.6756 15.9282 0.600001
      vertex 43.7916 15.9762 1.90735e-07
      vertex 43.6756 15.9282 1.90735e-07
    endloop
  endfacet
  facet normal -0.522423 0.852687 0
    outer loop
      vertex 43.8986 16.0418 1.90735e-07
      vertex 43.7916 15.9762 0.600001
      vertex 43.8986 16.0418 0.600001
    endloop
  endfacet
  facet normal -0.522423 0.852687 0
    outer loop
      vertex 43.7916 15.9762 0.600001
      vertex 43.8986 16.0418 1.90735e-07
      vertex 43.7916 15.9762 1.90735e-07
    endloop
  endfacet
  facet normal -0.852683 0.522428 0
    outer loop
      vertex 44.0756 16.2188 1.90735e-07
      vertex 44.1412 16.3258 0.600001
      vertex 44.1412 16.3258 1.90735e-07
    endloop
  endfacet
  facet normal -0.852683 0.522428 0
    outer loop
      vertex 44.1412 16.3258 0.600001
      vertex 44.0756 16.2188 1.90735e-07
      vertex 44.0756 16.2188 0.600001
    endloop
  endfacet
  facet normal -0.996917 0.0784609 0
    outer loop
      vertex 47.354 22.1987 1.90735e-07
      vertex 47.3688 22.3864 1.6
      vertex 47.3688 22.3864 1.90735e-07
    endloop
  endfacet
  facet normal -0.996917 0.0784609 0
    outer loop
      vertex 47.3688 22.3864 1.6
      vertex 47.354 22.1987 1.90735e-07
      vertex 47.354 22.1987 1.6
    endloop
  endfacet
  facet normal 0.0784609 0.996917 -0
    outer loop
      vertex 46.1688 21.1864 1.90735e-07
      vertex 45.9811 21.2012 1.6
      vertex 46.1688 21.1864 1.6
    endloop
  endfacet
  facet normal 0.0784609 0.996917 0
    outer loop
      vertex 45.9811 21.2012 1.6
      vertex 46.1688 21.1864 1.90735e-07
      vertex 45.9811 21.2012 1.90735e-07
    endloop
  endfacet
  facet normal -0.0784609 -0.996917 0
    outer loop
      vertex 46.1688 23.5864 1.90735e-07
      vertex 46.3565 23.5716 1.6
      vertex 46.1688 23.5864 1.6
    endloop
  endfacet
  facet normal -0.0784609 -0.996917 -0
    outer loop
      vertex 46.3565 23.5716 1.6
      vertex 46.1688 23.5864 1.90735e-07
      vertex 46.3565 23.5716 1.90735e-07
    endloop
  endfacet
  facet normal -0.649449 0.760405 0
    outer loop
      vertex 47.0173 21.5379 1.90735e-07
      vertex 46.8741 21.4156 1.6
      vertex 47.0173 21.5379 1.6
    endloop
  endfacet
  facet normal -0.649449 0.760405 0
    outer loop
      vertex 46.8741 21.4156 1.6
      vertex 47.0173 21.5379 1.90735e-07
      vertex 46.8741 21.4156 1.90735e-07
    endloop
  endfacet
  facet normal 0.760405 0.649449 0
    outer loop
      vertex 45.3203 21.5379 1.6
      vertex 45.198 21.6811 1.90735e-07
      vertex 45.198 21.6811 1.6
    endloop
  endfacet
  facet normal 0.760405 0.649449 0
    outer loop
      vertex 45.198 21.6811 1.90735e-07
      vertex 45.3203 21.5379 1.6
      vertex 45.3203 21.5379 1.90735e-07
    endloop
  endfacet
  facet normal 0.38268 0.923881 -0
    outer loop
      vertex 45.798 21.2451 1.90735e-07
      vertex 45.624 21.3172 1.6
      vertex 45.798 21.2451 1.6
    endloop
  endfacet
  facet normal 0.38268 0.923881 0
    outer loop
      vertex 45.624 21.3172 1.6
      vertex 45.798 21.2451 1.90735e-07
      vertex 45.624 21.3172 1.90735e-07
    endloop
  endfacet
  facet normal -0.852645 -0.52249 0
    outer loop
      vertex 47.238 22.9312 1.90735e-07
      vertex 47.1396 23.0917 1.6
      vertex 47.1396 23.0917 1.90735e-07
    endloop
  endfacet
  facet normal -0.852645 -0.52249 0
    outer loop
      vertex 47.1396 23.0917 1.6
      vertex 47.238 22.9312 1.90735e-07
      vertex 47.238 22.9312 1.6
    endloop
  endfacet
  facet normal -0.92388 0.382683 0
    outer loop
      vertex 47.238 21.8416 1.90735e-07
      vertex 47.3101 22.0156 1.6
      vertex 47.3101 22.0156 1.90735e-07
    endloop
  endfacet
  facet normal -0.92388 0.382683 0
    outer loop
      vertex 47.3101 22.0156 1.6
      vertex 47.238 21.8416 1.90735e-07
      vertex 47.238 21.8416 1.6
    endloop
  endfacet
  facet normal -0.972367 0.233456 0
    outer loop
      vertex 47.3101 22.0156 1.90735e-07
      vertex 47.354 22.1987 1.6
      vertex 47.354 22.1987 1.90735e-07
    endloop
  endfacet
  facet normal -0.972367 0.233456 0
    outer loop
      vertex 47.354 22.1987 1.6
      vertex 47.3101 22.0156 1.90735e-07
      vertex 47.3101 22.0156 1.6
    endloop
  endfacet
  facet normal -0.852648 0.522486 0
    outer loop
      vertex 47.1396 21.6811 1.90735e-07
      vertex 47.238 21.8416 1.6
      vertex 47.238 21.8416 1.90735e-07
    endloop
  endfacet
  facet normal -0.852648 0.522486 0
    outer loop
      vertex 47.238 21.8416 1.6
      vertex 47.1396 21.6811 1.90735e-07
      vertex 47.1396 21.6811 1.6
    endloop
  endfacet
  facet normal -0.38268 0.923881 0
    outer loop
      vertex 46.7136 21.3172 1.90735e-07
      vertex 46.5396 21.2451 1.6
      vertex 46.7136 21.3172 1.6
    endloop
  endfacet
  facet normal -0.38268 0.923881 0
    outer loop
      vertex 46.5396 21.2451 1.6
      vertex 46.7136 21.3172 1.90735e-07
      vertex 46.5396 21.2451 1.90735e-07
    endloop
  endfacet
  facet normal -0.522505 0.852636 0
    outer loop
      vertex 46.8741 21.4156 1.90735e-07
      vertex 46.7136 21.3172 1.6
      vertex 46.8741 21.4156 1.6
    endloop
  endfacet
  facet normal -0.522505 0.852636 0
    outer loop
      vertex 46.7136 21.3172 1.6
      vertex 46.8741 21.4156 1.90735e-07
      vertex 46.7136 21.3172 1.90735e-07
    endloop
  endfacet
  facet normal 0.92388 0.382683 0
    outer loop
      vertex 45.0996 21.8416 1.6
      vertex 45.0275 22.0156 1.90735e-07
      vertex 45.0275 22.0156 1.6
    endloop
  endfacet
  facet normal 0.92388 0.382683 0
    outer loop
      vertex 45.0275 22.0156 1.90735e-07
      vertex 45.0996 21.8416 1.6
      vertex 45.0996 21.8416 1.90735e-07
    endloop
  endfacet
  facet normal 0.852639 0.522501 0
    outer loop
      vertex 45.198 21.6811 1.6
      vertex 45.0996 21.8416 1.90735e-07
      vertex 45.0996 21.8416 1.6
    endloop
  endfacet
  facet normal 0.852639 0.522501 0
    outer loop
      vertex 45.0996 21.8416 1.90735e-07
      vertex 45.198 21.6811 1.6
      vertex 45.198 21.6811 1.90735e-07
    endloop
  endfacet
  facet normal 0.996917 0.0784609 0
    outer loop
      vertex 44.9836 22.1987 1.6
      vertex 44.9688 22.3864 1.90735e-07
      vertex 44.9688 22.3864 1.6
    endloop
  endfacet
  facet normal 0.996917 0.0784609 0
    outer loop
      vertex 44.9688 22.3864 1.90735e-07
      vertex 44.9836 22.1987 1.6
      vertex 44.9836 22.1987 1.90735e-07
    endloop
  endfacet
  facet normal 0.649439 0.760414 -0
    outer loop
      vertex 45.4635 21.4156 1.90735e-07
      vertex 45.3203 21.5379 1.6
      vertex 45.4635 21.4156 1.6
    endloop
  endfacet
  facet normal 0.649439 0.760414 0
    outer loop
      vertex 45.3203 21.5379 1.6
      vertex 45.4635 21.4156 1.90735e-07
      vertex 45.3203 21.5379 1.90735e-07
    endloop
  endfacet
  facet normal 0.233449 0.972369 -0
    outer loop
      vertex 45.9811 21.2012 1.90735e-07
      vertex 45.798 21.2451 1.6
      vertex 45.9811 21.2012 1.6
    endloop
  endfacet
  facet normal 0.233449 0.972369 0
    outer loop
      vertex 45.798 21.2451 1.6
      vertex 45.9811 21.2012 1.90735e-07
      vertex 45.798 21.2451 1.90735e-07
    endloop
  endfacet
  facet normal -0.233449 -0.972369 0
    outer loop
      vertex 46.3565 23.5716 1.90735e-07
      vertex 46.5396 23.5277 1.6
      vertex 46.3565 23.5716 1.6
    endloop
  endfacet
  facet normal -0.233449 -0.972369 -0
    outer loop
      vertex 46.5396 23.5277 1.6
      vertex 46.3565 23.5716 1.90735e-07
      vertex 46.5396 23.5277 1.90735e-07
    endloop
  endfacet
  facet normal -0.760395 0.649461 0
    outer loop
      vertex 47.0173 21.5379 1.90735e-07
      vertex 47.1396 21.6811 1.6
      vertex 47.1396 21.6811 1.90735e-07
    endloop
  endfacet
  facet normal -0.760395 0.649461 0
    outer loop
      vertex 47.1396 21.6811 1.6
      vertex 47.0173 21.5379 1.90735e-07
      vertex 47.0173 21.5379 1.6
    endloop
  endfacet
  facet normal -0.233449 0.972369 0
    outer loop
      vertex 46.5396 21.2451 1.90735e-07
      vertex 46.3565 21.2012 1.6
      vertex 46.5396 21.2451 1.6
    endloop
  endfacet
  facet normal -0.233449 0.972369 0
    outer loop
      vertex 46.3565 21.2012 1.6
      vertex 46.5396 21.2451 1.90735e-07
      vertex 46.3565 21.2012 1.90735e-07
    endloop
  endfacet
  facet normal -0.0784609 0.996917 0
    outer loop
      vertex 46.3565 21.2012 1.90735e-07
      vertex 46.1688 21.1864 1.6
      vertex 46.3565 21.2012 1.6
    endloop
  endfacet
  facet normal -0.0784609 0.996917 0
    outer loop
      vertex 46.1688 21.1864 1.6
      vertex 46.3565 21.2012 1.90735e-07
      vertex 46.1688 21.1864 1.90735e-07
    endloop
  endfacet
  facet normal 0.972372 0.233437 0
    outer loop
      vertex 45.0275 22.0156 1.6
      vertex 44.9836 22.1987 1.90735e-07
      vertex 44.9836 22.1987 1.6
    endloop
  endfacet
  facet normal 0.972372 0.233437 0
    outer loop
      vertex 44.9836 22.1987 1.90735e-07
      vertex 45.0275 22.0156 1.6
      vertex 45.0275 22.0156 1.90735e-07
    endloop
  endfacet
  facet normal 0.996917 -0.0784609 0
    outer loop
      vertex 44.9688 22.3864 1.6
      vertex 44.9836 22.5741 1.90735e-07
      vertex 44.9836 22.5741 1.6
    endloop
  endfacet
  facet normal 0.996917 -0.0784609 0
    outer loop
      vertex 44.9836 22.5741 1.90735e-07
      vertex 44.9688 22.3864 1.6
      vertex 44.9688 22.3864 1.90735e-07
    endloop
  endfacet
  facet normal -0.760399 -0.649456 0
    outer loop
      vertex 47.1396 23.0917 1.90735e-07
      vertex 47.0173 23.2349 1.6
      vertex 47.0173 23.2349 1.90735e-07
    endloop
  endfacet
  facet normal -0.760399 -0.649456 0
    outer loop
      vertex 47.0173 23.2349 1.6
      vertex 47.1396 23.0917 1.90735e-07
      vertex 47.1396 23.0917 1.6
    endloop
  endfacet
  facet normal -0.92388 -0.382683 0
    outer loop
      vertex 47.3101 22.7572 1.90735e-07
      vertex 47.238 22.9312 1.6
      vertex 47.238 22.9312 1.90735e-07
    endloop
  endfacet
  facet normal -0.92388 -0.382683 0
    outer loop
      vertex 47.238 22.9312 1.6
      vertex 47.3101 22.7572 1.90735e-07
      vertex 47.3101 22.7572 1.6
    endloop
  endfacet
  facet normal -0.972367 -0.233456 0
    outer loop
      vertex 47.354 22.5741 1.90735e-07
      vertex 47.3101 22.7572 1.6
      vertex 47.3101 22.7572 1.90735e-07
    endloop
  endfacet
  facet normal -0.972367 -0.233456 0
    outer loop
      vertex 47.3101 22.7572 1.6
      vertex 47.354 22.5741 1.90735e-07
      vertex 47.354 22.5741 1.6
    endloop
  endfacet
  facet normal 0.972372 -0.233437 0
    outer loop
      vertex 44.9836 22.5741 1.6
      vertex 45.0275 22.7572 1.90735e-07
      vertex 45.0275 22.7572 1.6
    endloop
  endfacet
  facet normal 0.972372 -0.233437 0
    outer loop
      vertex 45.0275 22.7572 1.90735e-07
      vertex 44.9836 22.5741 1.6
      vertex 44.9836 22.5741 1.90735e-07
    endloop
  endfacet
  facet normal -0.38268 -0.923881 0
    outer loop
      vertex 46.5396 23.5277 1.90735e-07
      vertex 46.7136 23.4556 1.6
      vertex 46.5396 23.5277 1.6
    endloop
  endfacet
  facet normal -0.38268 -0.923881 -0
    outer loop
      vertex 46.7136 23.4556 1.6
      vertex 46.5396 23.5277 1.90735e-07
      vertex 46.7136 23.4556 1.90735e-07
    endloop
  endfacet
  facet normal 0.522505 0.852636 -0
    outer loop
      vertex 45.624 21.3172 1.90735e-07
      vertex 45.4635 21.4156 1.6
      vertex 45.624 21.3172 1.6
    endloop
  endfacet
  facet normal 0.522505 0.852636 0
    outer loop
      vertex 45.4635 21.4156 1.6
      vertex 45.624 21.3172 1.90735e-07
      vertex 45.4635 21.4156 1.90735e-07
    endloop
  endfacet
  facet normal -0.522505 -0.852636 0
    outer loop
      vertex 46.7136 23.4556 1.90735e-07
      vertex 46.8741 23.3572 1.6
      vertex 46.7136 23.4556 1.6
    endloop
  endfacet
  facet normal -0.522505 -0.852636 -0
    outer loop
      vertex 46.8741 23.3572 1.6
      vertex 46.7136 23.4556 1.90735e-07
      vertex 46.8741 23.3572 1.90735e-07
    endloop
  endfacet
  facet normal -0.996917 -0.0784609 0
    outer loop
      vertex 47.3688 22.3864 1.90735e-07
      vertex 47.354 22.5741 1.6
      vertex 47.354 22.5741 1.90735e-07
    endloop
  endfacet
  facet normal -0.996917 -0.0784609 0
    outer loop
      vertex 47.354 22.5741 1.6
      vertex 47.3688 22.3864 1.90735e-07
      vertex 47.3688 22.3864 1.6
    endloop
  endfacet
  facet normal 0.233449 -0.972369 0
    outer loop
      vertex 45.798 23.5277 1.90735e-07
      vertex 45.9811 23.5716 1.6
      vertex 45.798 23.5277 1.6
    endloop
  endfacet
  facet normal 0.233449 -0.972369 0
    outer loop
      vertex 45.9811 23.5716 1.6
      vertex 45.798 23.5277 1.90735e-07
      vertex 45.9811 23.5716 1.90735e-07
    endloop
  endfacet
  facet normal 0.649439 -0.760414 0
    outer loop
      vertex 45.3203 23.2349 1.90735e-07
      vertex 45.4635 23.3572 1.6
      vertex 45.3203 23.2349 1.6
    endloop
  endfacet
  facet normal 0.649439 -0.760414 0
    outer loop
      vertex 45.4635 23.3572 1.6
      vertex 45.3203 23.2349 1.90735e-07
      vertex 45.4635 23.3572 1.90735e-07
    endloop
  endfacet
  facet normal 0.92388 -0.382683 0
    outer loop
      vertex 45.0275 22.7572 1.6
      vertex 45.0996 22.9312 1.90735e-07
      vertex 45.0996 22.9312 1.6
    endloop
  endfacet
  facet normal 0.92388 -0.382683 0
    outer loop
      vertex 45.0996 22.9312 1.90735e-07
      vertex 45.0275 22.7572 1.6
      vertex 45.0275 22.7572 1.90735e-07
    endloop
  endfacet
  facet normal -0.649449 -0.760405 0
    outer loop
      vertex 46.8741 23.3572 1.90735e-07
      vertex 47.0173 23.2349 1.6
      vertex 46.8741 23.3572 1.6
    endloop
  endfacet
  facet normal -0.649449 -0.760405 -0
    outer loop
      vertex 47.0173 23.2349 1.6
      vertex 46.8741 23.3572 1.90735e-07
      vertex 47.0173 23.2349 1.90735e-07
    endloop
  endfacet
  facet normal 0.0784609 -0.996917 0
    outer loop
      vertex 45.9811 23.5716 1.90735e-07
      vertex 46.1688 23.5864 1.6
      vertex 45.9811 23.5716 1.6
    endloop
  endfacet
  facet normal 0.0784609 -0.996917 0
    outer loop
      vertex 46.1688 23.5864 1.6
      vertex 45.9811 23.5716 1.90735e-07
      vertex 46.1688 23.5864 1.90735e-07
    endloop
  endfacet
  facet normal 0.38268 -0.923881 0
    outer loop
      vertex 45.624 23.4556 1.90735e-07
      vertex 45.798 23.5277 1.6
      vertex 45.624 23.4556 1.6
    endloop
  endfacet
  facet normal 0.38268 -0.923881 0
    outer loop
      vertex 45.798 23.5277 1.6
      vertex 45.624 23.4556 1.90735e-07
      vertex 45.798 23.5277 1.90735e-07
    endloop
  endfacet
  facet normal 0.760409 -0.649444 0
    outer loop
      vertex 45.198 23.0917 1.6
      vertex 45.3203 23.2349 1.90735e-07
      vertex 45.3203 23.2349 1.6
    endloop
  endfacet
  facet normal 0.760409 -0.649444 0
    outer loop
      vertex 45.3203 23.2349 1.90735e-07
      vertex 45.198 23.0917 1.6
      vertex 45.198 23.0917 1.90735e-07
    endloop
  endfacet
  facet normal 0.852636 -0.522505 0
    outer loop
      vertex 45.0996 22.9312 1.6
      vertex 45.198 23.0917 1.90735e-07
      vertex 45.198 23.0917 1.6
    endloop
  endfacet
  facet normal 0.852636 -0.522505 0
    outer loop
      vertex 45.198 23.0917 1.90735e-07
      vertex 45.0996 22.9312 1.6
      vertex 45.0996 22.9312 1.90735e-07
    endloop
  endfacet
  facet normal 0.522505 -0.852636 0
    outer loop
      vertex 45.4635 23.3572 1.90735e-07
      vertex 45.624 23.4556 1.6
      vertex 45.4635 23.3572 1.6
    endloop
  endfacet
  facet normal 0.522505 -0.852636 0
    outer loop
      vertex 45.624 23.4556 1.6
      vertex 45.4635 23.3572 1.90735e-07
      vertex 45.624 23.4556 1.90735e-07
    endloop
  endfacet
  facet normal -0.996917 0.0784609 0
    outer loop
      vertex 52.1038 22.1987 1.90735e-07
      vertex 52.1186 22.3864 1.6
      vertex 52.1186 22.3864 1.90735e-07
    endloop
  endfacet
  facet normal -0.996917 0.0784609 0
    outer loop
      vertex 52.1186 22.3864 1.6
      vertex 52.1038 22.1987 1.90735e-07
      vertex 52.1038 22.1987 1.6
    endloop
  endfacet
  facet normal 0.996917 0.0784609 0
    outer loop
      vertex 49.7334 22.1987 1.6
      vertex 49.7186 22.3864 1.90735e-07
      vertex 49.7186 22.3864 1.6
    endloop
  endfacet
  facet normal 0.996917 0.0784609 0
    outer loop
      vertex 49.7186 22.3864 1.90735e-07
      vertex 49.7334 22.1987 1.6
      vertex 49.7334 22.1987 1.90735e-07
    endloop
  endfacet
  facet normal -0.0784609 0.996917 0
    outer loop
      vertex 51.1063 21.2012 1.90735e-07
      vertex 50.9186 21.1864 1.6
      vertex 51.1063 21.2012 1.6
    endloop
  endfacet
  facet normal -0.0784609 0.996917 0
    outer loop
      vertex 50.9186 21.1864 1.6
      vertex 51.1063 21.2012 1.90735e-07
      vertex 50.9186 21.1864 1.90735e-07
    endloop
  endfacet
  facet normal 0.0784609 -0.996917 0
    outer loop
      vertex 50.7309 23.5716 1.90735e-07
      vertex 50.9186 23.5864 1.6
      vertex 50.7309 23.5716 1.6
    endloop
  endfacet
  facet normal 0.0784609 -0.996917 0
    outer loop
      vertex 50.9186 23.5864 1.6
      vertex 50.7309 23.5716 1.90735e-07
      vertex 50.9186 23.5864 1.90735e-07
    endloop
  endfacet
  facet normal -0.760405 0.649449 0
    outer loop
      vertex 51.7671 21.5379 1.90735e-07
      vertex 51.8894 21.6811 1.6
      vertex 51.8894 21.6811 1.90735e-07
    endloop
  endfacet
  facet normal -0.760405 0.649449 0
    outer loop
      vertex 51.8894 21.6811 1.6
      vertex 51.7671 21.5379 1.90735e-07
      vertex 51.7671 21.5379 1.6
    endloop
  endfacet
  facet normal 0.649449 0.760405 -0
    outer loop
      vertex 50.2133 21.4156 1.90735e-07
      vertex 50.0701 21.5379 1.6
      vertex 50.2133 21.4156 1.6
    endloop
  endfacet
  facet normal 0.649449 0.760405 0
    outer loop
      vertex 50.0701 21.5379 1.6
      vertex 50.2133 21.4156 1.90735e-07
      vertex 50.0701 21.5379 1.90735e-07
    endloop
  endfacet
  facet normal 0.233449 0.972369 -0
    outer loop
      vertex 50.7309 21.2012 1.90735e-07
      vertex 50.5478 21.2451 1.6
      vertex 50.7309 21.2012 1.6
    endloop
  endfacet
  facet normal 0.233449 0.972369 0
    outer loop
      vertex 50.5478 21.2451 1.6
      vertex 50.7309 21.2012 1.90735e-07
      vertex 50.5478 21.2451 1.90735e-07
    endloop
  endfacet
  facet normal -0.92388 0.382683 0
    outer loop
      vertex 51.9878 21.8416 1.90735e-07
      vertex 52.0599 22.0156 1.6
      vertex 52.0599 22.0156 1.90735e-07
    endloop
  endfacet
  facet normal -0.92388 0.382683 0
    outer loop
      vertex 52.0599 22.0156 1.6
      vertex 51.9878 21.8416 1.90735e-07
      vertex 51.9878 21.8416 1.6
    endloop
  endfacet
  facet normal -0.972372 0.233437 0
    outer loop
      vertex 52.0599 22.0156 1.90735e-07
      vertex 52.1038 22.1987 1.6
      vertex 52.1038 22.1987 1.90735e-07
    endloop
  endfacet
  facet normal -0.972372 0.233437 0
    outer loop
      vertex 52.1038 22.1987 1.6
      vertex 52.0599 22.0156 1.90735e-07
      vertex 52.0599 22.0156 1.6
    endloop
  endfacet
  facet normal -0.852639 0.522501 0
    outer loop
      vertex 51.8894 21.6811 1.90735e-07
      vertex 51.9878 21.8416 1.6
      vertex 51.9878 21.8416 1.90735e-07
    endloop
  endfacet
  facet normal -0.852639 0.522501 0
    outer loop
      vertex 51.9878 21.8416 1.6
      vertex 51.8894 21.6811 1.90735e-07
      vertex 51.8894 21.6811 1.6
    endloop
  endfacet
  facet normal -0.382687 0.923878 0
    outer loop
      vertex 51.4634 21.3172 1.90735e-07
      vertex 51.2894 21.2451 1.6
      vertex 51.4634 21.3172 1.6
    endloop
  endfacet
  facet normal -0.382687 0.923878 0
    outer loop
      vertex 51.2894 21.2451 1.6
      vertex 51.4634 21.3172 1.90735e-07
      vertex 51.2894 21.2451 1.90735e-07
    endloop
  endfacet
  facet normal -0.233445 0.97237 0
    outer loop
      vertex 51.2894 21.2451 1.90735e-07
      vertex 51.1063 21.2012 1.6
      vertex 51.2894 21.2451 1.6
    endloop
  endfacet
  facet normal -0.233445 0.97237 0
    outer loop
      vertex 51.1063 21.2012 1.6
      vertex 51.2894 21.2451 1.90735e-07
      vertex 51.1063 21.2012 1.90735e-07
    endloop
  endfacet
  facet normal -0.649449 0.760405 0
    outer loop
      vertex 51.7671 21.5379 1.90735e-07
      vertex 51.6239 21.4156 1.6
      vertex 51.7671 21.5379 1.6
    endloop
  endfacet
  facet normal -0.649449 0.760405 0
    outer loop
      vertex 51.6239 21.4156 1.6
      vertex 51.7671 21.5379 1.90735e-07
      vertex 51.6239 21.4156 1.90735e-07
    endloop
  endfacet
  facet normal 0.92388 0.382683 0
    outer loop
      vertex 49.8494 21.8416 1.6
      vertex 49.7773 22.0156 1.90735e-07
      vertex 49.7773 22.0156 1.6
    endloop
  endfacet
  facet normal 0.92388 0.382683 0
    outer loop
      vertex 49.7773 22.0156 1.90735e-07
      vertex 49.8494 21.8416 1.6
      vertex 49.8494 21.8416 1.90735e-07
    endloop
  endfacet
  facet normal 0.760405 0.649449 0
    outer loop
      vertex 50.0701 21.5379 1.6
      vertex 49.9478 21.6811 1.90735e-07
      vertex 49.9478 21.6811 1.6
    endloop
  endfacet
  facet normal 0.760405 0.649449 0
    outer loop
      vertex 49.9478 21.6811 1.90735e-07
      vertex 50.0701 21.5379 1.6
      vertex 50.0701 21.5379 1.90735e-07
    endloop
  endfacet
  facet normal 0.972372 0.233437 0
    outer loop
      vertex 49.7773 22.0156 1.6
      vertex 49.7334 22.1987 1.90735e-07
      vertex 49.7334 22.1987 1.6
    endloop
  endfacet
  facet normal 0.972372 0.233437 0
    outer loop
      vertex 49.7334 22.1987 1.90735e-07
      vertex 49.7773 22.0156 1.6
      vertex 49.7773 22.0156 1.90735e-07
    endloop
  endfacet
  facet normal 0.38268 0.923881 -0
    outer loop
      vertex 50.5478 21.2451 1.90735e-07
      vertex 50.3738 21.3172 1.6
      vertex 50.5478 21.2451 1.6
    endloop
  endfacet
  facet normal 0.38268 0.923881 0
    outer loop
      vertex 50.3738 21.3172 1.6
      vertex 50.5478 21.2451 1.90735e-07
      vertex 50.3738 21.3172 1.90735e-07
    endloop
  endfacet
  facet normal 0.0784609 0.996917 -0
    outer loop
      vertex 50.9186 21.1864 1.90735e-07
      vertex 50.7309 21.2012 1.6
      vertex 50.9186 21.1864 1.6
    endloop
  endfacet
  facet normal 0.0784609 0.996917 0
    outer loop
      vertex 50.7309 21.2012 1.6
      vertex 50.9186 21.1864 1.90735e-07
      vertex 50.7309 21.2012 1.90735e-07
    endloop
  endfacet
  facet normal -0.0784609 -0.996917 0
    outer loop
      vertex 50.9186 23.5864 1.90735e-07
      vertex 51.1063 23.5716 1.6
      vertex 50.9186 23.5864 1.6
    endloop
  endfacet
  facet normal -0.0784609 -0.996917 -0
    outer loop
      vertex 51.1063 23.5716 1.6
      vertex 50.9186 23.5864 1.90735e-07
      vertex 51.1063 23.5716 1.90735e-07
    endloop
  endfacet
  facet normal -0.972372 -0.233437 0
    outer loop
      vertex 52.1038 22.5741 1.90735e-07
      vertex 52.0599 22.7572 1.6
      vertex 52.0599 22.7572 1.90735e-07
    endloop
  endfacet
  facet normal -0.972372 -0.233437 0
    outer loop
      vertex 52.0599 22.7572 1.6
      vertex 52.1038 22.5741 1.90735e-07
      vertex 52.1038 22.5741 1.6
    endloop
  endfacet
  facet normal 0.233449 -0.972369 0
    outer loop
      vertex 50.5478 23.5277 1.90735e-07
      vertex 50.7309 23.5716 1.6
      vertex 50.5478 23.5277 1.6
    endloop
  endfacet
  facet normal 0.233449 -0.972369 0
    outer loop
      vertex 50.7309 23.5716 1.6
      vertex 50.5478 23.5277 1.90735e-07
      vertex 50.7309 23.5716 1.90735e-07
    endloop
  endfacet
  facet normal 0.996917 -0.0784609 0
    outer loop
      vertex 49.7186 22.3864 1.6
      vertex 49.7334 22.5741 1.90735e-07
      vertex 49.7334 22.5741 1.6
    endloop
  endfacet
  facet normal 0.996917 -0.0784609 0
    outer loop
      vertex 49.7334 22.5741 1.90735e-07
      vertex 49.7186 22.3864 1.6
      vertex 49.7186 22.3864 1.90735e-07
    endloop
  endfacet
  facet normal -0.522496 0.852642 0
    outer loop
      vertex 51.6239 21.4156 1.90735e-07
      vertex 51.4634 21.3172 1.6
      vertex 51.6239 21.4156 1.6
    endloop
  endfacet
  facet normal -0.522496 0.852642 0
    outer loop
      vertex 51.4634 21.3172 1.6
      vertex 51.6239 21.4156 1.90735e-07
      vertex 51.4634 21.3172 1.90735e-07
    endloop
  endfacet
  facet normal 0.852639 0.522501 0
    outer loop
      vertex 49.9478 21.6811 1.6
      vertex 49.8494 21.8416 1.90735e-07
      vertex 49.8494 21.8416 1.6
    endloop
  endfacet
  facet normal 0.852639 0.522501 0
    outer loop
      vertex 49.8494 21.8416 1.90735e-07
      vertex 49.9478 21.6811 1.6
      vertex 49.9478 21.6811 1.90735e-07
    endloop
  endfacet
  facet normal 0.522505 0.852636 -0
    outer loop
      vertex 50.3738 21.3172 1.90735e-07
      vertex 50.2133 21.4156 1.6
      vertex 50.3738 21.3172 1.6
    endloop
  endfacet
  facet normal 0.522505 0.852636 0
    outer loop
      vertex 50.2133 21.4156 1.6
      vertex 50.3738 21.3172 1.90735e-07
      vertex 50.2133 21.4156 1.90735e-07
    endloop
  endfacet
  facet normal -0.996917 -0.0784609 0
    outer loop
      vertex 52.1186 22.3864 1.90735e-07
      vertex 52.1038 22.5741 1.6
      vertex 52.1038 22.5741 1.90735e-07
    endloop
  endfacet
  facet normal -0.996917 -0.0784609 0
    outer loop
      vertex 52.1038 22.5741 1.6
      vertex 52.1186 22.3864 1.90735e-07
      vertex 52.1186 22.3864 1.6
    endloop
  endfacet
  facet normal -0.233445 -0.97237 0
    outer loop
      vertex 51.1063 23.5716 1.90735e-07
      vertex 51.2894 23.5277 1.6
      vertex 51.1063 23.5716 1.6
    endloop
  endfacet
  facet normal -0.233445 -0.97237 -0
    outer loop
      vertex 51.2894 23.5277 1.6
      vertex 51.1063 23.5716 1.90735e-07
      vertex 51.2894 23.5277 1.90735e-07
    endloop
  endfacet
  facet normal -0.649449 -0.760405 0
    outer loop
      vertex 51.6239 23.3572 1.90735e-07
      vertex 51.7671 23.2349 1.6
      vertex 51.6239 23.3572 1.6
    endloop
  endfacet
  facet normal -0.649449 -0.760405 -0
    outer loop
      vertex 51.7671 23.2349 1.6
      vertex 51.6239 23.3572 1.90735e-07
      vertex 51.7671 23.2349 1.90735e-07
    endloop
  endfacet
  facet normal -0.382687 -0.923878 0
    outer loop
      vertex 51.2894 23.5277 1.90735e-07
      vertex 51.4634 23.4556 1.6
      vertex 51.2894 23.5277 1.6
    endloop
  endfacet
  facet normal -0.382687 -0.923878 -0
    outer loop
      vertex 51.4634 23.4556 1.6
      vertex 51.2894 23.5277 1.90735e-07
      vertex 51.4634 23.4556 1.90735e-07
    endloop
  endfacet
  facet normal -0.760409 -0.649444 0
    outer loop
      vertex 51.8894 23.0917 1.90735e-07
      vertex 51.7671 23.2349 1.6
      vertex 51.7671 23.2349 1.90735e-07
    endloop
  endfacet
  facet normal -0.760409 -0.649444 0
    outer loop
      vertex 51.7671 23.2349 1.6
      vertex 51.8894 23.0917 1.90735e-07
      vertex 51.8894 23.0917 1.6
    endloop
  endfacet
  facet normal 0.649449 -0.760405 0
    outer loop
      vertex 50.0701 23.2349 1.90735e-07
      vertex 50.2133 23.3572 1.6
      vertex 50.0701 23.2349 1.6
    endloop
  endfacet
  facet normal 0.649449 -0.760405 0
    outer loop
      vertex 50.2133 23.3572 1.6
      vertex 50.0701 23.2349 1.90735e-07
      vertex 50.2133 23.3572 1.90735e-07
    endloop
  endfacet
  facet normal 0.38268 -0.923881 0
    outer loop
      vertex 50.3738 23.4556 1.90735e-07
      vertex 50.5478 23.5277 1.6
      vertex 50.3738 23.4556 1.6
    endloop
  endfacet
  facet normal 0.38268 -0.923881 0
    outer loop
      vertex 50.5478 23.5277 1.6
      vertex 50.3738 23.4556 1.90735e-07
      vertex 50.5478 23.5277 1.90735e-07
    endloop
  endfacet
  facet normal 0.92388 -0.382683 0
    outer loop
      vertex 49.7773 22.7572 1.6
      vertex 49.8494 22.9312 1.90735e-07
      vertex 49.8494 22.9312 1.6
    endloop
  endfacet
  facet normal 0.92388 -0.382683 0
    outer loop
      vertex 49.8494 22.9312 1.90735e-07
      vertex 49.7773 22.7572 1.6
      vertex 49.7773 22.7572 1.90735e-07
    endloop
  endfacet
  facet normal 0.760409 -0.649444 0
    outer loop
      vertex 49.9478 23.0917 1.6
      vertex 50.0701 23.2349 1.90735e-07
      vertex 50.0701 23.2349 1.6
    endloop
  endfacet
  facet normal 0.760409 -0.649444 0
    outer loop
      vertex 50.0701 23.2349 1.90735e-07
      vertex 49.9478 23.0917 1.6
      vertex 49.9478 23.0917 1.90735e-07
    endloop
  endfacet
  facet normal 0.972372 -0.233437 0
    outer loop
      vertex 49.7334 22.5741 1.6
      vertex 49.7773 22.7572 1.90735e-07
      vertex 49.7773 22.7572 1.6
    endloop
  endfacet
  facet normal 0.972372 -0.233437 0
    outer loop
      vertex 49.7773 22.7572 1.90735e-07
      vertex 49.7334 22.5741 1.6
      vertex 49.7334 22.5741 1.90735e-07
    endloop
  endfacet
  facet normal -0.92388 -0.382683 0
    outer loop
      vertex 52.0599 22.7572 1.90735e-07
      vertex 51.9878 22.9312 1.6
      vertex 51.9878 22.9312 1.90735e-07
    endloop
  endfacet
  facet normal -0.92388 -0.382683 0
    outer loop
      vertex 51.9878 22.9312 1.6
      vertex 52.0599 22.7572 1.90735e-07
      vertex 52.0599 22.7572 1.6
    endloop
  endfacet
  facet normal -0.522496 -0.852642 0
    outer loop
      vertex 51.4634 23.4556 1.90735e-07
      vertex 51.6239 23.3572 1.6
      vertex 51.4634 23.4556 1.6
    endloop
  endfacet
  facet normal -0.522496 -0.852642 -0
    outer loop
      vertex 51.6239 23.3572 1.6
      vertex 51.4634 23.4556 1.90735e-07
      vertex 51.6239 23.3572 1.90735e-07
    endloop
  endfacet
  facet normal 0.522505 -0.852636 0
    outer loop
      vertex 50.2133 23.3572 1.90735e-07
      vertex 50.3738 23.4556 1.6
      vertex 50.2133 23.3572 1.6
    endloop
  endfacet
  facet normal 0.522505 -0.852636 0
    outer loop
      vertex 50.3738 23.4556 1.6
      vertex 50.2133 23.3572 1.90735e-07
      vertex 50.3738 23.4556 1.90735e-07
    endloop
  endfacet
  facet normal 0.852636 -0.522505 0
    outer loop
      vertex 49.8494 22.9312 1.6
      vertex 49.9478 23.0917 1.90735e-07
      vertex 49.9478 23.0917 1.6
    endloop
  endfacet
  facet normal 0.852636 -0.522505 0
    outer loop
      vertex 49.9478 23.0917 1.90735e-07
      vertex 49.8494 22.9312 1.6
      vertex 49.8494 22.9312 1.90735e-07
    endloop
  endfacet
  facet normal -0.852636 -0.522505 0
    outer loop
      vertex 51.9878 22.9312 1.90735e-07
      vertex 51.8894 23.0917 1.6
      vertex 51.8894 23.0917 1.90735e-07
    endloop
  endfacet
  facet normal -0.852636 -0.522505 0
    outer loop
      vertex 51.8894 23.0917 1.6
      vertex 51.9878 22.9312 1.90735e-07
      vertex 51.9878 22.9312 1.6
    endloop
  endfacet
endsolid OpenSCAD_Model
