solid OpenSCAD_Model
  facet normal 0.996917 0.0784596 0
    outer loop
      vertex 12 7 9.6
      vertex 11.9384 7.78217 1.6
      vertex 11.9384 7.78217 9.6
    endloop
  endfacet
  facet normal 0.996917 0.0784596 0
    outer loop
      vertex 11.9384 7.78217 1.6
      vertex 12 7 9.6
      vertex 12 7 1.6
    endloop
  endfacet
  facet normal -0.996917 0.0784596 0
    outer loop
      vertex 2 7 1.6
      vertex 2.06156 7.78217 9.6
      vertex 2.06156 7.78217 1.6
    endloop
  endfacet
  facet normal -0.996917 0.0784596 0
    outer loop
      vertex 2.06156 7.78217 9.6
      vertex 2 7 1.6
      vertex 2 7 9.6
    endloop
  endfacet
  facet normal 0.0784596 0.996917 -0
    outer loop
      vertex 7.78217 11.9384 1.6
      vertex 7 12 9.6
      vertex 7.78217 11.9384 9.6
    endloop
  endfacet
  facet normal 0.0784596 0.996917 0
    outer loop
      vertex 7 12 9.6
      vertex 7.78217 11.9384 1.6
      vertex 7 12 1.6
    endloop
  endfacet
  facet normal -0.760406 -0.649448 0
    outer loop
      vertex 3.46447 3.46447 1.6
      vertex 2.95492 4.06107 9.6
      vertex 2.95492 4.06107 1.6
    endloop
  endfacet
  facet normal -0.760406 -0.649448 0
    outer loop
      vertex 2.95492 4.06107 9.6
      vertex 3.46447 3.46447 1.6
      vertex 3.46447 3.46447 9.6
    endloop
  endfacet
  facet normal 0.760406 0.649448 0
    outer loop
      vertex 11.0451 9.93893 9.6
      vertex 10.5355 10.5355 1.6
      vertex 10.5355 10.5355 9.6
    endloop
  endfacet
  facet normal 0.760406 0.649448 0
    outer loop
      vertex 10.5355 10.5355 1.6
      vertex 11.0451 9.93893 9.6
      vertex 11.0451 9.93893 1.6
    endloop
  endfacet
  facet normal -0.649448 0.760406 0
    outer loop
      vertex 4.06107 11.0451 1.6
      vertex 3.46447 10.5355 9.6
      vertex 4.06107 11.0451 9.6
    endloop
  endfacet
  facet normal -0.649448 0.760406 0
    outer loop
      vertex 3.46447 10.5355 9.6
      vertex 4.06107 11.0451 1.6
      vertex 3.46447 10.5355 1.6
    endloop
  endfacet
  facet normal -0.233445 0.97237 0
    outer loop
      vertex 6.21783 11.9384 1.6
      vertex 5.45492 11.7553 9.6
      vertex 6.21783 11.9384 9.6
    endloop
  endfacet
  facet normal -0.233445 0.97237 0
    outer loop
      vertex 5.45492 11.7553 9.6
      vertex 6.21783 11.9384 1.6
      vertex 5.45492 11.7553 1.6
    endloop
  endfacet
  facet normal 0.649448 -0.760406 0
    outer loop
      vertex 9.93893 2.95492 1.6
      vertex 10.5355 3.46447 9.6
      vertex 9.93893 2.95492 9.6
    endloop
  endfacet
  facet normal 0.649448 -0.760406 0
    outer loop
      vertex 10.5355 3.46447 9.6
      vertex 9.93893 2.95492 1.6
      vertex 10.5355 3.46447 1.6
    endloop
  endfacet
  facet normal 0.923879 0.382684 0
    outer loop
      vertex 11.7553 8.54508 9.6
      vertex 11.455 9.26995 1.6
      vertex 11.455 9.26995 9.6
    endloop
  endfacet
  facet normal 0.923879 0.382684 0
    outer loop
      vertex 11.455 9.26995 1.6
      vertex 11.7553 8.54508 9.6
      vertex 11.7553 8.54508 1.6
    endloop
  endfacet
  facet normal 0.97237 0.233445 0
    outer loop
      vertex 11.9384 7.78217 9.6
      vertex 11.7553 8.54508 1.6
      vertex 11.7553 8.54508 9.6
    endloop
  endfacet
  facet normal 0.97237 0.233445 0
    outer loop
      vertex 11.7553 8.54508 1.6
      vertex 11.9384 7.78217 9.6
      vertex 11.9384 7.78217 1.6
    endloop
  endfacet
  facet normal 0.85264 0.522498 0
    outer loop
      vertex 11.455 9.26995 9.6
      vertex 11.0451 9.93893 1.6
      vertex 11.0451 9.93893 9.6
    endloop
  endfacet
  facet normal 0.85264 0.522498 0
    outer loop
      vertex 11.0451 9.93893 1.6
      vertex 11.455 9.26995 9.6
      vertex 11.455 9.26995 1.6
    endloop
  endfacet
  facet normal 0.382684 0.923879 -0
    outer loop
      vertex 9.26995 11.455 1.6
      vertex 8.54508 11.7553 9.6
      vertex 9.26995 11.455 9.6
    endloop
  endfacet
  facet normal 0.382684 0.923879 0
    outer loop
      vertex 8.54508 11.7553 9.6
      vertex 9.26995 11.455 1.6
      vertex 8.54508 11.7553 1.6
    endloop
  endfacet
  facet normal 0.233445 0.97237 -0
    outer loop
      vertex 8.54508 11.7553 1.6
      vertex 7.78217 11.9384 9.6
      vertex 8.54508 11.7553 9.6
    endloop
  endfacet
  facet normal 0.233445 0.97237 0
    outer loop
      vertex 7.78217 11.9384 9.6
      vertex 8.54508 11.7553 1.6
      vertex 7.78217 11.9384 1.6
    endloop
  endfacet
  facet normal 0.649448 0.760406 -0
    outer loop
      vertex 10.5355 10.5355 1.6
      vertex 9.93893 11.0451 9.6
      vertex 10.5355 10.5355 9.6
    endloop
  endfacet
  facet normal 0.649448 0.760406 0
    outer loop
      vertex 9.93893 11.0451 9.6
      vertex 10.5355 10.5355 1.6
      vertex 9.93893 11.0451 1.6
    endloop
  endfacet
  facet normal -0.923879 0.382684 0
    outer loop
      vertex 2.24472 8.54508 1.6
      vertex 2.54497 9.26995 9.6
      vertex 2.54497 9.26995 1.6
    endloop
  endfacet
  facet normal -0.923879 0.382684 0
    outer loop
      vertex 2.54497 9.26995 9.6
      vertex 2.24472 8.54508 1.6
      vertex 2.24472 8.54508 9.6
    endloop
  endfacet
  facet normal -0.760406 0.649448 0
    outer loop
      vertex 2.95492 9.93893 1.6
      vertex 3.46447 10.5355 9.6
      vertex 3.46447 10.5355 1.6
    endloop
  endfacet
  facet normal -0.760406 0.649448 0
    outer loop
      vertex 3.46447 10.5355 9.6
      vertex 2.95492 9.93893 1.6
      vertex 2.95492 9.93893 9.6
    endloop
  endfacet
  facet normal -0.97237 0.233445 0
    outer loop
      vertex 2.06156 7.78217 1.6
      vertex 2.24472 8.54508 9.6
      vertex 2.24472 8.54508 1.6
    endloop
  endfacet
  facet normal -0.97237 0.233445 0
    outer loop
      vertex 2.24472 8.54508 9.6
      vertex 2.06156 7.78217 1.6
      vertex 2.06156 7.78217 9.6
    endloop
  endfacet
  facet normal 0 0 1
    outer loop
      vertex 9.2 7 9.6
      vertex 12 7 9.6
      vertex 11.9384 7.78217 9.6
    endloop
  endfacet
  facet normal 0 0 1
    outer loop
      vertex 9.17291 7.34416 9.6
      vertex 11.9384 7.78217 9.6
      vertex 11.7553 8.54508 9.6
    endloop
  endfacet
  facet normal 0 0 1
    outer loop
      vertex 12 7 9.6
      vertex 9.2 7 9.6
      vertex 11.9384 6.21783 9.6
    endloop
  endfacet
  facet normal 0 0 1
    outer loop
      vertex 9.09232 7.67984 9.6
      vertex 11.7553 8.54508 9.6
      vertex 11.455 9.26995 9.6
    endloop
  endfacet
  facet normal -0 0 1
    outer loop
      vertex 9.17291 6.65584 9.6
      vertex 11.9384 6.21783 9.6
      vertex 9.2 7 9.6
    endloop
  endfacet
  facet normal 0 0 1
    outer loop
      vertex 8.96021 7.99878 9.6
      vertex 11.455 9.26995 9.6
      vertex 11.0451 9.93893 9.6
    endloop
  endfacet
  facet normal 0 0 1
    outer loop
      vertex 11.9384 6.21783 9.6
      vertex 9.17291 6.65584 9.6
      vertex 11.7553 5.45492 9.6
    endloop
  endfacet
  facet normal 0 0 1
    outer loop
      vertex 8.77984 8.29313 9.6
      vertex 11.0451 9.93893 9.6
      vertex 10.5355 10.5355 9.6
    endloop
  endfacet
  facet normal -0 0 1
    outer loop
      vertex 9.09232 6.32016 9.6
      vertex 11.7553 5.45492 9.6
      vertex 9.17291 6.65584 9.6
    endloop
  endfacet
  facet normal 0 0 1
    outer loop
      vertex 8.55563 8.55563 9.6
      vertex 10.5355 10.5355 9.6
      vertex 9.93893 11.0451 9.6
    endloop
  endfacet
  facet normal 0 0 1
    outer loop
      vertex 11.7553 5.45492 9.6
      vertex 9.09232 6.32016 9.6
      vertex 11.455 4.73005 9.6
    endloop
  endfacet
  facet normal 0 0 1
    outer loop
      vertex 8.29313 8.77984 9.6
      vertex 9.93893 11.0451 9.6
      vertex 9.26995 11.455 9.6
    endloop
  endfacet
  facet normal -0 0 1
    outer loop
      vertex 8.96021 6.00122 9.6
      vertex 11.455 4.73005 9.6
      vertex 9.09232 6.32016 9.6
    endloop
  endfacet
  facet normal 0 0 1
    outer loop
      vertex 11.455 4.73005 9.6
      vertex 8.96021 6.00122 9.6
      vertex 11.0451 4.06107 9.6
    endloop
  endfacet
  facet normal 0 0 1
    outer loop
      vertex 11.9384 7.78217 9.6
      vertex 9.17291 7.34416 9.6
      vertex 9.2 7 9.6
    endloop
  endfacet
  facet normal 0 0 1
    outer loop
      vertex 11.7553 8.54508 9.6
      vertex 9.09232 7.67984 9.6
      vertex 9.17291 7.34416 9.6
    endloop
  endfacet
  facet normal 0 0 1
    outer loop
      vertex 11.455 9.26995 9.6
      vertex 8.96021 7.99878 9.6
      vertex 9.09232 7.67984 9.6
    endloop
  endfacet
  facet normal 0 0 1
    outer loop
      vertex 11.0451 9.93893 9.6
      vertex 8.77984 8.29313 9.6
      vertex 8.96021 7.99878 9.6
    endloop
  endfacet
  facet normal 0 0 1
    outer loop
      vertex 10.5355 10.5355 9.6
      vertex 8.55563 8.55563 9.6
      vertex 8.77984 8.29313 9.6
    endloop
  endfacet
  facet normal 0 0 1
    outer loop
      vertex 7.99878 8.96021 9.6
      vertex 9.26995 11.455 9.6
      vertex 8.54508 11.7553 9.6
    endloop
  endfacet
  facet normal 0 0 1
    outer loop
      vertex 9.93893 11.0451 9.6
      vertex 8.29313 8.77984 9.6
      vertex 8.55563 8.55563 9.6
    endloop
  endfacet
  facet normal 0 0 1
    outer loop
      vertex 9.26995 11.455 9.6
      vertex 7.99878 8.96021 9.6
      vertex 8.29313 8.77984 9.6
    endloop
  endfacet
  facet normal 0 0 1
    outer loop
      vertex 7.67984 9.09232 9.6
      vertex 8.54508 11.7553 9.6
      vertex 7.78217 11.9384 9.6
    endloop
  endfacet
  facet normal 0 0 1
    outer loop
      vertex 8.54508 11.7553 9.6
      vertex 7.67984 9.09232 9.6
      vertex 7.99878 8.96021 9.6
    endloop
  endfacet
  facet normal 0 0 1
    outer loop
      vertex 7.78217 11.9384 9.6
      vertex 7.34416 9.17291 9.6
      vertex 7.67984 9.09232 9.6
    endloop
  endfacet
  facet normal 0 0 1
    outer loop
      vertex 7 12 9.6
      vertex 7.34416 9.17291 9.6
      vertex 7.78217 11.9384 9.6
    endloop
  endfacet
  facet normal 0 0 1
    outer loop
      vertex 7 12 9.6
      vertex 7 9.2 9.6
      vertex 7.34416 9.17291 9.6
    endloop
  endfacet
  facet normal 0 0 1
    outer loop
      vertex 7 12 9.6
      vertex 6.65584 9.17291 9.6
      vertex 7 9.2 9.6
    endloop
  endfacet
  facet normal -0 0 1
    outer loop
      vertex 6.21783 11.9384 9.6
      vertex 6.65584 9.17291 9.6
      vertex 7 12 9.6
    endloop
  endfacet
  facet normal 0 0 1
    outer loop
      vertex 6.65584 9.17291 9.6
      vertex 6.21783 11.9384 9.6
      vertex 6.32016 9.09232 9.6
    endloop
  endfacet
  facet normal -0 0 1
    outer loop
      vertex 5.45492 11.7553 9.6
      vertex 6.32016 9.09232 9.6
      vertex 6.21783 11.9384 9.6
    endloop
  endfacet
  facet normal 0 0 1
    outer loop
      vertex 6.32016 9.09232 9.6
      vertex 5.45492 11.7553 9.6
      vertex 6.00122 8.96021 9.6
    endloop
  endfacet
  facet normal -0 0 1
    outer loop
      vertex 4.73005 11.455 9.6
      vertex 6.00122 8.96021 9.6
      vertex 5.45492 11.7553 9.6
    endloop
  endfacet
  facet normal 0 0 1
    outer loop
      vertex 6.00122 8.96021 9.6
      vertex 4.73005 11.455 9.6
      vertex 5.70687 8.77984 9.6
    endloop
  endfacet
  facet normal -0 0 1
    outer loop
      vertex 4.06107 11.0451 9.6
      vertex 5.70687 8.77984 9.6
      vertex 4.73005 11.455 9.6
    endloop
  endfacet
  facet normal 0 0 1
    outer loop
      vertex 5.70687 8.77984 9.6
      vertex 4.06107 11.0451 9.6
      vertex 5.44437 8.55563 9.6
    endloop
  endfacet
  facet normal -0 0 1
    outer loop
      vertex 3.46447 10.5355 9.6
      vertex 5.44437 8.55563 9.6
      vertex 4.06107 11.0451 9.6
    endloop
  endfacet
  facet normal 0 0 1
    outer loop
      vertex 5.44437 8.55563 9.6
      vertex 3.46447 10.5355 9.6
      vertex 5.22016 8.29313 9.6
    endloop
  endfacet
  facet normal 0 0 1
    outer loop
      vertex 5.22016 8.29313 9.6
      vertex 2.95492 9.93893 9.6
      vertex 5.03979 7.99878 9.6
    endloop
  endfacet
  facet normal -0 0 1
    outer loop
      vertex 2.95492 9.93893 9.6
      vertex 5.22016 8.29313 9.6
      vertex 3.46447 10.5355 9.6
    endloop
  endfacet
  facet normal -0 0 1
    outer loop
      vertex 8.77984 5.70687 9.6
      vertex 11.0451 4.06107 9.6
      vertex 8.96021 6.00122 9.6
    endloop
  endfacet
  facet normal 0 0 1
    outer loop
      vertex 11.0451 4.06107 9.6
      vertex 8.77984 5.70687 9.6
      vertex 10.5355 3.46447 9.6
    endloop
  endfacet
  facet normal -0 0 1
    outer loop
      vertex 8.55563 5.44437 9.6
      vertex 10.5355 3.46447 9.6
      vertex 8.77984 5.70687 9.6
    endloop
  endfacet
  facet normal 0 0 1
    outer loop
      vertex 10.5355 3.46447 9.6
      vertex 8.55563 5.44437 9.6
      vertex 9.93893 2.95492 9.6
    endloop
  endfacet
  facet normal -0 0 1
    outer loop
      vertex 8.29313 5.22016 9.6
      vertex 9.93893 2.95492 9.6
      vertex 8.55563 5.44437 9.6
    endloop
  endfacet
  facet normal 0 0 1
    outer loop
      vertex 9.93893 2.95492 9.6
      vertex 8.29313 5.22016 9.6
      vertex 9.26995 2.54497 9.6
    endloop
  endfacet
  facet normal -0 0 1
    outer loop
      vertex 7.99878 5.03979 9.6
      vertex 9.26995 2.54497 9.6
      vertex 8.29313 5.22016 9.6
    endloop
  endfacet
  facet normal 0 0 1
    outer loop
      vertex 9.26995 2.54497 9.6
      vertex 7.99878 5.03979 9.6
      vertex 8.54508 2.24472 9.6
    endloop
  endfacet
  facet normal -0 0 1
    outer loop
      vertex 7.67984 4.90768 9.6
      vertex 8.54508 2.24472 9.6
      vertex 7.99878 5.03979 9.6
    endloop
  endfacet
  facet normal 0 0 1
    outer loop
      vertex 8.54508 2.24472 9.6
      vertex 7.67984 4.90768 9.6
      vertex 7.78217 2.06156 9.6
    endloop
  endfacet
  facet normal -0 0 1
    outer loop
      vertex 7.34416 4.82709 9.6
      vertex 7.78217 2.06156 9.6
      vertex 7.67984 4.90768 9.6
    endloop
  endfacet
  facet normal -0 0 1
    outer loop
      vertex 7 4.8 9.6
      vertex 7.78217 2.06156 9.6
      vertex 7.34416 4.82709 9.6
    endloop
  endfacet
  facet normal 0 0 1
    outer loop
      vertex 7 4.8 9.6
      vertex 7 2 9.6
      vertex 7.78217 2.06156 9.6
    endloop
  endfacet
  facet normal 0 0 1
    outer loop
      vertex 6.65584 4.82709 9.6
      vertex 7 2 9.6
      vertex 7 4.8 9.6
    endloop
  endfacet
  facet normal 0 0 1
    outer loop
      vertex 6.21783 2.06156 9.6
      vertex 6.65584 4.82709 9.6
      vertex 6.32016 4.90768 9.6
    endloop
  endfacet
  facet normal 0 0 1
    outer loop
      vertex 6.65584 4.82709 9.6
      vertex 6.21783 2.06156 9.6
      vertex 7 2 9.6
    endloop
  endfacet
  facet normal 0 0 1
    outer loop
      vertex 5.45492 2.24472 9.6
      vertex 6.32016 4.90768 9.6
      vertex 6.00122 5.03979 9.6
    endloop
  endfacet
  facet normal 0 0 1
    outer loop
      vertex 4.73005 2.54497 9.6
      vertex 6.00122 5.03979 9.6
      vertex 5.70687 5.22016 9.6
    endloop
  endfacet
  facet normal 0 0 1
    outer loop
      vertex 6.32016 4.90768 9.6
      vertex 5.45492 2.24472 9.6
      vertex 6.21783 2.06156 9.6
    endloop
  endfacet
  facet normal 0 0 1
    outer loop
      vertex 4.06107 2.95492 9.6
      vertex 5.70687 5.22016 9.6
      vertex 5.44437 5.44437 9.6
    endloop
  endfacet
  facet normal 0 0 1
    outer loop
      vertex 3.46447 3.46447 9.6
      vertex 5.44437 5.44437 9.6
      vertex 5.22016 5.70687 9.6
    endloop
  endfacet
  facet normal 0 0 1
    outer loop
      vertex 2.95492 4.06107 9.6
      vertex 5.22016 5.70687 9.6
      vertex 5.03979 6.00122 9.6
    endloop
  endfacet
  facet normal 0 0 1
    outer loop
      vertex 2.54497 4.73005 9.6
      vertex 5.03979 6.00122 9.6
      vertex 4.90768 6.32016 9.6
    endloop
  endfacet
  facet normal 0 0 1
    outer loop
      vertex 2.24472 5.45492 9.6
      vertex 4.90768 6.32016 9.6
      vertex 4.82709 6.65584 9.6
    endloop
  endfacet
  facet normal 0 0 1
    outer loop
      vertex 6.00122 5.03979 9.6
      vertex 4.73005 2.54497 9.6
      vertex 5.45492 2.24472 9.6
    endloop
  endfacet
  facet normal 0 0 1
    outer loop
      vertex 2.06156 6.21783 9.6
      vertex 4.82709 6.65584 9.6
      vertex 4.8 7 9.6
    endloop
  endfacet
  facet normal -0 0 1
    outer loop
      vertex 2.54497 9.26995 9.6
      vertex 5.03979 7.99878 9.6
      vertex 2.95492 9.93893 9.6
    endloop
  endfacet
  facet normal 0 0 1
    outer loop
      vertex 5.03979 7.99878 9.6
      vertex 2.54497 9.26995 9.6
      vertex 4.90768 7.67984 9.6
    endloop
  endfacet
  facet normal 0 0 1
    outer loop
      vertex 5.70687 5.22016 9.6
      vertex 4.06107 2.95492 9.6
      vertex 4.73005 2.54497 9.6
    endloop
  endfacet
  facet normal -0 0 1
    outer loop
      vertex 2.24472 8.54508 9.6
      vertex 4.90768 7.67984 9.6
      vertex 2.54497 9.26995 9.6
    endloop
  endfacet
  facet normal 0 0 1
    outer loop
      vertex 5.44437 5.44437 9.6
      vertex 3.46447 3.46447 9.6
      vertex 4.06107 2.95492 9.6
    endloop
  endfacet
  facet normal 0 0 1
    outer loop
      vertex 4.90768 7.67984 9.6
      vertex 2.24472 8.54508 9.6
      vertex 4.82709 7.34416 9.6
    endloop
  endfacet
  facet normal 0 0 1
    outer loop
      vertex 5.22016 5.70687 9.6
      vertex 2.95492 4.06107 9.6
      vertex 3.46447 3.46447 9.6
    endloop
  endfacet
  facet normal -0 0 1
    outer loop
      vertex 2.06156 7.78217 9.6
      vertex 4.82709 7.34416 9.6
      vertex 2.24472 8.54508 9.6
    endloop
  endfacet
  facet normal 0 0 1
    outer loop
      vertex 5.03979 6.00122 9.6
      vertex 2.54497 4.73005 9.6
      vertex 2.95492 4.06107 9.6
    endloop
  endfacet
  facet normal 0 0 1
    outer loop
      vertex 4.82709 7.34416 9.6
      vertex 2.06156 7.78217 9.6
      vertex 4.8 7 9.6
    endloop
  endfacet
  facet normal 0 0 1
    outer loop
      vertex 4.90768 6.32016 9.6
      vertex 2.24472 5.45492 9.6
      vertex 2.54497 4.73005 9.6
    endloop
  endfacet
  facet normal 0 0 1
    outer loop
      vertex 2 7 9.6
      vertex 4.8 7 9.6
      vertex 2.06156 7.78217 9.6
    endloop
  endfacet
  facet normal 0 0 1
    outer loop
      vertex 4.82709 6.65584 9.6
      vertex 2.06156 6.21783 9.6
      vertex 2.24472 5.45492 9.6
    endloop
  endfacet
  facet normal 0 0 1
    outer loop
      vertex 4.8 7 9.6
      vertex 2 7 9.6
      vertex 2.06156 6.21783 9.6
    endloop
  endfacet
  facet normal -0.0784596 0.996917 0
    outer loop
      vertex 7 12 1.6
      vertex 6.21783 11.9384 9.6
      vertex 7 12 9.6
    endloop
  endfacet
  facet normal -0.0784596 0.996917 0
    outer loop
      vertex 6.21783 11.9384 9.6
      vertex 7 12 1.6
      vertex 6.21783 11.9384 1.6
    endloop
  endfacet
  facet normal 0.0784596 -0.996917 0
    outer loop
      vertex 7 2 1.6
      vertex 7.78217 2.06156 9.6
      vertex 7 2 9.6
    endloop
  endfacet
  facet normal 0.0784596 -0.996917 0
    outer loop
      vertex 7.78217 2.06156 9.6
      vertex 7 2 1.6
      vertex 7.78217 2.06156 1.6
    endloop
  endfacet
  facet normal -0.382684 -0.923879 0
    outer loop
      vertex 4.73005 2.54497 1.6
      vertex 5.45492 2.24472 9.6
      vertex 4.73005 2.54497 9.6
    endloop
  endfacet
  facet normal -0.382684 -0.923879 -0
    outer loop
      vertex 5.45492 2.24472 9.6
      vertex 4.73005 2.54497 1.6
      vertex 5.45492 2.24472 1.6
    endloop
  endfacet
  facet normal -0.649448 -0.760406 0
    outer loop
      vertex 3.46447 3.46447 1.6
      vertex 4.06107 2.95492 9.6
      vertex 3.46447 3.46447 9.6
    endloop
  endfacet
  facet normal -0.649448 -0.760406 -0
    outer loop
      vertex 4.06107 2.95492 9.6
      vertex 3.46447 3.46447 1.6
      vertex 4.06107 2.95492 1.6
    endloop
  endfacet
  facet normal -0.233445 -0.97237 0
    outer loop
      vertex 5.45492 2.24472 1.6
      vertex 6.21783 2.06156 9.6
      vertex 5.45492 2.24472 9.6
    endloop
  endfacet
  facet normal -0.233445 -0.97237 -0
    outer loop
      vertex 6.21783 2.06156 9.6
      vertex 5.45492 2.24472 1.6
      vertex 6.21783 2.06156 1.6
    endloop
  endfacet
  facet normal -0.996917 -0.0784596 0
    outer loop
      vertex 2.06156 6.21783 1.6
      vertex 2 7 9.6
      vertex 2 7 1.6
    endloop
  endfacet
  facet normal -0.996917 -0.0784596 0
    outer loop
      vertex 2 7 9.6
      vertex 2.06156 6.21783 1.6
      vertex 2.06156 6.21783 9.6
    endloop
  endfacet
  facet normal 0.522498 0.85264 -0
    outer loop
      vertex 9.93893 11.0451 1.6
      vertex 9.26995 11.455 9.6
      vertex 9.93893 11.0451 9.6
    endloop
  endfacet
  facet normal 0.522498 0.85264 0
    outer loop
      vertex 9.26995 11.455 9.6
      vertex 9.93893 11.0451 1.6
      vertex 9.26995 11.455 1.6
    endloop
  endfacet
  facet normal -0.85264 0.522498 0
    outer loop
      vertex 2.54497 9.26995 1.6
      vertex 2.95492 9.93893 9.6
      vertex 2.95492 9.93893 1.6
    endloop
  endfacet
  facet normal -0.85264 0.522498 0
    outer loop
      vertex 2.95492 9.93893 9.6
      vertex 2.54497 9.26995 1.6
      vertex 2.54497 9.26995 9.6
    endloop
  endfacet
  facet normal -0.382684 0.923879 0
    outer loop
      vertex 5.45492 11.7553 1.6
      vertex 4.73005 11.455 9.6
      vertex 5.45492 11.7553 9.6
    endloop
  endfacet
  facet normal -0.382684 0.923879 0
    outer loop
      vertex 4.73005 11.455 9.6
      vertex 5.45492 11.7553 1.6
      vertex 4.73005 11.455 1.6
    endloop
  endfacet
  facet normal -0.522498 0.85264 0
    outer loop
      vertex 4.73005 11.455 1.6
      vertex 4.06107 11.0451 9.6
      vertex 4.73005 11.455 9.6
    endloop
  endfacet
  facet normal -0.522498 0.85264 0
    outer loop
      vertex 4.06107 11.0451 9.6
      vertex 4.73005 11.455 1.6
      vertex 4.06107 11.0451 1.6
    endloop
  endfacet
  facet normal 0.233445 -0.97237 0
    outer loop
      vertex 7.78217 2.06156 1.6
      vertex 8.54508 2.24472 9.6
      vertex 7.78217 2.06156 9.6
    endloop
  endfacet
  facet normal 0.233445 -0.97237 0
    outer loop
      vertex 8.54508 2.24472 9.6
      vertex 7.78217 2.06156 1.6
      vertex 8.54508 2.24472 1.6
    endloop
  endfacet
  facet normal 0.382684 -0.923879 0
    outer loop
      vertex 8.54508 2.24472 1.6
      vertex 9.26995 2.54497 9.6
      vertex 8.54508 2.24472 9.6
    endloop
  endfacet
  facet normal 0.382684 -0.923879 0
    outer loop
      vertex 9.26995 2.54497 9.6
      vertex 8.54508 2.24472 1.6
      vertex 9.26995 2.54497 1.6
    endloop
  endfacet
  facet normal 0.760406 -0.649448 0
    outer loop
      vertex 10.5355 3.46447 9.6
      vertex 11.0451 4.06107 1.6
      vertex 11.0451 4.06107 9.6
    endloop
  endfacet
  facet normal 0.760406 -0.649448 0
    outer loop
      vertex 11.0451 4.06107 1.6
      vertex 10.5355 3.46447 9.6
      vertex 10.5355 3.46447 1.6
    endloop
  endfacet
  facet normal 0.97237 -0.233445 0
    outer loop
      vertex 11.7553 5.45492 9.6
      vertex 11.9384 6.21783 1.6
      vertex 11.9384 6.21783 9.6
    endloop
  endfacet
  facet normal 0.97237 -0.233445 0
    outer loop
      vertex 11.9384 6.21783 1.6
      vertex 11.7553 5.45492 9.6
      vertex 11.7553 5.45492 1.6
    endloop
  endfacet
  facet normal -0.522498 -0.85264 0
    outer loop
      vertex 4.06107 2.95492 1.6
      vertex 4.73005 2.54497 9.6
      vertex 4.06107 2.95492 9.6
    endloop
  endfacet
  facet normal -0.522498 -0.85264 -0
    outer loop
      vertex 4.73005 2.54497 9.6
      vertex 4.06107 2.95492 1.6
      vertex 4.73005 2.54497 1.6
    endloop
  endfacet
  facet normal -0.0784596 -0.996917 0
    outer loop
      vertex 6.21783 2.06156 1.6
      vertex 7 2 9.6
      vertex 6.21783 2.06156 9.6
    endloop
  endfacet
  facet normal -0.0784596 -0.996917 -0
    outer loop
      vertex 7 2 9.6
      vertex 6.21783 2.06156 1.6
      vertex 7 2 1.6
    endloop
  endfacet
  facet normal -0.923879 -0.382684 0
    outer loop
      vertex 2.54497 4.73005 1.6
      vertex 2.24472 5.45492 9.6
      vertex 2.24472 5.45492 1.6
    endloop
  endfacet
  facet normal -0.923879 -0.382684 0
    outer loop
      vertex 2.24472 5.45492 9.6
      vertex 2.54497 4.73005 1.6
      vertex 2.54497 4.73005 9.6
    endloop
  endfacet
  facet normal -0.97237 -0.233445 0
    outer loop
      vertex 2.24472 5.45492 1.6
      vertex 2.06156 6.21783 9.6
      vertex 2.06156 6.21783 1.6
    endloop
  endfacet
  facet normal -0.97237 -0.233445 0
    outer loop
      vertex 2.06156 6.21783 9.6
      vertex 2.24472 5.45492 1.6
      vertex 2.24472 5.45492 9.6
    endloop
  endfacet
  facet normal 0.522498 -0.85264 0
    outer loop
      vertex 9.26995 2.54497 1.6
      vertex 9.93893 2.95492 9.6
      vertex 9.26995 2.54497 9.6
    endloop
  endfacet
  facet normal 0.522498 -0.85264 0
    outer loop
      vertex 9.93893 2.95492 9.6
      vertex 9.26995 2.54497 1.6
      vertex 9.93893 2.95492 1.6
    endloop
  endfacet
  facet normal 0.85264 -0.522498 0
    outer loop
      vertex 11.0451 4.06107 9.6
      vertex 11.455 4.73005 1.6
      vertex 11.455 4.73005 9.6
    endloop
  endfacet
  facet normal 0.85264 -0.522498 0
    outer loop
      vertex 11.455 4.73005 1.6
      vertex 11.0451 4.06107 9.6
      vertex 11.0451 4.06107 1.6
    endloop
  endfacet
  facet normal 0.996917 -0.0784596 0
    outer loop
      vertex 11.9384 6.21783 9.6
      vertex 12 7 1.6
      vertex 12 7 9.6
    endloop
  endfacet
  facet normal 0.996917 -0.0784596 0
    outer loop
      vertex 12 7 1.6
      vertex 11.9384 6.21783 9.6
      vertex 11.9384 6.21783 1.6
    endloop
  endfacet
  facet normal -0.85264 -0.522498 0
    outer loop
      vertex 2.95492 4.06107 1.6
      vertex 2.54497 4.73005 9.6
      vertex 2.54497 4.73005 1.6
    endloop
  endfacet
  facet normal -0.85264 -0.522498 0
    outer loop
      vertex 2.54497 4.73005 9.6
      vertex 2.95492 4.06107 1.6
      vertex 2.95492 4.06107 9.6
    endloop
  endfacet
  facet normal 0.923879 -0.382684 0
    outer loop
      vertex 11.455 4.73005 9.6
      vertex 11.7553 5.45492 1.6
      vertex 11.7553 5.45492 9.6
    endloop
  endfacet
  facet normal 0.923879 -0.382684 0
    outer loop
      vertex 11.7553 5.45492 1.6
      vertex 11.455 4.73005 9.6
      vertex 11.455 4.73005 1.6
    endloop
  endfacet
  facet normal -0.649447 -0.760407 0
    outer loop
      vertex 8.29313 8.77984 4.6
      vertex 8.55563 8.55563 9.6
      vertex 8.29313 8.77984 9.6
    endloop
  endfacet
  facet normal -0.649447 -0.760407 -0
    outer loop
      vertex 8.55563 8.55563 9.6
      vertex 8.29313 8.77984 4.6
      vertex 8.55563 8.55563 4.6
    endloop
  endfacet
  facet normal 0.233443 0.97237 -0
    outer loop
      vertex 6.65584 4.82709 4.6
      vertex 6.32016 4.90768 9.6
      vertex 6.65584 4.82709 9.6
    endloop
  endfacet
  facet normal 0.233443 0.97237 0
    outer loop
      vertex 6.32016 4.90768 9.6
      vertex 6.65584 4.82709 4.6
      vertex 6.32016 4.90768 4.6
    endloop
  endfacet
  facet normal 0.233443 -0.97237 0
    outer loop
      vertex 6.32016 9.09232 4.6
      vertex 6.65584 9.17291 9.6
      vertex 6.32016 9.09232 9.6
    endloop
  endfacet
  facet normal 0.233443 -0.97237 0
    outer loop
      vertex 6.65584 9.17291 9.6
      vertex 6.32016 9.09232 4.6
      vertex 6.65584 9.17291 4.6
    endloop
  endfacet
  facet normal 0.923879 -0.382686 0
    outer loop
      vertex 4.90768 7.67984 9.6
      vertex 5.03979 7.99878 4.6
      vertex 5.03979 7.99878 9.6
    endloop
  endfacet
  facet normal 0.923879 -0.382686 0
    outer loop
      vertex 5.03979 7.99878 4.6
      vertex 4.90768 7.67984 9.6
      vertex 4.90768 7.67984 4.6
    endloop
  endfacet
  facet normal -0.923879 0.382686 0
    outer loop
      vertex 8.96021 6.00122 4.6
      vertex 9.09232 6.32016 9.6
      vertex 9.09232 6.32016 4.6
    endloop
  endfacet
  facet normal -0.923879 0.382686 0
    outer loop
      vertex 9.09232 6.32016 9.6
      vertex 8.96021 6.00122 4.6
      vertex 8.96021 6.00122 9.6
    endloop
  endfacet
  facet normal 0.382686 0.923879 -0
    outer loop
      vertex 6.32016 4.90768 4.6
      vertex 6.00122 5.03979 9.6
      vertex 6.32016 4.90768 9.6
    endloop
  endfacet
  facet normal 0.382686 0.923879 0
    outer loop
      vertex 6.00122 5.03979 9.6
      vertex 6.32016 4.90768 4.6
      vertex 6.00122 5.03979 4.6
    endloop
  endfacet
  facet normal -0.97237 -0.233443 0
    outer loop
      vertex 9.17291 7.34416 4.6
      vertex 9.09232 7.67984 9.6
      vertex 9.09232 7.67984 4.6
    endloop
  endfacet
  facet normal -0.97237 -0.233443 0
    outer loop
      vertex 9.09232 7.67984 9.6
      vertex 9.17291 7.34416 4.6
      vertex 9.17291 7.34416 9.6
    endloop
  endfacet
  facet normal -0.923879 -0.382686 0
    outer loop
      vertex 9.09232 7.67984 4.6
      vertex 8.96021 7.99878 9.6
      vertex 8.96021 7.99878 4.6
    endloop
  endfacet
  facet normal -0.923879 -0.382686 0
    outer loop
      vertex 8.96021 7.99878 9.6
      vertex 9.09232 7.67984 4.6
      vertex 9.09232 7.67984 9.6
    endloop
  endfacet
  facet normal -0.85264 -0.522498 0
    outer loop
      vertex 8.96021 7.99878 4.6
      vertex 8.77984 8.29313 9.6
      vertex 8.77984 8.29313 4.6
    endloop
  endfacet
  facet normal -0.85264 -0.522498 0
    outer loop
      vertex 8.77984 8.29313 9.6
      vertex 8.96021 7.99878 4.6
      vertex 8.96021 7.99878 9.6
    endloop
  endfacet
  facet normal -0.760407 -0.649447 0
    outer loop
      vertex 8.77984 8.29313 4.6
      vertex 8.55563 8.55563 9.6
      vertex 8.55563 8.55563 4.6
    endloop
  endfacet
  facet normal -0.760407 -0.649447 0
    outer loop
      vertex 8.55563 8.55563 9.6
      vertex 8.77984 8.29313 4.6
      vertex 8.77984 8.29313 9.6
    endloop
  endfacet
  facet normal -0.382686 -0.923879 0
    outer loop
      vertex 7.67984 9.09232 4.6
      vertex 7.99878 8.96021 9.6
      vertex 7.67984 9.09232 9.6
    endloop
  endfacet
  facet normal -0.382686 -0.923879 -0
    outer loop
      vertex 7.99878 8.96021 9.6
      vertex 7.67984 9.09232 4.6
      vertex 7.99878 8.96021 4.6
    endloop
  endfacet
  facet normal -0.078461 -0.996917 0
    outer loop
      vertex 7 9.2 4.6
      vertex 7.34416 9.17291 9.6
      vertex 7 9.2 9.6
    endloop
  endfacet
  facet normal -0.078461 -0.996917 -0
    outer loop
      vertex 7.34416 9.17291 9.6
      vertex 7 9.2 4.6
      vertex 7.34416 9.17291 4.6
    endloop
  endfacet
  facet normal 0.996917 -0.078461 0
    outer loop
      vertex 4.8 7 9.6
      vertex 4.82709 7.34416 4.6
      vertex 4.82709 7.34416 9.6
    endloop
  endfacet
  facet normal 0.996917 -0.078461 0
    outer loop
      vertex 4.82709 7.34416 4.6
      vertex 4.8 7 9.6
      vertex 4.8 7 4.6
    endloop
  endfacet
  facet normal 0.760407 -0.649447 0
    outer loop
      vertex 5.22016 8.29313 9.6
      vertex 5.44437 8.55563 4.6
      vertex 5.44437 8.55563 9.6
    endloop
  endfacet
  facet normal 0.760407 -0.649447 0
    outer loop
      vertex 5.44437 8.55563 4.6
      vertex 5.22016 8.29313 9.6
      vertex 5.22016 8.29313 4.6
    endloop
  endfacet
  facet normal 0.078461 -0.996917 0
    outer loop
      vertex 6.65584 9.17291 4.6
      vertex 7 9.2 9.6
      vertex 6.65584 9.17291 9.6
    endloop
  endfacet
  facet normal 0.078461 -0.996917 0
    outer loop
      vertex 7 9.2 9.6
      vertex 6.65584 9.17291 4.6
      vertex 7 9.2 4.6
    endloop
  endfacet
  facet normal 0.649447 -0.760407 0
    outer loop
      vertex 5.44437 8.55563 4.6
      vertex 5.70687 8.77984 9.6
      vertex 5.44437 8.55563 9.6
    endloop
  endfacet
  facet normal 0.649447 -0.760407 0
    outer loop
      vertex 5.70687 8.77984 9.6
      vertex 5.44437 8.55563 4.6
      vertex 5.70687 8.77984 4.6
    endloop
  endfacet
  facet normal -0.996917 -0.078461 0
    outer loop
      vertex 9.2 7 4.6
      vertex 9.17291 7.34416 9.6
      vertex 9.17291 7.34416 4.6
    endloop
  endfacet
  facet normal -0.996917 -0.078461 0
    outer loop
      vertex 9.17291 7.34416 9.6
      vertex 9.2 7 4.6
      vertex 9.2 7 9.6
    endloop
  endfacet
  facet normal -0.078461 0.996917 0
    outer loop
      vertex 7.34416 4.82709 4.6
      vertex 7 4.8 9.6
      vertex 7.34416 4.82709 9.6
    endloop
  endfacet
  facet normal -0.078461 0.996917 0
    outer loop
      vertex 7 4.8 9.6
      vertex 7.34416 4.82709 4.6
      vertex 7 4.8 4.6
    endloop
  endfacet
  facet normal -0.233443 0.97237 0
    outer loop
      vertex 7.67984 4.90768 4.6
      vertex 7.34416 4.82709 9.6
      vertex 7.67984 4.90768 9.6
    endloop
  endfacet
  facet normal -0.233443 0.97237 0
    outer loop
      vertex 7.34416 4.82709 9.6
      vertex 7.67984 4.90768 4.6
      vertex 7.34416 4.82709 4.6
    endloop
  endfacet
  facet normal -0.760407 0.649447 0
    outer loop
      vertex 8.55563 5.44437 4.6
      vertex 8.77984 5.70687 9.6
      vertex 8.77984 5.70687 4.6
    endloop
  endfacet
  facet normal -0.760407 0.649447 0
    outer loop
      vertex 8.77984 5.70687 9.6
      vertex 8.55563 5.44437 4.6
      vertex 8.55563 5.44437 9.6
    endloop
  endfacet
  facet normal 0.078461 0.996917 -0
    outer loop
      vertex 7 4.8 4.6
      vertex 6.65584 4.82709 9.6
      vertex 7 4.8 9.6
    endloop
  endfacet
  facet normal 0.078461 0.996917 0
    outer loop
      vertex 6.65584 4.82709 9.6
      vertex 7 4.8 4.6
      vertex 6.65584 4.82709 4.6
    endloop
  endfacet
  facet normal 0.649447 0.760407 -0
    outer loop
      vertex 5.70687 5.22016 4.6
      vertex 5.44437 5.44437 9.6
      vertex 5.70687 5.22016 9.6
    endloop
  endfacet
  facet normal 0.649447 0.760407 0
    outer loop
      vertex 5.44437 5.44437 9.6
      vertex 5.70687 5.22016 4.6
      vertex 5.44437 5.44437 4.6
    endloop
  endfacet
  facet normal 0.996917 0.078461 0
    outer loop
      vertex 4.82709 6.65584 9.6
      vertex 4.8 7 4.6
      vertex 4.8 7 9.6
    endloop
  endfacet
  facet normal 0.996917 0.078461 0
    outer loop
      vertex 4.8 7 4.6
      vertex 4.82709 6.65584 9.6
      vertex 4.82709 6.65584 4.6
    endloop
  endfacet
  facet normal 0 0 1
    outer loop
      vertex 8.7 7 4.6
      vertex 9.2 7 4.6
      vertex 9.17291 7.34416 4.6
    endloop
  endfacet
  facet normal 0 0 1
    outer loop
      vertex 8.67907 7.26594 4.6
      vertex 9.17291 7.34416 4.6
      vertex 9.09232 7.67984 4.6
    endloop
  endfacet
  facet normal 0 0 1
    outer loop
      vertex 9.2 7 4.6
      vertex 8.7 7 4.6
      vertex 9.17291 6.65584 4.6
    endloop
  endfacet
  facet normal 0 0 1
    outer loop
      vertex 8.6168 7.52533 4.6
      vertex 9.09232 7.67984 4.6
      vertex 8.96021 7.99878 4.6
    endloop
  endfacet
  facet normal -0 0 1
    outer loop
      vertex 8.67907 6.73406 4.6
      vertex 9.17291 6.65584 4.6
      vertex 8.7 7 4.6
    endloop
  endfacet
  facet normal 0 0 1
    outer loop
      vertex 8.51471 7.77178 4.6
      vertex 8.96021 7.99878 4.6
      vertex 8.77984 8.29313 4.6
    endloop
  endfacet
  facet normal 0 0 1
    outer loop
      vertex 9.17291 6.65584 4.6
      vertex 8.67907 6.73406 4.6
      vertex 9.09232 6.32016 4.6
    endloop
  endfacet
  facet normal -0 0 1
    outer loop
      vertex 8.6168 6.47467 4.6
      vertex 9.09232 6.32016 4.6
      vertex 8.67907 6.73406 4.6
    endloop
  endfacet
  facet normal 0 0 1
    outer loop
      vertex 9.17291 7.34416 4.6
      vertex 8.67907 7.26594 4.6
      vertex 8.7 7 4.6
    endloop
  endfacet
  facet normal 0 0 1
    outer loop
      vertex 9.09232 7.67984 4.6
      vertex 8.6168 7.52533 4.6
      vertex 8.67907 7.26594 4.6
    endloop
  endfacet
  facet normal 0 0 1
    outer loop
      vertex 8.37533 7.99923 4.6
      vertex 8.77984 8.29313 4.6
      vertex 8.55563 8.55563 4.6
    endloop
  endfacet
  facet normal 0 0 1
    outer loop
      vertex 8.96021 7.99878 4.6
      vertex 8.51471 7.77178 4.6
      vertex 8.6168 7.52533 4.6
    endloop
  endfacet
  facet normal 0 0 1
    outer loop
      vertex 8.77984 8.29313 4.6
      vertex 8.37533 7.99923 4.6
      vertex 8.51471 7.77178 4.6
    endloop
  endfacet
  facet normal 0 0 1
    outer loop
      vertex 8.20208 8.20208 4.6
      vertex 8.55563 8.55563 4.6
      vertex 8.29313 8.77984 4.6
    endloop
  endfacet
  facet normal 0 0 1
    outer loop
      vertex 8.55563 8.55563 4.6
      vertex 8.20208 8.20208 4.6
      vertex 8.37533 7.99923 4.6
    endloop
  endfacet
  facet normal 0 0 1
    outer loop
      vertex 8.29313 8.77984 4.6
      vertex 7.99923 8.37533 4.6
      vertex 8.20208 8.20208 4.6
    endloop
  endfacet
  facet normal 0 0 1
    outer loop
      vertex 7.99878 8.96021 4.6
      vertex 7.99923 8.37533 4.6
      vertex 8.29313 8.77984 4.6
    endloop
  endfacet
  facet normal 0 0 1
    outer loop
      vertex 7.99878 8.96021 4.6
      vertex 7.77178 8.51471 4.6
      vertex 7.99923 8.37533 4.6
    endloop
  endfacet
  facet normal 0 0 1
    outer loop
      vertex 7.67984 9.09232 4.6
      vertex 7.77178 8.51471 4.6
      vertex 7.99878 8.96021 4.6
    endloop
  endfacet
  facet normal 0 0 1
    outer loop
      vertex 7.67984 9.09232 4.6
      vertex 7.52533 8.6168 4.6
      vertex 7.77178 8.51471 4.6
    endloop
  endfacet
  facet normal 0 0 1
    outer loop
      vertex 7.34416 9.17291 4.6
      vertex 7.52533 8.6168 4.6
      vertex 7.67984 9.09232 4.6
    endloop
  endfacet
  facet normal 0 0 1
    outer loop
      vertex 7.34416 9.17291 4.6
      vertex 7.26594 8.67907 4.6
      vertex 7.52533 8.6168 4.6
    endloop
  endfacet
  facet normal 0 0 1
    outer loop
      vertex 7 9.2 4.6
      vertex 7.26594 8.67907 4.6
      vertex 7.34416 9.17291 4.6
    endloop
  endfacet
  facet normal 0 0 1
    outer loop
      vertex 7 9.2 4.6
      vertex 7 8.7 4.6
      vertex 7.26594 8.67907 4.6
    endloop
  endfacet
  facet normal 0 0 1
    outer loop
      vertex 7 9.2 4.6
      vertex 6.73406 8.67907 4.6
      vertex 7 8.7 4.6
    endloop
  endfacet
  facet normal -0 0 1
    outer loop
      vertex 6.65584 9.17291 4.6
      vertex 6.73406 8.67907 4.6
      vertex 7 9.2 4.6
    endloop
  endfacet
  facet normal 0 0 1
    outer loop
      vertex 6.65584 9.17291 4.6
      vertex 6.47467 8.6168 4.6
      vertex 6.73406 8.67907 4.6
    endloop
  endfacet
  facet normal -0 0 1
    outer loop
      vertex 6.32016 9.09232 4.6
      vertex 6.47467 8.6168 4.6
      vertex 6.65584 9.17291 4.6
    endloop
  endfacet
  facet normal 0 0 1
    outer loop
      vertex 6.32016 9.09232 4.6
      vertex 6.22822 8.51471 4.6
      vertex 6.47467 8.6168 4.6
    endloop
  endfacet
  facet normal -0 0 1
    outer loop
      vertex 6.00122 8.96021 4.6
      vertex 6.22822 8.51471 4.6
      vertex 6.32016 9.09232 4.6
    endloop
  endfacet
  facet normal 0 0 1
    outer loop
      vertex 6.00122 8.96021 4.6
      vertex 6.00077 8.37533 4.6
      vertex 6.22822 8.51471 4.6
    endloop
  endfacet
  facet normal -0 0 1
    outer loop
      vertex 5.70687 8.77984 4.6
      vertex 6.00077 8.37533 4.6
      vertex 6.00122 8.96021 4.6
    endloop
  endfacet
  facet normal 0 0 1
    outer loop
      vertex 6.00077 8.37533 4.6
      vertex 5.70687 8.77984 4.6
      vertex 5.79792 8.20208 4.6
    endloop
  endfacet
  facet normal -0 0 1
    outer loop
      vertex 5.44437 8.55563 4.6
      vertex 5.79792 8.20208 4.6
      vertex 5.70687 8.77984 4.6
    endloop
  endfacet
  facet normal 0 0 1
    outer loop
      vertex 5.79792 8.20208 4.6
      vertex 5.44437 8.55563 4.6
      vertex 5.62467 7.99923 4.6
    endloop
  endfacet
  facet normal -0 0 1
    outer loop
      vertex 5.22016 8.29313 4.6
      vertex 5.62467 7.99923 4.6
      vertex 5.44437 8.55563 4.6
    endloop
  endfacet
  facet normal 0 0 1
    outer loop
      vertex 5.62467 7.99923 4.6
      vertex 5.22016 8.29313 4.6
      vertex 5.48529 7.77178 4.6
    endloop
  endfacet
  facet normal -0 0 1
    outer loop
      vertex 5.03979 7.99878 4.6
      vertex 5.48529 7.77178 4.6
      vertex 5.22016 8.29313 4.6
    endloop
  endfacet
  facet normal -0 0 1
    outer loop
      vertex 4.90768 7.67984 4.6
      vertex 5.3832 7.52533 4.6
      vertex 5.03979 7.99878 4.6
    endloop
  endfacet
  facet normal 0 0 1
    outer loop
      vertex 5.48529 7.77178 4.6
      vertex 5.03979 7.99878 4.6
      vertex 5.3832 7.52533 4.6
    endloop
  endfacet
  facet normal 0 0 1
    outer loop
      vertex 9.09232 6.32016 4.6
      vertex 8.6168 6.47467 4.6
      vertex 8.96021 6.00122 4.6
    endloop
  endfacet
  facet normal -0 0 1
    outer loop
      vertex 8.51471 6.22822 4.6
      vertex 8.96021 6.00122 4.6
      vertex 8.6168 6.47467 4.6
    endloop
  endfacet
  facet normal 0 0 1
    outer loop
      vertex 8.96021 6.00122 4.6
      vertex 8.51471 6.22822 4.6
      vertex 8.77984 5.70687 4.6
    endloop
  endfacet
  facet normal -0 0 1
    outer loop
      vertex 8.37533 6.00077 4.6
      vertex 8.77984 5.70687 4.6
      vertex 8.51471 6.22822 4.6
    endloop
  endfacet
  facet normal 0 0 1
    outer loop
      vertex 8.77984 5.70687 4.6
      vertex 8.37533 6.00077 4.6
      vertex 8.55563 5.44437 4.6
    endloop
  endfacet
  facet normal -0 0 1
    outer loop
      vertex 8.20208 5.79792 4.6
      vertex 8.55563 5.44437 4.6
      vertex 8.37533 6.00077 4.6
    endloop
  endfacet
  facet normal 0 0 1
    outer loop
      vertex 8.55563 5.44437 4.6
      vertex 8.20208 5.79792 4.6
      vertex 8.29313 5.22016 4.6
    endloop
  endfacet
  facet normal -0 0 1
    outer loop
      vertex 7.99923 5.62467 4.6
      vertex 8.29313 5.22016 4.6
      vertex 8.20208 5.79792 4.6
    endloop
  endfacet
  facet normal 0 0 1
    outer loop
      vertex 7.99923 5.62467 4.6
      vertex 7.99878 5.03979 4.6
      vertex 8.29313 5.22016 4.6
    endloop
  endfacet
  facet normal -0 0 1
    outer loop
      vertex 7.77178 5.48529 4.6
      vertex 7.99878 5.03979 4.6
      vertex 7.99923 5.62467 4.6
    endloop
  endfacet
  facet normal 0 0 1
    outer loop
      vertex 7.77178 5.48529 4.6
      vertex 7.67984 4.90768 4.6
      vertex 7.99878 5.03979 4.6
    endloop
  endfacet
  facet normal -0 0 1
    outer loop
      vertex 7.52533 5.3832 4.6
      vertex 7.67984 4.90768 4.6
      vertex 7.77178 5.48529 4.6
    endloop
  endfacet
  facet normal 0 0 1
    outer loop
      vertex 7.52533 5.3832 4.6
      vertex 7.34416 4.82709 4.6
      vertex 7.67984 4.90768 4.6
    endloop
  endfacet
  facet normal -0 0 1
    outer loop
      vertex 7.26594 5.32093 4.6
      vertex 7.34416 4.82709 4.6
      vertex 7.52533 5.3832 4.6
    endloop
  endfacet
  facet normal -0 0 1
    outer loop
      vertex 7 5.3 4.6
      vertex 7.34416 4.82709 4.6
      vertex 7.26594 5.32093 4.6
    endloop
  endfacet
  facet normal 0 0 1
    outer loop
      vertex 7 5.3 4.6
      vertex 7 4.8 4.6
      vertex 7.34416 4.82709 4.6
    endloop
  endfacet
  facet normal 0 0 1
    outer loop
      vertex 6.73406 5.32093 4.6
      vertex 7 4.8 4.6
      vertex 7 5.3 4.6
    endloop
  endfacet
  facet normal 0 0 1
    outer loop
      vertex 6.73406 5.32093 4.6
      vertex 6.65584 4.82709 4.6
      vertex 7 4.8 4.6
    endloop
  endfacet
  facet normal 0 0 1
    outer loop
      vertex 6.47467 5.3832 4.6
      vertex 6.65584 4.82709 4.6
      vertex 6.73406 5.32093 4.6
    endloop
  endfacet
  facet normal 0 0 1
    outer loop
      vertex 6.47467 5.3832 4.6
      vertex 6.32016 4.90768 4.6
      vertex 6.65584 4.82709 4.6
    endloop
  endfacet
  facet normal 0 0 1
    outer loop
      vertex 6.22822 5.48529 4.6
      vertex 6.32016 4.90768 4.6
      vertex 6.47467 5.3832 4.6
    endloop
  endfacet
  facet normal 0 0 1
    outer loop
      vertex 6.22822 5.48529 4.6
      vertex 6.00122 5.03979 4.6
      vertex 6.32016 4.90768 4.6
    endloop
  endfacet
  facet normal 0 0 1
    outer loop
      vertex 6.00077 5.62467 4.6
      vertex 6.00122 5.03979 4.6
      vertex 6.22822 5.48529 4.6
    endloop
  endfacet
  facet normal 0 0 1
    outer loop
      vertex 5.70687 5.22016 4.6
      vertex 6.00077 5.62467 4.6
      vertex 5.79792 5.79792 4.6
    endloop
  endfacet
  facet normal 0 0 1
    outer loop
      vertex 6.00077 5.62467 4.6
      vertex 5.70687 5.22016 4.6
      vertex 6.00122 5.03979 4.6
    endloop
  endfacet
  facet normal 0 0 1
    outer loop
      vertex 5.44437 5.44437 4.6
      vertex 5.79792 5.79792 4.6
      vertex 5.62467 6.00077 4.6
    endloop
  endfacet
  facet normal 0 0 1
    outer loop
      vertex 5.22016 5.70687 4.6
      vertex 5.62467 6.00077 4.6
      vertex 5.48529 6.22822 4.6
    endloop
  endfacet
  facet normal 0 0 1
    outer loop
      vertex 5.79792 5.79792 4.6
      vertex 5.44437 5.44437 4.6
      vertex 5.70687 5.22016 4.6
    endloop
  endfacet
  facet normal 0 0 1
    outer loop
      vertex 5.03979 6.00122 4.6
      vertex 5.48529 6.22822 4.6
      vertex 5.3832 6.47467 4.6
    endloop
  endfacet
  facet normal 0 0 1
    outer loop
      vertex 4.90768 6.32016 4.6
      vertex 5.3832 6.47467 4.6
      vertex 5.32093 6.73406 4.6
    endloop
  endfacet
  facet normal 0 0 1
    outer loop
      vertex 5.62467 6.00077 4.6
      vertex 5.22016 5.70687 4.6
      vertex 5.44437 5.44437 4.6
    endloop
  endfacet
  facet normal 0 0 1
    outer loop
      vertex 4.82709 6.65584 4.6
      vertex 5.32093 6.73406 4.6
      vertex 5.3 7 4.6
    endloop
  endfacet
  facet normal 0 0 1
    outer loop
      vertex 5.3832 7.52533 4.6
      vertex 4.90768 7.67984 4.6
      vertex 5.32093 7.26594 4.6
    endloop
  endfacet
  facet normal -0 0 1
    outer loop
      vertex 4.82709 7.34416 4.6
      vertex 5.32093 7.26594 4.6
      vertex 4.90768 7.67984 4.6
    endloop
  endfacet
  facet normal 0 0 1
    outer loop
      vertex 5.48529 6.22822 4.6
      vertex 5.03979 6.00122 4.6
      vertex 5.22016 5.70687 4.6
    endloop
  endfacet
  facet normal 0 0 1
    outer loop
      vertex 5.32093 7.26594 4.6
      vertex 4.82709 7.34416 4.6
      vertex 5.3 7 4.6
    endloop
  endfacet
  facet normal 0 0 1
    outer loop
      vertex 5.3832 6.47467 4.6
      vertex 4.90768 6.32016 4.6
      vertex 5.03979 6.00122 4.6
    endloop
  endfacet
  facet normal 0 0 1
    outer loop
      vertex 4.8 7 4.6
      vertex 5.3 7 4.6
      vertex 4.82709 7.34416 4.6
    endloop
  endfacet
  facet normal 0 0 1
    outer loop
      vertex 5.32093 6.73406 4.6
      vertex 4.82709 6.65584 4.6
      vertex 4.90768 6.32016 4.6
    endloop
  endfacet
  facet normal 0 0 1
    outer loop
      vertex 5.3 7 4.6
      vertex 4.8 7 4.6
      vertex 4.82709 6.65584 4.6
    endloop
  endfacet
  facet normal -0.522498 -0.85264 0
    outer loop
      vertex 7.99878 8.96021 4.6
      vertex 8.29313 8.77984 9.6
      vertex 7.99878 8.96021 9.6
    endloop
  endfacet
  facet normal -0.522498 -0.85264 -0
    outer loop
      vertex 8.29313 8.77984 9.6
      vertex 7.99878 8.96021 4.6
      vertex 8.29313 8.77984 4.6
    endloop
  endfacet
  facet normal -0.233443 -0.97237 0
    outer loop
      vertex 7.34416 9.17291 4.6
      vertex 7.67984 9.09232 9.6
      vertex 7.34416 9.17291 9.6
    endloop
  endfacet
  facet normal -0.233443 -0.97237 -0
    outer loop
      vertex 7.67984 9.09232 9.6
      vertex 7.34416 9.17291 4.6
      vertex 7.67984 9.09232 4.6
    endloop
  endfacet
  facet normal 0.97237 -0.233443 0
    outer loop
      vertex 4.82709 7.34416 9.6
      vertex 4.90768 7.67984 4.6
      vertex 4.90768 7.67984 9.6
    endloop
  endfacet
  facet normal 0.97237 -0.233443 0
    outer loop
      vertex 4.90768 7.67984 4.6
      vertex 4.82709 7.34416 9.6
      vertex 4.82709 7.34416 4.6
    endloop
  endfacet
  facet normal 0.85264 -0.522498 0
    outer loop
      vertex 5.03979 7.99878 9.6
      vertex 5.22016 8.29313 4.6
      vertex 5.22016 8.29313 9.6
    endloop
  endfacet
  facet normal 0.85264 -0.522498 0
    outer loop
      vertex 5.22016 8.29313 4.6
      vertex 5.03979 7.99878 9.6
      vertex 5.03979 7.99878 4.6
    endloop
  endfacet
  facet normal 0.522498 -0.85264 0
    outer loop
      vertex 5.70687 8.77984 4.6
      vertex 6.00122 8.96021 9.6
      vertex 5.70687 8.77984 9.6
    endloop
  endfacet
  facet normal 0.522498 -0.85264 0
    outer loop
      vertex 6.00122 8.96021 9.6
      vertex 5.70687 8.77984 4.6
      vertex 6.00122 8.96021 4.6
    endloop
  endfacet
  facet normal 0.382686 -0.923879 0
    outer loop
      vertex 6.00122 8.96021 4.6
      vertex 6.32016 9.09232 9.6
      vertex 6.00122 8.96021 9.6
    endloop
  endfacet
  facet normal 0.382686 -0.923879 0
    outer loop
      vertex 6.32016 9.09232 9.6
      vertex 6.00122 8.96021 4.6
      vertex 6.32016 9.09232 4.6
    endloop
  endfacet
  facet normal -0.97237 0.233443 0
    outer loop
      vertex 9.09232 6.32016 4.6
      vertex 9.17291 6.65584 9.6
      vertex 9.17291 6.65584 4.6
    endloop
  endfacet
  facet normal -0.97237 0.233443 0
    outer loop
      vertex 9.17291 6.65584 9.6
      vertex 9.09232 6.32016 4.6
      vertex 9.09232 6.32016 9.6
    endloop
  endfacet
  facet normal -0.649447 0.760407 0
    outer loop
      vertex 8.55563 5.44437 4.6
      vertex 8.29313 5.22016 9.6
      vertex 8.55563 5.44437 9.6
    endloop
  endfacet
  facet normal -0.649447 0.760407 0
    outer loop
      vertex 8.29313 5.22016 9.6
      vertex 8.55563 5.44437 4.6
      vertex 8.29313 5.22016 4.6
    endloop
  endfacet
  facet normal -0.382686 0.923879 0
    outer loop
      vertex 7.99878 5.03979 4.6
      vertex 7.67984 4.90768 9.6
      vertex 7.99878 5.03979 9.6
    endloop
  endfacet
  facet normal -0.382686 0.923879 0
    outer loop
      vertex 7.67984 4.90768 9.6
      vertex 7.99878 5.03979 4.6
      vertex 7.67984 4.90768 4.6
    endloop
  endfacet
  facet normal -0.85264 0.522498 0
    outer loop
      vertex 8.77984 5.70687 4.6
      vertex 8.96021 6.00122 9.6
      vertex 8.96021 6.00122 4.6
    endloop
  endfacet
  facet normal -0.85264 0.522498 0
    outer loop
      vertex 8.96021 6.00122 9.6
      vertex 8.77984 5.70687 4.6
      vertex 8.77984 5.70687 9.6
    endloop
  endfacet
  facet normal 0.522498 0.85264 -0
    outer loop
      vertex 6.00122 5.03979 4.6
      vertex 5.70687 5.22016 9.6
      vertex 6.00122 5.03979 9.6
    endloop
  endfacet
  facet normal 0.522498 0.85264 0
    outer loop
      vertex 5.70687 5.22016 9.6
      vertex 6.00122 5.03979 4.6
      vertex 5.70687 5.22016 4.6
    endloop
  endfacet
  facet normal 0.97237 0.233443 0
    outer loop
      vertex 4.90768 6.32016 9.6
      vertex 4.82709 6.65584 4.6
      vertex 4.82709 6.65584 9.6
    endloop
  endfacet
  facet normal 0.97237 0.233443 0
    outer loop
      vertex 4.82709 6.65584 4.6
      vertex 4.90768 6.32016 9.6
      vertex 4.90768 6.32016 4.6
    endloop
  endfacet
  facet normal 0.760407 0.649447 0
    outer loop
      vertex 5.44437 5.44437 9.6
      vertex 5.22016 5.70687 4.6
      vertex 5.22016 5.70687 9.6
    endloop
  endfacet
  facet normal 0.760407 0.649447 0
    outer loop
      vertex 5.22016 5.70687 4.6
      vertex 5.44437 5.44437 9.6
      vertex 5.44437 5.44437 4.6
    endloop
  endfacet
  facet normal 0.923879 0.382686 0
    outer loop
      vertex 5.03979 6.00122 9.6
      vertex 4.90768 6.32016 4.6
      vertex 4.90768 6.32016 9.6
    endloop
  endfacet
  facet normal 0.923879 0.382686 0
    outer loop
      vertex 4.90768 6.32016 4.6
      vertex 5.03979 6.00122 9.6
      vertex 5.03979 6.00122 4.6
    endloop
  endfacet
  facet normal -0.996917 0.078461 0
    outer loop
      vertex 9.17291 6.65584 4.6
      vertex 9.2 7 9.6
      vertex 9.2 7 4.6
    endloop
  endfacet
  facet normal -0.996917 0.078461 0
    outer loop
      vertex 9.2 7 9.6
      vertex 9.17291 6.65584 4.6
      vertex 9.17291 6.65584 9.6
    endloop
  endfacet
  facet normal -0.522498 0.85264 0
    outer loop
      vertex 8.29313 5.22016 4.6
      vertex 7.99878 5.03979 9.6
      vertex 8.29313 5.22016 9.6
    endloop
  endfacet
  facet normal -0.522498 0.85264 0
    outer loop
      vertex 7.99878 5.03979 9.6
      vertex 8.29313 5.22016 4.6
      vertex 7.99878 5.03979 4.6
    endloop
  endfacet
  facet normal 0.85264 0.522498 0
    outer loop
      vertex 5.22016 5.70687 9.6
      vertex 5.03979 6.00122 4.6
      vertex 5.03979 6.00122 9.6
    endloop
  endfacet
  facet normal 0.85264 0.522498 0
    outer loop
      vertex 5.03979 6.00122 4.6
      vertex 5.22016 5.70687 9.6
      vertex 5.22016 5.70687 4.6
    endloop
  endfacet
  facet normal -0.996917 -0.0784611 0
    outer loop
      vertex 8.7 7 2.3
      vertex 8.67907 7.26594 4.6
      vertex 8.67907 7.26594 2.3
    endloop
  endfacet
  facet normal -0.996917 -0.0784611 0
    outer loop
      vertex 8.67907 7.26594 4.6
      vertex 8.7 7 2.3
      vertex 8.7 7 4.6
    endloop
  endfacet
  facet normal 0.996917 -0.0784611 0
    outer loop
      vertex 5.3 7 4.6
      vertex 5.32093 7.26594 2.3
      vertex 5.32093 7.26594 4.6
    endloop
  endfacet
  facet normal 0.996917 -0.0784611 0
    outer loop
      vertex 5.32093 7.26594 2.3
      vertex 5.3 7 4.6
      vertex 5.3 7 2.3
    endloop
  endfacet
  facet normal -0.0784611 -0.996917 0
    outer loop
      vertex 7 8.7 2.3
      vertex 7.26594 8.67907 4.6
      vertex 7 8.7 4.6
    endloop
  endfacet
  facet normal -0.0784611 -0.996917 -0
    outer loop
      vertex 7.26594 8.67907 4.6
      vertex 7 8.7 2.3
      vertex 7.26594 8.67907 2.3
    endloop
  endfacet
  facet normal 0.760406 0.649448 0
    outer loop
      vertex 5.79792 5.79792 4.6
      vertex 5.62467 6.00077 2.3
      vertex 5.62467 6.00077 4.6
    endloop
  endfacet
  facet normal 0.760406 0.649448 0
    outer loop
      vertex 5.62467 6.00077 2.3
      vertex 5.79792 5.79792 4.6
      vertex 5.79792 5.79792 2.3
    endloop
  endfacet
  facet normal -0.760406 -0.649448 0
    outer loop
      vertex 8.37533 7.99923 2.3
      vertex 8.20208 8.20208 4.6
      vertex 8.20208 8.20208 2.3
    endloop
  endfacet
  facet normal -0.760406 -0.649448 0
    outer loop
      vertex 8.20208 8.20208 4.6
      vertex 8.37533 7.99923 2.3
      vertex 8.37533 7.99923 4.6
    endloop
  endfacet
  facet normal 0.649448 -0.760406 0
    outer loop
      vertex 5.79792 8.20208 2.3
      vertex 6.00077 8.37533 4.6
      vertex 5.79792 8.20208 4.6
    endloop
  endfacet
  facet normal 0.649448 -0.760406 0
    outer loop
      vertex 6.00077 8.37533 4.6
      vertex 5.79792 8.20208 2.3
      vertex 6.00077 8.37533 2.3
    endloop
  endfacet
  facet normal 0.382684 -0.923879 0
    outer loop
      vertex 6.22822 8.51471 2.3
      vertex 6.47467 8.6168 4.6
      vertex 6.22822 8.51471 4.6
    endloop
  endfacet
  facet normal 0.382684 -0.923879 0
    outer loop
      vertex 6.47467 8.6168 4.6
      vertex 6.22822 8.51471 2.3
      vertex 6.47467 8.6168 2.3
    endloop
  endfacet
  facet normal -0.852639 0.5225 0
    outer loop
      vertex 8.37533 6.00077 2.3
      vertex 8.51471 6.22822 4.6
      vertex 8.51471 6.22822 2.3
    endloop
  endfacet
  facet normal -0.852639 0.5225 0
    outer loop
      vertex 8.51471 6.22822 4.6
      vertex 8.37533 6.00077 2.3
      vertex 8.37533 6.00077 4.6
    endloop
  endfacet
  facet normal -0.923879 -0.382684 0
    outer loop
      vertex 8.6168 7.52533 2.3
      vertex 8.51471 7.77178 4.6
      vertex 8.51471 7.77178 2.3
    endloop
  endfacet
  facet normal -0.923879 -0.382684 0
    outer loop
      vertex 8.51471 7.77178 4.6
      vertex 8.6168 7.52533 2.3
      vertex 8.6168 7.52533 4.6
    endloop
  endfacet
  facet normal -0.97237 -0.233444 0
    outer loop
      vertex 8.67907 7.26594 2.3
      vertex 8.6168 7.52533 4.6
      vertex 8.6168 7.52533 2.3
    endloop
  endfacet
  facet normal -0.97237 -0.233444 0
    outer loop
      vertex 8.6168 7.52533 4.6
      vertex 8.67907 7.26594 2.3
      vertex 8.67907 7.26594 4.6
    endloop
  endfacet
  facet normal -0.852639 -0.5225 0
    outer loop
      vertex 8.51471 7.77178 2.3
      vertex 8.37533 7.99923 4.6
      vertex 8.37533 7.99923 2.3
    endloop
  endfacet
  facet normal -0.852639 -0.5225 0
    outer loop
      vertex 8.37533 7.99923 4.6
      vertex 8.51471 7.77178 2.3
      vertex 8.51471 7.77178 4.6
    endloop
  endfacet
  facet normal -0.5225 -0.852639 0
    outer loop
      vertex 7.77178 8.51471 2.3
      vertex 7.99923 8.37533 4.6
      vertex 7.77178 8.51471 4.6
    endloop
  endfacet
  facet normal -0.5225 -0.852639 -0
    outer loop
      vertex 7.99923 8.37533 4.6
      vertex 7.77178 8.51471 2.3
      vertex 7.99923 8.37533 2.3
    endloop
  endfacet
  facet normal -0.382684 -0.923879 0
    outer loop
      vertex 7.52533 8.6168 2.3
      vertex 7.77178 8.51471 4.6
      vertex 7.52533 8.6168 4.6
    endloop
  endfacet
  facet normal -0.382684 -0.923879 -0
    outer loop
      vertex 7.77178 8.51471 4.6
      vertex 7.52533 8.6168 2.3
      vertex 7.77178 8.51471 2.3
    endloop
  endfacet
  facet normal -0.649448 -0.760406 0
    outer loop
      vertex 7.99923 8.37533 2.3
      vertex 8.20208 8.20208 4.6
      vertex 7.99923 8.37533 4.6
    endloop
  endfacet
  facet normal -0.649448 -0.760406 -0
    outer loop
      vertex 8.20208 8.20208 4.6
      vertex 7.99923 8.37533 2.3
      vertex 8.20208 8.20208 2.3
    endloop
  endfacet
  facet normal 0.852639 -0.5225 0
    outer loop
      vertex 5.48529 7.77178 4.6
      vertex 5.62467 7.99923 2.3
      vertex 5.62467 7.99923 4.6
    endloop
  endfacet
  facet normal 0.852639 -0.5225 0
    outer loop
      vertex 5.62467 7.99923 2.3
      vertex 5.48529 7.77178 4.6
      vertex 5.48529 7.77178 2.3
    endloop
  endfacet
  facet normal 0.760406 -0.649448 0
    outer loop
      vertex 5.62467 7.99923 4.6
      vertex 5.79792 8.20208 2.3
      vertex 5.79792 8.20208 4.6
    endloop
  endfacet
  facet normal 0.760406 -0.649448 0
    outer loop
      vertex 5.79792 8.20208 2.3
      vertex 5.62467 7.99923 4.6
      vertex 5.62467 7.99923 2.3
    endloop
  endfacet
  facet normal 0.923879 -0.382684 0
    outer loop
      vertex 5.3832 7.52533 4.6
      vertex 5.48529 7.77178 2.3
      vertex 5.48529 7.77178 4.6
    endloop
  endfacet
  facet normal 0.923879 -0.382684 0
    outer loop
      vertex 5.48529 7.77178 2.3
      vertex 5.3832 7.52533 4.6
      vertex 5.3832 7.52533 2.3
    endloop
  endfacet
  facet normal 0.5225 -0.852639 0
    outer loop
      vertex 6.00077 8.37533 2.3
      vertex 6.22822 8.51471 4.6
      vertex 6.00077 8.37533 4.6
    endloop
  endfacet
  facet normal 0.5225 -0.852639 0
    outer loop
      vertex 6.22822 8.51471 4.6
      vertex 6.00077 8.37533 2.3
      vertex 6.22822 8.51471 2.3
    endloop
  endfacet
  facet normal 0.233444 -0.97237 0
    outer loop
      vertex 6.47467 8.6168 2.3
      vertex 6.73406 8.67907 4.6
      vertex 6.47467 8.6168 4.6
    endloop
  endfacet
  facet normal 0.233444 -0.97237 0
    outer loop
      vertex 6.73406 8.67907 4.6
      vertex 6.47467 8.6168 2.3
      vertex 6.73406 8.67907 2.3
    endloop
  endfacet
  facet normal 0.649448 0.760406 -0
    outer loop
      vertex 6.00077 5.62467 2.3
      vertex 5.79792 5.79792 4.6
      vertex 6.00077 5.62467 4.6
    endloop
  endfacet
  facet normal 0.649448 0.760406 0
    outer loop
      vertex 5.79792 5.79792 4.6
      vertex 6.00077 5.62467 2.3
      vertex 5.79792 5.79792 2.3
    endloop
  endfacet
  facet normal 0.382684 0.923879 -0
    outer loop
      vertex 6.47467 5.3832 2.3
      vertex 6.22822 5.48529 4.6
      vertex 6.47467 5.3832 4.6
    endloop
  endfacet
  facet normal 0.382684 0.923879 0
    outer loop
      vertex 6.22822 5.48529 4.6
      vertex 6.47467 5.3832 2.3
      vertex 6.22822 5.48529 2.3
    endloop
  endfacet
  facet normal 0.852639 0.5225 0
    outer loop
      vertex 5.62467 6.00077 4.6
      vertex 5.48529 6.22822 2.3
      vertex 5.48529 6.22822 4.6
    endloop
  endfacet
  facet normal 0.852639 0.5225 0
    outer loop
      vertex 5.48529 6.22822 2.3
      vertex 5.62467 6.00077 4.6
      vertex 5.62467 6.00077 2.3
    endloop
  endfacet
  facet normal 0 0 1
    outer loop
      vertex 8.67907 7.26594 2.3
      vertex 8.67907 6.73406 2.3
      vertex 8.7 7 2.3
    endloop
  endfacet
  facet normal 0 0 1
    outer loop
      vertex 8.6168 7.52533 2.3
      vertex 8.67907 6.73406 2.3
      vertex 8.67907 7.26594 2.3
    endloop
  endfacet
  facet normal 0 0 1
    outer loop
      vertex 8.6168 7.52533 2.3
      vertex 8.6168 6.47467 2.3
      vertex 8.67907 6.73406 2.3
    endloop
  endfacet
  facet normal 0 0 1
    outer loop
      vertex 8.51471 7.77178 2.3
      vertex 8.6168 6.47467 2.3
      vertex 8.6168 7.52533 2.3
    endloop
  endfacet
  facet normal 0 0 1
    outer loop
      vertex 8.51471 7.77178 2.3
      vertex 8.51471 6.22822 2.3
      vertex 8.6168 6.47467 2.3
    endloop
  endfacet
  facet normal 0 0 1
    outer loop
      vertex 8.37533 7.99923 2.3
      vertex 8.51471 6.22822 2.3
      vertex 8.51471 7.77178 2.3
    endloop
  endfacet
  facet normal 0 0 1
    outer loop
      vertex 8.37533 7.99923 2.3
      vertex 8.37533 6.00077 2.3
      vertex 8.51471 6.22822 2.3
    endloop
  endfacet
  facet normal 0 0 1
    outer loop
      vertex 8.20208 8.20208 2.3
      vertex 8.37533 6.00077 2.3
      vertex 8.37533 7.99923 2.3
    endloop
  endfacet
  facet normal 0 0 1
    outer loop
      vertex 8.20208 8.20208 2.3
      vertex 8.20208 5.79792 2.3
      vertex 8.37533 6.00077 2.3
    endloop
  endfacet
  facet normal 0 0 1
    outer loop
      vertex 7.99923 8.37533 2.3
      vertex 8.20208 5.79792 2.3
      vertex 8.20208 8.20208 2.3
    endloop
  endfacet
  facet normal 0 0 1
    outer loop
      vertex 7.99923 8.37533 2.3
      vertex 7.99923 5.62467 2.3
      vertex 8.20208 5.79792 2.3
    endloop
  endfacet
  facet normal 0 0 1
    outer loop
      vertex 7.77178 8.51471 2.3
      vertex 7.99923 5.62467 2.3
      vertex 7.99923 8.37533 2.3
    endloop
  endfacet
  facet normal 0 0 1
    outer loop
      vertex 7.77178 8.51471 2.3
      vertex 7.77178 5.48529 2.3
      vertex 7.99923 5.62467 2.3
    endloop
  endfacet
  facet normal 0 0 1
    outer loop
      vertex 7.52533 8.6168 2.3
      vertex 7.77178 5.48529 2.3
      vertex 7.77178 8.51471 2.3
    endloop
  endfacet
  facet normal 0 0 1
    outer loop
      vertex 7.52533 8.6168 2.3
      vertex 7.52533 5.3832 2.3
      vertex 7.77178 5.48529 2.3
    endloop
  endfacet
  facet normal 0 0 1
    outer loop
      vertex 7.26594 8.67907 2.3
      vertex 7.52533 5.3832 2.3
      vertex 7.52533 8.6168 2.3
    endloop
  endfacet
  facet normal 0 0 1
    outer loop
      vertex 7.26594 8.67907 2.3
      vertex 7.26594 5.32093 2.3
      vertex 7.52533 5.3832 2.3
    endloop
  endfacet
  facet normal 0 0 1
    outer loop
      vertex 7 8.7 2.3
      vertex 7.26594 5.32093 2.3
      vertex 7.26594 8.67907 2.3
    endloop
  endfacet
  facet normal 0 0 1
    outer loop
      vertex 7 8.7 2.3
      vertex 7 5.3 2.3
      vertex 7.26594 5.32093 2.3
    endloop
  endfacet
  facet normal -0 0 1
    outer loop
      vertex 6.73406 8.67907 2.3
      vertex 7 5.3 2.3
      vertex 7 8.7 2.3
    endloop
  endfacet
  facet normal 0 0 1
    outer loop
      vertex 6.73406 8.67907 2.3
      vertex 6.73406 5.32093 2.3
      vertex 7 5.3 2.3
    endloop
  endfacet
  facet normal -0 0 1
    outer loop
      vertex 6.47467 8.6168 2.3
      vertex 6.73406 5.32093 2.3
      vertex 6.73406 8.67907 2.3
    endloop
  endfacet
  facet normal 0 0 1
    outer loop
      vertex 6.47467 8.6168 2.3
      vertex 6.47467 5.3832 2.3
      vertex 6.73406 5.32093 2.3
    endloop
  endfacet
  facet normal -0 0 1
    outer loop
      vertex 6.22822 8.51471 2.3
      vertex 6.47467 5.3832 2.3
      vertex 6.47467 8.6168 2.3
    endloop
  endfacet
  facet normal 0 0 1
    outer loop
      vertex 6.22822 8.51471 2.3
      vertex 6.22822 5.48529 2.3
      vertex 6.47467 5.3832 2.3
    endloop
  endfacet
  facet normal -0 0 1
    outer loop
      vertex 6.00077 8.37533 2.3
      vertex 6.22822 5.48529 2.3
      vertex 6.22822 8.51471 2.3
    endloop
  endfacet
  facet normal 0 0 1
    outer loop
      vertex 6.00077 8.37533 2.3
      vertex 6.00077 5.62467 2.3
      vertex 6.22822 5.48529 2.3
    endloop
  endfacet
  facet normal -0 0 1
    outer loop
      vertex 5.79792 8.20208 2.3
      vertex 6.00077 5.62467 2.3
      vertex 6.00077 8.37533 2.3
    endloop
  endfacet
  facet normal 0 0 1
    outer loop
      vertex 5.79792 8.20208 2.3
      vertex 5.79792 5.79792 2.3
      vertex 6.00077 5.62467 2.3
    endloop
  endfacet
  facet normal -0 0 1
    outer loop
      vertex 5.62467 7.99923 2.3
      vertex 5.79792 5.79792 2.3
      vertex 5.79792 8.20208 2.3
    endloop
  endfacet
  facet normal 0 0 1
    outer loop
      vertex 5.62467 7.99923 2.3
      vertex 5.62467 6.00077 2.3
      vertex 5.79792 5.79792 2.3
    endloop
  endfacet
  facet normal -0 0 1
    outer loop
      vertex 5.48529 7.77178 2.3
      vertex 5.62467 6.00077 2.3
      vertex 5.62467 7.99923 2.3
    endloop
  endfacet
  facet normal 0 0 1
    outer loop
      vertex 5.48529 7.77178 2.3
      vertex 5.48529 6.22822 2.3
      vertex 5.62467 6.00077 2.3
    endloop
  endfacet
  facet normal -0 0 1
    outer loop
      vertex 5.3832 7.52533 2.3
      vertex 5.48529 6.22822 2.3
      vertex 5.48529 7.77178 2.3
    endloop
  endfacet
  facet normal 0 0 1
    outer loop
      vertex 5.3832 7.52533 2.3
      vertex 5.3832 6.47467 2.3
      vertex 5.48529 6.22822 2.3
    endloop
  endfacet
  facet normal -0 0 1
    outer loop
      vertex 5.32093 7.26594 2.3
      vertex 5.3832 6.47467 2.3
      vertex 5.3832 7.52533 2.3
    endloop
  endfacet
  facet normal 0 0 1
    outer loop
      vertex 5.32093 7.26594 2.3
      vertex 5.32093 6.73406 2.3
      vertex 5.3832 6.47467 2.3
    endloop
  endfacet
  facet normal 0 -0 1
    outer loop
      vertex 5.32093 6.73406 2.3
      vertex 5.32093 7.26594 2.3
      vertex 5.3 7 2.3
    endloop
  endfacet
  facet normal -0.233444 -0.97237 0
    outer loop
      vertex 7.26594 8.67907 2.3
      vertex 7.52533 8.6168 4.6
      vertex 7.26594 8.67907 4.6
    endloop
  endfacet
  facet normal -0.233444 -0.97237 -0
    outer loop
      vertex 7.52533 8.6168 4.6
      vertex 7.26594 8.67907 2.3
      vertex 7.52533 8.6168 2.3
    endloop
  endfacet
  facet normal 0.97237 -0.233444 0
    outer loop
      vertex 5.32093 7.26594 4.6
      vertex 5.3832 7.52533 2.3
      vertex 5.3832 7.52533 4.6
    endloop
  endfacet
  facet normal 0.97237 -0.233444 0
    outer loop
      vertex 5.3832 7.52533 2.3
      vertex 5.32093 7.26594 4.6
      vertex 5.32093 7.26594 2.3
    endloop
  endfacet
  facet normal 0.0784611 -0.996917 0
    outer loop
      vertex 6.73406 8.67907 2.3
      vertex 7 8.7 4.6
      vertex 6.73406 8.67907 4.6
    endloop
  endfacet
  facet normal 0.0784611 -0.996917 0
    outer loop
      vertex 7 8.7 4.6
      vertex 6.73406 8.67907 2.3
      vertex 7 8.7 2.3
    endloop
  endfacet
  facet normal -0.996917 0.0784611 0
    outer loop
      vertex 8.67907 6.73406 2.3
      vertex 8.7 7 4.6
      vertex 8.7 7 2.3
    endloop
  endfacet
  facet normal -0.996917 0.0784611 0
    outer loop
      vertex 8.7 7 4.6
      vertex 8.67907 6.73406 2.3
      vertex 8.67907 6.73406 4.6
    endloop
  endfacet
  facet normal -0.0784611 0.996917 0
    outer loop
      vertex 7.26594 5.32093 2.3
      vertex 7 5.3 4.6
      vertex 7.26594 5.32093 4.6
    endloop
  endfacet
  facet normal -0.0784611 0.996917 0
    outer loop
      vertex 7 5.3 4.6
      vertex 7.26594 5.32093 2.3
      vertex 7 5.3 2.3
    endloop
  endfacet
  facet normal -0.382684 0.923879 0
    outer loop
      vertex 7.77178 5.48529 2.3
      vertex 7.52533 5.3832 4.6
      vertex 7.77178 5.48529 4.6
    endloop
  endfacet
  facet normal -0.382684 0.923879 0
    outer loop
      vertex 7.52533 5.3832 4.6
      vertex 7.77178 5.48529 2.3
      vertex 7.52533 5.3832 2.3
    endloop
  endfacet
  facet normal -0.760406 0.649448 0
    outer loop
      vertex 8.20208 5.79792 2.3
      vertex 8.37533 6.00077 4.6
      vertex 8.37533 6.00077 2.3
    endloop
  endfacet
  facet normal -0.760406 0.649448 0
    outer loop
      vertex 8.37533 6.00077 4.6
      vertex 8.20208 5.79792 2.3
      vertex 8.20208 5.79792 4.6
    endloop
  endfacet
  facet normal -0.5225 0.852639 0
    outer loop
      vertex 7.99923 5.62467 2.3
      vertex 7.77178 5.48529 4.6
      vertex 7.99923 5.62467 4.6
    endloop
  endfacet
  facet normal -0.5225 0.852639 0
    outer loop
      vertex 7.77178 5.48529 4.6
      vertex 7.99923 5.62467 2.3
      vertex 7.77178 5.48529 2.3
    endloop
  endfacet
  facet normal -0.923879 0.382684 0
    outer loop
      vertex 8.51471 6.22822 2.3
      vertex 8.6168 6.47467 4.6
      vertex 8.6168 6.47467 2.3
    endloop
  endfacet
  facet normal -0.923879 0.382684 0
    outer loop
      vertex 8.6168 6.47467 4.6
      vertex 8.51471 6.22822 2.3
      vertex 8.51471 6.22822 4.6
    endloop
  endfacet
  facet normal -0.97237 0.233444 0
    outer loop
      vertex 8.6168 6.47467 2.3
      vertex 8.67907 6.73406 4.6
      vertex 8.67907 6.73406 2.3
    endloop
  endfacet
  facet normal -0.97237 0.233444 0
    outer loop
      vertex 8.67907 6.73406 4.6
      vertex 8.6168 6.47467 2.3
      vertex 8.6168 6.47467 4.6
    endloop
  endfacet
  facet normal 0.5225 0.852639 -0
    outer loop
      vertex 6.22822 5.48529 2.3
      vertex 6.00077 5.62467 4.6
      vertex 6.22822 5.48529 4.6
    endloop
  endfacet
  facet normal 0.5225 0.852639 0
    outer loop
      vertex 6.00077 5.62467 4.6
      vertex 6.22822 5.48529 2.3
      vertex 6.00077 5.62467 2.3
    endloop
  endfacet
  facet normal 0.233444 0.97237 -0
    outer loop
      vertex 6.73406 5.32093 2.3
      vertex 6.47467 5.3832 4.6
      vertex 6.73406 5.32093 4.6
    endloop
  endfacet
  facet normal 0.233444 0.97237 0
    outer loop
      vertex 6.47467 5.3832 4.6
      vertex 6.73406 5.32093 2.3
      vertex 6.47467 5.3832 2.3
    endloop
  endfacet
  facet normal 0.923879 0.382684 0
    outer loop
      vertex 5.48529 6.22822 4.6
      vertex 5.3832 6.47467 2.3
      vertex 5.3832 6.47467 4.6
    endloop
  endfacet
  facet normal 0.923879 0.382684 0
    outer loop
      vertex 5.3832 6.47467 2.3
      vertex 5.48529 6.22822 4.6
      vertex 5.48529 6.22822 2.3
    endloop
  endfacet
  facet normal 0.996917 0.0784611 0
    outer loop
      vertex 5.32093 6.73406 4.6
      vertex 5.3 7 2.3
      vertex 5.3 7 4.6
    endloop
  endfacet
  facet normal 0.996917 0.0784611 0
    outer loop
      vertex 5.3 7 2.3
      vertex 5.32093 6.73406 4.6
      vertex 5.32093 6.73406 2.3
    endloop
  endfacet
  facet normal -0.233444 0.97237 0
    outer loop
      vertex 7.52533 5.3832 2.3
      vertex 7.26594 5.32093 4.6
      vertex 7.52533 5.3832 4.6
    endloop
  endfacet
  facet normal -0.233444 0.97237 0
    outer loop
      vertex 7.26594 5.32093 4.6
      vertex 7.52533 5.3832 2.3
      vertex 7.26594 5.32093 2.3
    endloop
  endfacet
  facet normal -0.649448 0.760406 0
    outer loop
      vertex 8.20208 5.79792 2.3
      vertex 7.99923 5.62467 4.6
      vertex 8.20208 5.79792 4.6
    endloop
  endfacet
  facet normal -0.649448 0.760406 0
    outer loop
      vertex 7.99923 5.62467 4.6
      vertex 8.20208 5.79792 2.3
      vertex 7.99923 5.62467 2.3
    endloop
  endfacet
  facet normal 0.0784611 0.996917 -0
    outer loop
      vertex 7 5.3 2.3
      vertex 6.73406 5.32093 4.6
      vertex 7 5.3 4.6
    endloop
  endfacet
  facet normal 0.0784611 0.996917 0
    outer loop
      vertex 6.73406 5.32093 4.6
      vertex 7 5.3 2.3
      vertex 6.73406 5.32093 2.3
    endloop
  endfacet
  facet normal 0.97237 0.233444 0
    outer loop
      vertex 5.3832 6.47467 4.6
      vertex 5.32093 6.73406 2.3
      vertex 5.32093 6.73406 4.6
    endloop
  endfacet
  facet normal 0.97237 0.233444 0
    outer loop
      vertex 5.32093 6.73406 2.3
      vertex 5.3832 6.47467 4.6
      vertex 5.3832 6.47467 2.3
    endloop
  endfacet
  facet normal 0.996917 0.0784584 0
    outer loop
      vertex 24 7 9.6
      vertex 23.9384 7.78217 1.6
      vertex 23.9384 7.78217 9.6
    endloop
  endfacet
  facet normal 0.996917 0.0784584 0
    outer loop
      vertex 23.9384 7.78217 1.6
      vertex 24 7 9.6
      vertex 24 7 1.6
    endloop
  endfacet
  facet normal -0.996917 0.0784596 0
    outer loop
      vertex 14 7 1.6
      vertex 14.0616 7.78217 9.6
      vertex 14.0616 7.78217 1.6
    endloop
  endfacet
  facet normal -0.996917 0.0784596 0
    outer loop
      vertex 14.0616 7.78217 9.6
      vertex 14 7 1.6
      vertex 14 7 9.6
    endloop
  endfacet
  facet normal 0.0784596 0.996917 -0
    outer loop
      vertex 19.7822 11.9384 1.6
      vertex 19 12 9.6
      vertex 19.7822 11.9384 9.6
    endloop
  endfacet
  facet normal 0.0784596 0.996917 0
    outer loop
      vertex 19 12 9.6
      vertex 19.7822 11.9384 1.6
      vertex 19 12 1.6
    endloop
  endfacet
  facet normal -0.760406 -0.649448 0
    outer loop
      vertex 15.4645 3.46447 1.6
      vertex 14.9549 4.06107 9.6
      vertex 14.9549 4.06107 1.6
    endloop
  endfacet
  facet normal -0.760406 -0.649448 0
    outer loop
      vertex 14.9549 4.06107 9.6
      vertex 15.4645 3.46447 1.6
      vertex 15.4645 3.46447 9.6
    endloop
  endfacet
  facet normal 0.760406 0.649448 0
    outer loop
      vertex 23.0451 9.93893 9.6
      vertex 22.5355 10.5355 1.6
      vertex 22.5355 10.5355 9.6
    endloop
  endfacet
  facet normal 0.760406 0.649448 0
    outer loop
      vertex 22.5355 10.5355 1.6
      vertex 23.0451 9.93893 9.6
      vertex 23.0451 9.93893 1.6
    endloop
  endfacet
  facet normal -0.649448 0.760406 0
    outer loop
      vertex 16.0611 11.0451 1.6
      vertex 15.4645 10.5355 9.6
      vertex 16.0611 11.0451 9.6
    endloop
  endfacet
  facet normal -0.649448 0.760406 0
    outer loop
      vertex 15.4645 10.5355 9.6
      vertex 16.0611 11.0451 1.6
      vertex 15.4645 10.5355 1.6
    endloop
  endfacet
  facet normal -0.233445 0.97237 0
    outer loop
      vertex 18.2178 11.9384 1.6
      vertex 17.4549 11.7553 9.6
      vertex 18.2178 11.9384 9.6
    endloop
  endfacet
  facet normal -0.233445 0.97237 0
    outer loop
      vertex 17.4549 11.7553 9.6
      vertex 18.2178 11.9384 1.6
      vertex 17.4549 11.7553 1.6
    endloop
  endfacet
  facet normal 0.649448 -0.760406 0
    outer loop
      vertex 21.9389 2.95492 1.6
      vertex 22.5355 3.46447 9.6
      vertex 21.9389 2.95492 9.6
    endloop
  endfacet
  facet normal 0.649448 -0.760406 0
    outer loop
      vertex 22.5355 3.46447 9.6
      vertex 21.9389 2.95492 1.6
      vertex 22.5355 3.46447 1.6
    endloop
  endfacet
  facet normal 0.760406 -0.649448 0
    outer loop
      vertex 22.5355 3.46447 9.6
      vertex 23.0451 4.06107 1.6
      vertex 23.0451 4.06107 9.6
    endloop
  endfacet
  facet normal 0.760406 -0.649448 0
    outer loop
      vertex 23.0451 4.06107 1.6
      vertex 22.5355 3.46447 9.6
      vertex 22.5355 3.46447 1.6
    endloop
  endfacet
  facet normal 0.923879 0.382685 0
    outer loop
      vertex 23.7553 8.54508 9.6
      vertex 23.455 9.26995 1.6
      vertex 23.455 9.26995 9.6
    endloop
  endfacet
  facet normal 0.923879 0.382685 0
    outer loop
      vertex 23.455 9.26995 1.6
      vertex 23.7553 8.54508 9.6
      vertex 23.7553 8.54508 1.6
    endloop
  endfacet
  facet normal 0.97237 0.233445 0
    outer loop
      vertex 23.9384 7.78217 9.6
      vertex 23.7553 8.54508 1.6
      vertex 23.7553 8.54508 9.6
    endloop
  endfacet
  facet normal 0.97237 0.233445 0
    outer loop
      vertex 23.7553 8.54508 1.6
      vertex 23.9384 7.78217 9.6
      vertex 23.9384 7.78217 1.6
    endloop
  endfacet
  facet normal 0.852641 0.522497 0
    outer loop
      vertex 23.455 9.26995 9.6
      vertex 23.0451 9.93893 1.6
      vertex 23.0451 9.93893 9.6
    endloop
  endfacet
  facet normal 0.852641 0.522497 0
    outer loop
      vertex 23.0451 9.93893 1.6
      vertex 23.455 9.26995 9.6
      vertex 23.455 9.26995 1.6
    endloop
  endfacet
  facet normal 0.382685 0.923879 -0
    outer loop
      vertex 21.27 11.455 1.6
      vertex 20.5451 11.7553 9.6
      vertex 21.27 11.455 9.6
    endloop
  endfacet
  facet normal 0.382685 0.923879 0
    outer loop
      vertex 20.5451 11.7553 9.6
      vertex 21.27 11.455 1.6
      vertex 20.5451 11.7553 1.6
    endloop
  endfacet
  facet normal 0.233445 0.97237 -0
    outer loop
      vertex 20.5451 11.7553 1.6
      vertex 19.7822 11.9384 9.6
      vertex 20.5451 11.7553 9.6
    endloop
  endfacet
  facet normal 0.233445 0.97237 0
    outer loop
      vertex 19.7822 11.9384 9.6
      vertex 20.5451 11.7553 1.6
      vertex 19.7822 11.9384 1.6
    endloop
  endfacet
  facet normal 0.649448 0.760406 -0
    outer loop
      vertex 22.5355 10.5355 1.6
      vertex 21.9389 11.0451 9.6
      vertex 22.5355 10.5355 9.6
    endloop
  endfacet
  facet normal 0.649448 0.760406 0
    outer loop
      vertex 21.9389 11.0451 9.6
      vertex 22.5355 10.5355 1.6
      vertex 21.9389 11.0451 1.6
    endloop
  endfacet
  facet normal -0.923879 0.382684 0
    outer loop
      vertex 14.2447 8.54508 1.6
      vertex 14.545 9.26995 9.6
      vertex 14.545 9.26995 1.6
    endloop
  endfacet
  facet normal -0.923879 0.382684 0
    outer loop
      vertex 14.545 9.26995 9.6
      vertex 14.2447 8.54508 1.6
      vertex 14.2447 8.54508 9.6
    endloop
  endfacet
  facet normal -0.760406 0.649448 0
    outer loop
      vertex 14.9549 9.93893 1.6
      vertex 15.4645 10.5355 9.6
      vertex 15.4645 10.5355 1.6
    endloop
  endfacet
  facet normal -0.760406 0.649448 0
    outer loop
      vertex 15.4645 10.5355 9.6
      vertex 14.9549 9.93893 1.6
      vertex 14.9549 9.93893 9.6
    endloop
  endfacet
  facet normal -0.97237 0.233445 0
    outer loop
      vertex 14.0616 7.78217 1.6
      vertex 14.2447 8.54508 9.6
      vertex 14.2447 8.54508 1.6
    endloop
  endfacet
  facet normal -0.97237 0.233445 0
    outer loop
      vertex 14.2447 8.54508 9.6
      vertex 14.0616 7.78217 1.6
      vertex 14.0616 7.78217 9.6
    endloop
  endfacet
  facet normal 0 0 1
    outer loop
      vertex 21.25 7 9.6
      vertex 24 7 9.6
      vertex 23.9384 7.78217 9.6
    endloop
  endfacet
  facet normal 0 0 1
    outer loop
      vertex 21.2223 7.35198 9.6
      vertex 23.9384 7.78217 9.6
      vertex 23.7553 8.54508 9.6
    endloop
  endfacet
  facet normal 0 0 1
    outer loop
      vertex 24 7 9.6
      vertex 21.25 7 9.6
      vertex 23.9384 6.21783 9.6
    endloop
  endfacet
  facet normal 0 0 1
    outer loop
      vertex 21.1399 7.69529 9.6
      vertex 23.7553 8.54508 9.6
      vertex 23.455 9.26995 9.6
    endloop
  endfacet
  facet normal -0 0 1
    outer loop
      vertex 21.2223 6.64802 9.6
      vertex 23.9384 6.21783 9.6
      vertex 21.25 7 9.6
    endloop
  endfacet
  facet normal 0 0 1
    outer loop
      vertex 21.0048 8.02148 9.6
      vertex 23.455 9.26995 9.6
      vertex 23.0451 9.93893 9.6
    endloop
  endfacet
  facet normal 0 0 1
    outer loop
      vertex 23.9384 6.21783 9.6
      vertex 21.2223 6.64802 9.6
      vertex 23.7553 5.45492 9.6
    endloop
  endfacet
  facet normal 0 0 1
    outer loop
      vertex 20.8203 8.32252 9.6
      vertex 23.0451 9.93893 9.6
      vertex 22.5355 10.5355 9.6
    endloop
  endfacet
  facet normal -0 0 1
    outer loop
      vertex 21.1399 6.30471 9.6
      vertex 23.7553 5.45492 9.6
      vertex 21.2223 6.64802 9.6
    endloop
  endfacet
  facet normal 0 0 1
    outer loop
      vertex 20.591 8.59099 9.6
      vertex 22.5355 10.5355 9.6
      vertex 21.9389 11.0451 9.6
    endloop
  endfacet
  facet normal 0 0 1
    outer loop
      vertex 23.7553 5.45492 9.6
      vertex 21.1399 6.30471 9.6
      vertex 23.455 4.73005 9.6
    endloop
  endfacet
  facet normal 0 0 1
    outer loop
      vertex 20.3225 8.82029 9.6
      vertex 21.9389 11.0451 9.6
      vertex 21.27 11.455 9.6
    endloop
  endfacet
  facet normal -0 0 1
    outer loop
      vertex 21.0048 5.97852 9.6
      vertex 23.455 4.73005 9.6
      vertex 21.1399 6.30471 9.6
    endloop
  endfacet
  facet normal 0 0 1
    outer loop
      vertex 23.455 4.73005 9.6
      vertex 21.0048 5.97852 9.6
      vertex 23.0451 4.06107 9.6
    endloop
  endfacet
  facet normal 0 0 1
    outer loop
      vertex 23.9384 7.78217 9.6
      vertex 21.2223 7.35198 9.6
      vertex 21.25 7 9.6
    endloop
  endfacet
  facet normal 0 0 1
    outer loop
      vertex 23.7553 8.54508 9.6
      vertex 21.1399 7.69529 9.6
      vertex 21.2223 7.35198 9.6
    endloop
  endfacet
  facet normal 0 0 1
    outer loop
      vertex 23.455 9.26995 9.6
      vertex 21.0048 8.02148 9.6
      vertex 21.1399 7.69529 9.6
    endloop
  endfacet
  facet normal 0 0 1
    outer loop
      vertex 23.0451 9.93893 9.6
      vertex 20.8203 8.32252 9.6
      vertex 21.0048 8.02148 9.6
    endloop
  endfacet
  facet normal 0 0 1
    outer loop
      vertex 22.5355 10.5355 9.6
      vertex 20.591 8.59099 9.6
      vertex 20.8203 8.32252 9.6
    endloop
  endfacet
  facet normal 0 0 1
    outer loop
      vertex 20.0215 9.00476 9.6
      vertex 21.27 11.455 9.6
      vertex 20.5451 11.7553 9.6
    endloop
  endfacet
  facet normal 0 0 1
    outer loop
      vertex 21.9389 11.0451 9.6
      vertex 20.3225 8.82029 9.6
      vertex 20.591 8.59099 9.6
    endloop
  endfacet
  facet normal 0 0 1
    outer loop
      vertex 21.27 11.455 9.6
      vertex 20.0215 9.00476 9.6
      vertex 20.3225 8.82029 9.6
    endloop
  endfacet
  facet normal 0 0 1
    outer loop
      vertex 19.6953 9.13988 9.6
      vertex 20.5451 11.7553 9.6
      vertex 19.7822 11.9384 9.6
    endloop
  endfacet
  facet normal 0 0 1
    outer loop
      vertex 20.5451 11.7553 9.6
      vertex 19.6953 9.13988 9.6
      vertex 20.0215 9.00476 9.6
    endloop
  endfacet
  facet normal 0 0 1
    outer loop
      vertex 19.7822 11.9384 9.6
      vertex 19.352 9.2223 9.6
      vertex 19.6953 9.13988 9.6
    endloop
  endfacet
  facet normal 0 0 1
    outer loop
      vertex 19 12 9.6
      vertex 19.352 9.2223 9.6
      vertex 19.7822 11.9384 9.6
    endloop
  endfacet
  facet normal 0 0 1
    outer loop
      vertex 19 12 9.6
      vertex 19 9.25 9.6
      vertex 19.352 9.2223 9.6
    endloop
  endfacet
  facet normal 0 0 1
    outer loop
      vertex 19 12 9.6
      vertex 18.648 9.2223 9.6
      vertex 19 9.25 9.6
    endloop
  endfacet
  facet normal -0 0 1
    outer loop
      vertex 18.2178 11.9384 9.6
      vertex 18.648 9.2223 9.6
      vertex 19 12 9.6
    endloop
  endfacet
  facet normal 0 0 1
    outer loop
      vertex 18.648 9.2223 9.6
      vertex 18.2178 11.9384 9.6
      vertex 18.3047 9.13988 9.6
    endloop
  endfacet
  facet normal -0 0 1
    outer loop
      vertex 17.4549 11.7553 9.6
      vertex 18.3047 9.13988 9.6
      vertex 18.2178 11.9384 9.6
    endloop
  endfacet
  facet normal 0 0 1
    outer loop
      vertex 18.3047 9.13988 9.6
      vertex 17.4549 11.7553 9.6
      vertex 17.9785 9.00476 9.6
    endloop
  endfacet
  facet normal -0 0 1
    outer loop
      vertex 16.73 11.455 9.6
      vertex 17.9785 9.00476 9.6
      vertex 17.4549 11.7553 9.6
    endloop
  endfacet
  facet normal 0 0 1
    outer loop
      vertex 17.9785 9.00476 9.6
      vertex 16.73 11.455 9.6
      vertex 17.6775 8.82029 9.6
    endloop
  endfacet
  facet normal -0 0 1
    outer loop
      vertex 16.0611 11.0451 9.6
      vertex 17.6775 8.82029 9.6
      vertex 16.73 11.455 9.6
    endloop
  endfacet
  facet normal 0 0 1
    outer loop
      vertex 17.6775 8.82029 9.6
      vertex 16.0611 11.0451 9.6
      vertex 17.409 8.59099 9.6
    endloop
  endfacet
  facet normal -0 0 1
    outer loop
      vertex 15.4645 10.5355 9.6
      vertex 17.409 8.59099 9.6
      vertex 16.0611 11.0451 9.6
    endloop
  endfacet
  facet normal 0 0 1
    outer loop
      vertex 17.409 8.59099 9.6
      vertex 15.4645 10.5355 9.6
      vertex 17.1797 8.32252 9.6
    endloop
  endfacet
  facet normal 0 0 1
    outer loop
      vertex 17.1797 8.32252 9.6
      vertex 14.9549 9.93893 9.6
      vertex 16.9952 8.02148 9.6
    endloop
  endfacet
  facet normal -0 0 1
    outer loop
      vertex 14.9549 9.93893 9.6
      vertex 17.1797 8.32252 9.6
      vertex 15.4645 10.5355 9.6
    endloop
  endfacet
  facet normal -0 0 1
    outer loop
      vertex 20.8203 5.67748 9.6
      vertex 23.0451 4.06107 9.6
      vertex 21.0048 5.97852 9.6
    endloop
  endfacet
  facet normal 0 0 1
    outer loop
      vertex 23.0451 4.06107 9.6
      vertex 20.8203 5.67748 9.6
      vertex 22.5355 3.46447 9.6
    endloop
  endfacet
  facet normal -0 0 1
    outer loop
      vertex 20.591 5.40901 9.6
      vertex 22.5355 3.46447 9.6
      vertex 20.8203 5.67748 9.6
    endloop
  endfacet
  facet normal 0 0 1
    outer loop
      vertex 22.5355 3.46447 9.6
      vertex 20.591 5.40901 9.6
      vertex 21.9389 2.95492 9.6
    endloop
  endfacet
  facet normal -0 0 1
    outer loop
      vertex 20.3225 5.17971 9.6
      vertex 21.9389 2.95492 9.6
      vertex 20.591 5.40901 9.6
    endloop
  endfacet
  facet normal 0 0 1
    outer loop
      vertex 21.9389 2.95492 9.6
      vertex 20.3225 5.17971 9.6
      vertex 21.27 2.54497 9.6
    endloop
  endfacet
  facet normal -0 0 1
    outer loop
      vertex 20.0215 4.99524 9.6
      vertex 21.27 2.54497 9.6
      vertex 20.3225 5.17971 9.6
    endloop
  endfacet
  facet normal 0 0 1
    outer loop
      vertex 21.27 2.54497 9.6
      vertex 20.0215 4.99524 9.6
      vertex 20.5451 2.24472 9.6
    endloop
  endfacet
  facet normal -0 0 1
    outer loop
      vertex 19.6953 4.86012 9.6
      vertex 20.5451 2.24472 9.6
      vertex 20.0215 4.99524 9.6
    endloop
  endfacet
  facet normal 0 0 1
    outer loop
      vertex 20.5451 2.24472 9.6
      vertex 19.6953 4.86012 9.6
      vertex 19.7822 2.06156 9.6
    endloop
  endfacet
  facet normal -0 0 1
    outer loop
      vertex 19.352 4.7777 9.6
      vertex 19.7822 2.06156 9.6
      vertex 19.6953 4.86012 9.6
    endloop
  endfacet
  facet normal -0 0 1
    outer loop
      vertex 19 4.75 9.6
      vertex 19.7822 2.06156 9.6
      vertex 19.352 4.7777 9.6
    endloop
  endfacet
  facet normal 0 0 1
    outer loop
      vertex 19 4.75 9.6
      vertex 19 2 9.6
      vertex 19.7822 2.06156 9.6
    endloop
  endfacet
  facet normal 0 0 1
    outer loop
      vertex 18.648 4.7777 9.6
      vertex 19 2 9.6
      vertex 19 4.75 9.6
    endloop
  endfacet
  facet normal 0 0 1
    outer loop
      vertex 18.2178 2.06156 9.6
      vertex 18.648 4.7777 9.6
      vertex 18.3047 4.86012 9.6
    endloop
  endfacet
  facet normal 0 0 1
    outer loop
      vertex 18.648 4.7777 9.6
      vertex 18.2178 2.06156 9.6
      vertex 19 2 9.6
    endloop
  endfacet
  facet normal 0 0 1
    outer loop
      vertex 17.4549 2.24472 9.6
      vertex 18.3047 4.86012 9.6
      vertex 17.9785 4.99524 9.6
    endloop
  endfacet
  facet normal 0 0 1
    outer loop
      vertex 16.73 2.54497 9.6
      vertex 17.9785 4.99524 9.6
      vertex 17.6775 5.17971 9.6
    endloop
  endfacet
  facet normal 0 0 1
    outer loop
      vertex 18.3047 4.86012 9.6
      vertex 17.4549 2.24472 9.6
      vertex 18.2178 2.06156 9.6
    endloop
  endfacet
  facet normal 0 0 1
    outer loop
      vertex 16.0611 2.95492 9.6
      vertex 17.6775 5.17971 9.6
      vertex 17.409 5.40901 9.6
    endloop
  endfacet
  facet normal 0 0 1
    outer loop
      vertex 15.4645 3.46447 9.6
      vertex 17.409 5.40901 9.6
      vertex 17.1797 5.67748 9.6
    endloop
  endfacet
  facet normal 0 0 1
    outer loop
      vertex 14.9549 4.06107 9.6
      vertex 17.1797 5.67748 9.6
      vertex 16.9952 5.97852 9.6
    endloop
  endfacet
  facet normal 0 0 1
    outer loop
      vertex 14.545 4.73005 9.6
      vertex 16.9952 5.97852 9.6
      vertex 16.8601 6.30471 9.6
    endloop
  endfacet
  facet normal 0 0 1
    outer loop
      vertex 14.2447 5.45492 9.6
      vertex 16.8601 6.30471 9.6
      vertex 16.7777 6.64802 9.6
    endloop
  endfacet
  facet normal 0 0 1
    outer loop
      vertex 17.9785 4.99524 9.6
      vertex 16.73 2.54497 9.6
      vertex 17.4549 2.24472 9.6
    endloop
  endfacet
  facet normal 0 0 1
    outer loop
      vertex 14.0616 6.21783 9.6
      vertex 16.7777 6.64802 9.6
      vertex 16.75 7 9.6
    endloop
  endfacet
  facet normal -0 0 1
    outer loop
      vertex 14.545 9.26995 9.6
      vertex 16.9952 8.02148 9.6
      vertex 14.9549 9.93893 9.6
    endloop
  endfacet
  facet normal 0 0 1
    outer loop
      vertex 16.9952 8.02148 9.6
      vertex 14.545 9.26995 9.6
      vertex 16.8601 7.69529 9.6
    endloop
  endfacet
  facet normal 0 0 1
    outer loop
      vertex 17.6775 5.17971 9.6
      vertex 16.0611 2.95492 9.6
      vertex 16.73 2.54497 9.6
    endloop
  endfacet
  facet normal -0 0 1
    outer loop
      vertex 14.2447 8.54508 9.6
      vertex 16.8601 7.69529 9.6
      vertex 14.545 9.26995 9.6
    endloop
  endfacet
  facet normal 0 0 1
    outer loop
      vertex 17.409 5.40901 9.6
      vertex 15.4645 3.46447 9.6
      vertex 16.0611 2.95492 9.6
    endloop
  endfacet
  facet normal 0 0 1
    outer loop
      vertex 16.8601 7.69529 9.6
      vertex 14.2447 8.54508 9.6
      vertex 16.7777 7.35198 9.6
    endloop
  endfacet
  facet normal 0 0 1
    outer loop
      vertex 17.1797 5.67748 9.6
      vertex 14.9549 4.06107 9.6
      vertex 15.4645 3.46447 9.6
    endloop
  endfacet
  facet normal -0 0 1
    outer loop
      vertex 14.0616 7.78217 9.6
      vertex 16.7777 7.35198 9.6
      vertex 14.2447 8.54508 9.6
    endloop
  endfacet
  facet normal 0 0 1
    outer loop
      vertex 16.9952 5.97852 9.6
      vertex 14.545 4.73005 9.6
      vertex 14.9549 4.06107 9.6
    endloop
  endfacet
  facet normal 0 0 1
    outer loop
      vertex 16.7777 7.35198 9.6
      vertex 14.0616 7.78217 9.6
      vertex 16.75 7 9.6
    endloop
  endfacet
  facet normal 0 0 1
    outer loop
      vertex 16.8601 6.30471 9.6
      vertex 14.2447 5.45492 9.6
      vertex 14.545 4.73005 9.6
    endloop
  endfacet
  facet normal 0 0 1
    outer loop
      vertex 14 7 9.6
      vertex 16.75 7 9.6
      vertex 14.0616 7.78217 9.6
    endloop
  endfacet
  facet normal 0 0 1
    outer loop
      vertex 16.7777 6.64802 9.6
      vertex 14.0616 6.21783 9.6
      vertex 14.2447 5.45492 9.6
    endloop
  endfacet
  facet normal 0 0 1
    outer loop
      vertex 16.75 7 9.6
      vertex 14 7 9.6
      vertex 14.0616 6.21783 9.6
    endloop
  endfacet
  facet normal -0.0784596 0.996917 0
    outer loop
      vertex 19 12 1.6
      vertex 18.2178 11.9384 9.6
      vertex 19 12 9.6
    endloop
  endfacet
  facet normal -0.0784596 0.996917 0
    outer loop
      vertex 18.2178 11.9384 9.6
      vertex 19 12 1.6
      vertex 18.2178 11.9384 1.6
    endloop
  endfacet
  facet normal 0.0784596 -0.996917 0
    outer loop
      vertex 19 2 1.6
      vertex 19.7822 2.06156 9.6
      vertex 19 2 9.6
    endloop
  endfacet
  facet normal 0.0784596 -0.996917 0
    outer loop
      vertex 19.7822 2.06156 9.6
      vertex 19 2 1.6
      vertex 19.7822 2.06156 1.6
    endloop
  endfacet
  facet normal -0.382685 -0.923879 0
    outer loop
      vertex 16.73 2.54497 1.6
      vertex 17.4549 2.24472 9.6
      vertex 16.73 2.54497 9.6
    endloop
  endfacet
  facet normal -0.382685 -0.923879 -0
    outer loop
      vertex 17.4549 2.24472 9.6
      vertex 16.73 2.54497 1.6
      vertex 17.4549 2.24472 1.6
    endloop
  endfacet
  facet normal -0.649448 -0.760406 0
    outer loop
      vertex 15.4645 3.46447 1.6
      vertex 16.0611 2.95492 9.6
      vertex 15.4645 3.46447 9.6
    endloop
  endfacet
  facet normal -0.649448 -0.760406 -0
    outer loop
      vertex 16.0611 2.95492 9.6
      vertex 15.4645 3.46447 1.6
      vertex 16.0611 2.95492 1.6
    endloop
  endfacet
  facet normal -0.233445 -0.97237 0
    outer loop
      vertex 17.4549 2.24472 1.6
      vertex 18.2178 2.06156 9.6
      vertex 17.4549 2.24472 9.6
    endloop
  endfacet
  facet normal -0.233445 -0.97237 -0
    outer loop
      vertex 18.2178 2.06156 9.6
      vertex 17.4549 2.24472 1.6
      vertex 18.2178 2.06156 1.6
    endloop
  endfacet
  facet normal -0.996917 -0.0784596 0
    outer loop
      vertex 14.0616 6.21783 1.6
      vertex 14 7 9.6
      vertex 14 7 1.6
    endloop
  endfacet
  facet normal -0.996917 -0.0784596 0
    outer loop
      vertex 14 7 9.6
      vertex 14.0616 6.21783 1.6
      vertex 14.0616 6.21783 9.6
    endloop
  endfacet
  facet normal 0.522497 0.852641 -0
    outer loop
      vertex 21.9389 11.0451 1.6
      vertex 21.27 11.455 9.6
      vertex 21.9389 11.0451 9.6
    endloop
  endfacet
  facet normal 0.522497 0.852641 0
    outer loop
      vertex 21.27 11.455 9.6
      vertex 21.9389 11.0451 1.6
      vertex 21.27 11.455 1.6
    endloop
  endfacet
  facet normal -0.85264 0.522498 0
    outer loop
      vertex 14.545 9.26995 1.6
      vertex 14.9549 9.93893 9.6
      vertex 14.9549 9.93893 1.6
    endloop
  endfacet
  facet normal -0.85264 0.522498 0
    outer loop
      vertex 14.9549 9.93893 9.6
      vertex 14.545 9.26995 1.6
      vertex 14.545 9.26995 9.6
    endloop
  endfacet
  facet normal -0.382685 0.923879 0
    outer loop
      vertex 17.4549 11.7553 1.6
      vertex 16.73 11.455 9.6
      vertex 17.4549 11.7553 9.6
    endloop
  endfacet
  facet normal -0.382685 0.923879 0
    outer loop
      vertex 16.73 11.455 9.6
      vertex 17.4549 11.7553 1.6
      vertex 16.73 11.455 1.6
    endloop
  endfacet
  facet normal -0.522497 0.852641 0
    outer loop
      vertex 16.73 11.455 1.6
      vertex 16.0611 11.0451 9.6
      vertex 16.73 11.455 9.6
    endloop
  endfacet
  facet normal -0.522497 0.852641 0
    outer loop
      vertex 16.0611 11.0451 9.6
      vertex 16.73 11.455 1.6
      vertex 16.0611 11.0451 1.6
    endloop
  endfacet
  facet normal 0.233445 -0.97237 0
    outer loop
      vertex 19.7822 2.06156 1.6
      vertex 20.5451 2.24472 9.6
      vertex 19.7822 2.06156 9.6
    endloop
  endfacet
  facet normal 0.233445 -0.97237 0
    outer loop
      vertex 20.5451 2.24472 9.6
      vertex 19.7822 2.06156 1.6
      vertex 20.5451 2.24472 1.6
    endloop
  endfacet
  facet normal 0.382685 -0.923879 0
    outer loop
      vertex 20.5451 2.24472 1.6
      vertex 21.27 2.54497 9.6
      vertex 20.5451 2.24472 9.6
    endloop
  endfacet
  facet normal 0.382685 -0.923879 0
    outer loop
      vertex 21.27 2.54497 9.6
      vertex 20.5451 2.24472 1.6
      vertex 21.27 2.54497 1.6
    endloop
  endfacet
  facet normal 0.97237 -0.233445 0
    outer loop
      vertex 23.7553 5.45492 9.6
      vertex 23.9384 6.21783 1.6
      vertex 23.9384 6.21783 9.6
    endloop
  endfacet
  facet normal 0.97237 -0.233445 0
    outer loop
      vertex 23.9384 6.21783 1.6
      vertex 23.7553 5.45492 9.6
      vertex 23.7553 5.45492 1.6
    endloop
  endfacet
  facet normal -0.522497 -0.852641 0
    outer loop
      vertex 16.0611 2.95492 1.6
      vertex 16.73 2.54497 9.6
      vertex 16.0611 2.95492 9.6
    endloop
  endfacet
  facet normal -0.522497 -0.852641 -0
    outer loop
      vertex 16.73 2.54497 9.6
      vertex 16.0611 2.95492 1.6
      vertex 16.73 2.54497 1.6
    endloop
  endfacet
  facet normal -0.0784596 -0.996917 0
    outer loop
      vertex 18.2178 2.06156 1.6
      vertex 19 2 9.6
      vertex 18.2178 2.06156 9.6
    endloop
  endfacet
  facet normal -0.0784596 -0.996917 -0
    outer loop
      vertex 19 2 9.6
      vertex 18.2178 2.06156 1.6
      vertex 19 2 1.6
    endloop
  endfacet
  facet normal -0.923879 -0.382684 0
    outer loop
      vertex 14.545 4.73005 1.6
      vertex 14.2447 5.45492 9.6
      vertex 14.2447 5.45492 1.6
    endloop
  endfacet
  facet normal -0.923879 -0.382684 0
    outer loop
      vertex 14.2447 5.45492 9.6
      vertex 14.545 4.73005 1.6
      vertex 14.545 4.73005 9.6
    endloop
  endfacet
  facet normal -0.97237 -0.233445 0
    outer loop
      vertex 14.2447 5.45492 1.6
      vertex 14.0616 6.21783 9.6
      vertex 14.0616 6.21783 1.6
    endloop
  endfacet
  facet normal -0.97237 -0.233445 0
    outer loop
      vertex 14.0616 6.21783 9.6
      vertex 14.2447 5.45492 1.6
      vertex 14.2447 5.45492 9.6
    endloop
  endfacet
  facet normal 0.522497 -0.852641 0
    outer loop
      vertex 21.27 2.54497 1.6
      vertex 21.9389 2.95492 9.6
      vertex 21.27 2.54497 9.6
    endloop
  endfacet
  facet normal 0.522497 -0.852641 0
    outer loop
      vertex 21.9389 2.95492 9.6
      vertex 21.27 2.54497 1.6
      vertex 21.9389 2.95492 1.6
    endloop
  endfacet
  facet normal 0.852641 -0.522497 0
    outer loop
      vertex 23.0451 4.06107 9.6
      vertex 23.455 4.73005 1.6
      vertex 23.455 4.73005 9.6
    endloop
  endfacet
  facet normal 0.852641 -0.522497 0
    outer loop
      vertex 23.455 4.73005 1.6
      vertex 23.0451 4.06107 9.6
      vertex 23.0451 4.06107 1.6
    endloop
  endfacet
  facet normal 0.996917 -0.0784584 0
    outer loop
      vertex 23.9384 6.21783 9.6
      vertex 24 7 1.6
      vertex 24 7 9.6
    endloop
  endfacet
  facet normal 0.996917 -0.0784584 0
    outer loop
      vertex 24 7 1.6
      vertex 23.9384 6.21783 9.6
      vertex 23.9384 6.21783 1.6
    endloop
  endfacet
  facet normal -0.85264 -0.522498 0
    outer loop
      vertex 14.9549 4.06107 1.6
      vertex 14.545 4.73005 9.6
      vertex 14.545 4.73005 1.6
    endloop
  endfacet
  facet normal -0.85264 -0.522498 0
    outer loop
      vertex 14.545 4.73005 9.6
      vertex 14.9549 4.06107 1.6
      vertex 14.9549 4.06107 9.6
    endloop
  endfacet
  facet normal 0.923879 -0.382685 0
    outer loop
      vertex 23.455 4.73005 9.6
      vertex 23.7553 5.45492 1.6
      vertex 23.7553 5.45492 9.6
    endloop
  endfacet
  facet normal 0.923879 -0.382685 0
    outer loop
      vertex 23.7553 5.45492 1.6
      vertex 23.455 4.73005 9.6
      vertex 23.455 4.73005 1.6
    endloop
  endfacet
  facet normal -0.996917 -0.0784622 0
    outer loop
      vertex 21.25 7 4.6
      vertex 21.2223 7.35198 9.6
      vertex 21.2223 7.35198 4.6
    endloop
  endfacet
  facet normal -0.996917 -0.0784622 0
    outer loop
      vertex 21.2223 7.35198 9.6
      vertex 21.25 7 4.6
      vertex 21.25 7 9.6
    endloop
  endfacet
  facet normal 0.996917 -0.0784622 0
    outer loop
      vertex 16.75 7 9.6
      vertex 16.7777 7.35198 4.6
      vertex 16.7777 7.35198 9.6
    endloop
  endfacet
  facet normal 0.996917 -0.0784622 0
    outer loop
      vertex 16.7777 7.35198 4.6
      vertex 16.75 7 9.6
      vertex 16.75 7 4.6
    endloop
  endfacet
  facet normal -0.0784593 -0.996917 0
    outer loop
      vertex 19 9.25 4.6
      vertex 19.352 9.2223 9.6
      vertex 19 9.25 9.6
    endloop
  endfacet
  facet normal -0.0784593 -0.996917 -0
    outer loop
      vertex 19.352 9.2223 9.6
      vertex 19 9.25 4.6
      vertex 19.352 9.2223 4.6
    endloop
  endfacet
  facet normal 0.0784593 0.996917 -0
    outer loop
      vertex 19 4.75 4.6
      vertex 18.648 4.7777 9.6
      vertex 19 4.75 9.6
    endloop
  endfacet
  facet normal 0.0784593 0.996917 0
    outer loop
      vertex 18.648 4.7777 9.6
      vertex 19 4.75 4.6
      vertex 18.648 4.7777 4.6
    endloop
  endfacet
  facet normal -0.760407 -0.649447 0
    outer loop
      vertex 20.8203 8.32252 4.6
      vertex 20.591 8.59099 9.6
      vertex 20.591 8.59099 4.6
    endloop
  endfacet
  facet normal -0.760407 -0.649447 0
    outer loop
      vertex 20.591 8.59099 9.6
      vertex 20.8203 8.32252 4.6
      vertex 20.8203 8.32252 9.6
    endloop
  endfacet
  facet normal 0.649449 -0.760406 0
    outer loop
      vertex 17.409 8.59099 4.6
      vertex 17.6775 8.82029 9.6
      vertex 17.409 8.59099 9.6
    endloop
  endfacet
  facet normal 0.649449 -0.760406 0
    outer loop
      vertex 17.6775 8.82029 9.6
      vertex 17.409 8.59099 4.6
      vertex 17.6775 8.82029 4.6
    endloop
  endfacet
  facet normal 0.382683 -0.92388 0
    outer loop
      vertex 17.9785 9.00476 4.6
      vertex 18.3047 9.13988 9.6
      vertex 17.9785 9.00476 9.6
    endloop
  endfacet
  facet normal 0.382683 -0.92388 0
    outer loop
      vertex 18.3047 9.13988 9.6
      vertex 17.9785 9.00476 4.6
      vertex 18.3047 9.13988 4.6
    endloop
  endfacet
  facet normal -0.85264 0.522499 0
    outer loop
      vertex 20.8203 5.67748 4.6
      vertex 21.0048 5.97852 9.6
      vertex 21.0048 5.97852 4.6
    endloop
  endfacet
  facet normal -0.85264 0.522499 0
    outer loop
      vertex 21.0048 5.97852 9.6
      vertex 20.8203 5.67748 4.6
      vertex 20.8203 5.67748 9.6
    endloop
  endfacet
  facet normal 0.972371 0.233442 0
    outer loop
      vertex 16.8601 6.30471 9.6
      vertex 16.7777 6.64802 4.6
      vertex 16.7777 6.64802 9.6
    endloop
  endfacet
  facet normal 0.972371 0.233442 0
    outer loop
      vertex 16.7777 6.64802 4.6
      vertex 16.8601 6.30471 9.6
      vertex 16.8601 6.30471 4.6
    endloop
  endfacet
  facet normal 0 0 1
    outer loop
      vertex 20.7 7 4.6
      vertex 21.25 7 4.6
      vertex 21.2223 7.35198 4.6
    endloop
  endfacet
  facet normal 0 0 1
    outer loop
      vertex 20.6791 7.26594 4.6
      vertex 21.2223 7.35198 4.6
      vertex 21.1399 7.69529 4.6
    endloop
  endfacet
  facet normal 0 0 1
    outer loop
      vertex 21.25 7 4.6
      vertex 20.7 7 4.6
      vertex 21.2223 6.64802 4.6
    endloop
  endfacet
  facet normal 0 0 1
    outer loop
      vertex 20.6168 7.52533 4.6
      vertex 21.1399 7.69529 4.6
      vertex 21.0048 8.02148 4.6
    endloop
  endfacet
  facet normal -0 0 1
    outer loop
      vertex 20.6791 6.73406 4.6
      vertex 21.2223 6.64802 4.6
      vertex 20.7 7 4.6
    endloop
  endfacet
  facet normal 0 0 1
    outer loop
      vertex 20.5147 7.77178 4.6
      vertex 21.0048 8.02148 4.6
      vertex 20.8203 8.32252 4.6
    endloop
  endfacet
  facet normal 0 0 1
    outer loop
      vertex 21.2223 6.64802 4.6
      vertex 20.6791 6.73406 4.6
      vertex 21.1399 6.30471 4.6
    endloop
  endfacet
  facet normal -0 0 1
    outer loop
      vertex 20.6168 6.47467 4.6
      vertex 21.1399 6.30471 4.6
      vertex 20.6791 6.73406 4.6
    endloop
  endfacet
  facet normal 0 0 1
    outer loop
      vertex 21.2223 7.35198 4.6
      vertex 20.6791 7.26594 4.6
      vertex 20.7 7 4.6
    endloop
  endfacet
  facet normal 0 0 1
    outer loop
      vertex 21.1399 7.69529 4.6
      vertex 20.6168 7.52533 4.6
      vertex 20.6791 7.26594 4.6
    endloop
  endfacet
  facet normal 0 0 1
    outer loop
      vertex 20.3753 7.99923 4.6
      vertex 20.8203 8.32252 4.6
      vertex 20.591 8.59099 4.6
    endloop
  endfacet
  facet normal 0 0 1
    outer loop
      vertex 21.0048 8.02148 4.6
      vertex 20.5147 7.77178 4.6
      vertex 20.6168 7.52533 4.6
    endloop
  endfacet
  facet normal 0 0 1
    outer loop
      vertex 20.8203 8.32252 4.6
      vertex 20.3753 7.99923 4.6
      vertex 20.5147 7.77178 4.6
    endloop
  endfacet
  facet normal 0 0 1
    outer loop
      vertex 20.2021 8.20208 4.6
      vertex 20.591 8.59099 4.6
      vertex 20.3225 8.82029 4.6
    endloop
  endfacet
  facet normal 0 0 1
    outer loop
      vertex 20.591 8.59099 4.6
      vertex 20.2021 8.20208 4.6
      vertex 20.3753 7.99923 4.6
    endloop
  endfacet
  facet normal 0 0 1
    outer loop
      vertex 19.9992 8.37533 4.6
      vertex 20.3225 8.82029 4.6
      vertex 20.0215 9.00476 4.6
    endloop
  endfacet
  facet normal 0 0 1
    outer loop
      vertex 20.3225 8.82029 4.6
      vertex 19.9992 8.37533 4.6
      vertex 20.2021 8.20208 4.6
    endloop
  endfacet
  facet normal 0 0 1
    outer loop
      vertex 20.0215 9.00476 4.6
      vertex 19.7718 8.51471 4.6
      vertex 19.9992 8.37533 4.6
    endloop
  endfacet
  facet normal 0 0 1
    outer loop
      vertex 19.6953 9.13988 4.6
      vertex 19.7718 8.51471 4.6
      vertex 20.0215 9.00476 4.6
    endloop
  endfacet
  facet normal 0 0 1
    outer loop
      vertex 19.6953 9.13988 4.6
      vertex 19.5253 8.6168 4.6
      vertex 19.7718 8.51471 4.6
    endloop
  endfacet
  facet normal 0 0 1
    outer loop
      vertex 19.352 9.2223 4.6
      vertex 19.5253 8.6168 4.6
      vertex 19.6953 9.13988 4.6
    endloop
  endfacet
  facet normal 0 0 1
    outer loop
      vertex 19.352 9.2223 4.6
      vertex 19.2659 8.67907 4.6
      vertex 19.5253 8.6168 4.6
    endloop
  endfacet
  facet normal 0 0 1
    outer loop
      vertex 19 9.25 4.6
      vertex 19.2659 8.67907 4.6
      vertex 19.352 9.2223 4.6
    endloop
  endfacet
  facet normal 0 0 1
    outer loop
      vertex 19 9.25 4.6
      vertex 19 8.7 4.6
      vertex 19.2659 8.67907 4.6
    endloop
  endfacet
  facet normal 0 0 1
    outer loop
      vertex 19 9.25 4.6
      vertex 18.7341 8.67907 4.6
      vertex 19 8.7 4.6
    endloop
  endfacet
  facet normal -0 0 1
    outer loop
      vertex 18.648 9.2223 4.6
      vertex 18.7341 8.67907 4.6
      vertex 19 9.25 4.6
    endloop
  endfacet
  facet normal 0 0 1
    outer loop
      vertex 18.648 9.2223 4.6
      vertex 18.4747 8.6168 4.6
      vertex 18.7341 8.67907 4.6
    endloop
  endfacet
  facet normal -0 0 1
    outer loop
      vertex 18.3047 9.13988 4.6
      vertex 18.4747 8.6168 4.6
      vertex 18.648 9.2223 4.6
    endloop
  endfacet
  facet normal 0 0 1
    outer loop
      vertex 18.3047 9.13988 4.6
      vertex 18.2282 8.51471 4.6
      vertex 18.4747 8.6168 4.6
    endloop
  endfacet
  facet normal -0 0 1
    outer loop
      vertex 17.9785 9.00476 4.6
      vertex 18.2282 8.51471 4.6
      vertex 18.3047 9.13988 4.6
    endloop
  endfacet
  facet normal 0 0 1
    outer loop
      vertex 18.2282 8.51471 4.6
      vertex 17.9785 9.00476 4.6
      vertex 18.0008 8.37533 4.6
    endloop
  endfacet
  facet normal -0 0 1
    outer loop
      vertex 17.6775 8.82029 4.6
      vertex 18.0008 8.37533 4.6
      vertex 17.9785 9.00476 4.6
    endloop
  endfacet
  facet normal 0 0 1
    outer loop
      vertex 18.0008 8.37533 4.6
      vertex 17.6775 8.82029 4.6
      vertex 17.7979 8.20208 4.6
    endloop
  endfacet
  facet normal -0 0 1
    outer loop
      vertex 17.409 8.59099 4.6
      vertex 17.7979 8.20208 4.6
      vertex 17.6775 8.82029 4.6
    endloop
  endfacet
  facet normal 0 0 1
    outer loop
      vertex 17.7979 8.20208 4.6
      vertex 17.409 8.59099 4.6
      vertex 17.6247 7.99923 4.6
    endloop
  endfacet
  facet normal -0 0 1
    outer loop
      vertex 17.1797 8.32252 4.6
      vertex 17.6247 7.99923 4.6
      vertex 17.409 8.59099 4.6
    endloop
  endfacet
  facet normal 0 0 1
    outer loop
      vertex 17.6247 7.99923 4.6
      vertex 17.1797 8.32252 4.6
      vertex 17.4853 7.77178 4.6
    endloop
  endfacet
  facet normal -0 0 1
    outer loop
      vertex 16.9952 8.02148 4.6
      vertex 17.4853 7.77178 4.6
      vertex 17.1797 8.32252 4.6
    endloop
  endfacet
  facet normal 0 0 1
    outer loop
      vertex 17.4853 7.77178 4.6
      vertex 16.9952 8.02148 4.6
      vertex 17.3832 7.52533 4.6
    endloop
  endfacet
  facet normal -0 0 1
    outer loop
      vertex 16.8601 7.69529 4.6
      vertex 17.3832 7.52533 4.6
      vertex 16.9952 8.02148 4.6
    endloop
  endfacet
  facet normal 0 0 1
    outer loop
      vertex 21.1399 6.30471 4.6
      vertex 20.6168 6.47467 4.6
      vertex 21.0048 5.97852 4.6
    endloop
  endfacet
  facet normal -0 0 1
    outer loop
      vertex 20.5147 6.22822 4.6
      vertex 21.0048 5.97852 4.6
      vertex 20.6168 6.47467 4.6
    endloop
  endfacet
  facet normal 0 0 1
    outer loop
      vertex 21.0048 5.97852 4.6
      vertex 20.5147 6.22822 4.6
      vertex 20.8203 5.67748 4.6
    endloop
  endfacet
  facet normal -0 0 1
    outer loop
      vertex 20.3753 6.00077 4.6
      vertex 20.8203 5.67748 4.6
      vertex 20.5147 6.22822 4.6
    endloop
  endfacet
  facet normal 0 0 1
    outer loop
      vertex 20.8203 5.67748 4.6
      vertex 20.3753 6.00077 4.6
      vertex 20.591 5.40901 4.6
    endloop
  endfacet
  facet normal -0 0 1
    outer loop
      vertex 20.2021 5.79792 4.6
      vertex 20.591 5.40901 4.6
      vertex 20.3753 6.00077 4.6
    endloop
  endfacet
  facet normal 0 0 1
    outer loop
      vertex 20.591 5.40901 4.6
      vertex 20.2021 5.79792 4.6
      vertex 20.3225 5.17971 4.6
    endloop
  endfacet
  facet normal -0 0 1
    outer loop
      vertex 19.9992 5.62467 4.6
      vertex 20.3225 5.17971 4.6
      vertex 20.2021 5.79792 4.6
    endloop
  endfacet
  facet normal 0 0 1
    outer loop
      vertex 20.3225 5.17971 4.6
      vertex 19.9992 5.62467 4.6
      vertex 20.0215 4.99524 4.6
    endloop
  endfacet
  facet normal -0 0 1
    outer loop
      vertex 19.7718 5.48529 4.6
      vertex 20.0215 4.99524 4.6
      vertex 19.9992 5.62467 4.6
    endloop
  endfacet
  facet normal 0 0 1
    outer loop
      vertex 19.7718 5.48529 4.6
      vertex 19.6953 4.86012 4.6
      vertex 20.0215 4.99524 4.6
    endloop
  endfacet
  facet normal -0 0 1
    outer loop
      vertex 19.5253 5.3832 4.6
      vertex 19.6953 4.86012 4.6
      vertex 19.7718 5.48529 4.6
    endloop
  endfacet
  facet normal 0 0 1
    outer loop
      vertex 19.5253 5.3832 4.6
      vertex 19.352 4.7777 4.6
      vertex 19.6953 4.86012 4.6
    endloop
  endfacet
  facet normal -0 0 1
    outer loop
      vertex 19.2659 5.32093 4.6
      vertex 19.352 4.7777 4.6
      vertex 19.5253 5.3832 4.6
    endloop
  endfacet
  facet normal -0 0 1
    outer loop
      vertex 19 5.3 4.6
      vertex 19.352 4.7777 4.6
      vertex 19.2659 5.32093 4.6
    endloop
  endfacet
  facet normal 0 0 1
    outer loop
      vertex 19 5.3 4.6
      vertex 19 4.75 4.6
      vertex 19.352 4.7777 4.6
    endloop
  endfacet
  facet normal 0 0 1
    outer loop
      vertex 18.7341 5.32093 4.6
      vertex 19 4.75 4.6
      vertex 19 5.3 4.6
    endloop
  endfacet
  facet normal 0 0 1
    outer loop
      vertex 18.7341 5.32093 4.6
      vertex 18.648 4.7777 4.6
      vertex 19 4.75 4.6
    endloop
  endfacet
  facet normal 0 0 1
    outer loop
      vertex 18.4747 5.3832 4.6
      vertex 18.648 4.7777 4.6
      vertex 18.7341 5.32093 4.6
    endloop
  endfacet
  facet normal 0 0 1
    outer loop
      vertex 18.4747 5.3832 4.6
      vertex 18.3047 4.86012 4.6
      vertex 18.648 4.7777 4.6
    endloop
  endfacet
  facet normal 0 0 1
    outer loop
      vertex 18.2282 5.48529 4.6
      vertex 18.3047 4.86012 4.6
      vertex 18.4747 5.3832 4.6
    endloop
  endfacet
  facet normal 0 0 1
    outer loop
      vertex 17.9785 4.99524 4.6
      vertex 18.2282 5.48529 4.6
      vertex 18.0008 5.62467 4.6
    endloop
  endfacet
  facet normal 0 0 1
    outer loop
      vertex 18.2282 5.48529 4.6
      vertex 17.9785 4.99524 4.6
      vertex 18.3047 4.86012 4.6
    endloop
  endfacet
  facet normal 0 0 1
    outer loop
      vertex 17.6775 5.17971 4.6
      vertex 18.0008 5.62467 4.6
      vertex 17.7979 5.79792 4.6
    endloop
  endfacet
  facet normal 0 0 1
    outer loop
      vertex 18.0008 5.62467 4.6
      vertex 17.6775 5.17971 4.6
      vertex 17.9785 4.99524 4.6
    endloop
  endfacet
  facet normal 0 0 1
    outer loop
      vertex 17.409 5.40901 4.6
      vertex 17.7979 5.79792 4.6
      vertex 17.6247 6.00077 4.6
    endloop
  endfacet
  facet normal 0 0 1
    outer loop
      vertex 17.1797 5.67748 4.6
      vertex 17.6247 6.00077 4.6
      vertex 17.4853 6.22822 4.6
    endloop
  endfacet
  facet normal 0 0 1
    outer loop
      vertex 17.7979 5.79792 4.6
      vertex 17.409 5.40901 4.6
      vertex 17.6775 5.17971 4.6
    endloop
  endfacet
  facet normal 0 0 1
    outer loop
      vertex 16.9952 5.97852 4.6
      vertex 17.4853 6.22822 4.6
      vertex 17.3832 6.47467 4.6
    endloop
  endfacet
  facet normal 0 0 1
    outer loop
      vertex 16.8601 6.30471 4.6
      vertex 17.3832 6.47467 4.6
      vertex 17.3209 6.73406 4.6
    endloop
  endfacet
  facet normal 0 0 1
    outer loop
      vertex 16.7777 6.64802 4.6
      vertex 17.3209 6.73406 4.6
      vertex 17.3 7 4.6
    endloop
  endfacet
  facet normal 0 0 1
    outer loop
      vertex 17.3832 7.52533 4.6
      vertex 16.8601 7.69529 4.6
      vertex 17.3209 7.26594 4.6
    endloop
  endfacet
  facet normal 0 0 1
    outer loop
      vertex 17.6247 6.00077 4.6
      vertex 17.1797 5.67748 4.6
      vertex 17.409 5.40901 4.6
    endloop
  endfacet
  facet normal -0 0 1
    outer loop
      vertex 16.7777 7.35198 4.6
      vertex 17.3209 7.26594 4.6
      vertex 16.8601 7.69529 4.6
    endloop
  endfacet
  facet normal 0 0 1
    outer loop
      vertex 17.4853 6.22822 4.6
      vertex 16.9952 5.97852 4.6
      vertex 17.1797 5.67748 4.6
    endloop
  endfacet
  facet normal 0 0 1
    outer loop
      vertex 17.3209 7.26594 4.6
      vertex 16.7777 7.35198 4.6
      vertex 17.3 7 4.6
    endloop
  endfacet
  facet normal 0 0 1
    outer loop
      vertex 17.3832 6.47467 4.6
      vertex 16.8601 6.30471 4.6
      vertex 16.9952 5.97852 4.6
    endloop
  endfacet
  facet normal 0 0 1
    outer loop
      vertex 16.75 7 4.6
      vertex 17.3 7 4.6
      vertex 16.7777 7.35198 4.6
    endloop
  endfacet
  facet normal 0 0 1
    outer loop
      vertex 17.3209 6.73406 4.6
      vertex 16.7777 6.64802 4.6
      vertex 16.8601 6.30471 4.6
    endloop
  endfacet
  facet normal 0 0 1
    outer loop
      vertex 17.3 7 4.6
      vertex 16.75 7 4.6
      vertex 16.7777 6.64802 4.6
    endloop
  endfacet
  facet normal -0.923879 -0.382685 0
    outer loop
      vertex 21.1399 7.69529 4.6
      vertex 21.0048 8.02148 9.6
      vertex 21.0048 8.02148 4.6
    endloop
  endfacet
  facet normal -0.923879 -0.382685 0
    outer loop
      vertex 21.0048 8.02148 9.6
      vertex 21.1399 7.69529 4.6
      vertex 21.1399 7.69529 9.6
    endloop
  endfacet
  facet normal -0.972371 -0.233442 0
    outer loop
      vertex 21.2223 7.35198 4.6
      vertex 21.1399 7.69529 9.6
      vertex 21.1399 7.69529 4.6
    endloop
  endfacet
  facet normal -0.972371 -0.233442 0
    outer loop
      vertex 21.1399 7.69529 9.6
      vertex 21.2223 7.35198 4.6
      vertex 21.2223 7.35198 9.6
    endloop
  endfacet
  facet normal -0.85264 -0.522499 0
    outer loop
      vertex 21.0048 8.02148 4.6
      vertex 20.8203 8.32252 9.6
      vertex 20.8203 8.32252 4.6
    endloop
  endfacet
  facet normal -0.85264 -0.522499 0
    outer loop
      vertex 20.8203 8.32252 9.6
      vertex 21.0048 8.02148 4.6
      vertex 21.0048 8.02148 9.6
    endloop
  endfacet
  facet normal -0.522496 -0.852642 0
    outer loop
      vertex 20.0215 9.00476 4.6
      vertex 20.3225 8.82029 9.6
      vertex 20.0215 9.00476 9.6
    endloop
  endfacet
  facet normal -0.522496 -0.852642 -0
    outer loop
      vertex 20.3225 8.82029 9.6
      vertex 20.0215 9.00476 4.6
      vertex 20.3225 8.82029 4.6
    endloop
  endfacet
  facet normal -0.649449 -0.760406 0
    outer loop
      vertex 20.3225 8.82029 4.6
      vertex 20.591 8.59099 9.6
      vertex 20.3225 8.82029 9.6
    endloop
  endfacet
  facet normal -0.649449 -0.760406 -0
    outer loop
      vertex 20.591 8.59099 9.6
      vertex 20.3225 8.82029 4.6
      vertex 20.591 8.59099 4.6
    endloop
  endfacet
  facet normal 0.85264 -0.522499 0
    outer loop
      vertex 16.9952 8.02148 9.6
      vertex 17.1797 8.32252 4.6
      vertex 17.1797 8.32252 9.6
    endloop
  endfacet
  facet normal 0.85264 -0.522499 0
    outer loop
      vertex 17.1797 8.32252 4.6
      vertex 16.9952 8.02148 9.6
      vertex 16.9952 8.02148 4.6
    endloop
  endfacet
  facet normal 0.760407 -0.649447 0
    outer loop
      vertex 17.1797 8.32252 9.6
      vertex 17.409 8.59099 4.6
      vertex 17.409 8.59099 9.6
    endloop
  endfacet
  facet normal 0.760407 -0.649447 0
    outer loop
      vertex 17.409 8.59099 4.6
      vertex 17.1797 8.32252 9.6
      vertex 17.1797 8.32252 4.6
    endloop
  endfacet
  facet normal 0.522496 -0.852642 0
    outer loop
      vertex 17.6775 8.82029 4.6
      vertex 17.9785 9.00476 9.6
      vertex 17.6775 8.82029 9.6
    endloop
  endfacet
  facet normal 0.522496 -0.852642 0
    outer loop
      vertex 17.9785 9.00476 9.6
      vertex 17.6775 8.82029 4.6
      vertex 17.9785 9.00476 4.6
    endloop
  endfacet
  facet normal 0.0784593 -0.996917 0
    outer loop
      vertex 18.648 9.2223 4.6
      vertex 19 9.25 9.6
      vertex 18.648 9.2223 9.6
    endloop
  endfacet
  facet normal 0.0784593 -0.996917 0
    outer loop
      vertex 19 9.25 9.6
      vertex 18.648 9.2223 4.6
      vertex 19 9.25 4.6
    endloop
  endfacet
  facet normal -0.233448 0.972369 0
    outer loop
      vertex 19.6953 4.86012 4.6
      vertex 19.352 4.7777 9.6
      vertex 19.6953 4.86012 9.6
    endloop
  endfacet
  facet normal -0.233448 0.972369 0
    outer loop
      vertex 19.352 4.7777 9.6
      vertex 19.6953 4.86012 4.6
      vertex 19.352 4.7777 4.6
    endloop
  endfacet
  facet normal -0.0784593 0.996917 0
    outer loop
      vertex 19.352 4.7777 4.6
      vertex 19 4.75 9.6
      vertex 19.352 4.7777 9.6
    endloop
  endfacet
  facet normal -0.0784593 0.996917 0
    outer loop
      vertex 19 4.75 9.6
      vertex 19.352 4.7777 4.6
      vertex 19 4.75 4.6
    endloop
  endfacet
  facet normal -0.522496 0.852642 0
    outer loop
      vertex 20.3225 5.17971 4.6
      vertex 20.0215 4.99524 9.6
      vertex 20.3225 5.17971 9.6
    endloop
  endfacet
  facet normal -0.522496 0.852642 0
    outer loop
      vertex 20.0215 4.99524 9.6
      vertex 20.3225 5.17971 4.6
      vertex 20.0215 4.99524 4.6
    endloop
  endfacet
  facet normal 0.649449 0.760406 -0
    outer loop
      vertex 17.6775 5.17971 4.6
      vertex 17.409 5.40901 9.6
      vertex 17.6775 5.17971 9.6
    endloop
  endfacet
  facet normal 0.649449 0.760406 0
    outer loop
      vertex 17.409 5.40901 9.6
      vertex 17.6775 5.17971 4.6
      vertex 17.409 5.40901 4.6
    endloop
  endfacet
  facet normal 0.382683 0.92388 -0
    outer loop
      vertex 18.3047 4.86012 4.6
      vertex 17.9785 4.99524 9.6
      vertex 18.3047 4.86012 9.6
    endloop
  endfacet
  facet normal 0.382683 0.92388 0
    outer loop
      vertex 17.9785 4.99524 9.6
      vertex 18.3047 4.86012 4.6
      vertex 17.9785 4.99524 4.6
    endloop
  endfacet
  facet normal 0.85264 0.522499 0
    outer loop
      vertex 17.1797 5.67748 9.6
      vertex 16.9952 5.97852 4.6
      vertex 16.9952 5.97852 9.6
    endloop
  endfacet
  facet normal 0.85264 0.522499 0
    outer loop
      vertex 16.9952 5.97852 4.6
      vertex 17.1797 5.67748 9.6
      vertex 17.1797 5.67748 4.6
    endloop
  endfacet
  facet normal 0.760407 0.649447 0
    outer loop
      vertex 17.409 5.40901 9.6
      vertex 17.1797 5.67748 4.6
      vertex 17.1797 5.67748 9.6
    endloop
  endfacet
  facet normal 0.760407 0.649447 0
    outer loop
      vertex 17.1797 5.67748 4.6
      vertex 17.409 5.40901 9.6
      vertex 17.409 5.40901 4.6
    endloop
  endfacet
  facet normal 0.996917 0.0784622 0
    outer loop
      vertex 16.7777 6.64802 9.6
      vertex 16.75 7 4.6
      vertex 16.75 7 9.6
    endloop
  endfacet
  facet normal 0.996917 0.0784622 0
    outer loop
      vertex 16.75 7 4.6
      vertex 16.7777 6.64802 9.6
      vertex 16.7777 6.64802 4.6
    endloop
  endfacet
  facet normal -0.233448 -0.972369 0
    outer loop
      vertex 19.352 9.2223 4.6
      vertex 19.6953 9.13988 9.6
      vertex 19.352 9.2223 9.6
    endloop
  endfacet
  facet normal -0.233448 -0.972369 -0
    outer loop
      vertex 19.6953 9.13988 9.6
      vertex 19.352 9.2223 4.6
      vertex 19.6953 9.13988 4.6
    endloop
  endfacet
  facet normal 0.972371 -0.233442 0
    outer loop
      vertex 16.7777 7.35198 9.6
      vertex 16.8601 7.69529 4.6
      vertex 16.8601 7.69529 9.6
    endloop
  endfacet
  facet normal 0.972371 -0.233442 0
    outer loop
      vertex 16.8601 7.69529 4.6
      vertex 16.7777 7.35198 9.6
      vertex 16.7777 7.35198 4.6
    endloop
  endfacet
  facet normal 0.233448 -0.972369 0
    outer loop
      vertex 18.3047 9.13988 4.6
      vertex 18.648 9.2223 9.6
      vertex 18.3047 9.13988 9.6
    endloop
  endfacet
  facet normal 0.233448 -0.972369 0
    outer loop
      vertex 18.648 9.2223 9.6
      vertex 18.3047 9.13988 4.6
      vertex 18.648 9.2223 4.6
    endloop
  endfacet
  facet normal -0.996917 0.0784622 0
    outer loop
      vertex 21.2223 6.64802 4.6
      vertex 21.25 7 9.6
      vertex 21.25 7 4.6
    endloop
  endfacet
  facet normal -0.996917 0.0784622 0
    outer loop
      vertex 21.25 7 9.6
      vertex 21.2223 6.64802 4.6
      vertex 21.2223 6.64802 9.6
    endloop
  endfacet
  facet normal -0.972371 0.233442 0
    outer loop
      vertex 21.1399 6.30471 4.6
      vertex 21.2223 6.64802 9.6
      vertex 21.2223 6.64802 4.6
    endloop
  endfacet
  facet normal -0.972371 0.233442 0
    outer loop
      vertex 21.2223 6.64802 9.6
      vertex 21.1399 6.30471 4.6
      vertex 21.1399 6.30471 9.6
    endloop
  endfacet
  facet normal -0.649449 0.760406 0
    outer loop
      vertex 20.591 5.40901 4.6
      vertex 20.3225 5.17971 9.6
      vertex 20.591 5.40901 9.6
    endloop
  endfacet
  facet normal -0.649449 0.760406 0
    outer loop
      vertex 20.3225 5.17971 9.6
      vertex 20.591 5.40901 4.6
      vertex 20.3225 5.17971 4.6
    endloop
  endfacet
  facet normal -0.760407 0.649447 0
    outer loop
      vertex 20.591 5.40901 4.6
      vertex 20.8203 5.67748 9.6
      vertex 20.8203 5.67748 4.6
    endloop
  endfacet
  facet normal -0.760407 0.649447 0
    outer loop
      vertex 20.8203 5.67748 9.6
      vertex 20.591 5.40901 4.6
      vertex 20.591 5.40901 9.6
    endloop
  endfacet
  facet normal 0.522496 0.852642 -0
    outer loop
      vertex 17.9785 4.99524 4.6
      vertex 17.6775 5.17971 9.6
      vertex 17.9785 4.99524 9.6
    endloop
  endfacet
  facet normal 0.522496 0.852642 0
    outer loop
      vertex 17.6775 5.17971 9.6
      vertex 17.9785 4.99524 4.6
      vertex 17.6775 5.17971 4.6
    endloop
  endfacet
  facet normal -0.382683 -0.92388 0
    outer loop
      vertex 19.6953 9.13988 4.6
      vertex 20.0215 9.00476 9.6
      vertex 19.6953 9.13988 9.6
    endloop
  endfacet
  facet normal -0.382683 -0.92388 -0
    outer loop
      vertex 20.0215 9.00476 9.6
      vertex 19.6953 9.13988 4.6
      vertex 20.0215 9.00476 4.6
    endloop
  endfacet
  facet normal 0.923879 -0.382685 0
    outer loop
      vertex 16.8601 7.69529 9.6
      vertex 16.9952 8.02148 4.6
      vertex 16.9952 8.02148 9.6
    endloop
  endfacet
  facet normal 0.923879 -0.382685 0
    outer loop
      vertex 16.9952 8.02148 4.6
      vertex 16.8601 7.69529 9.6
      vertex 16.8601 7.69529 4.6
    endloop
  endfacet
  facet normal -0.923879 0.382685 0
    outer loop
      vertex 21.0048 5.97852 4.6
      vertex 21.1399 6.30471 9.6
      vertex 21.1399 6.30471 4.6
    endloop
  endfacet
  facet normal -0.923879 0.382685 0
    outer loop
      vertex 21.1399 6.30471 9.6
      vertex 21.0048 5.97852 4.6
      vertex 21.0048 5.97852 9.6
    endloop
  endfacet
  facet normal -0.382683 0.92388 0
    outer loop
      vertex 20.0215 4.99524 4.6
      vertex 19.6953 4.86012 9.6
      vertex 20.0215 4.99524 9.6
    endloop
  endfacet
  facet normal -0.382683 0.92388 0
    outer loop
      vertex 19.6953 4.86012 9.6
      vertex 20.0215 4.99524 4.6
      vertex 19.6953 4.86012 4.6
    endloop
  endfacet
  facet normal 0.233448 0.972369 -0
    outer loop
      vertex 18.648 4.7777 4.6
      vertex 18.3047 4.86012 9.6
      vertex 18.648 4.7777 9.6
    endloop
  endfacet
  facet normal 0.233448 0.972369 0
    outer loop
      vertex 18.3047 4.86012 9.6
      vertex 18.648 4.7777 4.6
      vertex 18.3047 4.86012 4.6
    endloop
  endfacet
  facet normal 0.923879 0.382685 0
    outer loop
      vertex 16.9952 5.97852 9.6
      vertex 16.8601 6.30471 4.6
      vertex 16.8601 6.30471 9.6
    endloop
  endfacet
  facet normal 0.923879 0.382685 0
    outer loop
      vertex 16.8601 6.30471 4.6
      vertex 16.9952 5.97852 9.6
      vertex 16.9952 5.97852 4.6
    endloop
  endfacet
  facet normal -0.996917 -0.0784646 0
    outer loop
      vertex 20.7 7 2.3
      vertex 20.6791 7.26594 4.6
      vertex 20.6791 7.26594 2.3
    endloop
  endfacet
  facet normal -0.996917 -0.0784646 0
    outer loop
      vertex 20.6791 7.26594 4.6
      vertex 20.7 7 2.3
      vertex 20.7 7 4.6
    endloop
  endfacet
  facet normal 0.996917 -0.0784646 0
    outer loop
      vertex 17.3 7 4.6
      vertex 17.3209 7.26594 2.3
      vertex 17.3209 7.26594 4.6
    endloop
  endfacet
  facet normal 0.996917 -0.0784646 0
    outer loop
      vertex 17.3209 7.26594 2.3
      vertex 17.3 7 4.6
      vertex 17.3 7 2.3
    endloop
  endfacet
  facet normal -0.0784611 -0.996917 0
    outer loop
      vertex 19 8.7 2.3
      vertex 19.2659 8.67907 4.6
      vertex 19 8.7 4.6
    endloop
  endfacet
  facet normal -0.0784611 -0.996917 -0
    outer loop
      vertex 19.2659 8.67907 4.6
      vertex 19 8.7 2.3
      vertex 19.2659 8.67907 2.3
    endloop
  endfacet
  facet normal 0.760404 0.64945 0
    outer loop
      vertex 17.7979 5.79792 4.6
      vertex 17.6247 6.00077 2.3
      vertex 17.6247 6.00077 4.6
    endloop
  endfacet
  facet normal 0.760404 0.64945 0
    outer loop
      vertex 17.6247 6.00077 2.3
      vertex 17.7979 5.79792 4.6
      vertex 17.7979 5.79792 2.3
    endloop
  endfacet
  facet normal -0.760404 -0.64945 0
    outer loop
      vertex 20.3753 7.99923 2.3
      vertex 20.2021 8.20208 4.6
      vertex 20.2021 8.20208 2.3
    endloop
  endfacet
  facet normal -0.760404 -0.64945 0
    outer loop
      vertex 20.2021 8.20208 4.6
      vertex 20.3753 7.99923 2.3
      vertex 20.3753 7.99923 4.6
    endloop
  endfacet
  facet normal 0.649448 -0.760406 0
    outer loop
      vertex 17.7979 8.20208 2.3
      vertex 18.0008 8.37533 4.6
      vertex 17.7979 8.20208 4.6
    endloop
  endfacet
  facet normal 0.649448 -0.760406 0
    outer loop
      vertex 18.0008 8.37533 4.6
      vertex 17.7979 8.20208 2.3
      vertex 18.0008 8.37533 2.3
    endloop
  endfacet
  facet normal 0.382685 -0.923879 0
    outer loop
      vertex 18.2282 8.51471 2.3
      vertex 18.4747 8.6168 4.6
      vertex 18.2282 8.51471 4.6
    endloop
  endfacet
  facet normal 0.382685 -0.923879 0
    outer loop
      vertex 18.4747 8.6168 4.6
      vertex 18.2282 8.51471 2.3
      vertex 18.4747 8.6168 2.3
    endloop
  endfacet
  facet normal -0.760404 0.64945 0
    outer loop
      vertex 20.2021 5.79792 2.3
      vertex 20.3753 6.00077 4.6
      vertex 20.3753 6.00077 2.3
    endloop
  endfacet
  facet normal -0.760404 0.64945 0
    outer loop
      vertex 20.3753 6.00077 4.6
      vertex 20.2021 5.79792 2.3
      vertex 20.2021 5.79792 4.6
    endloop
  endfacet
  facet normal -0.923879 -0.382684 0
    outer loop
      vertex 20.6168 7.52533 2.3
      vertex 20.5147 7.77178 4.6
      vertex 20.5147 7.77178 2.3
    endloop
  endfacet
  facet normal -0.923879 -0.382684 0
    outer loop
      vertex 20.5147 7.77178 4.6
      vertex 20.6168 7.52533 2.3
      vertex 20.6168 7.52533 4.6
    endloop
  endfacet
  facet normal -0.972369 -0.233448 0
    outer loop
      vertex 20.6791 7.26594 2.3
      vertex 20.6168 7.52533 4.6
      vertex 20.6168 7.52533 2.3
    endloop
  endfacet
  facet normal -0.972369 -0.233448 0
    outer loop
      vertex 20.6168 7.52533 4.6
      vertex 20.6791 7.26594 2.3
      vertex 20.6791 7.26594 4.6
    endloop
  endfacet
  facet normal -0.852641 -0.522498 0
    outer loop
      vertex 20.5147 7.77178 2.3
      vertex 20.3753 7.99923 4.6
      vertex 20.3753 7.99923 2.3
    endloop
  endfacet
  facet normal -0.852641 -0.522498 0
    outer loop
      vertex 20.3753 7.99923 4.6
      vertex 20.5147 7.77178 2.3
      vertex 20.5147 7.77178 4.6
    endloop
  endfacet
  facet normal -0.522502 -0.852638 0
    outer loop
      vertex 19.7718 8.51471 2.3
      vertex 19.9992 8.37533 4.6
      vertex 19.7718 8.51471 4.6
    endloop
  endfacet
  facet normal -0.522502 -0.852638 -0
    outer loop
      vertex 19.9992 8.37533 4.6
      vertex 19.7718 8.51471 2.3
      vertex 19.9992 8.37533 2.3
    endloop
  endfacet
  facet normal -0.382685 -0.923879 0
    outer loop
      vertex 19.5253 8.6168 2.3
      vertex 19.7718 8.51471 4.6
      vertex 19.5253 8.6168 4.6
    endloop
  endfacet
  facet normal -0.382685 -0.923879 -0
    outer loop
      vertex 19.7718 8.51471 4.6
      vertex 19.5253 8.6168 2.3
      vertex 19.7718 8.51471 2.3
    endloop
  endfacet
  facet normal -0.649448 -0.760406 0
    outer loop
      vertex 19.9992 8.37533 2.3
      vertex 20.2021 8.20208 4.6
      vertex 19.9992 8.37533 4.6
    endloop
  endfacet
  facet normal -0.649448 -0.760406 -0
    outer loop
      vertex 20.2021 8.20208 4.6
      vertex 19.9992 8.37533 2.3
      vertex 20.2021 8.20208 2.3
    endloop
  endfacet
  facet normal 0.852641 -0.522498 0
    outer loop
      vertex 17.4853 7.77178 4.6
      vertex 17.6247 7.99923 2.3
      vertex 17.6247 7.99923 4.6
    endloop
  endfacet
  facet normal 0.852641 -0.522498 0
    outer loop
      vertex 17.6247 7.99923 2.3
      vertex 17.4853 7.77178 4.6
      vertex 17.4853 7.77178 2.3
    endloop
  endfacet
  facet normal 0.760404 -0.64945 0
    outer loop
      vertex 17.6247 7.99923 4.6
      vertex 17.7979 8.20208 2.3
      vertex 17.7979 8.20208 4.6
    endloop
  endfacet
  facet normal 0.760404 -0.64945 0
    outer loop
      vertex 17.7979 8.20208 2.3
      vertex 17.6247 7.99923 4.6
      vertex 17.6247 7.99923 2.3
    endloop
  endfacet
  facet normal 0.923879 -0.382684 0
    outer loop
      vertex 17.3832 7.52533 4.6
      vertex 17.4853 7.77178 2.3
      vertex 17.4853 7.77178 4.6
    endloop
  endfacet
  facet normal 0.923879 -0.382684 0
    outer loop
      vertex 17.4853 7.77178 2.3
      vertex 17.3832 7.52533 4.6
      vertex 17.3832 7.52533 2.3
    endloop
  endfacet
  facet normal 0.522502 -0.852638 0
    outer loop
      vertex 18.0008 8.37533 2.3
      vertex 18.2282 8.51471 4.6
      vertex 18.0008 8.37533 4.6
    endloop
  endfacet
  facet normal 0.522502 -0.852638 0
    outer loop
      vertex 18.2282 8.51471 4.6
      vertex 18.0008 8.37533 2.3
      vertex 18.2282 8.51471 2.3
    endloop
  endfacet
  facet normal 0.233444 -0.97237 0
    outer loop
      vertex 18.4747 8.6168 2.3
      vertex 18.7341 8.67907 4.6
      vertex 18.4747 8.6168 4.6
    endloop
  endfacet
  facet normal 0.233444 -0.97237 0
    outer loop
      vertex 18.7341 8.67907 4.6
      vertex 18.4747 8.6168 2.3
      vertex 18.7341 8.67907 2.3
    endloop
  endfacet
  facet normal 0.649448 0.760406 -0
    outer loop
      vertex 18.0008 5.62467 2.3
      vertex 17.7979 5.79792 4.6
      vertex 18.0008 5.62467 4.6
    endloop
  endfacet
  facet normal 0.649448 0.760406 0
    outer loop
      vertex 17.7979 5.79792 4.6
      vertex 18.0008 5.62467 2.3
      vertex 17.7979 5.79792 2.3
    endloop
  endfacet
  facet normal 0.382685 0.923879 -0
    outer loop
      vertex 18.4747 5.3832 2.3
      vertex 18.2282 5.48529 4.6
      vertex 18.4747 5.3832 4.6
    endloop
  endfacet
  facet normal 0.382685 0.923879 0
    outer loop
      vertex 18.2282 5.48529 4.6
      vertex 18.4747 5.3832 2.3
      vertex 18.2282 5.48529 2.3
    endloop
  endfacet
  facet normal 0.852641 0.522498 0
    outer loop
      vertex 17.6247 6.00077 4.6
      vertex 17.4853 6.22822 2.3
      vertex 17.4853 6.22822 4.6
    endloop
  endfacet
  facet normal 0.852641 0.522498 0
    outer loop
      vertex 17.4853 6.22822 2.3
      vertex 17.6247 6.00077 4.6
      vertex 17.6247 6.00077 2.3
    endloop
  endfacet
  facet normal 0 0 1
    outer loop
      vertex 20.6791 7.26594 2.3
      vertex 20.6791 6.73406 2.3
      vertex 20.7 7 2.3
    endloop
  endfacet
  facet normal 0 0 1
    outer loop
      vertex 20.6168 7.52533 2.3
      vertex 20.6791 6.73406 2.3
      vertex 20.6791 7.26594 2.3
    endloop
  endfacet
  facet normal 0 0 1
    outer loop
      vertex 20.6168 7.52533 2.3
      vertex 20.6168 6.47467 2.3
      vertex 20.6791 6.73406 2.3
    endloop
  endfacet
  facet normal 0 0 1
    outer loop
      vertex 20.5147 7.77178 2.3
      vertex 20.6168 6.47467 2.3
      vertex 20.6168 7.52533 2.3
    endloop
  endfacet
  facet normal 0 0 1
    outer loop
      vertex 20.5147 7.77178 2.3
      vertex 20.5147 6.22822 2.3
      vertex 20.6168 6.47467 2.3
    endloop
  endfacet
  facet normal 0 0 1
    outer loop
      vertex 20.3753 7.99923 2.3
      vertex 20.5147 6.22822 2.3
      vertex 20.5147 7.77178 2.3
    endloop
  endfacet
  facet normal 0 0 1
    outer loop
      vertex 20.3753 7.99923 2.3
      vertex 20.3753 6.00077 2.3
      vertex 20.5147 6.22822 2.3
    endloop
  endfacet
  facet normal 0 0 1
    outer loop
      vertex 20.2021 8.20208 2.3
      vertex 20.3753 6.00077 2.3
      vertex 20.3753 7.99923 2.3
    endloop
  endfacet
  facet normal 0 0 1
    outer loop
      vertex 20.2021 8.20208 2.3
      vertex 20.2021 5.79792 2.3
      vertex 20.3753 6.00077 2.3
    endloop
  endfacet
  facet normal 0 0 1
    outer loop
      vertex 19.9992 8.37533 2.3
      vertex 20.2021 5.79792 2.3
      vertex 20.2021 8.20208 2.3
    endloop
  endfacet
  facet normal 0 0 1
    outer loop
      vertex 19.9992 8.37533 2.3
      vertex 19.9992 5.62467 2.3
      vertex 20.2021 5.79792 2.3
    endloop
  endfacet
  facet normal 0 0 1
    outer loop
      vertex 19.7718 8.51471 2.3
      vertex 19.9992 5.62467 2.3
      vertex 19.9992 8.37533 2.3
    endloop
  endfacet
  facet normal 0 0 1
    outer loop
      vertex 19.7718 8.51471 2.3
      vertex 19.7718 5.48529 2.3
      vertex 19.9992 5.62467 2.3
    endloop
  endfacet
  facet normal 0 0 1
    outer loop
      vertex 19.5253 8.6168 2.3
      vertex 19.7718 5.48529 2.3
      vertex 19.7718 8.51471 2.3
    endloop
  endfacet
  facet normal 0 0 1
    outer loop
      vertex 19.5253 8.6168 2.3
      vertex 19.5253 5.3832 2.3
      vertex 19.7718 5.48529 2.3
    endloop
  endfacet
  facet normal 0 0 1
    outer loop
      vertex 19.2659 8.67907 2.3
      vertex 19.5253 5.3832 2.3
      vertex 19.5253 8.6168 2.3
    endloop
  endfacet
  facet normal 0 0 1
    outer loop
      vertex 19.2659 8.67907 2.3
      vertex 19.2659 5.32093 2.3
      vertex 19.5253 5.3832 2.3
    endloop
  endfacet
  facet normal 0 0 1
    outer loop
      vertex 19 8.7 2.3
      vertex 19.2659 5.32093 2.3
      vertex 19.2659 8.67907 2.3
    endloop
  endfacet
  facet normal 0 0 1
    outer loop
      vertex 19 8.7 2.3
      vertex 19 5.3 2.3
      vertex 19.2659 5.32093 2.3
    endloop
  endfacet
  facet normal -0 0 1
    outer loop
      vertex 18.7341 8.67907 2.3
      vertex 19 5.3 2.3
      vertex 19 8.7 2.3
    endloop
  endfacet
  facet normal 0 0 1
    outer loop
      vertex 18.7341 8.67907 2.3
      vertex 18.7341 5.32093 2.3
      vertex 19 5.3 2.3
    endloop
  endfacet
  facet normal -0 0 1
    outer loop
      vertex 18.4747 8.6168 2.3
      vertex 18.7341 5.32093 2.3
      vertex 18.7341 8.67907 2.3
    endloop
  endfacet
  facet normal 0 0 1
    outer loop
      vertex 18.4747 8.6168 2.3
      vertex 18.4747 5.3832 2.3
      vertex 18.7341 5.32093 2.3
    endloop
  endfacet
  facet normal -0 0 1
    outer loop
      vertex 18.2282 8.51471 2.3
      vertex 18.4747 5.3832 2.3
      vertex 18.4747 8.6168 2.3
    endloop
  endfacet
  facet normal 0 0 1
    outer loop
      vertex 18.2282 8.51471 2.3
      vertex 18.2282 5.48529 2.3
      vertex 18.4747 5.3832 2.3
    endloop
  endfacet
  facet normal -0 0 1
    outer loop
      vertex 18.0008 8.37533 2.3
      vertex 18.2282 5.48529 2.3
      vertex 18.2282 8.51471 2.3
    endloop
  endfacet
  facet normal 0 0 1
    outer loop
      vertex 18.0008 8.37533 2.3
      vertex 18.0008 5.62467 2.3
      vertex 18.2282 5.48529 2.3
    endloop
  endfacet
  facet normal -0 0 1
    outer loop
      vertex 17.7979 8.20208 2.3
      vertex 18.0008 5.62467 2.3
      vertex 18.0008 8.37533 2.3
    endloop
  endfacet
  facet normal 0 0 1
    outer loop
      vertex 17.7979 8.20208 2.3
      vertex 17.7979 5.79792 2.3
      vertex 18.0008 5.62467 2.3
    endloop
  endfacet
  facet normal -0 0 1
    outer loop
      vertex 17.6247 7.99923 2.3
      vertex 17.7979 5.79792 2.3
      vertex 17.7979 8.20208 2.3
    endloop
  endfacet
  facet normal 0 0 1
    outer loop
      vertex 17.6247 7.99923 2.3
      vertex 17.6247 6.00077 2.3
      vertex 17.7979 5.79792 2.3
    endloop
  endfacet
  facet normal -0 0 1
    outer loop
      vertex 17.4853 7.77178 2.3
      vertex 17.6247 6.00077 2.3
      vertex 17.6247 7.99923 2.3
    endloop
  endfacet
  facet normal 0 0 1
    outer loop
      vertex 17.4853 7.77178 2.3
      vertex 17.4853 6.22822 2.3
      vertex 17.6247 6.00077 2.3
    endloop
  endfacet
  facet normal -0 0 1
    outer loop
      vertex 17.3832 7.52533 2.3
      vertex 17.4853 6.22822 2.3
      vertex 17.4853 7.77178 2.3
    endloop
  endfacet
  facet normal 0 0 1
    outer loop
      vertex 17.3832 7.52533 2.3
      vertex 17.3832 6.47467 2.3
      vertex 17.4853 6.22822 2.3
    endloop
  endfacet
  facet normal -0 0 1
    outer loop
      vertex 17.3209 7.26594 2.3
      vertex 17.3832 6.47467 2.3
      vertex 17.3832 7.52533 2.3
    endloop
  endfacet
  facet normal 0 0 1
    outer loop
      vertex 17.3209 7.26594 2.3
      vertex 17.3209 6.73406 2.3
      vertex 17.3832 6.47467 2.3
    endloop
  endfacet
  facet normal 0 -0 1
    outer loop
      vertex 17.3209 6.73406 2.3
      vertex 17.3209 7.26594 2.3
      vertex 17.3 7 2.3
    endloop
  endfacet
  facet normal -0.233444 -0.97237 0
    outer loop
      vertex 19.2659 8.67907 2.3
      vertex 19.5253 8.6168 4.6
      vertex 19.2659 8.67907 4.6
    endloop
  endfacet
  facet normal -0.233444 -0.97237 -0
    outer loop
      vertex 19.5253 8.6168 4.6
      vertex 19.2659 8.67907 2.3
      vertex 19.5253 8.6168 2.3
    endloop
  endfacet
  facet normal 0.972369 -0.233448 0
    outer loop
      vertex 17.3209 7.26594 4.6
      vertex 17.3832 7.52533 2.3
      vertex 17.3832 7.52533 4.6
    endloop
  endfacet
  facet normal 0.972369 -0.233448 0
    outer loop
      vertex 17.3832 7.52533 2.3
      vertex 17.3209 7.26594 4.6
      vertex 17.3209 7.26594 2.3
    endloop
  endfacet
  facet normal 0.0784611 -0.996917 0
    outer loop
      vertex 18.7341 8.67907 2.3
      vertex 19 8.7 4.6
      vertex 18.7341 8.67907 4.6
    endloop
  endfacet
  facet normal 0.0784611 -0.996917 0
    outer loop
      vertex 19 8.7 4.6
      vertex 18.7341 8.67907 2.3
      vertex 19 8.7 2.3
    endloop
  endfacet
  facet normal -0.996917 0.0784646 0
    outer loop
      vertex 20.6791 6.73406 2.3
      vertex 20.7 7 4.6
      vertex 20.7 7 2.3
    endloop
  endfacet
  facet normal -0.996917 0.0784646 0
    outer loop
      vertex 20.7 7 4.6
      vertex 20.6791 6.73406 2.3
      vertex 20.6791 6.73406 4.6
    endloop
  endfacet
  facet normal -0.0784611 0.996917 0
    outer loop
      vertex 19.2659 5.32093 2.3
      vertex 19 5.3 4.6
      vertex 19.2659 5.32093 4.6
    endloop
  endfacet
  facet normal -0.0784611 0.996917 0
    outer loop
      vertex 19 5.3 4.6
      vertex 19.2659 5.32093 2.3
      vertex 19 5.3 2.3
    endloop
  endfacet
  facet normal -0.382685 0.923879 0
    outer loop
      vertex 19.7718 5.48529 2.3
      vertex 19.5253 5.3832 4.6
      vertex 19.7718 5.48529 4.6
    endloop
  endfacet
  facet normal -0.382685 0.923879 0
    outer loop
      vertex 19.5253 5.3832 4.6
      vertex 19.7718 5.48529 2.3
      vertex 19.5253 5.3832 2.3
    endloop
  endfacet
  facet normal -0.522502 0.852638 0
    outer loop
      vertex 19.9992 5.62467 2.3
      vertex 19.7718 5.48529 4.6
      vertex 19.9992 5.62467 4.6
    endloop
  endfacet
  facet normal -0.522502 0.852638 0
    outer loop
      vertex 19.7718 5.48529 4.6
      vertex 19.9992 5.62467 2.3
      vertex 19.7718 5.48529 2.3
    endloop
  endfacet
  facet normal -0.923879 0.382684 0
    outer loop
      vertex 20.5147 6.22822 2.3
      vertex 20.6168 6.47467 4.6
      vertex 20.6168 6.47467 2.3
    endloop
  endfacet
  facet normal -0.923879 0.382684 0
    outer loop
      vertex 20.6168 6.47467 4.6
      vertex 20.5147 6.22822 2.3
      vertex 20.5147 6.22822 4.6
    endloop
  endfacet
  facet normal -0.852641 0.522498 0
    outer loop
      vertex 20.3753 6.00077 2.3
      vertex 20.5147 6.22822 4.6
      vertex 20.5147 6.22822 2.3
    endloop
  endfacet
  facet normal -0.852641 0.522498 0
    outer loop
      vertex 20.5147 6.22822 4.6
      vertex 20.3753 6.00077 2.3
      vertex 20.3753 6.00077 4.6
    endloop
  endfacet
  facet normal -0.972369 0.233448 0
    outer loop
      vertex 20.6168 6.47467 2.3
      vertex 20.6791 6.73406 4.6
      vertex 20.6791 6.73406 2.3
    endloop
  endfacet
  facet normal -0.972369 0.233448 0
    outer loop
      vertex 20.6791 6.73406 4.6
      vertex 20.6168 6.47467 2.3
      vertex 20.6168 6.47467 4.6
    endloop
  endfacet
  facet normal 0.522502 0.852638 -0
    outer loop
      vertex 18.2282 5.48529 2.3
      vertex 18.0008 5.62467 4.6
      vertex 18.2282 5.48529 4.6
    endloop
  endfacet
  facet normal 0.522502 0.852638 0
    outer loop
      vertex 18.0008 5.62467 4.6
      vertex 18.2282 5.48529 2.3
      vertex 18.0008 5.62467 2.3
    endloop
  endfacet
  facet normal 0.233444 0.97237 -0
    outer loop
      vertex 18.7341 5.32093 2.3
      vertex 18.4747 5.3832 4.6
      vertex 18.7341 5.32093 4.6
    endloop
  endfacet
  facet normal 0.233444 0.97237 0
    outer loop
      vertex 18.4747 5.3832 4.6
      vertex 18.7341 5.32093 2.3
      vertex 18.4747 5.3832 2.3
    endloop
  endfacet
  facet normal 0.923879 0.382684 0
    outer loop
      vertex 17.4853 6.22822 4.6
      vertex 17.3832 6.47467 2.3
      vertex 17.3832 6.47467 4.6
    endloop
  endfacet
  facet normal 0.923879 0.382684 0
    outer loop
      vertex 17.3832 6.47467 2.3
      vertex 17.4853 6.22822 4.6
      vertex 17.4853 6.22822 2.3
    endloop
  endfacet
  facet normal 0.996917 0.0784646 0
    outer loop
      vertex 17.3209 6.73406 4.6
      vertex 17.3 7 2.3
      vertex 17.3 7 4.6
    endloop
  endfacet
  facet normal 0.996917 0.0784646 0
    outer loop
      vertex 17.3 7 2.3
      vertex 17.3209 6.73406 4.6
      vertex 17.3209 6.73406 2.3
    endloop
  endfacet
  facet normal -0.233444 0.97237 0
    outer loop
      vertex 19.5253 5.3832 2.3
      vertex 19.2659 5.32093 4.6
      vertex 19.5253 5.3832 4.6
    endloop
  endfacet
  facet normal -0.233444 0.97237 0
    outer loop
      vertex 19.2659 5.32093 4.6
      vertex 19.5253 5.3832 2.3
      vertex 19.2659 5.32093 2.3
    endloop
  endfacet
  facet normal -0.649448 0.760406 0
    outer loop
      vertex 20.2021 5.79792 2.3
      vertex 19.9992 5.62467 4.6
      vertex 20.2021 5.79792 4.6
    endloop
  endfacet
  facet normal -0.649448 0.760406 0
    outer loop
      vertex 19.9992 5.62467 4.6
      vertex 20.2021 5.79792 2.3
      vertex 19.9992 5.62467 2.3
    endloop
  endfacet
  facet normal 0.0784611 0.996917 -0
    outer loop
      vertex 19 5.3 2.3
      vertex 18.7341 5.32093 4.6
      vertex 19 5.3 4.6
    endloop
  endfacet
  facet normal 0.0784611 0.996917 0
    outer loop
      vertex 18.7341 5.32093 4.6
      vertex 19 5.3 2.3
      vertex 18.7341 5.32093 2.3
    endloop
  endfacet
  facet normal 0.972369 0.233448 0
    outer loop
      vertex 17.3832 6.47467 4.6
      vertex 17.3209 6.73406 2.3
      vertex 17.3209 6.73406 4.6
    endloop
  endfacet
  facet normal 0.972369 0.233448 0
    outer loop
      vertex 17.3209 6.73406 2.3
      vertex 17.3832 6.47467 4.6
      vertex 17.3832 6.47467 2.3
    endloop
  endfacet
  facet normal 0.996917 0.0784584 0
    outer loop
      vertex 36 7 9.6
      vertex 35.9384 7.78217 1.6
      vertex 35.9384 7.78217 9.6
    endloop
  endfacet
  facet normal 0.996917 0.0784584 0
    outer loop
      vertex 35.9384 7.78217 1.6
      vertex 36 7 9.6
      vertex 36 7 1.6
    endloop
  endfacet
  facet normal -0.996917 0.0784584 0
    outer loop
      vertex 26 7 1.6
      vertex 26.0616 7.78217 9.6
      vertex 26.0616 7.78217 1.6
    endloop
  endfacet
  facet normal -0.996917 0.0784584 0
    outer loop
      vertex 26.0616 7.78217 9.6
      vertex 26 7 1.6
      vertex 26 7 9.6
    endloop
  endfacet
  facet normal 0.0784596 0.996917 -0
    outer loop
      vertex 31.7822 11.9384 1.6
      vertex 31 12 9.6
      vertex 31.7822 11.9384 9.6
    endloop
  endfacet
  facet normal 0.0784596 0.996917 0
    outer loop
      vertex 31 12 9.6
      vertex 31.7822 11.9384 1.6
      vertex 31 12 1.6
    endloop
  endfacet
  facet normal 0.760406 0.649448 0
    outer loop
      vertex 35.0451 9.93893 9.6
      vertex 34.5355 10.5355 1.6
      vertex 34.5355 10.5355 9.6
    endloop
  endfacet
  facet normal 0.760406 0.649448 0
    outer loop
      vertex 34.5355 10.5355 1.6
      vertex 35.0451 9.93893 9.6
      vertex 35.0451 9.93893 1.6
    endloop
  endfacet
  facet normal -0.649448 0.760406 0
    outer loop
      vertex 28.0611 11.0451 1.6
      vertex 27.4645 10.5355 9.6
      vertex 28.0611 11.0451 9.6
    endloop
  endfacet
  facet normal -0.649448 0.760406 0
    outer loop
      vertex 27.4645 10.5355 9.6
      vertex 28.0611 11.0451 1.6
      vertex 27.4645 10.5355 1.6
    endloop
  endfacet
  facet normal -0.233445 0.97237 0
    outer loop
      vertex 30.2178 11.9384 1.6
      vertex 29.4549 11.7553 9.6
      vertex 30.2178 11.9384 9.6
    endloop
  endfacet
  facet normal -0.233445 0.97237 0
    outer loop
      vertex 29.4549 11.7553 9.6
      vertex 30.2178 11.9384 1.6
      vertex 29.4549 11.7553 1.6
    endloop
  endfacet
  facet normal 0.649448 -0.760406 0
    outer loop
      vertex 33.9389 2.95492 1.6
      vertex 34.5355 3.46447 9.6
      vertex 33.9389 2.95492 9.6
    endloop
  endfacet
  facet normal 0.649448 -0.760406 0
    outer loop
      vertex 34.5355 3.46447 9.6
      vertex 33.9389 2.95492 1.6
      vertex 34.5355 3.46447 1.6
    endloop
  endfacet
  facet normal 0.923879 0.382685 0
    outer loop
      vertex 35.7553 8.54508 9.6
      vertex 35.455 9.26995 1.6
      vertex 35.455 9.26995 9.6
    endloop
  endfacet
  facet normal 0.923879 0.382685 0
    outer loop
      vertex 35.455 9.26995 1.6
      vertex 35.7553 8.54508 9.6
      vertex 35.7553 8.54508 1.6
    endloop
  endfacet
  facet normal 0.97237 0.233445 0
    outer loop
      vertex 35.9384 7.78217 9.6
      vertex 35.7553 8.54508 1.6
      vertex 35.7553 8.54508 9.6
    endloop
  endfacet
  facet normal 0.97237 0.233445 0
    outer loop
      vertex 35.7553 8.54508 1.6
      vertex 35.9384 7.78217 9.6
      vertex 35.9384 7.78217 1.6
    endloop
  endfacet
  facet normal 0.852641 0.522497 0
    outer loop
      vertex 35.455 9.26995 9.6
      vertex 35.0451 9.93893 1.6
      vertex 35.0451 9.93893 9.6
    endloop
  endfacet
  facet normal 0.852641 0.522497 0
    outer loop
      vertex 35.0451 9.93893 1.6
      vertex 35.455 9.26995 9.6
      vertex 35.455 9.26995 1.6
    endloop
  endfacet
  facet normal 0.382685 0.923879 -0
    outer loop
      vertex 33.27 11.455 1.6
      vertex 32.5451 11.7553 9.6
      vertex 33.27 11.455 9.6
    endloop
  endfacet
  facet normal 0.382685 0.923879 0
    outer loop
      vertex 32.5451 11.7553 9.6
      vertex 33.27 11.455 1.6
      vertex 32.5451 11.7553 1.6
    endloop
  endfacet
  facet normal 0.233445 0.97237 -0
    outer loop
      vertex 32.5451 11.7553 1.6
      vertex 31.7822 11.9384 9.6
      vertex 32.5451 11.7553 9.6
    endloop
  endfacet
  facet normal 0.233445 0.97237 0
    outer loop
      vertex 31.7822 11.9384 9.6
      vertex 32.5451 11.7553 1.6
      vertex 31.7822 11.9384 1.6
    endloop
  endfacet
  facet normal 0.649448 0.760406 -0
    outer loop
      vertex 34.5355 10.5355 1.6
      vertex 33.9389 11.0451 9.6
      vertex 34.5355 10.5355 9.6
    endloop
  endfacet
  facet normal 0.649448 0.760406 0
    outer loop
      vertex 33.9389 11.0451 9.6
      vertex 34.5355 10.5355 1.6
      vertex 33.9389 11.0451 1.6
    endloop
  endfacet
  facet normal -0.852641 0.522497 0
    outer loop
      vertex 26.545 9.26995 1.6
      vertex 26.9549 9.93893 9.6
      vertex 26.9549 9.93893 1.6
    endloop
  endfacet
  facet normal -0.852641 0.522497 0
    outer loop
      vertex 26.9549 9.93893 9.6
      vertex 26.545 9.26995 1.6
      vertex 26.545 9.26995 9.6
    endloop
  endfacet
  facet normal -0.760406 0.649448 0
    outer loop
      vertex 26.9549 9.93893 1.6
      vertex 27.4645 10.5355 9.6
      vertex 27.4645 10.5355 1.6
    endloop
  endfacet
  facet normal -0.760406 0.649448 0
    outer loop
      vertex 27.4645 10.5355 9.6
      vertex 26.9549 9.93893 1.6
      vertex 26.9549 9.93893 9.6
    endloop
  endfacet
  facet normal -0.97237 0.233445 0
    outer loop
      vertex 26.0616 7.78217 1.6
      vertex 26.2447 8.54508 9.6
      vertex 26.2447 8.54508 1.6
    endloop
  endfacet
  facet normal -0.97237 0.233445 0
    outer loop
      vertex 26.2447 8.54508 9.6
      vertex 26.0616 7.78217 1.6
      vertex 26.0616 7.78217 9.6
    endloop
  endfacet
  facet normal 0 0 1
    outer loop
      vertex 33.3 7 9.6
      vertex 36 7 9.6
      vertex 35.9384 7.78217 9.6
    endloop
  endfacet
  facet normal 0 0 1
    outer loop
      vertex 33.2717 7.3598 9.6
      vertex 35.9384 7.78217 9.6
      vertex 35.7553 8.54508 9.6
    endloop
  endfacet
  facet normal 0 0 1
    outer loop
      vertex 36 7 9.6
      vertex 33.3 7 9.6
      vertex 35.9384 6.21783 9.6
    endloop
  endfacet
  facet normal 0 0 1
    outer loop
      vertex 33.1874 7.71074 9.6
      vertex 35.7553 8.54508 9.6
      vertex 35.455 9.26995 9.6
    endloop
  endfacet
  facet normal -0 0 1
    outer loop
      vertex 33.2717 6.6402 9.6
      vertex 35.9384 6.21783 9.6
      vertex 33.3 7 9.6
    endloop
  endfacet
  facet normal 0 0 1
    outer loop
      vertex 33.0493 8.04418 9.6
      vertex 35.455 9.26995 9.6
      vertex 35.0451 9.93893 9.6
    endloop
  endfacet
  facet normal 0 0 1
    outer loop
      vertex 35.9384 6.21783 9.6
      vertex 33.2717 6.6402 9.6
      vertex 35.7553 5.45492 9.6
    endloop
  endfacet
  facet normal 0 0 1
    outer loop
      vertex 32.8607 8.35191 9.6
      vertex 35.0451 9.93893 9.6
      vertex 34.5355 10.5355 9.6
    endloop
  endfacet
  facet normal -0 0 1
    outer loop
      vertex 33.1874 6.28926 9.6
      vertex 35.7553 5.45492 9.6
      vertex 33.2717 6.6402 9.6
    endloop
  endfacet
  facet normal 0 0 1
    outer loop
      vertex 32.6263 8.62634 9.6
      vertex 34.5355 10.5355 9.6
      vertex 33.9389 11.0451 9.6
    endloop
  endfacet
  facet normal 0 0 1
    outer loop
      vertex 35.7553 5.45492 9.6
      vertex 33.1874 6.28926 9.6
      vertex 35.455 4.73005 9.6
    endloop
  endfacet
  facet normal -0 0 1
    outer loop
      vertex 33.0493 5.95582 9.6
      vertex 35.455 4.73005 9.6
      vertex 33.1874 6.28926 9.6
    endloop
  endfacet
  facet normal 0 0 1
    outer loop
      vertex 35.9384 7.78217 9.6
      vertex 33.2717 7.3598 9.6
      vertex 33.3 7 9.6
    endloop
  endfacet
  facet normal 0 0 1
    outer loop
      vertex 32.3519 8.86074 9.6
      vertex 33.9389 11.0451 9.6
      vertex 33.27 11.455 9.6
    endloop
  endfacet
  facet normal 0 0 1
    outer loop
      vertex 35.7553 8.54508 9.6
      vertex 33.1874 7.71074 9.6
      vertex 33.2717 7.3598 9.6
    endloop
  endfacet
  facet normal 0 0 1
    outer loop
      vertex 35.455 9.26995 9.6
      vertex 33.0493 8.04418 9.6
      vertex 33.1874 7.71074 9.6
    endloop
  endfacet
  facet normal 0 0 1
    outer loop
      vertex 35.0451 9.93893 9.6
      vertex 32.8607 8.35191 9.6
      vertex 33.0493 8.04418 9.6
    endloop
  endfacet
  facet normal 0 0 1
    outer loop
      vertex 34.5355 10.5355 9.6
      vertex 32.6263 8.62634 9.6
      vertex 32.8607 8.35191 9.6
    endloop
  endfacet
  facet normal 0 0 1
    outer loop
      vertex 32.0442 9.04931 9.6
      vertex 33.27 11.455 9.6
      vertex 32.5451 11.7553 9.6
    endloop
  endfacet
  facet normal 0 0 1
    outer loop
      vertex 33.9389 11.0451 9.6
      vertex 32.3519 8.86074 9.6
      vertex 32.6263 8.62634 9.6
    endloop
  endfacet
  facet normal 0 0 1
    outer loop
      vertex 33.27 11.455 9.6
      vertex 32.0442 9.04931 9.6
      vertex 32.3519 8.86074 9.6
    endloop
  endfacet
  facet normal 0 0 1
    outer loop
      vertex 31.7107 9.18743 9.6
      vertex 32.5451 11.7553 9.6
      vertex 31.7822 11.9384 9.6
    endloop
  endfacet
  facet normal 0 0 1
    outer loop
      vertex 32.5451 11.7553 9.6
      vertex 31.7107 9.18743 9.6
      vertex 32.0442 9.04931 9.6
    endloop
  endfacet
  facet normal 0 0 1
    outer loop
      vertex 31.7822 11.9384 9.6
      vertex 31.3598 9.27168 9.6
      vertex 31.7107 9.18743 9.6
    endloop
  endfacet
  facet normal 0 0 1
    outer loop
      vertex 31 12 9.6
      vertex 31.3598 9.27168 9.6
      vertex 31.7822 11.9384 9.6
    endloop
  endfacet
  facet normal 0 0 1
    outer loop
      vertex 31 12 9.6
      vertex 31 9.3 9.6
      vertex 31.3598 9.27168 9.6
    endloop
  endfacet
  facet normal 0 0 1
    outer loop
      vertex 31 12 9.6
      vertex 30.6402 9.27168 9.6
      vertex 31 9.3 9.6
    endloop
  endfacet
  facet normal -0 0 1
    outer loop
      vertex 30.2178 11.9384 9.6
      vertex 30.6402 9.27168 9.6
      vertex 31 12 9.6
    endloop
  endfacet
  facet normal 0 0 1
    outer loop
      vertex 30.6402 9.27168 9.6
      vertex 30.2178 11.9384 9.6
      vertex 30.2893 9.18743 9.6
    endloop
  endfacet
  facet normal -0 0 1
    outer loop
      vertex 29.4549 11.7553 9.6
      vertex 30.2893 9.18743 9.6
      vertex 30.2178 11.9384 9.6
    endloop
  endfacet
  facet normal 0 0 1
    outer loop
      vertex 30.2893 9.18743 9.6
      vertex 29.4549 11.7553 9.6
      vertex 29.9558 9.04931 9.6
    endloop
  endfacet
  facet normal -0 0 1
    outer loop
      vertex 28.73 11.455 9.6
      vertex 29.9558 9.04931 9.6
      vertex 29.4549 11.7553 9.6
    endloop
  endfacet
  facet normal 0 0 1
    outer loop
      vertex 29.9558 9.04931 9.6
      vertex 28.73 11.455 9.6
      vertex 29.6481 8.86074 9.6
    endloop
  endfacet
  facet normal -0 0 1
    outer loop
      vertex 28.0611 11.0451 9.6
      vertex 29.6481 8.86074 9.6
      vertex 28.73 11.455 9.6
    endloop
  endfacet
  facet normal 0 0 1
    outer loop
      vertex 29.6481 8.86074 9.6
      vertex 28.0611 11.0451 9.6
      vertex 29.3737 8.62634 9.6
    endloop
  endfacet
  facet normal -0 0 1
    outer loop
      vertex 27.4645 10.5355 9.6
      vertex 29.3737 8.62634 9.6
      vertex 28.0611 11.0451 9.6
    endloop
  endfacet
  facet normal 0 0 1
    outer loop
      vertex 29.3737 8.62634 9.6
      vertex 27.4645 10.5355 9.6
      vertex 29.1393 8.35191 9.6
    endloop
  endfacet
  facet normal -0 0 1
    outer loop
      vertex 26.9549 9.93893 9.6
      vertex 29.1393 8.35191 9.6
      vertex 27.4645 10.5355 9.6
    endloop
  endfacet
  facet normal 0 0 1
    outer loop
      vertex 29.1393 8.35191 9.6
      vertex 26.9549 9.93893 9.6
      vertex 28.9507 8.04418 9.6
    endloop
  endfacet
  facet normal -0 0 1
    outer loop
      vertex 26.545 9.26995 9.6
      vertex 28.9507 8.04418 9.6
      vertex 26.9549 9.93893 9.6
    endloop
  endfacet
  facet normal 0 0 1
    outer loop
      vertex 35.455 4.73005 9.6
      vertex 33.0493 5.95582 9.6
      vertex 35.0451 4.06107 9.6
    endloop
  endfacet
  facet normal -0 0 1
    outer loop
      vertex 32.8607 5.64809 9.6
      vertex 35.0451 4.06107 9.6
      vertex 33.0493 5.95582 9.6
    endloop
  endfacet
  facet normal 0 0 1
    outer loop
      vertex 35.0451 4.06107 9.6
      vertex 32.8607 5.64809 9.6
      vertex 34.5355 3.46447 9.6
    endloop
  endfacet
  facet normal -0 0 1
    outer loop
      vertex 32.6263 5.37366 9.6
      vertex 34.5355 3.46447 9.6
      vertex 32.8607 5.64809 9.6
    endloop
  endfacet
  facet normal 0 0 1
    outer loop
      vertex 34.5355 3.46447 9.6
      vertex 32.6263 5.37366 9.6
      vertex 33.9389 2.95492 9.6
    endloop
  endfacet
  facet normal -0 0 1
    outer loop
      vertex 32.3519 5.13926 9.6
      vertex 33.9389 2.95492 9.6
      vertex 32.6263 5.37366 9.6
    endloop
  endfacet
  facet normal 0 0 1
    outer loop
      vertex 33.9389 2.95492 9.6
      vertex 32.3519 5.13926 9.6
      vertex 33.27 2.54497 9.6
    endloop
  endfacet
  facet normal -0 0 1
    outer loop
      vertex 32.0442 4.95069 9.6
      vertex 33.27 2.54497 9.6
      vertex 32.3519 5.13926 9.6
    endloop
  endfacet
  facet normal 0 0 1
    outer loop
      vertex 33.27 2.54497 9.6
      vertex 32.0442 4.95069 9.6
      vertex 32.5451 2.24472 9.6
    endloop
  endfacet
  facet normal -0 0 1
    outer loop
      vertex 31.7107 4.81257 9.6
      vertex 32.5451 2.24472 9.6
      vertex 32.0442 4.95069 9.6
    endloop
  endfacet
  facet normal 0 0 1
    outer loop
      vertex 32.5451 2.24472 9.6
      vertex 31.7107 4.81257 9.6
      vertex 31.7822 2.06156 9.6
    endloop
  endfacet
  facet normal -0 0 1
    outer loop
      vertex 31.3598 4.72832 9.6
      vertex 31.7822 2.06156 9.6
      vertex 31.7107 4.81257 9.6
    endloop
  endfacet
  facet normal -0 0 1
    outer loop
      vertex 31 4.7 9.6
      vertex 31.7822 2.06156 9.6
      vertex 31.3598 4.72832 9.6
    endloop
  endfacet
  facet normal 0 0 1
    outer loop
      vertex 31 4.7 9.6
      vertex 31 2 9.6
      vertex 31.7822 2.06156 9.6
    endloop
  endfacet
  facet normal 0 0 1
    outer loop
      vertex 30.6402 4.72832 9.6
      vertex 31 2 9.6
      vertex 31 4.7 9.6
    endloop
  endfacet
  facet normal 0 0 1
    outer loop
      vertex 30.2178 2.06156 9.6
      vertex 30.6402 4.72832 9.6
      vertex 30.2893 4.81257 9.6
    endloop
  endfacet
  facet normal 0 0 1
    outer loop
      vertex 30.6402 4.72832 9.6
      vertex 30.2178 2.06156 9.6
      vertex 31 2 9.6
    endloop
  endfacet
  facet normal 0 0 1
    outer loop
      vertex 29.4549 2.24472 9.6
      vertex 30.2893 4.81257 9.6
      vertex 29.9558 4.95069 9.6
    endloop
  endfacet
  facet normal 0 0 1
    outer loop
      vertex 28.73 2.54497 9.6
      vertex 29.9558 4.95069 9.6
      vertex 29.6481 5.13926 9.6
    endloop
  endfacet
  facet normal 0 0 1
    outer loop
      vertex 30.2893 4.81257 9.6
      vertex 29.4549 2.24472 9.6
      vertex 30.2178 2.06156 9.6
    endloop
  endfacet
  facet normal 0 0 1
    outer loop
      vertex 28.0611 2.95492 9.6
      vertex 29.6481 5.13926 9.6
      vertex 29.3737 5.37366 9.6
    endloop
  endfacet
  facet normal 0 0 1
    outer loop
      vertex 27.4645 3.46447 9.6
      vertex 29.3737 5.37366 9.6
      vertex 29.1393 5.64809 9.6
    endloop
  endfacet
  facet normal 0 0 1
    outer loop
      vertex 26.9549 4.06107 9.6
      vertex 29.1393 5.64809 9.6
      vertex 28.9507 5.95582 9.6
    endloop
  endfacet
  facet normal 0 0 1
    outer loop
      vertex 26.545 4.73005 9.6
      vertex 28.9507 5.95582 9.6
      vertex 28.8126 6.28926 9.6
    endloop
  endfacet
  facet normal 0 0 1
    outer loop
      vertex 29.9558 4.95069 9.6
      vertex 28.73 2.54497 9.6
      vertex 29.4549 2.24472 9.6
    endloop
  endfacet
  facet normal 0 0 1
    outer loop
      vertex 26.2447 5.45492 9.6
      vertex 28.8126 6.28926 9.6
      vertex 28.7283 6.6402 9.6
    endloop
  endfacet
  facet normal 0 0 1
    outer loop
      vertex 26.0616 6.21783 9.6
      vertex 28.7283 6.6402 9.6
      vertex 28.7 7 9.6
    endloop
  endfacet
  facet normal 0 0 1
    outer loop
      vertex 28.9507 8.04418 9.6
      vertex 26.545 9.26995 9.6
      vertex 28.8126 7.71074 9.6
    endloop
  endfacet
  facet normal 0 0 1
    outer loop
      vertex 29.6481 5.13926 9.6
      vertex 28.0611 2.95492 9.6
      vertex 28.73 2.54497 9.6
    endloop
  endfacet
  facet normal -0 0 1
    outer loop
      vertex 26.2447 8.54508 9.6
      vertex 28.8126 7.71074 9.6
      vertex 26.545 9.26995 9.6
    endloop
  endfacet
  facet normal 0 0 1
    outer loop
      vertex 29.3737 5.37366 9.6
      vertex 27.4645 3.46447 9.6
      vertex 28.0611 2.95492 9.6
    endloop
  endfacet
  facet normal 0 0 1
    outer loop
      vertex 28.8126 7.71074 9.6
      vertex 26.2447 8.54508 9.6
      vertex 28.7283 7.3598 9.6
    endloop
  endfacet
  facet normal 0 0 1
    outer loop
      vertex 29.1393 5.64809 9.6
      vertex 26.9549 4.06107 9.6
      vertex 27.4645 3.46447 9.6
    endloop
  endfacet
  facet normal -0 0 1
    outer loop
      vertex 26.0616 7.78217 9.6
      vertex 28.7283 7.3598 9.6
      vertex 26.2447 8.54508 9.6
    endloop
  endfacet
  facet normal 0 0 1
    outer loop
      vertex 28.9507 5.95582 9.6
      vertex 26.545 4.73005 9.6
      vertex 26.9549 4.06107 9.6
    endloop
  endfacet
  facet normal 0 0 1
    outer loop
      vertex 28.7283 7.3598 9.6
      vertex 26.0616 7.78217 9.6
      vertex 28.7 7 9.6
    endloop
  endfacet
  facet normal 0 0 1
    outer loop
      vertex 28.8126 6.28926 9.6
      vertex 26.2447 5.45492 9.6
      vertex 26.545 4.73005 9.6
    endloop
  endfacet
  facet normal 0 0 1
    outer loop
      vertex 26 7 9.6
      vertex 28.7 7 9.6
      vertex 26.0616 7.78217 9.6
    endloop
  endfacet
  facet normal 0 0 1
    outer loop
      vertex 28.7283 6.6402 9.6
      vertex 26.0616 6.21783 9.6
      vertex 26.2447 5.45492 9.6
    endloop
  endfacet
  facet normal 0 0 1
    outer loop
      vertex 28.7 7 9.6
      vertex 26 7 9.6
      vertex 26.0616 6.21783 9.6
    endloop
  endfacet
  facet normal -0.522497 0.852641 0
    outer loop
      vertex 28.73 11.455 1.6
      vertex 28.0611 11.0451 9.6
      vertex 28.73 11.455 9.6
    endloop
  endfacet
  facet normal -0.522497 0.852641 0
    outer loop
      vertex 28.0611 11.0451 9.6
      vertex 28.73 11.455 1.6
      vertex 28.0611 11.0451 1.6
    endloop
  endfacet
  facet normal -0.0784596 0.996917 0
    outer loop
      vertex 31 12 1.6
      vertex 30.2178 11.9384 9.6
      vertex 31 12 9.6
    endloop
  endfacet
  facet normal -0.0784596 0.996917 0
    outer loop
      vertex 30.2178 11.9384 9.6
      vertex 31 12 1.6
      vertex 30.2178 11.9384 1.6
    endloop
  endfacet
  facet normal 0.923879 -0.382685 0
    outer loop
      vertex 35.455 4.73005 9.6
      vertex 35.7553 5.45492 1.6
      vertex 35.7553 5.45492 9.6
    endloop
  endfacet
  facet normal 0.923879 -0.382685 0
    outer loop
      vertex 35.7553 5.45492 1.6
      vertex 35.455 4.73005 9.6
      vertex 35.455 4.73005 1.6
    endloop
  endfacet
  facet normal 0.0784596 -0.996917 0
    outer loop
      vertex 31 2 1.6
      vertex 31.7822 2.06156 9.6
      vertex 31 2 9.6
    endloop
  endfacet
  facet normal 0.0784596 -0.996917 0
    outer loop
      vertex 31.7822 2.06156 9.6
      vertex 31 2 1.6
      vertex 31.7822 2.06156 1.6
    endloop
  endfacet
  facet normal -0.649448 -0.760406 0
    outer loop
      vertex 27.4645 3.46447 1.6
      vertex 28.0611 2.95492 9.6
      vertex 27.4645 3.46447 9.6
    endloop
  endfacet
  facet normal -0.649448 -0.760406 -0
    outer loop
      vertex 28.0611 2.95492 9.6
      vertex 27.4645 3.46447 1.6
      vertex 28.0611 2.95492 1.6
    endloop
  endfacet
  facet normal -0.233445 -0.97237 0
    outer loop
      vertex 29.4549 2.24472 1.6
      vertex 30.2178 2.06156 9.6
      vertex 29.4549 2.24472 9.6
    endloop
  endfacet
  facet normal -0.233445 -0.97237 -0
    outer loop
      vertex 30.2178 2.06156 9.6
      vertex 29.4549 2.24472 1.6
      vertex 30.2178 2.06156 1.6
    endloop
  endfacet
  facet normal -0.760406 -0.649448 0
    outer loop
      vertex 27.4645 3.46447 1.6
      vertex 26.9549 4.06107 9.6
      vertex 26.9549 4.06107 1.6
    endloop
  endfacet
  facet normal -0.760406 -0.649448 0
    outer loop
      vertex 26.9549 4.06107 9.6
      vertex 27.4645 3.46447 1.6
      vertex 27.4645 3.46447 9.6
    endloop
  endfacet
  facet normal -0.996917 -0.0784584 0
    outer loop
      vertex 26.0616 6.21783 1.6
      vertex 26 7 9.6
      vertex 26 7 1.6
    endloop
  endfacet
  facet normal -0.996917 -0.0784584 0
    outer loop
      vertex 26 7 9.6
      vertex 26.0616 6.21783 1.6
      vertex 26.0616 6.21783 9.6
    endloop
  endfacet
  facet normal 0.522497 0.852641 -0
    outer loop
      vertex 33.9389 11.0451 1.6
      vertex 33.27 11.455 9.6
      vertex 33.9389 11.0451 9.6
    endloop
  endfacet
  facet normal 0.522497 0.852641 0
    outer loop
      vertex 33.27 11.455 9.6
      vertex 33.9389 11.0451 1.6
      vertex 33.27 11.455 1.6
    endloop
  endfacet
  facet normal -0.923879 0.382685 0
    outer loop
      vertex 26.2447 8.54508 1.6
      vertex 26.545 9.26995 9.6
      vertex 26.545 9.26995 1.6
    endloop
  endfacet
  facet normal -0.923879 0.382685 0
    outer loop
      vertex 26.545 9.26995 9.6
      vertex 26.2447 8.54508 1.6
      vertex 26.2447 8.54508 9.6
    endloop
  endfacet
  facet normal -0.382685 0.923879 0
    outer loop
      vertex 29.4549 11.7553 1.6
      vertex 28.73 11.455 9.6
      vertex 29.4549 11.7553 9.6
    endloop
  endfacet
  facet normal -0.382685 0.923879 0
    outer loop
      vertex 28.73 11.455 9.6
      vertex 29.4549 11.7553 1.6
      vertex 28.73 11.455 1.6
    endloop
  endfacet
  facet normal 0.233445 -0.97237 0
    outer loop
      vertex 31.7822 2.06156 1.6
      vertex 32.5451 2.24472 9.6
      vertex 31.7822 2.06156 9.6
    endloop
  endfacet
  facet normal 0.233445 -0.97237 0
    outer loop
      vertex 32.5451 2.24472 9.6
      vertex 31.7822 2.06156 1.6
      vertex 32.5451 2.24472 1.6
    endloop
  endfacet
  facet normal 0.382685 -0.923879 0
    outer loop
      vertex 32.5451 2.24472 1.6
      vertex 33.27 2.54497 9.6
      vertex 32.5451 2.24472 9.6
    endloop
  endfacet
  facet normal 0.382685 -0.923879 0
    outer loop
      vertex 33.27 2.54497 9.6
      vertex 32.5451 2.24472 1.6
      vertex 33.27 2.54497 1.6
    endloop
  endfacet
  facet normal 0.760406 -0.649448 0
    outer loop
      vertex 34.5355 3.46447 9.6
      vertex 35.0451 4.06107 1.6
      vertex 35.0451 4.06107 9.6
    endloop
  endfacet
  facet normal 0.760406 -0.649448 0
    outer loop
      vertex 35.0451 4.06107 1.6
      vertex 34.5355 3.46447 9.6
      vertex 34.5355 3.46447 1.6
    endloop
  endfacet
  facet normal 0.97237 -0.233445 0
    outer loop
      vertex 35.7553 5.45492 9.6
      vertex 35.9384 6.21783 1.6
      vertex 35.9384 6.21783 9.6
    endloop
  endfacet
  facet normal 0.97237 -0.233445 0
    outer loop
      vertex 35.9384 6.21783 1.6
      vertex 35.7553 5.45492 9.6
      vertex 35.7553 5.45492 1.6
    endloop
  endfacet
  facet normal -0.522497 -0.852641 0
    outer loop
      vertex 28.0611 2.95492 1.6
      vertex 28.73 2.54497 9.6
      vertex 28.0611 2.95492 9.6
    endloop
  endfacet
  facet normal -0.522497 -0.852641 -0
    outer loop
      vertex 28.73 2.54497 9.6
      vertex 28.0611 2.95492 1.6
      vertex 28.73 2.54497 1.6
    endloop
  endfacet
  facet normal -0.0784596 -0.996917 0
    outer loop
      vertex 30.2178 2.06156 1.6
      vertex 31 2 9.6
      vertex 30.2178 2.06156 9.6
    endloop
  endfacet
  facet normal -0.0784596 -0.996917 -0
    outer loop
      vertex 31 2 9.6
      vertex 30.2178 2.06156 1.6
      vertex 31 2 1.6
    endloop
  endfacet
  facet normal -0.923879 -0.382685 0
    outer loop
      vertex 26.545 4.73005 1.6
      vertex 26.2447 5.45492 9.6
      vertex 26.2447 5.45492 1.6
    endloop
  endfacet
  facet normal -0.923879 -0.382685 0
    outer loop
      vertex 26.2447 5.45492 9.6
      vertex 26.545 4.73005 1.6
      vertex 26.545 4.73005 9.6
    endloop
  endfacet
  facet normal -0.97237 -0.233445 0
    outer loop
      vertex 26.2447 5.45492 1.6
      vertex 26.0616 6.21783 9.6
      vertex 26.0616 6.21783 1.6
    endloop
  endfacet
  facet normal -0.97237 -0.233445 0
    outer loop
      vertex 26.0616 6.21783 9.6
      vertex 26.2447 5.45492 1.6
      vertex 26.2447 5.45492 9.6
    endloop
  endfacet
  facet normal 0.522497 -0.852641 0
    outer loop
      vertex 33.27 2.54497 1.6
      vertex 33.9389 2.95492 9.6
      vertex 33.27 2.54497 9.6
    endloop
  endfacet
  facet normal 0.522497 -0.852641 0
    outer loop
      vertex 33.9389 2.95492 9.6
      vertex 33.27 2.54497 1.6
      vertex 33.9389 2.95492 1.6
    endloop
  endfacet
  facet normal 0.852641 -0.522497 0
    outer loop
      vertex 35.0451 4.06107 9.6
      vertex 35.455 4.73005 1.6
      vertex 35.455 4.73005 9.6
    endloop
  endfacet
  facet normal 0.852641 -0.522497 0
    outer loop
      vertex 35.455 4.73005 1.6
      vertex 35.0451 4.06107 9.6
      vertex 35.0451 4.06107 1.6
    endloop
  endfacet
  facet normal 0.996917 -0.0784584 0
    outer loop
      vertex 35.9384 6.21783 9.6
      vertex 36 7 1.6
      vertex 36 7 9.6
    endloop
  endfacet
  facet normal 0.996917 -0.0784584 0
    outer loop
      vertex 36 7 1.6
      vertex 35.9384 6.21783 9.6
      vertex 35.9384 6.21783 1.6
    endloop
  endfacet
  facet normal -0.382685 -0.923879 0
    outer loop
      vertex 28.73 2.54497 1.6
      vertex 29.4549 2.24472 9.6
      vertex 28.73 2.54497 9.6
    endloop
  endfacet
  facet normal -0.382685 -0.923879 -0
    outer loop
      vertex 29.4549 2.24472 9.6
      vertex 28.73 2.54497 1.6
      vertex 29.4549 2.24472 1.6
    endloop
  endfacet
  facet normal -0.852641 -0.522497 0
    outer loop
      vertex 26.9549 4.06107 1.6
      vertex 26.545 4.73005 9.6
      vertex 26.545 4.73005 1.6
    endloop
  endfacet
  facet normal -0.852641 -0.522497 0
    outer loop
      vertex 26.545 4.73005 9.6
      vertex 26.9549 4.06107 1.6
      vertex 26.9549 4.06107 9.6
    endloop
  endfacet
  facet normal -0.85264 -0.522498 0
    outer loop
      vertex 33.0493 8.04418 4.6
      vertex 32.8607 8.35191 9.6
      vertex 32.8607 8.35191 4.6
    endloop
  endfacet
  facet normal -0.85264 -0.522498 0
    outer loop
      vertex 32.8607 8.35191 9.6
      vertex 33.0493 8.04418 4.6
      vertex 33.0493 8.04418 9.6
    endloop
  endfacet
  facet normal -0.760399 -0.649456 0
    outer loop
      vertex 32.8607 8.35191 4.6
      vertex 32.6263 8.62634 9.6
      vertex 32.6263 8.62634 4.6
    endloop
  endfacet
  facet normal -0.760399 -0.649456 0
    outer loop
      vertex 32.6263 8.62634 9.6
      vertex 32.8607 8.35191 4.6
      vertex 32.8607 8.35191 9.6
    endloop
  endfacet
  facet normal -0.233445 -0.97237 0
    outer loop
      vertex 31.3598 9.27168 4.6
      vertex 31.7107 9.18743 9.6
      vertex 31.3598 9.27168 9.6
    endloop
  endfacet
  facet normal -0.233445 -0.97237 -0
    outer loop
      vertex 31.7107 9.18743 9.6
      vertex 31.3598 9.27168 4.6
      vertex 31.7107 9.18743 4.6
    endloop
  endfacet
  facet normal 0.522498 -0.85264 0
    outer loop
      vertex 29.6481 8.86074 4.6
      vertex 29.9558 9.04931 9.6
      vertex 29.6481 8.86074 9.6
    endloop
  endfacet
  facet normal 0.522498 -0.85264 0
    outer loop
      vertex 29.9558 9.04931 9.6
      vertex 29.6481 8.86074 4.6
      vertex 29.9558 9.04931 4.6
    endloop
  endfacet
  facet normal 0.92388 -0.382683 0
    outer loop
      vertex 28.8126 7.71074 9.6
      vertex 28.9507 8.04418 4.6
      vertex 28.9507 8.04418 9.6
    endloop
  endfacet
  facet normal 0.92388 -0.382683 0
    outer loop
      vertex 28.9507 8.04418 4.6
      vertex 28.8126 7.71074 9.6
      vertex 28.8126 7.71074 4.6
    endloop
  endfacet
  facet normal -0.996917 0.0784584 0
    outer loop
      vertex 33.2717 6.6402 4.6
      vertex 33.3 7 9.6
      vertex 33.3 7 4.6
    endloop
  endfacet
  facet normal -0.996917 0.0784584 0
    outer loop
      vertex 33.3 7 9.6
      vertex 33.2717 6.6402 4.6
      vertex 33.2717 6.6402 9.6
    endloop
  endfacet
  facet normal -0.649452 -0.760402 0
    outer loop
      vertex 32.3519 8.86074 4.6
      vertex 32.6263 8.62634 9.6
      vertex 32.3519 8.86074 9.6
    endloop
  endfacet
  facet normal -0.649452 -0.760402 -0
    outer loop
      vertex 32.6263 8.62634 9.6
      vertex 32.3519 8.86074 4.6
      vertex 32.6263 8.62634 4.6
    endloop
  endfacet
  facet normal 0.0784584 -0.996917 0
    outer loop
      vertex 30.6402 9.27168 4.6
      vertex 31 9.3 9.6
      vertex 30.6402 9.27168 9.6
    endloop
  endfacet
  facet normal 0.0784584 -0.996917 0
    outer loop
      vertex 31 9.3 9.6
      vertex 30.6402 9.27168 4.6
      vertex 31 9.3 4.6
    endloop
  endfacet
  facet normal -0.522498 -0.85264 0
    outer loop
      vertex 32.0442 9.04931 4.6
      vertex 32.3519 8.86074 9.6
      vertex 32.0442 9.04931 9.6
    endloop
  endfacet
  facet normal -0.522498 -0.85264 -0
    outer loop
      vertex 32.3519 8.86074 9.6
      vertex 32.0442 9.04931 4.6
      vertex 32.3519 8.86074 4.6
    endloop
  endfacet
  facet normal 0.996917 -0.0784584 0
    outer loop
      vertex 28.7 7 9.6
      vertex 28.7283 7.3598 4.6
      vertex 28.7283 7.3598 9.6
    endloop
  endfacet
  facet normal 0.996917 -0.0784584 0
    outer loop
      vertex 28.7283 7.3598 4.6
      vertex 28.7 7 9.6
      vertex 28.7 7 4.6
    endloop
  endfacet
  facet normal 0.85264 -0.522498 0
    outer loop
      vertex 28.9507 8.04418 9.6
      vertex 29.1393 8.35191 4.6
      vertex 29.1393 8.35191 9.6
    endloop
  endfacet
  facet normal 0.85264 -0.522498 0
    outer loop
      vertex 29.1393 8.35191 4.6
      vertex 28.9507 8.04418 9.6
      vertex 28.9507 8.04418 4.6
    endloop
  endfacet
  facet normal 0.64945 -0.760404 0
    outer loop
      vertex 29.3737 8.62634 4.6
      vertex 29.6481 8.86074 9.6
      vertex 29.3737 8.62634 9.6
    endloop
  endfacet
  facet normal 0.64945 -0.760404 0
    outer loop
      vertex 29.6481 8.86074 9.6
      vertex 29.3737 8.62634 4.6
      vertex 29.6481 8.86074 4.6
    endloop
  endfacet
  facet normal 0.382683 -0.92388 0
    outer loop
      vertex 29.9558 9.04931 4.6
      vertex 30.2893 9.18743 9.6
      vertex 29.9558 9.04931 9.6
    endloop
  endfacet
  facet normal 0.382683 -0.92388 0
    outer loop
      vertex 30.2893 9.18743 9.6
      vertex 29.9558 9.04931 4.6
      vertex 30.2893 9.18743 4.6
    endloop
  endfacet
  facet normal 0.760404 -0.64945 0
    outer loop
      vertex 29.1393 8.35191 9.6
      vertex 29.3737 8.62634 4.6
      vertex 29.3737 8.62634 9.6
    endloop
  endfacet
  facet normal 0.760404 -0.64945 0
    outer loop
      vertex 29.3737 8.62634 4.6
      vertex 29.1393 8.35191 9.6
      vertex 29.1393 8.35191 4.6
    endloop
  endfacet
  facet normal -0.996917 -0.0784584 0
    outer loop
      vertex 33.3 7 4.6
      vertex 33.2717 7.3598 9.6
      vertex 33.2717 7.3598 4.6
    endloop
  endfacet
  facet normal -0.996917 -0.0784584 0
    outer loop
      vertex 33.2717 7.3598 9.6
      vertex 33.3 7 4.6
      vertex 33.3 7 9.6
    endloop
  endfacet
  facet normal -0.649452 0.760402 0
    outer loop
      vertex 32.6263 5.37366 4.6
      vertex 32.3519 5.13926 9.6
      vertex 32.6263 5.37366 9.6
    endloop
  endfacet
  facet normal -0.649452 0.760402 0
    outer loop
      vertex 32.3519 5.13926 9.6
      vertex 32.6263 5.37366 4.6
      vertex 32.3519 5.13926 4.6
    endloop
  endfacet
  facet normal -0.972371 -0.233441 0
    outer loop
      vertex 33.2717 7.3598 4.6
      vertex 33.1874 7.71074 9.6
      vertex 33.1874 7.71074 4.6
    endloop
  endfacet
  facet normal -0.972371 -0.233441 0
    outer loop
      vertex 33.1874 7.71074 9.6
      vertex 33.2717 7.3598 4.6
      vertex 33.2717 7.3598 9.6
    endloop
  endfacet
  facet normal -0.92388 -0.382683 0
    outer loop
      vertex 33.1874 7.71074 4.6
      vertex 33.0493 8.04418 9.6
      vertex 33.0493 8.04418 4.6
    endloop
  endfacet
  facet normal -0.92388 -0.382683 0
    outer loop
      vertex 33.0493 8.04418 9.6
      vertex 33.1874 7.71074 4.6
      vertex 33.1874 7.71074 9.6
    endloop
  endfacet
  facet normal -0.0784584 -0.996917 0
    outer loop
      vertex 31 9.3 4.6
      vertex 31.3598 9.27168 9.6
      vertex 31 9.3 9.6
    endloop
  endfacet
  facet normal -0.0784584 -0.996917 -0
    outer loop
      vertex 31.3598 9.27168 9.6
      vertex 31 9.3 4.6
      vertex 31.3598 9.27168 4.6
    endloop
  endfacet
  facet normal -0.382683 -0.92388 0
    outer loop
      vertex 31.7107 9.18743 4.6
      vertex 32.0442 9.04931 9.6
      vertex 31.7107 9.18743 9.6
    endloop
  endfacet
  facet normal -0.382683 -0.92388 -0
    outer loop
      vertex 32.0442 9.04931 9.6
      vertex 31.7107 9.18743 4.6
      vertex 32.0442 9.04931 4.6
    endloop
  endfacet
  facet normal 0.97237 -0.233446 0
    outer loop
      vertex 28.7283 7.3598 9.6
      vertex 28.8126 7.71074 4.6
      vertex 28.8126 7.71074 9.6
    endloop
  endfacet
  facet normal 0.97237 -0.233446 0
    outer loop
      vertex 28.8126 7.71074 4.6
      vertex 28.7283 7.3598 9.6
      vertex 28.7283 7.3598 4.6
    endloop
  endfacet
  facet normal 0.233445 -0.97237 0
    outer loop
      vertex 30.2893 9.18743 4.6
      vertex 30.6402 9.27168 9.6
      vertex 30.2893 9.18743 9.6
    endloop
  endfacet
  facet normal 0.233445 -0.97237 0
    outer loop
      vertex 30.6402 9.27168 9.6
      vertex 30.2893 9.18743 4.6
      vertex 30.6402 9.27168 4.6
    endloop
  endfacet
  facet normal -0.85264 0.522498 0
    outer loop
      vertex 32.8607 5.64809 4.6
      vertex 33.0493 5.95582 9.6
      vertex 33.0493 5.95582 4.6
    endloop
  endfacet
  facet normal -0.85264 0.522498 0
    outer loop
      vertex 33.0493 5.95582 9.6
      vertex 32.8607 5.64809 4.6
      vertex 32.8607 5.64809 9.6
    endloop
  endfacet
  facet normal 0.0784584 0.996917 -0
    outer loop
      vertex 31 4.7 4.6
      vertex 30.6402 4.72832 9.6
      vertex 31 4.7 9.6
    endloop
  endfacet
  facet normal 0.0784584 0.996917 0
    outer loop
      vertex 30.6402 4.72832 9.6
      vertex 31 4.7 4.6
      vertex 30.6402 4.72832 4.6
    endloop
  endfacet
  facet normal 0.996917 0.0784584 0
    outer loop
      vertex 28.7283 6.6402 9.6
      vertex 28.7 7 4.6
      vertex 28.7 7 9.6
    endloop
  endfacet
  facet normal 0.996917 0.0784584 0
    outer loop
      vertex 28.7 7 4.6
      vertex 28.7283 6.6402 9.6
      vertex 28.7283 6.6402 4.6
    endloop
  endfacet
  facet normal 0.85264 0.522498 0
    outer loop
      vertex 29.1393 5.64809 9.6
      vertex 28.9507 5.95582 4.6
      vertex 28.9507 5.95582 9.6
    endloop
  endfacet
  facet normal 0.85264 0.522498 0
    outer loop
      vertex 28.9507 5.95582 4.6
      vertex 29.1393 5.64809 9.6
      vertex 29.1393 5.64809 4.6
    endloop
  endfacet
  facet normal -0.233445 0.97237 0
    outer loop
      vertex 31.7107 4.81257 4.6
      vertex 31.3598 4.72832 9.6
      vertex 31.7107 4.81257 9.6
    endloop
  endfacet
  facet normal -0.233445 0.97237 0
    outer loop
      vertex 31.3598 4.72832 9.6
      vertex 31.7107 4.81257 4.6
      vertex 31.3598 4.72832 4.6
    endloop
  endfacet
  facet normal -0.92388 0.382683 0
    outer loop
      vertex 33.0493 5.95582 4.6
      vertex 33.1874 6.28926 9.6
      vertex 33.1874 6.28926 4.6
    endloop
  endfacet
  facet normal -0.92388 0.382683 0
    outer loop
      vertex 33.1874 6.28926 9.6
      vertex 33.0493 5.95582 4.6
      vertex 33.0493 5.95582 9.6
    endloop
  endfacet
  facet normal -0.972371 0.233441 0
    outer loop
      vertex 33.1874 6.28926 4.6
      vertex 33.2717 6.6402 9.6
      vertex 33.2717 6.6402 4.6
    endloop
  endfacet
  facet normal -0.972371 0.233441 0
    outer loop
      vertex 33.2717 6.6402 9.6
      vertex 33.1874 6.28926 4.6
      vertex 33.1874 6.28926 9.6
    endloop
  endfacet
  facet normal -0.0784584 0.996917 0
    outer loop
      vertex 31.3598 4.72832 4.6
      vertex 31 4.7 9.6
      vertex 31.3598 4.72832 9.6
    endloop
  endfacet
  facet normal -0.0784584 0.996917 0
    outer loop
      vertex 31 4.7 9.6
      vertex 31.3598 4.72832 4.6
      vertex 31 4.7 4.6
    endloop
  endfacet
  facet normal 0.522498 0.85264 -0
    outer loop
      vertex 29.9558 4.95069 4.6
      vertex 29.6481 5.13926 9.6
      vertex 29.9558 4.95069 9.6
    endloop
  endfacet
  facet normal 0.522498 0.85264 0
    outer loop
      vertex 29.6481 5.13926 9.6
      vertex 29.9558 4.95069 4.6
      vertex 29.6481 5.13926 4.6
    endloop
  endfacet
  facet normal 0.233445 0.97237 -0
    outer loop
      vertex 30.6402 4.72832 4.6
      vertex 30.2893 4.81257 9.6
      vertex 30.6402 4.72832 9.6
    endloop
  endfacet
  facet normal 0.233445 0.97237 0
    outer loop
      vertex 30.2893 4.81257 9.6
      vertex 30.6402 4.72832 4.6
      vertex 30.2893 4.81257 4.6
    endloop
  endfacet
  facet normal 0 0 1
    outer loop
      vertex 32.7 7 4.6
      vertex 33.3 7 4.6
      vertex 33.2717 7.3598 4.6
    endloop
  endfacet
  facet normal 0 0 1
    outer loop
      vertex 32.6791 7.26594 4.6
      vertex 33.2717 7.3598 4.6
      vertex 33.1874 7.71074 4.6
    endloop
  endfacet
  facet normal 0 0 1
    outer loop
      vertex 33.3 7 4.6
      vertex 32.7 7 4.6
      vertex 33.2717 6.6402 4.6
    endloop
  endfacet
  facet normal 0 0 1
    outer loop
      vertex 32.6168 7.52533 4.6
      vertex 33.1874 7.71074 4.6
      vertex 33.0493 8.04418 4.6
    endloop
  endfacet
  facet normal -0 0 1
    outer loop
      vertex 32.6791 6.73406 4.6
      vertex 33.2717 6.6402 4.6
      vertex 32.7 7 4.6
    endloop
  endfacet
  facet normal 0 0 1
    outer loop
      vertex 32.5147 7.77178 4.6
      vertex 33.0493 8.04418 4.6
      vertex 32.8607 8.35191 4.6
    endloop
  endfacet
  facet normal 0 0 1
    outer loop
      vertex 33.2717 6.6402 4.6
      vertex 32.6791 6.73406 4.6
      vertex 33.1874 6.28926 4.6
    endloop
  endfacet
  facet normal -0 0 1
    outer loop
      vertex 32.6168 6.47467 4.6
      vertex 33.1874 6.28926 4.6
      vertex 32.6791 6.73406 4.6
    endloop
  endfacet
  facet normal 0 0 1
    outer loop
      vertex 33.2717 7.3598 4.6
      vertex 32.6791 7.26594 4.6
      vertex 32.7 7 4.6
    endloop
  endfacet
  facet normal 0 0 1
    outer loop
      vertex 32.3753 7.99923 4.6
      vertex 32.8607 8.35191 4.6
      vertex 32.6263 8.62634 4.6
    endloop
  endfacet
  facet normal 0 0 1
    outer loop
      vertex 33.1874 7.71074 4.6
      vertex 32.6168 7.52533 4.6
      vertex 32.6791 7.26594 4.6
    endloop
  endfacet
  facet normal 0 0 1
    outer loop
      vertex 33.0493 8.04418 4.6
      vertex 32.5147 7.77178 4.6
      vertex 32.6168 7.52533 4.6
    endloop
  endfacet
  facet normal 0 0 1
    outer loop
      vertex 32.8607 8.35191 4.6
      vertex 32.3753 7.99923 4.6
      vertex 32.5147 7.77178 4.6
    endloop
  endfacet
  facet normal 0 0 1
    outer loop
      vertex 32.2021 8.20208 4.6
      vertex 32.6263 8.62634 4.6
      vertex 32.3519 8.86074 4.6
    endloop
  endfacet
  facet normal 0 0 1
    outer loop
      vertex 32.6263 8.62634 4.6
      vertex 32.2021 8.20208 4.6
      vertex 32.3753 7.99923 4.6
    endloop
  endfacet
  facet normal 0 0 1
    outer loop
      vertex 31.9992 8.37533 4.6
      vertex 32.3519 8.86074 4.6
      vertex 32.0442 9.04931 4.6
    endloop
  endfacet
  facet normal 0 0 1
    outer loop
      vertex 32.3519 8.86074 4.6
      vertex 31.9992 8.37533 4.6
      vertex 32.2021 8.20208 4.6
    endloop
  endfacet
  facet normal 0 0 1
    outer loop
      vertex 32.0442 9.04931 4.6
      vertex 31.7718 8.51471 4.6
      vertex 31.9992 8.37533 4.6
    endloop
  endfacet
  facet normal 0 0 1
    outer loop
      vertex 31.7107 9.18743 4.6
      vertex 31.7718 8.51471 4.6
      vertex 32.0442 9.04931 4.6
    endloop
  endfacet
  facet normal 0 0 1
    outer loop
      vertex 31.7107 9.18743 4.6
      vertex 31.5253 8.6168 4.6
      vertex 31.7718 8.51471 4.6
    endloop
  endfacet
  facet normal 0 0 1
    outer loop
      vertex 31.3598 9.27168 4.6
      vertex 31.5253 8.6168 4.6
      vertex 31.7107 9.18743 4.6
    endloop
  endfacet
  facet normal 0 0 1
    outer loop
      vertex 31.3598 9.27168 4.6
      vertex 31.2659 8.67907 4.6
      vertex 31.5253 8.6168 4.6
    endloop
  endfacet
  facet normal 0 0 1
    outer loop
      vertex 31 9.3 4.6
      vertex 31.2659 8.67907 4.6
      vertex 31.3598 9.27168 4.6
    endloop
  endfacet
  facet normal 0 0 1
    outer loop
      vertex 31 9.3 4.6
      vertex 31 8.7 4.6
      vertex 31.2659 8.67907 4.6
    endloop
  endfacet
  facet normal 0 0 1
    outer loop
      vertex 31 9.3 4.6
      vertex 30.7341 8.67907 4.6
      vertex 31 8.7 4.6
    endloop
  endfacet
  facet normal -0 0 1
    outer loop
      vertex 30.6402 9.27168 4.6
      vertex 30.7341 8.67907 4.6
      vertex 31 9.3 4.6
    endloop
  endfacet
  facet normal 0 0 1
    outer loop
      vertex 30.6402 9.27168 4.6
      vertex 30.4747 8.6168 4.6
      vertex 30.7341 8.67907 4.6
    endloop
  endfacet
  facet normal -0 0 1
    outer loop
      vertex 30.2893 9.18743 4.6
      vertex 30.4747 8.6168 4.6
      vertex 30.6402 9.27168 4.6
    endloop
  endfacet
  facet normal 0 0 1
    outer loop
      vertex 30.2893 9.18743 4.6
      vertex 30.2282 8.51471 4.6
      vertex 30.4747 8.6168 4.6
    endloop
  endfacet
  facet normal -0 0 1
    outer loop
      vertex 29.9558 9.04931 4.6
      vertex 30.2282 8.51471 4.6
      vertex 30.2893 9.18743 4.6
    endloop
  endfacet
  facet normal 0 0 1
    outer loop
      vertex 30.2282 8.51471 4.6
      vertex 29.9558 9.04931 4.6
      vertex 30.0008 8.37533 4.6
    endloop
  endfacet
  facet normal -0 0 1
    outer loop
      vertex 29.6481 8.86074 4.6
      vertex 30.0008 8.37533 4.6
      vertex 29.9558 9.04931 4.6
    endloop
  endfacet
  facet normal 0 0 1
    outer loop
      vertex 30.0008 8.37533 4.6
      vertex 29.6481 8.86074 4.6
      vertex 29.7979 8.20208 4.6
    endloop
  endfacet
  facet normal -0 0 1
    outer loop
      vertex 29.3737 8.62634 4.6
      vertex 29.7979 8.20208 4.6
      vertex 29.6481 8.86074 4.6
    endloop
  endfacet
  facet normal 0 0 1
    outer loop
      vertex 29.7979 8.20208 4.6
      vertex 29.3737 8.62634 4.6
      vertex 29.6247 7.99923 4.6
    endloop
  endfacet
  facet normal -0 0 1
    outer loop
      vertex 29.1393 8.35191 4.6
      vertex 29.6247 7.99923 4.6
      vertex 29.3737 8.62634 4.6
    endloop
  endfacet
  facet normal 0 0 1
    outer loop
      vertex 29.6247 7.99923 4.6
      vertex 29.1393 8.35191 4.6
      vertex 29.4853 7.77178 4.6
    endloop
  endfacet
  facet normal -0 0 1
    outer loop
      vertex 28.9507 8.04418 4.6
      vertex 29.4853 7.77178 4.6
      vertex 29.1393 8.35191 4.6
    endloop
  endfacet
  facet normal 0 0 1
    outer loop
      vertex 29.4853 7.77178 4.6
      vertex 28.9507 8.04418 4.6
      vertex 29.3832 7.52533 4.6
    endloop
  endfacet
  facet normal -0 0 1
    outer loop
      vertex 28.8126 7.71074 4.6
      vertex 29.3832 7.52533 4.6
      vertex 28.9507 8.04418 4.6
    endloop
  endfacet
  facet normal 0 0 1
    outer loop
      vertex 33.1874 6.28926 4.6
      vertex 32.6168 6.47467 4.6
      vertex 33.0493 5.95582 4.6
    endloop
  endfacet
  facet normal -0 0 1
    outer loop
      vertex 32.5147 6.22822 4.6
      vertex 33.0493 5.95582 4.6
      vertex 32.6168 6.47467 4.6
    endloop
  endfacet
  facet normal 0 0 1
    outer loop
      vertex 33.0493 5.95582 4.6
      vertex 32.5147 6.22822 4.6
      vertex 32.8607 5.64809 4.6
    endloop
  endfacet
  facet normal -0 0 1
    outer loop
      vertex 32.3753 6.00077 4.6
      vertex 32.8607 5.64809 4.6
      vertex 32.5147 6.22822 4.6
    endloop
  endfacet
  facet normal 0 0 1
    outer loop
      vertex 32.8607 5.64809 4.6
      vertex 32.3753 6.00077 4.6
      vertex 32.6263 5.37366 4.6
    endloop
  endfacet
  facet normal -0 0 1
    outer loop
      vertex 32.2021 5.79792 4.6
      vertex 32.6263 5.37366 4.6
      vertex 32.3753 6.00077 4.6
    endloop
  endfacet
  facet normal 0 0 1
    outer loop
      vertex 32.6263 5.37366 4.6
      vertex 32.2021 5.79792 4.6
      vertex 32.3519 5.13926 4.6
    endloop
  endfacet
  facet normal -0 0 1
    outer loop
      vertex 31.9992 5.62467 4.6
      vertex 32.3519 5.13926 4.6
      vertex 32.2021 5.79792 4.6
    endloop
  endfacet
  facet normal 0 0 1
    outer loop
      vertex 32.3519 5.13926 4.6
      vertex 31.9992 5.62467 4.6
      vertex 32.0442 4.95069 4.6
    endloop
  endfacet
  facet normal -0 0 1
    outer loop
      vertex 31.7718 5.48529 4.6
      vertex 32.0442 4.95069 4.6
      vertex 31.9992 5.62467 4.6
    endloop
  endfacet
  facet normal 0 0 1
    outer loop
      vertex 31.7718 5.48529 4.6
      vertex 31.7107 4.81257 4.6
      vertex 32.0442 4.95069 4.6
    endloop
  endfacet
  facet normal -0 0 1
    outer loop
      vertex 31.5253 5.3832 4.6
      vertex 31.7107 4.81257 4.6
      vertex 31.7718 5.48529 4.6
    endloop
  endfacet
  facet normal 0 0 1
    outer loop
      vertex 31.5253 5.3832 4.6
      vertex 31.3598 4.72832 4.6
      vertex 31.7107 4.81257 4.6
    endloop
  endfacet
  facet normal -0 0 1
    outer loop
      vertex 31.2659 5.32093 4.6
      vertex 31.3598 4.72832 4.6
      vertex 31.5253 5.3832 4.6
    endloop
  endfacet
  facet normal -0 0 1
    outer loop
      vertex 31 5.3 4.6
      vertex 31.3598 4.72832 4.6
      vertex 31.2659 5.32093 4.6
    endloop
  endfacet
  facet normal 0 0 1
    outer loop
      vertex 31 5.3 4.6
      vertex 31 4.7 4.6
      vertex 31.3598 4.72832 4.6
    endloop
  endfacet
  facet normal 0 0 1
    outer loop
      vertex 30.7341 5.32093 4.6
      vertex 31 4.7 4.6
      vertex 31 5.3 4.6
    endloop
  endfacet
  facet normal 0 0 1
    outer loop
      vertex 30.7341 5.32093 4.6
      vertex 30.6402 4.72832 4.6
      vertex 31 4.7 4.6
    endloop
  endfacet
  facet normal 0 0 1
    outer loop
      vertex 30.4747 5.3832 4.6
      vertex 30.6402 4.72832 4.6
      vertex 30.7341 5.32093 4.6
    endloop
  endfacet
  facet normal 0 0 1
    outer loop
      vertex 30.4747 5.3832 4.6
      vertex 30.2893 4.81257 4.6
      vertex 30.6402 4.72832 4.6
    endloop
  endfacet
  facet normal 0 0 1
    outer loop
      vertex 30.2282 5.48529 4.6
      vertex 30.2893 4.81257 4.6
      vertex 30.4747 5.3832 4.6
    endloop
  endfacet
  facet normal 0 0 1
    outer loop
      vertex 29.9558 4.95069 4.6
      vertex 30.2282 5.48529 4.6
      vertex 30.0008 5.62467 4.6
    endloop
  endfacet
  facet normal 0 0 1
    outer loop
      vertex 30.2282 5.48529 4.6
      vertex 29.9558 4.95069 4.6
      vertex 30.2893 4.81257 4.6
    endloop
  endfacet
  facet normal 0 0 1
    outer loop
      vertex 29.6481 5.13926 4.6
      vertex 30.0008 5.62467 4.6
      vertex 29.7979 5.79792 4.6
    endloop
  endfacet
  facet normal 0 0 1
    outer loop
      vertex 30.0008 5.62467 4.6
      vertex 29.6481 5.13926 4.6
      vertex 29.9558 4.95069 4.6
    endloop
  endfacet
  facet normal 0 0 1
    outer loop
      vertex 29.3737 5.37366 4.6
      vertex 29.7979 5.79792 4.6
      vertex 29.6247 6.00077 4.6
    endloop
  endfacet
  facet normal 0 0 1
    outer loop
      vertex 29.1393 5.64809 4.6
      vertex 29.6247 6.00077 4.6
      vertex 29.4853 6.22822 4.6
    endloop
  endfacet
  facet normal 0 0 1
    outer loop
      vertex 28.9507 5.95582 4.6
      vertex 29.4853 6.22822 4.6
      vertex 29.3832 6.47467 4.6
    endloop
  endfacet
  facet normal 0 0 1
    outer loop
      vertex 29.7979 5.79792 4.6
      vertex 29.3737 5.37366 4.6
      vertex 29.6481 5.13926 4.6
    endloop
  endfacet
  facet normal 0 0 1
    outer loop
      vertex 28.8126 6.28926 4.6
      vertex 29.3832 6.47467 4.6
      vertex 29.3209 6.73406 4.6
    endloop
  endfacet
  facet normal 0 0 1
    outer loop
      vertex 28.7283 6.6402 4.6
      vertex 29.3209 6.73406 4.6
      vertex 29.3 7 4.6
    endloop
  endfacet
  facet normal 0 0 1
    outer loop
      vertex 29.3832 7.52533 4.6
      vertex 28.8126 7.71074 4.6
      vertex 29.3209 7.26594 4.6
    endloop
  endfacet
  facet normal 0 0 1
    outer loop
      vertex 29.6247 6.00077 4.6
      vertex 29.1393 5.64809 4.6
      vertex 29.3737 5.37366 4.6
    endloop
  endfacet
  facet normal -0 0 1
    outer loop
      vertex 28.7283 7.3598 4.6
      vertex 29.3209 7.26594 4.6
      vertex 28.8126 7.71074 4.6
    endloop
  endfacet
  facet normal 0 0 1
    outer loop
      vertex 29.4853 6.22822 4.6
      vertex 28.9507 5.95582 4.6
      vertex 29.1393 5.64809 4.6
    endloop
  endfacet
  facet normal 0 0 1
    outer loop
      vertex 29.3209 7.26594 4.6
      vertex 28.7283 7.3598 4.6
      vertex 29.3 7 4.6
    endloop
  endfacet
  facet normal 0 0 1
    outer loop
      vertex 29.3832 6.47467 4.6
      vertex 28.8126 6.28926 4.6
      vertex 28.9507 5.95582 4.6
    endloop
  endfacet
  facet normal 0 0 1
    outer loop
      vertex 28.7 7 4.6
      vertex 29.3 7 4.6
      vertex 28.7283 7.3598 4.6
    endloop
  endfacet
  facet normal 0 0 1
    outer loop
      vertex 29.3209 6.73406 4.6
      vertex 28.7283 6.6402 4.6
      vertex 28.8126 6.28926 4.6
    endloop
  endfacet
  facet normal 0 0 1
    outer loop
      vertex 29.3 7 4.6
      vertex 28.7 7 4.6
      vertex 28.7283 6.6402 4.6
    endloop
  endfacet
  facet normal 0.92388 0.382683 0
    outer loop
      vertex 28.9507 5.95582 9.6
      vertex 28.8126 6.28926 4.6
      vertex 28.8126 6.28926 9.6
    endloop
  endfacet
  facet normal 0.92388 0.382683 0
    outer loop
      vertex 28.8126 6.28926 4.6
      vertex 28.9507 5.95582 9.6
      vertex 28.9507 5.95582 4.6
    endloop
  endfacet
  facet normal 0.97237 0.233446 0
    outer loop
      vertex 28.8126 6.28926 9.6
      vertex 28.7283 6.6402 4.6
      vertex 28.7283 6.6402 9.6
    endloop
  endfacet
  facet normal 0.97237 0.233446 0
    outer loop
      vertex 28.7283 6.6402 4.6
      vertex 28.8126 6.28926 9.6
      vertex 28.8126 6.28926 4.6
    endloop
  endfacet
  facet normal -0.522498 0.85264 0
    outer loop
      vertex 32.3519 5.13926 4.6
      vertex 32.0442 4.95069 9.6
      vertex 32.3519 5.13926 9.6
    endloop
  endfacet
  facet normal -0.522498 0.85264 0
    outer loop
      vertex 32.0442 4.95069 9.6
      vertex 32.3519 5.13926 4.6
      vertex 32.0442 4.95069 4.6
    endloop
  endfacet
  facet normal -0.382683 0.92388 0
    outer loop
      vertex 32.0442 4.95069 4.6
      vertex 31.7107 4.81257 9.6
      vertex 32.0442 4.95069 9.6
    endloop
  endfacet
  facet normal -0.382683 0.92388 0
    outer loop
      vertex 31.7107 4.81257 9.6
      vertex 32.0442 4.95069 4.6
      vertex 31.7107 4.81257 4.6
    endloop
  endfacet
  facet normal -0.760399 0.649456 0
    outer loop
      vertex 32.6263 5.37366 4.6
      vertex 32.8607 5.64809 9.6
      vertex 32.8607 5.64809 4.6
    endloop
  endfacet
  facet normal -0.760399 0.649456 0
    outer loop
      vertex 32.8607 5.64809 9.6
      vertex 32.6263 5.37366 4.6
      vertex 32.6263 5.37366 9.6
    endloop
  endfacet
  facet normal 0.382683 0.92388 -0
    outer loop
      vertex 30.2893 4.81257 4.6
      vertex 29.9558 4.95069 9.6
      vertex 30.2893 4.81257 9.6
    endloop
  endfacet
  facet normal 0.382683 0.92388 0
    outer loop
      vertex 29.9558 4.95069 9.6
      vertex 30.2893 4.81257 4.6
      vertex 29.9558 4.95069 4.6
    endloop
  endfacet
  facet normal 0.760404 0.64945 0
    outer loop
      vertex 29.3737 5.37366 9.6
      vertex 29.1393 5.64809 4.6
      vertex 29.1393 5.64809 9.6
    endloop
  endfacet
  facet normal 0.760404 0.64945 0
    outer loop
      vertex 29.1393 5.64809 4.6
      vertex 29.3737 5.37366 9.6
      vertex 29.3737 5.37366 4.6
    endloop
  endfacet
  facet normal 0.64945 0.760404 -0
    outer loop
      vertex 29.6481 5.13926 4.6
      vertex 29.3737 5.37366 9.6
      vertex 29.6481 5.13926 9.6
    endloop
  endfacet
  facet normal 0.64945 0.760404 0
    outer loop
      vertex 29.3737 5.37366 9.6
      vertex 29.6481 5.13926 4.6
      vertex 29.3737 5.37366 4.6
    endloop
  endfacet
  facet normal -0.649448 -0.760406 0
    outer loop
      vertex 31.9992 8.37533 2.3
      vertex 32.2021 8.20208 4.6
      vertex 31.9992 8.37533 4.6
    endloop
  endfacet
  facet normal -0.649448 -0.760406 -0
    outer loop
      vertex 32.2021 8.20208 4.6
      vertex 31.9992 8.37533 2.3
      vertex 32.2021 8.20208 2.3
    endloop
  endfacet
  facet normal 0.382685 0.923879 -0
    outer loop
      vertex 30.4747 5.3832 2.3
      vertex 30.2282 5.48529 4.6
      vertex 30.4747 5.3832 4.6
    endloop
  endfacet
  facet normal 0.382685 0.923879 0
    outer loop
      vertex 30.2282 5.48529 4.6
      vertex 30.4747 5.3832 2.3
      vertex 30.2282 5.48529 2.3
    endloop
  endfacet
  facet normal 0.382685 -0.923879 0
    outer loop
      vertex 30.2282 8.51471 2.3
      vertex 30.4747 8.6168 4.6
      vertex 30.2282 8.51471 4.6
    endloop
  endfacet
  facet normal 0.382685 -0.923879 0
    outer loop
      vertex 30.4747 8.6168 4.6
      vertex 30.2282 8.51471 2.3
      vertex 30.4747 8.6168 2.3
    endloop
  endfacet
  facet normal 0.852641 -0.522498 0
    outer loop
      vertex 29.4853 7.77178 4.6
      vertex 29.6247 7.99923 2.3
      vertex 29.6247 7.99923 4.6
    endloop
  endfacet
  facet normal 0.852641 -0.522498 0
    outer loop
      vertex 29.6247 7.99923 2.3
      vertex 29.4853 7.77178 4.6
      vertex 29.4853 7.77178 2.3
    endloop
  endfacet
  facet normal -0.972369 -0.233448 0
    outer loop
      vertex 32.6791 7.26594 2.3
      vertex 32.6168 7.52533 4.6
      vertex 32.6168 7.52533 2.3
    endloop
  endfacet
  facet normal -0.972369 -0.233448 0
    outer loop
      vertex 32.6168 7.52533 4.6
      vertex 32.6791 7.26594 2.3
      vertex 32.6791 7.26594 4.6
    endloop
  endfacet
  facet normal -0.923879 -0.382684 0
    outer loop
      vertex 32.6168 7.52533 2.3
      vertex 32.5147 7.77178 4.6
      vertex 32.5147 7.77178 2.3
    endloop
  endfacet
  facet normal -0.923879 -0.382684 0
    outer loop
      vertex 32.5147 7.77178 4.6
      vertex 32.6168 7.52533 2.3
      vertex 32.6168 7.52533 4.6
    endloop
  endfacet
  facet normal -0.852641 -0.522498 0
    outer loop
      vertex 32.5147 7.77178 2.3
      vertex 32.3753 7.99923 4.6
      vertex 32.3753 7.99923 2.3
    endloop
  endfacet
  facet normal -0.852641 -0.522498 0
    outer loop
      vertex 32.3753 7.99923 4.6
      vertex 32.5147 7.77178 2.3
      vertex 32.5147 7.77178 4.6
    endloop
  endfacet
  facet normal -0.760404 -0.64945 0
    outer loop
      vertex 32.3753 7.99923 2.3
      vertex 32.2021 8.20208 4.6
      vertex 32.2021 8.20208 2.3
    endloop
  endfacet
  facet normal -0.760404 -0.64945 0
    outer loop
      vertex 32.2021 8.20208 4.6
      vertex 32.3753 7.99923 2.3
      vertex 32.3753 7.99923 4.6
    endloop
  endfacet
  facet normal -0.522502 -0.852638 0
    outer loop
      vertex 31.7718 8.51471 2.3
      vertex 31.9992 8.37533 4.6
      vertex 31.7718 8.51471 4.6
    endloop
  endfacet
  facet normal -0.522502 -0.852638 -0
    outer loop
      vertex 31.9992 8.37533 4.6
      vertex 31.7718 8.51471 2.3
      vertex 31.9992 8.37533 2.3
    endloop
  endfacet
  facet normal -0.382685 -0.923879 0
    outer loop
      vertex 31.5253 8.6168 2.3
      vertex 31.7718 8.51471 4.6
      vertex 31.5253 8.6168 4.6
    endloop
  endfacet
  facet normal -0.382685 -0.923879 -0
    outer loop
      vertex 31.7718 8.51471 4.6
      vertex 31.5253 8.6168 2.3
      vertex 31.7718 8.51471 2.3
    endloop
  endfacet
  facet normal -0.233444 -0.97237 0
    outer loop
      vertex 31.2659 8.67907 2.3
      vertex 31.5253 8.6168 4.6
      vertex 31.2659 8.67907 4.6
    endloop
  endfacet
  facet normal -0.233444 -0.97237 -0
    outer loop
      vertex 31.5253 8.6168 4.6
      vertex 31.2659 8.67907 2.3
      vertex 31.5253 8.6168 2.3
    endloop
  endfacet
  facet normal 0.972369 -0.233448 0
    outer loop
      vertex 29.3209 7.26594 4.6
      vertex 29.3832 7.52533 2.3
      vertex 29.3832 7.52533 4.6
    endloop
  endfacet
  facet normal 0.972369 -0.233448 0
    outer loop
      vertex 29.3832 7.52533 2.3
      vertex 29.3209 7.26594 4.6
      vertex 29.3209 7.26594 2.3
    endloop
  endfacet
  facet normal 0.760404 -0.64945 0
    outer loop
      vertex 29.6247 7.99923 4.6
      vertex 29.7979 8.20208 2.3
      vertex 29.7979 8.20208 4.6
    endloop
  endfacet
  facet normal 0.760404 -0.64945 0
    outer loop
      vertex 29.7979 8.20208 2.3
      vertex 29.6247 7.99923 4.6
      vertex 29.6247 7.99923 2.3
    endloop
  endfacet
  facet normal 0.522502 -0.852638 0
    outer loop
      vertex 30.0008 8.37533 2.3
      vertex 30.2282 8.51471 4.6
      vertex 30.0008 8.37533 4.6
    endloop
  endfacet
  facet normal 0.522502 -0.852638 0
    outer loop
      vertex 30.2282 8.51471 4.6
      vertex 30.0008 8.37533 2.3
      vertex 30.2282 8.51471 2.3
    endloop
  endfacet
  facet normal 0.233444 -0.97237 0
    outer loop
      vertex 30.4747 8.6168 2.3
      vertex 30.7341 8.67907 4.6
      vertex 30.4747 8.6168 4.6
    endloop
  endfacet
  facet normal 0.233444 -0.97237 0
    outer loop
      vertex 30.7341 8.67907 4.6
      vertex 30.4747 8.6168 2.3
      vertex 30.7341 8.67907 2.3
    endloop
  endfacet
  facet normal 0.649448 -0.760406 0
    outer loop
      vertex 29.7979 8.20208 2.3
      vertex 30.0008 8.37533 4.6
      vertex 29.7979 8.20208 4.6
    endloop
  endfacet
  facet normal 0.649448 -0.760406 0
    outer loop
      vertex 30.0008 8.37533 4.6
      vertex 29.7979 8.20208 2.3
      vertex 30.0008 8.37533 2.3
    endloop
  endfacet
  facet normal -0.996917 -0.0784646 0
    outer loop
      vertex 32.7 7 2.3
      vertex 32.6791 7.26594 4.6
      vertex 32.6791 7.26594 2.3
    endloop
  endfacet
  facet normal -0.996917 -0.0784646 0
    outer loop
      vertex 32.6791 7.26594 4.6
      vertex 32.7 7 2.3
      vertex 32.7 7 4.6
    endloop
  endfacet
  facet normal -0.382685 0.923879 0
    outer loop
      vertex 31.7718 5.48529 2.3
      vertex 31.5253 5.3832 4.6
      vertex 31.7718 5.48529 4.6
    endloop
  endfacet
  facet normal -0.382685 0.923879 0
    outer loop
      vertex 31.5253 5.3832 4.6
      vertex 31.7718 5.48529 2.3
      vertex 31.5253 5.3832 2.3
    endloop
  endfacet
  facet normal -0.852641 0.522498 0
    outer loop
      vertex 32.3753 6.00077 2.3
      vertex 32.5147 6.22822 4.6
      vertex 32.5147 6.22822 2.3
    endloop
  endfacet
  facet normal -0.852641 0.522498 0
    outer loop
      vertex 32.5147 6.22822 4.6
      vertex 32.3753 6.00077 2.3
      vertex 32.3753 6.00077 4.6
    endloop
  endfacet
  facet normal 0.233444 0.97237 -0
    outer loop
      vertex 30.7341 5.32093 2.3
      vertex 30.4747 5.3832 4.6
      vertex 30.7341 5.32093 4.6
    endloop
  endfacet
  facet normal 0.233444 0.97237 0
    outer loop
      vertex 30.4747 5.3832 4.6
      vertex 30.7341 5.32093 2.3
      vertex 30.4747 5.3832 2.3
    endloop
  endfacet
  facet normal 0.649448 0.760406 -0
    outer loop
      vertex 30.0008 5.62467 2.3
      vertex 29.7979 5.79792 4.6
      vertex 30.0008 5.62467 4.6
    endloop
  endfacet
  facet normal 0.649448 0.760406 0
    outer loop
      vertex 29.7979 5.79792 4.6
      vertex 30.0008 5.62467 2.3
      vertex 29.7979 5.79792 2.3
    endloop
  endfacet
  facet normal 0.852641 0.522498 0
    outer loop
      vertex 29.6247 6.00077 4.6
      vertex 29.4853 6.22822 2.3
      vertex 29.4853 6.22822 4.6
    endloop
  endfacet
  facet normal 0.852641 0.522498 0
    outer loop
      vertex 29.4853 6.22822 2.3
      vertex 29.6247 6.00077 4.6
      vertex 29.6247 6.00077 2.3
    endloop
  endfacet
  facet normal 0 0 1
    outer loop
      vertex 32.6791 7.26594 2.3
      vertex 32.6791 6.73406 2.3
      vertex 32.7 7 2.3
    endloop
  endfacet
  facet normal 0 0 1
    outer loop
      vertex 32.6168 7.52533 2.3
      vertex 32.6791 6.73406 2.3
      vertex 32.6791 7.26594 2.3
    endloop
  endfacet
  facet normal 0 0 1
    outer loop
      vertex 32.6168 7.52533 2.3
      vertex 32.6168 6.47467 2.3
      vertex 32.6791 6.73406 2.3
    endloop
  endfacet
  facet normal 0 0 1
    outer loop
      vertex 32.5147 7.77178 2.3
      vertex 32.6168 6.47467 2.3
      vertex 32.6168 7.52533 2.3
    endloop
  endfacet
  facet normal 0 0 1
    outer loop
      vertex 32.5147 7.77178 2.3
      vertex 32.5147 6.22822 2.3
      vertex 32.6168 6.47467 2.3
    endloop
  endfacet
  facet normal 0 0 1
    outer loop
      vertex 32.3753 7.99923 2.3
      vertex 32.5147 6.22822 2.3
      vertex 32.5147 7.77178 2.3
    endloop
  endfacet
  facet normal 0 0 1
    outer loop
      vertex 32.3753 7.99923 2.3
      vertex 32.3753 6.00077 2.3
      vertex 32.5147 6.22822 2.3
    endloop
  endfacet
  facet normal 0 0 1
    outer loop
      vertex 32.2021 8.20208 2.3
      vertex 32.3753 6.00077 2.3
      vertex 32.3753 7.99923 2.3
    endloop
  endfacet
  facet normal 0 0 1
    outer loop
      vertex 32.2021 8.20208 2.3
      vertex 32.2021 5.79792 2.3
      vertex 32.3753 6.00077 2.3
    endloop
  endfacet
  facet normal 0 0 1
    outer loop
      vertex 31.9992 8.37533 2.3
      vertex 32.2021 5.79792 2.3
      vertex 32.2021 8.20208 2.3
    endloop
  endfacet
  facet normal 0 0 1
    outer loop
      vertex 31.9992 8.37533 2.3
      vertex 31.9992 5.62467 2.3
      vertex 32.2021 5.79792 2.3
    endloop
  endfacet
  facet normal 0 0 1
    outer loop
      vertex 31.7718 8.51471 2.3
      vertex 31.9992 5.62467 2.3
      vertex 31.9992 8.37533 2.3
    endloop
  endfacet
  facet normal 0 0 1
    outer loop
      vertex 31.7718 8.51471 2.3
      vertex 31.7718 5.48529 2.3
      vertex 31.9992 5.62467 2.3
    endloop
  endfacet
  facet normal 0 0 1
    outer loop
      vertex 31.5253 8.6168 2.3
      vertex 31.7718 5.48529 2.3
      vertex 31.7718 8.51471 2.3
    endloop
  endfacet
  facet normal 0 0 1
    outer loop
      vertex 31.5253 8.6168 2.3
      vertex 31.5253 5.3832 2.3
      vertex 31.7718 5.48529 2.3
    endloop
  endfacet
  facet normal 0 0 1
    outer loop
      vertex 31.2659 8.67907 2.3
      vertex 31.5253 5.3832 2.3
      vertex 31.5253 8.6168 2.3
    endloop
  endfacet
  facet normal 0 0 1
    outer loop
      vertex 31.2659 8.67907 2.3
      vertex 31.2659 5.32093 2.3
      vertex 31.5253 5.3832 2.3
    endloop
  endfacet
  facet normal 0 0 1
    outer loop
      vertex 31 8.7 2.3
      vertex 31.2659 5.32093 2.3
      vertex 31.2659 8.67907 2.3
    endloop
  endfacet
  facet normal 0 0 1
    outer loop
      vertex 31 8.7 2.3
      vertex 31 5.3 2.3
      vertex 31.2659 5.32093 2.3
    endloop
  endfacet
  facet normal -0 0 1
    outer loop
      vertex 30.7341 8.67907 2.3
      vertex 31 5.3 2.3
      vertex 31 8.7 2.3
    endloop
  endfacet
  facet normal 0 0 1
    outer loop
      vertex 30.7341 8.67907 2.3
      vertex 30.7341 5.32093 2.3
      vertex 31 5.3 2.3
    endloop
  endfacet
  facet normal -0 0 1
    outer loop
      vertex 30.4747 8.6168 2.3
      vertex 30.7341 5.32093 2.3
      vertex 30.7341 8.67907 2.3
    endloop
  endfacet
  facet normal 0 0 1
    outer loop
      vertex 30.4747 8.6168 2.3
      vertex 30.4747 5.3832 2.3
      vertex 30.7341 5.32093 2.3
    endloop
  endfacet
  facet normal -0 0 1
    outer loop
      vertex 30.2282 8.51471 2.3
      vertex 30.4747 5.3832 2.3
      vertex 30.4747 8.6168 2.3
    endloop
  endfacet
  facet normal 0 0 1
    outer loop
      vertex 30.2282 8.51471 2.3
      vertex 30.2282 5.48529 2.3
      vertex 30.4747 5.3832 2.3
    endloop
  endfacet
  facet normal -0 0 1
    outer loop
      vertex 30.0008 8.37533 2.3
      vertex 30.2282 5.48529 2.3
      vertex 30.2282 8.51471 2.3
    endloop
  endfacet
  facet normal 0 0 1
    outer loop
      vertex 30.0008 8.37533 2.3
      vertex 30.0008 5.62467 2.3
      vertex 30.2282 5.48529 2.3
    endloop
  endfacet
  facet normal -0 0 1
    outer loop
      vertex 29.7979 8.20208 2.3
      vertex 30.0008 5.62467 2.3
      vertex 30.0008 8.37533 2.3
    endloop
  endfacet
  facet normal 0 0 1
    outer loop
      vertex 29.7979 8.20208 2.3
      vertex 29.7979 5.79792 2.3
      vertex 30.0008 5.62467 2.3
    endloop
  endfacet
  facet normal -0 0 1
    outer loop
      vertex 29.6247 7.99923 2.3
      vertex 29.7979 5.79792 2.3
      vertex 29.7979 8.20208 2.3
    endloop
  endfacet
  facet normal 0 0 1
    outer loop
      vertex 29.6247 7.99923 2.3
      vertex 29.6247 6.00077 2.3
      vertex 29.7979 5.79792 2.3
    endloop
  endfacet
  facet normal -0 0 1
    outer loop
      vertex 29.4853 7.77178 2.3
      vertex 29.6247 6.00077 2.3
      vertex 29.6247 7.99923 2.3
    endloop
  endfacet
  facet normal 0 0 1
    outer loop
      vertex 29.4853 7.77178 2.3
      vertex 29.4853 6.22822 2.3
      vertex 29.6247 6.00077 2.3
    endloop
  endfacet
  facet normal -0 0 1
    outer loop
      vertex 29.3832 7.52533 2.3
      vertex 29.4853 6.22822 2.3
      vertex 29.4853 7.77178 2.3
    endloop
  endfacet
  facet normal 0 0 1
    outer loop
      vertex 29.3832 7.52533 2.3
      vertex 29.3832 6.47467 2.3
      vertex 29.4853 6.22822 2.3
    endloop
  endfacet
  facet normal -0 0 1
    outer loop
      vertex 29.3209 7.26594 2.3
      vertex 29.3832 6.47467 2.3
      vertex 29.3832 7.52533 2.3
    endloop
  endfacet
  facet normal 0 0 1
    outer loop
      vertex 29.3209 7.26594 2.3
      vertex 29.3209 6.73406 2.3
      vertex 29.3832 6.47467 2.3
    endloop
  endfacet
  facet normal 0 -0 1
    outer loop
      vertex 29.3209 6.73406 2.3
      vertex 29.3209 7.26594 2.3
      vertex 29.3 7 2.3
    endloop
  endfacet
  facet normal -0.0784611 -0.996917 0
    outer loop
      vertex 31 8.7 2.3
      vertex 31.2659 8.67907 4.6
      vertex 31 8.7 4.6
    endloop
  endfacet
  facet normal -0.0784611 -0.996917 -0
    outer loop
      vertex 31.2659 8.67907 4.6
      vertex 31 8.7 2.3
      vertex 31.2659 8.67907 2.3
    endloop
  endfacet
  facet normal 0.996917 -0.0784646 0
    outer loop
      vertex 29.3 7 4.6
      vertex 29.3209 7.26594 2.3
      vertex 29.3209 7.26594 4.6
    endloop
  endfacet
  facet normal 0.996917 -0.0784646 0
    outer loop
      vertex 29.3209 7.26594 2.3
      vertex 29.3 7 4.6
      vertex 29.3 7 2.3
    endloop
  endfacet
  facet normal 0.923879 -0.382684 0
    outer loop
      vertex 29.3832 7.52533 4.6
      vertex 29.4853 7.77178 2.3
      vertex 29.4853 7.77178 4.6
    endloop
  endfacet
  facet normal 0.923879 -0.382684 0
    outer loop
      vertex 29.4853 7.77178 2.3
      vertex 29.3832 7.52533 4.6
      vertex 29.3832 7.52533 2.3
    endloop
  endfacet
  facet normal 0.0784611 -0.996917 0
    outer loop
      vertex 30.7341 8.67907 2.3
      vertex 31 8.7 4.6
      vertex 30.7341 8.67907 4.6
    endloop
  endfacet
  facet normal 0.0784611 -0.996917 0
    outer loop
      vertex 31 8.7 4.6
      vertex 30.7341 8.67907 2.3
      vertex 31 8.7 2.3
    endloop
  endfacet
  facet normal -0.972369 0.233448 0
    outer loop
      vertex 32.6168 6.47467 2.3
      vertex 32.6791 6.73406 4.6
      vertex 32.6791 6.73406 2.3
    endloop
  endfacet
  facet normal -0.972369 0.233448 0
    outer loop
      vertex 32.6791 6.73406 4.6
      vertex 32.6168 6.47467 2.3
      vertex 32.6168 6.47467 4.6
    endloop
  endfacet
  facet normal -0.0784611 0.996917 0
    outer loop
      vertex 31.2659 5.32093 2.3
      vertex 31 5.3 4.6
      vertex 31.2659 5.32093 4.6
    endloop
  endfacet
  facet normal -0.0784611 0.996917 0
    outer loop
      vertex 31 5.3 4.6
      vertex 31.2659 5.32093 2.3
      vertex 31 5.3 2.3
    endloop
  endfacet
  facet normal -0.760404 0.64945 0
    outer loop
      vertex 32.2021 5.79792 2.3
      vertex 32.3753 6.00077 4.6
      vertex 32.3753 6.00077 2.3
    endloop
  endfacet
  facet normal -0.760404 0.64945 0
    outer loop
      vertex 32.3753 6.00077 4.6
      vertex 32.2021 5.79792 2.3
      vertex 32.2021 5.79792 4.6
    endloop
  endfacet
  facet normal -0.522502 0.852638 0
    outer loop
      vertex 31.9992 5.62467 2.3
      vertex 31.7718 5.48529 4.6
      vertex 31.9992 5.62467 4.6
    endloop
  endfacet
  facet normal -0.522502 0.852638 0
    outer loop
      vertex 31.7718 5.48529 4.6
      vertex 31.9992 5.62467 2.3
      vertex 31.7718 5.48529 2.3
    endloop
  endfacet
  facet normal -0.923879 0.382684 0
    outer loop
      vertex 32.5147 6.22822 2.3
      vertex 32.6168 6.47467 4.6
      vertex 32.6168 6.47467 2.3
    endloop
  endfacet
  facet normal -0.923879 0.382684 0
    outer loop
      vertex 32.6168 6.47467 4.6
      vertex 32.5147 6.22822 2.3
      vertex 32.5147 6.22822 4.6
    endloop
  endfacet
  facet normal 0.0784611 0.996917 -0
    outer loop
      vertex 31 5.3 2.3
      vertex 30.7341 5.32093 4.6
      vertex 31 5.3 4.6
    endloop
  endfacet
  facet normal 0.0784611 0.996917 0
    outer loop
      vertex 30.7341 5.32093 4.6
      vertex 31 5.3 2.3
      vertex 30.7341 5.32093 2.3
    endloop
  endfacet
  facet normal 0.522502 0.852638 -0
    outer loop
      vertex 30.2282 5.48529 2.3
      vertex 30.0008 5.62467 4.6
      vertex 30.2282 5.48529 4.6
    endloop
  endfacet
  facet normal 0.522502 0.852638 0
    outer loop
      vertex 30.0008 5.62467 4.6
      vertex 30.2282 5.48529 2.3
      vertex 30.0008 5.62467 2.3
    endloop
  endfacet
  facet normal 0.923879 0.382684 0
    outer loop
      vertex 29.4853 6.22822 4.6
      vertex 29.3832 6.47467 2.3
      vertex 29.3832 6.47467 4.6
    endloop
  endfacet
  facet normal 0.923879 0.382684 0
    outer loop
      vertex 29.3832 6.47467 2.3
      vertex 29.4853 6.22822 4.6
      vertex 29.4853 6.22822 2.3
    endloop
  endfacet
  facet normal 0.996917 0.0784646 0
    outer loop
      vertex 29.3209 6.73406 4.6
      vertex 29.3 7 2.3
      vertex 29.3 7 4.6
    endloop
  endfacet
  facet normal 0.996917 0.0784646 0
    outer loop
      vertex 29.3 7 2.3
      vertex 29.3209 6.73406 4.6
      vertex 29.3209 6.73406 2.3
    endloop
  endfacet
  facet normal 0.760404 0.64945 0
    outer loop
      vertex 29.7979 5.79792 4.6
      vertex 29.6247 6.00077 2.3
      vertex 29.6247 6.00077 4.6
    endloop
  endfacet
  facet normal 0.760404 0.64945 0
    outer loop
      vertex 29.6247 6.00077 2.3
      vertex 29.7979 5.79792 4.6
      vertex 29.7979 5.79792 2.3
    endloop
  endfacet
  facet normal -0.996917 0.0784646 0
    outer loop
      vertex 32.6791 6.73406 2.3
      vertex 32.7 7 4.6
      vertex 32.7 7 2.3
    endloop
  endfacet
  facet normal -0.996917 0.0784646 0
    outer loop
      vertex 32.7 7 4.6
      vertex 32.6791 6.73406 2.3
      vertex 32.6791 6.73406 4.6
    endloop
  endfacet
  facet normal -0.233444 0.97237 0
    outer loop
      vertex 31.5253 5.3832 2.3
      vertex 31.2659 5.32093 4.6
      vertex 31.5253 5.3832 4.6
    endloop
  endfacet
  facet normal -0.233444 0.97237 0
    outer loop
      vertex 31.2659 5.32093 4.6
      vertex 31.5253 5.3832 2.3
      vertex 31.2659 5.32093 2.3
    endloop
  endfacet
  facet normal -0.649448 0.760406 0
    outer loop
      vertex 32.2021 5.79792 2.3
      vertex 31.9992 5.62467 4.6
      vertex 32.2021 5.79792 4.6
    endloop
  endfacet
  facet normal -0.649448 0.760406 0
    outer loop
      vertex 31.9992 5.62467 4.6
      vertex 32.2021 5.79792 2.3
      vertex 31.9992 5.62467 2.3
    endloop
  endfacet
  facet normal 0.972369 0.233448 0
    outer loop
      vertex 29.3832 6.47467 4.6
      vertex 29.3209 6.73406 2.3
      vertex 29.3209 6.73406 4.6
    endloop
  endfacet
  facet normal 0.972369 0.233448 0
    outer loop
      vertex 29.3209 6.73406 2.3
      vertex 29.3832 6.47467 4.6
      vertex 29.3832 6.47467 2.3
    endloop
  endfacet
  facet normal 0.649448 0.760406 -0
    outer loop
      vertex 46.5355 10.5355 1.6
      vertex 45.9389 11.0451 9.6
      vertex 46.5355 10.5355 9.6
    endloop
  endfacet
  facet normal 0.649448 0.760406 0
    outer loop
      vertex 45.9389 11.0451 9.6
      vertex 46.5355 10.5355 1.6
      vertex 45.9389 11.0451 1.6
    endloop
  endfacet
  facet normal -0.97237 0.233445 0
    outer loop
      vertex 38.0616 7.78217 1.6
      vertex 38.2447 8.54508 9.6
      vertex 38.2447 8.54508 1.6
    endloop
  endfacet
  facet normal -0.97237 0.233445 0
    outer loop
      vertex 38.2447 8.54508 9.6
      vertex 38.0616 7.78217 1.6
      vertex 38.0616 7.78217 9.6
    endloop
  endfacet
  facet normal -0.233445 -0.97237 0
    outer loop
      vertex 41.4549 2.24472 1.6
      vertex 42.2178 2.06156 9.6
      vertex 41.4549 2.24472 9.6
    endloop
  endfacet
  facet normal -0.233445 -0.97237 -0
    outer loop
      vertex 42.2178 2.06156 9.6
      vertex 41.4549 2.24472 1.6
      vertex 42.2178 2.06156 1.6
    endloop
  endfacet
  facet normal -0.233445 0.97237 0
    outer loop
      vertex 42.2178 11.9384 1.6
      vertex 41.4549 11.7553 9.6
      vertex 42.2178 11.9384 9.6
    endloop
  endfacet
  facet normal -0.233445 0.97237 0
    outer loop
      vertex 41.4549 11.7553 9.6
      vertex 42.2178 11.9384 1.6
      vertex 41.4549 11.7553 1.6
    endloop
  endfacet
  facet normal -0.923879 0.382685 0
    outer loop
      vertex 38.2447 8.54508 1.6
      vertex 38.545 9.26995 9.6
      vertex 38.545 9.26995 1.6
    endloop
  endfacet
  facet normal -0.923879 0.382685 0
    outer loop
      vertex 38.545 9.26995 9.6
      vertex 38.2447 8.54508 1.6
      vertex 38.2447 8.54508 9.6
    endloop
  endfacet
  facet normal 0.923879 -0.382685 0
    outer loop
      vertex 47.455 4.73005 9.6
      vertex 47.7553 5.45492 1.6
      vertex 47.7553 5.45492 9.6
    endloop
  endfacet
  facet normal 0.923879 -0.382685 0
    outer loop
      vertex 47.7553 5.45492 1.6
      vertex 47.455 4.73005 9.6
      vertex 47.455 4.73005 1.6
    endloop
  endfacet
  facet normal -0.382685 -0.923879 0
    outer loop
      vertex 40.73 2.54497 1.6
      vertex 41.4549 2.24472 9.6
      vertex 40.73 2.54497 9.6
    endloop
  endfacet
  facet normal -0.382685 -0.923879 -0
    outer loop
      vertex 41.4549 2.24472 9.6
      vertex 40.73 2.54497 1.6
      vertex 41.4549 2.24472 1.6
    endloop
  endfacet
  facet normal 0.923879 0.382685 0
    outer loop
      vertex 47.7553 8.54508 9.6
      vertex 47.455 9.26995 1.6
      vertex 47.455 9.26995 9.6
    endloop
  endfacet
  facet normal 0.923879 0.382685 0
    outer loop
      vertex 47.455 9.26995 1.6
      vertex 47.7553 8.54508 9.6
      vertex 47.7553 8.54508 1.6
    endloop
  endfacet
  facet normal 0.852641 0.522497 0
    outer loop
      vertex 47.455 9.26995 9.6
      vertex 47.0451 9.93893 1.6
      vertex 47.0451 9.93893 9.6
    endloop
  endfacet
  facet normal 0.852641 0.522497 0
    outer loop
      vertex 47.0451 9.93893 1.6
      vertex 47.455 9.26995 9.6
      vertex 47.455 9.26995 1.6
    endloop
  endfacet
  facet normal 0.760406 0.649448 0
    outer loop
      vertex 47.0451 9.93893 9.6
      vertex 46.5355 10.5355 1.6
      vertex 46.5355 10.5355 9.6
    endloop
  endfacet
  facet normal 0.760406 0.649448 0
    outer loop
      vertex 46.5355 10.5355 1.6
      vertex 47.0451 9.93893 9.6
      vertex 47.0451 9.93893 1.6
    endloop
  endfacet
  facet normal 0.382685 0.923879 -0
    outer loop
      vertex 45.27 11.455 1.6
      vertex 44.5451 11.7553 9.6
      vertex 45.27 11.455 9.6
    endloop
  endfacet
  facet normal 0.382685 0.923879 0
    outer loop
      vertex 44.5451 11.7553 9.6
      vertex 45.27 11.455 1.6
      vertex 44.5451 11.7553 1.6
    endloop
  endfacet
  facet normal 0.0784596 0.996917 -0
    outer loop
      vertex 43.7822 11.9384 1.6
      vertex 43 12 9.6
      vertex 43.7822 11.9384 9.6
    endloop
  endfacet
  facet normal 0.0784596 0.996917 0
    outer loop
      vertex 43 12 9.6
      vertex 43.7822 11.9384 1.6
      vertex 43 12 1.6
    endloop
  endfacet
  facet normal -0.996917 0.0784584 0
    outer loop
      vertex 38 7 1.6
      vertex 38.0616 7.78217 9.6
      vertex 38.0616 7.78217 1.6
    endloop
  endfacet
  facet normal -0.996917 0.0784584 0
    outer loop
      vertex 38.0616 7.78217 9.6
      vertex 38 7 1.6
      vertex 38 7 9.6
    endloop
  endfacet
  facet normal -0.760406 0.649448 0
    outer loop
      vertex 38.9549 9.93893 1.6
      vertex 39.4645 10.5355 9.6
      vertex 39.4645 10.5355 1.6
    endloop
  endfacet
  facet normal -0.760406 0.649448 0
    outer loop
      vertex 39.4645 10.5355 9.6
      vertex 38.9549 9.93893 1.6
      vertex 38.9549 9.93893 9.6
    endloop
  endfacet
  facet normal -0.0784596 0.996917 0
    outer loop
      vertex 43 12 1.6
      vertex 42.2178 11.9384 9.6
      vertex 43 12 9.6
    endloop
  endfacet
  facet normal -0.0784596 0.996917 0
    outer loop
      vertex 42.2178 11.9384 9.6
      vertex 43 12 1.6
      vertex 42.2178 11.9384 1.6
    endloop
  endfacet
  facet normal -0.649448 0.760406 0
    outer loop
      vertex 40.0611 11.0451 1.6
      vertex 39.4645 10.5355 9.6
      vertex 40.0611 11.0451 9.6
    endloop
  endfacet
  facet normal -0.649448 0.760406 0
    outer loop
      vertex 39.4645 10.5355 9.6
      vertex 40.0611 11.0451 1.6
      vertex 39.4645 10.5355 1.6
    endloop
  endfacet
  facet normal 0.996917 0.0784584 0
    outer loop
      vertex 48 7 9.6
      vertex 47.9384 7.78217 1.6
      vertex 47.9384 7.78217 9.6
    endloop
  endfacet
  facet normal 0.996917 0.0784584 0
    outer loop
      vertex 47.9384 7.78217 1.6
      vertex 48 7 9.6
      vertex 48 7 1.6
    endloop
  endfacet
  facet normal 0.0784596 -0.996917 0
    outer loop
      vertex 43 2 1.6
      vertex 43.7822 2.06156 9.6
      vertex 43 2 9.6
    endloop
  endfacet
  facet normal 0.0784596 -0.996917 0
    outer loop
      vertex 43.7822 2.06156 9.6
      vertex 43 2 1.6
      vertex 43.7822 2.06156 1.6
    endloop
  endfacet
  facet normal 0.233445 -0.97237 0
    outer loop
      vertex 43.7822 2.06156 1.6
      vertex 44.5451 2.24472 9.6
      vertex 43.7822 2.06156 9.6
    endloop
  endfacet
  facet normal 0.233445 -0.97237 0
    outer loop
      vertex 44.5451 2.24472 9.6
      vertex 43.7822 2.06156 1.6
      vertex 44.5451 2.24472 1.6
    endloop
  endfacet
  facet normal 0.760406 -0.649448 0
    outer loop
      vertex 46.5355 3.46447 9.6
      vertex 47.0451 4.06107 1.6
      vertex 47.0451 4.06107 9.6
    endloop
  endfacet
  facet normal 0.760406 -0.649448 0
    outer loop
      vertex 47.0451 4.06107 1.6
      vertex 46.5355 3.46447 9.6
      vertex 46.5355 3.46447 1.6
    endloop
  endfacet
  facet normal -0.0784596 -0.996917 0
    outer loop
      vertex 42.2178 2.06156 1.6
      vertex 43 2 9.6
      vertex 42.2178 2.06156 9.6
    endloop
  endfacet
  facet normal -0.0784596 -0.996917 -0
    outer loop
      vertex 43 2 9.6
      vertex 42.2178 2.06156 1.6
      vertex 43 2 1.6
    endloop
  endfacet
  facet normal -0.649448 -0.760406 0
    outer loop
      vertex 39.4645 3.46447 1.6
      vertex 40.0611 2.95492 9.6
      vertex 39.4645 3.46447 9.6
    endloop
  endfacet
  facet normal -0.649448 -0.760406 -0
    outer loop
      vertex 40.0611 2.95492 9.6
      vertex 39.4645 3.46447 1.6
      vertex 40.0611 2.95492 1.6
    endloop
  endfacet
  facet normal -0.996917 -0.0784584 0
    outer loop
      vertex 38.0616 6.21783 1.6
      vertex 38 7 9.6
      vertex 38 7 1.6
    endloop
  endfacet
  facet normal -0.996917 -0.0784584 0
    outer loop
      vertex 38 7 9.6
      vertex 38.0616 6.21783 1.6
      vertex 38.0616 6.21783 9.6
    endloop
  endfacet
  facet normal -0.760406 -0.649448 0
    outer loop
      vertex 39.4645 3.46447 1.6
      vertex 38.9549 4.06107 9.6
      vertex 38.9549 4.06107 1.6
    endloop
  endfacet
  facet normal -0.760406 -0.649448 0
    outer loop
      vertex 38.9549 4.06107 9.6
      vertex 39.4645 3.46447 1.6
      vertex 39.4645 3.46447 9.6
    endloop
  endfacet
  facet normal 0.97237 0.233445 0
    outer loop
      vertex 47.9384 7.78217 9.6
      vertex 47.7553 8.54508 1.6
      vertex 47.7553 8.54508 9.6
    endloop
  endfacet
  facet normal 0.97237 0.233445 0
    outer loop
      vertex 47.7553 8.54508 1.6
      vertex 47.9384 7.78217 9.6
      vertex 47.9384 7.78217 1.6
    endloop
  endfacet
  facet normal 0.522497 0.852641 -0
    outer loop
      vertex 45.9389 11.0451 1.6
      vertex 45.27 11.455 9.6
      vertex 45.9389 11.0451 9.6
    endloop
  endfacet
  facet normal 0.522497 0.852641 0
    outer loop
      vertex 45.27 11.455 9.6
      vertex 45.9389 11.0451 1.6
      vertex 45.27 11.455 1.6
    endloop
  endfacet
  facet normal 0.233445 0.97237 -0
    outer loop
      vertex 44.5451 11.7553 1.6
      vertex 43.7822 11.9384 9.6
      vertex 44.5451 11.7553 9.6
    endloop
  endfacet
  facet normal 0.233445 0.97237 0
    outer loop
      vertex 43.7822 11.9384 9.6
      vertex 44.5451 11.7553 1.6
      vertex 43.7822 11.9384 1.6
    endloop
  endfacet
  facet normal 0 0 1
    outer loop
      vertex 45.35 7 9.6
      vertex 48 7 9.6
      vertex 47.9384 7.78217 9.6
    endloop
  endfacet
  facet normal 0 0 1
    outer loop
      vertex 45.3211 7.36762 9.6
      vertex 47.9384 7.78217 9.6
      vertex 47.7553 8.54508 9.6
    endloop
  endfacet
  facet normal 0 0 1
    outer loop
      vertex 48 7 9.6
      vertex 45.35 7 9.6
      vertex 47.9384 6.21783 9.6
    endloop
  endfacet
  facet normal 0 0 1
    outer loop
      vertex 45.235 7.72619 9.6
      vertex 47.7553 8.54508 9.6
      vertex 47.455 9.26995 9.6
    endloop
  endfacet
  facet normal -0 0 1
    outer loop
      vertex 45.3211 6.63238 9.6
      vertex 47.9384 6.21783 9.6
      vertex 45.35 7 9.6
    endloop
  endfacet
  facet normal 0 0 1
    outer loop
      vertex 45.0939 8.06688 9.6
      vertex 47.455 9.26995 9.6
      vertex 47.0451 9.93893 9.6
    endloop
  endfacet
  facet normal 0 0 1
    outer loop
      vertex 47.9384 6.21783 9.6
      vertex 45.3211 6.63238 9.6
      vertex 47.7553 5.45492 9.6
    endloop
  endfacet
  facet normal 0 0 1
    outer loop
      vertex 44.9012 8.3813 9.6
      vertex 47.0451 9.93893 9.6
      vertex 46.5355 10.5355 9.6
    endloop
  endfacet
  facet normal -0 0 1
    outer loop
      vertex 45.235 6.27381 9.6
      vertex 47.7553 5.45492 9.6
      vertex 45.3211 6.63238 9.6
    endloop
  endfacet
  facet normal 0 0 1
    outer loop
      vertex 44.6617 8.6617 9.6
      vertex 46.5355 10.5355 9.6
      vertex 45.9389 11.0451 9.6
    endloop
  endfacet
  facet normal 0 0 1
    outer loop
      vertex 47.7553 5.45492 9.6
      vertex 45.235 6.27381 9.6
      vertex 47.455 4.73005 9.6
    endloop
  endfacet
  facet normal -0 0 1
    outer loop
      vertex 45.0939 5.93312 9.6
      vertex 47.455 4.73005 9.6
      vertex 45.235 6.27381 9.6
    endloop
  endfacet
  facet normal 0 0 1
    outer loop
      vertex 47.9384 7.78217 9.6
      vertex 45.3211 7.36762 9.6
      vertex 45.35 7 9.6
    endloop
  endfacet
  facet normal 0 0 1
    outer loop
      vertex 44.3813 8.90119 9.6
      vertex 45.9389 11.0451 9.6
      vertex 45.27 11.455 9.6
    endloop
  endfacet
  facet normal 0 0 1
    outer loop
      vertex 47.7553 8.54508 9.6
      vertex 45.235 7.72619 9.6
      vertex 45.3211 7.36762 9.6
    endloop
  endfacet
  facet normal 0 0 1
    outer loop
      vertex 47.455 9.26995 9.6
      vertex 45.0939 8.06688 9.6
      vertex 45.235 7.72619 9.6
    endloop
  endfacet
  facet normal 0 0 1
    outer loop
      vertex 47.0451 9.93893 9.6
      vertex 44.9012 8.3813 9.6
      vertex 45.0939 8.06688 9.6
    endloop
  endfacet
  facet normal 0 0 1
    outer loop
      vertex 46.5355 10.5355 9.6
      vertex 44.6617 8.6617 9.6
      vertex 44.9012 8.3813 9.6
    endloop
  endfacet
  facet normal 0 0 1
    outer loop
      vertex 44.0669 9.09386 9.6
      vertex 45.27 11.455 9.6
      vertex 44.5451 11.7553 9.6
    endloop
  endfacet
  facet normal 0 0 1
    outer loop
      vertex 45.9389 11.0451 9.6
      vertex 44.3813 8.90119 9.6
      vertex 44.6617 8.6617 9.6
    endloop
  endfacet
  facet normal 0 0 1
    outer loop
      vertex 45.27 11.455 9.6
      vertex 44.0669 9.09386 9.6
      vertex 44.3813 8.90119 9.6
    endloop
  endfacet
  facet normal 0 0 1
    outer loop
      vertex 43.7262 9.23498 9.6
      vertex 44.5451 11.7553 9.6
      vertex 43.7822 11.9384 9.6
    endloop
  endfacet
  facet normal 0 0 1
    outer loop
      vertex 44.5451 11.7553 9.6
      vertex 43.7262 9.23498 9.6
      vertex 44.0669 9.09386 9.6
    endloop
  endfacet
  facet normal 0 0 1
    outer loop
      vertex 43.7822 11.9384 9.6
      vertex 43.3676 9.32107 9.6
      vertex 43.7262 9.23498 9.6
    endloop
  endfacet
  facet normal 0 0 1
    outer loop
      vertex 43 12 9.6
      vertex 43.3676 9.32107 9.6
      vertex 43.7822 11.9384 9.6
    endloop
  endfacet
  facet normal 0 0 1
    outer loop
      vertex 43 12 9.6
      vertex 43 9.35 9.6
      vertex 43.3676 9.32107 9.6
    endloop
  endfacet
  facet normal 0 0 1
    outer loop
      vertex 43 12 9.6
      vertex 42.6324 9.32107 9.6
      vertex 43 9.35 9.6
    endloop
  endfacet
  facet normal -0 0 1
    outer loop
      vertex 42.2178 11.9384 9.6
      vertex 42.6324 9.32107 9.6
      vertex 43 12 9.6
    endloop
  endfacet
  facet normal 0 0 1
    outer loop
      vertex 42.6324 9.32107 9.6
      vertex 42.2178 11.9384 9.6
      vertex 42.2738 9.23498 9.6
    endloop
  endfacet
  facet normal -0 0 1
    outer loop
      vertex 41.4549 11.7553 9.6
      vertex 42.2738 9.23498 9.6
      vertex 42.2178 11.9384 9.6
    endloop
  endfacet
  facet normal 0 0 1
    outer loop
      vertex 42.2738 9.23498 9.6
      vertex 41.4549 11.7553 9.6
      vertex 41.9331 9.09386 9.6
    endloop
  endfacet
  facet normal -0 0 1
    outer loop
      vertex 40.73 11.455 9.6
      vertex 41.9331 9.09386 9.6
      vertex 41.4549 11.7553 9.6
    endloop
  endfacet
  facet normal 0 0 1
    outer loop
      vertex 41.9331 9.09386 9.6
      vertex 40.73 11.455 9.6
      vertex 41.6187 8.90119 9.6
    endloop
  endfacet
  facet normal -0 0 1
    outer loop
      vertex 40.0611 11.0451 9.6
      vertex 41.6187 8.90119 9.6
      vertex 40.73 11.455 9.6
    endloop
  endfacet
  facet normal 0 0 1
    outer loop
      vertex 41.6187 8.90119 9.6
      vertex 40.0611 11.0451 9.6
      vertex 41.3383 8.6617 9.6
    endloop
  endfacet
  facet normal -0 0 1
    outer loop
      vertex 39.4645 10.5355 9.6
      vertex 41.3383 8.6617 9.6
      vertex 40.0611 11.0451 9.6
    endloop
  endfacet
  facet normal 0 0 1
    outer loop
      vertex 41.3383 8.6617 9.6
      vertex 39.4645 10.5355 9.6
      vertex 41.0988 8.3813 9.6
    endloop
  endfacet
  facet normal -0 0 1
    outer loop
      vertex 38.9549 9.93893 9.6
      vertex 41.0988 8.3813 9.6
      vertex 39.4645 10.5355 9.6
    endloop
  endfacet
  facet normal 0 0 1
    outer loop
      vertex 41.0988 8.3813 9.6
      vertex 38.9549 9.93893 9.6
      vertex 40.9061 8.06688 9.6
    endloop
  endfacet
  facet normal -0 0 1
    outer loop
      vertex 38.545 9.26995 9.6
      vertex 40.9061 8.06688 9.6
      vertex 38.9549 9.93893 9.6
    endloop
  endfacet
  facet normal 0 0 1
    outer loop
      vertex 47.455 4.73005 9.6
      vertex 45.0939 5.93312 9.6
      vertex 47.0451 4.06107 9.6
    endloop
  endfacet
  facet normal -0 0 1
    outer loop
      vertex 44.9012 5.6187 9.6
      vertex 47.0451 4.06107 9.6
      vertex 45.0939 5.93312 9.6
    endloop
  endfacet
  facet normal 0 0 1
    outer loop
      vertex 47.0451 4.06107 9.6
      vertex 44.9012 5.6187 9.6
      vertex 46.5355 3.46447 9.6
    endloop
  endfacet
  facet normal -0 0 1
    outer loop
      vertex 44.6617 5.3383 9.6
      vertex 46.5355 3.46447 9.6
      vertex 44.9012 5.6187 9.6
    endloop
  endfacet
  facet normal 0 0 1
    outer loop
      vertex 46.5355 3.46447 9.6
      vertex 44.6617 5.3383 9.6
      vertex 45.9389 2.95492 9.6
    endloop
  endfacet
  facet normal -0 0 1
    outer loop
      vertex 44.3813 5.09881 9.6
      vertex 45.9389 2.95492 9.6
      vertex 44.6617 5.3383 9.6
    endloop
  endfacet
  facet normal 0 0 1
    outer loop
      vertex 45.9389 2.95492 9.6
      vertex 44.3813 5.09881 9.6
      vertex 45.27 2.54497 9.6
    endloop
  endfacet
  facet normal -0 0 1
    outer loop
      vertex 44.0669 4.90614 9.6
      vertex 45.27 2.54497 9.6
      vertex 44.3813 5.09881 9.6
    endloop
  endfacet
  facet normal 0 0 1
    outer loop
      vertex 45.27 2.54497 9.6
      vertex 44.0669 4.90614 9.6
      vertex 44.5451 2.24472 9.6
    endloop
  endfacet
  facet normal -0 0 1
    outer loop
      vertex 43.7262 4.76502 9.6
      vertex 44.5451 2.24472 9.6
      vertex 44.0669 4.90614 9.6
    endloop
  endfacet
  facet normal 0 0 1
    outer loop
      vertex 44.5451 2.24472 9.6
      vertex 43.7262 4.76502 9.6
      vertex 43.7822 2.06156 9.6
    endloop
  endfacet
  facet normal -0 0 1
    outer loop
      vertex 43.3676 4.67893 9.6
      vertex 43.7822 2.06156 9.6
      vertex 43.7262 4.76502 9.6
    endloop
  endfacet
  facet normal -0 0 1
    outer loop
      vertex 43 4.65 9.6
      vertex 43.7822 2.06156 9.6
      vertex 43.3676 4.67893 9.6
    endloop
  endfacet
  facet normal 0 0 1
    outer loop
      vertex 43 4.65 9.6
      vertex 43 2 9.6
      vertex 43.7822 2.06156 9.6
    endloop
  endfacet
  facet normal 0 0 1
    outer loop
      vertex 42.6324 4.67893 9.6
      vertex 43 2 9.6
      vertex 43 4.65 9.6
    endloop
  endfacet
  facet normal 0 0 1
    outer loop
      vertex 42.2178 2.06156 9.6
      vertex 42.6324 4.67893 9.6
      vertex 42.2738 4.76502 9.6
    endloop
  endfacet
  facet normal 0 0 1
    outer loop
      vertex 42.6324 4.67893 9.6
      vertex 42.2178 2.06156 9.6
      vertex 43 2 9.6
    endloop
  endfacet
  facet normal 0 0 1
    outer loop
      vertex 41.4549 2.24472 9.6
      vertex 42.2738 4.76502 9.6
      vertex 41.9331 4.90614 9.6
    endloop
  endfacet
  facet normal 0 0 1
    outer loop
      vertex 40.73 2.54497 9.6
      vertex 41.9331 4.90614 9.6
      vertex 41.6187 5.09881 9.6
    endloop
  endfacet
  facet normal 0 0 1
    outer loop
      vertex 42.2738 4.76502 9.6
      vertex 41.4549 2.24472 9.6
      vertex 42.2178 2.06156 9.6
    endloop
  endfacet
  facet normal 0 0 1
    outer loop
      vertex 40.0611 2.95492 9.6
      vertex 41.6187 5.09881 9.6
      vertex 41.3383 5.3383 9.6
    endloop
  endfacet
  facet normal 0 0 1
    outer loop
      vertex 39.4645 3.46447 9.6
      vertex 41.3383 5.3383 9.6
      vertex 41.0988 5.6187 9.6
    endloop
  endfacet
  facet normal 0 0 1
    outer loop
      vertex 38.9549 4.06107 9.6
      vertex 41.0988 5.6187 9.6
      vertex 40.9061 5.93312 9.6
    endloop
  endfacet
  facet normal 0 0 1
    outer loop
      vertex 38.545 4.73005 9.6
      vertex 40.9061 5.93312 9.6
      vertex 40.765 6.27381 9.6
    endloop
  endfacet
  facet normal 0 0 1
    outer loop
      vertex 41.9331 4.90614 9.6
      vertex 40.73 2.54497 9.6
      vertex 41.4549 2.24472 9.6
    endloop
  endfacet
  facet normal 0 0 1
    outer loop
      vertex 38.2447 5.45492 9.6
      vertex 40.765 6.27381 9.6
      vertex 40.6789 6.63238 9.6
    endloop
  endfacet
  facet normal 0 0 1
    outer loop
      vertex 38.0616 6.21783 9.6
      vertex 40.6789 6.63238 9.6
      vertex 40.65 7 9.6
    endloop
  endfacet
  facet normal 0 0 1
    outer loop
      vertex 40.9061 8.06688 9.6
      vertex 38.545 9.26995 9.6
      vertex 40.765 7.72619 9.6
    endloop
  endfacet
  facet normal 0 0 1
    outer loop
      vertex 41.6187 5.09881 9.6
      vertex 40.0611 2.95492 9.6
      vertex 40.73 2.54497 9.6
    endloop
  endfacet
  facet normal -0 0 1
    outer loop
      vertex 38.2447 8.54508 9.6
      vertex 40.765 7.72619 9.6
      vertex 38.545 9.26995 9.6
    endloop
  endfacet
  facet normal 0 0 1
    outer loop
      vertex 41.3383 5.3383 9.6
      vertex 39.4645 3.46447 9.6
      vertex 40.0611 2.95492 9.6
    endloop
  endfacet
  facet normal 0 0 1
    outer loop
      vertex 40.765 7.72619 9.6
      vertex 38.2447 8.54508 9.6
      vertex 40.6789 7.36762 9.6
    endloop
  endfacet
  facet normal 0 0 1
    outer loop
      vertex 41.0988 5.6187 9.6
      vertex 38.9549 4.06107 9.6
      vertex 39.4645 3.46447 9.6
    endloop
  endfacet
  facet normal -0 0 1
    outer loop
      vertex 38.0616 7.78217 9.6
      vertex 40.6789 7.36762 9.6
      vertex 38.2447 8.54508 9.6
    endloop
  endfacet
  facet normal 0 0 1
    outer loop
      vertex 40.9061 5.93312 9.6
      vertex 38.545 4.73005 9.6
      vertex 38.9549 4.06107 9.6
    endloop
  endfacet
  facet normal 0 0 1
    outer loop
      vertex 40.6789 7.36762 9.6
      vertex 38.0616 7.78217 9.6
      vertex 40.65 7 9.6
    endloop
  endfacet
  facet normal 0 0 1
    outer loop
      vertex 40.765 6.27381 9.6
      vertex 38.2447 5.45492 9.6
      vertex 38.545 4.73005 9.6
    endloop
  endfacet
  facet normal 0 0 1
    outer loop
      vertex 38 7 9.6
      vertex 40.65 7 9.6
      vertex 38.0616 7.78217 9.6
    endloop
  endfacet
  facet normal 0 0 1
    outer loop
      vertex 40.6789 6.63238 9.6
      vertex 38.0616 6.21783 9.6
      vertex 38.2447 5.45492 9.6
    endloop
  endfacet
  facet normal 0 0 1
    outer loop
      vertex 40.65 7 9.6
      vertex 38 7 9.6
      vertex 38.0616 6.21783 9.6
    endloop
  endfacet
  facet normal -0.852641 0.522497 0
    outer loop
      vertex 38.545 9.26995 1.6
      vertex 38.9549 9.93893 9.6
      vertex 38.9549 9.93893 1.6
    endloop
  endfacet
  facet normal -0.852641 0.522497 0
    outer loop
      vertex 38.9549 9.93893 9.6
      vertex 38.545 9.26995 1.6
      vertex 38.545 9.26995 9.6
    endloop
  endfacet
  facet normal -0.522497 0.852641 0
    outer loop
      vertex 40.73 11.455 1.6
      vertex 40.0611 11.0451 9.6
      vertex 40.73 11.455 9.6
    endloop
  endfacet
  facet normal -0.522497 0.852641 0
    outer loop
      vertex 40.0611 11.0451 9.6
      vertex 40.73 11.455 1.6
      vertex 40.0611 11.0451 1.6
    endloop
  endfacet
  facet normal -0.382685 0.923879 0
    outer loop
      vertex 41.4549 11.7553 1.6
      vertex 40.73 11.455 9.6
      vertex 41.4549 11.7553 9.6
    endloop
  endfacet
  facet normal -0.382685 0.923879 0
    outer loop
      vertex 40.73 11.455 9.6
      vertex 41.4549 11.7553 1.6
      vertex 40.73 11.455 1.6
    endloop
  endfacet
  facet normal 0.97237 -0.233445 0
    outer loop
      vertex 47.7553 5.45492 9.6
      vertex 47.9384 6.21783 1.6
      vertex 47.9384 6.21783 9.6
    endloop
  endfacet
  facet normal 0.97237 -0.233445 0
    outer loop
      vertex 47.9384 6.21783 1.6
      vertex 47.7553 5.45492 9.6
      vertex 47.7553 5.45492 1.6
    endloop
  endfacet
  facet normal 0.649448 -0.760406 0
    outer loop
      vertex 45.9389 2.95492 1.6
      vertex 46.5355 3.46447 9.6
      vertex 45.9389 2.95492 9.6
    endloop
  endfacet
  facet normal 0.649448 -0.760406 0
    outer loop
      vertex 46.5355 3.46447 9.6
      vertex 45.9389 2.95492 1.6
      vertex 46.5355 3.46447 1.6
    endloop
  endfacet
  facet normal 0.382685 -0.923879 0
    outer loop
      vertex 44.5451 2.24472 1.6
      vertex 45.27 2.54497 9.6
      vertex 44.5451 2.24472 9.6
    endloop
  endfacet
  facet normal 0.382685 -0.923879 0
    outer loop
      vertex 45.27 2.54497 9.6
      vertex 44.5451 2.24472 1.6
      vertex 45.27 2.54497 1.6
    endloop
  endfacet
  facet normal 0.852641 -0.522497 0
    outer loop
      vertex 47.0451 4.06107 9.6
      vertex 47.455 4.73005 1.6
      vertex 47.455 4.73005 9.6
    endloop
  endfacet
  facet normal 0.852641 -0.522497 0
    outer loop
      vertex 47.455 4.73005 1.6
      vertex 47.0451 4.06107 9.6
      vertex 47.0451 4.06107 1.6
    endloop
  endfacet
  facet normal -0.522497 -0.852641 0
    outer loop
      vertex 40.0611 2.95492 1.6
      vertex 40.73 2.54497 9.6
      vertex 40.0611 2.95492 9.6
    endloop
  endfacet
  facet normal -0.522497 -0.852641 -0
    outer loop
      vertex 40.73 2.54497 9.6
      vertex 40.0611 2.95492 1.6
      vertex 40.73 2.54497 1.6
    endloop
  endfacet
  facet normal -0.97237 -0.233445 0
    outer loop
      vertex 38.2447 5.45492 1.6
      vertex 38.0616 6.21783 9.6
      vertex 38.0616 6.21783 1.6
    endloop
  endfacet
  facet normal -0.97237 -0.233445 0
    outer loop
      vertex 38.0616 6.21783 9.6
      vertex 38.2447 5.45492 1.6
      vertex 38.2447 5.45492 9.6
    endloop
  endfacet
  facet normal -0.923879 -0.382685 0
    outer loop
      vertex 38.545 4.73005 1.6
      vertex 38.2447 5.45492 9.6
      vertex 38.2447 5.45492 1.6
    endloop
  endfacet
  facet normal -0.923879 -0.382685 0
    outer loop
      vertex 38.2447 5.45492 9.6
      vertex 38.545 4.73005 1.6
      vertex 38.545 4.73005 9.6
    endloop
  endfacet
  facet normal 0.996917 -0.0784584 0
    outer loop
      vertex 47.9384 6.21783 9.6
      vertex 48 7 1.6
      vertex 48 7 9.6
    endloop
  endfacet
  facet normal 0.996917 -0.0784584 0
    outer loop
      vertex 48 7 1.6
      vertex 47.9384 6.21783 9.6
      vertex 47.9384 6.21783 1.6
    endloop
  endfacet
  facet normal 0.522497 -0.852641 0
    outer loop
      vertex 45.27 2.54497 1.6
      vertex 45.9389 2.95492 9.6
      vertex 45.27 2.54497 9.6
    endloop
  endfacet
  facet normal 0.522497 -0.852641 0
    outer loop
      vertex 45.9389 2.95492 9.6
      vertex 45.27 2.54497 1.6
      vertex 45.9389 2.95492 1.6
    endloop
  endfacet
  facet normal -0.852641 -0.522497 0
    outer loop
      vertex 38.9549 4.06107 1.6
      vertex 38.545 4.73005 9.6
      vertex 38.545 4.73005 1.6
    endloop
  endfacet
  facet normal -0.852641 -0.522497 0
    outer loop
      vertex 38.545 4.73005 9.6
      vertex 38.9549 4.06107 1.6
      vertex 38.9549 4.06107 9.6
    endloop
  endfacet
  facet normal -0.5225 -0.852639 0
    outer loop
      vertex 44.0669 9.09386 4.6
      vertex 44.3813 8.90119 9.6
      vertex 44.0669 9.09386 9.6
    endloop
  endfacet
  facet normal -0.5225 -0.852639 -0
    outer loop
      vertex 44.3813 8.90119 9.6
      vertex 44.0669 9.09386 4.6
      vertex 44.3813 8.90119 4.6
    endloop
  endfacet
  facet normal 0.233446 0.97237 -0
    outer loop
      vertex 42.6324 4.67893 4.6
      vertex 42.2738 4.76502 9.6
      vertex 42.6324 4.67893 9.6
    endloop
  endfacet
  facet normal 0.233446 0.97237 0
    outer loop
      vertex 42.2738 4.76502 9.6
      vertex 42.6324 4.67893 4.6
      vertex 42.2738 4.76502 4.6
    endloop
  endfacet
  facet normal 0.233446 -0.97237 0
    outer loop
      vertex 42.2738 9.23498 4.6
      vertex 42.6324 9.32107 9.6
      vertex 42.2738 9.23498 9.6
    endloop
  endfacet
  facet normal 0.233446 -0.97237 0
    outer loop
      vertex 42.6324 9.32107 9.6
      vertex 42.2738 9.23498 4.6
      vertex 42.6324 9.32107 4.6
    endloop
  endfacet
  facet normal 0.92388 -0.382683 0
    outer loop
      vertex 40.765 7.72619 9.6
      vertex 40.9061 8.06688 4.6
      vertex 40.9061 8.06688 9.6
    endloop
  endfacet
  facet normal 0.92388 -0.382683 0
    outer loop
      vertex 40.9061 8.06688 4.6
      vertex 40.765 7.72619 9.6
      vertex 40.765 7.72619 4.6
    endloop
  endfacet
  facet normal 0.382682 0.92388 -0
    outer loop
      vertex 42.2738 4.76502 4.6
      vertex 41.9331 4.90614 9.6
      vertex 42.2738 4.76502 9.6
    endloop
  endfacet
  facet normal 0.382682 0.92388 0
    outer loop
      vertex 41.9331 4.90614 9.6
      vertex 42.2738 4.76502 4.6
      vertex 41.9331 4.90614 4.6
    endloop
  endfacet
  facet normal -0.852644 -0.522493 0
    outer loop
      vertex 45.0939 8.06688 4.6
      vertex 44.9012 8.3813 9.6
      vertex 44.9012 8.3813 4.6
    endloop
  endfacet
  facet normal -0.852644 -0.522493 0
    outer loop
      vertex 44.9012 8.3813 9.6
      vertex 45.0939 8.06688 4.6
      vertex 45.0939 8.06688 9.6
    endloop
  endfacet
  facet normal -0.972369 -0.233449 0
    outer loop
      vertex 45.3211 7.36762 4.6
      vertex 45.235 7.72619 9.6
      vertex 45.235 7.72619 4.6
    endloop
  endfacet
  facet normal -0.972369 -0.233449 0
    outer loop
      vertex 45.235 7.72619 9.6
      vertex 45.3211 7.36762 4.6
      vertex 45.3211 7.36762 9.6
    endloop
  endfacet
  facet normal -0.760403 -0.649451 0
    outer loop
      vertex 44.9012 8.3813 4.6
      vertex 44.6617 8.6617 9.6
      vertex 44.6617 8.6617 4.6
    endloop
  endfacet
  facet normal -0.760403 -0.649451 0
    outer loop
      vertex 44.6617 8.6617 9.6
      vertex 44.9012 8.3813 4.6
      vertex 44.9012 8.3813 9.6
    endloop
  endfacet
  facet normal -0.649447 -0.760407 0
    outer loop
      vertex 44.3813 8.90119 4.6
      vertex 44.6617 8.6617 9.6
      vertex 44.3813 8.90119 9.6
    endloop
  endfacet
  facet normal -0.649447 -0.760407 -0
    outer loop
      vertex 44.6617 8.6617 9.6
      vertex 44.3813 8.90119 4.6
      vertex 44.6617 8.6617 4.6
    endloop
  endfacet
  facet normal -0.382682 -0.92388 0
    outer loop
      vertex 43.7262 9.23498 4.6
      vertex 44.0669 9.09386 9.6
      vertex 43.7262 9.23498 9.6
    endloop
  endfacet
  facet normal -0.382682 -0.92388 -0
    outer loop
      vertex 44.0669 9.09386 9.6
      vertex 43.7262 9.23498 4.6
      vertex 44.0669 9.09386 4.6
    endloop
  endfacet
  facet normal -0.0784593 -0.996917 0
    outer loop
      vertex 43 9.35 4.6
      vertex 43.3676 9.32107 9.6
      vertex 43 9.35 9.6
    endloop
  endfacet
  facet normal -0.0784593 -0.996917 -0
    outer loop
      vertex 43.3676 9.32107 9.6
      vertex 43 9.35 4.6
      vertex 43.3676 9.32107 4.6
    endloop
  endfacet
  facet normal 0.996918 -0.0784545 0
    outer loop
      vertex 40.65 7 9.6
      vertex 40.6789 7.36762 4.6
      vertex 40.6789 7.36762 9.6
    endloop
  endfacet
  facet normal 0.996918 -0.0784545 0
    outer loop
      vertex 40.6789 7.36762 4.6
      vertex 40.65 7 9.6
      vertex 40.65 7 4.6
    endloop
  endfacet
  facet normal 0.760403 -0.649451 0
    outer loop
      vertex 41.0988 8.3813 9.6
      vertex 41.3383 8.6617 4.6
      vertex 41.3383 8.6617 9.6
    endloop
  endfacet
  facet normal 0.760403 -0.649451 0
    outer loop
      vertex 41.3383 8.6617 4.6
      vertex 41.0988 8.3813 9.6
      vertex 41.0988 8.3813 4.6
    endloop
  endfacet
  facet normal 0.0784593 -0.996917 0
    outer loop
      vertex 42.6324 9.32107 4.6
      vertex 43 9.35 9.6
      vertex 42.6324 9.32107 9.6
    endloop
  endfacet
  facet normal 0.0784593 -0.996917 0
    outer loop
      vertex 43 9.35 9.6
      vertex 42.6324 9.32107 4.6
      vertex 43 9.35 4.6
    endloop
  endfacet
  facet normal 0.649447 -0.760407 0
    outer loop
      vertex 41.3383 8.6617 4.6
      vertex 41.6187 8.90119 9.6
      vertex 41.3383 8.6617 9.6
    endloop
  endfacet
  facet normal 0.649447 -0.760407 0
    outer loop
      vertex 41.6187 8.90119 9.6
      vertex 41.3383 8.6617 4.6
      vertex 41.6187 8.90119 4.6
    endloop
  endfacet
  facet normal -0.996918 -0.0784545 0
    outer loop
      vertex 45.35 7 4.6
      vertex 45.3211 7.36762 9.6
      vertex 45.3211 7.36762 4.6
    endloop
  endfacet
  facet normal -0.996918 -0.0784545 0
    outer loop
      vertex 45.3211 7.36762 9.6
      vertex 45.35 7 4.6
      vertex 45.35 7 9.6
    endloop
  endfacet
  facet normal -0.382682 0.92388 0
    outer loop
      vertex 44.0669 4.90614 4.6
      vertex 43.7262 4.76502 9.6
      vertex 44.0669 4.90614 9.6
    endloop
  endfacet
  facet normal -0.382682 0.92388 0
    outer loop
      vertex 43.7262 4.76502 9.6
      vertex 44.0669 4.90614 4.6
      vertex 43.7262 4.76502 4.6
    endloop
  endfacet
  facet normal -0.5225 0.852639 0
    outer loop
      vertex 44.3813 5.09881 4.6
      vertex 44.0669 4.90614 9.6
      vertex 44.3813 5.09881 9.6
    endloop
  endfacet
  facet normal -0.5225 0.852639 0
    outer loop
      vertex 44.0669 4.90614 9.6
      vertex 44.3813 5.09881 4.6
      vertex 44.0669 4.90614 4.6
    endloop
  endfacet
  facet normal -0.852644 0.522493 0
    outer loop
      vertex 44.9012 5.6187 4.6
      vertex 45.0939 5.93312 9.6
      vertex 45.0939 5.93312 4.6
    endloop
  endfacet
  facet normal -0.852644 0.522493 0
    outer loop
      vertex 45.0939 5.93312 9.6
      vertex 44.9012 5.6187 4.6
      vertex 44.9012 5.6187 9.6
    endloop
  endfacet
  facet normal 0.0784593 0.996917 -0
    outer loop
      vertex 43 4.65 4.6
      vertex 42.6324 4.67893 9.6
      vertex 43 4.65 9.6
    endloop
  endfacet
  facet normal 0.0784593 0.996917 0
    outer loop
      vertex 42.6324 4.67893 9.6
      vertex 43 4.65 4.6
      vertex 42.6324 4.67893 4.6
    endloop
  endfacet
  facet normal 0.649447 0.760407 -0
    outer loop
      vertex 41.6187 5.09881 4.6
      vertex 41.3383 5.3383 9.6
      vertex 41.6187 5.09881 9.6
    endloop
  endfacet
  facet normal 0.649447 0.760407 0
    outer loop
      vertex 41.3383 5.3383 9.6
      vertex 41.6187 5.09881 4.6
      vertex 41.3383 5.3383 4.6
    endloop
  endfacet
  facet normal 0.996918 0.0784545 0
    outer loop
      vertex 40.6789 6.63238 9.6
      vertex 40.65 7 4.6
      vertex 40.65 7 9.6
    endloop
  endfacet
  facet normal 0.996918 0.0784545 0
    outer loop
      vertex 40.65 7 4.6
      vertex 40.6789 6.63238 9.6
      vertex 40.6789 6.63238 4.6
    endloop
  endfacet
  facet normal 0 0 1
    outer loop
      vertex 44.7 7 4.6
      vertex 45.35 7 4.6
      vertex 45.3211 7.36762 4.6
    endloop
  endfacet
  facet normal 0 0 1
    outer loop
      vertex 44.6791 7.26594 4.6
      vertex 45.3211 7.36762 4.6
      vertex 45.235 7.72619 4.6
    endloop
  endfacet
  facet normal 0 0 1
    outer loop
      vertex 45.35 7 4.6
      vertex 44.7 7 4.6
      vertex 45.3211 6.63238 4.6
    endloop
  endfacet
  facet normal 0 0 1
    outer loop
      vertex 44.6168 7.52533 4.6
      vertex 45.235 7.72619 4.6
      vertex 45.0939 8.06688 4.6
    endloop
  endfacet
  facet normal -0 0 1
    outer loop
      vertex 44.6791 6.73406 4.6
      vertex 45.3211 6.63238 4.6
      vertex 44.7 7 4.6
    endloop
  endfacet
  facet normal 0 0 1
    outer loop
      vertex 44.5147 7.77178 4.6
      vertex 45.0939 8.06688 4.6
      vertex 44.9012 8.3813 4.6
    endloop
  endfacet
  facet normal 0 0 1
    outer loop
      vertex 45.3211 6.63238 4.6
      vertex 44.6791 6.73406 4.6
      vertex 45.235 6.27381 4.6
    endloop
  endfacet
  facet normal -0 0 1
    outer loop
      vertex 44.6168 6.47467 4.6
      vertex 45.235 6.27381 4.6
      vertex 44.6791 6.73406 4.6
    endloop
  endfacet
  facet normal 0 0 1
    outer loop
      vertex 45.3211 7.36762 4.6
      vertex 44.6791 7.26594 4.6
      vertex 44.7 7 4.6
    endloop
  endfacet
  facet normal 0 0 1
    outer loop
      vertex 44.3753 7.99923 4.6
      vertex 44.9012 8.3813 4.6
      vertex 44.6617 8.6617 4.6
    endloop
  endfacet
  facet normal 0 0 1
    outer loop
      vertex 45.235 7.72619 4.6
      vertex 44.6168 7.52533 4.6
      vertex 44.6791 7.26594 4.6
    endloop
  endfacet
  facet normal 0 0 1
    outer loop
      vertex 45.0939 8.06688 4.6
      vertex 44.5147 7.77178 4.6
      vertex 44.6168 7.52533 4.6
    endloop
  endfacet
  facet normal 0 0 1
    outer loop
      vertex 44.2021 8.20208 4.6
      vertex 44.6617 8.6617 4.6
      vertex 44.3813 8.90119 4.6
    endloop
  endfacet
  facet normal 0 0 1
    outer loop
      vertex 44.9012 8.3813 4.6
      vertex 44.3753 7.99923 4.6
      vertex 44.5147 7.77178 4.6
    endloop
  endfacet
  facet normal 0 0 1
    outer loop
      vertex 44.6617 8.6617 4.6
      vertex 44.2021 8.20208 4.6
      vertex 44.3753 7.99923 4.6
    endloop
  endfacet
  facet normal 0 0 1
    outer loop
      vertex 43.9992 8.37533 4.6
      vertex 44.3813 8.90119 4.6
      vertex 44.0669 9.09386 4.6
    endloop
  endfacet
  facet normal 0 0 1
    outer loop
      vertex 44.3813 8.90119 4.6
      vertex 43.9992 8.37533 4.6
      vertex 44.2021 8.20208 4.6
    endloop
  endfacet
  facet normal 0 0 1
    outer loop
      vertex 44.0669 9.09386 4.6
      vertex 43.7718 8.51471 4.6
      vertex 43.9992 8.37533 4.6
    endloop
  endfacet
  facet normal 0 0 1
    outer loop
      vertex 43.7262 9.23498 4.6
      vertex 43.7718 8.51471 4.6
      vertex 44.0669 9.09386 4.6
    endloop
  endfacet
  facet normal 0 0 1
    outer loop
      vertex 43.7262 9.23498 4.6
      vertex 43.5253 8.6168 4.6
      vertex 43.7718 8.51471 4.6
    endloop
  endfacet
  facet normal 0 0 1
    outer loop
      vertex 43.3676 9.32107 4.6
      vertex 43.5253 8.6168 4.6
      vertex 43.7262 9.23498 4.6
    endloop
  endfacet
  facet normal 0 0 1
    outer loop
      vertex 43.3676 9.32107 4.6
      vertex 43.2659 8.67907 4.6
      vertex 43.5253 8.6168 4.6
    endloop
  endfacet
  facet normal 0 0 1
    outer loop
      vertex 43 9.35 4.6
      vertex 43.2659 8.67907 4.6
      vertex 43.3676 9.32107 4.6
    endloop
  endfacet
  facet normal 0 0 1
    outer loop
      vertex 43 9.35 4.6
      vertex 43 8.7 4.6
      vertex 43.2659 8.67907 4.6
    endloop
  endfacet
  facet normal 0 0 1
    outer loop
      vertex 43 9.35 4.6
      vertex 42.7341 8.67907 4.6
      vertex 43 8.7 4.6
    endloop
  endfacet
  facet normal -0 0 1
    outer loop
      vertex 42.6324 9.32107 4.6
      vertex 42.7341 8.67907 4.6
      vertex 43 9.35 4.6
    endloop
  endfacet
  facet normal 0 0 1
    outer loop
      vertex 42.6324 9.32107 4.6
      vertex 42.4747 8.6168 4.6
      vertex 42.7341 8.67907 4.6
    endloop
  endfacet
  facet normal -0 0 1
    outer loop
      vertex 42.2738 9.23498 4.6
      vertex 42.4747 8.6168 4.6
      vertex 42.6324 9.32107 4.6
    endloop
  endfacet
  facet normal 0 0 1
    outer loop
      vertex 42.2738 9.23498 4.6
      vertex 42.2282 8.51471 4.6
      vertex 42.4747 8.6168 4.6
    endloop
  endfacet
  facet normal -0 0 1
    outer loop
      vertex 41.9331 9.09386 4.6
      vertex 42.2282 8.51471 4.6
      vertex 42.2738 9.23498 4.6
    endloop
  endfacet
  facet normal 0 0 1
    outer loop
      vertex 42.2282 8.51471 4.6
      vertex 41.9331 9.09386 4.6
      vertex 42.0008 8.37533 4.6
    endloop
  endfacet
  facet normal -0 0 1
    outer loop
      vertex 41.6187 8.90119 4.6
      vertex 42.0008 8.37533 4.6
      vertex 41.9331 9.09386 4.6
    endloop
  endfacet
  facet normal 0 0 1
    outer loop
      vertex 42.0008 8.37533 4.6
      vertex 41.6187 8.90119 4.6
      vertex 41.7979 8.20208 4.6
    endloop
  endfacet
  facet normal -0 0 1
    outer loop
      vertex 41.3383 8.6617 4.6
      vertex 41.7979 8.20208 4.6
      vertex 41.6187 8.90119 4.6
    endloop
  endfacet
  facet normal 0 0 1
    outer loop
      vertex 41.7979 8.20208 4.6
      vertex 41.3383 8.6617 4.6
      vertex 41.6247 7.99923 4.6
    endloop
  endfacet
  facet normal -0 0 1
    outer loop
      vertex 41.0988 8.3813 4.6
      vertex 41.6247 7.99923 4.6
      vertex 41.3383 8.6617 4.6
    endloop
  endfacet
  facet normal 0 0 1
    outer loop
      vertex 41.6247 7.99923 4.6
      vertex 41.0988 8.3813 4.6
      vertex 41.4853 7.77178 4.6
    endloop
  endfacet
  facet normal -0 0 1
    outer loop
      vertex 40.9061 8.06688 4.6
      vertex 41.4853 7.77178 4.6
      vertex 41.0988 8.3813 4.6
    endloop
  endfacet
  facet normal 0 0 1
    outer loop
      vertex 41.4853 7.77178 4.6
      vertex 40.9061 8.06688 4.6
      vertex 41.3832 7.52533 4.6
    endloop
  endfacet
  facet normal -0 0 1
    outer loop
      vertex 40.765 7.72619 4.6
      vertex 41.3832 7.52533 4.6
      vertex 40.9061 8.06688 4.6
    endloop
  endfacet
  facet normal 0 0 1
    outer loop
      vertex 45.235 6.27381 4.6
      vertex 44.6168 6.47467 4.6
      vertex 45.0939 5.93312 4.6
    endloop
  endfacet
  facet normal -0 0 1
    outer loop
      vertex 44.5147 6.22822 4.6
      vertex 45.0939 5.93312 4.6
      vertex 44.6168 6.47467 4.6
    endloop
  endfacet
  facet normal 0 0 1
    outer loop
      vertex 45.0939 5.93312 4.6
      vertex 44.5147 6.22822 4.6
      vertex 44.9012 5.6187 4.6
    endloop
  endfacet
  facet normal -0 0 1
    outer loop
      vertex 44.3753 6.00077 4.6
      vertex 44.9012 5.6187 4.6
      vertex 44.5147 6.22822 4.6
    endloop
  endfacet
  facet normal 0 0 1
    outer loop
      vertex 44.9012 5.6187 4.6
      vertex 44.3753 6.00077 4.6
      vertex 44.6617 5.3383 4.6
    endloop
  endfacet
  facet normal -0 0 1
    outer loop
      vertex 44.2021 5.79792 4.6
      vertex 44.6617 5.3383 4.6
      vertex 44.3753 6.00077 4.6
    endloop
  endfacet
  facet normal 0 0 1
    outer loop
      vertex 44.6617 5.3383 4.6
      vertex 44.2021 5.79792 4.6
      vertex 44.3813 5.09881 4.6
    endloop
  endfacet
  facet normal -0 0 1
    outer loop
      vertex 43.9992 5.62467 4.6
      vertex 44.3813 5.09881 4.6
      vertex 44.2021 5.79792 4.6
    endloop
  endfacet
  facet normal 0 0 1
    outer loop
      vertex 44.3813 5.09881 4.6
      vertex 43.9992 5.62467 4.6
      vertex 44.0669 4.90614 4.6
    endloop
  endfacet
  facet normal -0 0 1
    outer loop
      vertex 43.7718 5.48529 4.6
      vertex 44.0669 4.90614 4.6
      vertex 43.9992 5.62467 4.6
    endloop
  endfacet
  facet normal 0 0 1
    outer loop
      vertex 43.7718 5.48529 4.6
      vertex 43.7262 4.76502 4.6
      vertex 44.0669 4.90614 4.6
    endloop
  endfacet
  facet normal -0 0 1
    outer loop
      vertex 43.5253 5.3832 4.6
      vertex 43.7262 4.76502 4.6
      vertex 43.7718 5.48529 4.6
    endloop
  endfacet
  facet normal 0 0 1
    outer loop
      vertex 43.5253 5.3832 4.6
      vertex 43.3676 4.67893 4.6
      vertex 43.7262 4.76502 4.6
    endloop
  endfacet
  facet normal -0 0 1
    outer loop
      vertex 43.2659 5.32093 4.6
      vertex 43.3676 4.67893 4.6
      vertex 43.5253 5.3832 4.6
    endloop
  endfacet
  facet normal -0 0 1
    outer loop
      vertex 43 5.3 4.6
      vertex 43.3676 4.67893 4.6
      vertex 43.2659 5.32093 4.6
    endloop
  endfacet
  facet normal 0 0 1
    outer loop
      vertex 43 5.3 4.6
      vertex 43 4.65 4.6
      vertex 43.3676 4.67893 4.6
    endloop
  endfacet
  facet normal 0 0 1
    outer loop
      vertex 42.7341 5.32093 4.6
      vertex 43 4.65 4.6
      vertex 43 5.3 4.6
    endloop
  endfacet
  facet normal 0 0 1
    outer loop
      vertex 42.7341 5.32093 4.6
      vertex 42.6324 4.67893 4.6
      vertex 43 4.65 4.6
    endloop
  endfacet
  facet normal 0 0 1
    outer loop
      vertex 42.4747 5.3832 4.6
      vertex 42.6324 4.67893 4.6
      vertex 42.7341 5.32093 4.6
    endloop
  endfacet
  facet normal 0 0 1
    outer loop
      vertex 42.4747 5.3832 4.6
      vertex 42.2738 4.76502 4.6
      vertex 42.6324 4.67893 4.6
    endloop
  endfacet
  facet normal 0 0 1
    outer loop
      vertex 42.2282 5.48529 4.6
      vertex 42.2738 4.76502 4.6
      vertex 42.4747 5.3832 4.6
    endloop
  endfacet
  facet normal 0 0 1
    outer loop
      vertex 41.9331 4.90614 4.6
      vertex 42.2282 5.48529 4.6
      vertex 42.0008 5.62467 4.6
    endloop
  endfacet
  facet normal 0 0 1
    outer loop
      vertex 42.2282 5.48529 4.6
      vertex 41.9331 4.90614 4.6
      vertex 42.2738 4.76502 4.6
    endloop
  endfacet
  facet normal 0 0 1
    outer loop
      vertex 41.6187 5.09881 4.6
      vertex 42.0008 5.62467 4.6
      vertex 41.7979 5.79792 4.6
    endloop
  endfacet
  facet normal 0 0 1
    outer loop
      vertex 41.3383 5.3383 4.6
      vertex 41.7979 5.79792 4.6
      vertex 41.6247 6.00077 4.6
    endloop
  endfacet
  facet normal 0 0 1
    outer loop
      vertex 42.0008 5.62467 4.6
      vertex 41.6187 5.09881 4.6
      vertex 41.9331 4.90614 4.6
    endloop
  endfacet
  facet normal 0 0 1
    outer loop
      vertex 41.0988 5.6187 4.6
      vertex 41.6247 6.00077 4.6
      vertex 41.4853 6.22822 4.6
    endloop
  endfacet
  facet normal 0 0 1
    outer loop
      vertex 40.9061 5.93312 4.6
      vertex 41.4853 6.22822 4.6
      vertex 41.3832 6.47467 4.6
    endloop
  endfacet
  facet normal 0 0 1
    outer loop
      vertex 41.7979 5.79792 4.6
      vertex 41.3383 5.3383 4.6
      vertex 41.6187 5.09881 4.6
    endloop
  endfacet
  facet normal 0 0 1
    outer loop
      vertex 40.765 6.27381 4.6
      vertex 41.3832 6.47467 4.6
      vertex 41.3209 6.73406 4.6
    endloop
  endfacet
  facet normal 0 0 1
    outer loop
      vertex 40.6789 6.63238 4.6
      vertex 41.3209 6.73406 4.6
      vertex 41.3 7 4.6
    endloop
  endfacet
  facet normal 0 0 1
    outer loop
      vertex 41.3832 7.52533 4.6
      vertex 40.765 7.72619 4.6
      vertex 41.3209 7.26594 4.6
    endloop
  endfacet
  facet normal 0 0 1
    outer loop
      vertex 41.6247 6.00077 4.6
      vertex 41.0988 5.6187 4.6
      vertex 41.3383 5.3383 4.6
    endloop
  endfacet
  facet normal -0 0 1
    outer loop
      vertex 40.6789 7.36762 4.6
      vertex 41.3209 7.26594 4.6
      vertex 40.765 7.72619 4.6
    endloop
  endfacet
  facet normal 0 0 1
    outer loop
      vertex 41.4853 6.22822 4.6
      vertex 40.9061 5.93312 4.6
      vertex 41.0988 5.6187 4.6
    endloop
  endfacet
  facet normal 0 0 1
    outer loop
      vertex 41.3209 7.26594 4.6
      vertex 40.6789 7.36762 4.6
      vertex 41.3 7 4.6
    endloop
  endfacet
  facet normal 0 0 1
    outer loop
      vertex 41.3832 6.47467 4.6
      vertex 40.765 6.27381 4.6
      vertex 40.9061 5.93312 4.6
    endloop
  endfacet
  facet normal 0 0 1
    outer loop
      vertex 40.65 7 4.6
      vertex 41.3 7 4.6
      vertex 40.6789 7.36762 4.6
    endloop
  endfacet
  facet normal 0 0 1
    outer loop
      vertex 41.3209 6.73406 4.6
      vertex 40.6789 6.63238 4.6
      vertex 40.765 6.27381 4.6
    endloop
  endfacet
  facet normal 0 0 1
    outer loop
      vertex 41.3 7 4.6
      vertex 40.65 7 4.6
      vertex 40.6789 6.63238 4.6
    endloop
  endfacet
  facet normal 0.760403 0.649451 0
    outer loop
      vertex 41.3383 5.3383 9.6
      vertex 41.0988 5.6187 4.6
      vertex 41.0988 5.6187 9.6
    endloop
  endfacet
  facet normal 0.760403 0.649451 0
    outer loop
      vertex 41.0988 5.6187 4.6
      vertex 41.3383 5.3383 9.6
      vertex 41.3383 5.3383 4.6
    endloop
  endfacet
  facet normal -0.92388 -0.382683 0
    outer loop
      vertex 45.235 7.72619 4.6
      vertex 45.0939 8.06688 9.6
      vertex 45.0939 8.06688 4.6
    endloop
  endfacet
  facet normal -0.92388 -0.382683 0
    outer loop
      vertex 45.0939 8.06688 9.6
      vertex 45.235 7.72619 4.6
      vertex 45.235 7.72619 9.6
    endloop
  endfacet
  facet normal -0.233446 -0.97237 0
    outer loop
      vertex 43.3676 9.32107 4.6
      vertex 43.7262 9.23498 9.6
      vertex 43.3676 9.32107 9.6
    endloop
  endfacet
  facet normal -0.233446 -0.97237 -0
    outer loop
      vertex 43.7262 9.23498 9.6
      vertex 43.3676 9.32107 4.6
      vertex 43.7262 9.23498 4.6
    endloop
  endfacet
  facet normal 0.972369 -0.233449 0
    outer loop
      vertex 40.6789 7.36762 9.6
      vertex 40.765 7.72619 4.6
      vertex 40.765 7.72619 9.6
    endloop
  endfacet
  facet normal 0.972369 -0.233449 0
    outer loop
      vertex 40.765 7.72619 4.6
      vertex 40.6789 7.36762 9.6
      vertex 40.6789 7.36762 4.6
    endloop
  endfacet
  facet normal 0.852644 -0.522493 0
    outer loop
      vertex 40.9061 8.06688 9.6
      vertex 41.0988 8.3813 4.6
      vertex 41.0988 8.3813 9.6
    endloop
  endfacet
  facet normal 0.852644 -0.522493 0
    outer loop
      vertex 41.0988 8.3813 4.6
      vertex 40.9061 8.06688 9.6
      vertex 40.9061 8.06688 4.6
    endloop
  endfacet
  facet normal 0.5225 -0.852639 0
    outer loop
      vertex 41.6187 8.90119 4.6
      vertex 41.9331 9.09386 9.6
      vertex 41.6187 8.90119 9.6
    endloop
  endfacet
  facet normal 0.5225 -0.852639 0
    outer loop
      vertex 41.9331 9.09386 9.6
      vertex 41.6187 8.90119 4.6
      vertex 41.9331 9.09386 4.6
    endloop
  endfacet
  facet normal 0.382682 -0.92388 0
    outer loop
      vertex 41.9331 9.09386 4.6
      vertex 42.2738 9.23498 9.6
      vertex 41.9331 9.09386 9.6
    endloop
  endfacet
  facet normal 0.382682 -0.92388 0
    outer loop
      vertex 42.2738 9.23498 9.6
      vertex 41.9331 9.09386 4.6
      vertex 42.2738 9.23498 4.6
    endloop
  endfacet
  facet normal -0.972369 0.233449 0
    outer loop
      vertex 45.235 6.27381 4.6
      vertex 45.3211 6.63238 9.6
      vertex 45.3211 6.63238 4.6
    endloop
  endfacet
  facet normal -0.972369 0.233449 0
    outer loop
      vertex 45.3211 6.63238 9.6
      vertex 45.235 6.27381 4.6
      vertex 45.235 6.27381 9.6
    endloop
  endfacet
  facet normal -0.0784593 0.996917 0
    outer loop
      vertex 43.3676 4.67893 4.6
      vertex 43 4.65 9.6
      vertex 43.3676 4.67893 9.6
    endloop
  endfacet
  facet normal -0.0784593 0.996917 0
    outer loop
      vertex 43 4.65 9.6
      vertex 43.3676 4.67893 4.6
      vertex 43 4.65 4.6
    endloop
  endfacet
  facet normal -0.233446 0.97237 0
    outer loop
      vertex 43.7262 4.76502 4.6
      vertex 43.3676 4.67893 9.6
      vertex 43.7262 4.76502 9.6
    endloop
  endfacet
  facet normal -0.233446 0.97237 0
    outer loop
      vertex 43.3676 4.67893 9.6
      vertex 43.7262 4.76502 4.6
      vertex 43.3676 4.67893 4.6
    endloop
  endfacet
  facet normal -0.649447 0.760407 0
    outer loop
      vertex 44.6617 5.3383 4.6
      vertex 44.3813 5.09881 9.6
      vertex 44.6617 5.3383 9.6
    endloop
  endfacet
  facet normal -0.649447 0.760407 0
    outer loop
      vertex 44.3813 5.09881 9.6
      vertex 44.6617 5.3383 4.6
      vertex 44.3813 5.09881 4.6
    endloop
  endfacet
  facet normal -0.92388 0.382683 0
    outer loop
      vertex 45.0939 5.93312 4.6
      vertex 45.235 6.27381 9.6
      vertex 45.235 6.27381 4.6
    endloop
  endfacet
  facet normal -0.92388 0.382683 0
    outer loop
      vertex 45.235 6.27381 9.6
      vertex 45.0939 5.93312 4.6
      vertex 45.0939 5.93312 9.6
    endloop
  endfacet
  facet normal 0.5225 0.852639 -0
    outer loop
      vertex 41.9331 4.90614 4.6
      vertex 41.6187 5.09881 9.6
      vertex 41.9331 4.90614 9.6
    endloop
  endfacet
  facet normal 0.5225 0.852639 0
    outer loop
      vertex 41.6187 5.09881 9.6
      vertex 41.9331 4.90614 4.6
      vertex 41.6187 5.09881 4.6
    endloop
  endfacet
  facet normal 0.972369 0.233449 0
    outer loop
      vertex 40.765 6.27381 9.6
      vertex 40.6789 6.63238 4.6
      vertex 40.6789 6.63238 9.6
    endloop
  endfacet
  facet normal 0.972369 0.233449 0
    outer loop
      vertex 40.6789 6.63238 4.6
      vertex 40.765 6.27381 9.6
      vertex 40.765 6.27381 4.6
    endloop
  endfacet
  facet normal 0.92388 0.382683 0
    outer loop
      vertex 40.9061 5.93312 9.6
      vertex 40.765 6.27381 4.6
      vertex 40.765 6.27381 9.6
    endloop
  endfacet
  facet normal 0.92388 0.382683 0
    outer loop
      vertex 40.765 6.27381 4.6
      vertex 40.9061 5.93312 9.6
      vertex 40.9061 5.93312 4.6
    endloop
  endfacet
  facet normal -0.996918 0.0784545 0
    outer loop
      vertex 45.3211 6.63238 4.6
      vertex 45.35 7 9.6
      vertex 45.35 7 4.6
    endloop
  endfacet
  facet normal -0.996918 0.0784545 0
    outer loop
      vertex 45.35 7 9.6
      vertex 45.3211 6.63238 4.6
      vertex 45.3211 6.63238 9.6
    endloop
  endfacet
  facet normal -0.760403 0.649451 0
    outer loop
      vertex 44.6617 5.3383 4.6
      vertex 44.9012 5.6187 9.6
      vertex 44.9012 5.6187 4.6
    endloop
  endfacet
  facet normal -0.760403 0.649451 0
    outer loop
      vertex 44.9012 5.6187 9.6
      vertex 44.6617 5.3383 4.6
      vertex 44.6617 5.3383 9.6
    endloop
  endfacet
  facet normal 0.852644 0.522493 0
    outer loop
      vertex 41.0988 5.6187 9.6
      vertex 40.9061 5.93312 4.6
      vertex 40.9061 5.93312 9.6
    endloop
  endfacet
  facet normal 0.852644 0.522493 0
    outer loop
      vertex 40.9061 5.93312 4.6
      vertex 41.0988 5.6187 9.6
      vertex 41.0988 5.6187 4.6
    endloop
  endfacet
  facet normal -0.649448 -0.760406 0
    outer loop
      vertex 43.9992 8.37533 2.3
      vertex 44.2021 8.20208 4.6
      vertex 43.9992 8.37533 4.6
    endloop
  endfacet
  facet normal -0.649448 -0.760406 -0
    outer loop
      vertex 44.2021 8.20208 4.6
      vertex 43.9992 8.37533 2.3
      vertex 44.2021 8.20208 2.3
    endloop
  endfacet
  facet normal 0.382687 0.923878 -0
    outer loop
      vertex 42.4747 5.3832 2.3
      vertex 42.2282 5.48529 4.6
      vertex 42.4747 5.3832 4.6
    endloop
  endfacet
  facet normal 0.382687 0.923878 0
    outer loop
      vertex 42.2282 5.48529 4.6
      vertex 42.4747 5.3832 2.3
      vertex 42.2282 5.48529 2.3
    endloop
  endfacet
  facet normal 0.382687 -0.923878 0
    outer loop
      vertex 42.2282 8.51471 2.3
      vertex 42.4747 8.6168 4.6
      vertex 42.2282 8.51471 4.6
    endloop
  endfacet
  facet normal 0.382687 -0.923878 0
    outer loop
      vertex 42.4747 8.6168 4.6
      vertex 42.2282 8.51471 2.3
      vertex 42.4747 8.6168 2.3
    endloop
  endfacet
  facet normal 0.852641 -0.522498 0
    outer loop
      vertex 41.4853 7.77178 4.6
      vertex 41.6247 7.99923 2.3
      vertex 41.6247 7.99923 4.6
    endloop
  endfacet
  facet normal 0.852641 -0.522498 0
    outer loop
      vertex 41.6247 7.99923 2.3
      vertex 41.4853 7.77178 4.6
      vertex 41.4853 7.77178 2.3
    endloop
  endfacet
  facet normal -0.923879 -0.382684 0
    outer loop
      vertex 44.6168 7.52533 2.3
      vertex 44.5147 7.77178 4.6
      vertex 44.5147 7.77178 2.3
    endloop
  endfacet
  facet normal -0.923879 -0.382684 0
    outer loop
      vertex 44.5147 7.77178 4.6
      vertex 44.6168 7.52533 2.3
      vertex 44.6168 7.52533 4.6
    endloop
  endfacet
  facet normal -0.852641 -0.522498 0
    outer loop
      vertex 44.5147 7.77178 2.3
      vertex 44.3753 7.99923 4.6
      vertex 44.3753 7.99923 2.3
    endloop
  endfacet
  facet normal -0.852641 -0.522498 0
    outer loop
      vertex 44.3753 7.99923 4.6
      vertex 44.5147 7.77178 2.3
      vertex 44.5147 7.77178 4.6
    endloop
  endfacet
  facet normal -0.760404 -0.64945 0
    outer loop
      vertex 44.3753 7.99923 2.3
      vertex 44.2021 8.20208 4.6
      vertex 44.2021 8.20208 2.3
    endloop
  endfacet
  facet normal -0.760404 -0.64945 0
    outer loop
      vertex 44.2021 8.20208 4.6
      vertex 44.3753 7.99923 2.3
      vertex 44.3753 7.99923 4.6
    endloop
  endfacet
  facet normal -0.522499 -0.85264 0
    outer loop
      vertex 43.7718 8.51471 2.3
      vertex 43.9992 8.37533 4.6
      vertex 43.7718 8.51471 4.6
    endloop
  endfacet
  facet normal -0.522499 -0.85264 -0
    outer loop
      vertex 43.9992 8.37533 4.6
      vertex 43.7718 8.51471 2.3
      vertex 43.9992 8.37533 2.3
    endloop
  endfacet
  facet normal -0.382687 -0.923878 0
    outer loop
      vertex 43.5253 8.6168 2.3
      vertex 43.7718 8.51471 4.6
      vertex 43.5253 8.6168 4.6
    endloop
  endfacet
  facet normal -0.382687 -0.923878 -0
    outer loop
      vertex 43.7718 8.51471 4.6
      vertex 43.5253 8.6168 2.3
      vertex 43.7718 8.51471 2.3
    endloop
  endfacet
  facet normal -0.233444 -0.97237 0
    outer loop
      vertex 43.2659 8.67907 2.3
      vertex 43.5253 8.6168 4.6
      vertex 43.2659 8.67907 4.6
    endloop
  endfacet
  facet normal -0.233444 -0.97237 -0
    outer loop
      vertex 43.5253 8.6168 4.6
      vertex 43.2659 8.67907 2.3
      vertex 43.5253 8.6168 2.3
    endloop
  endfacet
  facet normal 0.972369 -0.233448 0
    outer loop
      vertex 41.3209 7.26594 4.6
      vertex 41.3832 7.52533 2.3
      vertex 41.3832 7.52533 4.6
    endloop
  endfacet
  facet normal 0.972369 -0.233448 0
    outer loop
      vertex 41.3832 7.52533 2.3
      vertex 41.3209 7.26594 4.6
      vertex 41.3209 7.26594 2.3
    endloop
  endfacet
  facet normal 0.760404 -0.64945 0
    outer loop
      vertex 41.6247 7.99923 4.6
      vertex 41.7979 8.20208 2.3
      vertex 41.7979 8.20208 4.6
    endloop
  endfacet
  facet normal 0.760404 -0.64945 0
    outer loop
      vertex 41.7979 8.20208 2.3
      vertex 41.6247 7.99923 4.6
      vertex 41.6247 7.99923 2.3
    endloop
  endfacet
  facet normal 0.522499 -0.85264 0
    outer loop
      vertex 42.0008 8.37533 2.3
      vertex 42.2282 8.51471 4.6
      vertex 42.0008 8.37533 4.6
    endloop
  endfacet
  facet normal 0.522499 -0.85264 0
    outer loop
      vertex 42.2282 8.51471 4.6
      vertex 42.0008 8.37533 2.3
      vertex 42.2282 8.51471 2.3
    endloop
  endfacet
  facet normal 0.233444 -0.97237 0
    outer loop
      vertex 42.4747 8.6168 2.3
      vertex 42.7341 8.67907 4.6
      vertex 42.4747 8.6168 4.6
    endloop
  endfacet
  facet normal 0.233444 -0.97237 0
    outer loop
      vertex 42.7341 8.67907 4.6
      vertex 42.4747 8.6168 2.3
      vertex 42.7341 8.67907 2.3
    endloop
  endfacet
  facet normal 0.649448 -0.760406 0
    outer loop
      vertex 41.7979 8.20208 2.3
      vertex 42.0008 8.37533 4.6
      vertex 41.7979 8.20208 4.6
    endloop
  endfacet
  facet normal 0.649448 -0.760406 0
    outer loop
      vertex 42.0008 8.37533 4.6
      vertex 41.7979 8.20208 2.3
      vertex 42.0008 8.37533 2.3
    endloop
  endfacet
  facet normal -0.996917 -0.0784646 0
    outer loop
      vertex 44.7 7 2.3
      vertex 44.6791 7.26594 4.6
      vertex 44.6791 7.26594 2.3
    endloop
  endfacet
  facet normal -0.996917 -0.0784646 0
    outer loop
      vertex 44.6791 7.26594 4.6
      vertex 44.7 7 2.3
      vertex 44.7 7 4.6
    endloop
  endfacet
  facet normal -0.382687 0.923878 0
    outer loop
      vertex 43.7718 5.48529 2.3
      vertex 43.5253 5.3832 4.6
      vertex 43.7718 5.48529 4.6
    endloop
  endfacet
  facet normal -0.382687 0.923878 0
    outer loop
      vertex 43.5253 5.3832 4.6
      vertex 43.7718 5.48529 2.3
      vertex 43.5253 5.3832 2.3
    endloop
  endfacet
  facet normal -0.852641 0.522498 0
    outer loop
      vertex 44.3753 6.00077 2.3
      vertex 44.5147 6.22822 4.6
      vertex 44.5147 6.22822 2.3
    endloop
  endfacet
  facet normal -0.852641 0.522498 0
    outer loop
      vertex 44.5147 6.22822 4.6
      vertex 44.3753 6.00077 2.3
      vertex 44.3753 6.00077 4.6
    endloop
  endfacet
  facet normal 0.233444 0.97237 -0
    outer loop
      vertex 42.7341 5.32093 2.3
      vertex 42.4747 5.3832 4.6
      vertex 42.7341 5.32093 4.6
    endloop
  endfacet
  facet normal 0.233444 0.97237 0
    outer loop
      vertex 42.4747 5.3832 4.6
      vertex 42.7341 5.32093 2.3
      vertex 42.4747 5.3832 2.3
    endloop
  endfacet
  facet normal 0.649448 0.760406 -0
    outer loop
      vertex 42.0008 5.62467 2.3
      vertex 41.7979 5.79792 4.6
      vertex 42.0008 5.62467 4.6
    endloop
  endfacet
  facet normal 0.649448 0.760406 0
    outer loop
      vertex 41.7979 5.79792 4.6
      vertex 42.0008 5.62467 2.3
      vertex 41.7979 5.79792 2.3
    endloop
  endfacet
  facet normal 0.852641 0.522498 0
    outer loop
      vertex 41.6247 6.00077 4.6
      vertex 41.4853 6.22822 2.3
      vertex 41.4853 6.22822 4.6
    endloop
  endfacet
  facet normal 0.852641 0.522498 0
    outer loop
      vertex 41.4853 6.22822 2.3
      vertex 41.6247 6.00077 4.6
      vertex 41.6247 6.00077 2.3
    endloop
  endfacet
  facet normal 0 0 1
    outer loop
      vertex 44.6791 7.26594 2.3
      vertex 44.6791 6.73406 2.3
      vertex 44.7 7 2.3
    endloop
  endfacet
  facet normal 0 0 1
    outer loop
      vertex 44.6168 7.52533 2.3
      vertex 44.6791 6.73406 2.3
      vertex 44.6791 7.26594 2.3
    endloop
  endfacet
  facet normal 0 0 1
    outer loop
      vertex 44.6168 7.52533 2.3
      vertex 44.6168 6.47467 2.3
      vertex 44.6791 6.73406 2.3
    endloop
  endfacet
  facet normal 0 0 1
    outer loop
      vertex 44.5147 7.77178 2.3
      vertex 44.6168 6.47467 2.3
      vertex 44.6168 7.52533 2.3
    endloop
  endfacet
  facet normal 0 0 1
    outer loop
      vertex 44.5147 7.77178 2.3
      vertex 44.5147 6.22822 2.3
      vertex 44.6168 6.47467 2.3
    endloop
  endfacet
  facet normal 0 0 1
    outer loop
      vertex 44.3753 7.99923 2.3
      vertex 44.5147 6.22822 2.3
      vertex 44.5147 7.77178 2.3
    endloop
  endfacet
  facet normal 0 0 1
    outer loop
      vertex 44.3753 7.99923 2.3
      vertex 44.3753 6.00077 2.3
      vertex 44.5147 6.22822 2.3
    endloop
  endfacet
  facet normal 0 0 1
    outer loop
      vertex 44.2021 8.20208 2.3
      vertex 44.3753 6.00077 2.3
      vertex 44.3753 7.99923 2.3
    endloop
  endfacet
  facet normal 0 0 1
    outer loop
      vertex 44.2021 8.20208 2.3
      vertex 44.2021 5.79792 2.3
      vertex 44.3753 6.00077 2.3
    endloop
  endfacet
  facet normal 0 0 1
    outer loop
      vertex 43.9992 8.37533 2.3
      vertex 44.2021 5.79792 2.3
      vertex 44.2021 8.20208 2.3
    endloop
  endfacet
  facet normal 0 0 1
    outer loop
      vertex 43.9992 8.37533 2.3
      vertex 43.9992 5.62467 2.3
      vertex 44.2021 5.79792 2.3
    endloop
  endfacet
  facet normal 0 0 1
    outer loop
      vertex 43.7718 8.51471 2.3
      vertex 43.9992 5.62467 2.3
      vertex 43.9992 8.37533 2.3
    endloop
  endfacet
  facet normal 0 0 1
    outer loop
      vertex 43.7718 8.51471 2.3
      vertex 43.7718 5.48529 2.3
      vertex 43.9992 5.62467 2.3
    endloop
  endfacet
  facet normal 0 0 1
    outer loop
      vertex 43.5253 8.6168 2.3
      vertex 43.7718 5.48529 2.3
      vertex 43.7718 8.51471 2.3
    endloop
  endfacet
  facet normal 0 0 1
    outer loop
      vertex 43.5253 8.6168 2.3
      vertex 43.5253 5.3832 2.3
      vertex 43.7718 5.48529 2.3
    endloop
  endfacet
  facet normal 0 0 1
    outer loop
      vertex 43.2659 8.67907 2.3
      vertex 43.5253 5.3832 2.3
      vertex 43.5253 8.6168 2.3
    endloop
  endfacet
  facet normal 0 0 1
    outer loop
      vertex 43.2659 8.67907 2.3
      vertex 43.2659 5.32093 2.3
      vertex 43.5253 5.3832 2.3
    endloop
  endfacet
  facet normal 0 0 1
    outer loop
      vertex 43 8.7 2.3
      vertex 43.2659 5.32093 2.3
      vertex 43.2659 8.67907 2.3
    endloop
  endfacet
  facet normal 0 0 1
    outer loop
      vertex 43 8.7 2.3
      vertex 43 5.3 2.3
      vertex 43.2659 5.32093 2.3
    endloop
  endfacet
  facet normal -0 0 1
    outer loop
      vertex 42.7341 8.67907 2.3
      vertex 43 5.3 2.3
      vertex 43 8.7 2.3
    endloop
  endfacet
  facet normal 0 0 1
    outer loop
      vertex 42.7341 8.67907 2.3
      vertex 42.7341 5.32093 2.3
      vertex 43 5.3 2.3
    endloop
  endfacet
  facet normal -0 0 1
    outer loop
      vertex 42.4747 8.6168 2.3
      vertex 42.7341 5.32093 2.3
      vertex 42.7341 8.67907 2.3
    endloop
  endfacet
  facet normal 0 0 1
    outer loop
      vertex 42.4747 8.6168 2.3
      vertex 42.4747 5.3832 2.3
      vertex 42.7341 5.32093 2.3
    endloop
  endfacet
  facet normal -0 0 1
    outer loop
      vertex 42.2282 8.51471 2.3
      vertex 42.4747 5.3832 2.3
      vertex 42.4747 8.6168 2.3
    endloop
  endfacet
  facet normal 0 0 1
    outer loop
      vertex 42.2282 8.51471 2.3
      vertex 42.2282 5.48529 2.3
      vertex 42.4747 5.3832 2.3
    endloop
  endfacet
  facet normal -0 0 1
    outer loop
      vertex 42.0008 8.37533 2.3
      vertex 42.2282 5.48529 2.3
      vertex 42.2282 8.51471 2.3
    endloop
  endfacet
  facet normal 0 0 1
    outer loop
      vertex 42.0008 8.37533 2.3
      vertex 42.0008 5.62467 2.3
      vertex 42.2282 5.48529 2.3
    endloop
  endfacet
  facet normal -0 0 1
    outer loop
      vertex 41.7979 8.20208 2.3
      vertex 42.0008 5.62467 2.3
      vertex 42.0008 8.37533 2.3
    endloop
  endfacet
  facet normal 0 0 1
    outer loop
      vertex 41.7979 8.20208 2.3
      vertex 41.7979 5.79792 2.3
      vertex 42.0008 5.62467 2.3
    endloop
  endfacet
  facet normal -0 0 1
    outer loop
      vertex 41.6247 7.99923 2.3
      vertex 41.7979 5.79792 2.3
      vertex 41.7979 8.20208 2.3
    endloop
  endfacet
  facet normal 0 0 1
    outer loop
      vertex 41.6247 7.99923 2.3
      vertex 41.6247 6.00077 2.3
      vertex 41.7979 5.79792 2.3
    endloop
  endfacet
  facet normal -0 0 1
    outer loop
      vertex 41.4853 7.77178 2.3
      vertex 41.6247 6.00077 2.3
      vertex 41.6247 7.99923 2.3
    endloop
  endfacet
  facet normal 0 0 1
    outer loop
      vertex 41.4853 7.77178 2.3
      vertex 41.4853 6.22822 2.3
      vertex 41.6247 6.00077 2.3
    endloop
  endfacet
  facet normal -0 0 1
    outer loop
      vertex 41.3832 7.52533 2.3
      vertex 41.4853 6.22822 2.3
      vertex 41.4853 7.77178 2.3
    endloop
  endfacet
  facet normal 0 0 1
    outer loop
      vertex 41.3832 7.52533 2.3
      vertex 41.3832 6.47467 2.3
      vertex 41.4853 6.22822 2.3
    endloop
  endfacet
  facet normal -0 0 1
    outer loop
      vertex 41.3209 7.26594 2.3
      vertex 41.3832 6.47467 2.3
      vertex 41.3832 7.52533 2.3
    endloop
  endfacet
  facet normal 0 0 1
    outer loop
      vertex 41.3209 7.26594 2.3
      vertex 41.3209 6.73406 2.3
      vertex 41.3832 6.47467 2.3
    endloop
  endfacet
  facet normal 0 -0 1
    outer loop
      vertex 41.3209 6.73406 2.3
      vertex 41.3209 7.26594 2.3
      vertex 41.3 7 2.3
    endloop
  endfacet
  facet normal 0.760404 0.64945 0
    outer loop
      vertex 41.7979 5.79792 4.6
      vertex 41.6247 6.00077 2.3
      vertex 41.6247 6.00077 4.6
    endloop
  endfacet
  facet normal 0.760404 0.64945 0
    outer loop
      vertex 41.6247 6.00077 2.3
      vertex 41.7979 5.79792 4.6
      vertex 41.7979 5.79792 2.3
    endloop
  endfacet
  facet normal -0.972369 -0.233448 0
    outer loop
      vertex 44.6791 7.26594 2.3
      vertex 44.6168 7.52533 4.6
      vertex 44.6168 7.52533 2.3
    endloop
  endfacet
  facet normal -0.972369 -0.233448 0
    outer loop
      vertex 44.6168 7.52533 4.6
      vertex 44.6791 7.26594 2.3
      vertex 44.6791 7.26594 4.6
    endloop
  endfacet
  facet normal -0.0784611 -0.996917 0
    outer loop
      vertex 43 8.7 2.3
      vertex 43.2659 8.67907 4.6
      vertex 43 8.7 4.6
    endloop
  endfacet
  facet normal -0.0784611 -0.996917 -0
    outer loop
      vertex 43.2659 8.67907 4.6
      vertex 43 8.7 2.3
      vertex 43.2659 8.67907 2.3
    endloop
  endfacet
  facet normal 0.996917 -0.0784646 0
    outer loop
      vertex 41.3 7 4.6
      vertex 41.3209 7.26594 2.3
      vertex 41.3209 7.26594 4.6
    endloop
  endfacet
  facet normal 0.996917 -0.0784646 0
    outer loop
      vertex 41.3209 7.26594 2.3
      vertex 41.3 7 4.6
      vertex 41.3 7 2.3
    endloop
  endfacet
  facet normal 0.923879 -0.382684 0
    outer loop
      vertex 41.3832 7.52533 4.6
      vertex 41.4853 7.77178 2.3
      vertex 41.4853 7.77178 4.6
    endloop
  endfacet
  facet normal 0.923879 -0.382684 0
    outer loop
      vertex 41.4853 7.77178 2.3
      vertex 41.3832 7.52533 4.6
      vertex 41.3832 7.52533 2.3
    endloop
  endfacet
  facet normal 0.0784611 -0.996917 0
    outer loop
      vertex 42.7341 8.67907 2.3
      vertex 43 8.7 4.6
      vertex 42.7341 8.67907 4.6
    endloop
  endfacet
  facet normal 0.0784611 -0.996917 0
    outer loop
      vertex 43 8.7 4.6
      vertex 42.7341 8.67907 2.3
      vertex 43 8.7 2.3
    endloop
  endfacet
  facet normal -0.972369 0.233448 0
    outer loop
      vertex 44.6168 6.47467 2.3
      vertex 44.6791 6.73406 4.6
      vertex 44.6791 6.73406 2.3
    endloop
  endfacet
  facet normal -0.972369 0.233448 0
    outer loop
      vertex 44.6791 6.73406 4.6
      vertex 44.6168 6.47467 2.3
      vertex 44.6168 6.47467 4.6
    endloop
  endfacet
  facet normal -0.0784611 0.996917 0
    outer loop
      vertex 43.2659 5.32093 2.3
      vertex 43 5.3 4.6
      vertex 43.2659 5.32093 4.6
    endloop
  endfacet
  facet normal -0.0784611 0.996917 0
    outer loop
      vertex 43 5.3 4.6
      vertex 43.2659 5.32093 2.3
      vertex 43 5.3 2.3
    endloop
  endfacet
  facet normal -0.233444 0.97237 0
    outer loop
      vertex 43.5253 5.3832 2.3
      vertex 43.2659 5.32093 4.6
      vertex 43.5253 5.3832 4.6
    endloop
  endfacet
  facet normal -0.233444 0.97237 0
    outer loop
      vertex 43.2659 5.32093 4.6
      vertex 43.5253 5.3832 2.3
      vertex 43.2659 5.32093 2.3
    endloop
  endfacet
  facet normal -0.760404 0.64945 0
    outer loop
      vertex 44.2021 5.79792 2.3
      vertex 44.3753 6.00077 4.6
      vertex 44.3753 6.00077 2.3
    endloop
  endfacet
  facet normal -0.760404 0.64945 0
    outer loop
      vertex 44.3753 6.00077 4.6
      vertex 44.2021 5.79792 2.3
      vertex 44.2021 5.79792 4.6
    endloop
  endfacet
  facet normal -0.522499 0.85264 0
    outer loop
      vertex 43.9992 5.62467 2.3
      vertex 43.7718 5.48529 4.6
      vertex 43.9992 5.62467 4.6
    endloop
  endfacet
  facet normal -0.522499 0.85264 0
    outer loop
      vertex 43.7718 5.48529 4.6
      vertex 43.9992 5.62467 2.3
      vertex 43.7718 5.48529 2.3
    endloop
  endfacet
  facet normal -0.923879 0.382684 0
    outer loop
      vertex 44.5147 6.22822 2.3
      vertex 44.6168 6.47467 4.6
      vertex 44.6168 6.47467 2.3
    endloop
  endfacet
  facet normal -0.923879 0.382684 0
    outer loop
      vertex 44.6168 6.47467 4.6
      vertex 44.5147 6.22822 2.3
      vertex 44.5147 6.22822 4.6
    endloop
  endfacet
  facet normal 0.0784611 0.996917 -0
    outer loop
      vertex 43 5.3 2.3
      vertex 42.7341 5.32093 4.6
      vertex 43 5.3 4.6
    endloop
  endfacet
  facet normal 0.0784611 0.996917 0
    outer loop
      vertex 42.7341 5.32093 4.6
      vertex 43 5.3 2.3
      vertex 42.7341 5.32093 2.3
    endloop
  endfacet
  facet normal 0.522499 0.85264 -0
    outer loop
      vertex 42.2282 5.48529 2.3
      vertex 42.0008 5.62467 4.6
      vertex 42.2282 5.48529 4.6
    endloop
  endfacet
  facet normal 0.522499 0.85264 0
    outer loop
      vertex 42.0008 5.62467 4.6
      vertex 42.2282 5.48529 2.3
      vertex 42.0008 5.62467 2.3
    endloop
  endfacet
  facet normal 0.923879 0.382684 0
    outer loop
      vertex 41.4853 6.22822 4.6
      vertex 41.3832 6.47467 2.3
      vertex 41.3832 6.47467 4.6
    endloop
  endfacet
  facet normal 0.923879 0.382684 0
    outer loop
      vertex 41.3832 6.47467 2.3
      vertex 41.4853 6.22822 4.6
      vertex 41.4853 6.22822 2.3
    endloop
  endfacet
  facet normal 0.996917 0.0784646 0
    outer loop
      vertex 41.3209 6.73406 4.6
      vertex 41.3 7 2.3
      vertex 41.3 7 4.6
    endloop
  endfacet
  facet normal 0.996917 0.0784646 0
    outer loop
      vertex 41.3 7 2.3
      vertex 41.3209 6.73406 4.6
      vertex 41.3209 6.73406 2.3
    endloop
  endfacet
  facet normal -0.996917 0.0784646 0
    outer loop
      vertex 44.6791 6.73406 2.3
      vertex 44.7 7 4.6
      vertex 44.7 7 2.3
    endloop
  endfacet
  facet normal -0.996917 0.0784646 0
    outer loop
      vertex 44.7 7 4.6
      vertex 44.6791 6.73406 2.3
      vertex 44.6791 6.73406 4.6
    endloop
  endfacet
  facet normal -0.649448 0.760406 0
    outer loop
      vertex 44.2021 5.79792 2.3
      vertex 43.9992 5.62467 4.6
      vertex 44.2021 5.79792 4.6
    endloop
  endfacet
  facet normal -0.649448 0.760406 0
    outer loop
      vertex 43.9992 5.62467 4.6
      vertex 44.2021 5.79792 2.3
      vertex 43.9992 5.62467 2.3
    endloop
  endfacet
  facet normal 0.972369 0.233448 0
    outer loop
      vertex 41.3832 6.47467 4.6
      vertex 41.3209 6.73406 2.3
      vertex 41.3209 6.73406 4.6
    endloop
  endfacet
  facet normal 0.972369 0.233448 0
    outer loop
      vertex 41.3209 6.73406 2.3
      vertex 41.3832 6.47467 4.6
      vertex 41.3832 6.47467 2.3
    endloop
  endfacet
  facet normal 0.996917 0.0784584 0
    outer loop
      vertex 60 7 9.6
      vertex 59.9384 7.78217 1.6
      vertex 59.9384 7.78217 9.6
    endloop
  endfacet
  facet normal 0.996917 0.0784584 0
    outer loop
      vertex 59.9384 7.78217 1.6
      vertex 60 7 9.6
      vertex 60 7 1.6
    endloop
  endfacet
  facet normal -0.996917 0.0784584 0
    outer loop
      vertex 50 7 1.6
      vertex 50.0616 7.78217 9.6
      vertex 50.0616 7.78217 1.6
    endloop
  endfacet
  facet normal -0.996917 0.0784584 0
    outer loop
      vertex 50.0616 7.78217 9.6
      vertex 50 7 1.6
      vertex 50 7 9.6
    endloop
  endfacet
  facet normal 0.0784596 0.996917 -0
    outer loop
      vertex 55.7822 11.9384 1.6
      vertex 55 12 9.6
      vertex 55.7822 11.9384 9.6
    endloop
  endfacet
  facet normal 0.0784596 0.996917 0
    outer loop
      vertex 55 12 9.6
      vertex 55.7822 11.9384 1.6
      vertex 55 12 1.6
    endloop
  endfacet
  facet normal -0.0784596 -0.996917 0
    outer loop
      vertex 54.2178 2.06156 1.6
      vertex 55 2 9.6
      vertex 54.2178 2.06156 9.6
    endloop
  endfacet
  facet normal -0.0784596 -0.996917 -0
    outer loop
      vertex 55 2 9.6
      vertex 54.2178 2.06156 1.6
      vertex 55 2 1.6
    endloop
  endfacet
  facet normal -0.760406 -0.649448 0
    outer loop
      vertex 51.4645 3.46447 1.6
      vertex 50.9549 4.06107 9.6
      vertex 50.9549 4.06107 1.6
    endloop
  endfacet
  facet normal -0.760406 -0.649448 0
    outer loop
      vertex 50.9549 4.06107 9.6
      vertex 51.4645 3.46447 1.6
      vertex 51.4645 3.46447 9.6
    endloop
  endfacet
  facet normal 0.760406 0.649448 0
    outer loop
      vertex 59.0451 9.93893 9.6
      vertex 58.5355 10.5355 1.6
      vertex 58.5355 10.5355 9.6
    endloop
  endfacet
  facet normal 0.760406 0.649448 0
    outer loop
      vertex 58.5355 10.5355 1.6
      vertex 59.0451 9.93893 9.6
      vertex 59.0451 9.93893 1.6
    endloop
  endfacet
  facet normal -0.649448 0.760406 0
    outer loop
      vertex 52.0611 11.0451 1.6
      vertex 51.4645 10.5355 9.6
      vertex 52.0611 11.0451 9.6
    endloop
  endfacet
  facet normal -0.649448 0.760406 0
    outer loop
      vertex 51.4645 10.5355 9.6
      vertex 52.0611 11.0451 1.6
      vertex 51.4645 10.5355 1.6
    endloop
  endfacet
  facet normal -0.233445 0.97237 0
    outer loop
      vertex 54.2178 11.9384 1.6
      vertex 53.4549 11.7553 9.6
      vertex 54.2178 11.9384 9.6
    endloop
  endfacet
  facet normal -0.233445 0.97237 0
    outer loop
      vertex 53.4549 11.7553 9.6
      vertex 54.2178 11.9384 1.6
      vertex 53.4549 11.7553 1.6
    endloop
  endfacet
  facet normal 0.760406 -0.649448 0
    outer loop
      vertex 58.5355 3.46447 9.6
      vertex 59.0451 4.06107 1.6
      vertex 59.0451 4.06107 9.6
    endloop
  endfacet
  facet normal 0.760406 -0.649448 0
    outer loop
      vertex 59.0451 4.06107 1.6
      vertex 58.5355 3.46447 9.6
      vertex 58.5355 3.46447 1.6
    endloop
  endfacet
  facet normal 0.923879 0.382685 0
    outer loop
      vertex 59.7553 8.54508 9.6
      vertex 59.455 9.26995 1.6
      vertex 59.455 9.26995 9.6
    endloop
  endfacet
  facet normal 0.923879 0.382685 0
    outer loop
      vertex 59.455 9.26995 1.6
      vertex 59.7553 8.54508 9.6
      vertex 59.7553 8.54508 1.6
    endloop
  endfacet
  facet normal 0.97237 0.233445 0
    outer loop
      vertex 59.9384 7.78217 9.6
      vertex 59.7553 8.54508 1.6
      vertex 59.7553 8.54508 9.6
    endloop
  endfacet
  facet normal 0.97237 0.233445 0
    outer loop
      vertex 59.7553 8.54508 1.6
      vertex 59.9384 7.78217 9.6
      vertex 59.9384 7.78217 1.6
    endloop
  endfacet
  facet normal 0.852641 0.522497 0
    outer loop
      vertex 59.455 9.26995 9.6
      vertex 59.0451 9.93893 1.6
      vertex 59.0451 9.93893 9.6
    endloop
  endfacet
  facet normal 0.852641 0.522497 0
    outer loop
      vertex 59.0451 9.93893 1.6
      vertex 59.455 9.26995 9.6
      vertex 59.455 9.26995 1.6
    endloop
  endfacet
  facet normal 0.382685 0.923879 -0
    outer loop
      vertex 57.27 11.455 1.6
      vertex 56.5451 11.7553 9.6
      vertex 57.27 11.455 9.6
    endloop
  endfacet
  facet normal 0.382685 0.923879 0
    outer loop
      vertex 56.5451 11.7553 9.6
      vertex 57.27 11.455 1.6
      vertex 56.5451 11.7553 1.6
    endloop
  endfacet
  facet normal 0.233445 0.97237 -0
    outer loop
      vertex 56.5451 11.7553 1.6
      vertex 55.7822 11.9384 9.6
      vertex 56.5451 11.7553 9.6
    endloop
  endfacet
  facet normal 0.233445 0.97237 0
    outer loop
      vertex 55.7822 11.9384 9.6
      vertex 56.5451 11.7553 1.6
      vertex 55.7822 11.9384 1.6
    endloop
  endfacet
  facet normal 0.649448 0.760406 -0
    outer loop
      vertex 58.5355 10.5355 1.6
      vertex 57.9389 11.0451 9.6
      vertex 58.5355 10.5355 9.6
    endloop
  endfacet
  facet normal 0.649448 0.760406 0
    outer loop
      vertex 57.9389 11.0451 9.6
      vertex 58.5355 10.5355 1.6
      vertex 57.9389 11.0451 1.6
    endloop
  endfacet
  facet normal -0.923879 0.382685 0
    outer loop
      vertex 50.2447 8.54508 1.6
      vertex 50.545 9.26995 9.6
      vertex 50.545 9.26995 1.6
    endloop
  endfacet
  facet normal -0.923879 0.382685 0
    outer loop
      vertex 50.545 9.26995 9.6
      vertex 50.2447 8.54508 1.6
      vertex 50.2447 8.54508 9.6
    endloop
  endfacet
  facet normal -0.760406 0.649448 0
    outer loop
      vertex 50.9549 9.93893 1.6
      vertex 51.4645 10.5355 9.6
      vertex 51.4645 10.5355 1.6
    endloop
  endfacet
  facet normal -0.760406 0.649448 0
    outer loop
      vertex 51.4645 10.5355 9.6
      vertex 50.9549 9.93893 1.6
      vertex 50.9549 9.93893 9.6
    endloop
  endfacet
  facet normal -0.97237 0.233445 0
    outer loop
      vertex 50.0616 7.78217 1.6
      vertex 50.2447 8.54508 9.6
      vertex 50.2447 8.54508 1.6
    endloop
  endfacet
  facet normal -0.97237 0.233445 0
    outer loop
      vertex 50.2447 8.54508 9.6
      vertex 50.0616 7.78217 1.6
      vertex 50.0616 7.78217 9.6
    endloop
  endfacet
  facet normal 0 0 1
    outer loop
      vertex 57.4 7 9.6
      vertex 60 7 9.6
      vertex 59.9384 7.78217 9.6
    endloop
  endfacet
  facet normal 0 0 1
    outer loop
      vertex 57.3705 7.37544 9.6
      vertex 59.9384 7.78217 9.6
      vertex 59.7553 8.54508 9.6
    endloop
  endfacet
  facet normal 0 0 1
    outer loop
      vertex 60 7 9.6
      vertex 57.4 7 9.6
      vertex 59.9384 6.21783 9.6
    endloop
  endfacet
  facet normal 0 0 1
    outer loop
      vertex 57.2825 7.74164 9.6
      vertex 59.7553 8.54508 9.6
      vertex 59.455 9.26995 9.6
    endloop
  endfacet
  facet normal -0 0 1
    outer loop
      vertex 57.3705 6.62456 9.6
      vertex 59.9384 6.21783 9.6
      vertex 57.4 7 9.6
    endloop
  endfacet
  facet normal 0 0 1
    outer loop
      vertex 57.1384 8.08958 9.6
      vertex 59.455 9.26995 9.6
      vertex 59.0451 9.93893 9.6
    endloop
  endfacet
  facet normal 0 0 1
    outer loop
      vertex 59.9384 6.21783 9.6
      vertex 57.3705 6.62456 9.6
      vertex 59.7553 5.45492 9.6
    endloop
  endfacet
  facet normal 0 0 1
    outer loop
      vertex 56.9416 8.41068 9.6
      vertex 59.0451 9.93893 9.6
      vertex 58.5355 10.5355 9.6
    endloop
  endfacet
  facet normal -0 0 1
    outer loop
      vertex 57.2825 6.25836 9.6
      vertex 59.7553 5.45492 9.6
      vertex 57.3705 6.62456 9.6
    endloop
  endfacet
  facet normal 0 0 1
    outer loop
      vertex 56.6971 8.69706 9.6
      vertex 58.5355 10.5355 9.6
      vertex 57.9389 11.0451 9.6
    endloop
  endfacet
  facet normal 0 0 1
    outer loop
      vertex 59.7553 5.45492 9.6
      vertex 57.2825 6.25836 9.6
      vertex 59.455 4.73005 9.6
    endloop
  endfacet
  facet normal -0 0 1
    outer loop
      vertex 57.1384 5.91042 9.6
      vertex 59.455 4.73005 9.6
      vertex 57.2825 6.25836 9.6
    endloop
  endfacet
  facet normal 0 0 1
    outer loop
      vertex 59.9384 7.78217 9.6
      vertex 57.3705 7.37544 9.6
      vertex 57.4 7 9.6
    endloop
  endfacet
  facet normal 0 0 1
    outer loop
      vertex 59.7553 8.54508 9.6
      vertex 57.2825 7.74164 9.6
      vertex 57.3705 7.37544 9.6
    endloop
  endfacet
  facet normal 0 0 1
    outer loop
      vertex 56.4107 8.94164 9.6
      vertex 57.9389 11.0451 9.6
      vertex 57.27 11.455 9.6
    endloop
  endfacet
  facet normal 0 0 1
    outer loop
      vertex 59.455 9.26995 9.6
      vertex 57.1384 8.08958 9.6
      vertex 57.2825 7.74164 9.6
    endloop
  endfacet
  facet normal 0 0 1
    outer loop
      vertex 59.0451 9.93893 9.6
      vertex 56.9416 8.41068 9.6
      vertex 57.1384 8.08958 9.6
    endloop
  endfacet
  facet normal 0 0 1
    outer loop
      vertex 58.5355 10.5355 9.6
      vertex 56.6971 8.69706 9.6
      vertex 56.9416 8.41068 9.6
    endloop
  endfacet
  facet normal 0 0 1
    outer loop
      vertex 56.0896 9.13842 9.6
      vertex 57.27 11.455 9.6
      vertex 56.5451 11.7553 9.6
    endloop
  endfacet
  facet normal 0 0 1
    outer loop
      vertex 57.9389 11.0451 9.6
      vertex 56.4107 8.94164 9.6
      vertex 56.6971 8.69706 9.6
    endloop
  endfacet
  facet normal 0 0 1
    outer loop
      vertex 57.27 11.455 9.6
      vertex 56.0896 9.13842 9.6
      vertex 56.4107 8.94164 9.6
    endloop
  endfacet
  facet normal 0 0 1
    outer loop
      vertex 55.7416 9.28254 9.6
      vertex 56.5451 11.7553 9.6
      vertex 55.7822 11.9384 9.6
    endloop
  endfacet
  facet normal 0 0 1
    outer loop
      vertex 56.5451 11.7553 9.6
      vertex 55.7416 9.28254 9.6
      vertex 56.0896 9.13842 9.6
    endloop
  endfacet
  facet normal 0 0 1
    outer loop
      vertex 55.7822 11.9384 9.6
      vertex 55.3754 9.37045 9.6
      vertex 55.7416 9.28254 9.6
    endloop
  endfacet
  facet normal 0 0 1
    outer loop
      vertex 55 12 9.6
      vertex 55.3754 9.37045 9.6
      vertex 55.7822 11.9384 9.6
    endloop
  endfacet
  facet normal 0 0 1
    outer loop
      vertex 55 12 9.6
      vertex 55 9.4 9.6
      vertex 55.3754 9.37045 9.6
    endloop
  endfacet
  facet normal 0 0 1
    outer loop
      vertex 55 12 9.6
      vertex 54.6246 9.37045 9.6
      vertex 55 9.4 9.6
    endloop
  endfacet
  facet normal -0 0 1
    outer loop
      vertex 54.2178 11.9384 9.6
      vertex 54.6246 9.37045 9.6
      vertex 55 12 9.6
    endloop
  endfacet
  facet normal 0 0 1
    outer loop
      vertex 54.6246 9.37045 9.6
      vertex 54.2178 11.9384 9.6
      vertex 54.2584 9.28254 9.6
    endloop
  endfacet
  facet normal -0 0 1
    outer loop
      vertex 53.4549 11.7553 9.6
      vertex 54.2584 9.28254 9.6
      vertex 54.2178 11.9384 9.6
    endloop
  endfacet
  facet normal 0 0 1
    outer loop
      vertex 54.2584 9.28254 9.6
      vertex 53.4549 11.7553 9.6
      vertex 53.9104 9.13842 9.6
    endloop
  endfacet
  facet normal -0 0 1
    outer loop
      vertex 52.73 11.455 9.6
      vertex 53.9104 9.13842 9.6
      vertex 53.4549 11.7553 9.6
    endloop
  endfacet
  facet normal 0 0 1
    outer loop
      vertex 53.9104 9.13842 9.6
      vertex 52.73 11.455 9.6
      vertex 53.5893 8.94164 9.6
    endloop
  endfacet
  facet normal -0 0 1
    outer loop
      vertex 52.0611 11.0451 9.6
      vertex 53.5893 8.94164 9.6
      vertex 52.73 11.455 9.6
    endloop
  endfacet
  facet normal 0 0 1
    outer loop
      vertex 53.5893 8.94164 9.6
      vertex 52.0611 11.0451 9.6
      vertex 53.3029 8.69706 9.6
    endloop
  endfacet
  facet normal -0 0 1
    outer loop
      vertex 51.4645 10.5355 9.6
      vertex 53.3029 8.69706 9.6
      vertex 52.0611 11.0451 9.6
    endloop
  endfacet
  facet normal 0 0 1
    outer loop
      vertex 53.3029 8.69706 9.6
      vertex 51.4645 10.5355 9.6
      vertex 53.0584 8.41068 9.6
    endloop
  endfacet
  facet normal -0 0 1
    outer loop
      vertex 50.9549 9.93893 9.6
      vertex 53.0584 8.41068 9.6
      vertex 51.4645 10.5355 9.6
    endloop
  endfacet
  facet normal 0 0 1
    outer loop
      vertex 53.0584 8.41068 9.6
      vertex 50.9549 9.93893 9.6
      vertex 52.8616 8.08958 9.6
    endloop
  endfacet
  facet normal -0 0 1
    outer loop
      vertex 50.545 9.26995 9.6
      vertex 52.8616 8.08958 9.6
      vertex 50.9549 9.93893 9.6
    endloop
  endfacet
  facet normal 0 0 1
    outer loop
      vertex 59.455 4.73005 9.6
      vertex 57.1384 5.91042 9.6
      vertex 59.0451 4.06107 9.6
    endloop
  endfacet
  facet normal -0 0 1
    outer loop
      vertex 56.9416 5.58932 9.6
      vertex 59.0451 4.06107 9.6
      vertex 57.1384 5.91042 9.6
    endloop
  endfacet
  facet normal 0 0 1
    outer loop
      vertex 59.0451 4.06107 9.6
      vertex 56.9416 5.58932 9.6
      vertex 58.5355 3.46447 9.6
    endloop
  endfacet
  facet normal -0 0 1
    outer loop
      vertex 56.6971 5.30294 9.6
      vertex 58.5355 3.46447 9.6
      vertex 56.9416 5.58932 9.6
    endloop
  endfacet
  facet normal 0 0 1
    outer loop
      vertex 58.5355 3.46447 9.6
      vertex 56.6971 5.30294 9.6
      vertex 57.9389 2.95492 9.6
    endloop
  endfacet
  facet normal -0 0 1
    outer loop
      vertex 56.4107 5.05836 9.6
      vertex 57.9389 2.95492 9.6
      vertex 56.6971 5.30294 9.6
    endloop
  endfacet
  facet normal 0 0 1
    outer loop
      vertex 57.9389 2.95492 9.6
      vertex 56.4107 5.05836 9.6
      vertex 57.27 2.54497 9.6
    endloop
  endfacet
  facet normal -0 0 1
    outer loop
      vertex 56.0896 4.86158 9.6
      vertex 57.27 2.54497 9.6
      vertex 56.4107 5.05836 9.6
    endloop
  endfacet
  facet normal 0 0 1
    outer loop
      vertex 57.27 2.54497 9.6
      vertex 56.0896 4.86158 9.6
      vertex 56.5451 2.24472 9.6
    endloop
  endfacet
  facet normal -0 0 1
    outer loop
      vertex 55.7416 4.71746 9.6
      vertex 56.5451 2.24472 9.6
      vertex 56.0896 4.86158 9.6
    endloop
  endfacet
  facet normal 0 0 1
    outer loop
      vertex 56.5451 2.24472 9.6
      vertex 55.7416 4.71746 9.6
      vertex 55.7822 2.06156 9.6
    endloop
  endfacet
  facet normal -0 0 1
    outer loop
      vertex 55.3754 4.62955 9.6
      vertex 55.7822 2.06156 9.6
      vertex 55.7416 4.71746 9.6
    endloop
  endfacet
  facet normal -0 0 1
    outer loop
      vertex 55 4.6 9.6
      vertex 55.7822 2.06156 9.6
      vertex 55.3754 4.62955 9.6
    endloop
  endfacet
  facet normal 0 0 1
    outer loop
      vertex 55 4.6 9.6
      vertex 55 2 9.6
      vertex 55.7822 2.06156 9.6
    endloop
  endfacet
  facet normal 0 0 1
    outer loop
      vertex 54.6246 4.62955 9.6
      vertex 55 2 9.6
      vertex 55 4.6 9.6
    endloop
  endfacet
  facet normal 0 0 1
    outer loop
      vertex 54.2178 2.06156 9.6
      vertex 54.6246 4.62955 9.6
      vertex 54.2584 4.71746 9.6
    endloop
  endfacet
  facet normal 0 0 1
    outer loop
      vertex 54.6246 4.62955 9.6
      vertex 54.2178 2.06156 9.6
      vertex 55 2 9.6
    endloop
  endfacet
  facet normal 0 0 1
    outer loop
      vertex 53.4549 2.24472 9.6
      vertex 54.2584 4.71746 9.6
      vertex 53.9104 4.86158 9.6
    endloop
  endfacet
  facet normal 0 0 1
    outer loop
      vertex 52.73 2.54497 9.6
      vertex 53.9104 4.86158 9.6
      vertex 53.5893 5.05836 9.6
    endloop
  endfacet
  facet normal 0 0 1
    outer loop
      vertex 54.2584 4.71746 9.6
      vertex 53.4549 2.24472 9.6
      vertex 54.2178 2.06156 9.6
    endloop
  endfacet
  facet normal 0 0 1
    outer loop
      vertex 52.0611 2.95492 9.6
      vertex 53.5893 5.05836 9.6
      vertex 53.3029 5.30294 9.6
    endloop
  endfacet
  facet normal 0 0 1
    outer loop
      vertex 51.4645 3.46447 9.6
      vertex 53.3029 5.30294 9.6
      vertex 53.0584 5.58932 9.6
    endloop
  endfacet
  facet normal 0 0 1
    outer loop
      vertex 50.9549 4.06107 9.6
      vertex 53.0584 5.58932 9.6
      vertex 52.8616 5.91042 9.6
    endloop
  endfacet
  facet normal 0 0 1
    outer loop
      vertex 53.9104 4.86158 9.6
      vertex 52.73 2.54497 9.6
      vertex 53.4549 2.24472 9.6
    endloop
  endfacet
  facet normal 0 0 1
    outer loop
      vertex 50.545 4.73005 9.6
      vertex 52.8616 5.91042 9.6
      vertex 52.7175 6.25836 9.6
    endloop
  endfacet
  facet normal 0 0 1
    outer loop
      vertex 50.2447 5.45492 9.6
      vertex 52.7175 6.25836 9.6
      vertex 52.6295 6.62456 9.6
    endloop
  endfacet
  facet normal 0 0 1
    outer loop
      vertex 50.0616 6.21783 9.6
      vertex 52.6295 6.62456 9.6
      vertex 52.6 7 9.6
    endloop
  endfacet
  facet normal 0 0 1
    outer loop
      vertex 52.8616 8.08958 9.6
      vertex 50.545 9.26995 9.6
      vertex 52.7175 7.74164 9.6
    endloop
  endfacet
  facet normal 0 0 1
    outer loop
      vertex 53.5893 5.05836 9.6
      vertex 52.0611 2.95492 9.6
      vertex 52.73 2.54497 9.6
    endloop
  endfacet
  facet normal -0 0 1
    outer loop
      vertex 50.2447 8.54508 9.6
      vertex 52.7175 7.74164 9.6
      vertex 50.545 9.26995 9.6
    endloop
  endfacet
  facet normal 0 0 1
    outer loop
      vertex 53.3029 5.30294 9.6
      vertex 51.4645 3.46447 9.6
      vertex 52.0611 2.95492 9.6
    endloop
  endfacet
  facet normal 0 0 1
    outer loop
      vertex 52.7175 7.74164 9.6
      vertex 50.2447 8.54508 9.6
      vertex 52.6295 7.37544 9.6
    endloop
  endfacet
  facet normal 0 0 1
    outer loop
      vertex 53.0584 5.58932 9.6
      vertex 50.9549 4.06107 9.6
      vertex 51.4645 3.46447 9.6
    endloop
  endfacet
  facet normal -0 0 1
    outer loop
      vertex 50.0616 7.78217 9.6
      vertex 52.6295 7.37544 9.6
      vertex 50.2447 8.54508 9.6
    endloop
  endfacet
  facet normal 0 0 1
    outer loop
      vertex 52.8616 5.91042 9.6
      vertex 50.545 4.73005 9.6
      vertex 50.9549 4.06107 9.6
    endloop
  endfacet
  facet normal 0 0 1
    outer loop
      vertex 52.6295 7.37544 9.6
      vertex 50.0616 7.78217 9.6
      vertex 52.6 7 9.6
    endloop
  endfacet
  facet normal 0 0 1
    outer loop
      vertex 52.7175 6.25836 9.6
      vertex 50.2447 5.45492 9.6
      vertex 50.545 4.73005 9.6
    endloop
  endfacet
  facet normal 0 0 1
    outer loop
      vertex 50 7 9.6
      vertex 52.6 7 9.6
      vertex 50.0616 7.78217 9.6
    endloop
  endfacet
  facet normal 0 0 1
    outer loop
      vertex 52.6295 6.62456 9.6
      vertex 50.0616 6.21783 9.6
      vertex 50.2447 5.45492 9.6
    endloop
  endfacet
  facet normal 0 0 1
    outer loop
      vertex 52.6 7 9.6
      vertex 50 7 9.6
      vertex 50.0616 6.21783 9.6
    endloop
  endfacet
  facet normal -0.0784596 0.996917 0
    outer loop
      vertex 55 12 1.6
      vertex 54.2178 11.9384 9.6
      vertex 55 12 9.6
    endloop
  endfacet
  facet normal -0.0784596 0.996917 0
    outer loop
      vertex 54.2178 11.9384 9.6
      vertex 55 12 1.6
      vertex 54.2178 11.9384 1.6
    endloop
  endfacet
  facet normal 0.0784596 -0.996917 0
    outer loop
      vertex 55 2 1.6
      vertex 55.7822 2.06156 9.6
      vertex 55 2 9.6
    endloop
  endfacet
  facet normal 0.0784596 -0.996917 0
    outer loop
      vertex 55.7822 2.06156 9.6
      vertex 55 2 1.6
      vertex 55.7822 2.06156 1.6
    endloop
  endfacet
  facet normal -0.382685 -0.923879 0
    outer loop
      vertex 52.73 2.54497 1.6
      vertex 53.4549 2.24472 9.6
      vertex 52.73 2.54497 9.6
    endloop
  endfacet
  facet normal -0.382685 -0.923879 -0
    outer loop
      vertex 53.4549 2.24472 9.6
      vertex 52.73 2.54497 1.6
      vertex 53.4549 2.24472 1.6
    endloop
  endfacet
  facet normal -0.649448 -0.760406 0
    outer loop
      vertex 51.4645 3.46447 1.6
      vertex 52.0611 2.95492 9.6
      vertex 51.4645 3.46447 9.6
    endloop
  endfacet
  facet normal -0.649448 -0.760406 -0
    outer loop
      vertex 52.0611 2.95492 9.6
      vertex 51.4645 3.46447 1.6
      vertex 52.0611 2.95492 1.6
    endloop
  endfacet
  facet normal -0.233445 -0.97237 0
    outer loop
      vertex 53.4549 2.24472 1.6
      vertex 54.2178 2.06156 9.6
      vertex 53.4549 2.24472 9.6
    endloop
  endfacet
  facet normal -0.233445 -0.97237 -0
    outer loop
      vertex 54.2178 2.06156 9.6
      vertex 53.4549 2.24472 1.6
      vertex 54.2178 2.06156 1.6
    endloop
  endfacet
  facet normal -0.996917 -0.0784584 0
    outer loop
      vertex 50.0616 6.21783 1.6
      vertex 50 7 9.6
      vertex 50 7 1.6
    endloop
  endfacet
  facet normal -0.996917 -0.0784584 0
    outer loop
      vertex 50 7 9.6
      vertex 50.0616 6.21783 1.6
      vertex 50.0616 6.21783 9.6
    endloop
  endfacet
  facet normal 0.522497 0.852641 -0
    outer loop
      vertex 57.9389 11.0451 1.6
      vertex 57.27 11.455 9.6
      vertex 57.9389 11.0451 9.6
    endloop
  endfacet
  facet normal 0.522497 0.852641 0
    outer loop
      vertex 57.27 11.455 9.6
      vertex 57.9389 11.0451 1.6
      vertex 57.27 11.455 1.6
    endloop
  endfacet
  facet normal -0.852641 0.522497 0
    outer loop
      vertex 50.545 9.26995 1.6
      vertex 50.9549 9.93893 9.6
      vertex 50.9549 9.93893 1.6
    endloop
  endfacet
  facet normal -0.852641 0.522497 0
    outer loop
      vertex 50.9549 9.93893 9.6
      vertex 50.545 9.26995 1.6
      vertex 50.545 9.26995 9.6
    endloop
  endfacet
  facet normal -0.382685 0.923879 0
    outer loop
      vertex 53.4549 11.7553 1.6
      vertex 52.73 11.455 9.6
      vertex 53.4549 11.7553 9.6
    endloop
  endfacet
  facet normal -0.382685 0.923879 0
    outer loop
      vertex 52.73 11.455 9.6
      vertex 53.4549 11.7553 1.6
      vertex 52.73 11.455 1.6
    endloop
  endfacet
  facet normal -0.522497 0.852641 0
    outer loop
      vertex 52.73 11.455 1.6
      vertex 52.0611 11.0451 9.6
      vertex 52.73 11.455 9.6
    endloop
  endfacet
  facet normal -0.522497 0.852641 0
    outer loop
      vertex 52.0611 11.0451 9.6
      vertex 52.73 11.455 1.6
      vertex 52.0611 11.0451 1.6
    endloop
  endfacet
  facet normal 0.233445 -0.97237 0
    outer loop
      vertex 55.7822 2.06156 1.6
      vertex 56.5451 2.24472 9.6
      vertex 55.7822 2.06156 9.6
    endloop
  endfacet
  facet normal 0.233445 -0.97237 0
    outer loop
      vertex 56.5451 2.24472 9.6
      vertex 55.7822 2.06156 1.6
      vertex 56.5451 2.24472 1.6
    endloop
  endfacet
  facet normal 0.649448 -0.760406 0
    outer loop
      vertex 57.9389 2.95492 1.6
      vertex 58.5355 3.46447 9.6
      vertex 57.9389 2.95492 9.6
    endloop
  endfacet
  facet normal 0.649448 -0.760406 0
    outer loop
      vertex 58.5355 3.46447 9.6
      vertex 57.9389 2.95492 1.6
      vertex 58.5355 3.46447 1.6
    endloop
  endfacet
  facet normal 0.382685 -0.923879 0
    outer loop
      vertex 56.5451 2.24472 1.6
      vertex 57.27 2.54497 9.6
      vertex 56.5451 2.24472 9.6
    endloop
  endfacet
  facet normal 0.382685 -0.923879 0
    outer loop
      vertex 57.27 2.54497 9.6
      vertex 56.5451 2.24472 1.6
      vertex 57.27 2.54497 1.6
    endloop
  endfacet
  facet normal 0.97237 -0.233445 0
    outer loop
      vertex 59.7553 5.45492 9.6
      vertex 59.9384 6.21783 1.6
      vertex 59.9384 6.21783 9.6
    endloop
  endfacet
  facet normal 0.97237 -0.233445 0
    outer loop
      vertex 59.9384 6.21783 1.6
      vertex 59.7553 5.45492 9.6
      vertex 59.7553 5.45492 1.6
    endloop
  endfacet
  facet normal -0.522497 -0.852641 0
    outer loop
      vertex 52.0611 2.95492 1.6
      vertex 52.73 2.54497 9.6
      vertex 52.0611 2.95492 9.6
    endloop
  endfacet
  facet normal -0.522497 -0.852641 -0
    outer loop
      vertex 52.73 2.54497 9.6
      vertex 52.0611 2.95492 1.6
      vertex 52.73 2.54497 1.6
    endloop
  endfacet
  facet normal -0.923879 -0.382685 0
    outer loop
      vertex 50.545 4.73005 1.6
      vertex 50.2447 5.45492 9.6
      vertex 50.2447 5.45492 1.6
    endloop
  endfacet
  facet normal -0.923879 -0.382685 0
    outer loop
      vertex 50.2447 5.45492 9.6
      vertex 50.545 4.73005 1.6
      vertex 50.545 4.73005 9.6
    endloop
  endfacet
  facet normal -0.97237 -0.233445 0
    outer loop
      vertex 50.2447 5.45492 1.6
      vertex 50.0616 6.21783 9.6
      vertex 50.0616 6.21783 1.6
    endloop
  endfacet
  facet normal -0.97237 -0.233445 0
    outer loop
      vertex 50.0616 6.21783 9.6
      vertex 50.2447 5.45492 1.6
      vertex 50.2447 5.45492 9.6
    endloop
  endfacet
  facet normal 0.522497 -0.852641 0
    outer loop
      vertex 57.27 2.54497 1.6
      vertex 57.9389 2.95492 9.6
      vertex 57.27 2.54497 9.6
    endloop
  endfacet
  facet normal 0.522497 -0.852641 0
    outer loop
      vertex 57.9389 2.95492 9.6
      vertex 57.27 2.54497 1.6
      vertex 57.9389 2.95492 1.6
    endloop
  endfacet
  facet normal 0.852641 -0.522497 0
    outer loop
      vertex 59.0451 4.06107 9.6
      vertex 59.455 4.73005 1.6
      vertex 59.455 4.73005 9.6
    endloop
  endfacet
  facet normal 0.852641 -0.522497 0
    outer loop
      vertex 59.455 4.73005 1.6
      vertex 59.0451 4.06107 9.6
      vertex 59.0451 4.06107 1.6
    endloop
  endfacet
  facet normal 0.996917 -0.0784584 0
    outer loop
      vertex 59.9384 6.21783 9.6
      vertex 60 7 1.6
      vertex 60 7 9.6
    endloop
  endfacet
  facet normal 0.996917 -0.0784584 0
    outer loop
      vertex 60 7 1.6
      vertex 59.9384 6.21783 9.6
      vertex 59.9384 6.21783 1.6
    endloop
  endfacet
  facet normal -0.852641 -0.522497 0
    outer loop
      vertex 50.9549 4.06107 1.6
      vertex 50.545 4.73005 9.6
      vertex 50.545 4.73005 1.6
    endloop
  endfacet
  facet normal -0.852641 -0.522497 0
    outer loop
      vertex 50.545 4.73005 9.6
      vertex 50.9549 4.06107 1.6
      vertex 50.9549 4.06107 9.6
    endloop
  endfacet
  facet normal 0.923879 -0.382685 0
    outer loop
      vertex 59.455 4.73005 9.6
      vertex 59.7553 5.45492 1.6
      vertex 59.7553 5.45492 9.6
    endloop
  endfacet
  facet normal 0.923879 -0.382685 0
    outer loop
      vertex 59.7553 5.45492 1.6
      vertex 59.455 4.73005 9.6
      vertex 59.455 4.73005 1.6
    endloop
  endfacet
  facet normal -0.996917 -0.0784609 0
    outer loop
      vertex 57.4 7 4.6
      vertex 57.3705 7.37544 9.6
      vertex 57.3705 7.37544 4.6
    endloop
  endfacet
  facet normal -0.996917 -0.0784609 0
    outer loop
      vertex 57.3705 7.37544 9.6
      vertex 57.4 7 4.6
      vertex 57.4 7 9.6
    endloop
  endfacet
  facet normal 0.996917 -0.0784609 0
    outer loop
      vertex 52.6 7 9.6
      vertex 52.6295 7.37544 4.6
      vertex 52.6295 7.37544 9.6
    endloop
  endfacet
  facet normal 0.996917 -0.0784609 0
    outer loop
      vertex 52.6295 7.37544 4.6
      vertex 52.6 7 9.6
      vertex 52.6 7 4.6
    endloop
  endfacet
  facet normal 0.0784584 -0.996917 0
    outer loop
      vertex 54.6246 9.37045 4.6
      vertex 55 9.4 9.6
      vertex 54.6246 9.37045 9.6
    endloop
  endfacet
  facet normal 0.0784584 -0.996917 0
    outer loop
      vertex 55 9.4 9.6
      vertex 54.6246 9.37045 4.6
      vertex 55 9.4 4.6
    endloop
  endfacet
  facet normal -0.0784584 0.996917 0
    outer loop
      vertex 55.3754 4.62955 4.6
      vertex 55 4.6 9.6
      vertex 55.3754 4.62955 9.6
    endloop
  endfacet
  facet normal -0.0784584 0.996917 0
    outer loop
      vertex 55 4.6 9.6
      vertex 55.3754 4.62955 4.6
      vertex 55 4.6 4.6
    endloop
  endfacet
  facet normal -0.649445 -0.760408 0
    outer loop
      vertex 56.4107 8.94164 4.6
      vertex 56.6971 8.69706 9.6
      vertex 56.4107 8.94164 9.6
    endloop
  endfacet
  facet normal -0.649445 -0.760408 -0
    outer loop
      vertex 56.6971 8.69706 9.6
      vertex 56.4107 8.94164 4.6
      vertex 56.6971 8.69706 4.6
    endloop
  endfacet
  facet normal 0.649445 -0.760408 0
    outer loop
      vertex 53.3029 8.69706 4.6
      vertex 53.5893 8.94164 9.6
      vertex 53.3029 8.69706 9.6
    endloop
  endfacet
  facet normal 0.649445 -0.760408 0
    outer loop
      vertex 53.5893 8.94164 9.6
      vertex 53.3029 8.69706 4.6
      vertex 53.5893 8.94164 4.6
    endloop
  endfacet
  facet normal 0.382682 -0.92388 0
    outer loop
      vertex 53.9104 9.13842 4.6
      vertex 54.2584 9.28254 9.6
      vertex 53.9104 9.13842 9.6
    endloop
  endfacet
  facet normal 0.382682 -0.92388 0
    outer loop
      vertex 54.2584 9.28254 9.6
      vertex 53.9104 9.13842 4.6
      vertex 54.2584 9.28254 4.6
    endloop
  endfacet
  facet normal -0.92388 -0.382682 0
    outer loop
      vertex 57.2825 7.74164 4.6
      vertex 57.1384 8.08958 9.6
      vertex 57.1384 8.08958 4.6
    endloop
  endfacet
  facet normal -0.92388 -0.382682 0
    outer loop
      vertex 57.1384 8.08958 9.6
      vertex 57.2825 7.74164 4.6
      vertex 57.2825 7.74164 9.6
    endloop
  endfacet
  facet normal -0.972369 -0.233448 0
    outer loop
      vertex 57.3705 7.37544 4.6
      vertex 57.2825 7.74164 9.6
      vertex 57.2825 7.74164 4.6
    endloop
  endfacet
  facet normal -0.972369 -0.233448 0
    outer loop
      vertex 57.2825 7.74164 9.6
      vertex 57.3705 7.37544 4.6
      vertex 57.3705 7.37544 9.6
    endloop
  endfacet
  facet normal -0.382682 -0.92388 0
    outer loop
      vertex 55.7416 9.28254 4.6
      vertex 56.0896 9.13842 9.6
      vertex 55.7416 9.28254 9.6
    endloop
  endfacet
  facet normal -0.382682 -0.92388 -0
    outer loop
      vertex 56.0896 9.13842 9.6
      vertex 55.7416 9.28254 4.6
      vertex 56.0896 9.13842 4.6
    endloop
  endfacet
  facet normal -0.233447 -0.97237 0
    outer loop
      vertex 55.3754 9.37045 4.6
      vertex 55.7416 9.28254 9.6
      vertex 55.3754 9.37045 9.6
    endloop
  endfacet
  facet normal -0.233447 -0.97237 -0
    outer loop
      vertex 55.7416 9.28254 9.6
      vertex 55.3754 9.37045 4.6
      vertex 55.7416 9.28254 4.6
    endloop
  endfacet
  facet normal -0.522501 -0.852638 0
    outer loop
      vertex 56.0896 9.13842 4.6
      vertex 56.4107 8.94164 9.6
      vertex 56.0896 9.13842 9.6
    endloop
  endfacet
  facet normal -0.522501 -0.852638 -0
    outer loop
      vertex 56.4107 8.94164 9.6
      vertex 56.0896 9.13842 4.6
      vertex 56.4107 8.94164 4.6
    endloop
  endfacet
  facet normal 0.92388 -0.382682 0
    outer loop
      vertex 52.7175 7.74164 9.6
      vertex 52.8616 8.08958 4.6
      vertex 52.8616 8.08958 9.6
    endloop
  endfacet
  facet normal 0.92388 -0.382682 0
    outer loop
      vertex 52.8616 8.08958 4.6
      vertex 52.7175 7.74164 9.6
      vertex 52.7175 7.74164 4.6
    endloop
  endfacet
  facet normal 0.972369 -0.233448 0
    outer loop
      vertex 52.6295 7.37544 9.6
      vertex 52.7175 7.74164 4.6
      vertex 52.7175 7.74164 9.6
    endloop
  endfacet
  facet normal 0.972369 -0.233448 0
    outer loop
      vertex 52.7175 7.74164 4.6
      vertex 52.6295 7.37544 9.6
      vertex 52.6295 7.37544 4.6
    endloop
  endfacet
  facet normal 0.522501 -0.852638 0
    outer loop
      vertex 53.5893 8.94164 4.6
      vertex 53.9104 9.13842 9.6
      vertex 53.5893 8.94164 9.6
    endloop
  endfacet
  facet normal 0.522501 -0.852638 0
    outer loop
      vertex 53.9104 9.13842 9.6
      vertex 53.5893 8.94164 4.6
      vertex 53.9104 9.13842 4.6
    endloop
  endfacet
  facet normal 0.233447 -0.97237 0
    outer loop
      vertex 54.2584 9.28254 4.6
      vertex 54.6246 9.37045 9.6
      vertex 54.2584 9.28254 9.6
    endloop
  endfacet
  facet normal 0.233447 -0.97237 0
    outer loop
      vertex 54.6246 9.37045 9.6
      vertex 54.2584 9.28254 4.6
      vertex 54.6246 9.37045 4.6
    endloop
  endfacet
  facet normal -0.852638 0.522503 0
    outer loop
      vertex 56.9416 5.58932 4.6
      vertex 57.1384 5.91042 9.6
      vertex 57.1384 5.91042 4.6
    endloop
  endfacet
  facet normal -0.852638 0.522503 0
    outer loop
      vertex 57.1384 5.91042 9.6
      vertex 56.9416 5.58932 4.6
      vertex 56.9416 5.58932 9.6
    endloop
  endfacet
  facet normal 0 0 1
    outer loop
      vertex 56.7 7 4.6
      vertex 57.4 7 4.6
      vertex 57.3705 7.37544 4.6
    endloop
  endfacet
  facet normal 0 0 1
    outer loop
      vertex 56.6791 7.26594 4.6
      vertex 57.3705 7.37544 4.6
      vertex 57.2825 7.74164 4.6
    endloop
  endfacet
  facet normal 0 0 1
    outer loop
      vertex 57.4 7 4.6
      vertex 56.7 7 4.6
      vertex 57.3705 6.62456 4.6
    endloop
  endfacet
  facet normal 0 0 1
    outer loop
      vertex 56.6168 7.52533 4.6
      vertex 57.2825 7.74164 4.6
      vertex 57.1384 8.08958 4.6
    endloop
  endfacet
  facet normal -0 0 1
    outer loop
      vertex 56.6791 6.73406 4.6
      vertex 57.3705 6.62456 4.6
      vertex 56.7 7 4.6
    endloop
  endfacet
  facet normal 0 0 1
    outer loop
      vertex 56.5147 7.77178 4.6
      vertex 57.1384 8.08958 4.6
      vertex 56.9416 8.41068 4.6
    endloop
  endfacet
  facet normal 0 0 1
    outer loop
      vertex 57.3705 6.62456 4.6
      vertex 56.6791 6.73406 4.6
      vertex 57.2825 6.25836 4.6
    endloop
  endfacet
  facet normal -0 0 1
    outer loop
      vertex 56.6168 6.47467 4.6
      vertex 57.2825 6.25836 4.6
      vertex 56.6791 6.73406 4.6
    endloop
  endfacet
  facet normal 0 0 1
    outer loop
      vertex 56.3753 7.99923 4.6
      vertex 56.9416 8.41068 4.6
      vertex 56.6971 8.69706 4.6
    endloop
  endfacet
  facet normal 0 0 1
    outer loop
      vertex 57.3705 7.37544 4.6
      vertex 56.6791 7.26594 4.6
      vertex 56.7 7 4.6
    endloop
  endfacet
  facet normal 0 0 1
    outer loop
      vertex 57.2825 7.74164 4.6
      vertex 56.6168 7.52533 4.6
      vertex 56.6791 7.26594 4.6
    endloop
  endfacet
  facet normal 0 0 1
    outer loop
      vertex 57.1384 8.08958 4.6
      vertex 56.5147 7.77178 4.6
      vertex 56.6168 7.52533 4.6
    endloop
  endfacet
  facet normal 0 0 1
    outer loop
      vertex 56.2021 8.20208 4.6
      vertex 56.6971 8.69706 4.6
      vertex 56.4107 8.94164 4.6
    endloop
  endfacet
  facet normal 0 0 1
    outer loop
      vertex 56.9416 8.41068 4.6
      vertex 56.3753 7.99923 4.6
      vertex 56.5147 7.77178 4.6
    endloop
  endfacet
  facet normal 0 0 1
    outer loop
      vertex 56.6971 8.69706 4.6
      vertex 56.2021 8.20208 4.6
      vertex 56.3753 7.99923 4.6
    endloop
  endfacet
  facet normal 0 0 1
    outer loop
      vertex 55.9992 8.37533 4.6
      vertex 56.4107 8.94164 4.6
      vertex 56.0896 9.13842 4.6
    endloop
  endfacet
  facet normal 0 0 1
    outer loop
      vertex 56.4107 8.94164 4.6
      vertex 55.9992 8.37533 4.6
      vertex 56.2021 8.20208 4.6
    endloop
  endfacet
  facet normal 0 0 1
    outer loop
      vertex 56.0896 9.13842 4.6
      vertex 55.7718 8.51471 4.6
      vertex 55.9992 8.37533 4.6
    endloop
  endfacet
  facet normal 0 0 1
    outer loop
      vertex 55.7416 9.28254 4.6
      vertex 55.7718 8.51471 4.6
      vertex 56.0896 9.13842 4.6
    endloop
  endfacet
  facet normal 0 0 1
    outer loop
      vertex 55.7416 9.28254 4.6
      vertex 55.5253 8.6168 4.6
      vertex 55.7718 8.51471 4.6
    endloop
  endfacet
  facet normal 0 0 1
    outer loop
      vertex 55.3754 9.37045 4.6
      vertex 55.5253 8.6168 4.6
      vertex 55.7416 9.28254 4.6
    endloop
  endfacet
  facet normal 0 0 1
    outer loop
      vertex 55.3754 9.37045 4.6
      vertex 55.2659 8.67907 4.6
      vertex 55.5253 8.6168 4.6
    endloop
  endfacet
  facet normal 0 0 1
    outer loop
      vertex 55 9.4 4.6
      vertex 55.2659 8.67907 4.6
      vertex 55.3754 9.37045 4.6
    endloop
  endfacet
  facet normal 0 0 1
    outer loop
      vertex 55 9.4 4.6
      vertex 55 8.7 4.6
      vertex 55.2659 8.67907 4.6
    endloop
  endfacet
  facet normal 0 0 1
    outer loop
      vertex 55 9.4 4.6
      vertex 54.7341 8.67907 4.6
      vertex 55 8.7 4.6
    endloop
  endfacet
  facet normal -0 0 1
    outer loop
      vertex 54.6246 9.37045 4.6
      vertex 54.7341 8.67907 4.6
      vertex 55 9.4 4.6
    endloop
  endfacet
  facet normal 0 0 1
    outer loop
      vertex 54.6246 9.37045 4.6
      vertex 54.4747 8.6168 4.6
      vertex 54.7341 8.67907 4.6
    endloop
  endfacet
  facet normal -0 0 1
    outer loop
      vertex 54.2584 9.28254 4.6
      vertex 54.4747 8.6168 4.6
      vertex 54.6246 9.37045 4.6
    endloop
  endfacet
  facet normal 0 0 1
    outer loop
      vertex 54.2584 9.28254 4.6
      vertex 54.2282 8.51471 4.6
      vertex 54.4747 8.6168 4.6
    endloop
  endfacet
  facet normal -0 0 1
    outer loop
      vertex 53.9104 9.13842 4.6
      vertex 54.2282 8.51471 4.6
      vertex 54.2584 9.28254 4.6
    endloop
  endfacet
  facet normal 0 0 1
    outer loop
      vertex 54.2282 8.51471 4.6
      vertex 53.9104 9.13842 4.6
      vertex 54.0008 8.37533 4.6
    endloop
  endfacet
  facet normal -0 0 1
    outer loop
      vertex 53.5893 8.94164 4.6
      vertex 54.0008 8.37533 4.6
      vertex 53.9104 9.13842 4.6
    endloop
  endfacet
  facet normal 0 0 1
    outer loop
      vertex 54.0008 8.37533 4.6
      vertex 53.5893 8.94164 4.6
      vertex 53.7979 8.20208 4.6
    endloop
  endfacet
  facet normal -0 0 1
    outer loop
      vertex 53.3029 8.69706 4.6
      vertex 53.7979 8.20208 4.6
      vertex 53.5893 8.94164 4.6
    endloop
  endfacet
  facet normal 0 0 1
    outer loop
      vertex 53.7979 8.20208 4.6
      vertex 53.3029 8.69706 4.6
      vertex 53.6247 7.99923 4.6
    endloop
  endfacet
  facet normal -0 0 1
    outer loop
      vertex 53.0584 8.41068 4.6
      vertex 53.6247 7.99923 4.6
      vertex 53.3029 8.69706 4.6
    endloop
  endfacet
  facet normal 0 0 1
    outer loop
      vertex 53.6247 7.99923 4.6
      vertex 53.0584 8.41068 4.6
      vertex 53.4853 7.77178 4.6
    endloop
  endfacet
  facet normal -0 0 1
    outer loop
      vertex 52.8616 8.08958 4.6
      vertex 53.4853 7.77178 4.6
      vertex 53.0584 8.41068 4.6
    endloop
  endfacet
  facet normal 0 0 1
    outer loop
      vertex 53.4853 7.77178 4.6
      vertex 52.8616 8.08958 4.6
      vertex 53.3832 7.52533 4.6
    endloop
  endfacet
  facet normal -0 0 1
    outer loop
      vertex 52.7175 7.74164 4.6
      vertex 53.3832 7.52533 4.6
      vertex 52.8616 8.08958 4.6
    endloop
  endfacet
  facet normal 0 0 1
    outer loop
      vertex 57.2825 6.25836 4.6
      vertex 56.6168 6.47467 4.6
      vertex 57.1384 5.91042 4.6
    endloop
  endfacet
  facet normal -0 0 1
    outer loop
      vertex 56.5147 6.22822 4.6
      vertex 57.1384 5.91042 4.6
      vertex 56.6168 6.47467 4.6
    endloop
  endfacet
  facet normal 0 0 1
    outer loop
      vertex 57.1384 5.91042 4.6
      vertex 56.5147 6.22822 4.6
      vertex 56.9416 5.58932 4.6
    endloop
  endfacet
  facet normal -0 0 1
    outer loop
      vertex 56.3753 6.00077 4.6
      vertex 56.9416 5.58932 4.6
      vertex 56.5147 6.22822 4.6
    endloop
  endfacet
  facet normal 0 0 1
    outer loop
      vertex 56.9416 5.58932 4.6
      vertex 56.3753 6.00077 4.6
      vertex 56.6971 5.30294 4.6
    endloop
  endfacet
  facet normal -0 0 1
    outer loop
      vertex 56.2021 5.79792 4.6
      vertex 56.6971 5.30294 4.6
      vertex 56.3753 6.00077 4.6
    endloop
  endfacet
  facet normal 0 0 1
    outer loop
      vertex 56.6971 5.30294 4.6
      vertex 56.2021 5.79792 4.6
      vertex 56.4107 5.05836 4.6
    endloop
  endfacet
  facet normal -0 0 1
    outer loop
      vertex 55.9992 5.62467 4.6
      vertex 56.4107 5.05836 4.6
      vertex 56.2021 5.79792 4.6
    endloop
  endfacet
  facet normal 0 0 1
    outer loop
      vertex 56.4107 5.05836 4.6
      vertex 55.9992 5.62467 4.6
      vertex 56.0896 4.86158 4.6
    endloop
  endfacet
  facet normal -0 0 1
    outer loop
      vertex 55.7718 5.48529 4.6
      vertex 56.0896 4.86158 4.6
      vertex 55.9992 5.62467 4.6
    endloop
  endfacet
  facet normal 0 0 1
    outer loop
      vertex 55.7718 5.48529 4.6
      vertex 55.7416 4.71746 4.6
      vertex 56.0896 4.86158 4.6
    endloop
  endfacet
  facet normal -0 0 1
    outer loop
      vertex 55.5253 5.3832 4.6
      vertex 55.7416 4.71746 4.6
      vertex 55.7718 5.48529 4.6
    endloop
  endfacet
  facet normal 0 0 1
    outer loop
      vertex 55.5253 5.3832 4.6
      vertex 55.3754 4.62955 4.6
      vertex 55.7416 4.71746 4.6
    endloop
  endfacet
  facet normal -0 0 1
    outer loop
      vertex 55.2659 5.32093 4.6
      vertex 55.3754 4.62955 4.6
      vertex 55.5253 5.3832 4.6
    endloop
  endfacet
  facet normal -0 0 1
    outer loop
      vertex 55 5.3 4.6
      vertex 55.3754 4.62955 4.6
      vertex 55.2659 5.32093 4.6
    endloop
  endfacet
  facet normal 0 0 1
    outer loop
      vertex 55 5.3 4.6
      vertex 55 4.6 4.6
      vertex 55.3754 4.62955 4.6
    endloop
  endfacet
  facet normal 0 0 1
    outer loop
      vertex 54.7341 5.32093 4.6
      vertex 55 4.6 4.6
      vertex 55 5.3 4.6
    endloop
  endfacet
  facet normal 0 0 1
    outer loop
      vertex 54.7341 5.32093 4.6
      vertex 54.6246 4.62955 4.6
      vertex 55 4.6 4.6
    endloop
  endfacet
  facet normal 0 0 1
    outer loop
      vertex 54.4747 5.3832 4.6
      vertex 54.6246 4.62955 4.6
      vertex 54.7341 5.32093 4.6
    endloop
  endfacet
  facet normal 0 0 1
    outer loop
      vertex 54.4747 5.3832 4.6
      vertex 54.2584 4.71746 4.6
      vertex 54.6246 4.62955 4.6
    endloop
  endfacet
  facet normal 0 0 1
    outer loop
      vertex 54.2282 5.48529 4.6
      vertex 54.2584 4.71746 4.6
      vertex 54.4747 5.3832 4.6
    endloop
  endfacet
  facet normal 0 0 1
    outer loop
      vertex 53.9104 4.86158 4.6
      vertex 54.2282 5.48529 4.6
      vertex 54.0008 5.62467 4.6
    endloop
  endfacet
  facet normal 0 0 1
    outer loop
      vertex 54.2282 5.48529 4.6
      vertex 53.9104 4.86158 4.6
      vertex 54.2584 4.71746 4.6
    endloop
  endfacet
  facet normal 0 0 1
    outer loop
      vertex 53.5893 5.05836 4.6
      vertex 54.0008 5.62467 4.6
      vertex 53.7979 5.79792 4.6
    endloop
  endfacet
  facet normal 0 0 1
    outer loop
      vertex 53.3029 5.30294 4.6
      vertex 53.7979 5.79792 4.6
      vertex 53.6247 6.00077 4.6
    endloop
  endfacet
  facet normal 0 0 1
    outer loop
      vertex 54.0008 5.62467 4.6
      vertex 53.5893 5.05836 4.6
      vertex 53.9104 4.86158 4.6
    endloop
  endfacet
  facet normal 0 0 1
    outer loop
      vertex 53.0584 5.58932 4.6
      vertex 53.6247 6.00077 4.6
      vertex 53.4853 6.22822 4.6
    endloop
  endfacet
  facet normal 0 0 1
    outer loop
      vertex 52.8616 5.91042 4.6
      vertex 53.4853 6.22822 4.6
      vertex 53.3832 6.47467 4.6
    endloop
  endfacet
  facet normal 0 0 1
    outer loop
      vertex 52.7175 6.25836 4.6
      vertex 53.3832 6.47467 4.6
      vertex 53.3209 6.73406 4.6
    endloop
  endfacet
  facet normal 0 0 1
    outer loop
      vertex 53.7979 5.79792 4.6
      vertex 53.3029 5.30294 4.6
      vertex 53.5893 5.05836 4.6
    endloop
  endfacet
  facet normal 0 0 1
    outer loop
      vertex 52.6295 6.62456 4.6
      vertex 53.3209 6.73406 4.6
      vertex 53.3 7 4.6
    endloop
  endfacet
  facet normal 0 0 1
    outer loop
      vertex 53.3832 7.52533 4.6
      vertex 52.7175 7.74164 4.6
      vertex 53.3209 7.26594 4.6
    endloop
  endfacet
  facet normal 0 0 1
    outer loop
      vertex 53.6247 6.00077 4.6
      vertex 53.0584 5.58932 4.6
      vertex 53.3029 5.30294 4.6
    endloop
  endfacet
  facet normal -0 0 1
    outer loop
      vertex 52.6295 7.37544 4.6
      vertex 53.3209 7.26594 4.6
      vertex 52.7175 7.74164 4.6
    endloop
  endfacet
  facet normal 0 0 1
    outer loop
      vertex 53.4853 6.22822 4.6
      vertex 52.8616 5.91042 4.6
      vertex 53.0584 5.58932 4.6
    endloop
  endfacet
  facet normal 0 0 1
    outer loop
      vertex 53.3209 7.26594 4.6
      vertex 52.6295 7.37544 4.6
      vertex 53.3 7 4.6
    endloop
  endfacet
  facet normal 0 0 1
    outer loop
      vertex 53.3832 6.47467 4.6
      vertex 52.7175 6.25836 4.6
      vertex 52.8616 5.91042 4.6
    endloop
  endfacet
  facet normal 0 0 1
    outer loop
      vertex 52.6 7 4.6
      vertex 53.3 7 4.6
      vertex 52.6295 7.37544 4.6
    endloop
  endfacet
  facet normal 0 0 1
    outer loop
      vertex 53.3209 6.73406 4.6
      vertex 52.6295 6.62456 4.6
      vertex 52.7175 6.25836 4.6
    endloop
  endfacet
  facet normal 0 0 1
    outer loop
      vertex 53.3 7 4.6
      vertex 52.6 7 4.6
      vertex 52.6295 6.62456 4.6
    endloop
  endfacet
  facet normal -0.760407 -0.649447 0
    outer loop
      vertex 56.9416 8.41068 4.6
      vertex 56.6971 8.69706 9.6
      vertex 56.6971 8.69706 4.6
    endloop
  endfacet
  facet normal -0.760407 -0.649447 0
    outer loop
      vertex 56.6971 8.69706 9.6
      vertex 56.9416 8.41068 4.6
      vertex 56.9416 8.41068 9.6
    endloop
  endfacet
  facet normal -0.852638 -0.522503 0
    outer loop
      vertex 57.1384 8.08958 4.6
      vertex 56.9416 8.41068 9.6
      vertex 56.9416 8.41068 4.6
    endloop
  endfacet
  facet normal -0.852638 -0.522503 0
    outer loop
      vertex 56.9416 8.41068 9.6
      vertex 57.1384 8.08958 4.6
      vertex 57.1384 8.08958 9.6
    endloop
  endfacet
  facet normal -0.0784584 -0.996917 0
    outer loop
      vertex 55 9.4 4.6
      vertex 55.3754 9.37045 9.6
      vertex 55 9.4 9.6
    endloop
  endfacet
  facet normal -0.0784584 -0.996917 -0
    outer loop
      vertex 55.3754 9.37045 9.6
      vertex 55 9.4 4.6
      vertex 55.3754 9.37045 4.6
    endloop
  endfacet
  facet normal 0.852638 -0.522503 0
    outer loop
      vertex 52.8616 8.08958 9.6
      vertex 53.0584 8.41068 4.6
      vertex 53.0584 8.41068 9.6
    endloop
  endfacet
  facet normal 0.852638 -0.522503 0
    outer loop
      vertex 53.0584 8.41068 4.6
      vertex 52.8616 8.08958 9.6
      vertex 52.8616 8.08958 4.6
    endloop
  endfacet
  facet normal 0.760407 -0.649447 0
    outer loop
      vertex 53.0584 8.41068 9.6
      vertex 53.3029 8.69706 4.6
      vertex 53.3029 8.69706 9.6
    endloop
  endfacet
  facet normal 0.760407 -0.649447 0
    outer loop
      vertex 53.3029 8.69706 4.6
      vertex 53.0584 8.41068 9.6
      vertex 53.0584 8.41068 4.6
    endloop
  endfacet
  facet normal -0.996917 0.0784609 0
    outer loop
      vertex 57.3705 6.62456 4.6
      vertex 57.4 7 9.6
      vertex 57.4 7 4.6
    endloop
  endfacet
  facet normal -0.996917 0.0784609 0
    outer loop
      vertex 57.4 7 9.6
      vertex 57.3705 6.62456 4.6
      vertex 57.3705 6.62456 9.6
    endloop
  endfacet
  facet normal -0.760407 0.649447 0
    outer loop
      vertex 56.6971 5.30294 4.6
      vertex 56.9416 5.58932 9.6
      vertex 56.9416 5.58932 4.6
    endloop
  endfacet
  facet normal -0.760407 0.649447 0
    outer loop
      vertex 56.9416 5.58932 9.6
      vertex 56.6971 5.30294 4.6
      vertex 56.6971 5.30294 9.6
    endloop
  endfacet
  facet normal -0.92388 0.382682 0
    outer loop
      vertex 57.1384 5.91042 4.6
      vertex 57.2825 6.25836 9.6
      vertex 57.2825 6.25836 4.6
    endloop
  endfacet
  facet normal -0.92388 0.382682 0
    outer loop
      vertex 57.2825 6.25836 9.6
      vertex 57.1384 5.91042 4.6
      vertex 57.1384 5.91042 9.6
    endloop
  endfacet
  facet normal -0.972369 0.233448 0
    outer loop
      vertex 57.2825 6.25836 4.6
      vertex 57.3705 6.62456 9.6
      vertex 57.3705 6.62456 4.6
    endloop
  endfacet
  facet normal -0.972369 0.233448 0
    outer loop
      vertex 57.3705 6.62456 9.6
      vertex 57.2825 6.25836 4.6
      vertex 57.2825 6.25836 9.6
    endloop
  endfacet
  facet normal 0.649445 0.760408 -0
    outer loop
      vertex 53.5893 5.05836 4.6
      vertex 53.3029 5.30294 9.6
      vertex 53.5893 5.05836 9.6
    endloop
  endfacet
  facet normal 0.649445 0.760408 0
    outer loop
      vertex 53.3029 5.30294 9.6
      vertex 53.5893 5.05836 4.6
      vertex 53.3029 5.30294 4.6
    endloop
  endfacet
  facet normal 0.92388 0.382682 0
    outer loop
      vertex 52.8616 5.91042 9.6
      vertex 52.7175 6.25836 4.6
      vertex 52.7175 6.25836 9.6
    endloop
  endfacet
  facet normal 0.92388 0.382682 0
    outer loop
      vertex 52.7175 6.25836 4.6
      vertex 52.8616 5.91042 9.6
      vertex 52.8616 5.91042 4.6
    endloop
  endfacet
  facet normal 0.852638 0.522503 0
    outer loop
      vertex 53.0584 5.58932 9.6
      vertex 52.8616 5.91042 4.6
      vertex 52.8616 5.91042 9.6
    endloop
  endfacet
  facet normal 0.852638 0.522503 0
    outer loop
      vertex 52.8616 5.91042 4.6
      vertex 53.0584 5.58932 9.6
      vertex 53.0584 5.58932 4.6
    endloop
  endfacet
  facet normal -0.233447 0.97237 0
    outer loop
      vertex 55.7416 4.71746 4.6
      vertex 55.3754 4.62955 9.6
      vertex 55.7416 4.71746 9.6
    endloop
  endfacet
  facet normal -0.233447 0.97237 0
    outer loop
      vertex 55.3754 4.62955 9.6
      vertex 55.7416 4.71746 4.6
      vertex 55.3754 4.62955 4.6
    endloop
  endfacet
  facet normal 0.233447 0.97237 -0
    outer loop
      vertex 54.6246 4.62955 4.6
      vertex 54.2584 4.71746 9.6
      vertex 54.6246 4.62955 9.6
    endloop
  endfacet
  facet normal 0.233447 0.97237 0
    outer loop
      vertex 54.2584 4.71746 9.6
      vertex 54.6246 4.62955 4.6
      vertex 54.2584 4.71746 4.6
    endloop
  endfacet
  facet normal 0.760407 0.649447 0
    outer loop
      vertex 53.3029 5.30294 9.6
      vertex 53.0584 5.58932 4.6
      vertex 53.0584 5.58932 9.6
    endloop
  endfacet
  facet normal 0.760407 0.649447 0
    outer loop
      vertex 53.0584 5.58932 4.6
      vertex 53.3029 5.30294 9.6
      vertex 53.3029 5.30294 4.6
    endloop
  endfacet
  facet normal 0.972369 0.233448 0
    outer loop
      vertex 52.7175 6.25836 9.6
      vertex 52.6295 6.62456 4.6
      vertex 52.6295 6.62456 9.6
    endloop
  endfacet
  facet normal 0.972369 0.233448 0
    outer loop
      vertex 52.6295 6.62456 4.6
      vertex 52.7175 6.25836 9.6
      vertex 52.7175 6.25836 4.6
    endloop
  endfacet
  facet normal 0.996917 0.0784609 0
    outer loop
      vertex 52.6295 6.62456 9.6
      vertex 52.6 7 4.6
      vertex 52.6 7 9.6
    endloop
  endfacet
  facet normal 0.996917 0.0784609 0
    outer loop
      vertex 52.6 7 4.6
      vertex 52.6295 6.62456 9.6
      vertex 52.6295 6.62456 4.6
    endloop
  endfacet
  facet normal -0.382682 0.92388 0
    outer loop
      vertex 56.0896 4.86158 4.6
      vertex 55.7416 4.71746 9.6
      vertex 56.0896 4.86158 9.6
    endloop
  endfacet
  facet normal -0.382682 0.92388 0
    outer loop
      vertex 55.7416 4.71746 9.6
      vertex 56.0896 4.86158 4.6
      vertex 55.7416 4.71746 4.6
    endloop
  endfacet
  facet normal -0.649445 0.760408 0
    outer loop
      vertex 56.6971 5.30294 4.6
      vertex 56.4107 5.05836 9.6
      vertex 56.6971 5.30294 9.6
    endloop
  endfacet
  facet normal -0.649445 0.760408 0
    outer loop
      vertex 56.4107 5.05836 9.6
      vertex 56.6971 5.30294 4.6
      vertex 56.4107 5.05836 4.6
    endloop
  endfacet
  facet normal -0.522501 0.852638 0
    outer loop
      vertex 56.4107 5.05836 4.6
      vertex 56.0896 4.86158 9.6
      vertex 56.4107 5.05836 9.6
    endloop
  endfacet
  facet normal -0.522501 0.852638 0
    outer loop
      vertex 56.0896 4.86158 9.6
      vertex 56.4107 5.05836 4.6
      vertex 56.0896 4.86158 4.6
    endloop
  endfacet
  facet normal 0.0784584 0.996917 -0
    outer loop
      vertex 55 4.6 4.6
      vertex 54.6246 4.62955 9.6
      vertex 55 4.6 9.6
    endloop
  endfacet
  facet normal 0.0784584 0.996917 0
    outer loop
      vertex 54.6246 4.62955 9.6
      vertex 55 4.6 4.6
      vertex 54.6246 4.62955 4.6
    endloop
  endfacet
  facet normal 0.382682 0.92388 -0
    outer loop
      vertex 54.2584 4.71746 4.6
      vertex 53.9104 4.86158 9.6
      vertex 54.2584 4.71746 9.6
    endloop
  endfacet
  facet normal 0.382682 0.92388 0
    outer loop
      vertex 53.9104 4.86158 9.6
      vertex 54.2584 4.71746 4.6
      vertex 53.9104 4.86158 4.6
    endloop
  endfacet
  facet normal 0.522501 0.852638 -0
    outer loop
      vertex 53.9104 4.86158 4.6
      vertex 53.5893 5.05836 9.6
      vertex 53.9104 4.86158 9.6
    endloop
  endfacet
  facet normal 0.522501 0.852638 0
    outer loop
      vertex 53.5893 5.05836 9.6
      vertex 53.9104 4.86158 4.6
      vertex 53.5893 5.05836 4.6
    endloop
  endfacet
  facet normal -0.996917 -0.0784646 0
    outer loop
      vertex 56.7 7 2.3
      vertex 56.6791 7.26594 4.6
      vertex 56.6791 7.26594 2.3
    endloop
  endfacet
  facet normal -0.996917 -0.0784646 0
    outer loop
      vertex 56.6791 7.26594 4.6
      vertex 56.7 7 2.3
      vertex 56.7 7 4.6
    endloop
  endfacet
  facet normal 0.996917 -0.0784646 0
    outer loop
      vertex 53.3 7 4.6
      vertex 53.3209 7.26594 2.3
      vertex 53.3209 7.26594 4.6
    endloop
  endfacet
  facet normal 0.996917 -0.0784646 0
    outer loop
      vertex 53.3209 7.26594 2.3
      vertex 53.3 7 4.6
      vertex 53.3 7 2.3
    endloop
  endfacet
  facet normal -0.0784611 -0.996917 0
    outer loop
      vertex 55 8.7 2.3
      vertex 55.2659 8.67907 4.6
      vertex 55 8.7 4.6
    endloop
  endfacet
  facet normal -0.0784611 -0.996917 -0
    outer loop
      vertex 55.2659 8.67907 4.6
      vertex 55 8.7 2.3
      vertex 55.2659 8.67907 2.3
    endloop
  endfacet
  facet normal 0.760404 0.64945 0
    outer loop
      vertex 53.7979 5.79792 4.6
      vertex 53.6247 6.00077 2.3
      vertex 53.6247 6.00077 4.6
    endloop
  endfacet
  facet normal 0.760404 0.64945 0
    outer loop
      vertex 53.6247 6.00077 2.3
      vertex 53.7979 5.79792 4.6
      vertex 53.7979 5.79792 2.3
    endloop
  endfacet
  facet normal -0.760404 -0.64945 0
    outer loop
      vertex 56.3753 7.99923 2.3
      vertex 56.2021 8.20208 4.6
      vertex 56.2021 8.20208 2.3
    endloop
  endfacet
  facet normal -0.760404 -0.64945 0
    outer loop
      vertex 56.2021 8.20208 4.6
      vertex 56.3753 7.99923 2.3
      vertex 56.3753 7.99923 4.6
    endloop
  endfacet
  facet normal 0.649448 -0.760406 0
    outer loop
      vertex 53.7979 8.20208 2.3
      vertex 54.0008 8.37533 4.6
      vertex 53.7979 8.20208 4.6
    endloop
  endfacet
  facet normal 0.649448 -0.760406 0
    outer loop
      vertex 54.0008 8.37533 4.6
      vertex 53.7979 8.20208 2.3
      vertex 54.0008 8.37533 2.3
    endloop
  endfacet
  facet normal 0.382687 -0.923878 0
    outer loop
      vertex 54.2282 8.51471 2.3
      vertex 54.4747 8.6168 4.6
      vertex 54.2282 8.51471 4.6
    endloop
  endfacet
  facet normal 0.382687 -0.923878 0
    outer loop
      vertex 54.4747 8.6168 4.6
      vertex 54.2282 8.51471 2.3
      vertex 54.4747 8.6168 2.3
    endloop
  endfacet
  facet normal -0.852641 0.522498 0
    outer loop
      vertex 56.3753 6.00077 2.3
      vertex 56.5147 6.22822 4.6
      vertex 56.5147 6.22822 2.3
    endloop
  endfacet
  facet normal -0.852641 0.522498 0
    outer loop
      vertex 56.5147 6.22822 4.6
      vertex 56.3753 6.00077 2.3
      vertex 56.3753 6.00077 4.6
    endloop
  endfacet
  facet normal -0.923879 -0.382684 0
    outer loop
      vertex 56.6168 7.52533 2.3
      vertex 56.5147 7.77178 4.6
      vertex 56.5147 7.77178 2.3
    endloop
  endfacet
  facet normal -0.923879 -0.382684 0
    outer loop
      vertex 56.5147 7.77178 4.6
      vertex 56.6168 7.52533 2.3
      vertex 56.6168 7.52533 4.6
    endloop
  endfacet
  facet normal -0.972369 -0.233448 0
    outer loop
      vertex 56.6791 7.26594 2.3
      vertex 56.6168 7.52533 4.6
      vertex 56.6168 7.52533 2.3
    endloop
  endfacet
  facet normal -0.972369 -0.233448 0
    outer loop
      vertex 56.6168 7.52533 4.6
      vertex 56.6791 7.26594 2.3
      vertex 56.6791 7.26594 4.6
    endloop
  endfacet
  facet normal -0.852641 -0.522498 0
    outer loop
      vertex 56.5147 7.77178 2.3
      vertex 56.3753 7.99923 4.6
      vertex 56.3753 7.99923 2.3
    endloop
  endfacet
  facet normal -0.852641 -0.522498 0
    outer loop
      vertex 56.3753 7.99923 4.6
      vertex 56.5147 7.77178 2.3
      vertex 56.5147 7.77178 4.6
    endloop
  endfacet
  facet normal -0.522499 -0.85264 0
    outer loop
      vertex 55.7718 8.51471 2.3
      vertex 55.9992 8.37533 4.6
      vertex 55.7718 8.51471 4.6
    endloop
  endfacet
  facet normal -0.522499 -0.85264 -0
    outer loop
      vertex 55.9992 8.37533 4.6
      vertex 55.7718 8.51471 2.3
      vertex 55.9992 8.37533 2.3
    endloop
  endfacet
  facet normal -0.382687 -0.923878 0
    outer loop
      vertex 55.5253 8.6168 2.3
      vertex 55.7718 8.51471 4.6
      vertex 55.5253 8.6168 4.6
    endloop
  endfacet
  facet normal -0.382687 -0.923878 -0
    outer loop
      vertex 55.7718 8.51471 4.6
      vertex 55.5253 8.6168 2.3
      vertex 55.7718 8.51471 2.3
    endloop
  endfacet
  facet normal -0.649448 -0.760406 0
    outer loop
      vertex 55.9992 8.37533 2.3
      vertex 56.2021 8.20208 4.6
      vertex 55.9992 8.37533 4.6
    endloop
  endfacet
  facet normal -0.649448 -0.760406 -0
    outer loop
      vertex 56.2021 8.20208 4.6
      vertex 55.9992 8.37533 2.3
      vertex 56.2021 8.20208 2.3
    endloop
  endfacet
  facet normal 0.852641 -0.522498 0
    outer loop
      vertex 53.4853 7.77178 4.6
      vertex 53.6247 7.99923 2.3
      vertex 53.6247 7.99923 4.6
    endloop
  endfacet
  facet normal 0.852641 -0.522498 0
    outer loop
      vertex 53.6247 7.99923 2.3
      vertex 53.4853 7.77178 4.6
      vertex 53.4853 7.77178 2.3
    endloop
  endfacet
  facet normal 0.760404 -0.64945 0
    outer loop
      vertex 53.6247 7.99923 4.6
      vertex 53.7979 8.20208 2.3
      vertex 53.7979 8.20208 4.6
    endloop
  endfacet
  facet normal 0.760404 -0.64945 0
    outer loop
      vertex 53.7979 8.20208 2.3
      vertex 53.6247 7.99923 4.6
      vertex 53.6247 7.99923 2.3
    endloop
  endfacet
  facet normal 0.923879 -0.382684 0
    outer loop
      vertex 53.3832 7.52533 4.6
      vertex 53.4853 7.77178 2.3
      vertex 53.4853 7.77178 4.6
    endloop
  endfacet
  facet normal 0.923879 -0.382684 0
    outer loop
      vertex 53.4853 7.77178 2.3
      vertex 53.3832 7.52533 4.6
      vertex 53.3832 7.52533 2.3
    endloop
  endfacet
  facet normal 0.522499 -0.85264 0
    outer loop
      vertex 54.0008 8.37533 2.3
      vertex 54.2282 8.51471 4.6
      vertex 54.0008 8.37533 4.6
    endloop
  endfacet
  facet normal 0.522499 -0.85264 0
    outer loop
      vertex 54.2282 8.51471 4.6
      vertex 54.0008 8.37533 2.3
      vertex 54.2282 8.51471 2.3
    endloop
  endfacet
  facet normal 0.233444 -0.97237 0
    outer loop
      vertex 54.4747 8.6168 2.3
      vertex 54.7341 8.67907 4.6
      vertex 54.4747 8.6168 4.6
    endloop
  endfacet
  facet normal 0.233444 -0.97237 0
    outer loop
      vertex 54.7341 8.67907 4.6
      vertex 54.4747 8.6168 2.3
      vertex 54.7341 8.67907 2.3
    endloop
  endfacet
  facet normal 0.649448 0.760406 -0
    outer loop
      vertex 54.0008 5.62467 2.3
      vertex 53.7979 5.79792 4.6
      vertex 54.0008 5.62467 4.6
    endloop
  endfacet
  facet normal 0.649448 0.760406 0
    outer loop
      vertex 53.7979 5.79792 4.6
      vertex 54.0008 5.62467 2.3
      vertex 53.7979 5.79792 2.3
    endloop
  endfacet
  facet normal 0.382687 0.923878 -0
    outer loop
      vertex 54.4747 5.3832 2.3
      vertex 54.2282 5.48529 4.6
      vertex 54.4747 5.3832 4.6
    endloop
  endfacet
  facet normal 0.382687 0.923878 0
    outer loop
      vertex 54.2282 5.48529 4.6
      vertex 54.4747 5.3832 2.3
      vertex 54.2282 5.48529 2.3
    endloop
  endfacet
  facet normal 0.852641 0.522498 0
    outer loop
      vertex 53.6247 6.00077 4.6
      vertex 53.4853 6.22822 2.3
      vertex 53.4853 6.22822 4.6
    endloop
  endfacet
  facet normal 0.852641 0.522498 0
    outer loop
      vertex 53.4853 6.22822 2.3
      vertex 53.6247 6.00077 4.6
      vertex 53.6247 6.00077 2.3
    endloop
  endfacet
  facet normal 0 0 1
    outer loop
      vertex 56.6791 7.26594 2.3
      vertex 56.6791 6.73406 2.3
      vertex 56.7 7 2.3
    endloop
  endfacet
  facet normal 0 0 1
    outer loop
      vertex 56.6168 7.52533 2.3
      vertex 56.6791 6.73406 2.3
      vertex 56.6791 7.26594 2.3
    endloop
  endfacet
  facet normal 0 0 1
    outer loop
      vertex 56.6168 7.52533 2.3
      vertex 56.6168 6.47467 2.3
      vertex 56.6791 6.73406 2.3
    endloop
  endfacet
  facet normal 0 0 1
    outer loop
      vertex 56.5147 7.77178 2.3
      vertex 56.6168 6.47467 2.3
      vertex 56.6168 7.52533 2.3
    endloop
  endfacet
  facet normal 0 0 1
    outer loop
      vertex 56.5147 7.77178 2.3
      vertex 56.5147 6.22822 2.3
      vertex 56.6168 6.47467 2.3
    endloop
  endfacet
  facet normal 0 0 1
    outer loop
      vertex 56.3753 7.99923 2.3
      vertex 56.5147 6.22822 2.3
      vertex 56.5147 7.77178 2.3
    endloop
  endfacet
  facet normal 0 0 1
    outer loop
      vertex 56.3753 7.99923 2.3
      vertex 56.3753 6.00077 2.3
      vertex 56.5147 6.22822 2.3
    endloop
  endfacet
  facet normal 0 0 1
    outer loop
      vertex 56.2021 8.20208 2.3
      vertex 56.3753 6.00077 2.3
      vertex 56.3753 7.99923 2.3
    endloop
  endfacet
  facet normal 0 0 1
    outer loop
      vertex 56.2021 8.20208 2.3
      vertex 56.2021 5.79792 2.3
      vertex 56.3753 6.00077 2.3
    endloop
  endfacet
  facet normal 0 0 1
    outer loop
      vertex 55.9992 8.37533 2.3
      vertex 56.2021 5.79792 2.3
      vertex 56.2021 8.20208 2.3
    endloop
  endfacet
  facet normal 0 0 1
    outer loop
      vertex 55.9992 8.37533 2.3
      vertex 55.9992 5.62467 2.3
      vertex 56.2021 5.79792 2.3
    endloop
  endfacet
  facet normal 0 0 1
    outer loop
      vertex 55.7718 8.51471 2.3
      vertex 55.9992 5.62467 2.3
      vertex 55.9992 8.37533 2.3
    endloop
  endfacet
  facet normal 0 0 1
    outer loop
      vertex 55.7718 8.51471 2.3
      vertex 55.7718 5.48529 2.3
      vertex 55.9992 5.62467 2.3
    endloop
  endfacet
  facet normal 0 0 1
    outer loop
      vertex 55.5253 8.6168 2.3
      vertex 55.7718 5.48529 2.3
      vertex 55.7718 8.51471 2.3
    endloop
  endfacet
  facet normal 0 0 1
    outer loop
      vertex 55.5253 8.6168 2.3
      vertex 55.5253 5.3832 2.3
      vertex 55.7718 5.48529 2.3
    endloop
  endfacet
  facet normal 0 0 1
    outer loop
      vertex 55.2659 8.67907 2.3
      vertex 55.5253 5.3832 2.3
      vertex 55.5253 8.6168 2.3
    endloop
  endfacet
  facet normal 0 0 1
    outer loop
      vertex 55.2659 8.67907 2.3
      vertex 55.2659 5.32093 2.3
      vertex 55.5253 5.3832 2.3
    endloop
  endfacet
  facet normal 0 0 1
    outer loop
      vertex 55 8.7 2.3
      vertex 55.2659 5.32093 2.3
      vertex 55.2659 8.67907 2.3
    endloop
  endfacet
  facet normal 0 0 1
    outer loop
      vertex 55 8.7 2.3
      vertex 55 5.3 2.3
      vertex 55.2659 5.32093 2.3
    endloop
  endfacet
  facet normal -0 0 1
    outer loop
      vertex 54.7341 8.67907 2.3
      vertex 55 5.3 2.3
      vertex 55 8.7 2.3
    endloop
  endfacet
  facet normal 0 0 1
    outer loop
      vertex 54.7341 8.67907 2.3
      vertex 54.7341 5.32093 2.3
      vertex 55 5.3 2.3
    endloop
  endfacet
  facet normal -0 0 1
    outer loop
      vertex 54.4747 8.6168 2.3
      vertex 54.7341 5.32093 2.3
      vertex 54.7341 8.67907 2.3
    endloop
  endfacet
  facet normal 0 0 1
    outer loop
      vertex 54.4747 8.6168 2.3
      vertex 54.4747 5.3832 2.3
      vertex 54.7341 5.32093 2.3
    endloop
  endfacet
  facet normal -0 0 1
    outer loop
      vertex 54.2282 8.51471 2.3
      vertex 54.4747 5.3832 2.3
      vertex 54.4747 8.6168 2.3
    endloop
  endfacet
  facet normal 0 0 1
    outer loop
      vertex 54.2282 8.51471 2.3
      vertex 54.2282 5.48529 2.3
      vertex 54.4747 5.3832 2.3
    endloop
  endfacet
  facet normal -0 0 1
    outer loop
      vertex 54.0008 8.37533 2.3
      vertex 54.2282 5.48529 2.3
      vertex 54.2282 8.51471 2.3
    endloop
  endfacet
  facet normal 0 0 1
    outer loop
      vertex 54.0008 8.37533 2.3
      vertex 54.0008 5.62467 2.3
      vertex 54.2282 5.48529 2.3
    endloop
  endfacet
  facet normal -0 0 1
    outer loop
      vertex 53.7979 8.20208 2.3
      vertex 54.0008 5.62467 2.3
      vertex 54.0008 8.37533 2.3
    endloop
  endfacet
  facet normal 0 0 1
    outer loop
      vertex 53.7979 8.20208 2.3
      vertex 53.7979 5.79792 2.3
      vertex 54.0008 5.62467 2.3
    endloop
  endfacet
  facet normal -0 0 1
    outer loop
      vertex 53.6247 7.99923 2.3
      vertex 53.7979 5.79792 2.3
      vertex 53.7979 8.20208 2.3
    endloop
  endfacet
  facet normal 0 0 1
    outer loop
      vertex 53.6247 7.99923 2.3
      vertex 53.6247 6.00077 2.3
      vertex 53.7979 5.79792 2.3
    endloop
  endfacet
  facet normal -0 0 1
    outer loop
      vertex 53.4853 7.77178 2.3
      vertex 53.6247 6.00077 2.3
      vertex 53.6247 7.99923 2.3
    endloop
  endfacet
  facet normal 0 0 1
    outer loop
      vertex 53.4853 7.77178 2.3
      vertex 53.4853 6.22822 2.3
      vertex 53.6247 6.00077 2.3
    endloop
  endfacet
  facet normal -0 0 1
    outer loop
      vertex 53.3832 7.52533 2.3
      vertex 53.4853 6.22822 2.3
      vertex 53.4853 7.77178 2.3
    endloop
  endfacet
  facet normal 0 0 1
    outer loop
      vertex 53.3832 7.52533 2.3
      vertex 53.3832 6.47467 2.3
      vertex 53.4853 6.22822 2.3
    endloop
  endfacet
  facet normal -0 0 1
    outer loop
      vertex 53.3209 7.26594 2.3
      vertex 53.3832 6.47467 2.3
      vertex 53.3832 7.52533 2.3
    endloop
  endfacet
  facet normal 0 0 1
    outer loop
      vertex 53.3209 7.26594 2.3
      vertex 53.3209 6.73406 2.3
      vertex 53.3832 6.47467 2.3
    endloop
  endfacet
  facet normal 0 -0 1
    outer loop
      vertex 53.3209 6.73406 2.3
      vertex 53.3209 7.26594 2.3
      vertex 53.3 7 2.3
    endloop
  endfacet
  facet normal -0.233444 -0.97237 0
    outer loop
      vertex 55.2659 8.67907 2.3
      vertex 55.5253 8.6168 4.6
      vertex 55.2659 8.67907 4.6
    endloop
  endfacet
  facet normal -0.233444 -0.97237 -0
    outer loop
      vertex 55.5253 8.6168 4.6
      vertex 55.2659 8.67907 2.3
      vertex 55.5253 8.6168 2.3
    endloop
  endfacet
  facet normal 0.972369 -0.233448 0
    outer loop
      vertex 53.3209 7.26594 4.6
      vertex 53.3832 7.52533 2.3
      vertex 53.3832 7.52533 4.6
    endloop
  endfacet
  facet normal 0.972369 -0.233448 0
    outer loop
      vertex 53.3832 7.52533 2.3
      vertex 53.3209 7.26594 4.6
      vertex 53.3209 7.26594 2.3
    endloop
  endfacet
  facet normal 0.0784611 -0.996917 0
    outer loop
      vertex 54.7341 8.67907 2.3
      vertex 55 8.7 4.6
      vertex 54.7341 8.67907 4.6
    endloop
  endfacet
  facet normal 0.0784611 -0.996917 0
    outer loop
      vertex 55 8.7 4.6
      vertex 54.7341 8.67907 2.3
      vertex 55 8.7 2.3
    endloop
  endfacet
  facet normal -0.0784611 0.996917 0
    outer loop
      vertex 55.2659 5.32093 2.3
      vertex 55 5.3 4.6
      vertex 55.2659 5.32093 4.6
    endloop
  endfacet
  facet normal -0.0784611 0.996917 0
    outer loop
      vertex 55 5.3 4.6
      vertex 55.2659 5.32093 2.3
      vertex 55 5.3 2.3
    endloop
  endfacet
  facet normal -0.382687 0.923878 0
    outer loop
      vertex 55.7718 5.48529 2.3
      vertex 55.5253 5.3832 4.6
      vertex 55.7718 5.48529 4.6
    endloop
  endfacet
  facet normal -0.382687 0.923878 0
    outer loop
      vertex 55.5253 5.3832 4.6
      vertex 55.7718 5.48529 2.3
      vertex 55.5253 5.3832 2.3
    endloop
  endfacet
  facet normal -0.760404 0.64945 0
    outer loop
      vertex 56.2021 5.79792 2.3
      vertex 56.3753 6.00077 4.6
      vertex 56.3753 6.00077 2.3
    endloop
  endfacet
  facet normal -0.760404 0.64945 0
    outer loop
      vertex 56.3753 6.00077 4.6
      vertex 56.2021 5.79792 2.3
      vertex 56.2021 5.79792 4.6
    endloop
  endfacet
  facet normal -0.522499 0.85264 0
    outer loop
      vertex 55.9992 5.62467 2.3
      vertex 55.7718 5.48529 4.6
      vertex 55.9992 5.62467 4.6
    endloop
  endfacet
  facet normal -0.522499 0.85264 0
    outer loop
      vertex 55.7718 5.48529 4.6
      vertex 55.9992 5.62467 2.3
      vertex 55.7718 5.48529 2.3
    endloop
  endfacet
  facet normal -0.923879 0.382684 0
    outer loop
      vertex 56.5147 6.22822 2.3
      vertex 56.6168 6.47467 4.6
      vertex 56.6168 6.47467 2.3
    endloop
  endfacet
  facet normal -0.923879 0.382684 0
    outer loop
      vertex 56.6168 6.47467 4.6
      vertex 56.5147 6.22822 2.3
      vertex 56.5147 6.22822 4.6
    endloop
  endfacet
  facet normal -0.972369 0.233448 0
    outer loop
      vertex 56.6168 6.47467 2.3
      vertex 56.6791 6.73406 4.6
      vertex 56.6791 6.73406 2.3
    endloop
  endfacet
  facet normal -0.972369 0.233448 0
    outer loop
      vertex 56.6791 6.73406 4.6
      vertex 56.6168 6.47467 2.3
      vertex 56.6168 6.47467 4.6
    endloop
  endfacet
  facet normal 0.522499 0.85264 -0
    outer loop
      vertex 54.2282 5.48529 2.3
      vertex 54.0008 5.62467 4.6
      vertex 54.2282 5.48529 4.6
    endloop
  endfacet
  facet normal 0.522499 0.85264 0
    outer loop
      vertex 54.0008 5.62467 4.6
      vertex 54.2282 5.48529 2.3
      vertex 54.0008 5.62467 2.3
    endloop
  endfacet
  facet normal 0.233444 0.97237 -0
    outer loop
      vertex 54.7341 5.32093 2.3
      vertex 54.4747 5.3832 4.6
      vertex 54.7341 5.32093 4.6
    endloop
  endfacet
  facet normal 0.233444 0.97237 0
    outer loop
      vertex 54.4747 5.3832 4.6
      vertex 54.7341 5.32093 2.3
      vertex 54.4747 5.3832 2.3
    endloop
  endfacet
  facet normal 0.923879 0.382684 0
    outer loop
      vertex 53.4853 6.22822 4.6
      vertex 53.3832 6.47467 2.3
      vertex 53.3832 6.47467 4.6
    endloop
  endfacet
  facet normal 0.923879 0.382684 0
    outer loop
      vertex 53.3832 6.47467 2.3
      vertex 53.4853 6.22822 4.6
      vertex 53.4853 6.22822 2.3
    endloop
  endfacet
  facet normal 0.996917 0.0784646 0
    outer loop
      vertex 53.3209 6.73406 4.6
      vertex 53.3 7 2.3
      vertex 53.3 7 4.6
    endloop
  endfacet
  facet normal 0.996917 0.0784646 0
    outer loop
      vertex 53.3 7 2.3
      vertex 53.3209 6.73406 4.6
      vertex 53.3209 6.73406 2.3
    endloop
  endfacet
  facet normal -0.233444 0.97237 0
    outer loop
      vertex 55.5253 5.3832 2.3
      vertex 55.2659 5.32093 4.6
      vertex 55.5253 5.3832 4.6
    endloop
  endfacet
  facet normal -0.233444 0.97237 0
    outer loop
      vertex 55.2659 5.32093 4.6
      vertex 55.5253 5.3832 2.3
      vertex 55.2659 5.32093 2.3
    endloop
  endfacet
  facet normal -0.649448 0.760406 0
    outer loop
      vertex 56.2021 5.79792 2.3
      vertex 55.9992 5.62467 4.6
      vertex 56.2021 5.79792 4.6
    endloop
  endfacet
  facet normal -0.649448 0.760406 0
    outer loop
      vertex 55.9992 5.62467 4.6
      vertex 56.2021 5.79792 2.3
      vertex 55.9992 5.62467 2.3
    endloop
  endfacet
  facet normal -0.996917 0.0784646 0
    outer loop
      vertex 56.6791 6.73406 2.3
      vertex 56.7 7 4.6
      vertex 56.7 7 2.3
    endloop
  endfacet
  facet normal -0.996917 0.0784646 0
    outer loop
      vertex 56.7 7 4.6
      vertex 56.6791 6.73406 2.3
      vertex 56.6791 6.73406 4.6
    endloop
  endfacet
  facet normal 0.0784611 0.996917 -0
    outer loop
      vertex 55 5.3 2.3
      vertex 54.7341 5.32093 4.6
      vertex 55 5.3 4.6
    endloop
  endfacet
  facet normal 0.0784611 0.996917 0
    outer loop
      vertex 54.7341 5.32093 4.6
      vertex 55 5.3 2.3
      vertex 54.7341 5.32093 2.3
    endloop
  endfacet
  facet normal 0.972369 0.233448 0
    outer loop
      vertex 53.3832 6.47467 4.6
      vertex 53.3209 6.73406 2.3
      vertex 53.3209 6.73406 4.6
    endloop
  endfacet
  facet normal 0.972369 0.233448 0
    outer loop
      vertex 53.3209 6.73406 2.3
      vertex 53.3832 6.47467 4.6
      vertex 53.3832 6.47467 2.3
    endloop
  endfacet
  facet normal -0 0 1
    outer loop
      vertex 4.30974 16.5925 2.1
      vertex 5.29874 16.1445 2.1
      vertex 5.29874 16.5925 2.1
    endloop
  endfacet
  facet normal 0 0 1
    outer loop
      vertex 3.76274 16.1445 2.1
      vertex 4.30974 16.5925 2.1
      vertex 3.76274 16.5925 2.1
    endloop
  endfacet
  facet normal 0 0 1
    outer loop
      vertex 4.30974 16.5925 2.1
      vertex 3.76274 16.1445 2.1
      vertex 5.29874 16.1445 2.1
    endloop
  endfacet
  facet normal 0 0 1
    outer loop
      vertex 3.76274 16.5925 2.1
      vertex 5.29874 17.8855 2.1
      vertex 5.42674 18.7685 2.1
    endloop
  endfacet
  facet normal 0 0 1
    outer loop
      vertex 5.29874 17.8855 2.1
      vertex 3.76274 16.5925 2.1
      vertex 4.30974 16.5925 2.1
    endloop
  endfacet
  facet normal -0 0 1
    outer loop
      vertex 5.29874 17.8855 2.1
      vertex 5.74673 16.5925 2.1
      vertex 5.74673 18.7685 2.1
    endloop
  endfacet
  facet normal 0 0 1
    outer loop
      vertex 5.29874 16.5925 2.1
      vertex 5.74673 16.5925 2.1
      vertex 5.29874 17.8855 2.1
    endloop
  endfacet
  facet normal 0 0 1
    outer loop
      vertex 5.29874 17.8855 2.1
      vertex 5.74673 18.7685 2.1
      vertex 5.42674 18.7685 2.1
    endloop
  endfacet
  facet normal 0 0 1
    outer loop
      vertex 5.74673 16.5925 2.1
      vertex 5.29874 16.5925 2.1
      vertex 5.74673 16.1445 2.1
    endloop
  endfacet
  facet normal 0 0 1
    outer loop
      vertex 5.29874 16.1445 2.1
      vertex 5.74673 16.1445 2.1
      vertex 5.29874 16.5925 2.1
    endloop
  endfacet
  facet normal 0 0 1
    outer loop
      vertex 5.74673 16.1445 2.1
      vertex 5.29874 16.1445 2.1
      vertex 5.74673 15.3125 2.1
    endloop
  endfacet
  facet normal 0 0 1
    outer loop
      vertex 5.74673 15.3125 2.1
      vertex 5.29874 16.1445 2.1
      vertex 5.29874 15.3125 2.1
    endloop
  endfacet
  facet normal -0 0 1
    outer loop
      vertex 5.74673 16.5925 2.1
      vertex 6.19473 16.1445 2.1
      vertex 6.19473 16.5925 2.1
    endloop
  endfacet
  facet normal 0 0 1
    outer loop
      vertex 6.19473 16.1445 2.1
      vertex 5.74673 16.5925 2.1
      vertex 5.74673 16.1445 2.1
    endloop
  endfacet
  facet normal -0 0 1
    outer loop
      vertex 8.27066 16.5925 2.1
      vertex 9.25966 16.1445 2.1
      vertex 9.25966 16.5925 2.1
    endloop
  endfacet
  facet normal 0 0 1
    outer loop
      vertex 7.72366 16.1445 2.1
      vertex 8.27066 16.5925 2.1
      vertex 7.72366 16.5925 2.1
    endloop
  endfacet
  facet normal 0 0 1
    outer loop
      vertex 8.27066 16.5925 2.1
      vertex 7.72366 16.1445 2.1
      vertex 9.25966 16.1445 2.1
    endloop
  endfacet
  facet normal 0 0 1
    outer loop
      vertex 7.72366 16.5925 2.1
      vertex 9.25966 17.8855 2.1
      vertex 9.38766 18.7685 2.1
    endloop
  endfacet
  facet normal 0 0 1
    outer loop
      vertex 9.25966 17.8855 2.1
      vertex 7.72366 16.5925 2.1
      vertex 8.27066 16.5925 2.1
    endloop
  endfacet
  facet normal -0 0 1
    outer loop
      vertex 9.25966 17.8855 2.1
      vertex 9.70766 16.5925 2.1
      vertex 9.70766 18.7685 2.1
    endloop
  endfacet
  facet normal 0 0 1
    outer loop
      vertex 9.25966 16.5925 2.1
      vertex 9.70766 16.5925 2.1
      vertex 9.25966 17.8855 2.1
    endloop
  endfacet
  facet normal 0 0 1
    outer loop
      vertex 9.25966 17.8855 2.1
      vertex 9.70766 18.7685 2.1
      vertex 9.38766 18.7685 2.1
    endloop
  endfacet
  facet normal 0 0 1
    outer loop
      vertex 9.70766 16.5925 2.1
      vertex 9.25966 16.5925 2.1
      vertex 9.70766 16.1445 2.1
    endloop
  endfacet
  facet normal 0 0 1
    outer loop
      vertex 9.25966 16.1445 2.1
      vertex 9.70766 16.1445 2.1
      vertex 9.25966 16.5925 2.1
    endloop
  endfacet
  facet normal 0 0 1
    outer loop
      vertex 9.70766 16.1445 2.1
      vertex 9.25966 16.1445 2.1
      vertex 9.70766 15.3125 2.1
    endloop
  endfacet
  facet normal 0 0 1
    outer loop
      vertex 9.70766 15.3125 2.1
      vertex 9.25966 16.1445 2.1
      vertex 9.25966 15.3125 2.1
    endloop
  endfacet
  facet normal -0 0 1
    outer loop
      vertex 9.70766 16.5925 2.1
      vertex 10.1557 16.1445 2.1
      vertex 10.1557 16.5925 2.1
    endloop
  endfacet
  facet normal 0 0 1
    outer loop
      vertex 10.1557 16.1445 2.1
      vertex 9.70766 16.5925 2.1
      vertex 9.70766 16.1445 2.1
    endloop
  endfacet
  facet normal -0 0 1
    outer loop
      vertex 6.78835 15.7605 2.1
      vertex 7.23633 15.3125 2.1
      vertex 7.23633 15.7605 2.1
    endloop
  endfacet
  facet normal 0 0 1
    outer loop
      vertex 7.23633 15.3125 2.1
      vertex 6.78835 15.7605 2.1
      vertex 6.78835 15.3125 2.1
    endloop
  endfacet
  facet normal 0 -1 0
    outer loop
      vertex 5.74673 16.1445 1.6
      vertex 6.19473 16.1445 2.1
      vertex 5.74673 16.1445 2.1
    endloop
  endfacet
  facet normal 0 -1 -0
    outer loop
      vertex 6.19473 16.1445 2.1
      vertex 5.74673 16.1445 1.6
      vertex 6.19473 16.1445 1.6
    endloop
  endfacet
  facet normal 1 -0 0
    outer loop
      vertex 6.19473 16.1445 2.1
      vertex 6.19473 16.5925 1.6
      vertex 6.19473 16.5925 2.1
    endloop
  endfacet
  facet normal 1 0 0
    outer loop
      vertex 6.19473 16.5925 1.6
      vertex 6.19473 16.1445 2.1
      vertex 6.19473 16.1445 1.6
    endloop
  endfacet
  facet normal 0 1 -0
    outer loop
      vertex 6.19473 16.5925 1.6
      vertex 5.74673 16.5925 2.1
      vertex 6.19473 16.5925 2.1
    endloop
  endfacet
  facet normal 0 1 0
    outer loop
      vertex 5.74673 16.5925 2.1
      vertex 6.19473 16.5925 1.6
      vertex 5.74673 16.5925 1.6
    endloop
  endfacet
  facet normal 1 -0 0
    outer loop
      vertex 5.74673 16.5925 2.1
      vertex 5.74673 18.7685 1.6
      vertex 5.74673 18.7685 2.1
    endloop
  endfacet
  facet normal 1 0 0
    outer loop
      vertex 5.74673 18.7685 1.6
      vertex 5.74673 16.5925 2.1
      vertex 5.74673 16.5925 1.6
    endloop
  endfacet
  facet normal 0 1 -0
    outer loop
      vertex 5.74673 18.7685 1.6
      vertex 5.42674 18.7685 2.1
      vertex 5.74673 18.7685 2.1
    endloop
  endfacet
  facet normal 0 1 0
    outer loop
      vertex 5.42674 18.7685 2.1
      vertex 5.74673 18.7685 1.6
      vertex 5.42674 18.7685 1.6
    endloop
  endfacet
  facet normal -0.794355 0.607454 0
    outer loop
      vertex 3.76274 16.5925 1.6
      vertex 5.42674 18.7685 2.1
      vertex 5.42674 18.7685 1.6
    endloop
  endfacet
  facet normal -0.794355 0.607454 0
    outer loop
      vertex 5.42674 18.7685 2.1
      vertex 3.76274 16.5925 1.6
      vertex 3.76274 16.5925 2.1
    endloop
  endfacet
  facet normal -1 0 0
    outer loop
      vertex 3.76274 16.1445 1.6
      vertex 3.76274 16.5925 2.1
      vertex 3.76274 16.5925 1.6
    endloop
  endfacet
  facet normal -1 -0 0
    outer loop
      vertex 3.76274 16.5925 2.1
      vertex 3.76274 16.1445 1.6
      vertex 3.76274 16.1445 2.1
    endloop
  endfacet
  facet normal 0 -1 0
    outer loop
      vertex 3.76274 16.1445 1.6
      vertex 5.29874 16.1445 2.1
      vertex 3.76274 16.1445 2.1
    endloop
  endfacet
  facet normal 0 -1 -0
    outer loop
      vertex 5.29874 16.1445 2.1
      vertex 3.76274 16.1445 1.6
      vertex 5.29874 16.1445 1.6
    endloop
  endfacet
  facet normal -1 0 0
    outer loop
      vertex 5.29874 15.3125 1.6
      vertex 5.29874 16.1445 2.1
      vertex 5.29874 16.1445 1.6
    endloop
  endfacet
  facet normal -1 -0 0
    outer loop
      vertex 5.29874 16.1445 2.1
      vertex 5.29874 15.3125 1.6
      vertex 5.29874 15.3125 2.1
    endloop
  endfacet
  facet normal 0 -1 0
    outer loop
      vertex 5.29874 15.3125 1.6
      vertex 5.74673 15.3125 2.1
      vertex 5.29874 15.3125 2.1
    endloop
  endfacet
  facet normal 0 -1 -0
    outer loop
      vertex 5.74673 15.3125 2.1
      vertex 5.29874 15.3125 1.6
      vertex 5.74673 15.3125 1.6
    endloop
  endfacet
  facet normal 1 -0 0
    outer loop
      vertex 5.74673 15.3125 2.1
      vertex 5.74673 16.1445 1.6
      vertex 5.74673 16.1445 2.1
    endloop
  endfacet
  facet normal 1 0 0
    outer loop
      vertex 5.74673 16.1445 1.6
      vertex 5.74673 15.3125 2.1
      vertex 5.74673 15.3125 1.6
    endloop
  endfacet
  facet normal 0.794285 -0.607545 0
    outer loop
      vertex 4.30974 16.5925 2.1
      vertex 5.29874 17.8855 1.6
      vertex 5.29874 17.8855 2.1
    endloop
  endfacet
  facet normal 0.794285 -0.607545 0
    outer loop
      vertex 5.29874 17.8855 1.6
      vertex 4.30974 16.5925 2.1
      vertex 4.30974 16.5925 1.6
    endloop
  endfacet
  facet normal -1 0 0
    outer loop
      vertex 5.29874 16.5925 1.6
      vertex 5.29874 17.8855 2.1
      vertex 5.29874 17.8855 1.6
    endloop
  endfacet
  facet normal -1 -0 0
    outer loop
      vertex 5.29874 17.8855 2.1
      vertex 5.29874 16.5925 1.6
      vertex 5.29874 16.5925 2.1
    endloop
  endfacet
  facet normal 0 1 -0
    outer loop
      vertex 5.29874 16.5925 1.6
      vertex 4.30974 16.5925 2.1
      vertex 5.29874 16.5925 2.1
    endloop
  endfacet
  facet normal 0 1 0
    outer loop
      vertex 4.30974 16.5925 2.1
      vertex 5.29874 16.5925 1.6
      vertex 4.30974 16.5925 1.6
    endloop
  endfacet
  facet normal 0 -1 0
    outer loop
      vertex 9.70766 16.1445 1.6
      vertex 10.1557 16.1445 2.1
      vertex 9.70766 16.1445 2.1
    endloop
  endfacet
  facet normal 0 -1 -0
    outer loop
      vertex 10.1557 16.1445 2.1
      vertex 9.70766 16.1445 1.6
      vertex 10.1557 16.1445 1.6
    endloop
  endfacet
  facet normal 1 -0 0
    outer loop
      vertex 10.1557 16.1445 2.1
      vertex 10.1557 16.5925 1.6
      vertex 10.1557 16.5925 2.1
    endloop
  endfacet
  facet normal 1 0 0
    outer loop
      vertex 10.1557 16.5925 1.6
      vertex 10.1557 16.1445 2.1
      vertex 10.1557 16.1445 1.6
    endloop
  endfacet
  facet normal 0 1 -0
    outer loop
      vertex 10.1557 16.5925 1.6
      vertex 9.70766 16.5925 2.1
      vertex 10.1557 16.5925 2.1
    endloop
  endfacet
  facet normal 0 1 0
    outer loop
      vertex 9.70766 16.5925 2.1
      vertex 10.1557 16.5925 1.6
      vertex 9.70766 16.5925 1.6
    endloop
  endfacet
  facet normal 1 -0 0
    outer loop
      vertex 9.70766 16.5925 2.1
      vertex 9.70766 18.7685 1.6
      vertex 9.70766 18.7685 2.1
    endloop
  endfacet
  facet normal 1 0 0
    outer loop
      vertex 9.70766 18.7685 1.6
      vertex 9.70766 16.5925 2.1
      vertex 9.70766 16.5925 1.6
    endloop
  endfacet
  facet normal 0 1 -0
    outer loop
      vertex 9.70766 18.7685 1.6
      vertex 9.38766 18.7685 2.1
      vertex 9.70766 18.7685 2.1
    endloop
  endfacet
  facet normal 0 1 0
    outer loop
      vertex 9.38766 18.7685 2.1
      vertex 9.70766 18.7685 1.6
      vertex 9.38766 18.7685 1.6
    endloop
  endfacet
  facet normal -0.794355 0.607454 0
    outer loop
      vertex 7.72366 16.5925 1.6
      vertex 9.38766 18.7685 2.1
      vertex 9.38766 18.7685 1.6
    endloop
  endfacet
  facet normal -0.794355 0.607454 0
    outer loop
      vertex 9.38766 18.7685 2.1
      vertex 7.72366 16.5925 1.6
      vertex 7.72366 16.5925 2.1
    endloop
  endfacet
  facet normal -1 0 0
    outer loop
      vertex 7.72366 16.1445 1.6
      vertex 7.72366 16.5925 2.1
      vertex 7.72366 16.5925 1.6
    endloop
  endfacet
  facet normal -1 -0 0
    outer loop
      vertex 7.72366 16.5925 2.1
      vertex 7.72366 16.1445 1.6
      vertex 7.72366 16.1445 2.1
    endloop
  endfacet
  facet normal 0 -1 0
    outer loop
      vertex 7.72366 16.1445 1.6
      vertex 9.25966 16.1445 2.1
      vertex 7.72366 16.1445 2.1
    endloop
  endfacet
  facet normal 0 -1 -0
    outer loop
      vertex 9.25966 16.1445 2.1
      vertex 7.72366 16.1445 1.6
      vertex 9.25966 16.1445 1.6
    endloop
  endfacet
  facet normal -1 0 0
    outer loop
      vertex 9.25966 15.3125 1.6
      vertex 9.25966 16.1445 2.1
      vertex 9.25966 16.1445 1.6
    endloop
  endfacet
  facet normal -1 -0 0
    outer loop
      vertex 9.25966 16.1445 2.1
      vertex 9.25966 15.3125 1.6
      vertex 9.25966 15.3125 2.1
    endloop
  endfacet
  facet normal 0 -1 0
    outer loop
      vertex 9.25966 15.3125 1.6
      vertex 9.70766 15.3125 2.1
      vertex 9.25966 15.3125 2.1
    endloop
  endfacet
  facet normal 0 -1 -0
    outer loop
      vertex 9.70766 15.3125 2.1
      vertex 9.25966 15.3125 1.6
      vertex 9.70766 15.3125 1.6
    endloop
  endfacet
  facet normal 1 -0 0
    outer loop
      vertex 9.70766 15.3125 2.1
      vertex 9.70766 16.1445 1.6
      vertex 9.70766 16.1445 2.1
    endloop
  endfacet
  facet normal 1 0 0
    outer loop
      vertex 9.70766 16.1445 1.6
      vertex 9.70766 15.3125 2.1
      vertex 9.70766 15.3125 1.6
    endloop
  endfacet
  facet normal 0.794285 -0.607545 0
    outer loop
      vertex 8.27066 16.5925 2.1
      vertex 9.25966 17.8855 1.6
      vertex 9.25966 17.8855 2.1
    endloop
  endfacet
  facet normal 0.794285 -0.607545 0
    outer loop
      vertex 9.25966 17.8855 1.6
      vertex 8.27066 16.5925 2.1
      vertex 8.27066 16.5925 1.6
    endloop
  endfacet
  facet normal -1 0 0
    outer loop
      vertex 9.25966 16.5925 1.6
      vertex 9.25966 17.8855 2.1
      vertex 9.25966 17.8855 1.6
    endloop
  endfacet
  facet normal -1 -0 0
    outer loop
      vertex 9.25966 17.8855 2.1
      vertex 9.25966 16.5925 1.6
      vertex 9.25966 16.5925 2.1
    endloop
  endfacet
  facet normal 0 1 -0
    outer loop
      vertex 9.25966 16.5925 1.6
      vertex 8.27066 16.5925 2.1
      vertex 9.25966 16.5925 2.1
    endloop
  endfacet
  facet normal 0 1 0
    outer loop
      vertex 8.27066 16.5925 2.1
      vertex 9.25966 16.5925 1.6
      vertex 8.27066 16.5925 1.6
    endloop
  endfacet
  facet normal 0 1 -0
    outer loop
      vertex 7.23633 15.7605 1.6
      vertex 6.78835 15.7605 2.1
      vertex 7.23633 15.7605 2.1
    endloop
  endfacet
  facet normal 0 1 0
    outer loop
      vertex 6.78835 15.7605 2.1
      vertex 7.23633 15.7605 1.6
      vertex 6.78835 15.7605 1.6
    endloop
  endfacet
  facet normal -1 0 0
    outer loop
      vertex 6.78835 15.3125 1.6
      vertex 6.78835 15.7605 2.1
      vertex 6.78835 15.7605 1.6
    endloop
  endfacet
  facet normal -1 -0 0
    outer loop
      vertex 6.78835 15.7605 2.1
      vertex 6.78835 15.3125 1.6
      vertex 6.78835 15.3125 2.1
    endloop
  endfacet
  facet normal 0 -1 0
    outer loop
      vertex 6.78835 15.3125 1.6
      vertex 7.23633 15.3125 2.1
      vertex 6.78835 15.3125 2.1
    endloop
  endfacet
  facet normal 0 -1 -0
    outer loop
      vertex 7.23633 15.3125 2.1
      vertex 6.78835 15.3125 1.6
      vertex 7.23633 15.3125 1.6
    endloop
  endfacet
  facet normal 1 -0 0
    outer loop
      vertex 7.23633 15.3125 2.1
      vertex 7.23633 15.7605 1.6
      vertex 7.23633 15.7605 2.1
    endloop
  endfacet
  facet normal 1 0 0
    outer loop
      vertex 7.23633 15.7605 1.6
      vertex 7.23633 15.3125 2.1
      vertex 7.23633 15.3125 1.6
    endloop
  endfacet
  facet normal -0 0 1
    outer loop
      vertex 16.3097 16.6238 2.1
      vertex 17.2987 16.1758 2.1
      vertex 17.2987 16.6238 2.1
    endloop
  endfacet
  facet normal 0 0 1
    outer loop
      vertex 15.7627 16.1758 2.1
      vertex 16.3097 16.6238 2.1
      vertex 15.7627 16.6238 2.1
    endloop
  endfacet
  facet normal 0 0 1
    outer loop
      vertex 16.3097 16.6238 2.1
      vertex 15.7627 16.1758 2.1
      vertex 17.2987 16.1758 2.1
    endloop
  endfacet
  facet normal 0 0 1
    outer loop
      vertex 15.7627 16.6238 2.1
      vertex 17.2987 17.9167 2.1
      vertex 17.4267 18.7997 2.1
    endloop
  endfacet
  facet normal 0 0 1
    outer loop
      vertex 17.2987 17.9167 2.1
      vertex 15.7627 16.6238 2.1
      vertex 16.3097 16.6238 2.1
    endloop
  endfacet
  facet normal -0 0 1
    outer loop
      vertex 17.2987 17.9167 2.1
      vertex 17.7467 16.6238 2.1
      vertex 17.7467 18.7997 2.1
    endloop
  endfacet
  facet normal 0 0 1
    outer loop
      vertex 17.2987 16.6238 2.1
      vertex 17.7467 16.6238 2.1
      vertex 17.2987 17.9167 2.1
    endloop
  endfacet
  facet normal 0 0 1
    outer loop
      vertex 17.2987 17.9167 2.1
      vertex 17.7467 18.7997 2.1
      vertex 17.4267 18.7997 2.1
    endloop
  endfacet
  facet normal 0 0 1
    outer loop
      vertex 17.7467 16.6238 2.1
      vertex 17.2987 16.6238 2.1
      vertex 17.7467 16.1758 2.1
    endloop
  endfacet
  facet normal 0 0 1
    outer loop
      vertex 17.2987 16.1758 2.1
      vertex 17.7467 16.1758 2.1
      vertex 17.2987 16.6238 2.1
    endloop
  endfacet
  facet normal 0 0 1
    outer loop
      vertex 17.7467 16.1758 2.1
      vertex 17.2987 16.1758 2.1
      vertex 17.7467 15.3438 2.1
    endloop
  endfacet
  facet normal 0 0 1
    outer loop
      vertex 17.7467 15.3438 2.1
      vertex 17.2987 16.1758 2.1
      vertex 17.2987 15.3438 2.1
    endloop
  endfacet
  facet normal -0 0 1
    outer loop
      vertex 17.7467 16.6238 2.1
      vertex 18.1947 16.1758 2.1
      vertex 18.1947 16.6238 2.1
    endloop
  endfacet
  facet normal 0 0 1
    outer loop
      vertex 18.1947 16.1758 2.1
      vertex 17.7467 16.6238 2.1
      vertex 17.7467 16.1758 2.1
    endloop
  endfacet
  facet normal 0 0 1
    outer loop
      vertex 21.9637 18.7997 2.1
      vertex 20.6597 18.3517 2.1
      vertex 21.9637 18.3517 2.1
    endloop
  endfacet
  facet normal 0 0 1
    outer loop
      vertex 19.9157 17.0077 2.1
      vertex 20.4315 17.0325 2.1
      vertex 20.4697 17.4257 2.1
    endloop
  endfacet
  facet normal 0 0 1
    outer loop
      vertex 20.4315 17.0325 2.1
      vertex 19.9157 17.0077 2.1
      vertex 20.3961 16.9896 2.1
    endloop
  endfacet
  facet normal 0 0 1
    outer loop
      vertex 20.2997 18.7997 2.1
      vertex 20.4697 17.4257 2.1
      vertex 20.6597 18.3517 2.1
    endloop
  endfacet
  facet normal -0 0 1
    outer loop
      vertex 20.2997 18.7997 2.1
      vertex 20.6597 18.3517 2.1
      vertex 21.9637 18.7997 2.1
    endloop
  endfacet
  facet normal 0 0 1
    outer loop
      vertex 20.4697 17.4257 2.1
      vertex 20.2997 18.7997 2.1
      vertex 19.9157 17.0077 2.1
    endloop
  endfacet
  facet normal 0 0 1
    outer loop
      vertex 20.3961 16.9896 2.1
      vertex 19.9157 17.0077 2.1
      vertex 20.3637 16.9438 2.1
    endloop
  endfacet
  facet normal 0 0 1
    outer loop
      vertex 22.1557 16.5198 2.1
      vertex 21.7027 16.6086 2.1
      vertex 21.7077 16.4938 2.1
    endloop
  endfacet
  facet normal 0 0 1
    outer loop
      vertex 21.8517 17.3317 2.1
      vertex 21.688 16.715 2.1
      vertex 21.7027 16.6086 2.1
    endloop
  endfacet
  facet normal 0 0 1
    outer loop
      vertex 21.8517 17.3317 2.1
      vertex 21.6634 16.813 2.1
      vertex 21.688 16.715 2.1
    endloop
  endfacet
  facet normal 0 0 1
    outer loop
      vertex 21.4666 17.12 2.1
      vertex 21.7468 17.4283 2.1
      vertex 21.6342 17.5073 2.1
    endloop
  endfacet
  facet normal 0 0 1
    outer loop
      vertex 21.8517 17.3317 2.1
      vertex 21.629 16.9026 2.1
      vertex 21.6634 16.813 2.1
    endloop
  endfacet
  facet normal 0 0 1
    outer loop
      vertex 21.8517 17.3317 2.1
      vertex 21.5847 16.9839 2.1
      vertex 21.629 16.9026 2.1
    endloop
  endfacet
  facet normal 0 0 1
    outer loop
      vertex 21.8517 17.3317 2.1
      vertex 21.5307 17.0567 2.1
      vertex 21.5847 16.9839 2.1
    endloop
  endfacet
  facet normal 0 0 1
    outer loop
      vertex 21.3916 17.1717 2.1
      vertex 21.6342 17.5073 2.1
      vertex 21.5139 17.5687 2.1
    endloop
  endfacet
  facet normal 0 0 1
    outer loop
      vertex 21.7468 17.4283 2.1
      vertex 21.4666 17.12 2.1
      vertex 21.5307 17.0567 2.1
    endloop
  endfacet
  facet normal 0 0 1
    outer loop
      vertex 21.6342 17.5073 2.1
      vertex 21.3916 17.1717 2.1
      vertex 21.4666 17.12 2.1
    endloop
  endfacet
  facet normal 0 0 1
    outer loop
      vertex 21.3057 17.212 2.1
      vertex 21.5139 17.5687 2.1
      vertex 21.3859 17.6126 2.1
    endloop
  endfacet
  facet normal 0 0 1
    outer loop
      vertex 21.5139 17.5687 2.1
      vertex 21.3057 17.212 2.1
      vertex 21.3916 17.1717 2.1
    endloop
  endfacet
  facet normal 0 0 1
    outer loop
      vertex 21.2089 17.2407 2.1
      vertex 21.3859 17.6126 2.1
      vertex 21.2501 17.639 2.1
    endloop
  endfacet
  facet normal 0 0 1
    outer loop
      vertex 21.3859 17.6126 2.1
      vertex 21.2089 17.2407 2.1
      vertex 21.3057 17.212 2.1
    endloop
  endfacet
  facet normal 0 0 1
    outer loop
      vertex 21.1012 17.258 2.1
      vertex 21.2501 17.639 2.1
      vertex 21.1067 17.6477 2.1
    endloop
  endfacet
  facet normal 0 0 1
    outer loop
      vertex 21.2501 17.639 2.1
      vertex 21.1012 17.258 2.1
      vertex 21.2089 17.2407 2.1
    endloop
  endfacet
  facet normal -0 0 1
    outer loop
      vertex 20.9965 17.6416 2.1
      vertex 21.1012 17.258 2.1
      vertex 21.1067 17.6477 2.1
    endloop
  endfacet
  facet normal 0 0 1
    outer loop
      vertex 20.9965 17.6416 2.1
      vertex 20.9827 17.2637 2.1
      vertex 21.1012 17.258 2.1
    endloop
  endfacet
  facet normal -0 0 1
    outer loop
      vertex 20.8879 17.6231 2.1
      vertex 20.9827 17.2637 2.1
      vertex 20.9965 17.6416 2.1
    endloop
  endfacet
  facet normal 0 0 1
    outer loop
      vertex 20.9827 17.2637 2.1
      vertex 20.8879 17.6231 2.1
      vertex 20.9071 17.2613 2.1
    endloop
  endfacet
  facet normal -0 0 1
    outer loop
      vertex 20.7809 17.5922 2.1
      vertex 20.9071 17.2613 2.1
      vertex 20.8879 17.6231 2.1
    endloop
  endfacet
  facet normal 0 0 1
    outer loop
      vertex 20.9071 17.2613 2.1
      vertex 20.7809 17.5922 2.1
      vertex 20.8364 17.2539 2.1
    endloop
  endfacet
  facet normal -0 0 1
    outer loop
      vertex 20.6756 17.5491 2.1
      vertex 20.8364 17.2539 2.1
      vertex 20.7809 17.5922 2.1
    endloop
  endfacet
  facet normal 0 0 1
    outer loop
      vertex 20.8364 17.2539 2.1
      vertex 20.6756 17.5491 2.1
      vertex 20.7707 17.2415 2.1
    endloop
  endfacet
  facet normal 0 0 1
    outer loop
      vertex 20.7707 17.2415 2.1
      vertex 20.6756 17.5491 2.1
      vertex 20.7098 17.2242 2.1
    endloop
  endfacet
  facet normal -0 0 1
    outer loop
      vertex 20.5718 17.4936 2.1
      vertex 20.7098 17.2242 2.1
      vertex 20.6756 17.5491 2.1
    endloop
  endfacet
  facet normal 0 0 1
    outer loop
      vertex 20.7098 17.2242 2.1
      vertex 20.5718 17.4936 2.1
      vertex 20.6538 17.2019 2.1
    endloop
  endfacet
  facet normal -0 0 1
    outer loop
      vertex 20.4697 17.4257 2.1
      vertex 20.6538 17.2019 2.1
      vertex 20.5718 17.4936 2.1
    endloop
  endfacet
  facet normal 0 0 1
    outer loop
      vertex 20.6538 17.2019 2.1
      vertex 20.4697 17.4257 2.1
      vertex 20.6027 17.1747 2.1
    endloop
  endfacet
  facet normal 0 0 1
    outer loop
      vertex 20.6027 17.1747 2.1
      vertex 20.4697 17.4257 2.1
      vertex 20.5555 17.1436 2.1
    endloop
  endfacet
  facet normal 0 0 1
    outer loop
      vertex 20.5555 17.1436 2.1
      vertex 20.4697 17.4257 2.1
      vertex 20.5112 17.1095 2.1
    endloop
  endfacet
  facet normal 0 0 1
    outer loop
      vertex 20.5112 17.1095 2.1
      vertex 20.4697 17.4257 2.1
      vertex 20.4699 17.0725 2.1
    endloop
  endfacet
  facet normal 0 0 1
    outer loop
      vertex 20.4699 17.0725 2.1
      vertex 20.4697 17.4257 2.1
      vertex 20.4315 17.0325 2.1
    endloop
  endfacet
  facet normal -0 0 1
    outer loop
      vertex 21.7027 16.6086 2.1
      vertex 22.1557 16.5198 2.1
      vertex 22.1472 16.6801 2.1
    endloop
  endfacet
  facet normal 0 0 1
    outer loop
      vertex 22.1557 16.5198 2.1
      vertex 21.7077 16.4938 2.1
      vertex 22.148 16.3657 2.1
    endloop
  endfacet
  facet normal 0 0 1
    outer loop
      vertex 21.7027 16.6086 2.1
      vertex 22.1472 16.6801 2.1
      vertex 22.1219 16.8304 2.1
    endloop
  endfacet
  facet normal -0 0 1
    outer loop
      vertex 21.7024 16.3726 2.1
      vertex 22.148 16.3657 2.1
      vertex 21.7077 16.4938 2.1
    endloop
  endfacet
  facet normal 0 0 1
    outer loop
      vertex 21.7027 16.6086 2.1
      vertex 22.1219 16.8304 2.1
      vertex 22.0797 16.9708 2.1
    endloop
  endfacet
  facet normal 0 0 1
    outer loop
      vertex 22.148 16.3657 2.1
      vertex 21.7024 16.3726 2.1
      vertex 22.1251 16.2188 2.1
    endloop
  endfacet
  facet normal 0 0 1
    outer loop
      vertex 21.7027 16.6086 2.1
      vertex 22.0797 16.9708 2.1
      vertex 22.0206 17.1011 2.1
    endloop
  endfacet
  facet normal -0 0 1
    outer loop
      vertex 21.6866 16.2596 2.1
      vertex 22.1251 16.2188 2.1
      vertex 21.7024 16.3726 2.1
    endloop
  endfacet
  facet normal 0 0 1
    outer loop
      vertex 21.7027 16.6086 2.1
      vertex 22.0206 17.1011 2.1
      vertex 21.9445 17.2214 2.1
    endloop
  endfacet
  facet normal 0 0 1
    outer loop
      vertex 22.1251 16.2188 2.1
      vertex 21.6866 16.2596 2.1
      vertex 22.0869 16.079 2.1
    endloop
  endfacet
  facet normal 0 0 1
    outer loop
      vertex 21.7027 16.6086 2.1
      vertex 21.9445 17.2214 2.1
      vertex 21.8517 17.3317 2.1
    endloop
  endfacet
  facet normal -0 0 1
    outer loop
      vertex 21.6602 16.155 2.1
      vertex 22.0869 16.079 2.1
      vertex 21.6866 16.2596 2.1
    endloop
  endfacet
  facet normal 0 0 1
    outer loop
      vertex 21.5307 17.0567 2.1
      vertex 21.8517 17.3317 2.1
      vertex 21.7468 17.4283 2.1
    endloop
  endfacet
  facet normal 0 0 1
    outer loop
      vertex 22.0869 16.079 2.1
      vertex 21.6602 16.155 2.1
      vertex 22.0334 15.9464 2.1
    endloop
  endfacet
  facet normal -0 0 1
    outer loop
      vertex 21.6232 16.0586 2.1
      vertex 22.0334 15.9464 2.1
      vertex 21.6602 16.155 2.1
    endloop
  endfacet
  facet normal 0 0 1
    outer loop
      vertex 22.0334 15.9464 2.1
      vertex 21.6232 16.0586 2.1
      vertex 21.9647 15.821 2.1
    endloop
  endfacet
  facet normal -0 0 1
    outer loop
      vertex 21.5757 15.9706 2.1
      vertex 21.9647 15.821 2.1
      vertex 21.6232 16.0586 2.1
    endloop
  endfacet
  facet normal 0 0 1
    outer loop
      vertex 21.9647 15.821 2.1
      vertex 21.5757 15.9706 2.1
      vertex 21.8807 15.7028 2.1
    endloop
  endfacet
  facet normal -0 0 1
    outer loop
      vertex 21.5177 15.8908 2.1
      vertex 21.8807 15.7028 2.1
      vertex 21.5757 15.9706 2.1
    endloop
  endfacet
  facet normal 0 0 1
    outer loop
      vertex 21.8807 15.7028 2.1
      vertex 21.5177 15.8908 2.1
      vertex 21.7625 15.5735 2.1
    endloop
  endfacet
  facet normal -0 0 1
    outer loop
      vertex 21.4497 15.8214 2.1
      vertex 21.7625 15.5735 2.1
      vertex 21.5177 15.8908 2.1
    endloop
  endfacet
  facet normal 0 0 1
    outer loop
      vertex 21.7625 15.5735 2.1
      vertex 21.4497 15.8214 2.1
      vertex 21.6308 15.4678 2.1
    endloop
  endfacet
  facet normal -0 0 1
    outer loop
      vertex 21.3724 15.7646 2.1
      vertex 21.6308 15.4678 2.1
      vertex 21.4497 15.8214 2.1
    endloop
  endfacet
  facet normal 0 0 1
    outer loop
      vertex 21.6308 15.4678 2.1
      vertex 21.3724 15.7646 2.1
      vertex 21.4854 15.3855 2.1
    endloop
  endfacet
  facet normal -0 0 1
    outer loop
      vertex 21.2859 15.7205 2.1
      vertex 21.4854 15.3855 2.1
      vertex 21.3724 15.7646 2.1
    endloop
  endfacet
  facet normal 0 0 1
    outer loop
      vertex 21.4854 15.3855 2.1
      vertex 21.2859 15.7205 2.1
      vertex 21.3264 15.3268 2.1
    endloop
  endfacet
  facet normal -0 0 1
    outer loop
      vertex 21.1901 15.689 2.1
      vertex 21.3264 15.3268 2.1
      vertex 21.2859 15.7205 2.1
    endloop
  endfacet
  facet normal 0 0 1
    outer loop
      vertex 21.1901 15.689 2.1
      vertex 21.1539 15.2915 2.1
      vertex 21.3264 15.3268 2.1
    endloop
  endfacet
  facet normal -0 0 1
    outer loop
      vertex 21.085 15.6701 2.1
      vertex 21.1539 15.2915 2.1
      vertex 21.1901 15.689 2.1
    endloop
  endfacet
  facet normal 0 0 1
    outer loop
      vertex 20.9677 15.2798 2.1
      vertex 21.085 15.6701 2.1
      vertex 20.9707 15.6638 2.1
    endloop
  endfacet
  facet normal 0 0 1
    outer loop
      vertex 21.085 15.6701 2.1
      vertex 20.9677 15.2798 2.1
      vertex 21.1539 15.2915 2.1
    endloop
  endfacet
  facet normal 0 0 1
    outer loop
      vertex 20.8777 15.6682 2.1
      vertex 20.9677 15.2798 2.1
      vertex 20.9707 15.6638 2.1
    endloop
  endfacet
  facet normal 0 0 1
    outer loop
      vertex 20.8777 15.6682 2.1
      vertex 20.8145 15.2871 2.1
      vertex 20.9677 15.2798 2.1
    endloop
  endfacet
  facet normal 0 0 1
    outer loop
      vertex 20.7917 15.6815 2.1
      vertex 20.8145 15.2871 2.1
      vertex 20.8777 15.6682 2.1
    endloop
  endfacet
  facet normal 0 0 1
    outer loop
      vertex 20.671 15.309 2.1
      vertex 20.7917 15.6815 2.1
      vertex 20.7124 15.7038 2.1
    endloop
  endfacet
  facet normal 0 0 1
    outer loop
      vertex 20.7917 15.6815 2.1
      vertex 20.671 15.309 2.1
      vertex 20.8145 15.2871 2.1
    endloop
  endfacet
  facet normal 0 0 1
    outer loop
      vertex 20.5372 15.3455 2.1
      vertex 20.7124 15.7038 2.1
      vertex 20.64 15.7349 2.1
    endloop
  endfacet
  facet normal 0 0 1
    outer loop
      vertex 20.413 15.3967 2.1
      vertex 20.64 15.7349 2.1
      vertex 20.5744 15.7749 2.1
    endloop
  endfacet
  facet normal 0 0 1
    outer loop
      vertex 20.7124 15.7038 2.1
      vertex 20.5372 15.3455 2.1
      vertex 20.671 15.309 2.1
    endloop
  endfacet
  facet normal 0 0 1
    outer loop
      vertex 20.2985 15.4624 2.1
      vertex 20.5744 15.7749 2.1
      vertex 20.5157 15.8238 2.1
    endloop
  endfacet
  facet normal 0 0 1
    outer loop
      vertex 20.1937 15.5428 2.1
      vertex 20.5157 15.8238 2.1
      vertex 20.4635 15.8818 2.1
    endloop
  endfacet
  facet normal 0 0 1
    outer loop
      vertex 20.1011 15.6352 2.1
      vertex 20.4635 15.8818 2.1
      vertex 20.4179 15.9486 2.1
    endloop
  endfacet
  facet normal 0 0 1
    outer loop
      vertex 20.64 15.7349 2.1
      vertex 20.413 15.3967 2.1
      vertex 20.5372 15.3455 2.1
    endloop
  endfacet
  facet normal 0 0 1
    outer loop
      vertex 20.0228 15.7371 2.1
      vertex 20.4179 15.9486 2.1
      vertex 20.3787 16.0243 2.1
    endloop
  endfacet
  facet normal 0 0 1
    outer loop
      vertex 19.9587 15.8485 2.1
      vertex 20.3787 16.0243 2.1
      vertex 20.3459 16.1086 2.1
    endloop
  endfacet
  facet normal 0 0 1
    outer loop
      vertex 19.9088 15.9694 2.1
      vertex 20.3459 16.1086 2.1
      vertex 20.3195 16.2018 2.1
    endloop
  endfacet
  facet normal -0 0 1
    outer loop
      vertex 19.8517 16.2398 2.1
      vertex 20.3195 16.2018 2.1
      vertex 20.2997 16.3038 2.1
    endloop
  endfacet
  facet normal 0 0 1
    outer loop
      vertex 20.5744 15.7749 2.1
      vertex 20.2985 15.4624 2.1
      vertex 20.413 15.3967 2.1
    endloop
  endfacet
  facet normal 0 0 1
    outer loop
      vertex 20.5157 15.8238 2.1
      vertex 20.1937 15.5428 2.1
      vertex 20.2985 15.4624 2.1
    endloop
  endfacet
  facet normal 0 0 1
    outer loop
      vertex 20.4635 15.8818 2.1
      vertex 20.1011 15.6352 2.1
      vertex 20.1937 15.5428 2.1
    endloop
  endfacet
  facet normal 0 0 1
    outer loop
      vertex 20.4179 15.9486 2.1
      vertex 20.0228 15.7371 2.1
      vertex 20.1011 15.6352 2.1
    endloop
  endfacet
  facet normal 0 0 1
    outer loop
      vertex 20.3787 16.0243 2.1
      vertex 19.9587 15.8485 2.1
      vertex 20.0228 15.7371 2.1
    endloop
  endfacet
  facet normal 0 0 1
    outer loop
      vertex 20.3459 16.1086 2.1
      vertex 19.9088 15.9694 2.1
      vertex 19.9587 15.8485 2.1
    endloop
  endfacet
  facet normal 0 0 1
    outer loop
      vertex 20.3195 16.2018 2.1
      vertex 19.8731 16.0998 2.1
      vertex 19.9088 15.9694 2.1
    endloop
  endfacet
  facet normal 0 0 1
    outer loop
      vertex 20.3195 16.2018 2.1
      vertex 19.8517 16.2398 2.1
      vertex 19.8731 16.0998 2.1
    endloop
  endfacet
  facet normal -0 0 1
    outer loop
      vertex 18.7883 15.7918 2.1
      vertex 19.2363 15.3438 2.1
      vertex 19.2363 15.7918 2.1
    endloop
  endfacet
  facet normal 0 0 1
    outer loop
      vertex 19.2363 15.3438 2.1
      vertex 18.7883 15.7918 2.1
      vertex 18.7883 15.3438 2.1
    endloop
  endfacet
  facet normal 0 -1 0
    outer loop
      vertex 17.7467 16.1758 1.6
      vertex 18.1947 16.1758 2.1
      vertex 17.7467 16.1758 2.1
    endloop
  endfacet
  facet normal 0 -1 -0
    outer loop
      vertex 18.1947 16.1758 2.1
      vertex 17.7467 16.1758 1.6
      vertex 18.1947 16.1758 1.6
    endloop
  endfacet
  facet normal 1 -0 0
    outer loop
      vertex 18.1947 16.1758 2.1
      vertex 18.1947 16.6238 1.6
      vertex 18.1947 16.6238 2.1
    endloop
  endfacet
  facet normal 1 0 0
    outer loop
      vertex 18.1947 16.6238 1.6
      vertex 18.1947 16.1758 2.1
      vertex 18.1947 16.1758 1.6
    endloop
  endfacet
  facet normal 0 1 -0
    outer loop
      vertex 18.1947 16.6238 1.6
      vertex 17.7467 16.6238 2.1
      vertex 18.1947 16.6238 2.1
    endloop
  endfacet
  facet normal 0 1 0
    outer loop
      vertex 17.7467 16.6238 2.1
      vertex 18.1947 16.6238 1.6
      vertex 17.7467 16.6238 1.6
    endloop
  endfacet
  facet normal 1 -0 0
    outer loop
      vertex 17.7467 16.6238 2.1
      vertex 17.7467 18.7997 1.6
      vertex 17.7467 18.7997 2.1
    endloop
  endfacet
  facet normal 1 0 0
    outer loop
      vertex 17.7467 18.7997 1.6
      vertex 17.7467 16.6238 2.1
      vertex 17.7467 16.6238 1.6
    endloop
  endfacet
  facet normal 0 1 -0
    outer loop
      vertex 17.7467 18.7997 1.6
      vertex 17.4267 18.7997 2.1
      vertex 17.7467 18.7997 2.1
    endloop
  endfacet
  facet normal 0 1 0
    outer loop
      vertex 17.4267 18.7997 2.1
      vertex 17.7467 18.7997 1.6
      vertex 17.4267 18.7997 1.6
    endloop
  endfacet
  facet normal -0.794355 0.607454 0
    outer loop
      vertex 15.7627 16.6238 1.6
      vertex 17.4267 18.7997 2.1
      vertex 17.4267 18.7997 1.6
    endloop
  endfacet
  facet normal -0.794355 0.607454 0
    outer loop
      vertex 17.4267 18.7997 2.1
      vertex 15.7627 16.6238 1.6
      vertex 15.7627 16.6238 2.1
    endloop
  endfacet
  facet normal -1 0 0
    outer loop
      vertex 15.7627 16.1758 1.6
      vertex 15.7627 16.6238 2.1
      vertex 15.7627 16.6238 1.6
    endloop
  endfacet
  facet normal -1 -0 0
    outer loop
      vertex 15.7627 16.6238 2.1
      vertex 15.7627 16.1758 1.6
      vertex 15.7627 16.1758 2.1
    endloop
  endfacet
  facet normal 0 -1 0
    outer loop
      vertex 15.7627 16.1758 1.6
      vertex 17.2987 16.1758 2.1
      vertex 15.7627 16.1758 2.1
    endloop
  endfacet
  facet normal 0 -1 -0
    outer loop
      vertex 17.2987 16.1758 2.1
      vertex 15.7627 16.1758 1.6
      vertex 17.2987 16.1758 1.6
    endloop
  endfacet
  facet normal -1 0 0
    outer loop
      vertex 17.2987 15.3438 1.6
      vertex 17.2987 16.1758 2.1
      vertex 17.2987 16.1758 1.6
    endloop
  endfacet
  facet normal -1 -0 0
    outer loop
      vertex 17.2987 16.1758 2.1
      vertex 17.2987 15.3438 1.6
      vertex 17.2987 15.3438 2.1
    endloop
  endfacet
  facet normal 0 -1 0
    outer loop
      vertex 17.2987 15.3438 1.6
      vertex 17.7467 15.3438 2.1
      vertex 17.2987 15.3438 2.1
    endloop
  endfacet
  facet normal 0 -1 -0
    outer loop
      vertex 17.7467 15.3438 2.1
      vertex 17.2987 15.3438 1.6
      vertex 17.7467 15.3438 1.6
    endloop
  endfacet
  facet normal 1 -0 0
    outer loop
      vertex 17.7467 15.3438 2.1
      vertex 17.7467 16.1758 1.6
      vertex 17.7467 16.1758 2.1
    endloop
  endfacet
  facet normal 1 0 0
    outer loop
      vertex 17.7467 16.1758 1.6
      vertex 17.7467 15.3438 2.1
      vertex 17.7467 15.3438 1.6
    endloop
  endfacet
  facet normal 0.794285 -0.607545 0
    outer loop
      vertex 16.3097 16.6238 2.1
      vertex 17.2987 17.9167 1.6
      vertex 17.2987 17.9167 2.1
    endloop
  endfacet
  facet normal 0.794285 -0.607545 0
    outer loop
      vertex 17.2987 17.9167 1.6
      vertex 16.3097 16.6238 2.1
      vertex 16.3097 16.6238 1.6
    endloop
  endfacet
  facet normal -1 0 0
    outer loop
      vertex 17.2987 16.6238 1.6
      vertex 17.2987 17.9167 2.1
      vertex 17.2987 17.9167 1.6
    endloop
  endfacet
  facet normal -1 -0 0
    outer loop
      vertex 17.2987 17.9167 2.1
      vertex 17.2987 16.6238 1.6
      vertex 17.2987 16.6238 2.1
    endloop
  endfacet
  facet normal 0 1 -0
    outer loop
      vertex 17.2987 16.6238 1.6
      vertex 16.3097 16.6238 2.1
      vertex 17.2987 16.6238 2.1
    endloop
  endfacet
  facet normal 0 1 0
    outer loop
      vertex 16.3097 16.6238 2.1
      vertex 17.2987 16.6238 1.6
      vertex 16.3097 16.6238 1.6
    endloop
  endfacet
  facet normal 0.200113 -0.979773 0
    outer loop
      vertex 21.1539 15.2915 1.6
      vertex 21.3264 15.3268 2.1
      vertex 21.1539 15.2915 2.1
    endloop
  endfacet
  facet normal 0.200113 -0.979773 0
    outer loop
      vertex 21.3264 15.3268 2.1
      vertex 21.1539 15.2915 1.6
      vertex 21.3264 15.3268 1.6
    endloop
  endfacet
  facet normal 0.34669 -0.93798 0
    outer loop
      vertex 21.3264 15.3268 1.6
      vertex 21.4854 15.3855 2.1
      vertex 21.3264 15.3268 2.1
    endloop
  endfacet
  facet normal 0.34669 -0.93798 0
    outer loop
      vertex 21.4854 15.3855 2.1
      vertex 21.3264 15.3268 1.6
      vertex 21.4854 15.3855 1.6
    endloop
  endfacet
  facet normal 0.492455 -0.870338 0
    outer loop
      vertex 21.4854 15.3855 1.6
      vertex 21.6308 15.4678 2.1
      vertex 21.4854 15.3855 2.1
    endloop
  endfacet
  facet normal 0.492455 -0.870338 0
    outer loop
      vertex 21.6308 15.4678 2.1
      vertex 21.4854 15.3855 1.6
      vertex 21.6308 15.4678 1.6
    endloop
  endfacet
  facet normal 0.625906 -0.779899 0
    outer loop
      vertex 21.6308 15.4678 1.6
      vertex 21.7625 15.5735 2.1
      vertex 21.6308 15.4678 2.1
    endloop
  endfacet
  facet normal 0.625906 -0.779899 0
    outer loop
      vertex 21.7625 15.5735 2.1
      vertex 21.6308 15.4678 1.6
      vertex 21.7625 15.5735 1.6
    endloop
  endfacet
  facet normal 0.738155 -0.674631 0
    outer loop
      vertex 21.7625 15.5735 2.1
      vertex 21.8807 15.7028 1.6
      vertex 21.8807 15.7028 2.1
    endloop
  endfacet
  facet normal 0.738155 -0.674631 0
    outer loop
      vertex 21.8807 15.7028 1.6
      vertex 21.7625 15.5735 2.1
      vertex 21.7625 15.5735 1.6
    endloop
  endfacet
  facet normal 0.815159 -0.579237 0
    outer loop
      vertex 21.8807 15.7028 2.1
      vertex 21.9647 15.821 1.6
      vertex 21.9647 15.821 2.1
    endloop
  endfacet
  facet normal 0.815159 -0.579237 0
    outer loop
      vertex 21.9647 15.821 1.6
      vertex 21.8807 15.7028 2.1
      vertex 21.8807 15.7028 1.6
    endloop
  endfacet
  facet normal 0.876911 -0.480653 0
    outer loop
      vertex 21.9647 15.821 2.1
      vertex 22.0334 15.9464 1.6
      vertex 22.0334 15.9464 2.1
    endloop
  endfacet
  facet normal 0.876911 -0.480653 0
    outer loop
      vertex 22.0334 15.9464 1.6
      vertex 21.9647 15.821 2.1
      vertex 21.9647 15.821 1.6
    endloop
  endfacet
  facet normal 0.927391 -0.374094 0
    outer loop
      vertex 22.0334 15.9464 2.1
      vertex 22.0869 16.079 1.6
      vertex 22.0869 16.079 2.1
    endloop
  endfacet
  facet normal 0.927391 -0.374094 0
    outer loop
      vertex 22.0869 16.079 1.6
      vertex 22.0334 15.9464 2.1
      vertex 22.0334 15.9464 1.6
    endloop
  endfacet
  facet normal 0.96462 -0.263643 0
    outer loop
      vertex 22.0869 16.079 2.1
      vertex 22.1251 16.2188 1.6
      vertex 22.1251 16.2188 2.1
    endloop
  endfacet
  facet normal 0.96462 -0.263643 0
    outer loop
      vertex 22.1251 16.2188 1.6
      vertex 22.0869 16.079 2.1
      vertex 22.0869 16.079 1.6
    endloop
  endfacet
  facet normal 0.988052 -0.154123 0
    outer loop
      vertex 22.1251 16.2188 2.1
      vertex 22.148 16.3657 1.6
      vertex 22.148 16.3657 2.1
    endloop
  endfacet
  facet normal 0.988052 -0.154123 0
    outer loop
      vertex 22.148 16.3657 1.6
      vertex 22.1251 16.2188 2.1
      vertex 22.1251 16.2188 1.6
    endloop
  endfacet
  facet normal 0.998776 -0.0494542 0
    outer loop
      vertex 22.148 16.3657 2.1
      vertex 22.1557 16.5198 1.6
      vertex 22.1557 16.5198 2.1
    endloop
  endfacet
  facet normal 0.998776 -0.0494542 0
    outer loop
      vertex 22.1557 16.5198 1.6
      vertex 22.148 16.3657 2.1
      vertex 22.148 16.3657 1.6
    endloop
  endfacet
  facet normal 0.998618 0.0525588 0
    outer loop
      vertex 22.1557 16.5198 2.1
      vertex 22.1472 16.6801 1.6
      vertex 22.1472 16.6801 2.1
    endloop
  endfacet
  facet normal 0.998618 0.0525588 0
    outer loop
      vertex 22.1472 16.6801 1.6
      vertex 22.1557 16.5198 2.1
      vertex 22.1557 16.5198 1.6
    endloop
  endfacet
  facet normal 0.986103 0.166135 0
    outer loop
      vertex 22.1472 16.6801 2.1
      vertex 22.1219 16.8304 1.6
      vertex 22.1219 16.8304 2.1
    endloop
  endfacet
  facet normal 0.986103 0.166135 0
    outer loop
      vertex 22.1219 16.8304 1.6
      vertex 22.1472 16.6801 2.1
      vertex 22.1472 16.6801 1.6
    endloop
  endfacet
  facet normal 0.9576 0.288102 0
    outer loop
      vertex 22.1219 16.8304 2.1
      vertex 22.0797 16.9708 1.6
      vertex 22.0797 16.9708 2.1
    endloop
  endfacet
  facet normal 0.9576 0.288102 0
    outer loop
      vertex 22.0797 16.9708 1.6
      vertex 22.1219 16.8304 2.1
      vertex 22.1219 16.8304 1.6
    endloop
  endfacet
  facet normal 0.91068 0.413112 0
    outer loop
      vertex 22.0797 16.9708 2.1
      vertex 22.0206 17.1011 1.6
      vertex 22.0206 17.1011 2.1
    endloop
  endfacet
  facet normal 0.91068 0.413112 0
    outer loop
      vertex 22.0206 17.1011 1.6
      vertex 22.0797 16.9708 2.1
      vertex 22.0797 16.9708 1.6
    endloop
  endfacet
  facet normal 0.845471 0.534021 0
    outer loop
      vertex 22.0206 17.1011 2.1
      vertex 21.9445 17.2214 1.6
      vertex 21.9445 17.2214 2.1
    endloop
  endfacet
  facet normal 0.845471 0.534021 0
    outer loop
      vertex 21.9445 17.2214 1.6
      vertex 22.0206 17.1011 2.1
      vertex 22.0206 17.1011 1.6
    endloop
  endfacet
  facet normal 0.764977 0.644058 0
    outer loop
      vertex 21.9445 17.2214 2.1
      vertex 21.8517 17.3317 1.6
      vertex 21.8517 17.3317 2.1
    endloop
  endfacet
  facet normal 0.764977 0.644058 0
    outer loop
      vertex 21.8517 17.3317 1.6
      vertex 21.9445 17.2214 2.1
      vertex 21.9445 17.2214 1.6
    endloop
  endfacet
  facet normal 0.67739 0.735624 -0
    outer loop
      vertex 21.8517 17.3317 1.6
      vertex 21.7468 17.4283 2.1
      vertex 21.8517 17.3317 2.1
    endloop
  endfacet
  facet normal 0.67739 0.735624 0
    outer loop
      vertex 21.7468 17.4283 2.1
      vertex 21.8517 17.3317 1.6
      vertex 21.7468 17.4283 1.6
    endloop
  endfacet
  facet normal 0.574385 0.818585 -0
    outer loop
      vertex 21.7468 17.4283 1.6
      vertex 21.6342 17.5073 2.1
      vertex 21.7468 17.4283 2.1
    endloop
  endfacet
  facet normal 0.574385 0.818585 0
    outer loop
      vertex 21.6342 17.5073 2.1
      vertex 21.7468 17.4283 1.6
      vertex 21.6342 17.5073 1.6
    endloop
  endfacet
  facet normal 0.454878 0.890554 -0
    outer loop
      vertex 21.6342 17.5073 1.6
      vertex 21.5139 17.5687 2.1
      vertex 21.6342 17.5073 2.1
    endloop
  endfacet
  facet normal 0.454878 0.890554 0
    outer loop
      vertex 21.5139 17.5687 2.1
      vertex 21.6342 17.5073 1.6
      vertex 21.5139 17.5687 1.6
    endloop
  endfacet
  facet normal 0.324232 0.945978 -0
    outer loop
      vertex 21.5139 17.5687 1.6
      vertex 21.3859 17.6126 2.1
      vertex 21.5139 17.5687 2.1
    endloop
  endfacet
  facet normal 0.324232 0.945978 0
    outer loop
      vertex 21.3859 17.6126 2.1
      vertex 21.5139 17.5687 1.6
      vertex 21.3859 17.6126 1.6
    endloop
  endfacet
  facet normal 0.190468 0.981693 -0
    outer loop
      vertex 21.3859 17.6126 1.6
      vertex 21.2501 17.639 2.1
      vertex 21.3859 17.6126 2.1
    endloop
  endfacet
  facet normal 0.190468 0.981693 0
    outer loop
      vertex 21.2501 17.639 2.1
      vertex 21.3859 17.6126 1.6
      vertex 21.2501 17.639 1.6
    endloop
  endfacet
  facet normal 0.0610367 0.998136 -0
    outer loop
      vertex 21.2501 17.639 1.6
      vertex 21.1067 17.6477 2.1
      vertex 21.2501 17.639 2.1
    endloop
  endfacet
  facet normal 0.0610367 0.998136 0
    outer loop
      vertex 21.1067 17.6477 2.1
      vertex 21.2501 17.639 1.6
      vertex 21.1067 17.6477 1.6
    endloop
  endfacet
  facet normal -0.0558529 0.998439 0
    outer loop
      vertex 21.1067 17.6477 1.6
      vertex 20.9965 17.6416 2.1
      vertex 21.1067 17.6477 2.1
    endloop
  endfacet
  facet normal -0.0558529 0.998439 0
    outer loop
      vertex 20.9965 17.6416 2.1
      vertex 21.1067 17.6477 1.6
      vertex 20.9965 17.6416 1.6
    endloop
  endfacet
  facet normal -0.167902 0.985804 0
    outer loop
      vertex 20.9965 17.6416 1.6
      vertex 20.8879 17.6231 2.1
      vertex 20.9965 17.6416 2.1
    endloop
  endfacet
  facet normal -0.167902 0.985804 0
    outer loop
      vertex 20.8879 17.6231 2.1
      vertex 20.9965 17.6416 1.6
      vertex 20.8879 17.6231 1.6
    endloop
  endfacet
  facet normal -0.27702 0.960864 0
    outer loop
      vertex 20.8879 17.6231 1.6
      vertex 20.7809 17.5922 2.1
      vertex 20.8879 17.6231 2.1
    endloop
  endfacet
  facet normal -0.27702 0.960864 0
    outer loop
      vertex 20.7809 17.5922 2.1
      vertex 20.8879 17.6231 1.6
      vertex 20.7809 17.5922 1.6
    endloop
  endfacet
  facet normal -0.379118 0.925348 0
    outer loop
      vertex 20.7809 17.5922 1.6
      vertex 20.6756 17.5491 2.1
      vertex 20.7809 17.5922 2.1
    endloop
  endfacet
  facet normal -0.379118 0.925348 0
    outer loop
      vertex 20.6756 17.5491 2.1
      vertex 20.7809 17.5922 1.6
      vertex 20.6756 17.5491 1.6
    endloop
  endfacet
  facet normal -0.471631 0.881796 0
    outer loop
      vertex 20.6756 17.5491 1.6
      vertex 20.5718 17.4936 2.1
      vertex 20.6756 17.5491 2.1
    endloop
  endfacet
  facet normal -0.471631 0.881796 0
    outer loop
      vertex 20.5718 17.4936 2.1
      vertex 20.6756 17.5491 1.6
      vertex 20.5718 17.4936 1.6
    endloop
  endfacet
  facet normal -0.553321 0.832968 0
    outer loop
      vertex 20.5718 17.4936 1.6
      vertex 20.4697 17.4257 2.1
      vertex 20.5718 17.4936 2.1
    endloop
  endfacet
  facet normal -0.553321 0.832968 0
    outer loop
      vertex 20.4697 17.4257 2.1
      vertex 20.5718 17.4936 1.6
      vertex 20.4697 17.4257 1.6
    endloop
  endfacet
  facet normal 0.979592 -0.200997 0
    outer loop
      vertex 20.4697 17.4257 2.1
      vertex 20.6597 18.3517 1.6
      vertex 20.6597 18.3517 2.1
    endloop
  endfacet
  facet normal 0.979592 -0.200997 0
    outer loop
      vertex 20.6597 18.3517 1.6
      vertex 20.4697 17.4257 2.1
      vertex 20.4697 17.4257 1.6
    endloop
  endfacet
  facet normal 0 -1 0
    outer loop
      vertex 20.6597 18.3517 1.6
      vertex 21.9637 18.3517 2.1
      vertex 20.6597 18.3517 2.1
    endloop
  endfacet
  facet normal 0 -1 -0
    outer loop
      vertex 21.9637 18.3517 2.1
      vertex 20.6597 18.3517 1.6
      vertex 21.9637 18.3517 1.6
    endloop
  endfacet
  facet normal 1 -0 0
    outer loop
      vertex 21.9637 18.3517 2.1
      vertex 21.9637 18.7997 1.6
      vertex 21.9637 18.7997 2.1
    endloop
  endfacet
  facet normal 1 0 0
    outer loop
      vertex 21.9637 18.7997 1.6
      vertex 21.9637 18.3517 2.1
      vertex 21.9637 18.3517 1.6
    endloop
  endfacet
  facet normal 0 1 -0
    outer loop
      vertex 21.9637 18.7997 1.6
      vertex 20.2997 18.7997 2.1
      vertex 21.9637 18.7997 2.1
    endloop
  endfacet
  facet normal 0 1 0
    outer loop
      vertex 20.2997 18.7997 2.1
      vertex 21.9637 18.7997 1.6
      vertex 20.2997 18.7997 1.6
    endloop
  endfacet
  facet normal -0.977802 0.20953 0
    outer loop
      vertex 19.9157 17.0077 1.6
      vertex 20.2997 18.7997 2.1
      vertex 20.2997 18.7997 1.6
    endloop
  endfacet
  facet normal -0.977802 0.20953 0
    outer loop
      vertex 20.2997 18.7997 2.1
      vertex 19.9157 17.0077 1.6
      vertex 19.9157 17.0077 2.1
    endloop
  endfacet
  facet normal -0.141379 -0.989956 0
    outer loop
      vertex 19.9157 17.0077 1.6
      vertex 20.3637 16.9438 2.1
      vertex 19.9157 17.0077 2.1
    endloop
  endfacet
  facet normal -0.141379 -0.989956 -0
    outer loop
      vertex 20.3637 16.9438 2.1
      vertex 19.9157 17.0077 1.6
      vertex 20.3637 16.9438 1.6
    endloop
  endfacet
  facet normal 0.816185 -0.577791 0
    outer loop
      vertex 20.3637 16.9438 2.1
      vertex 20.3961 16.9896 1.6
      vertex 20.3961 16.9896 2.1
    endloop
  endfacet
  facet normal 0.816185 -0.577791 0
    outer loop
      vertex 20.3961 16.9896 1.6
      vertex 20.3637 16.9438 2.1
      vertex 20.3637 16.9438 1.6
    endloop
  endfacet
  facet normal 0.771114 -0.636697 0
    outer loop
      vertex 20.3961 16.9896 2.1
      vertex 20.4315 17.0325 1.6
      vertex 20.4315 17.0325 2.1
    endloop
  endfacet
  facet normal 0.771114 -0.636697 0
    outer loop
      vertex 20.4315 17.0325 1.6
      vertex 20.3961 16.9896 2.1
      vertex 20.3961 16.9896 1.6
    endloop
  endfacet
  facet normal 0.721552 -0.69236 0
    outer loop
      vertex 20.4315 17.0325 2.1
      vertex 20.4699 17.0725 1.6
      vertex 20.4699 17.0725 2.1
    endloop
  endfacet
  facet normal 0.721552 -0.69236 0
    outer loop
      vertex 20.4699 17.0725 1.6
      vertex 20.4315 17.0325 2.1
      vertex 20.4315 17.0325 1.6
    endloop
  endfacet
  facet normal 0.66755 -0.744565 0
    outer loop
      vertex 20.4699 17.0725 1.6
      vertex 20.5112 17.1095 2.1
      vertex 20.4699 17.0725 2.1
    endloop
  endfacet
  facet normal 0.66755 -0.744565 0
    outer loop
      vertex 20.5112 17.1095 2.1
      vertex 20.4699 17.0725 1.6
      vertex 20.5112 17.1095 1.6
    endloop
  endfacet
  facet normal 0.610094 -0.792329 0
    outer loop
      vertex 20.5112 17.1095 1.6
      vertex 20.5555 17.1436 2.1
      vertex 20.5112 17.1095 2.1
    endloop
  endfacet
  facet normal 0.610094 -0.792329 0
    outer loop
      vertex 20.5555 17.1436 2.1
      vertex 20.5112 17.1095 1.6
      vertex 20.5555 17.1436 1.6
    endloop
  endfacet
  facet normal 0.550771 -0.834657 0
    outer loop
      vertex 20.5555 17.1436 1.6
      vertex 20.6027 17.1747 2.1
      vertex 20.5555 17.1436 2.1
    endloop
  endfacet
  facet normal 0.550771 -0.834657 0
    outer loop
      vertex 20.6027 17.1747 2.1
      vertex 20.5555 17.1436 1.6
      vertex 20.6027 17.1747 1.6
    endloop
  endfacet
  facet normal 0.46963 -0.882863 0
    outer loop
      vertex 20.6027 17.1747 1.6
      vertex 20.6538 17.2019 2.1
      vertex 20.6027 17.1747 2.1
    endloop
  endfacet
  facet normal 0.46963 -0.882863 0
    outer loop
      vertex 20.6538 17.2019 2.1
      vertex 20.6027 17.1747 1.6
      vertex 20.6538 17.2019 1.6
    endloop
  endfacet
  facet normal 0.369207 -0.929347 0
    outer loop
      vertex 20.6538 17.2019 1.6
      vertex 20.7098 17.2242 2.1
      vertex 20.6538 17.2019 2.1
    endloop
  endfacet
  facet normal 0.369207 -0.929347 0
    outer loop
      vertex 20.7098 17.2242 2.1
      vertex 20.6538 17.2019 1.6
      vertex 20.7098 17.2242 1.6
    endloop
  endfacet
  facet normal 0.273384 -0.961905 0
    outer loop
      vertex 20.7098 17.2242 1.6
      vertex 20.7707 17.2415 2.1
      vertex 20.7098 17.2242 2.1
    endloop
  endfacet
  facet normal 0.273384 -0.961905 0
    outer loop
      vertex 20.7707 17.2415 2.1
      vertex 20.7098 17.2242 1.6
      vertex 20.7707 17.2415 1.6
    endloop
  endfacet
  facet normal 0.18488 -0.982761 0
    outer loop
      vertex 20.7707 17.2415 1.6
      vertex 20.8364 17.2539 2.1
      vertex 20.7707 17.2415 2.1
    endloop
  endfacet
  facet normal 0.18488 -0.982761 0
    outer loop
      vertex 20.8364 17.2539 2.1
      vertex 20.7707 17.2415 1.6
      vertex 20.8364 17.2539 1.6
    endloop
  endfacet
  facet normal 0.104372 -0.994538 0
    outer loop
      vertex 20.8364 17.2539 1.6
      vertex 20.9071 17.2613 2.1
      vertex 20.8364 17.2539 2.1
    endloop
  endfacet
  facet normal 0.104372 -0.994538 0
    outer loop
      vertex 20.9071 17.2613 2.1
      vertex 20.8364 17.2539 1.6
      vertex 20.9071 17.2613 1.6
    endloop
  endfacet
  facet normal 0.0326966 -0.999465 0
    outer loop
      vertex 20.9071 17.2613 1.6
      vertex 20.9827 17.2637 2.1
      vertex 20.9071 17.2613 2.1
    endloop
  endfacet
  facet normal 0.0326966 -0.999465 0
    outer loop
      vertex 20.9827 17.2637 2.1
      vertex 20.9071 17.2613 1.6
      vertex 20.9827 17.2637 1.6
    endloop
  endfacet
  facet normal -0.0484692 -0.998825 0
    outer loop
      vertex 20.9827 17.2637 1.6
      vertex 21.1012 17.258 2.1
      vertex 20.9827 17.2637 2.1
    endloop
  endfacet
  facet normal -0.0484692 -0.998825 -0
    outer loop
      vertex 21.1012 17.258 2.1
      vertex 20.9827 17.2637 1.6
      vertex 21.1012 17.258 1.6
    endloop
  endfacet
  facet normal -0.158269 -0.987396 0
    outer loop
      vertex 21.1012 17.258 1.6
      vertex 21.2089 17.2407 2.1
      vertex 21.1012 17.258 2.1
    endloop
  endfacet
  facet normal -0.158269 -0.987396 -0
    outer loop
      vertex 21.2089 17.2407 2.1
      vertex 21.1012 17.258 1.6
      vertex 21.2089 17.2407 1.6
    endloop
  endfacet
  facet normal -0.284726 -0.958609 0
    outer loop
      vertex 21.2089 17.2407 1.6
      vertex 21.3057 17.212 2.1
      vertex 21.2089 17.2407 2.1
    endloop
  endfacet
  facet normal -0.284726 -0.958609 -0
    outer loop
      vertex 21.3057 17.212 2.1
      vertex 21.2089 17.2407 1.6
      vertex 21.3057 17.212 1.6
    endloop
  endfacet
  facet normal -0.424356 -0.905496 0
    outer loop
      vertex 21.3057 17.212 1.6
      vertex 21.3916 17.1717 2.1
      vertex 21.3057 17.212 2.1
    endloop
  endfacet
  facet normal -0.424356 -0.905496 -0
    outer loop
      vertex 21.3916 17.1717 2.1
      vertex 21.3057 17.212 1.6
      vertex 21.3916 17.1717 1.6
    endloop
  endfacet
  facet normal -0.567886 -0.823108 0
    outer loop
      vertex 21.3916 17.1717 1.6
      vertex 21.4666 17.12 2.1
      vertex 21.3916 17.1717 2.1
    endloop
  endfacet
  facet normal -0.567886 -0.823108 -0
    outer loop
      vertex 21.4666 17.12 2.1
      vertex 21.3916 17.1717 1.6
      vertex 21.4666 17.12 1.6
    endloop
  endfacet
  facet normal -0.702346 -0.711835 0
    outer loop
      vertex 21.4666 17.12 1.6
      vertex 21.5307 17.0567 2.1
      vertex 21.4666 17.12 2.1
    endloop
  endfacet
  facet normal -0.702346 -0.711835 -0
    outer loop
      vertex 21.5307 17.0567 2.1
      vertex 21.4666 17.12 1.6
      vertex 21.5307 17.0567 1.6
    endloop
  endfacet
  facet normal -0.802857 -0.596172 0
    outer loop
      vertex 21.5847 16.9839 1.6
      vertex 21.5307 17.0567 2.1
      vertex 21.5307 17.0567 1.6
    endloop
  endfacet
  facet normal -0.802857 -0.596172 0
    outer loop
      vertex 21.5307 17.0567 2.1
      vertex 21.5847 16.9839 1.6
      vertex 21.5847 16.9839 2.1
    endloop
  endfacet
  facet normal -0.878211 -0.478274 0
    outer loop
      vertex 21.629 16.9026 1.6
      vertex 21.5847 16.9839 2.1
      vertex 21.5847 16.9839 1.6
    endloop
  endfacet
  facet normal -0.878211 -0.478274 0
    outer loop
      vertex 21.5847 16.9839 2.1
      vertex 21.629 16.9026 1.6
      vertex 21.629 16.9026 2.1
    endloop
  endfacet
  facet normal -0.933591 -0.35834 0
    outer loop
      vertex 21.6634 16.813 1.6
      vertex 21.629 16.9026 2.1
      vertex 21.629 16.9026 1.6
    endloop
  endfacet
  facet normal -0.933591 -0.35834 0
    outer loop
      vertex 21.629 16.9026 2.1
      vertex 21.6634 16.813 1.6
      vertex 21.6634 16.813 2.1
    endloop
  endfacet
  facet normal -0.969965 -0.243246 0
    outer loop
      vertex 21.688 16.715 1.6
      vertex 21.6634 16.813 2.1
      vertex 21.6634 16.813 1.6
    endloop
  endfacet
  facet normal -0.969965 -0.243246 0
    outer loop
      vertex 21.6634 16.813 2.1
      vertex 21.688 16.715 1.6
      vertex 21.688 16.715 2.1
    endloop
  endfacet
  facet normal -0.990523 -0.137344 0
    outer loop
      vertex 21.7027 16.6086 1.6
      vertex 21.688 16.715 2.1
      vertex 21.688 16.715 1.6
    endloop
  endfacet
  facet normal -0.990523 -0.137344 0
    outer loop
      vertex 21.688 16.715 2.1
      vertex 21.7027 16.6086 1.6
      vertex 21.7027 16.6086 2.1
    endloop
  endfacet
  facet normal -0.999085 -0.0427572 0
    outer loop
      vertex 21.7077 16.4938 1.6
      vertex 21.7027 16.6086 2.1
      vertex 21.7027 16.6086 1.6
    endloop
  endfacet
  facet normal -0.999085 -0.0427572 0
    outer loop
      vertex 21.7027 16.6086 2.1
      vertex 21.7077 16.4938 1.6
      vertex 21.7077 16.4938 2.1
    endloop
  endfacet
  facet normal -0.999053 0.0435191 0
    outer loop
      vertex 21.7024 16.3726 1.6
      vertex 21.7077 16.4938 2.1
      vertex 21.7077 16.4938 1.6
    endloop
  endfacet
  facet normal -0.999053 0.0435191 0
    outer loop
      vertex 21.7077 16.4938 2.1
      vertex 21.7024 16.3726 1.6
      vertex 21.7024 16.3726 2.1
    endloop
  endfacet
  facet normal -0.990323 0.138779 0
    outer loop
      vertex 21.6866 16.2596 1.6
      vertex 21.7024 16.3726 2.1
      vertex 21.7024 16.3726 1.6
    endloop
  endfacet
  facet normal -0.990323 0.138779 0
    outer loop
      vertex 21.7024 16.3726 2.1
      vertex 21.6866 16.2596 1.6
      vertex 21.6866 16.2596 2.1
    endloop
  endfacet
  facet normal -0.969616 0.244631 0
    outer loop
      vertex 21.6602 16.155 1.6
      vertex 21.6866 16.2596 2.1
      vertex 21.6866 16.2596 1.6
    endloop
  endfacet
  facet normal -0.969616 0.244631 0
    outer loop
      vertex 21.6866 16.2596 2.1
      vertex 21.6602 16.155 1.6
      vertex 21.6602 16.155 2.1
    endloop
  endfacet
  facet normal -0.933753 0.357919 0
    outer loop
      vertex 21.6232 16.0586 1.6
      vertex 21.6602 16.155 2.1
      vertex 21.6602 16.155 1.6
    endloop
  endfacet
  facet normal -0.933753 0.357919 0
    outer loop
      vertex 21.6602 16.155 2.1
      vertex 21.6232 16.0586 1.6
      vertex 21.6232 16.0586 2.1
    endloop
  endfacet
  facet normal -0.880153 0.474691 0
    outer loop
      vertex 21.5757 15.9706 1.6
      vertex 21.6232 16.0586 2.1
      vertex 21.6232 16.0586 1.6
    endloop
  endfacet
  facet normal -0.880153 0.474691 0
    outer loop
      vertex 21.6232 16.0586 2.1
      vertex 21.5757 15.9706 1.6
      vertex 21.5757 15.9706 2.1
    endloop
  endfacet
  facet normal -0.808636 0.58831 0
    outer loop
      vertex 21.5177 15.8908 1.6
      vertex 21.5757 15.9706 2.1
      vertex 21.5757 15.9706 1.6
    endloop
  endfacet
  facet normal -0.808636 0.58831 0
    outer loop
      vertex 21.5757 15.9706 2.1
      vertex 21.5177 15.8908 1.6
      vertex 21.5177 15.8908 2.1
    endloop
  endfacet
  facet normal -0.714298 0.699842 0
    outer loop
      vertex 21.4497 15.8214 1.6
      vertex 21.5177 15.8908 2.1
      vertex 21.5177 15.8908 1.6
    endloop
  endfacet
  facet normal -0.714298 0.699842 0
    outer loop
      vertex 21.5177 15.8908 2.1
      vertex 21.4497 15.8214 1.6
      vertex 21.4497 15.8214 2.1
    endloop
  endfacet
  facet normal -0.591998 0.805939 0
    outer loop
      vertex 21.4497 15.8214 1.6
      vertex 21.3724 15.7646 2.1
      vertex 21.4497 15.8214 2.1
    endloop
  endfacet
  facet normal -0.591998 0.805939 0
    outer loop
      vertex 21.3724 15.7646 2.1
      vertex 21.4497 15.8214 1.6
      vertex 21.3724 15.7646 1.6
    endloop
  endfacet
  facet normal -0.454425 0.890785 0
    outer loop
      vertex 21.3724 15.7646 1.6
      vertex 21.2859 15.7205 2.1
      vertex 21.3724 15.7646 2.1
    endloop
  endfacet
  facet normal -0.454425 0.890785 0
    outer loop
      vertex 21.2859 15.7205 2.1
      vertex 21.3724 15.7646 1.6
      vertex 21.2859 15.7205 1.6
    endloop
  endfacet
  facet normal -0.312594 0.949887 0
    outer loop
      vertex 21.2859 15.7205 1.6
      vertex 21.1901 15.689 2.1
      vertex 21.2859 15.7205 2.1
    endloop
  endfacet
  facet normal -0.312594 0.949887 0
    outer loop
      vertex 21.1901 15.689 2.1
      vertex 21.2859 15.7205 1.6
      vertex 21.1901 15.689 1.6
    endloop
  endfacet
  facet normal -0.1772 0.984175 0
    outer loop
      vertex 21.1901 15.689 1.6
      vertex 21.085 15.6701 2.1
      vertex 21.1901 15.689 2.1
    endloop
  endfacet
  facet normal -0.1772 0.984175 0
    outer loop
      vertex 21.085 15.6701 2.1
      vertex 21.1901 15.689 1.6
      vertex 21.085 15.6701 1.6
    endloop
  endfacet
  facet normal -0.0550199 0.998485 0
    outer loop
      vertex 21.085 15.6701 1.6
      vertex 20.9707 15.6638 2.1
      vertex 21.085 15.6701 2.1
    endloop
  endfacet
  facet normal -0.0550199 0.998485 0
    outer loop
      vertex 20.9707 15.6638 2.1
      vertex 21.085 15.6701 1.6
      vertex 20.9707 15.6638 1.6
    endloop
  endfacet
  facet normal 0.0477366 0.99886 -0
    outer loop
      vertex 20.9707 15.6638 1.6
      vertex 20.8777 15.6682 2.1
      vertex 20.9707 15.6638 2.1
    endloop
  endfacet
  facet normal 0.0477366 0.99886 0
    outer loop
      vertex 20.8777 15.6682 2.1
      vertex 20.9707 15.6638 1.6
      vertex 20.8777 15.6682 1.6
    endloop
  endfacet
  facet normal 0.153084 0.988213 -0
    outer loop
      vertex 20.8777 15.6682 1.6
      vertex 20.7917 15.6815 2.1
      vertex 20.8777 15.6682 2.1
    endloop
  endfacet
  facet normal 0.153084 0.988213 0
    outer loop
      vertex 20.7917 15.6815 2.1
      vertex 20.8777 15.6682 1.6
      vertex 20.7917 15.6815 1.6
    endloop
  endfacet
  facet normal 0.269967 0.96287 -0
    outer loop
      vertex 20.7917 15.6815 1.6
      vertex 20.7124 15.7038 2.1
      vertex 20.7917 15.6815 2.1
    endloop
  endfacet
  facet normal 0.269967 0.96287 0
    outer loop
      vertex 20.7124 15.7038 2.1
      vertex 20.7917 15.6815 1.6
      vertex 20.7124 15.7038 1.6
    endloop
  endfacet
  facet normal 0.394737 0.918794 -0
    outer loop
      vertex 20.7124 15.7038 1.6
      vertex 20.64 15.7349 2.1
      vertex 20.7124 15.7038 2.1
    endloop
  endfacet
  facet normal 0.394737 0.918794 0
    outer loop
      vertex 20.64 15.7349 2.1
      vertex 20.7124 15.7038 1.6
      vertex 20.64 15.7349 1.6
    endloop
  endfacet
  facet normal 0.520791 0.853684 -0
    outer loop
      vertex 20.64 15.7349 1.6
      vertex 20.5744 15.7749 2.1
      vertex 20.64 15.7349 2.1
    endloop
  endfacet
  facet normal 0.520791 0.853684 0
    outer loop
      vertex 20.5744 15.7749 2.1
      vertex 20.64 15.7349 1.6
      vertex 20.5744 15.7749 1.6
    endloop
  endfacet
  facet normal 0.639576 0.768728 -0
    outer loop
      vertex 20.5744 15.7749 1.6
      vertex 20.5157 15.8238 2.1
      vertex 20.5744 15.7749 2.1
    endloop
  endfacet
  facet normal 0.639576 0.768728 0
    outer loop
      vertex 20.5157 15.8238 2.1
      vertex 20.5744 15.7749 1.6
      vertex 20.5157 15.8238 1.6
    endloop
  endfacet
  facet normal 0.744217 0.667938 0
    outer loop
      vertex 20.5157 15.8238 2.1
      vertex 20.4635 15.8818 1.6
      vertex 20.4635 15.8818 2.1
    endloop
  endfacet
  facet normal 0.744217 0.667938 0
    outer loop
      vertex 20.4635 15.8818 1.6
      vertex 20.5157 15.8238 2.1
      vertex 20.5157 15.8238 1.6
    endloop
  endfacet
  facet normal 0.825585 0.564278 0
    outer loop
      vertex 20.4635 15.8818 2.1
      vertex 20.4179 15.9486 1.6
      vertex 20.4179 15.9486 2.1
    endloop
  endfacet
  facet normal 0.825585 0.564278 0
    outer loop
      vertex 20.4179 15.9486 1.6
      vertex 20.4635 15.8818 2.1
      vertex 20.4635 15.8818 1.6
    endloop
  endfacet
  facet normal 0.887738 0.460349 0
    outer loop
      vertex 20.4179 15.9486 2.1
      vertex 20.3787 16.0243 1.6
      vertex 20.3787 16.0243 2.1
    endloop
  endfacet
  facet normal 0.887738 0.460349 0
    outer loop
      vertex 20.3787 16.0243 1.6
      vertex 20.4179 15.9486 2.1
      vertex 20.4179 15.9486 1.6
    endloop
  endfacet
  facet normal 0.93215 0.362072 0
    outer loop
      vertex 20.3787 16.0243 2.1
      vertex 20.3459 16.1086 1.6
      vertex 20.3459 16.1086 2.1
    endloop
  endfacet
  facet normal 0.93215 0.362072 0
    outer loop
      vertex 20.3459 16.1086 1.6
      vertex 20.3787 16.0243 2.1
      vertex 20.3787 16.0243 1.6
    endloop
  endfacet
  facet normal 0.962293 0.272014 0
    outer loop
      vertex 20.3459 16.1086 2.1
      vertex 20.3195 16.2018 1.6
      vertex 20.3195 16.2018 2.1
    endloop
  endfacet
  facet normal 0.962293 0.272014 0
    outer loop
      vertex 20.3195 16.2018 1.6
      vertex 20.3459 16.1086 2.1
      vertex 20.3459 16.1086 1.6
    endloop
  endfacet
  facet normal 0.981507 0.191424 0
    outer loop
      vertex 20.3195 16.2018 2.1
      vertex 20.2997 16.3038 1.6
      vertex 20.2997 16.3038 2.1
    endloop
  endfacet
  facet normal 0.981507 0.191424 0
    outer loop
      vertex 20.2997 16.3038 1.6
      vertex 20.3195 16.2018 2.1
      vertex 20.3195 16.2018 1.6
    endloop
  endfacet
  facet normal -0.141407 0.989952 0
    outer loop
      vertex 20.2997 16.3038 1.6
      vertex 19.8517 16.2398 2.1
      vertex 20.2997 16.3038 2.1
    endloop
  endfacet
  facet normal -0.141407 0.989952 0
    outer loop
      vertex 19.8517 16.2398 2.1
      vertex 20.2997 16.3038 1.6
      vertex 19.8517 16.2398 1.6
    endloop
  endfacet
  facet normal -0.988449 -0.151555 0
    outer loop
      vertex 19.8731 16.0998 1.6
      vertex 19.8517 16.2398 2.1
      vertex 19.8517 16.2398 1.6
    endloop
  endfacet
  facet normal -0.988449 -0.151555 0
    outer loop
      vertex 19.8517 16.2398 2.1
      vertex 19.8731 16.0998 1.6
      vertex 19.8731 16.0998 2.1
    endloop
  endfacet
  facet normal -0.964592 -0.263748 0
    outer loop
      vertex 19.9088 15.9694 1.6
      vertex 19.8731 16.0998 2.1
      vertex 19.8731 16.0998 1.6
    endloop
  endfacet
  facet normal -0.964592 -0.263748 0
    outer loop
      vertex 19.8731 16.0998 2.1
      vertex 19.9088 15.9694 1.6
      vertex 19.9088 15.9694 2.1
    endloop
  endfacet
  facet normal -0.924383 -0.381466 0
    outer loop
      vertex 19.9587 15.8485 1.6
      vertex 19.9088 15.9694 2.1
      vertex 19.9088 15.9694 1.6
    endloop
  endfacet
  facet normal -0.924383 -0.381466 0
    outer loop
      vertex 19.9088 15.9694 2.1
      vertex 19.9587 15.8485 1.6
      vertex 19.9587 15.8485 2.1
    endloop
  endfacet
  facet normal -0.866786 -0.498681 0
    outer loop
      vertex 20.0228 15.7371 1.6
      vertex 19.9587 15.8485 2.1
      vertex 19.9587 15.8485 1.6
    endloop
  endfacet
  facet normal -0.866786 -0.498681 0
    outer loop
      vertex 19.9587 15.8485 2.1
      vertex 20.0228 15.7371 1.6
      vertex 20.0228 15.7371 2.1
    endloop
  endfacet
  facet normal -0.792836 -0.609435 0
    outer loop
      vertex 20.1011 15.6352 1.6
      vertex 20.0228 15.7371 2.1
      vertex 20.0228 15.7371 1.6
    endloop
  endfacet
  facet normal -0.792836 -0.609435 0
    outer loop
      vertex 20.0228 15.7371 2.1
      vertex 20.1011 15.6352 1.6
      vertex 20.1011 15.6352 2.1
    endloop
  endfacet
  facet normal -0.706582 -0.707632 0
    outer loop
      vertex 20.1011 15.6352 1.6
      vertex 20.1937 15.5428 2.1
      vertex 20.1011 15.6352 2.1
    endloop
  endfacet
  facet normal -0.706582 -0.707632 -0
    outer loop
      vertex 20.1937 15.5428 2.1
      vertex 20.1011 15.6352 1.6
      vertex 20.1937 15.5428 1.6
    endloop
  endfacet
  facet normal -0.608359 -0.793662 0
    outer loop
      vertex 20.1937 15.5428 1.6
      vertex 20.2985 15.4624 2.1
      vertex 20.1937 15.5428 2.1
    endloop
  endfacet
  facet normal -0.608359 -0.793662 -0
    outer loop
      vertex 20.2985 15.4624 2.1
      vertex 20.1937 15.5428 1.6
      vertex 20.2985 15.4624 1.6
    endloop
  endfacet
  facet normal -0.497967 -0.867196 0
    outer loop
      vertex 20.2985 15.4624 1.6
      vertex 20.413 15.3967 2.1
      vertex 20.2985 15.4624 2.1
    endloop
  endfacet
  facet normal -0.497967 -0.867196 -0
    outer loop
      vertex 20.413 15.3967 2.1
      vertex 20.2985 15.4624 1.6
      vertex 20.413 15.3967 1.6
    endloop
  endfacet
  facet normal -0.380893 -0.924619 0
    outer loop
      vertex 20.413 15.3967 1.6
      vertex 20.5372 15.3455 2.1
      vertex 20.413 15.3967 2.1
    endloop
  endfacet
  facet normal -0.380893 -0.924619 -0
    outer loop
      vertex 20.5372 15.3455 2.1
      vertex 20.413 15.3967 1.6
      vertex 20.5372 15.3455 1.6
    endloop
  endfacet
  facet normal -0.263313 -0.96471 0
    outer loop
      vertex 20.5372 15.3455 1.6
      vertex 20.671 15.309 2.1
      vertex 20.5372 15.3455 2.1
    endloop
  endfacet
  facet normal -0.263313 -0.96471 -0
    outer loop
      vertex 20.671 15.309 2.1
      vertex 20.5372 15.3455 1.6
      vertex 20.671 15.309 1.6
    endloop
  endfacet
  facet normal -0.150936 -0.988544 0
    outer loop
      vertex 20.671 15.309 1.6
      vertex 20.8145 15.2871 2.1
      vertex 20.671 15.309 2.1
    endloop
  endfacet
  facet normal -0.150936 -0.988544 -0
    outer loop
      vertex 20.8145 15.2871 2.1
      vertex 20.671 15.309 1.6
      vertex 20.8145 15.2871 1.6
    endloop
  endfacet
  facet normal -0.0476644 -0.998863 0
    outer loop
      vertex 20.8145 15.2871 1.6
      vertex 20.9677 15.2798 2.1
      vertex 20.8145 15.2871 2.1
    endloop
  endfacet
  facet normal -0.0476644 -0.998863 -0
    outer loop
      vertex 20.9677 15.2798 2.1
      vertex 20.8145 15.2871 1.6
      vertex 20.9677 15.2798 1.6
    endloop
  endfacet
  facet normal 0.0629791 -0.998015 0
    outer loop
      vertex 20.9677 15.2798 1.6
      vertex 21.1539 15.2915 2.1
      vertex 20.9677 15.2798 2.1
    endloop
  endfacet
  facet normal 0.0629791 -0.998015 0
    outer loop
      vertex 21.1539 15.2915 2.1
      vertex 20.9677 15.2798 1.6
      vertex 21.1539 15.2915 1.6
    endloop
  endfacet
  facet normal 0 1 -0
    outer loop
      vertex 19.2363 15.7918 1.6
      vertex 18.7883 15.7918 2.1
      vertex 19.2363 15.7918 2.1
    endloop
  endfacet
  facet normal 0 1 0
    outer loop
      vertex 18.7883 15.7918 2.1
      vertex 19.2363 15.7918 1.6
      vertex 18.7883 15.7918 1.6
    endloop
  endfacet
  facet normal -1 0 0
    outer loop
      vertex 18.7883 15.3438 1.6
      vertex 18.7883 15.7918 2.1
      vertex 18.7883 15.7918 1.6
    endloop
  endfacet
  facet normal -1 -0 0
    outer loop
      vertex 18.7883 15.7918 2.1
      vertex 18.7883 15.3438 1.6
      vertex 18.7883 15.3438 2.1
    endloop
  endfacet
  facet normal 0 -1 0
    outer loop
      vertex 18.7883 15.3438 1.6
      vertex 19.2363 15.3438 2.1
      vertex 18.7883 15.3438 2.1
    endloop
  endfacet
  facet normal 0 -1 -0
    outer loop
      vertex 19.2363 15.3438 2.1
      vertex 18.7883 15.3438 1.6
      vertex 19.2363 15.3438 1.6
    endloop
  endfacet
  facet normal 1 -0 0
    outer loop
      vertex 19.2363 15.3438 2.1
      vertex 19.2363 15.7918 1.6
      vertex 19.2363 15.7918 2.1
    endloop
  endfacet
  facet normal 1 0 0
    outer loop
      vertex 19.2363 15.7918 1.6
      vertex 19.2363 15.3438 2.1
      vertex 19.2363 15.3438 1.6
    endloop
  endfacet
  facet normal 0 0 1
    outer loop
      vertex 33.5997 18.0325 2.1
      vertex 34.0677 18.0714 2.1
      vertex 34.0317 18.1963 2.1
    endloop
  endfacet
  facet normal 0 0 1
    outer loop
      vertex 33.5737 18.1005 2.1
      vertex 34.0317 18.1963 2.1
      vertex 33.9837 18.311 2.1
    endloop
  endfacet
  facet normal 0 0 1
    outer loop
      vertex 33.545 18.1605 2.1
      vertex 33.9837 18.311 2.1
      vertex 33.9237 18.4156 2.1
    endloop
  endfacet
  facet normal 0 0 1
    outer loop
      vertex 33.5137 18.2125 2.1
      vertex 33.9237 18.4156 2.1
      vertex 33.8517 18.5101 2.1
    endloop
  endfacet
  facet normal 0 0 1
    outer loop
      vertex 33.4797 18.2565 2.1
      vertex 33.8517 18.5101 2.1
      vertex 33.7677 18.5945 2.1
    endloop
  endfacet
  facet normal 0 0 1
    outer loop
      vertex 33.4187 18.3152 2.1
      vertex 33.7677 18.5945 2.1
      vertex 33.6734 18.6672 2.1
    endloop
  endfacet
  facet normal 0 0 1
    outer loop
      vertex 33.9837 18.311 2.1
      vertex 33.545 18.1605 2.1
      vertex 33.5737 18.1005 2.1
    endloop
  endfacet
  facet normal 0 0 1
    outer loop
      vertex 34.0677 18.0714 2.1
      vertex 33.6437 17.8725 2.1
      vertex 34.0917 17.9365 2.1
    endloop
  endfacet
  facet normal 0 -0 1
    outer loop
      vertex 33.6437 17.8725 2.1
      vertex 34.0677 18.0714 2.1
      vertex 33.623 17.9565 2.1
    endloop
  endfacet
  facet normal 0 0 1
    outer loop
      vertex 34.0677 18.0714 2.1
      vertex 33.5997 18.0325 2.1
      vertex 33.623 17.9565 2.1
    endloop
  endfacet
  facet normal 0 0 1
    outer loop
      vertex 33.4187 18.3152 2.1
      vertex 33.6734 18.6672 2.1
      vertex 33.5707 18.7267 2.1
    endloop
  endfacet
  facet normal 0 0 1
    outer loop
      vertex 34.0317 18.1963 2.1
      vertex 33.5737 18.1005 2.1
      vertex 33.5997 18.0325 2.1
    endloop
  endfacet
  facet normal 0 0 1
    outer loop
      vertex 33.9237 18.4156 2.1
      vertex 33.5137 18.2125 2.1
      vertex 33.545 18.1605 2.1
    endloop
  endfacet
  facet normal 0 0 1
    outer loop
      vertex 33.8517 18.5101 2.1
      vertex 33.4797 18.2565 2.1
      vertex 33.5137 18.2125 2.1
    endloop
  endfacet
  facet normal 0 0 1
    outer loop
      vertex 33.3532 18.3632 2.1
      vertex 33.5707 18.7267 2.1
      vertex 33.4594 18.773 2.1
    endloop
  endfacet
  facet normal 0 0 1
    outer loop
      vertex 33.7677 18.5945 2.1
      vertex 33.4187 18.3152 2.1
      vertex 33.4797 18.2565 2.1
    endloop
  endfacet
  facet normal 0 0 1
    outer loop
      vertex 33.5707 18.7267 2.1
      vertex 33.3532 18.3632 2.1
      vertex 33.4187 18.3152 2.1
    endloop
  endfacet
  facet normal 0 0 1
    outer loop
      vertex 33.2832 18.4005 2.1
      vertex 33.4594 18.773 2.1
      vertex 33.3397 18.806 2.1
    endloop
  endfacet
  facet normal 0 0 1
    outer loop
      vertex 33.4594 18.773 2.1
      vertex 33.2832 18.4005 2.1
      vertex 33.3532 18.3632 2.1
    endloop
  endfacet
  facet normal 0 0 1
    outer loop
      vertex 33.2085 18.4272 2.1
      vertex 33.3397 18.806 2.1
      vertex 33.2114 18.8259 2.1
    endloop
  endfacet
  facet normal 0 0 1
    outer loop
      vertex 33.3397 18.806 2.1
      vertex 33.2085 18.4272 2.1
      vertex 33.2832 18.4005 2.1
    endloop
  endfacet
  facet normal 0 0 1
    outer loop
      vertex 33.2114 18.8259 2.1
      vertex 33.1294 18.4432 2.1
      vertex 33.2085 18.4272 2.1
    endloop
  endfacet
  facet normal 0 0 1
    outer loop
      vertex 33.0747 18.8325 2.1
      vertex 33.1294 18.4432 2.1
      vertex 33.2114 18.8259 2.1
    endloop
  endfacet
  facet normal 0 0 1
    outer loop
      vertex 33.0747 18.8325 2.1
      vertex 33.0457 18.4485 2.1
      vertex 33.1294 18.4432 2.1
    endloop
  endfacet
  facet normal 0 0 1
    outer loop
      vertex 33.0747 18.8325 2.1
      vertex 32.9772 18.4455 2.1
      vertex 33.0457 18.4485 2.1
    endloop
  endfacet
  facet normal -0 0 1
    outer loop
      vertex 32.8918 18.8213 2.1
      vertex 32.9772 18.4455 2.1
      vertex 33.0747 18.8325 2.1
    endloop
  endfacet
  facet normal 0 0 1
    outer loop
      vertex 32.9772 18.4455 2.1
      vertex 32.8918 18.8213 2.1
      vertex 32.9097 18.4366 2.1
    endloop
  endfacet
  facet normal -0 0 1
    outer loop
      vertex 32.7219 18.7878 2.1
      vertex 32.9097 18.4366 2.1
      vertex 32.8918 18.8213 2.1
    endloop
  endfacet
  facet normal 0 0 1
    outer loop
      vertex 32.9097 18.4366 2.1
      vertex 32.7219 18.7878 2.1
      vertex 32.8432 18.4217 2.1
    endloop
  endfacet
  facet normal 0 0 1
    outer loop
      vertex 32.8432 18.4217 2.1
      vertex 32.7219 18.7878 2.1
      vertex 32.7777 18.4009 2.1
    endloop
  endfacet
  facet normal -0 0 1
    outer loop
      vertex 32.5649 18.732 2.1
      vertex 32.7777 18.4009 2.1
      vertex 32.7219 18.7878 2.1
    endloop
  endfacet
  facet normal 0 0 1
    outer loop
      vertex 32.7777 18.4009 2.1
      vertex 32.5649 18.732 2.1
      vertex 32.7132 18.3742 2.1
    endloop
  endfacet
  facet normal 0 0 1
    outer loop
      vertex 32.7132 18.3742 2.1
      vertex 32.5649 18.732 2.1
      vertex 32.6497 18.3415 2.1
    endloop
  endfacet
  facet normal -0 0 1
    outer loop
      vertex 32.4209 18.6538 2.1
      vertex 32.6497 18.3415 2.1
      vertex 32.5649 18.732 2.1
    endloop
  endfacet
  facet normal 0 0 1
    outer loop
      vertex 32.6497 18.3415 2.1
      vertex 32.4209 18.6538 2.1
      vertex 32.5935 18.2919 2.1
    endloop
  endfacet
  facet normal -0 0 1
    outer loop
      vertex 32.2898 18.5533 2.1
      vertex 32.5935 18.2919 2.1
      vertex 32.4209 18.6538 2.1
    endloop
  endfacet
  facet normal 0 0 1
    outer loop
      vertex 32.5935 18.2919 2.1
      vertex 32.2898 18.5533 2.1
      vertex 32.5404 18.2353 2.1
    endloop
  endfacet
  facet normal -0 0 1
    outer loop
      vertex 32.1717 18.4305 2.1
      vertex 32.5404 18.2353 2.1
      vertex 32.2898 18.5533 2.1
    endloop
  endfacet
  facet normal 0 0 1
    outer loop
      vertex 32.5404 18.2353 2.1
      vertex 32.1717 18.4305 2.1
      vertex 32.4904 18.1715 2.1
    endloop
  endfacet
  facet normal 0 0 1
    outer loop
      vertex 32.4904 18.1715 2.1
      vertex 32.1717 18.4305 2.1
      vertex 32.4434 18.1006 2.1
    endloop
  endfacet
  facet normal -0 0 1
    outer loop
      vertex 32.0543 18.261 2.1
      vertex 32.4434 18.1006 2.1
      vertex 32.1717 18.4305 2.1
    endloop
  endfacet
  facet normal 0 0 1
    outer loop
      vertex 32.4434 18.1006 2.1
      vertex 32.0543 18.261 2.1
      vertex 32.3995 18.0226 2.1
    endloop
  endfacet
  facet normal 0 0 1
    outer loop
      vertex 32.3995 18.0226 2.1
      vertex 32.0543 18.261 2.1
      vertex 32.3587 17.9375 2.1
    endloop
  endfacet
  facet normal -0 0 1
    outer loop
      vertex 31.9583 18.0607 2.1
      vertex 32.3587 17.9375 2.1
      vertex 32.0543 18.261 2.1
    endloop
  endfacet
  facet normal 0 0 1
    outer loop
      vertex 32.3587 17.9375 2.1
      vertex 31.9583 18.0607 2.1
      vertex 32.3225 17.8421 2.1
    endloop
  endfacet
  facet normal 0 0 1
    outer loop
      vertex 31.8837 17.8295 2.1
      vertex 32.3225 17.8421 2.1
      vertex 31.9583 18.0607 2.1
    endloop
  endfacet
  facet normal 0 0 1
    outer loop
      vertex 31.8303 17.5674 2.1
      vertex 32.2689 17.609 2.1
      vertex 31.8837 17.8295 2.1
    endloop
  endfacet
  facet normal 0 0 1
    outer loop
      vertex 32.2926 17.7326 2.1
      vertex 31.8837 17.8295 2.1
      vertex 32.2689 17.609 2.1
    endloop
  endfacet
  facet normal 0 0 1
    outer loop
      vertex 32.3225 17.8421 2.1
      vertex 31.8837 17.8295 2.1
      vertex 32.2926 17.7326 2.1
    endloop
  endfacet
  facet normal 0 0 1
    outer loop
      vertex 34.1557 16.4645 2.1
      vertex 33.7024 16.5672 2.1
      vertex 33.7077 16.4505 2.1
    endloop
  endfacet
  facet normal 0 0 1
    outer loop
      vertex 33.8477 17.2945 2.1
      vertex 33.6864 16.6754 2.1
      vertex 33.7024 16.5672 2.1
    endloop
  endfacet
  facet normal 0 0 1
    outer loop
      vertex 33.8477 17.2945 2.1
      vertex 33.6599 16.775 2.1
      vertex 33.6864 16.6754 2.1
    endloop
  endfacet
  facet normal 0 0 1
    outer loop
      vertex 33.449 17.0867 2.1
      vertex 33.7414 17.3929 2.1
      vertex 33.6279 17.4734 2.1
    endloop
  endfacet
  facet normal 0 0 1
    outer loop
      vertex 33.8477 17.2945 2.1
      vertex 33.6228 16.8661 2.1
      vertex 33.6599 16.775 2.1
    endloop
  endfacet
  facet normal 0 0 1
    outer loop
      vertex 33.8477 17.2945 2.1
      vertex 33.575 16.9486 2.1
      vertex 33.6228 16.8661 2.1
    endloop
  endfacet
  facet normal 0 0 1
    outer loop
      vertex 33.8477 17.2945 2.1
      vertex 33.5167 17.0225 2.1
      vertex 33.575 16.9486 2.1
    endloop
  endfacet
  facet normal 0 0 1
    outer loop
      vertex 33.3727 17.1392 2.1
      vertex 33.6279 17.4734 2.1
      vertex 33.5072 17.536 2.1
    endloop
  endfacet
  facet normal 0 0 1
    outer loop
      vertex 33.7414 17.3929 2.1
      vertex 33.449 17.0867 2.1
      vertex 33.5167 17.0225 2.1
    endloop
  endfacet
  facet normal 0 0 1
    outer loop
      vertex 33.2877 17.18 2.1
      vertex 33.5072 17.536 2.1
      vertex 33.3792 17.5807 2.1
    endloop
  endfacet
  facet normal 0 0 1
    outer loop
      vertex 33.6279 17.4734 2.1
      vertex 33.3727 17.1392 2.1
      vertex 33.449 17.0867 2.1
    endloop
  endfacet
  facet normal 0 0 1
    outer loop
      vertex 33.5072 17.536 2.1
      vertex 33.2877 17.18 2.1
      vertex 33.3727 17.1392 2.1
    endloop
  endfacet
  facet normal 0 0 1
    outer loop
      vertex 33.194 17.2092 2.1
      vertex 33.3792 17.5807 2.1
      vertex 33.244 17.6075 2.1
    endloop
  endfacet
  facet normal 0 0 1
    outer loop
      vertex 33.3792 17.5807 2.1
      vertex 33.194 17.2092 2.1
      vertex 33.2877 17.18 2.1
    endloop
  endfacet
  facet normal 0 0 1
    outer loop
      vertex 33.0917 17.2267 2.1
      vertex 33.244 17.6075 2.1
      vertex 33.1017 17.6165 2.1
    endloop
  endfacet
  facet normal 0 0 1
    outer loop
      vertex 33.244 17.6075 2.1
      vertex 33.0917 17.2267 2.1
      vertex 33.194 17.2092 2.1
    endloop
  endfacet
  facet normal -0 0 1
    outer loop
      vertex 33.0189 17.6133 2.1
      vertex 33.0917 17.2267 2.1
      vertex 33.1017 17.6165 2.1
    endloop
  endfacet
  facet normal 0 0 1
    outer loop
      vertex 33.0189 17.6133 2.1
      vertex 32.9807 17.2325 2.1
      vertex 33.0917 17.2267 2.1
    endloop
  endfacet
  facet normal -0 0 1
    outer loop
      vertex 32.9373 17.6038 2.1
      vertex 32.9807 17.2325 2.1
      vertex 33.0189 17.6133 2.1
    endloop
  endfacet
  facet normal -0 0 1
    outer loop
      vertex 32.8569 17.588 2.1
      vertex 32.9807 17.2325 2.1
      vertex 32.9373 17.6038 2.1
    endloop
  endfacet
  facet normal 0 0 1
    outer loop
      vertex 32.9807 17.2325 2.1
      vertex 32.8569 17.588 2.1
      vertex 32.8796 17.2267 2.1
    endloop
  endfacet
  facet normal -0 0 1
    outer loop
      vertex 32.7777 17.5658 2.1
      vertex 32.8796 17.2267 2.1
      vertex 32.8569 17.588 2.1
    endloop
  endfacet
  facet normal 0 0 1
    outer loop
      vertex 32.8796 17.2267 2.1
      vertex 32.7777 17.5658 2.1
      vertex 32.7838 17.2092 2.1
    endloop
  endfacet
  facet normal -0 0 1
    outer loop
      vertex 32.6996 17.5373 2.1
      vertex 32.7838 17.2092 2.1
      vertex 32.7777 17.5658 2.1
    endloop
  endfacet
  facet normal -0 0 1
    outer loop
      vertex 32.6227 17.5025 2.1
      vertex 32.7838 17.2092 2.1
      vertex 32.6996 17.5373 2.1
    endloop
  endfacet
  facet normal 0 0 1
    outer loop
      vertex 32.7838 17.2092 2.1
      vertex 32.6227 17.5025 2.1
      vertex 32.6932 17.18 2.1
    endloop
  endfacet
  facet normal -0 0 1
    outer loop
      vertex 32.5483 17.4611 2.1
      vertex 32.6932 17.18 2.1
      vertex 32.6227 17.5025 2.1
    endloop
  endfacet
  facet normal -0 0 1
    outer loop
      vertex 32.4779 17.4131 2.1
      vertex 32.6932 17.18 2.1
      vertex 32.5483 17.4611 2.1
    endloop
  endfacet
  facet normal 0 0 1
    outer loop
      vertex 32.6932 17.18 2.1
      vertex 32.4779 17.4131 2.1
      vertex 32.6078 17.1392 2.1
    endloop
  endfacet
  facet normal -0 0 1
    outer loop
      vertex 32.4114 17.3582 2.1
      vertex 32.6078 17.1392 2.1
      vertex 32.4779 17.4131 2.1
    endloop
  endfacet
  facet normal 0 0 1
    outer loop
      vertex 32.6078 17.1392 2.1
      vertex 32.4114 17.3582 2.1
      vertex 32.5276 17.0867 2.1
    endloop
  endfacet
  facet normal -0 0 1
    outer loop
      vertex 32.3489 17.2967 2.1
      vertex 32.5276 17.0867 2.1
      vertex 32.4114 17.3582 2.1
    endloop
  endfacet
  facet normal -0 0 1
    outer loop
      vertex 32.2903 17.2285 2.1
      vertex 32.5276 17.0867 2.1
      vertex 32.3489 17.2967 2.1
    endloop
  endfacet
  facet normal 0 0 1
    outer loop
      vertex 32.5276 17.0867 2.1
      vertex 32.2903 17.2285 2.1
      vertex 32.4527 17.0225 2.1
    endloop
  endfacet
  facet normal -0 0 1
    outer loop
      vertex 32.2357 17.1535 2.1
      vertex 32.4527 17.0225 2.1
      vertex 32.2903 17.2285 2.1
    endloop
  endfacet
  facet normal 0 0 1
    outer loop
      vertex 32.4527 17.0225 2.1
      vertex 32.2357 17.1535 2.1
      vertex 32.3864 16.9492 2.1
    endloop
  endfacet
  facet normal 0 0 1
    outer loop
      vertex 32.3864 16.9492 2.1
      vertex 32.2357 17.1535 2.1
      vertex 32.3321 16.8687 2.1
    endloop
  endfacet
  facet normal 0 0 1
    outer loop
      vertex 32.3321 16.8687 2.1
      vertex 32.2357 17.1535 2.1
      vertex 32.2899 16.781 2.1
    endloop
  endfacet
  facet normal 0 0 1
    outer loop
      vertex 32.2899 16.781 2.1
      vertex 32.2357 17.1535 2.1
      vertex 32.2598 16.6861 2.1
    endloop
  endfacet
  facet normal 0 0 1
    outer loop
      vertex 32.2598 16.6861 2.1
      vertex 32.2357 17.1535 2.1
      vertex 32.2417 16.5839 2.1
    endloop
  endfacet
  facet normal 0 0 1
    outer loop
      vertex 32.2417 16.5839 2.1
      vertex 32.2357 17.1535 2.1
      vertex 32.2357 16.4745 2.1
    endloop
  endfacet
  facet normal -0 0 1
    outer loop
      vertex 33.7024 16.5672 2.1
      vertex 34.1557 16.4645 2.1
      vertex 34.1471 16.629 2.1
    endloop
  endfacet
  facet normal 0 0 1
    outer loop
      vertex 34.1557 16.4645 2.1
      vertex 33.7077 16.4505 2.1
      vertex 34.1516 16.3541 2.1
    endloop
  endfacet
  facet normal 0 0 1
    outer loop
      vertex 33.7024 16.5672 2.1
      vertex 34.1471 16.629 2.1
      vertex 34.1214 16.783 2.1
    endloop
  endfacet
  facet normal 0 0 1
    outer loop
      vertex 33.7023 16.3289 2.1
      vertex 34.1516 16.3541 2.1
      vertex 33.7077 16.4505 2.1
    endloop
  endfacet
  facet normal 0 0 1
    outer loop
      vertex 34.1516 16.3541 2.1
      vertex 33.7023 16.3289 2.1
      vertex 34.1394 16.2464 2.1
    endloop
  endfacet
  facet normal 0 0 1
    outer loop
      vertex 33.7024 16.5672 2.1
      vertex 34.1214 16.783 2.1
      vertex 34.0787 16.9265 2.1
    endloop
  endfacet
  facet normal 0 0 1
    outer loop
      vertex 33.6862 16.2161 2.1
      vertex 34.1394 16.2464 2.1
      vertex 33.7023 16.3289 2.1
    endloop
  endfacet
  facet normal 0 0 1
    outer loop
      vertex 33.7024 16.5672 2.1
      vertex 34.0787 16.9265 2.1
      vertex 34.0188 17.0596 2.1
    endloop
  endfacet
  facet normal 0 0 1
    outer loop
      vertex 34.1394 16.2464 2.1
      vertex 33.6862 16.2161 2.1
      vertex 34.1192 16.1413 2.1
    endloop
  endfacet
  facet normal 0 0 1
    outer loop
      vertex 34.1192 16.1413 2.1
      vertex 33.6862 16.2161 2.1
      vertex 34.0908 16.0387 2.1
    endloop
  endfacet
  facet normal 0 0 1
    outer loop
      vertex 33.7024 16.5672 2.1
      vertex 34.0188 17.0596 2.1
      vertex 33.9418 17.1823 2.1
    endloop
  endfacet
  facet normal -0 0 1
    outer loop
      vertex 33.6594 16.112 2.1
      vertex 34.0908 16.0387 2.1
      vertex 33.6862 16.2161 2.1
    endloop
  endfacet
  facet normal 0 0 1
    outer loop
      vertex 33.7024 16.5672 2.1
      vertex 33.9418 17.1823 2.1
      vertex 33.8477 17.2945 2.1
    endloop
  endfacet
  facet normal 0 0 1
    outer loop
      vertex 34.0908 16.0387 2.1
      vertex 33.6594 16.112 2.1
      vertex 34.0543 15.9388 2.1
    endloop
  endfacet
  facet normal -0 0 1
    outer loop
      vertex 33.6219 16.0167 2.1
      vertex 34.0543 15.9388 2.1
      vertex 33.6594 16.112 2.1
    endloop
  endfacet
  facet normal 0 0 1
    outer loop
      vertex 33.5167 17.0225 2.1
      vertex 33.8477 17.2945 2.1
      vertex 33.7414 17.3929 2.1
    endloop
  endfacet
  facet normal 0 0 1
    outer loop
      vertex 34.0543 15.9388 2.1
      vertex 33.6219 16.0167 2.1
      vertex 34.0097 15.8415 2.1
    endloop
  endfacet
  facet normal 0 0 1
    outer loop
      vertex 34.0097 15.8415 2.1
      vertex 33.6219 16.0167 2.1
      vertex 33.9583 15.7496 2.1
    endloop
  endfacet
  facet normal -0 0 1
    outer loop
      vertex 33.5736 15.9302 2.1
      vertex 33.9583 15.7496 2.1
      vertex 33.6219 16.0167 2.1
    endloop
  endfacet
  facet normal 0 0 1
    outer loop
      vertex 33.9583 15.7496 2.1
      vertex 33.5736 15.9302 2.1
      vertex 33.9008 15.6651 2.1
    endloop
  endfacet
  facet normal -0 0 1
    outer loop
      vertex 33.5147 15.8525 2.1
      vertex 33.9008 15.6651 2.1
      vertex 33.5736 15.9302 2.1
    endloop
  endfacet
  facet normal 0 0 1
    outer loop
      vertex 33.9008 15.6651 2.1
      vertex 33.5147 15.8525 2.1
      vertex 33.8372 15.588 2.1
    endloop
  endfacet
  facet normal 0 0 1
    outer loop
      vertex 33.8372 15.588 2.1
      vertex 33.5147 15.8525 2.1
      vertex 33.7674 15.5184 2.1
    endloop
  endfacet
  facet normal -0 0 1
    outer loop
      vertex 33.4467 15.7853 2.1
      vertex 33.7674 15.5184 2.1
      vertex 33.5147 15.8525 2.1
    endloop
  endfacet
  facet normal 0 0 1
    outer loop
      vertex 33.7674 15.5184 2.1
      vertex 33.4467 15.7853 2.1
      vertex 33.6916 15.4562 2.1
    endloop
  endfacet
  facet normal 0 0 1
    outer loop
      vertex 33.6916 15.4562 2.1
      vertex 33.4467 15.7853 2.1
      vertex 33.6097 15.4015 2.1
    endloop
  endfacet
  facet normal -0 0 1
    outer loop
      vertex 33.3716 15.7303 2.1
      vertex 33.6097 15.4015 2.1
      vertex 33.4467 15.7853 2.1
    endloop
  endfacet
  facet normal 0 0 1
    outer loop
      vertex 33.6097 15.4015 2.1
      vertex 33.3716 15.7303 2.1
      vertex 33.5231 15.3548 2.1
    endloop
  endfacet
  facet normal -0 0 1
    outer loop
      vertex 33.2892 15.6875 2.1
      vertex 33.5231 15.3548 2.1
      vertex 33.3716 15.7303 2.1
    endloop
  endfacet
  facet normal 0 0 1
    outer loop
      vertex 33.5231 15.3548 2.1
      vertex 33.2892 15.6875 2.1
      vertex 33.4327 15.3165 2.1
    endloop
  endfacet
  facet normal 0 0 1
    outer loop
      vertex 33.4327 15.3165 2.1
      vertex 33.2892 15.6875 2.1
      vertex 33.3384 15.2868 2.1
    endloop
  endfacet
  facet normal -0 0 1
    outer loop
      vertex 33.1996 15.657 2.1
      vertex 33.3384 15.2868 2.1
      vertex 33.2892 15.6875 2.1
    endloop
  endfacet
  facet normal 0 0 1
    outer loop
      vertex 33.3384 15.2868 2.1
      vertex 33.1996 15.657 2.1
      vertex 33.2403 15.2655 2.1
    endloop
  endfacet
  facet normal -0 0 1
    outer loop
      vertex 33.1027 15.6386 2.1
      vertex 33.2403 15.2655 2.1
      vertex 33.1996 15.657 2.1
    endloop
  endfacet
  facet normal 0 0 1
    outer loop
      vertex 33.2403 15.2655 2.1
      vertex 33.1027 15.6386 2.1
      vertex 33.1384 15.2528 2.1
    endloop
  endfacet
  facet normal 0 0 1
    outer loop
      vertex 33.1027 15.6386 2.1
      vertex 33.0327 15.2485 2.1
      vertex 33.1384 15.2528 2.1
    endloop
  endfacet
  facet normal -0 0 1
    outer loop
      vertex 32.9987 15.6325 2.1
      vertex 33.0327 15.2485 2.1
      vertex 33.1027 15.6386 2.1
    endloop
  endfacet
  facet normal 0 0 1
    outer loop
      vertex 32.9235 15.6355 2.1
      vertex 33.0327 15.2485 2.1
      vertex 32.9987 15.6325 2.1
    endloop
  endfacet
  facet normal 0 0 1
    outer loop
      vertex 32.9235 15.6355 2.1
      vertex 32.8549 15.2595 2.1
      vertex 33.0327 15.2485 2.1
    endloop
  endfacet
  facet normal 0 0 1
    outer loop
      vertex 32.852 15.6443 2.1
      vertex 32.8549 15.2595 2.1
      vertex 32.9235 15.6355 2.1
    endloop
  endfacet
  facet normal 0 0 1
    outer loop
      vertex 32.6884 15.2925 2.1
      vertex 32.852 15.6443 2.1
      vertex 32.7842 15.659 2.1
    endloop
  endfacet
  facet normal 0 0 1
    outer loop
      vertex 32.6884 15.2925 2.1
      vertex 32.7842 15.659 2.1
      vertex 32.72 15.6796 2.1
    endloop
  endfacet
  facet normal 0 0 1
    outer loop
      vertex 32.852 15.6443 2.1
      vertex 32.6884 15.2925 2.1
      vertex 32.8549 15.2595 2.1
    endloop
  endfacet
  facet normal 0 0 1
    outer loop
      vertex 32.5332 15.3475 2.1
      vertex 32.72 15.6796 2.1
      vertex 32.6595 15.7061 2.1
    endloop
  endfacet
  facet normal 0 0 1
    outer loop
      vertex 32.3891 15.4245 2.1
      vertex 32.6595 15.7061 2.1
      vertex 32.6027 15.7385 2.1
    endloop
  endfacet
  facet normal 0 0 1
    outer loop
      vertex 32.3891 15.4245 2.1
      vertex 32.6027 15.7385 2.1
      vertex 32.5494 15.7768 2.1
    endloop
  endfacet
  facet normal 0 0 1
    outer loop
      vertex 32.72 15.6796 2.1
      vertex 32.5332 15.3475 2.1
      vertex 32.6884 15.2925 2.1
    endloop
  endfacet
  facet normal 0 0 1
    outer loop
      vertex 32.2563 15.5235 2.1
      vertex 32.5494 15.7768 2.1
      vertex 32.4998 15.8205 2.1
    endloop
  endfacet
  facet normal 0 0 1
    outer loop
      vertex 32.2563 15.5235 2.1
      vertex 32.4998 15.8205 2.1
      vertex 32.4537 15.8695 2.1
    endloop
  endfacet
  facet normal 0 0 1
    outer loop
      vertex 32.1347 15.6445 2.1
      vertex 32.4537 15.8695 2.1
      vertex 32.4111 15.9238 2.1
    endloop
  endfacet
  facet normal 0 0 1
    outer loop
      vertex 32.6595 15.7061 2.1
      vertex 32.3891 15.4245 2.1
      vertex 32.5332 15.3475 2.1
    endloop
  endfacet
  facet normal 0 0 1
    outer loop
      vertex 32.0286 15.7908 2.1
      vertex 32.4111 15.9238 2.1
      vertex 32.3721 15.9835 2.1
    endloop
  endfacet
  facet normal 0 0 1
    outer loop
      vertex 32.0286 15.7908 2.1
      vertex 32.3721 15.9835 2.1
      vertex 32.3367 16.0485 2.1
    endloop
  endfacet
  facet normal 0 0 1
    outer loop
      vertex 31.9419 15.9656 2.1
      vertex 32.3367 16.0485 2.1
      vertex 32.3058 16.1167 2.1
    endloop
  endfacet
  facet normal 0 0 1
    outer loop
      vertex 31.9419 15.9656 2.1
      vertex 32.3058 16.1167 2.1
      vertex 32.2805 16.1861 2.1
    endloop
  endfacet
  facet normal 0 0 1
    outer loop
      vertex 31.8744 16.169 2.1
      vertex 32.2805 16.1861 2.1
      vertex 32.2609 16.2565 2.1
    endloop
  endfacet
  facet normal 0 0 1
    outer loop
      vertex 32.5494 15.7768 2.1
      vertex 32.2563 15.5235 2.1
      vertex 32.3891 15.4245 2.1
    endloop
  endfacet
  facet normal 0 0 1
    outer loop
      vertex 31.8744 16.169 2.1
      vertex 32.2609 16.2565 2.1
      vertex 32.2469 16.3281 2.1
    endloop
  endfacet
  facet normal 0 0 1
    outer loop
      vertex 31.8262 16.401 2.1
      vertex 32.2469 16.3281 2.1
      vertex 32.2385 16.4007 2.1
    endloop
  endfacet
  facet normal -0 0 1
    outer loop
      vertex 31.8262 16.401 2.1
      vertex 32.2385 16.4007 2.1
      vertex 32.2357 16.4745 2.1
    endloop
  endfacet
  facet normal 0 0 1
    outer loop
      vertex 32.2516 17.4713 2.1
      vertex 31.8303 17.5674 2.1
      vertex 32.2405 17.3194 2.1
    endloop
  endfacet
  facet normal 0 -0 1
    outer loop
      vertex 31.7973 16.6615 2.1
      vertex 32.2357 17.1535 2.1
      vertex 31.7877 16.9505 2.1
    endloop
  endfacet
  facet normal 0 0 1
    outer loop
      vertex 32.2689 17.609 2.1
      vertex 31.8303 17.5674 2.1
      vertex 32.2516 17.4713 2.1
    endloop
  endfacet
  facet normal 0 0 1
    outer loop
      vertex 32.2357 17.1535 2.1
      vertex 31.7973 16.6615 2.1
      vertex 32.2357 16.4745 2.1
    endloop
  endfacet
  facet normal 0 0 1
    outer loop
      vertex 31.7983 17.2744 2.1
      vertex 32.2405 17.3194 2.1
      vertex 31.8303 17.5674 2.1
    endloop
  endfacet
  facet normal 0 -0 1
    outer loop
      vertex 31.8262 16.401 2.1
      vertex 32.2357 16.4745 2.1
      vertex 31.7973 16.6615 2.1
    endloop
  endfacet
  facet normal 0 0 1
    outer loop
      vertex 32.2405 17.3194 2.1
      vertex 31.7983 17.2744 2.1
      vertex 32.2357 17.1535 2.1
    endloop
  endfacet
  facet normal 0 0 1
    outer loop
      vertex 32.2469 16.3281 2.1
      vertex 31.8262 16.401 2.1
      vertex 31.8744 16.169 2.1
    endloop
  endfacet
  facet normal 0 0 1
    outer loop
      vertex 31.7877 16.9505 2.1
      vertex 32.2357 17.1535 2.1
      vertex 31.7983 17.2744 2.1
    endloop
  endfacet
  facet normal 0 0 1
    outer loop
      vertex 32.2805 16.1861 2.1
      vertex 31.8744 16.169 2.1
      vertex 31.9419 15.9656 2.1
    endloop
  endfacet
  facet normal 0 0 1
    outer loop
      vertex 32.3367 16.0485 2.1
      vertex 31.9419 15.9656 2.1
      vertex 32.0286 15.7908 2.1
    endloop
  endfacet
  facet normal 0 0 1
    outer loop
      vertex 32.4537 15.8695 2.1
      vertex 32.1347 15.6445 2.1
      vertex 32.2563 15.5235 2.1
    endloop
  endfacet
  facet normal 0 0 1
    outer loop
      vertex 32.4111 15.9238 2.1
      vertex 32.0286 15.7908 2.1
      vertex 32.1347 15.6445 2.1
    endloop
  endfacet
  facet normal -0 0 1
    outer loop
      vertex 28.3097 16.5925 2.1
      vertex 29.2987 16.1445 2.1
      vertex 29.2987 16.5925 2.1
    endloop
  endfacet
  facet normal 0 0 1
    outer loop
      vertex 27.7627 16.1445 2.1
      vertex 28.3097 16.5925 2.1
      vertex 27.7627 16.5925 2.1
    endloop
  endfacet
  facet normal 0 0 1
    outer loop
      vertex 28.3097 16.5925 2.1
      vertex 27.7627 16.1445 2.1
      vertex 29.2987 16.1445 2.1
    endloop
  endfacet
  facet normal 0 0 1
    outer loop
      vertex 27.7627 16.5925 2.1
      vertex 29.2987 17.8855 2.1
      vertex 29.4267 18.7685 2.1
    endloop
  endfacet
  facet normal 0 0 1
    outer loop
      vertex 29.2987 17.8855 2.1
      vertex 27.7627 16.5925 2.1
      vertex 28.3097 16.5925 2.1
    endloop
  endfacet
  facet normal -0 0 1
    outer loop
      vertex 29.2987 17.8855 2.1
      vertex 29.7467 16.5925 2.1
      vertex 29.7467 18.7685 2.1
    endloop
  endfacet
  facet normal 0 0 1
    outer loop
      vertex 29.2987 16.5925 2.1
      vertex 29.7467 16.5925 2.1
      vertex 29.2987 17.8855 2.1
    endloop
  endfacet
  facet normal 0 0 1
    outer loop
      vertex 29.2987 17.8855 2.1
      vertex 29.7467 18.7685 2.1
      vertex 29.4267 18.7685 2.1
    endloop
  endfacet
  facet normal 0 0 1
    outer loop
      vertex 29.7467 16.5925 2.1
      vertex 29.2987 16.5925 2.1
      vertex 29.7467 16.1445 2.1
    endloop
  endfacet
  facet normal 0 0 1
    outer loop
      vertex 29.2987 16.1445 2.1
      vertex 29.7467 16.1445 2.1
      vertex 29.2987 16.5925 2.1
    endloop
  endfacet
  facet normal 0 0 1
    outer loop
      vertex 29.7467 16.1445 2.1
      vertex 29.2987 16.1445 2.1
      vertex 29.7467 15.3125 2.1
    endloop
  endfacet
  facet normal 0 0 1
    outer loop
      vertex 29.7467 15.3125 2.1
      vertex 29.2987 16.1445 2.1
      vertex 29.2987 15.3125 2.1
    endloop
  endfacet
  facet normal -0 0 1
    outer loop
      vertex 29.7467 16.5925 2.1
      vertex 30.1947 16.1445 2.1
      vertex 30.1947 16.5925 2.1
    endloop
  endfacet
  facet normal 0 0 1
    outer loop
      vertex 30.1947 16.1445 2.1
      vertex 29.7467 16.5925 2.1
      vertex 29.7467 16.1445 2.1
    endloop
  endfacet
  facet normal -0 0 1
    outer loop
      vertex 30.7883 15.7605 2.1
      vertex 31.2363 15.3125 2.1
      vertex 31.2363 15.7605 2.1
    endloop
  endfacet
  facet normal 0 0 1
    outer loop
      vertex 31.2363 15.3125 2.1
      vertex 30.7883 15.7605 2.1
      vertex 30.7883 15.3125 2.1
    endloop
  endfacet
  facet normal 0.124053 -0.992276 0
    outer loop
      vertex 33.1384 15.2528 1.6
      vertex 33.2403 15.2655 2.1
      vertex 33.1384 15.2528 2.1
    endloop
  endfacet
  facet normal 0.124053 -0.992276 0
    outer loop
      vertex 33.2403 15.2655 2.1
      vertex 33.1384 15.2528 1.6
      vertex 33.2403 15.2655 1.6
    endloop
  endfacet
  facet normal 0.211792 -0.977315 0
    outer loop
      vertex 33.2403 15.2655 1.6
      vertex 33.3384 15.2868 2.1
      vertex 33.2403 15.2655 2.1
    endloop
  endfacet
  facet normal 0.211792 -0.977315 0
    outer loop
      vertex 33.3384 15.2868 2.1
      vertex 33.2403 15.2655 1.6
      vertex 33.3384 15.2868 1.6
    endloop
  endfacet
  facet normal 0.301043 -0.953611 0
    outer loop
      vertex 33.3384 15.2868 1.6
      vertex 33.4327 15.3165 2.1
      vertex 33.3384 15.2868 2.1
    endloop
  endfacet
  facet normal 0.301043 -0.953611 0
    outer loop
      vertex 33.4327 15.3165 2.1
      vertex 33.3384 15.2868 1.6
      vertex 33.4327 15.3165 1.6
    endloop
  endfacet
  facet normal 0.389544 -0.921008 0
    outer loop
      vertex 33.4327 15.3165 1.6
      vertex 33.5231 15.3548 2.1
      vertex 33.4327 15.3165 2.1
    endloop
  endfacet
  facet normal 0.389544 -0.921008 0
    outer loop
      vertex 33.5231 15.3548 2.1
      vertex 33.4327 15.3165 1.6
      vertex 33.5231 15.3548 1.6
    endloop
  endfacet
  facet normal 0.475089 -0.879938 0
    outer loop
      vertex 33.5231 15.3548 1.6
      vertex 33.6097 15.4015 2.1
      vertex 33.5231 15.3548 2.1
    endloop
  endfacet
  facet normal 0.475089 -0.879938 0
    outer loop
      vertex 33.6097 15.4015 2.1
      vertex 33.5231 15.3548 1.6
      vertex 33.6097 15.4015 1.6
    endloop
  endfacet
  facet normal 0.555343 -0.831621 0
    outer loop
      vertex 33.6097 15.4015 1.6
      vertex 33.6916 15.4562 2.1
      vertex 33.6097 15.4015 2.1
    endloop
  endfacet
  facet normal 0.555343 -0.831621 0
    outer loop
      vertex 33.6916 15.4562 2.1
      vertex 33.6097 15.4015 1.6
      vertex 33.6916 15.4562 1.6
    endloop
  endfacet
  facet normal 0.634042 -0.773298 0
    outer loop
      vertex 33.6916 15.4562 1.6
      vertex 33.7674 15.5184 2.1
      vertex 33.6916 15.4562 2.1
    endloop
  endfacet
  facet normal 0.634042 -0.773298 0
    outer loop
      vertex 33.7674 15.5184 2.1
      vertex 33.6916 15.4562 1.6
      vertex 33.7674 15.5184 1.6
    endloop
  endfacet
  facet normal 0.706564 -0.707649 0
    outer loop
      vertex 33.7674 15.5184 1.6
      vertex 33.8372 15.588 2.1
      vertex 33.7674 15.5184 2.1
    endloop
  endfacet
  facet normal 0.706564 -0.707649 0
    outer loop
      vertex 33.8372 15.588 2.1
      vertex 33.7674 15.5184 1.6
      vertex 33.8372 15.588 1.6
    endloop
  endfacet
  facet normal 0.771167 -0.636633 0
    outer loop
      vertex 33.8372 15.588 2.1
      vertex 33.9008 15.6651 1.6
      vertex 33.9008 15.6651 2.1
    endloop
  endfacet
  facet normal 0.771167 -0.636633 0
    outer loop
      vertex 33.9008 15.6651 1.6
      vertex 33.8372 15.588 2.1
      vertex 33.8372 15.588 1.6
    endloop
  endfacet
  facet normal 0.826729 -0.5626 0
    outer loop
      vertex 33.9008 15.6651 2.1
      vertex 33.9583 15.7496 1.6
      vertex 33.9583 15.7496 2.1
    endloop
  endfacet
  facet normal 0.826729 -0.5626 0
    outer loop
      vertex 33.9583 15.7496 1.6
      vertex 33.9008 15.6651 2.1
      vertex 33.9008 15.6651 1.6
    endloop
  endfacet
  facet normal 0.872911 -0.48788 0
    outer loop
      vertex 33.9583 15.7496 2.1
      vertex 34.0097 15.8415 1.6
      vertex 34.0097 15.8415 2.1
    endloop
  endfacet
  facet normal 0.872911 -0.48788 0
    outer loop
      vertex 34.0097 15.8415 1.6
      vertex 33.9583 15.7496 2.1
      vertex 33.9583 15.7496 1.6
    endloop
  endfacet
  facet normal 0.909 -0.416797 0
    outer loop
      vertex 34.0097 15.8415 2.1
      vertex 34.0543 15.9388 1.6
      vertex 34.0543 15.9388 2.1
    endloop
  endfacet
  facet normal 0.909 -0.416797 0
    outer loop
      vertex 34.0543 15.9388 1.6
      vertex 34.0097 15.8415 2.1
      vertex 34.0097 15.8415 1.6
    endloop
  endfacet
  facet normal 0.93929 -0.343125 0
    outer loop
      vertex 34.0543 15.9388 2.1
      vertex 34.0908 16.0387 1.6
      vertex 34.0908 16.0387 2.1
    endloop
  endfacet
  facet normal 0.93929 -0.343125 0
    outer loop
      vertex 34.0908 16.0387 1.6
      vertex 34.0543 15.9388 2.1
      vertex 34.0543 15.9388 1.6
    endloop
  endfacet
  facet normal 0.963754 -0.266793 0
    outer loop
      vertex 34.0908 16.0387 2.1
      vertex 34.1192 16.1413 1.6
      vertex 34.1192 16.1413 2.1
    endloop
  endfacet
  facet normal 0.963754 -0.266793 0
    outer loop
      vertex 34.1192 16.1413 1.6
      vertex 34.0908 16.0387 2.1
      vertex 34.0908 16.0387 1.6
    endloop
  endfacet
  facet normal 0.981906 -0.189371 0
    outer loop
      vertex 34.1192 16.1413 2.1
      vertex 34.1394 16.2464 1.6
      vertex 34.1394 16.2464 2.1
    endloop
  endfacet
  facet normal 0.981906 -0.189371 0
    outer loop
      vertex 34.1394 16.2464 1.6
      vertex 34.1192 16.1413 2.1
      vertex 34.1192 16.1413 1.6
    endloop
  endfacet
  facet normal 0.993674 -0.1123 0
    outer loop
      vertex 34.1394 16.2464 2.1
      vertex 34.1516 16.3541 1.6
      vertex 34.1516 16.3541 2.1
    endloop
  endfacet
  facet normal 0.993674 -0.1123 0
    outer loop
      vertex 34.1516 16.3541 1.6
      vertex 34.1394 16.2464 2.1
      vertex 34.1394 16.2464 1.6
    endloop
  endfacet
  facet normal 0.99933 -0.0366131 0
    outer loop
      vertex 34.1516 16.3541 2.1
      vertex 34.1557 16.4645 1.6
      vertex 34.1557 16.4645 2.1
    endloop
  endfacet
  facet normal 0.99933 -0.0366131 0
    outer loop
      vertex 34.1557 16.4645 1.6
      vertex 34.1516 16.3541 2.1
      vertex 34.1516 16.3541 1.6
    endloop
  endfacet
  facet normal 0.998653 0.0518925 0
    outer loop
      vertex 34.1557 16.4645 2.1
      vertex 34.1471 16.629 1.6
      vertex 34.1471 16.629 2.1
    endloop
  endfacet
  facet normal 0.998653 0.0518925 0
    outer loop
      vertex 34.1471 16.629 1.6
      vertex 34.1557 16.4645 2.1
      vertex 34.1557 16.4645 1.6
    endloop
  endfacet
  facet normal 0.986397 0.164383 0
    outer loop
      vertex 34.1471 16.629 2.1
      vertex 34.1214 16.783 1.6
      vertex 34.1214 16.783 2.1
    endloop
  endfacet
  facet normal 0.986397 0.164383 0
    outer loop
      vertex 34.1214 16.783 1.6
      vertex 34.1471 16.629 2.1
      vertex 34.1471 16.629 1.6
    endloop
  endfacet
  facet normal 0.958341 0.285628 0
    outer loop
      vertex 34.1214 16.783 2.1
      vertex 34.0787 16.9265 1.6
      vertex 34.0787 16.9265 2.1
    endloop
  endfacet
  facet normal 0.958341 0.285628 0
    outer loop
      vertex 34.0787 16.9265 1.6
      vertex 34.1214 16.783 2.1
      vertex 34.1214 16.783 1.6
    endloop
  endfacet
  facet normal 0.911918 0.410373 0
    outer loop
      vertex 34.0787 16.9265 2.1
      vertex 34.0188 17.0596 1.6
      vertex 34.0188 17.0596 2.1
    endloop
  endfacet
  facet normal 0.911918 0.410373 0
    outer loop
      vertex 34.0188 17.0596 1.6
      vertex 34.0787 16.9265 2.1
      vertex 34.0787 16.9265 1.6
    endloop
  endfacet
  facet normal 0.846973 0.531636 0
    outer loop
      vertex 34.0188 17.0596 2.1
      vertex 33.9418 17.1823 1.6
      vertex 33.9418 17.1823 2.1
    endloop
  endfacet
  facet normal 0.846973 0.531636 0
    outer loop
      vertex 33.9418 17.1823 1.6
      vertex 34.0188 17.0596 2.1
      vertex 34.0188 17.0596 1.6
    endloop
  endfacet
  facet normal 0.766228 0.642569 0
    outer loop
      vertex 33.9418 17.1823 2.1
      vertex 33.8477 17.2945 1.6
      vertex 33.8477 17.2945 2.1
    endloop
  endfacet
  facet normal 0.766228 0.642569 0
    outer loop
      vertex 33.8477 17.2945 1.6
      vertex 33.9418 17.1823 2.1
      vertex 33.9418 17.1823 1.6
    endloop
  endfacet
  facet normal 0.679347 0.733817 -0
    outer loop
      vertex 33.8477 17.2945 1.6
      vertex 33.7414 17.3929 2.1
      vertex 33.8477 17.2945 2.1
    endloop
  endfacet
  facet normal 0.679347 0.733817 0
    outer loop
      vertex 33.7414 17.3929 2.1
      vertex 33.8477 17.2945 1.6
      vertex 33.7414 17.3929 1.6
    endloop
  endfacet
  facet normal 0.578559 0.815641 -0
    outer loop
      vertex 33.7414 17.3929 1.6
      vertex 33.6279 17.4734 2.1
      vertex 33.7414 17.3929 2.1
    endloop
  endfacet
  facet normal 0.578559 0.815641 0
    outer loop
      vertex 33.6279 17.4734 2.1
      vertex 33.7414 17.3929 1.6
      vertex 33.6279 17.4734 1.6
    endloop
  endfacet
  facet normal 0.46036 0.887732 -0
    outer loop
      vertex 33.6279 17.4734 1.6
      vertex 33.5072 17.536 2.1
      vertex 33.6279 17.4734 2.1
    endloop
  endfacet
  facet normal 0.46036 0.887732 0
    outer loop
      vertex 33.5072 17.536 2.1
      vertex 33.6279 17.4734 1.6
      vertex 33.5072 17.536 1.6
    endloop
  endfacet
  facet normal 0.329974 0.94399 -0
    outer loop
      vertex 33.5072 17.536 1.6
      vertex 33.3792 17.5807 2.1
      vertex 33.5072 17.536 2.1
    endloop
  endfacet
  facet normal 0.329974 0.94399 0
    outer loop
      vertex 33.3792 17.5807 2.1
      vertex 33.5072 17.536 1.6
      vertex 33.3792 17.5807 1.6
    endloop
  endfacet
  facet normal 0.194668 0.980869 -0
    outer loop
      vertex 33.3792 17.5807 1.6
      vertex 33.244 17.6075 2.1
      vertex 33.3792 17.5807 2.1
    endloop
  endfacet
  facet normal 0.194668 0.980869 0
    outer loop
      vertex 33.244 17.6075 2.1
      vertex 33.3792 17.5807 1.6
      vertex 33.244 17.6075 1.6
    endloop
  endfacet
  facet normal 0.0626712 0.998034 -0
    outer loop
      vertex 33.244 17.6075 1.6
      vertex 33.1017 17.6165 2.1
      vertex 33.244 17.6075 2.1
    endloop
  endfacet
  facet normal 0.0626712 0.998034 0
    outer loop
      vertex 33.1017 17.6165 2.1
      vertex 33.244 17.6075 1.6
      vertex 33.1017 17.6165 1.6
    endloop
  endfacet
  facet normal -0.038143 0.999272 0
    outer loop
      vertex 33.1017 17.6165 1.6
      vertex 33.0189 17.6133 2.1
      vertex 33.1017 17.6165 2.1
    endloop
  endfacet
  facet normal -0.038143 0.999272 0
    outer loop
      vertex 33.0189 17.6133 2.1
      vertex 33.1017 17.6165 1.6
      vertex 33.0189 17.6133 1.6
    endloop
  endfacet
  facet normal -0.115752 0.993278 0
    outer loop
      vertex 33.0189 17.6133 1.6
      vertex 32.9373 17.6038 2.1
      vertex 33.0189 17.6133 2.1
    endloop
  endfacet
  facet normal -0.115752 0.993278 0
    outer loop
      vertex 32.9373 17.6038 2.1
      vertex 33.0189 17.6133 1.6
      vertex 32.9373 17.6038 1.6
    endloop
  endfacet
  facet normal -0.193037 0.981192 0
    outer loop
      vertex 32.9373 17.6038 1.6
      vertex 32.8569 17.588 2.1
      vertex 32.9373 17.6038 2.1
    endloop
  endfacet
  facet normal -0.193037 0.981192 0
    outer loop
      vertex 32.8569 17.588 2.1
      vertex 32.9373 17.6038 1.6
      vertex 32.8569 17.588 1.6
    endloop
  endfacet
  facet normal -0.269451 0.963014 0
    outer loop
      vertex 32.8569 17.588 1.6
      vertex 32.7777 17.5658 2.1
      vertex 32.8569 17.588 2.1
    endloop
  endfacet
  facet normal -0.269451 0.963014 0
    outer loop
      vertex 32.7777 17.5658 2.1
      vertex 32.8569 17.588 1.6
      vertex 32.7777 17.5658 1.6
    endloop
  endfacet
  facet normal -0.342863 0.939385 0
    outer loop
      vertex 32.7777 17.5658 1.6
      vertex 32.6996 17.5373 2.1
      vertex 32.7777 17.5658 2.1
    endloop
  endfacet
  facet normal -0.342863 0.939385 0
    outer loop
      vertex 32.6996 17.5373 2.1
      vertex 32.7777 17.5658 1.6
      vertex 32.6996 17.5373 1.6
    endloop
  endfacet
  facet normal -0.412618 0.910904 0
    outer loop
      vertex 32.6996 17.5373 1.6
      vertex 32.6227 17.5025 2.1
      vertex 32.6996 17.5373 2.1
    endloop
  endfacet
  facet normal -0.412618 0.910904 0
    outer loop
      vertex 32.6227 17.5025 2.1
      vertex 32.6996 17.5373 1.6
      vertex 32.6227 17.5025 1.6
    endloop
  endfacet
  facet normal -0.485947 0.873988 0
    outer loop
      vertex 32.6227 17.5025 1.6
      vertex 32.5483 17.4611 2.1
      vertex 32.6227 17.5025 2.1
    endloop
  endfacet
  facet normal -0.485947 0.873988 0
    outer loop
      vertex 32.5483 17.4611 2.1
      vertex 32.6227 17.5025 1.6
      vertex 32.5483 17.4611 1.6
    endloop
  endfacet
  facet normal -0.563959 0.825803 0
    outer loop
      vertex 32.5483 17.4611 1.6
      vertex 32.4779 17.4131 2.1
      vertex 32.5483 17.4611 2.1
    endloop
  endfacet
  facet normal -0.563959 0.825803 0
    outer loop
      vertex 32.4779 17.4131 2.1
      vertex 32.5483 17.4611 1.6
      vertex 32.4779 17.4131 1.6
    endloop
  endfacet
  facet normal -0.636117 0.771593 0
    outer loop
      vertex 32.4779 17.4131 1.6
      vertex 32.4114 17.3582 2.1
      vertex 32.4779 17.4131 2.1
    endloop
  endfacet
  facet normal -0.636117 0.771593 0
    outer loop
      vertex 32.4114 17.3582 2.1
      vertex 32.4779 17.4131 1.6
      vertex 32.4114 17.3582 1.6
    endloop
  endfacet
  facet normal -0.701432 0.712737 0
    outer loop
      vertex 32.4114 17.3582 1.6
      vertex 32.3489 17.2967 2.1
      vertex 32.4114 17.3582 2.1
    endloop
  endfacet
  facet normal -0.701432 0.712737 0
    outer loop
      vertex 32.3489 17.2967 2.1
      vertex 32.4114 17.3582 1.6
      vertex 32.3489 17.2967 1.6
    endloop
  endfacet
  facet normal -0.758765 0.651364 0
    outer loop
      vertex 32.2903 17.2285 1.6
      vertex 32.3489 17.2967 2.1
      vertex 32.3489 17.2967 1.6
    endloop
  endfacet
  facet normal -0.758765 0.651364 0
    outer loop
      vertex 32.3489 17.2967 2.1
      vertex 32.2903 17.2285 1.6
      vertex 32.2903 17.2285 2.1
    endloop
  endfacet
  facet normal -0.808174 0.588944 0
    outer loop
      vertex 32.2357 17.1535 1.6
      vertex 32.2903 17.2285 2.1
      vertex 32.2903 17.2285 1.6
    endloop
  endfacet
  facet normal -0.808174 0.588944 0
    outer loop
      vertex 32.2903 17.2285 2.1
      vertex 32.2357 17.1535 1.6
      vertex 32.2357 17.1535 2.1
    endloop
  endfacet
  facet normal 0.999581 -0.0289507 0
    outer loop
      vertex 32.2357 17.1535 2.1
      vertex 32.2405 17.3194 1.6
      vertex 32.2405 17.3194 2.1
    endloop
  endfacet
  facet normal 0.999581 -0.0289507 0
    outer loop
      vertex 32.2405 17.3194 1.6
      vertex 32.2357 17.1535 2.1
      vertex 32.2357 17.1535 1.6
    endloop
  endfacet
  facet normal 0.997341 -0.0728711 0
    outer loop
      vertex 32.2405 17.3194 2.1
      vertex 32.2516 17.4713 1.6
      vertex 32.2516 17.4713 2.1
    endloop
  endfacet
  facet normal 0.997341 -0.0728711 0
    outer loop
      vertex 32.2516 17.4713 1.6
      vertex 32.2405 17.3194 2.1
      vertex 32.2405 17.3194 1.6
    endloop
  endfacet
  facet normal 0.992159 -0.124982 0
    outer loop
      vertex 32.2516 17.4713 2.1
      vertex 32.2689 17.609 1.6
      vertex 32.2689 17.609 2.1
    endloop
  endfacet
  facet normal 0.992159 -0.124982 0
    outer loop
      vertex 32.2689 17.609 1.6
      vertex 32.2516 17.4713 2.1
      vertex 32.2516 17.4713 1.6
    endloop
  endfacet
  facet normal 0.982183 -0.187925 0
    outer loop
      vertex 32.2689 17.609 2.1
      vertex 32.2926 17.7326 1.6
      vertex 32.2926 17.7326 2.1
    endloop
  endfacet
  facet normal 0.982183 -0.187925 0
    outer loop
      vertex 32.2926 17.7326 1.6
      vertex 32.2689 17.609 2.1
      vertex 32.2689 17.609 1.6
    endloop
  endfacet
  facet normal 0.964664 -0.263481 0
    outer loop
      vertex 32.2926 17.7326 2.1
      vertex 32.3225 17.8421 1.6
      vertex 32.3225 17.8421 2.1
    endloop
  endfacet
  facet normal 0.964664 -0.263481 0
    outer loop
      vertex 32.3225 17.8421 1.6
      vertex 32.2926 17.7326 2.1
      vertex 32.2926 17.7326 1.6
    endloop
  endfacet
  facet normal 0.93497 -0.354726 0
    outer loop
      vertex 32.3225 17.8421 2.1
      vertex 32.3587 17.9375 1.6
      vertex 32.3587 17.9375 2.1
    endloop
  endfacet
  facet normal 0.93497 -0.354726 0
    outer loop
      vertex 32.3587 17.9375 1.6
      vertex 32.3225 17.8421 2.1
      vertex 32.3225 17.8421 1.6
    endloop
  endfacet
  facet normal 0.901457 -0.432868 0
    outer loop
      vertex 32.3587 17.9375 2.1
      vertex 32.3995 18.0226 1.6
      vertex 32.3995 18.0226 2.1
    endloop
  endfacet
  facet normal 0.901457 -0.432868 0
    outer loop
      vertex 32.3995 18.0226 1.6
      vertex 32.3587 17.9375 2.1
      vertex 32.3587 17.9375 1.6
    endloop
  endfacet
  facet normal 0.871393 -0.490585 0
    outer loop
      vertex 32.3995 18.0226 2.1
      vertex 32.4434 18.1006 1.6
      vertex 32.4434 18.1006 2.1
    endloop
  endfacet
  facet normal 0.871393 -0.490585 0
    outer loop
      vertex 32.4434 18.1006 1.6
      vertex 32.3995 18.0226 2.1
      vertex 32.3995 18.0226 1.6
    endloop
  endfacet
  facet normal 0.833565 -0.552421 0
    outer loop
      vertex 32.4434 18.1006 2.1
      vertex 32.4904 18.1715 1.6
      vertex 32.4904 18.1715 2.1
    endloop
  endfacet
  facet normal 0.833565 -0.552421 0
    outer loop
      vertex 32.4904 18.1715 1.6
      vertex 32.4434 18.1006 2.1
      vertex 32.4434 18.1006 1.6
    endloop
  endfacet
  facet normal 0.786893 -0.61709 0
    outer loop
      vertex 32.4904 18.1715 2.1
      vertex 32.5404 18.2353 1.6
      vertex 32.5404 18.2353 2.1
    endloop
  endfacet
  facet normal 0.786893 -0.61709 0
    outer loop
      vertex 32.5404 18.2353 1.6
      vertex 32.4904 18.1715 2.1
      vertex 32.4904 18.1715 1.6
    endloop
  endfacet
  facet normal 0.729727 -0.683738 0
    outer loop
      vertex 32.5404 18.2353 2.1
      vertex 32.5935 18.2919 1.6
      vertex 32.5935 18.2919 2.1
    endloop
  endfacet
  facet normal 0.729727 -0.683738 0
    outer loop
      vertex 32.5935 18.2919 1.6
      vertex 32.5404 18.2353 2.1
      vertex 32.5404 18.2353 1.6
    endloop
  endfacet
  facet normal 0.661831 -0.749653 0
    outer loop
      vertex 32.5935 18.2919 1.6
      vertex 32.6497 18.3415 2.1
      vertex 32.5935 18.2919 2.1
    endloop
  endfacet
  facet normal 0.661831 -0.749653 0
    outer loop
      vertex 32.6497 18.3415 2.1
      vertex 32.5935 18.2919 1.6
      vertex 32.6497 18.3415 1.6
    endloop
  endfacet
  facet normal 0.457778 -0.889067 0
    outer loop
      vertex 32.6497 18.3415 1.6
      vertex 32.7132 18.3742 2.1
      vertex 32.6497 18.3415 2.1
    endloop
  endfacet
  facet normal 0.457778 -0.889067 0
    outer loop
      vertex 32.7132 18.3742 2.1
      vertex 32.6497 18.3415 1.6
      vertex 32.7132 18.3742 1.6
    endloop
  endfacet
  facet normal 0.383079 -0.923716 0
    outer loop
      vertex 32.7132 18.3742 1.6
      vertex 32.7777 18.4009 2.1
      vertex 32.7132 18.3742 2.1
    endloop
  endfacet
  facet normal 0.383079 -0.923716 0
    outer loop
      vertex 32.7777 18.4009 2.1
      vertex 32.7132 18.3742 1.6
      vertex 32.7777 18.4009 1.6
    endloop
  endfacet
  facet normal 0.302672 -0.953095 0
    outer loop
      vertex 32.7777 18.4009 1.6
      vertex 32.8432 18.4217 2.1
      vertex 32.7777 18.4009 2.1
    endloop
  endfacet
  facet normal 0.302672 -0.953095 0
    outer loop
      vertex 32.8432 18.4217 2.1
      vertex 32.7777 18.4009 1.6
      vertex 32.8432 18.4217 1.6
    endloop
  endfacet
  facet normal 0.218068 -0.975934 0
    outer loop
      vertex 32.8432 18.4217 1.6
      vertex 32.9097 18.4366 2.1
      vertex 32.8432 18.4217 2.1
    endloop
  endfacet
  facet normal 0.218068 -0.975934 0
    outer loop
      vertex 32.9097 18.4366 2.1
      vertex 32.8432 18.4217 1.6
      vertex 32.9097 18.4366 1.6
    endloop
  endfacet
  facet normal 0.131121 -0.991366 0
    outer loop
      vertex 32.9097 18.4366 1.6
      vertex 32.9772 18.4455 2.1
      vertex 32.9097 18.4366 2.1
    endloop
  endfacet
  facet normal 0.131121 -0.991366 0
    outer loop
      vertex 32.9772 18.4455 2.1
      vertex 32.9097 18.4366 1.6
      vertex 32.9772 18.4455 1.6
    endloop
  endfacet
  facet normal 0.0431765 -0.999067 0
    outer loop
      vertex 32.9772 18.4455 1.6
      vertex 33.0457 18.4485 2.1
      vertex 32.9772 18.4455 2.1
    endloop
  endfacet
  facet normal 0.0431765 -0.999067 0
    outer loop
      vertex 33.0457 18.4485 2.1
      vertex 32.9772 18.4455 1.6
      vertex 33.0457 18.4485 1.6
    endloop
  endfacet
  facet normal -0.0634766 -0.997983 0
    outer loop
      vertex 33.0457 18.4485 1.6
      vertex 33.1294 18.4432 2.1
      vertex 33.0457 18.4485 2.1
    endloop
  endfacet
  facet normal -0.0634766 -0.997983 -0
    outer loop
      vertex 33.1294 18.4432 2.1
      vertex 33.0457 18.4485 1.6
      vertex 33.1294 18.4432 1.6
    endloop
  endfacet
  facet normal -0.198187 -0.980164 0
    outer loop
      vertex 33.1294 18.4432 1.6
      vertex 33.2085 18.4272 2.1
      vertex 33.1294 18.4432 2.1
    endloop
  endfacet
  facet normal -0.198187 -0.980164 -0
    outer loop
      vertex 33.2085 18.4272 2.1
      vertex 33.1294 18.4432 1.6
      vertex 33.2085 18.4272 1.6
    endloop
  endfacet
  facet normal -0.336434 -0.941707 0
    outer loop
      vertex 33.2085 18.4272 1.6
      vertex 33.2832 18.4005 2.1
      vertex 33.2085 18.4272 2.1
    endloop
  endfacet
  facet normal -0.336434 -0.941707 -0
    outer loop
      vertex 33.2832 18.4005 2.1
      vertex 33.2085 18.4272 1.6
      vertex 33.2832 18.4005 1.6
    endloop
  endfacet
  facet normal -0.470359 -0.882475 0
    outer loop
      vertex 33.2832 18.4005 1.6
      vertex 33.3532 18.3632 2.1
      vertex 33.2832 18.4005 2.1
    endloop
  endfacet
  facet normal -0.470359 -0.882475 -0
    outer loop
      vertex 33.3532 18.3632 2.1
      vertex 33.2832 18.4005 1.6
      vertex 33.3532 18.3632 1.6
    endloop
  endfacet
  facet normal -0.591095 -0.806602 0
    outer loop
      vertex 33.3532 18.3632 1.6
      vertex 33.4187 18.3152 2.1
      vertex 33.3532 18.3632 2.1
    endloop
  endfacet
  facet normal -0.591095 -0.806602 -0
    outer loop
      vertex 33.4187 18.3152 2.1
      vertex 33.3532 18.3632 1.6
      vertex 33.4187 18.3152 1.6
    endloop
  endfacet
  facet normal -0.693541 -0.720417 0
    outer loop
      vertex 33.4187 18.3152 1.6
      vertex 33.4797 18.2565 2.1
      vertex 33.4187 18.3152 2.1
    endloop
  endfacet
  facet normal -0.693541 -0.720417 -0
    outer loop
      vertex 33.4797 18.2565 2.1
      vertex 33.4187 18.3152 1.6
      vertex 33.4797 18.2565 1.6
    endloop
  endfacet
  facet normal -0.791255 -0.611487 0
    outer loop
      vertex 33.5137 18.2125 1.6
      vertex 33.4797 18.2565 2.1
      vertex 33.4797 18.2565 1.6
    endloop
  endfacet
  facet normal -0.791255 -0.611487 0
    outer loop
      vertex 33.4797 18.2565 2.1
      vertex 33.5137 18.2125 1.6
      vertex 33.5137 18.2125 2.1
    endloop
  endfacet
  facet normal -0.856471 -0.516195 0
    outer loop
      vertex 33.545 18.1605 1.6
      vertex 33.5137 18.2125 2.1
      vertex 33.5137 18.2125 1.6
    endloop
  endfacet
  facet normal -0.856471 -0.516195 0
    outer loop
      vertex 33.5137 18.2125 2.1
      vertex 33.545 18.1605 1.6
      vertex 33.545 18.1605 2.1
    endloop
  endfacet
  facet normal -0.902359 -0.430984 0
    outer loop
      vertex 33.5737 18.1005 1.6
      vertex 33.545 18.1605 2.1
      vertex 33.545 18.1605 1.6
    endloop
  endfacet
  facet normal -0.902359 -0.430984 0
    outer loop
      vertex 33.545 18.1605 2.1
      vertex 33.5737 18.1005 1.6
      vertex 33.5737 18.1005 2.1
    endloop
  endfacet
  facet normal -0.934062 -0.357111 0
    outer loop
      vertex 33.5997 18.0325 1.6
      vertex 33.5737 18.1005 2.1
      vertex 33.5737 18.1005 1.6
    endloop
  endfacet
  facet normal -0.934062 -0.357111 0
    outer loop
      vertex 33.5737 18.1005 2.1
      vertex 33.5997 18.0325 1.6
      vertex 33.5997 18.0325 2.1
    endloop
  endfacet
  facet normal -0.955903 -0.293681 0
    outer loop
      vertex 33.623 17.9565 1.6
      vertex 33.5997 18.0325 2.1
      vertex 33.5997 18.0325 1.6
    endloop
  endfacet
  facet normal -0.955903 -0.293681 0
    outer loop
      vertex 33.5997 18.0325 2.1
      vertex 33.623 17.9565 1.6
      vertex 33.623 17.9565 2.1
    endloop
  endfacet
  facet normal -0.971059 -0.23884 0
    outer loop
      vertex 33.6437 17.8725 1.6
      vertex 33.623 17.9565 2.1
      vertex 33.623 17.9565 1.6
    endloop
  endfacet
  facet normal -0.971059 -0.23884 0
    outer loop
      vertex 33.623 17.9565 2.1
      vertex 33.6437 17.8725 1.6
      vertex 33.6437 17.8725 2.1
    endloop
  endfacet
  facet normal 0.141412 -0.989951 0
    outer loop
      vertex 33.6437 17.8725 1.6
      vertex 34.0917 17.9365 2.1
      vertex 33.6437 17.8725 2.1
    endloop
  endfacet
  facet normal 0.141412 -0.989951 0
    outer loop
      vertex 34.0917 17.9365 2.1
      vertex 33.6437 17.8725 1.6
      vertex 34.0917 17.9365 1.6
    endloop
  endfacet
  facet normal 0.984548 0.175112 0
    outer loop
      vertex 34.0917 17.9365 2.1
      vertex 34.0677 18.0714 1.6
      vertex 34.0677 18.0714 2.1
    endloop
  endfacet
  facet normal 0.984548 0.175112 0
    outer loop
      vertex 34.0677 18.0714 1.6
      vertex 34.0917 17.9365 2.1
      vertex 34.0917 17.9365 1.6
    endloop
  endfacet
  facet normal 0.960852 0.277063 0
    outer loop
      vertex 34.0677 18.0714 2.1
      vertex 34.0317 18.1963 1.6
      vertex 34.0317 18.1963 2.1
    endloop
  endfacet
  facet normal 0.960852 0.277063 0
    outer loop
      vertex 34.0317 18.1963 1.6
      vertex 34.0677 18.0714 2.1
      vertex 34.0677 18.0714 1.6
    endloop
  endfacet
  facet normal 0.922488 0.386026 0
    outer loop
      vertex 34.0317 18.1963 2.1
      vertex 33.9837 18.311 1.6
      vertex 33.9837 18.311 2.1
    endloop
  endfacet
  facet normal 0.922488 0.386026 0
    outer loop
      vertex 33.9837 18.311 1.6
      vertex 34.0317 18.1963 2.1
      vertex 34.0317 18.1963 1.6
    endloop
  endfacet
  facet normal 0.867463 0.497501 0
    outer loop
      vertex 33.9837 18.311 2.1
      vertex 33.9237 18.4156 1.6
      vertex 33.9237 18.4156 2.1
    endloop
  endfacet
  facet normal 0.867463 0.497501 0
    outer loop
      vertex 33.9237 18.4156 1.6
      vertex 33.9837 18.311 2.1
      vertex 33.9837 18.311 1.6
    endloop
  endfacet
  facet normal 0.795399 0.606086 0
    outer loop
      vertex 33.9237 18.4156 2.1
      vertex 33.8517 18.5101 1.6
      vertex 33.8517 18.5101 2.1
    endloop
  endfacet
  facet normal 0.795399 0.606086 0
    outer loop
      vertex 33.8517 18.5101 1.6
      vertex 33.9237 18.4156 2.1
      vertex 33.9237 18.4156 1.6
    endloop
  endfacet
  facet normal 0.708771 0.705439 0
    outer loop
      vertex 33.8517 18.5101 2.1
      vertex 33.7677 18.5945 1.6
      vertex 33.7677 18.5945 2.1
    endloop
  endfacet
  facet normal 0.708771 0.705439 0
    outer loop
      vertex 33.7677 18.5945 1.6
      vertex 33.8517 18.5101 2.1
      vertex 33.8517 18.5101 1.6
    endloop
  endfacet
  facet normal 0.610937 0.79168 -0
    outer loop
      vertex 33.7677 18.5945 1.6
      vertex 33.6734 18.6672 2.1
      vertex 33.7677 18.5945 2.1
    endloop
  endfacet
  facet normal 0.610937 0.79168 0
    outer loop
      vertex 33.6734 18.6672 2.1
      vertex 33.7677 18.5945 1.6
      vertex 33.6734 18.6672 1.6
    endloop
  endfacet
  facet normal 0.501072 0.865406 -0
    outer loop
      vertex 33.6734 18.6672 1.6
      vertex 33.5707 18.7267 2.1
      vertex 33.6734 18.6672 2.1
    endloop
  endfacet
  facet normal 0.501072 0.865406 0
    outer loop
      vertex 33.5707 18.7267 2.1
      vertex 33.6734 18.6672 1.6
      vertex 33.5707 18.7267 1.6
    endloop
  endfacet
  facet normal 0.384085 0.923298 -0
    outer loop
      vertex 33.5707 18.7267 1.6
      vertex 33.4594 18.773 2.1
      vertex 33.5707 18.7267 2.1
    endloop
  endfacet
  facet normal 0.384085 0.923298 0
    outer loop
      vertex 33.4594 18.773 2.1
      vertex 33.5707 18.7267 1.6
      vertex 33.4594 18.773 1.6
    endloop
  endfacet
  facet normal 0.266047 0.96396 -0
    outer loop
      vertex 33.4594 18.773 1.6
      vertex 33.3397 18.806 2.1
      vertex 33.4594 18.773 2.1
    endloop
  endfacet
  facet normal 0.266047 0.96396 0
    outer loop
      vertex 33.3397 18.806 2.1
      vertex 33.4594 18.773 1.6
      vertex 33.3397 18.806 1.6
    endloop
  endfacet
  facet normal 0.152852 0.988249 -0
    outer loop
      vertex 33.3397 18.806 1.6
      vertex 33.2114 18.8259 2.1
      vertex 33.3397 18.806 2.1
    endloop
  endfacet
  facet normal 0.152852 0.988249 0
    outer loop
      vertex 33.2114 18.8259 2.1
      vertex 33.3397 18.806 1.6
      vertex 33.2114 18.8259 1.6
    endloop
  endfacet
  facet normal 0.0482588 0.998835 -0
    outer loop
      vertex 33.2114 18.8259 1.6
      vertex 33.0747 18.8325 2.1
      vertex 33.2114 18.8259 2.1
    endloop
  endfacet
  facet normal 0.0482588 0.998835 0
    outer loop
      vertex 33.0747 18.8325 2.1
      vertex 33.2114 18.8259 1.6
      vertex 33.0747 18.8325 1.6
    endloop
  endfacet
  facet normal -0.0609678 0.99814 0
    outer loop
      vertex 33.0747 18.8325 1.6
      vertex 32.8918 18.8213 2.1
      vertex 33.0747 18.8325 2.1
    endloop
  endfacet
  facet normal -0.0609678 0.99814 0
    outer loop
      vertex 32.8918 18.8213 2.1
      vertex 33.0747 18.8325 1.6
      vertex 32.8918 18.8213 1.6
    endloop
  endfacet
  facet normal -0.193388 0.981122 0
    outer loop
      vertex 32.8918 18.8213 1.6
      vertex 32.7219 18.7878 2.1
      vertex 32.8918 18.8213 2.1
    endloop
  endfacet
  facet normal -0.193388 0.981122 0
    outer loop
      vertex 32.7219 18.7878 2.1
      vertex 32.8918 18.8213 1.6
      vertex 32.7219 18.7878 1.6
    endloop
  endfacet
  facet normal -0.335123 0.942174 0
    outer loop
      vertex 32.7219 18.7878 1.6
      vertex 32.5649 18.732 2.1
      vertex 32.7219 18.7878 2.1
    endloop
  endfacet
  facet normal -0.335123 0.942174 0
    outer loop
      vertex 32.5649 18.732 2.1
      vertex 32.7219 18.7878 1.6
      vertex 32.5649 18.732 1.6
    endloop
  endfacet
  facet normal -0.477018 0.878894 0
    outer loop
      vertex 32.5649 18.732 1.6
      vertex 32.4209 18.6538 2.1
      vertex 32.5649 18.732 2.1
    endloop
  endfacet
  facet normal -0.477018 0.878894 0
    outer loop
      vertex 32.4209 18.6538 2.1
      vertex 32.5649 18.732 1.6
      vertex 32.4209 18.6538 1.6
    endloop
  endfacet
  facet normal -0.608406 0.793626 0
    outer loop
      vertex 32.4209 18.6538 1.6
      vertex 32.2898 18.5533 2.1
      vertex 32.4209 18.6538 2.1
    endloop
  endfacet
  facet normal -0.608406 0.793626 0
    outer loop
      vertex 32.2898 18.5533 2.1
      vertex 32.4209 18.6538 1.6
      vertex 32.2898 18.5533 1.6
    endloop
  endfacet
  facet normal -0.720761 0.693184 0
    outer loop
      vertex 32.1717 18.4305 1.6
      vertex 32.2898 18.5533 2.1
      vertex 32.2898 18.5533 1.6
    endloop
  endfacet
  facet normal -0.720761 0.693184 0
    outer loop
      vertex 32.2898 18.5533 2.1
      vertex 32.1717 18.4305 1.6
      vertex 32.1717 18.4305 2.1
    endloop
  endfacet
  facet normal -0.822126 0.569306 0
    outer loop
      vertex 32.0543 18.261 1.6
      vertex 32.1717 18.4305 2.1
      vertex 32.1717 18.4305 1.6
    endloop
  endfacet
  facet normal -0.822126 0.569306 0
    outer loop
      vertex 32.1717 18.4305 2.1
      vertex 32.0543 18.261 1.6
      vertex 32.0543 18.261 2.1
    endloop
  endfacet
  facet normal -0.901815 0.432121 0
    outer loop
      vertex 31.9583 18.0607 1.6
      vertex 32.0543 18.261 2.1
      vertex 32.0543 18.261 1.6
    endloop
  endfacet
  facet normal -0.901815 0.432121 0
    outer loop
      vertex 32.0543 18.261 2.1
      vertex 31.9583 18.0607 1.6
      vertex 31.9583 18.0607 2.1
    endloop
  endfacet
  facet normal -0.951618 0.307284 0
    outer loop
      vertex 31.8837 17.8295 1.6
      vertex 31.9583 18.0607 2.1
      vertex 31.9583 18.0607 1.6
    endloop
  endfacet
  facet normal -0.951618 0.307284 0
    outer loop
      vertex 31.9583 18.0607 2.1
      vertex 31.8837 17.8295 1.6
      vertex 31.8837 17.8295 2.1
    endloop
  endfacet
  facet normal -0.979912 0.199428 0
    outer loop
      vertex 31.8303 17.5674 1.6
      vertex 31.8837 17.8295 2.1
      vertex 31.8837 17.8295 1.6
    endloop
  endfacet
  facet normal -0.979912 0.199428 0
    outer loop
      vertex 31.8837 17.8295 2.1
      vertex 31.8303 17.5674 1.6
      vertex 31.8303 17.5674 2.1
    endloop
  endfacet
  facet normal -0.99409 0.108562 0
    outer loop
      vertex 31.7983 17.2744 1.6
      vertex 31.8303 17.5674 2.1
      vertex 31.8303 17.5674 1.6
    endloop
  endfacet
  facet normal -0.99409 0.108562 0
    outer loop
      vertex 31.8303 17.5674 2.1
      vertex 31.7983 17.2744 1.6
      vertex 31.7983 17.2744 2.1
    endloop
  endfacet
  facet normal -0.999458 0.0329135 0
    outer loop
      vertex 31.7877 16.9505 1.6
      vertex 31.7983 17.2744 2.1
      vertex 31.7983 17.2744 1.6
    endloop
  endfacet
  facet normal -0.999458 0.0329135 0
    outer loop
      vertex 31.7983 17.2744 2.1
      vertex 31.7877 16.9505 1.6
      vertex 31.7877 16.9505 2.1
    endloop
  endfacet
  facet normal -0.999444 -0.0333447 0
    outer loop
      vertex 31.7973 16.6615 1.6
      vertex 31.7877 16.9505 2.1
      vertex 31.7877 16.9505 1.6
    endloop
  endfacet
  facet normal -0.999444 -0.0333447 0
    outer loop
      vertex 31.7877 16.9505 2.1
      vertex 31.7973 16.6615 1.6
      vertex 31.7973 16.6615 2.1
    endloop
  endfacet
  facet normal -0.993896 -0.110323 0
    outer loop
      vertex 31.8262 16.401 1.6
      vertex 31.7973 16.6615 2.1
      vertex 31.7973 16.6615 1.6
    endloop
  endfacet
  facet normal -0.993896 -0.110323 0
    outer loop
      vertex 31.7973 16.6615 2.1
      vertex 31.8262 16.401 1.6
      vertex 31.8262 16.401 2.1
    endloop
  endfacet
  facet normal -0.979094 -0.203406 0
    outer loop
      vertex 31.8744 16.169 1.6
      vertex 31.8262 16.401 2.1
      vertex 31.8262 16.401 1.6
    endloop
  endfacet
  facet normal -0.979094 -0.203406 0
    outer loop
      vertex 31.8262 16.401 2.1
      vertex 31.8744 16.169 1.6
      vertex 31.8744 16.169 2.1
    endloop
  endfacet
  facet normal -0.949131 -0.314882 0
    outer loop
      vertex 31.9419 15.9656 1.6
      vertex 31.8744 16.169 2.1
      vertex 31.8744 16.169 1.6
    endloop
  endfacet
  facet normal -0.949131 -0.314882 0
    outer loop
      vertex 31.8744 16.169 2.1
      vertex 31.9419 15.9656 1.6
      vertex 31.9419 15.9656 2.1
    endloop
  endfacet
  facet normal -0.895799 -0.44446 0
    outer loop
      vertex 32.0286 15.7908 1.6
      vertex 31.9419 15.9656 2.1
      vertex 31.9419 15.9656 1.6
    endloop
  endfacet
  facet normal -0.895799 -0.44446 0
    outer loop
      vertex 31.9419 15.9656 2.1
      vertex 32.0286 15.7908 1.6
      vertex 32.0286 15.7908 2.1
    endloop
  endfacet
  facet normal -0.809674 -0.58688 0
    outer loop
      vertex 32.1347 15.6445 1.6
      vertex 32.0286 15.7908 2.1
      vertex 32.0286 15.7908 1.6
    endloop
  endfacet
  facet normal -0.809674 -0.58688 0
    outer loop
      vertex 32.0286 15.7908 2.1
      vertex 32.1347 15.6445 1.6
      vertex 32.1347 15.6445 2.1
    endloop
  endfacet
  facet normal -0.705281 -0.708928 0
    outer loop
      vertex 32.1347 15.6445 1.6
      vertex 32.2563 15.5235 2.1
      vertex 32.1347 15.6445 2.1
    endloop
  endfacet
  facet normal -0.705281 -0.708928 -0
    outer loop
      vertex 32.2563 15.5235 2.1
      vertex 32.1347 15.6445 1.6
      vertex 32.2563 15.5235 1.6
    endloop
  endfacet
  facet normal -0.597595 -0.801798 0
    outer loop
      vertex 32.2563 15.5235 1.6
      vertex 32.3891 15.4245 2.1
      vertex 32.2563 15.5235 2.1
    endloop
  endfacet
  facet normal -0.597595 -0.801798 -0
    outer loop
      vertex 32.3891 15.4245 2.1
      vertex 32.2563 15.5235 1.6
      vertex 32.3891 15.4245 1.6
    endloop
  endfacet
  facet normal -0.471446 -0.881895 0
    outer loop
      vertex 32.3891 15.4245 1.6
      vertex 32.5332 15.3475 2.1
      vertex 32.3891 15.4245 2.1
    endloop
  endfacet
  facet normal -0.471446 -0.881895 -0
    outer loop
      vertex 32.5332 15.3475 2.1
      vertex 32.3891 15.4245 1.6
      vertex 32.5332 15.3475 1.6
    endloop
  endfacet
  facet normal -0.333847 -0.942627 0
    outer loop
      vertex 32.5332 15.3475 1.6
      vertex 32.6884 15.2925 2.1
      vertex 32.5332 15.3475 2.1
    endloop
  endfacet
  facet normal -0.333847 -0.942627 -0
    outer loop
      vertex 32.6884 15.2925 2.1
      vertex 32.5332 15.3475 1.6
      vertex 32.6884 15.2925 1.6
    endloop
  endfacet
  facet normal -0.194439 -0.980915 0
    outer loop
      vertex 32.6884 15.2925 1.6
      vertex 32.8549 15.2595 2.1
      vertex 32.6884 15.2925 2.1
    endloop
  endfacet
  facet normal -0.194439 -0.980915 -0
    outer loop
      vertex 32.8549 15.2595 2.1
      vertex 32.6884 15.2925 1.6
      vertex 32.8549 15.2595 1.6
    endloop
  endfacet
  facet normal -0.0617861 -0.998089 0
    outer loop
      vertex 32.8549 15.2595 1.6
      vertex 33.0327 15.2485 2.1
      vertex 32.8549 15.2595 2.1
    endloop
  endfacet
  facet normal -0.0617861 -0.998089 -0
    outer loop
      vertex 33.0327 15.2485 2.1
      vertex 32.8549 15.2595 1.6
      vertex 33.0327 15.2485 1.6
    endloop
  endfacet
  facet normal 0.0402214 -0.999191 0
    outer loop
      vertex 33.0327 15.2485 1.6
      vertex 33.1384 15.2528 2.1
      vertex 33.0327 15.2485 2.1
    endloop
  endfacet
  facet normal 0.0402214 -0.999191 0
    outer loop
      vertex 33.1384 15.2528 2.1
      vertex 33.0327 15.2485 1.6
      vertex 33.1384 15.2528 1.6
    endloop
  endfacet
  facet normal 0.122627 0.992453 -0
    outer loop
      vertex 32.9235 15.6355 1.6
      vertex 32.852 15.6443 2.1
      vertex 32.9235 15.6355 2.1
    endloop
  endfacet
  facet normal 0.122627 0.992453 0
    outer loop
      vertex 32.852 15.6443 2.1
      vertex 32.9235 15.6355 1.6
      vertex 32.852 15.6443 1.6
    endloop
  endfacet
  facet normal 0.212156 0.977236 -0
    outer loop
      vertex 32.852 15.6443 1.6
      vertex 32.7842 15.659 2.1
      vertex 32.852 15.6443 2.1
    endloop
  endfacet
  facet normal 0.212156 0.977236 0
    outer loop
      vertex 32.7842 15.659 2.1
      vertex 32.852 15.6443 1.6
      vertex 32.7842 15.659 1.6
    endloop
  endfacet
  facet normal 0.305679 0.952135 -0
    outer loop
      vertex 32.7842 15.659 1.6
      vertex 32.72 15.6796 2.1
      vertex 32.7842 15.659 2.1
    endloop
  endfacet
  facet normal 0.305679 0.952135 0
    outer loop
      vertex 32.72 15.6796 2.1
      vertex 32.7842 15.659 1.6
      vertex 32.72 15.6796 1.6
    endloop
  endfacet
  facet normal 0.401267 0.915961 -0
    outer loop
      vertex 32.72 15.6796 1.6
      vertex 32.6595 15.7061 2.1
      vertex 32.72 15.6796 2.1
    endloop
  endfacet
  facet normal 0.401267 0.915961 0
    outer loop
      vertex 32.6595 15.7061 2.1
      vertex 32.72 15.6796 1.6
      vertex 32.6595 15.7061 1.6
    endloop
  endfacet
  facet normal 0.495159 0.868802 -0
    outer loop
      vertex 32.6595 15.7061 1.6
      vertex 32.6027 15.7385 2.1
      vertex 32.6595 15.7061 2.1
    endloop
  endfacet
  facet normal 0.495159 0.868802 0
    outer loop
      vertex 32.6027 15.7385 2.1
      vertex 32.6595 15.7061 1.6
      vertex 32.6027 15.7385 1.6
    endloop
  endfacet
  facet normal 0.584403 0.811464 -0
    outer loop
      vertex 32.6027 15.7385 1.6
      vertex 32.5494 15.7768 2.1
      vertex 32.6027 15.7385 2.1
    endloop
  endfacet
  facet normal 0.584403 0.811464 0
    outer loop
      vertex 32.5494 15.7768 2.1
      vertex 32.6027 15.7385 1.6
      vertex 32.5494 15.7768 1.6
    endloop
  endfacet
  facet normal 0.660316 0.750988 -0
    outer loop
      vertex 32.5494 15.7768 1.6
      vertex 32.4998 15.8205 2.1
      vertex 32.5494 15.7768 2.1
    endloop
  endfacet
  facet normal 0.660316 0.750988 0
    outer loop
      vertex 32.4998 15.8205 2.1
      vertex 32.5494 15.7768 1.6
      vertex 32.4998 15.8205 1.6
    endloop
  endfacet
  facet normal 0.728213 0.685351 0
    outer loop
      vertex 32.4998 15.8205 2.1
      vertex 32.4537 15.8695 1.6
      vertex 32.4537 15.8695 2.1
    endloop
  endfacet
  facet normal 0.728213 0.685351 0
    outer loop
      vertex 32.4537 15.8695 1.6
      vertex 32.4998 15.8205 2.1
      vertex 32.4998 15.8205 1.6
    endloop
  endfacet
  facet normal 0.787276 0.6166 0
    outer loop
      vertex 32.4537 15.8695 2.1
      vertex 32.4111 15.9238 1.6
      vertex 32.4111 15.9238 2.1
    endloop
  endfacet
  facet normal 0.787276 0.6166 0
    outer loop
      vertex 32.4111 15.9238 1.6
      vertex 32.4537 15.8695 2.1
      vertex 32.4537 15.8695 1.6
    endloop
  endfacet
  facet normal 0.837022 0.547169 0
    outer loop
      vertex 32.4111 15.9238 2.1
      vertex 32.3721 15.9835 1.6
      vertex 32.3721 15.9835 2.1
    endloop
  endfacet
  facet normal 0.837022 0.547169 0
    outer loop
      vertex 32.3721 15.9835 1.6
      vertex 32.4111 15.9238 2.1
      vertex 32.4111 15.9238 1.6
    endloop
  endfacet
  facet normal 0.877951 0.478751 0
    outer loop
      vertex 32.3721 15.9835 2.1
      vertex 32.3367 16.0485 1.6
      vertex 32.3367 16.0485 2.1
    endloop
  endfacet
  facet normal 0.877951 0.478751 0
    outer loop
      vertex 32.3367 16.0485 1.6
      vertex 32.3721 15.9835 2.1
      vertex 32.3721 15.9835 1.6
    endloop
  endfacet
  facet normal 0.911153 0.412067 0
    outer loop
      vertex 32.3367 16.0485 2.1
      vertex 32.3058 16.1167 1.6
      vertex 32.3058 16.1167 2.1
    endloop
  endfacet
  facet normal 0.911153 0.412067 0
    outer loop
      vertex 32.3058 16.1167 1.6
      vertex 32.3367 16.0485 2.1
      vertex 32.3367 16.0485 1.6
    endloop
  endfacet
  facet normal 0.939618 0.342225 0
    outer loop
      vertex 32.3058 16.1167 2.1
      vertex 32.2805 16.1861 1.6
      vertex 32.2805 16.1861 2.1
    endloop
  endfacet
  facet normal 0.939618 0.342225 0
    outer loop
      vertex 32.2805 16.1861 1.6
      vertex 32.3058 16.1167 2.1
      vertex 32.3058 16.1167 1.6
    endloop
  endfacet
  facet normal 0.96326 0.268569 0
    outer loop
      vertex 32.2805 16.1861 2.1
      vertex 32.2609 16.2565 1.6
      vertex 32.2609 16.2565 2.1
    endloop
  endfacet
  facet normal 0.96326 0.268569 0
    outer loop
      vertex 32.2609 16.2565 1.6
      vertex 32.2805 16.1861 2.1
      vertex 32.2805 16.1861 1.6
    endloop
  endfacet
  facet normal 0.981338 0.192292 0
    outer loop
      vertex 32.2609 16.2565 2.1
      vertex 32.2469 16.3281 1.6
      vertex 32.2469 16.3281 2.1
    endloop
  endfacet
  facet normal 0.981338 0.192292 0
    outer loop
      vertex 32.2469 16.3281 1.6
      vertex 32.2609 16.2565 2.1
      vertex 32.2609 16.2565 1.6
    endloop
  endfacet
  facet normal 0.993349 0.115147 0
    outer loop
      vertex 32.2469 16.3281 2.1
      vertex 32.2385 16.4007 1.6
      vertex 32.2385 16.4007 2.1
    endloop
  endfacet
  facet normal 0.993349 0.115147 0
    outer loop
      vertex 32.2385 16.4007 1.6
      vertex 32.2469 16.3281 2.1
      vertex 32.2469 16.3281 1.6
    endloop
  endfacet
  facet normal 0.999277 0.0380283 0
    outer loop
      vertex 32.2385 16.4007 2.1
      vertex 32.2357 16.4745 1.6
      vertex 32.2357 16.4745 2.1
    endloop
  endfacet
  facet normal 0.999277 0.0380283 0
    outer loop
      vertex 32.2357 16.4745 1.6
      vertex 32.2385 16.4007 2.1
      vertex 32.2385 16.4007 1.6
    endloop
  endfacet
  facet normal 0.998486 -0.0550149 0
    outer loop
      vertex 32.2357 16.4745 2.1
      vertex 32.2417 16.5839 1.6
      vertex 32.2417 16.5839 2.1
    endloop
  endfacet
  facet normal 0.998486 -0.0550149 0
    outer loop
      vertex 32.2417 16.5839 1.6
      vertex 32.2357 16.4745 2.1
      vertex 32.2357 16.4745 1.6
    endloop
  endfacet
  facet normal 0.984699 -0.174263 0
    outer loop
      vertex 32.2417 16.5839 2.1
      vertex 32.2598 16.6861 1.6
      vertex 32.2598 16.6861 2.1
    endloop
  endfacet
  facet normal 0.984699 -0.174263 0
    outer loop
      vertex 32.2598 16.6861 1.6
      vertex 32.2417 16.5839 2.1
      vertex 32.2417 16.5839 1.6
    endloop
  endfacet
  facet normal 0.953091 -0.302685 0
    outer loop
      vertex 32.2598 16.6861 2.1
      vertex 32.2899 16.781 1.6
      vertex 32.2899 16.781 2.1
    endloop
  endfacet
  facet normal 0.953091 -0.302685 0
    outer loop
      vertex 32.2899 16.781 1.6
      vertex 32.2598 16.6861 2.1
      vertex 32.2598 16.6861 1.6
    endloop
  endfacet
  facet normal 0.901188 -0.433429 0
    outer loop
      vertex 32.2899 16.781 2.1
      vertex 32.3321 16.8687 1.6
      vertex 32.3321 16.8687 2.1
    endloop
  endfacet
  facet normal 0.901188 -0.433429 0
    outer loop
      vertex 32.3321 16.8687 1.6
      vertex 32.2899 16.781 2.1
      vertex 32.2899 16.781 1.6
    endloop
  endfacet
  facet normal 0.829308 -0.558792 0
    outer loop
      vertex 32.3321 16.8687 2.1
      vertex 32.3864 16.9492 1.6
      vertex 32.3864 16.9492 2.1
    endloop
  endfacet
  facet normal 0.829308 -0.558792 0
    outer loop
      vertex 32.3864 16.9492 1.6
      vertex 32.3321 16.8687 2.1
      vertex 32.3321 16.8687 1.6
    endloop
  endfacet
  facet normal 0.741364 -0.671103 0
    outer loop
      vertex 32.3864 16.9492 2.1
      vertex 32.4527 17.0225 1.6
      vertex 32.4527 17.0225 2.1
    endloop
  endfacet
  facet normal 0.741364 -0.671103 0
    outer loop
      vertex 32.4527 17.0225 1.6
      vertex 32.3864 16.9492 2.1
      vertex 32.3864 16.9492 1.6
    endloop
  endfacet
  facet normal 0.650396 -0.759595 0
    outer loop
      vertex 32.4527 17.0225 1.6
      vertex 32.5276 17.0867 2.1
      vertex 32.4527 17.0225 2.1
    endloop
  endfacet
  facet normal 0.650396 -0.759595 0
    outer loop
      vertex 32.5276 17.0867 2.1
      vertex 32.4527 17.0225 1.6
      vertex 32.5276 17.0867 1.6
    endloop
  endfacet
  facet normal 0.547884 -0.836554 0
    outer loop
      vertex 32.5276 17.0867 1.6
      vertex 32.6078 17.1392 2.1
      vertex 32.5276 17.0867 2.1
    endloop
  endfacet
  facet normal 0.547884 -0.836554 0
    outer loop
      vertex 32.6078 17.1392 2.1
      vertex 32.5276 17.0867 1.6
      vertex 32.6078 17.1392 1.6
    endloop
  endfacet
  facet normal 0.43141 -0.902156 0
    outer loop
      vertex 32.6078 17.1392 1.6
      vertex 32.6932 17.18 2.1
      vertex 32.6078 17.1392 2.1
    endloop
  endfacet
  facet normal 0.43141 -0.902156 0
    outer loop
      vertex 32.6932 17.18 2.1
      vertex 32.6078 17.1392 1.6
      vertex 32.6932 17.18 1.6
    endloop
  endfacet
  facet normal 0.306352 -0.951918 0
    outer loop
      vertex 32.6932 17.18 1.6
      vertex 32.7838 17.2092 2.1
      vertex 32.6932 17.18 2.1
    endloop
  endfacet
  facet normal 0.306352 -0.951918 0
    outer loop
      vertex 32.7838 17.2092 2.1
      vertex 32.6932 17.18 1.6
      vertex 32.7838 17.2092 1.6
    endloop
  endfacet
  facet normal 0.179643 -0.983732 0
    outer loop
      vertex 32.7838 17.2092 1.6
      vertex 32.8796 17.2267 2.1
      vertex 32.7838 17.2092 2.1
    endloop
  endfacet
  facet normal 0.179643 -0.983732 0
    outer loop
      vertex 32.8796 17.2267 2.1
      vertex 32.7838 17.2092 1.6
      vertex 32.8796 17.2267 1.6
    endloop
  endfacet
  facet normal 0.0577323 -0.998332 0
    outer loop
      vertex 32.8796 17.2267 1.6
      vertex 32.9807 17.2325 2.1
      vertex 32.8796 17.2267 2.1
    endloop
  endfacet
  facet normal 0.0577323 -0.998332 0
    outer loop
      vertex 32.9807 17.2325 2.1
      vertex 32.8796 17.2267 1.6
      vertex 32.9807 17.2325 1.6
    endloop
  endfacet
  facet normal -0.0525804 -0.998617 0
    outer loop
      vertex 32.9807 17.2325 1.6
      vertex 33.0917 17.2267 2.1
      vertex 32.9807 17.2325 2.1
    endloop
  endfacet
  facet normal -0.0525804 -0.998617 -0
    outer loop
      vertex 33.0917 17.2267 2.1
      vertex 32.9807 17.2325 1.6
      vertex 33.0917 17.2267 1.6
    endloop
  endfacet
  facet normal -0.168568 -0.98569 0
    outer loop
      vertex 33.0917 17.2267 1.6
      vertex 33.194 17.2092 2.1
      vertex 33.0917 17.2267 2.1
    endloop
  endfacet
  facet normal -0.168568 -0.98569 -0
    outer loop
      vertex 33.194 17.2092 2.1
      vertex 33.0917 17.2267 1.6
      vertex 33.194 17.2092 1.6
    endloop
  endfacet
  facet normal -0.297265 -0.954795 0
    outer loop
      vertex 33.194 17.2092 1.6
      vertex 33.2877 17.18 2.1
      vertex 33.194 17.2092 2.1
    endloop
  endfacet
  facet normal -0.297265 -0.954795 -0
    outer loop
      vertex 33.2877 17.18 2.1
      vertex 33.194 17.2092 1.6
      vertex 33.2877 17.18 1.6
    endloop
  endfacet
  facet normal -0.432984 -0.901402 0
    outer loop
      vertex 33.2877 17.18 1.6
      vertex 33.3727 17.1392 2.1
      vertex 33.2877 17.18 2.1
    endloop
  endfacet
  facet normal -0.432984 -0.901402 -0
    outer loop
      vertex 33.3727 17.1392 2.1
      vertex 33.2877 17.18 1.6
      vertex 33.3727 17.1392 1.6
    endloop
  endfacet
  facet normal -0.566766 -0.823878 0
    outer loop
      vertex 33.3727 17.1392 1.6
      vertex 33.449 17.0867 2.1
      vertex 33.3727 17.1392 2.1
    endloop
  endfacet
  facet normal -0.566766 -0.823878 -0
    outer loop
      vertex 33.449 17.0867 2.1
      vertex 33.3727 17.1392 1.6
      vertex 33.449 17.0867 1.6
    endloop
  endfacet
  facet normal -0.68804 -0.725673 0
    outer loop
      vertex 33.449 17.0867 1.6
      vertex 33.5167 17.0225 2.1
      vertex 33.449 17.0867 2.1
    endloop
  endfacet
  facet normal -0.68804 -0.725673 -0
    outer loop
      vertex 33.5167 17.0225 2.1
      vertex 33.449 17.0867 1.6
      vertex 33.5167 17.0225 1.6
    endloop
  endfacet
  facet normal -0.784883 -0.619644 0
    outer loop
      vertex 33.575 16.9486 1.6
      vertex 33.5167 17.0225 2.1
      vertex 33.5167 17.0225 1.6
    endloop
  endfacet
  facet normal -0.784883 -0.619644 0
    outer loop
      vertex 33.5167 17.0225 2.1
      vertex 33.575 16.9486 1.6
      vertex 33.575 16.9486 2.1
    endloop
  endfacet
  facet normal -0.865521 -0.500872 0
    outer loop
      vertex 33.6228 16.8661 1.6
      vertex 33.575 16.9486 2.1
      vertex 33.575 16.9486 1.6
    endloop
  endfacet
  facet normal -0.865521 -0.500872 0
    outer loop
      vertex 33.575 16.9486 2.1
      vertex 33.6228 16.8661 1.6
      vertex 33.6228 16.8661 2.1
    endloop
  endfacet
  facet normal -0.92593 -0.377696 0
    outer loop
      vertex 33.6599 16.775 1.6
      vertex 33.6228 16.8661 2.1
      vertex 33.6228 16.8661 1.6
    endloop
  endfacet
  facet normal -0.92593 -0.377696 0
    outer loop
      vertex 33.6228 16.8661 2.1
      vertex 33.6599 16.775 1.6
      vertex 33.6599 16.775 2.1
    endloop
  endfacet
  facet normal -0.966338 -0.257276 0
    outer loop
      vertex 33.6864 16.6754 1.6
      vertex 33.6599 16.775 2.1
      vertex 33.6599 16.775 1.6
    endloop
  endfacet
  facet normal -0.966338 -0.257276 0
    outer loop
      vertex 33.6599 16.775 2.1
      vertex 33.6864 16.6754 1.6
      vertex 33.6864 16.6754 2.1
    endloop
  endfacet
  facet normal -0.989329 -0.145699 0
    outer loop
      vertex 33.7024 16.5672 1.6
      vertex 33.6864 16.6754 2.1
      vertex 33.6864 16.6754 1.6
    endloop
  endfacet
  facet normal -0.989329 -0.145699 0
    outer loop
      vertex 33.6864 16.6754 2.1
      vertex 33.7024 16.5672 1.6
      vertex 33.7024 16.5672 2.1
    endloop
  endfacet
  facet normal -0.998973 -0.0453129 0
    outer loop
      vertex 33.7077 16.4505 1.6
      vertex 33.7024 16.5672 2.1
      vertex 33.7024 16.5672 1.6
    endloop
  endfacet
  facet normal -0.998973 -0.0453129 0
    outer loop
      vertex 33.7024 16.5672 2.1
      vertex 33.7077 16.4505 1.6
      vertex 33.7077 16.4505 2.1
    endloop
  endfacet
  facet normal -0.999031 0.044003 0
    outer loop
      vertex 33.7023 16.3289 1.6
      vertex 33.7077 16.4505 2.1
      vertex 33.7077 16.4505 1.6
    endloop
  endfacet
  facet normal -0.999031 0.044003 0
    outer loop
      vertex 33.7077 16.4505 2.1
      vertex 33.7023 16.3289 1.6
      vertex 33.7023 16.3289 2.1
    endloop
  endfacet
  facet normal -0.989995 0.141103 0
    outer loop
      vertex 33.6862 16.2161 1.6
      vertex 33.7023 16.3289 2.1
      vertex 33.7023 16.3289 1.6
    endloop
  endfacet
  facet normal -0.989995 0.141103 0
    outer loop
      vertex 33.7023 16.3289 2.1
      vertex 33.6862 16.2161 1.6
      vertex 33.6862 16.2161 2.1
    endloop
  endfacet
  facet normal -0.968371 0.249513 0
    outer loop
      vertex 33.6594 16.112 1.6
      vertex 33.6862 16.2161 2.1
      vertex 33.6862 16.2161 1.6
    endloop
  endfacet
  facet normal -0.968371 0.249513 0
    outer loop
      vertex 33.6862 16.2161 2.1
      vertex 33.6594 16.112 1.6
      vertex 33.6594 16.112 2.1
    endloop
  endfacet
  facet normal -0.930467 0.366376 0
    outer loop
      vertex 33.6219 16.0167 1.6
      vertex 33.6594 16.112 2.1
      vertex 33.6594 16.112 1.6
    endloop
  endfacet
  facet normal -0.930467 0.366376 0
    outer loop
      vertex 33.6594 16.112 2.1
      vertex 33.6219 16.0167 1.6
      vertex 33.6219 16.0167 2.1
    endloop
  endfacet
  facet normal -0.873298 0.487186 0
    outer loop
      vertex 33.5736 15.9302 1.6
      vertex 33.6219 16.0167 2.1
      vertex 33.6219 16.0167 1.6
    endloop
  endfacet
  facet normal -0.873298 0.487186 0
    outer loop
      vertex 33.6219 16.0167 2.1
      vertex 33.5736 15.9302 1.6
      vertex 33.5736 15.9302 2.1
    endloop
  endfacet
  facet normal -0.796647 0.604445 0
    outer loop
      vertex 33.5147 15.8525 1.6
      vertex 33.5736 15.9302 2.1
      vertex 33.5736 15.9302 1.6
    endloop
  endfacet
  facet normal -0.796647 0.604445 0
    outer loop
      vertex 33.5736 15.9302 2.1
      vertex 33.5147 15.8525 1.6
      vertex 33.5147 15.8525 2.1
    endloop
  endfacet
  facet normal -0.703345 0.710848 0
    outer loop
      vertex 33.5147 15.8525 1.6
      vertex 33.4467 15.7853 2.1
      vertex 33.5147 15.8525 2.1
    endloop
  endfacet
  facet normal -0.703345 0.710848 0
    outer loop
      vertex 33.4467 15.7853 2.1
      vertex 33.5147 15.8525 1.6
      vertex 33.4467 15.7853 1.6
    endloop
  endfacet
  facet normal -0.590468 0.807061 0
    outer loop
      vertex 33.4467 15.7853 1.6
      vertex 33.3716 15.7303 2.1
      vertex 33.4467 15.7853 2.1
    endloop
  endfacet
  facet normal -0.590468 0.807061 0
    outer loop
      vertex 33.3716 15.7303 2.1
      vertex 33.4467 15.7853 1.6
      vertex 33.3716 15.7303 1.6
    endloop
  endfacet
  facet normal -0.460835 0.887486 0
    outer loop
      vertex 33.3716 15.7303 1.6
      vertex 33.2892 15.6875 2.1
      vertex 33.3716 15.7303 2.1
    endloop
  endfacet
  facet normal -0.460835 0.887486 0
    outer loop
      vertex 33.2892 15.6875 2.1
      vertex 33.3716 15.7303 1.6
      vertex 33.2892 15.6875 1.6
    endloop
  endfacet
  facet normal -0.3227 0.946501 0
    outer loop
      vertex 33.2892 15.6875 1.6
      vertex 33.1996 15.657 2.1
      vertex 33.2892 15.6875 2.1
    endloop
  endfacet
  facet normal -0.3227 0.946501 0
    outer loop
      vertex 33.1996 15.657 2.1
      vertex 33.2892 15.6875 1.6
      vertex 33.1996 15.657 1.6
    endloop
  endfacet
  facet normal -0.185952 0.982559 0
    outer loop
      vertex 33.1996 15.657 1.6
      vertex 33.1027 15.6386 2.1
      vertex 33.1996 15.657 2.1
    endloop
  endfacet
  facet normal -0.185952 0.982559 0
    outer loop
      vertex 33.1027 15.6386 2.1
      vertex 33.1996 15.657 1.6
      vertex 33.1027 15.6386 1.6
    endloop
  endfacet
  facet normal -0.0586963 0.998276 0
    outer loop
      vertex 33.1027 15.6386 1.6
      vertex 32.9987 15.6325 2.1
      vertex 33.1027 15.6386 2.1
    endloop
  endfacet
  facet normal -0.0586963 0.998276 0
    outer loop
      vertex 32.9987 15.6325 2.1
      vertex 33.1027 15.6386 1.6
      vertex 32.9987 15.6325 1.6
    endloop
  endfacet
  facet normal 0.0391498 0.999233 -0
    outer loop
      vertex 32.9987 15.6325 1.6
      vertex 32.9235 15.6355 2.1
      vertex 32.9987 15.6325 2.1
    endloop
  endfacet
  facet normal 0.0391498 0.999233 0
    outer loop
      vertex 32.9235 15.6355 2.1
      vertex 32.9987 15.6325 1.6
      vertex 32.9235 15.6355 1.6
    endloop
  endfacet
  facet normal 0 -1 0
    outer loop
      vertex 29.7467 16.1445 1.6
      vertex 30.1947 16.1445 2.1
      vertex 29.7467 16.1445 2.1
    endloop
  endfacet
  facet normal 0 -1 -0
    outer loop
      vertex 30.1947 16.1445 2.1
      vertex 29.7467 16.1445 1.6
      vertex 30.1947 16.1445 1.6
    endloop
  endfacet
  facet normal 1 -0 0
    outer loop
      vertex 30.1947 16.1445 2.1
      vertex 30.1947 16.5925 1.6
      vertex 30.1947 16.5925 2.1
    endloop
  endfacet
  facet normal 1 0 0
    outer loop
      vertex 30.1947 16.5925 1.6
      vertex 30.1947 16.1445 2.1
      vertex 30.1947 16.1445 1.6
    endloop
  endfacet
  facet normal 0 1 -0
    outer loop
      vertex 30.1947 16.5925 1.6
      vertex 29.7467 16.5925 2.1
      vertex 30.1947 16.5925 2.1
    endloop
  endfacet
  facet normal 0 1 0
    outer loop
      vertex 29.7467 16.5925 2.1
      vertex 30.1947 16.5925 1.6
      vertex 29.7467 16.5925 1.6
    endloop
  endfacet
  facet normal 1 -0 0
    outer loop
      vertex 29.7467 16.5925 2.1
      vertex 29.7467 18.7685 1.6
      vertex 29.7467 18.7685 2.1
    endloop
  endfacet
  facet normal 1 0 0
    outer loop
      vertex 29.7467 18.7685 1.6
      vertex 29.7467 16.5925 2.1
      vertex 29.7467 16.5925 1.6
    endloop
  endfacet
  facet normal 0 1 -0
    outer loop
      vertex 29.7467 18.7685 1.6
      vertex 29.4267 18.7685 2.1
      vertex 29.7467 18.7685 2.1
    endloop
  endfacet
  facet normal 0 1 0
    outer loop
      vertex 29.4267 18.7685 2.1
      vertex 29.7467 18.7685 1.6
      vertex 29.4267 18.7685 1.6
    endloop
  endfacet
  facet normal -0.794355 0.607454 0
    outer loop
      vertex 27.7627 16.5925 1.6
      vertex 29.4267 18.7685 2.1
      vertex 29.4267 18.7685 1.6
    endloop
  endfacet
  facet normal -0.794355 0.607454 0
    outer loop
      vertex 29.4267 18.7685 2.1
      vertex 27.7627 16.5925 1.6
      vertex 27.7627 16.5925 2.1
    endloop
  endfacet
  facet normal -1 0 0
    outer loop
      vertex 27.7627 16.1445 1.6
      vertex 27.7627 16.5925 2.1
      vertex 27.7627 16.5925 1.6
    endloop
  endfacet
  facet normal -1 -0 0
    outer loop
      vertex 27.7627 16.5925 2.1
      vertex 27.7627 16.1445 1.6
      vertex 27.7627 16.1445 2.1
    endloop
  endfacet
  facet normal 0 -1 0
    outer loop
      vertex 27.7627 16.1445 1.6
      vertex 29.2987 16.1445 2.1
      vertex 27.7627 16.1445 2.1
    endloop
  endfacet
  facet normal 0 -1 -0
    outer loop
      vertex 29.2987 16.1445 2.1
      vertex 27.7627 16.1445 1.6
      vertex 29.2987 16.1445 1.6
    endloop
  endfacet
  facet normal -1 0 0
    outer loop
      vertex 29.2987 15.3125 1.6
      vertex 29.2987 16.1445 2.1
      vertex 29.2987 16.1445 1.6
    endloop
  endfacet
  facet normal -1 -0 0
    outer loop
      vertex 29.2987 16.1445 2.1
      vertex 29.2987 15.3125 1.6
      vertex 29.2987 15.3125 2.1
    endloop
  endfacet
  facet normal 0 -1 0
    outer loop
      vertex 29.2987 15.3125 1.6
      vertex 29.7467 15.3125 2.1
      vertex 29.2987 15.3125 2.1
    endloop
  endfacet
  facet normal 0 -1 -0
    outer loop
      vertex 29.7467 15.3125 2.1
      vertex 29.2987 15.3125 1.6
      vertex 29.7467 15.3125 1.6
    endloop
  endfacet
  facet normal 1 -0 0
    outer loop
      vertex 29.7467 15.3125 2.1
      vertex 29.7467 16.1445 1.6
      vertex 29.7467 16.1445 2.1
    endloop
  endfacet
  facet normal 1 0 0
    outer loop
      vertex 29.7467 16.1445 1.6
      vertex 29.7467 15.3125 2.1
      vertex 29.7467 15.3125 1.6
    endloop
  endfacet
  facet normal 0.794285 -0.607545 0
    outer loop
      vertex 28.3097 16.5925 2.1
      vertex 29.2987 17.8855 1.6
      vertex 29.2987 17.8855 2.1
    endloop
  endfacet
  facet normal 0.794285 -0.607545 0
    outer loop
      vertex 29.2987 17.8855 1.6
      vertex 28.3097 16.5925 2.1
      vertex 28.3097 16.5925 1.6
    endloop
  endfacet
  facet normal -1 0 0
    outer loop
      vertex 29.2987 16.5925 1.6
      vertex 29.2987 17.8855 2.1
      vertex 29.2987 17.8855 1.6
    endloop
  endfacet
  facet normal -1 -0 0
    outer loop
      vertex 29.2987 17.8855 2.1
      vertex 29.2987 16.5925 1.6
      vertex 29.2987 16.5925 2.1
    endloop
  endfacet
  facet normal 0 1 -0
    outer loop
      vertex 29.2987 16.5925 1.6
      vertex 28.3097 16.5925 2.1
      vertex 29.2987 16.5925 2.1
    endloop
  endfacet
  facet normal 0 1 0
    outer loop
      vertex 28.3097 16.5925 2.1
      vertex 29.2987 16.5925 1.6
      vertex 28.3097 16.5925 1.6
    endloop
  endfacet
  facet normal 0 1 -0
    outer loop
      vertex 31.2363 15.7605 1.6
      vertex 30.7883 15.7605 2.1
      vertex 31.2363 15.7605 2.1
    endloop
  endfacet
  facet normal 0 1 0
    outer loop
      vertex 30.7883 15.7605 2.1
      vertex 31.2363 15.7605 1.6
      vertex 30.7883 15.7605 1.6
    endloop
  endfacet
  facet normal -1 0 0
    outer loop
      vertex 30.7883 15.3125 1.6
      vertex 30.7883 15.7605 2.1
      vertex 30.7883 15.7605 1.6
    endloop
  endfacet
  facet normal -1 -0 0
    outer loop
      vertex 30.7883 15.7605 2.1
      vertex 30.7883 15.3125 1.6
      vertex 30.7883 15.3125 2.1
    endloop
  endfacet
  facet normal 0 -1 0
    outer loop
      vertex 30.7883 15.3125 1.6
      vertex 31.2363 15.3125 2.1
      vertex 30.7883 15.3125 2.1
    endloop
  endfacet
  facet normal 0 -1 -0
    outer loop
      vertex 31.2363 15.3125 2.1
      vertex 30.7883 15.3125 1.6
      vertex 31.2363 15.3125 1.6
    endloop
  endfacet
  facet normal 1 -0 0
    outer loop
      vertex 31.2363 15.3125 2.1
      vertex 31.2363 15.7605 1.6
      vertex 31.2363 15.7605 2.1
    endloop
  endfacet
  facet normal 1 0 0
    outer loop
      vertex 31.2363 15.7605 1.6
      vertex 31.2363 15.3125 2.1
      vertex 31.2363 15.3125 1.6
    endloop
  endfacet
  facet normal -0 0 1
    outer loop
      vertex 40.3097 16.5925 2.1
      vertex 41.2987 16.1445 2.1
      vertex 41.2987 16.5925 2.1
    endloop
  endfacet
  facet normal 0 0 1
    outer loop
      vertex 39.7627 16.1445 2.1
      vertex 40.3097 16.5925 2.1
      vertex 39.7627 16.5925 2.1
    endloop
  endfacet
  facet normal 0 0 1
    outer loop
      vertex 40.3097 16.5925 2.1
      vertex 39.7627 16.1445 2.1
      vertex 41.2987 16.1445 2.1
    endloop
  endfacet
  facet normal 0 0 1
    outer loop
      vertex 39.7627 16.5925 2.1
      vertex 41.2987 17.8855 2.1
      vertex 41.4267 18.7685 2.1
    endloop
  endfacet
  facet normal 0 0 1
    outer loop
      vertex 41.2987 17.8855 2.1
      vertex 39.7627 16.5925 2.1
      vertex 40.3097 16.5925 2.1
    endloop
  endfacet
  facet normal -0 0 1
    outer loop
      vertex 41.2987 17.8855 2.1
      vertex 41.7467 16.5925 2.1
      vertex 41.7467 18.7685 2.1
    endloop
  endfacet
  facet normal 0 0 1
    outer loop
      vertex 41.2987 16.5925 2.1
      vertex 41.7467 16.5925 2.1
      vertex 41.2987 17.8855 2.1
    endloop
  endfacet
  facet normal 0 0 1
    outer loop
      vertex 41.2987 17.8855 2.1
      vertex 41.7467 18.7685 2.1
      vertex 41.4267 18.7685 2.1
    endloop
  endfacet
  facet normal 0 0 1
    outer loop
      vertex 41.7467 16.5925 2.1
      vertex 41.2987 16.5925 2.1
      vertex 41.7467 16.1445 2.1
    endloop
  endfacet
  facet normal 0 0 1
    outer loop
      vertex 41.2987 16.1445 2.1
      vertex 41.7467 16.1445 2.1
      vertex 41.2987 16.5925 2.1
    endloop
  endfacet
  facet normal 0 0 1
    outer loop
      vertex 41.7467 16.1445 2.1
      vertex 41.2987 16.1445 2.1
      vertex 41.7467 15.3125 2.1
    endloop
  endfacet
  facet normal 0 0 1
    outer loop
      vertex 41.7467 15.3125 2.1
      vertex 41.2987 16.1445 2.1
      vertex 41.2987 15.3125 2.1
    endloop
  endfacet
  facet normal -0 0 1
    outer loop
      vertex 41.7467 16.5925 2.1
      vertex 42.1947 16.1445 2.1
      vertex 42.1947 16.5925 2.1
    endloop
  endfacet
  facet normal 0 0 1
    outer loop
      vertex 42.1947 16.1445 2.1
      vertex 41.7467 16.5925 2.1
      vertex 41.7467 16.1445 2.1
    endloop
  endfacet
  facet normal 0 0 1
    outer loop
      vertex 45.7077 18.3205 2.1
      vertex 46.1557 18.4055 2.1
      vertex 46.1557 18.7685 2.1
    endloop
  endfacet
  facet normal 0 0 1
    outer loop
      vertex 46.1557 18.4055 2.1
      vertex 45.7077 18.3205 2.1
      vertex 46.0488 18.2796 2.1
    endloop
  endfacet
  facet normal 0 0 1
    outer loop
      vertex 46.0488 18.2796 2.1
      vertex 45.7077 18.3205 2.1
      vertex 45.9423 18.1413 2.1
    endloop
  endfacet
  facet normal -0 0 1
    outer loop
      vertex 45.5947 18.1931 2.1
      vertex 45.9423 18.1413 2.1
      vertex 45.7077 18.3205 2.1
    endloop
  endfacet
  facet normal 0 0 1
    outer loop
      vertex 45.9423 18.1413 2.1
      vertex 45.5947 18.1931 2.1
      vertex 45.8362 17.9905 2.1
    endloop
  endfacet
  facet normal -0 0 1
    outer loop
      vertex 43.9157 18.7685 2.1
      vertex 45.7077 18.3205 2.1
      vertex 46.1557 18.7685 2.1
    endloop
  endfacet
  facet normal 0 0 1
    outer loop
      vertex 45.7077 18.3205 2.1
      vertex 43.9157 18.7685 2.1
      vertex 43.9157 18.3205 2.1
    endloop
  endfacet
  facet normal -0 0 1
    outer loop
      vertex 45.484 18.0563 2.1
      vertex 45.8362 17.9905 2.1
      vertex 45.5947 18.1931 2.1
    endloop
  endfacet
  facet normal 0 0 1
    outer loop
      vertex 45.8362 17.9905 2.1
      vertex 45.484 18.0563 2.1
      vertex 45.7303 17.8273 2.1
    endloop
  endfacet
  facet normal -0 0 1
    outer loop
      vertex 45.3754 17.91 2.1
      vertex 45.7303 17.8273 2.1
      vertex 45.484 18.0563 2.1
    endloop
  endfacet
  facet normal 0 0 1
    outer loop
      vertex 45.7303 17.8273 2.1
      vertex 45.3754 17.91 2.1
      vertex 45.6248 17.6516 2.1
    endloop
  endfacet
  facet normal -0 0 1
    outer loop
      vertex 45.269 17.7543 2.1
      vertex 45.6248 17.6516 2.1
      vertex 45.3754 17.91 2.1
    endloop
  endfacet
  facet normal 0 0 1
    outer loop
      vertex 45.6248 17.6516 2.1
      vertex 45.269 17.7543 2.1
      vertex 45.5197 17.4635 2.1
    endloop
  endfacet
  facet normal -0 0 1
    outer loop
      vertex 45.1647 17.5891 2.1
      vertex 45.5197 17.4635 2.1
      vertex 45.269 17.7543 2.1
    endloop
  endfacet
  facet normal 0 0 1
    outer loop
      vertex 45.5197 17.4635 2.1
      vertex 45.1647 17.5891 2.1
      vertex 45.4189 17.2682 2.1
    endloop
  endfacet
  facet normal -0 0 1
    outer loop
      vertex 45.0627 17.4145 2.1
      vertex 45.4189 17.2682 2.1
      vertex 45.1647 17.5891 2.1
    endloop
  endfacet
  facet normal 0 0 1
    outer loop
      vertex 45.4189 17.2682 2.1
      vertex 45.0627 17.4145 2.1
      vertex 45.3261 17.071 2.1
    endloop
  endfacet
  facet normal -0 0 1
    outer loop
      vertex 44.9655 17.2343 2.1
      vertex 45.3261 17.071 2.1
      vertex 45.0627 17.4145 2.1
    endloop
  endfacet
  facet normal 0 0 1
    outer loop
      vertex 44.8762 17.0518 2.1
      vertex 45.3261 17.071 2.1
      vertex 44.9655 17.2343 2.1
    endloop
  endfacet
  facet normal 0 0 1
    outer loop
      vertex 45.3261 17.071 2.1
      vertex 44.8762 17.0518 2.1
      vertex 45.2412 16.872 2.1
    endloop
  endfacet
  facet normal 0 0 1
    outer loop
      vertex 44.7947 16.867 2.1
      vertex 45.2412 16.872 2.1
      vertex 44.8762 17.0518 2.1
    endloop
  endfacet
  facet normal 0 0 1
    outer loop
      vertex 45.2412 16.872 2.1
      vertex 44.7947 16.867 2.1
      vertex 45.1641 16.6711 2.1
    endloop
  endfacet
  facet normal -0 0 1
    outer loop
      vertex 44.7209 16.6798 2.1
      vertex 45.1641 16.6711 2.1
      vertex 44.7947 16.867 2.1
    endloop
  endfacet
  facet normal 0 0 1
    outer loop
      vertex 45.1641 16.6711 2.1
      vertex 44.7209 16.6798 2.1
      vertex 45.0949 16.4682 2.1
    endloop
  endfacet
  facet normal -0 0 1
    outer loop
      vertex 44.6549 16.4903 2.1
      vertex 45.0949 16.4682 2.1
      vertex 44.7209 16.6798 2.1
    endloop
  endfacet
  facet normal 0 0 1
    outer loop
      vertex 45.0949 16.4682 2.1
      vertex 44.6549 16.4903 2.1
      vertex 45.0337 16.2635 2.1
    endloop
  endfacet
  facet normal -0 0 1
    outer loop
      vertex 44.5967 16.2985 2.1
      vertex 45.0337 16.2635 2.1
      vertex 44.6549 16.4903 2.1
    endloop
  endfacet
  facet normal 0 0 1
    outer loop
      vertex 45.0337 16.2635 2.1
      vertex 44.5967 16.2985 2.1
      vertex 44.9948 16.1165 2.1
    endloop
  endfacet
  facet normal 0 0 1
    outer loop
      vertex 44.547 16.1106 2.1
      vertex 44.9948 16.1165 2.1
      vertex 44.5967 16.2985 2.1
    endloop
  endfacet
  facet normal 0 0 1
    outer loop
      vertex 44.9948 16.1165 2.1
      vertex 44.547 16.1106 2.1
      vertex 44.961 15.965 2.1
    endloop
  endfacet
  facet normal 0 0 1
    outer loop
      vertex 44.5059 15.9321 2.1
      vertex 44.961 15.965 2.1
      vertex 44.547 16.1106 2.1
    endloop
  endfacet
  facet normal 0 0 1
    outer loop
      vertex 44.961 15.965 2.1
      vertex 44.5059 15.9321 2.1
      vertex 44.9322 15.8088 2.1
    endloop
  endfacet
  facet normal 0 0 1
    outer loop
      vertex 44.4734 15.763 2.1
      vertex 44.9322 15.8088 2.1
      vertex 44.5059 15.9321 2.1
    endloop
  endfacet
  facet normal 0 0 1
    outer loop
      vertex 44.9322 15.8088 2.1
      vertex 44.4734 15.763 2.1
      vertex 44.9083 15.6479 2.1
    endloop
  endfacet
  facet normal 0 0 1
    outer loop
      vertex 44.4496 15.6034 2.1
      vertex 44.9083 15.6479 2.1
      vertex 44.4734 15.763 2.1
    endloop
  endfacet
  facet normal 0 0 1
    outer loop
      vertex 44.9083 15.6479 2.1
      vertex 44.4496 15.6034 2.1
      vertex 44.8895 15.4825 2.1
    endloop
  endfacet
  facet normal 0 0 1
    outer loop
      vertex 44.4343 15.4532 2.1
      vertex 44.8895 15.4825 2.1
      vertex 44.4496 15.6034 2.1
    endloop
  endfacet
  facet normal 0 0 1
    outer loop
      vertex 44.8895 15.4825 2.1
      vertex 44.4343 15.4532 2.1
      vertex 44.8757 15.3125 2.1
    endloop
  endfacet
  facet normal 0 0 1
    outer loop
      vertex 44.8757 15.3125 2.1
      vertex 44.4343 15.4532 2.1
      vertex 44.4277 15.3125 2.1
    endloop
  endfacet
  facet normal -0 0 1
    outer loop
      vertex 42.7883 15.7605 2.1
      vertex 43.2363 15.3125 2.1
      vertex 43.2363 15.7605 2.1
    endloop
  endfacet
  facet normal 0 0 1
    outer loop
      vertex 43.2363 15.3125 2.1
      vertex 42.7883 15.7605 2.1
      vertex 42.7883 15.3125 2.1
    endloop
  endfacet
  facet normal 0 -1 0
    outer loop
      vertex 41.7467 16.1445 1.6
      vertex 42.1947 16.1445 2.1
      vertex 41.7467 16.1445 2.1
    endloop
  endfacet
  facet normal 0 -1 -0
    outer loop
      vertex 42.1947 16.1445 2.1
      vertex 41.7467 16.1445 1.6
      vertex 42.1947 16.1445 1.6
    endloop
  endfacet
  facet normal 1 -0 0
    outer loop
      vertex 42.1947 16.1445 2.1
      vertex 42.1947 16.5925 1.6
      vertex 42.1947 16.5925 2.1
    endloop
  endfacet
  facet normal 1 0 0
    outer loop
      vertex 42.1947 16.5925 1.6
      vertex 42.1947 16.1445 2.1
      vertex 42.1947 16.1445 1.6
    endloop
  endfacet
  facet normal 0 1 -0
    outer loop
      vertex 42.1947 16.5925 1.6
      vertex 41.7467 16.5925 2.1
      vertex 42.1947 16.5925 2.1
    endloop
  endfacet
  facet normal 0 1 0
    outer loop
      vertex 41.7467 16.5925 2.1
      vertex 42.1947 16.5925 1.6
      vertex 41.7467 16.5925 1.6
    endloop
  endfacet
  facet normal 1 -0 0
    outer loop
      vertex 41.7467 16.5925 2.1
      vertex 41.7467 18.7685 1.6
      vertex 41.7467 18.7685 2.1
    endloop
  endfacet
  facet normal 1 0 0
    outer loop
      vertex 41.7467 18.7685 1.6
      vertex 41.7467 16.5925 2.1
      vertex 41.7467 16.5925 1.6
    endloop
  endfacet
  facet normal 0 1 -0
    outer loop
      vertex 41.7467 18.7685 1.6
      vertex 41.4267 18.7685 2.1
      vertex 41.7467 18.7685 2.1
    endloop
  endfacet
  facet normal 0 1 0
    outer loop
      vertex 41.4267 18.7685 2.1
      vertex 41.7467 18.7685 1.6
      vertex 41.4267 18.7685 1.6
    endloop
  endfacet
  facet normal -0.794355 0.607454 0
    outer loop
      vertex 39.7627 16.5925 1.6
      vertex 41.4267 18.7685 2.1
      vertex 41.4267 18.7685 1.6
    endloop
  endfacet
  facet normal -0.794355 0.607454 0
    outer loop
      vertex 41.4267 18.7685 2.1
      vertex 39.7627 16.5925 1.6
      vertex 39.7627 16.5925 2.1
    endloop
  endfacet
  facet normal -1 0 0
    outer loop
      vertex 39.7627 16.1445 1.6
      vertex 39.7627 16.5925 2.1
      vertex 39.7627 16.5925 1.6
    endloop
  endfacet
  facet normal -1 -0 0
    outer loop
      vertex 39.7627 16.5925 2.1
      vertex 39.7627 16.1445 1.6
      vertex 39.7627 16.1445 2.1
    endloop
  endfacet
  facet normal 0 -1 0
    outer loop
      vertex 39.7627 16.1445 1.6
      vertex 41.2987 16.1445 2.1
      vertex 39.7627 16.1445 2.1
    endloop
  endfacet
  facet normal 0 -1 -0
    outer loop
      vertex 41.2987 16.1445 2.1
      vertex 39.7627 16.1445 1.6
      vertex 41.2987 16.1445 1.6
    endloop
  endfacet
  facet normal -1 0 0
    outer loop
      vertex 41.2987 15.3125 1.6
      vertex 41.2987 16.1445 2.1
      vertex 41.2987 16.1445 1.6
    endloop
  endfacet
  facet normal -1 -0 0
    outer loop
      vertex 41.2987 16.1445 2.1
      vertex 41.2987 15.3125 1.6
      vertex 41.2987 15.3125 2.1
    endloop
  endfacet
  facet normal 0 -1 0
    outer loop
      vertex 41.2987 15.3125 1.6
      vertex 41.7467 15.3125 2.1
      vertex 41.2987 15.3125 2.1
    endloop
  endfacet
  facet normal 0 -1 -0
    outer loop
      vertex 41.7467 15.3125 2.1
      vertex 41.2987 15.3125 1.6
      vertex 41.7467 15.3125 1.6
    endloop
  endfacet
  facet normal 1 -0 0
    outer loop
      vertex 41.7467 15.3125 2.1
      vertex 41.7467 16.1445 1.6
      vertex 41.7467 16.1445 2.1
    endloop
  endfacet
  facet normal 1 0 0
    outer loop
      vertex 41.7467 16.1445 1.6
      vertex 41.7467 15.3125 2.1
      vertex 41.7467 15.3125 1.6
    endloop
  endfacet
  facet normal 0.794285 -0.607545 0
    outer loop
      vertex 40.3097 16.5925 2.1
      vertex 41.2987 17.8855 1.6
      vertex 41.2987 17.8855 2.1
    endloop
  endfacet
  facet normal 0.794285 -0.607545 0
    outer loop
      vertex 41.2987 17.8855 1.6
      vertex 40.3097 16.5925 2.1
      vertex 40.3097 16.5925 1.6
    endloop
  endfacet
  facet normal -1 0 0
    outer loop
      vertex 41.2987 16.5925 1.6
      vertex 41.2987 17.8855 2.1
      vertex 41.2987 17.8855 1.6
    endloop
  endfacet
  facet normal -1 -0 0
    outer loop
      vertex 41.2987 17.8855 2.1
      vertex 41.2987 16.5925 1.6
      vertex 41.2987 16.5925 2.1
    endloop
  endfacet
  facet normal 0 1 -0
    outer loop
      vertex 41.2987 16.5925 1.6
      vertex 40.3097 16.5925 2.1
      vertex 41.2987 16.5925 2.1
    endloop
  endfacet
  facet normal 0 1 0
    outer loop
      vertex 40.3097 16.5925 2.1
      vertex 41.2987 16.5925 1.6
      vertex 40.3097 16.5925 1.6
    endloop
  endfacet
  facet normal 0.993584 -0.113097 0
    outer loop
      vertex 44.8895 15.4825 2.1
      vertex 44.9083 15.6479 1.6
      vertex 44.9083 15.6479 2.1
    endloop
  endfacet
  facet normal 0.993584 -0.113097 0
    outer loop
      vertex 44.9083 15.6479 1.6
      vertex 44.8895 15.4825 2.1
      vertex 44.8895 15.4825 1.6
    endloop
  endfacet
  facet normal 0.989194 -0.14661 0
    outer loop
      vertex 44.9083 15.6479 2.1
      vertex 44.9322 15.8088 1.6
      vertex 44.9322 15.8088 2.1
    endloop
  endfacet
  facet normal 0.989194 -0.14661 0
    outer loop
      vertex 44.9322 15.8088 1.6
      vertex 44.9083 15.6479 2.1
      vertex 44.9083 15.6479 1.6
    endloop
  endfacet
  facet normal 0.983377 -0.181573 0
    outer loop
      vertex 44.9322 15.8088 2.1
      vertex 44.961 15.965 1.6
      vertex 44.961 15.965 2.1
    endloop
  endfacet
  facet normal 0.983377 -0.181573 0
    outer loop
      vertex 44.961 15.965 1.6
      vertex 44.9322 15.8088 2.1
      vertex 44.9322 15.8088 1.6
    endloop
  endfacet
  facet normal 0.97599 -0.217815 0
    outer loop
      vertex 44.961 15.965 2.1
      vertex 44.9948 16.1165 1.6
      vertex 44.9948 16.1165 2.1
    endloop
  endfacet
  facet normal 0.97599 -0.217815 0
    outer loop
      vertex 44.9948 16.1165 1.6
      vertex 44.961 15.965 2.1
      vertex 44.961 15.965 1.6
    endloop
  endfacet
  facet normal 0.966821 -0.255457 0
    outer loop
      vertex 44.9948 16.1165 2.1
      vertex 45.0337 16.2635 1.6
      vertex 45.0337 16.2635 2.1
    endloop
  endfacet
  facet normal 0.966821 -0.255457 0
    outer loop
      vertex 45.0337 16.2635 1.6
      vertex 44.9948 16.1165 2.1
      vertex 44.9948 16.1165 1.6
    endloop
  endfacet
  facet normal 0.958005 -0.286752 0
    outer loop
      vertex 45.0337 16.2635 2.1
      vertex 45.0949 16.4682 1.6
      vertex 45.0949 16.4682 2.1
    endloop
  endfacet
  facet normal 0.958005 -0.286752 0
    outer loop
      vertex 45.0949 16.4682 1.6
      vertex 45.0337 16.2635 2.1
      vertex 45.0337 16.2635 1.6
    endloop
  endfacet
  facet normal 0.946482 -0.322757 0
    outer loop
      vertex 45.0949 16.4682 2.1
      vertex 45.1641 16.6711 1.6
      vertex 45.1641 16.6711 2.1
    endloop
  endfacet
  facet normal 0.946482 -0.322757 0
    outer loop
      vertex 45.1641 16.6711 1.6
      vertex 45.0949 16.4682 2.1
      vertex 45.0949 16.4682 1.6
    endloop
  endfacet
  facet normal 0.933701 -0.358052 0
    outer loop
      vertex 45.1641 16.6711 2.1
      vertex 45.2412 16.872 1.6
      vertex 45.2412 16.872 2.1
    endloop
  endfacet
  facet normal 0.933701 -0.358052 0
    outer loop
      vertex 45.2412 16.872 1.6
      vertex 45.1641 16.6711 2.1
      vertex 45.1641 16.6711 1.6
    endloop
  endfacet
  facet normal 0.919738 -0.392532 0
    outer loop
      vertex 45.2412 16.872 2.1
      vertex 45.3261 17.071 1.6
      vertex 45.3261 17.071 2.1
    endloop
  endfacet
  facet normal 0.919738 -0.392532 0
    outer loop
      vertex 45.3261 17.071 1.6
      vertex 45.2412 16.872 2.1
      vertex 45.2412 16.872 1.6
    endloop
  endfacet
  facet normal 0.904736 -0.425972 0
    outer loop
      vertex 45.3261 17.071 2.1
      vertex 45.4189 17.2682 1.6
      vertex 45.4189 17.2682 2.1
    endloop
  endfacet
  facet normal 0.904736 -0.425972 0
    outer loop
      vertex 45.4189 17.2682 1.6
      vertex 45.3261 17.071 2.1
      vertex 45.3261 17.071 1.6
    endloop
  endfacet
  facet normal 0.888759 -0.458374 0
    outer loop
      vertex 45.4189 17.2682 2.1
      vertex 45.5197 17.4635 1.6
      vertex 45.5197 17.4635 2.1
    endloop
  endfacet
  facet normal 0.888759 -0.458374 0
    outer loop
      vertex 45.5197 17.4635 1.6
      vertex 45.4189 17.2682 2.1
      vertex 45.4189 17.2682 1.6
    endloop
  endfacet
  facet normal 0.872828 -0.488028 0
    outer loop
      vertex 45.5197 17.4635 2.1
      vertex 45.6248 17.6516 1.6
      vertex 45.6248 17.6516 2.1
    endloop
  endfacet
  facet normal 0.872828 -0.488028 0
    outer loop
      vertex 45.6248 17.6516 1.6
      vertex 45.5197 17.4635 2.1
      vertex 45.5197 17.4635 1.6
    endloop
  endfacet
  facet normal 0.857289 -0.514835 0
    outer loop
      vertex 45.6248 17.6516 2.1
      vertex 45.7303 17.8273 1.6
      vertex 45.7303 17.8273 2.1
    endloop
  endfacet
  facet normal 0.857289 -0.514835 0
    outer loop
      vertex 45.7303 17.8273 1.6
      vertex 45.6248 17.6516 2.1
      vertex 45.6248 17.6516 1.6
    endloop
  endfacet
  facet normal 0.839054 -0.544048 0
    outer loop
      vertex 45.7303 17.8273 2.1
      vertex 45.8362 17.9905 1.6
      vertex 45.8362 17.9905 2.1
    endloop
  endfacet
  facet normal 0.839054 -0.544048 0
    outer loop
      vertex 45.8362 17.9905 1.6
      vertex 45.7303 17.8273 2.1
      vertex 45.7303 17.8273 1.6
    endloop
  endfacet
  facet normal 0.817662 -0.575698 0
    outer loop
      vertex 45.8362 17.9905 2.1
      vertex 45.9423 18.1413 1.6
      vertex 45.9423 18.1413 2.1
    endloop
  endfacet
  facet normal 0.817662 -0.575698 0
    outer loop
      vertex 45.9423 18.1413 1.6
      vertex 45.8362 17.9905 2.1
      vertex 45.8362 17.9905 1.6
    endloop
  endfacet
  facet normal 0.792364 -0.610049 0
    outer loop
      vertex 45.9423 18.1413 2.1
      vertex 46.0488 18.2796 1.6
      vertex 46.0488 18.2796 2.1
    endloop
  endfacet
  facet normal 0.792364 -0.610049 0
    outer loop
      vertex 46.0488 18.2796 1.6
      vertex 45.9423 18.1413 2.1
      vertex 45.9423 18.1413 1.6
    endloop
  endfacet
  facet normal 0.762464 -0.647031 0
    outer loop
      vertex 46.0488 18.2796 2.1
      vertex 46.1557 18.4055 1.6
      vertex 46.1557 18.4055 2.1
    endloop
  endfacet
  facet normal 0.762464 -0.647031 0
    outer loop
      vertex 46.1557 18.4055 1.6
      vertex 46.0488 18.2796 2.1
      vertex 46.0488 18.2796 1.6
    endloop
  endfacet
  facet normal 1 -0 0
    outer loop
      vertex 46.1557 18.4055 2.1
      vertex 46.1557 18.7685 1.6
      vertex 46.1557 18.7685 2.1
    endloop
  endfacet
  facet normal 1 0 0
    outer loop
      vertex 46.1557 18.7685 1.6
      vertex 46.1557 18.4055 2.1
      vertex 46.1557 18.4055 1.6
    endloop
  endfacet
  facet normal 0 1 -0
    outer loop
      vertex 46.1557 18.7685 1.6
      vertex 43.9157 18.7685 2.1
      vertex 46.1557 18.7685 2.1
    endloop
  endfacet
  facet normal 0 1 0
    outer loop
      vertex 43.9157 18.7685 2.1
      vertex 46.1557 18.7685 1.6
      vertex 43.9157 18.7685 1.6
    endloop
  endfacet
  facet normal -1 0 0
    outer loop
      vertex 43.9157 18.3205 1.6
      vertex 43.9157 18.7685 2.1
      vertex 43.9157 18.7685 1.6
    endloop
  endfacet
  facet normal -1 -0 0
    outer loop
      vertex 43.9157 18.7685 2.1
      vertex 43.9157 18.3205 1.6
      vertex 43.9157 18.3205 2.1
    endloop
  endfacet
  facet normal 0 -1 0
    outer loop
      vertex 43.9157 18.3205 1.6
      vertex 45.7077 18.3205 2.1
      vertex 43.9157 18.3205 2.1
    endloop
  endfacet
  facet normal 0 -1 -0
    outer loop
      vertex 45.7077 18.3205 2.1
      vertex 43.9157 18.3205 1.6
      vertex 45.7077 18.3205 1.6
    endloop
  endfacet
  facet normal -0.748358 0.663295 0
    outer loop
      vertex 45.5947 18.1931 1.6
      vertex 45.7077 18.3205 2.1
      vertex 45.7077 18.3205 1.6
    endloop
  endfacet
  facet normal -0.748358 0.663295 0
    outer loop
      vertex 45.7077 18.3205 2.1
      vertex 45.5947 18.1931 1.6
      vertex 45.5947 18.1931 2.1
    endloop
  endfacet
  facet normal -0.777287 0.629146 0
    outer loop
      vertex 45.484 18.0563 1.6
      vertex 45.5947 18.1931 2.1
      vertex 45.5947 18.1931 1.6
    endloop
  endfacet
  facet normal -0.777287 0.629146 0
    outer loop
      vertex 45.5947 18.1931 2.1
      vertex 45.484 18.0563 1.6
      vertex 45.484 18.0563 2.1
    endloop
  endfacet
  facet normal -0.802975 0.596012 0
    outer loop
      vertex 45.3754 17.91 1.6
      vertex 45.484 18.0563 2.1
      vertex 45.484 18.0563 1.6
    endloop
  endfacet
  facet normal -0.802975 0.596012 0
    outer loop
      vertex 45.484 18.0563 2.1
      vertex 45.3754 17.91 1.6
      vertex 45.3754 17.91 2.1
    endloop
  endfacet
  facet normal -0.825623 0.564223 0
    outer loop
      vertex 45.269 17.7543 1.6
      vertex 45.3754 17.91 2.1
      vertex 45.3754 17.91 1.6
    endloop
  endfacet
  facet normal -0.825623 0.564223 0
    outer loop
      vertex 45.3754 17.91 2.1
      vertex 45.269 17.7543 1.6
      vertex 45.269 17.7543 2.1
    endloop
  endfacet
  facet normal -0.84566 0.533723 0
    outer loop
      vertex 45.1647 17.5891 1.6
      vertex 45.269 17.7543 2.1
      vertex 45.269 17.7543 1.6
    endloop
  endfacet
  facet normal -0.84566 0.533723 0
    outer loop
      vertex 45.269 17.7543 2.1
      vertex 45.1647 17.5891 1.6
      vertex 45.1647 17.5891 2.1
    endloop
  endfacet
  facet normal -0.863289 0.50471 0
    outer loop
      vertex 45.0627 17.4145 1.6
      vertex 45.1647 17.5891 2.1
      vertex 45.1647 17.5891 1.6
    endloop
  endfacet
  facet normal -0.863289 0.50471 0
    outer loop
      vertex 45.1647 17.5891 2.1
      vertex 45.0627 17.4145 1.6
      vertex 45.0627 17.4145 2.1
    endloop
  endfacet
  facet normal -0.880241 0.474527 0
    outer loop
      vertex 44.9655 17.2343 1.6
      vertex 45.0627 17.4145 2.1
      vertex 45.0627 17.4145 1.6
    endloop
  endfacet
  facet normal -0.880241 0.474527 0
    outer loop
      vertex 45.0627 17.4145 2.1
      vertex 44.9655 17.2343 1.6
      vertex 44.9655 17.2343 2.1
    endloop
  endfacet
  facet normal -0.898195 0.439598 0
    outer loop
      vertex 44.8762 17.0518 1.6
      vertex 44.9655 17.2343 2.1
      vertex 44.9655 17.2343 1.6
    endloop
  endfacet
  facet normal -0.898195 0.439598 0
    outer loop
      vertex 44.9655 17.2343 2.1
      vertex 44.8762 17.0518 1.6
      vertex 44.8762 17.0518 2.1
    endloop
  endfacet
  facet normal -0.914877 0.403733 0
    outer loop
      vertex 44.7947 16.867 1.6
      vertex 44.8762 17.0518 2.1
      vertex 44.8762 17.0518 1.6
    endloop
  endfacet
  facet normal -0.914877 0.403733 0
    outer loop
      vertex 44.8762 17.0518 2.1
      vertex 44.7947 16.867 1.6
      vertex 44.7947 16.867 2.1
    endloop
  endfacet
  facet normal -0.930332 0.366718 0
    outer loop
      vertex 44.7209 16.6798 1.6
      vertex 44.7947 16.867 2.1
      vertex 44.7947 16.867 1.6
    endloop
  endfacet
  facet normal -0.930332 0.366718 0
    outer loop
      vertex 44.7947 16.867 2.1
      vertex 44.7209 16.6798 1.6
      vertex 44.7209 16.6798 2.1
    endloop
  endfacet
  facet normal -0.944347 0.328951 0
    outer loop
      vertex 44.6549 16.4903 1.6
      vertex 44.7209 16.6798 2.1
      vertex 44.7209 16.6798 1.6
    endloop
  endfacet
  facet normal -0.944347 0.328951 0
    outer loop
      vertex 44.7209 16.6798 2.1
      vertex 44.6549 16.4903 1.6
      vertex 44.6549 16.4903 2.1
    endloop
  endfacet
  facet normal -0.956912 0.290377 0
    outer loop
      vertex 44.5967 16.2985 1.6
      vertex 44.6549 16.4903 2.1
      vertex 44.6549 16.4903 1.6
    endloop
  endfacet
  facet normal -0.956912 0.290377 0
    outer loop
      vertex 44.6549 16.4903 2.1
      vertex 44.5967 16.2985 1.6
      vertex 44.5967 16.2985 2.1
    endloop
  endfacet
  facet normal -0.966771 0.255644 0
    outer loop
      vertex 44.547 16.1106 1.6
      vertex 44.5967 16.2985 2.1
      vertex 44.5967 16.2985 1.6
    endloop
  endfacet
  facet normal -0.966771 0.255644 0
    outer loop
      vertex 44.5967 16.2985 2.1
      vertex 44.547 16.1106 1.6
      vertex 44.547 16.1106 2.1
    endloop
  endfacet
  facet normal -0.974529 0.224263 0
    outer loop
      vertex 44.5059 15.9321 1.6
      vertex 44.547 16.1106 2.1
      vertex 44.547 16.1106 1.6
    endloop
  endfacet
  facet normal -0.974529 0.224263 0
    outer loop
      vertex 44.547 16.1106 2.1
      vertex 44.5059 15.9321 1.6
      vertex 44.5059 15.9321 2.1
    endloop
  endfacet
  facet normal -0.982036 0.188696 0
    outer loop
      vertex 44.4734 15.763 1.6
      vertex 44.5059 15.9321 2.1
      vertex 44.5059 15.9321 1.6
    endloop
  endfacet
  facet normal -0.982036 0.188696 0
    outer loop
      vertex 44.5059 15.9321 2.1
      vertex 44.4734 15.763 1.6
      vertex 44.4734 15.763 2.1
    endloop
  endfacet
  facet normal -0.989019 0.147786 0
    outer loop
      vertex 44.4496 15.6034 1.6
      vertex 44.4734 15.763 2.1
      vertex 44.4734 15.763 1.6
    endloop
  endfacet
  facet normal -0.989019 0.147786 0
    outer loop
      vertex 44.4734 15.763 2.1
      vertex 44.4496 15.6034 1.6
      vertex 44.4496 15.6034 2.1
    endloop
  endfacet
  facet normal -0.994877 0.101095 0
    outer loop
      vertex 44.4343 15.4532 1.6
      vertex 44.4496 15.6034 2.1
      vertex 44.4496 15.6034 1.6
    endloop
  endfacet
  facet normal -0.994877 0.101095 0
    outer loop
      vertex 44.4496 15.6034 2.1
      vertex 44.4343 15.4532 1.6
      vertex 44.4343 15.4532 2.1
    endloop
  endfacet
  facet normal -0.99889 0.0471123 0
    outer loop
      vertex 44.4277 15.3125 1.6
      vertex 44.4343 15.4532 2.1
      vertex 44.4343 15.4532 1.6
    endloop
  endfacet
  facet normal -0.99889 0.0471123 0
    outer loop
      vertex 44.4343 15.4532 2.1
      vertex 44.4277 15.3125 1.6
      vertex 44.4277 15.3125 2.1
    endloop
  endfacet
  facet normal 0 -1 0
    outer loop
      vertex 44.4277 15.3125 1.6
      vertex 44.8757 15.3125 2.1
      vertex 44.4277 15.3125 2.1
    endloop
  endfacet
  facet normal 0 -1 -0
    outer loop
      vertex 44.8757 15.3125 2.1
      vertex 44.4277 15.3125 1.6
      vertex 44.8757 15.3125 1.6
    endloop
  endfacet
  facet normal 0.996704 -0.0811281 0
    outer loop
      vertex 44.8757 15.3125 2.1
      vertex 44.8895 15.4825 1.6
      vertex 44.8895 15.4825 2.1
    endloop
  endfacet
  facet normal 0.996704 -0.0811281 0
    outer loop
      vertex 44.8895 15.4825 1.6
      vertex 44.8757 15.3125 2.1
      vertex 44.8757 15.3125 1.6
    endloop
  endfacet
  facet normal 0 1 -0
    outer loop
      vertex 43.2363 15.7605 1.6
      vertex 42.7883 15.7605 2.1
      vertex 43.2363 15.7605 2.1
    endloop
  endfacet
  facet normal 0 1 0
    outer loop
      vertex 42.7883 15.7605 2.1
      vertex 43.2363 15.7605 1.6
      vertex 42.7883 15.7605 1.6
    endloop
  endfacet
  facet normal -1 0 0
    outer loop
      vertex 42.7883 15.3125 1.6
      vertex 42.7883 15.7605 2.1
      vertex 42.7883 15.7605 1.6
    endloop
  endfacet
  facet normal -1 -0 0
    outer loop
      vertex 42.7883 15.7605 2.1
      vertex 42.7883 15.3125 1.6
      vertex 42.7883 15.3125 2.1
    endloop
  endfacet
  facet normal 0 -1 0
    outer loop
      vertex 42.7883 15.3125 1.6
      vertex 43.2363 15.3125 2.1
      vertex 42.7883 15.3125 2.1
    endloop
  endfacet
  facet normal 0 -1 -0
    outer loop
      vertex 43.2363 15.3125 2.1
      vertex 42.7883 15.3125 1.6
      vertex 43.2363 15.3125 1.6
    endloop
  endfacet
  facet normal 1 -0 0
    outer loop
      vertex 43.2363 15.3125 2.1
      vertex 43.2363 15.7605 1.6
      vertex 43.2363 15.7605 2.1
    endloop
  endfacet
  facet normal 1 0 0
    outer loop
      vertex 43.2363 15.7605 1.6
      vertex 43.2363 15.3125 2.1
      vertex 43.2363 15.3125 1.6
    endloop
  endfacet
  facet normal -0 0 1
    outer loop
      vertex 57.5118 17.9989 2.1
      vertex 57.9637 17.9345 2.1
      vertex 57.9561 18.0563 2.1
    endloop
  endfacet
  facet normal 0 0 1
    outer loop
      vertex 57.9637 17.9345 2.1
      vertex 57.5157 17.9275 2.1
      vertex 57.9601 17.8562 2.1
    endloop
  endfacet
  facet normal 0 0 1
    outer loop
      vertex 57.5118 17.9989 2.1
      vertex 57.9561 18.0563 2.1
      vertex 57.9332 18.1718 2.1
    endloop
  endfacet
  facet normal -0 0 1
    outer loop
      vertex 57.5119 17.859 2.1
      vertex 57.9601 17.8562 2.1
      vertex 57.5157 17.9275 2.1
    endloop
  endfacet
  facet normal 0 0 1
    outer loop
      vertex 57.9601 17.8562 2.1
      vertex 57.5119 17.859 2.1
      vertex 57.9493 17.7815 2.1
    endloop
  endfacet
  facet normal 0 0 1
    outer loop
      vertex 57.5001 18.0664 2.1
      vertex 57.9332 18.1718 2.1
      vertex 57.8952 18.281 2.1
    endloop
  endfacet
  facet normal 0 0 1
    outer loop
      vertex 57.9493 17.7815 2.1
      vertex 57.5119 17.859 2.1
      vertex 57.9314 17.7102 2.1
    endloop
  endfacet
  facet normal 0 0 1
    outer loop
      vertex 57.4807 18.13 2.1
      vertex 57.8952 18.281 2.1
      vertex 57.8419 18.3838 2.1
    endloop
  endfacet
  facet normal -0 0 1
    outer loop
      vertex 57.5005 17.7941 2.1
      vertex 57.9314 17.7102 2.1
      vertex 57.5119 17.859 2.1
    endloop
  endfacet
  facet normal 0 0 1
    outer loop
      vertex 57.9314 17.7102 2.1
      vertex 57.5005 17.7941 2.1
      vertex 57.9063 17.6425 2.1
    endloop
  endfacet
  facet normal 0 0 1
    outer loop
      vertex 57.4534 18.1897 2.1
      vertex 57.8419 18.3838 2.1
      vertex 57.7734 18.4803 2.1
    endloop
  endfacet
  facet normal 0 0 1
    outer loop
      vertex 57.9063 17.6425 2.1
      vertex 57.5005 17.7941 2.1
      vertex 57.8741 17.5782 2.1
    endloop
  endfacet
  facet normal 0 0 1
    outer loop
      vertex 57.4184 18.2455 2.1
      vertex 57.7734 18.4803 2.1
      vertex 57.6897 18.5705 2.1
    endloop
  endfacet
  facet normal -0 0 1
    outer loop
      vertex 57.4817 17.7327 2.1
      vertex 57.8741 17.5782 2.1
      vertex 57.5005 17.7941 2.1
    endloop
  endfacet
  facet normal 0 0 1
    outer loop
      vertex 57.8741 17.5782 2.1
      vertex 57.4817 17.7327 2.1
      vertex 57.8347 17.5175 2.1
    endloop
  endfacet
  facet normal 0 0 1
    outer loop
      vertex 57.3757 18.2975 2.1
      vertex 57.6897 18.5705 2.1
      vertex 57.5934 18.6505 2.1
    endloop
  endfacet
  facet normal 0 0 1
    outer loop
      vertex 57.8347 17.5175 2.1
      vertex 57.4817 17.7327 2.1
      vertex 57.7883 17.4607 2.1
    endloop
  endfacet
  facet normal -0 0 1
    outer loop
      vertex 57.4552 17.675 2.1
      vertex 57.7883 17.4607 2.1
      vertex 57.4817 17.7327 2.1
    endloop
  endfacet
  facet normal 0 0 1
    outer loop
      vertex 57.9637 17.9345 2.1
      vertex 57.5118 17.9989 2.1
      vertex 57.5157 17.9275 2.1
    endloop
  endfacet
  facet normal 0 0 1
    outer loop
      vertex 57.9332 18.1718 2.1
      vertex 57.5001 18.0664 2.1
      vertex 57.5118 17.9989 2.1
    endloop
  endfacet
  facet normal 0 0 1
    outer loop
      vertex 57.3255 18.3436 2.1
      vertex 57.5934 18.6505 2.1
      vertex 57.4874 18.716 2.1
    endloop
  endfacet
  facet normal 0 0 1
    outer loop
      vertex 57.8952 18.281 2.1
      vertex 57.4807 18.13 2.1
      vertex 57.5001 18.0664 2.1
    endloop
  endfacet
  facet normal 0 0 1
    outer loop
      vertex 57.8419 18.3838 2.1
      vertex 57.4534 18.1897 2.1
      vertex 57.4807 18.13 2.1
    endloop
  endfacet
  facet normal 0 0 1
    outer loop
      vertex 57.7734 18.4803 2.1
      vertex 57.4184 18.2455 2.1
      vertex 57.4534 18.1897 2.1
    endloop
  endfacet
  facet normal 0 0 1
    outer loop
      vertex 57.6897 18.5705 2.1
      vertex 57.3757 18.2975 2.1
      vertex 57.4184 18.2455 2.1
    endloop
  endfacet
  facet normal 0 0 1
    outer loop
      vertex 57.2686 18.3814 2.1
      vertex 57.4874 18.716 2.1
      vertex 57.3717 18.767 2.1
    endloop
  endfacet
  facet normal 0 0 1
    outer loop
      vertex 57.5934 18.6505 2.1
      vertex 57.3255 18.3436 2.1
      vertex 57.3757 18.2975 2.1
    endloop
  endfacet
  facet normal 0 0 1
    outer loop
      vertex 57.4874 18.716 2.1
      vertex 57.2686 18.3814 2.1
      vertex 57.3255 18.3436 2.1
    endloop
  endfacet
  facet normal 0 0 1
    outer loop
      vertex 57.2047 18.4107 2.1
      vertex 57.3717 18.767 2.1
      vertex 57.2461 18.8034 2.1
    endloop
  endfacet
  facet normal 0 0 1
    outer loop
      vertex 57.3717 18.767 2.1
      vertex 57.2047 18.4107 2.1
      vertex 57.2686 18.3814 2.1
    endloop
  endfacet
  facet normal 0 0 1
    outer loop
      vertex 57.2461 18.8034 2.1
      vertex 57.1339 18.4317 2.1
      vertex 57.2047 18.4107 2.1
    endloop
  endfacet
  facet normal 0 0 1
    outer loop
      vertex 57.1108 18.8252 2.1
      vertex 57.1339 18.4317 2.1
      vertex 57.2461 18.8034 2.1
    endloop
  endfacet
  facet normal 0 0 1
    outer loop
      vertex 57.1108 18.8252 2.1
      vertex 57.0562 18.4443 2.1
      vertex 57.1339 18.4317 2.1
    endloop
  endfacet
  facet normal 0 0 1
    outer loop
      vertex 56.9657 18.8325 2.1
      vertex 57.0562 18.4443 2.1
      vertex 57.1108 18.8252 2.1
    endloop
  endfacet
  facet normal 0 0 1
    outer loop
      vertex 57.0562 18.4443 2.1
      vertex 56.9657 18.8325 2.1
      vertex 56.9717 18.4485 2.1
    endloop
  endfacet
  facet normal 0 0 1
    outer loop
      vertex 56.9657 18.8325 2.1
      vertex 56.8865 18.4444 2.1
      vertex 56.9717 18.4485 2.1
    endloop
  endfacet
  facet normal -0 0 1
    outer loop
      vertex 56.8216 18.8254 2.1
      vertex 56.8865 18.4444 2.1
      vertex 56.9657 18.8325 2.1
    endloop
  endfacet
  facet normal 0 0 1
    outer loop
      vertex 56.8216 18.8254 2.1
      vertex 56.8084 18.4322 2.1
      vertex 56.8865 18.4444 2.1
    endloop
  endfacet
  facet normal -0 0 1
    outer loop
      vertex 56.6873 18.804 2.1
      vertex 56.8084 18.4322 2.1
      vertex 56.8216 18.8254 2.1
    endloop
  endfacet
  facet normal 0 0 1
    outer loop
      vertex 56.8084 18.4322 2.1
      vertex 56.6873 18.804 2.1
      vertex 56.7374 18.4117 2.1
    endloop
  endfacet
  facet normal -0 0 1
    outer loop
      vertex 56.5629 18.7685 2.1
      vertex 56.7374 18.4117 2.1
      vertex 56.6873 18.804 2.1
    endloop
  endfacet
  facet normal 0 0 1
    outer loop
      vertex 56.7374 18.4117 2.1
      vertex 56.5629 18.7685 2.1
      vertex 56.6734 18.3832 2.1
    endloop
  endfacet
  facet normal -0 0 1
    outer loop
      vertex 56.4483 18.7187 2.1
      vertex 56.6734 18.3832 2.1
      vertex 56.5629 18.7685 2.1
    endloop
  endfacet
  facet normal 0 0 1
    outer loop
      vertex 56.6734 18.3832 2.1
      vertex 56.4483 18.7187 2.1
      vertex 56.6165 18.3464 2.1
    endloop
  endfacet
  facet normal -0 0 1
    outer loop
      vertex 56.3436 18.6547 2.1
      vertex 56.6165 18.3464 2.1
      vertex 56.4483 18.7187 2.1
    endloop
  endfacet
  facet normal 0 0 1
    outer loop
      vertex 56.6165 18.3464 2.1
      vertex 56.3436 18.6547 2.1
      vertex 56.5667 18.3015 2.1
    endloop
  endfacet
  facet normal -0 0 1
    outer loop
      vertex 56.2487 18.5765 2.1
      vertex 56.5667 18.3015 2.1
      vertex 56.3436 18.6547 2.1
    endloop
  endfacet
  facet normal 0 0 1
    outer loop
      vertex 56.5667 18.3015 2.1
      vertex 56.2487 18.5765 2.1
      vertex 56.5242 18.2509 2.1
    endloop
  endfacet
  facet normal -0 0 1
    outer loop
      vertex 56.1665 18.4881 2.1
      vertex 56.5242 18.2509 2.1
      vertex 56.2487 18.5765 2.1
    endloop
  endfacet
  facet normal 0 0 1
    outer loop
      vertex 56.5242 18.2509 2.1
      vertex 56.1665 18.4881 2.1
      vertex 56.4894 18.1971 2.1
    endloop
  endfacet
  facet normal -0 0 1
    outer loop
      vertex 56.0992 18.3931 2.1
      vertex 56.4894 18.1971 2.1
      vertex 56.1665 18.4881 2.1
    endloop
  endfacet
  facet normal 0 0 1
    outer loop
      vertex 56.5637 17.5715 2.1
      vertex 56.3452 17.3176 2.1
      vertex 56.4236 17.2788 2.1
    endloop
  endfacet
  facet normal 0 0 1
    outer loop
      vertex 56.4894 18.1971 2.1
      vertex 56.0992 18.3931 2.1
      vertex 56.4624 18.14 2.1
    endloop
  endfacet
  facet normal -0 0 1
    outer loop
      vertex 56.0469 18.2912 2.1
      vertex 56.4624 18.14 2.1
      vertex 56.0992 18.3931 2.1
    endloop
  endfacet
  facet normal 0 0 1
    outer loop
      vertex 56.4624 18.14 2.1
      vertex 56.0469 18.2912 2.1
      vertex 56.4431 18.0797 2.1
    endloop
  endfacet
  facet normal -0 0 1
    outer loop
      vertex 56.0096 18.1827 2.1
      vertex 56.4431 18.0797 2.1
      vertex 56.0469 18.2912 2.1
    endloop
  endfacet
  facet normal 0 0 1
    outer loop
      vertex 56.4431 18.0797 2.1
      vertex 56.0096 18.1827 2.1
      vertex 56.4315 18.0162 2.1
    endloop
  endfacet
  facet normal -0 0 1
    outer loop
      vertex 55.9871 18.0675 2.1
      vertex 56.4315 18.0162 2.1
      vertex 56.0096 18.1827 2.1
    endloop
  endfacet
  facet normal 0 0 1
    outer loop
      vertex 56.4315 18.0162 2.1
      vertex 55.9871 18.0675 2.1
      vertex 56.4277 17.9495 2.1
    endloop
  endfacet
  facet normal 0 0 1
    outer loop
      vertex 55.9797 17.9455 2.1
      vertex 56.4277 17.9495 2.1
      vertex 55.9871 18.0675 2.1
    endloop
  endfacet
  facet normal 0 -0 1
    outer loop
      vertex 55.9833 17.8647 2.1
      vertex 56.4277 17.9495 2.1
      vertex 55.9797 17.9455 2.1
    endloop
  endfacet
  facet normal 0 0 1
    outer loop
      vertex 56.4314 17.8748 2.1
      vertex 55.9833 17.8647 2.1
      vertex 55.9941 17.7878 2.1
    endloop
  endfacet
  facet normal 0 0 1
    outer loop
      vertex 56.4314 17.8748 2.1
      vertex 56.2747 17.361 2.1
      vertex 56.3452 17.3176 2.1
    endloop
  endfacet
  facet normal 0 0 1
    outer loop
      vertex 56.4314 17.8748 2.1
      vertex 56.2119 17.4089 2.1
      vertex 56.2747 17.361 2.1
    endloop
  endfacet
  facet normal 0 0 1
    outer loop
      vertex 56.4314 17.8748 2.1
      vertex 56.1569 17.4614 2.1
      vertex 56.2119 17.4089 2.1
    endloop
  endfacet
  facet normal 0 0 1
    outer loop
      vertex 56.4314 17.8748 2.1
      vertex 56.1097 17.5185 2.1
      vertex 56.1569 17.4614 2.1
    endloop
  endfacet
  facet normal 0 0 1
    outer loop
      vertex 56.4314 17.8748 2.1
      vertex 56.0699 17.5801 2.1
      vertex 56.1097 17.5185 2.1
    endloop
  endfacet
  facet normal 0 0 1
    outer loop
      vertex 56.4314 17.8748 2.1
      vertex 56.0374 17.6455 2.1
      vertex 56.0699 17.5801 2.1
    endloop
  endfacet
  facet normal 0 0 1
    outer loop
      vertex 56.4314 17.8748 2.1
      vertex 55.9941 17.7878 2.1
      vertex 56.0122 17.7147 2.1
    endloop
  endfacet
  facet normal 0 0 1
    outer loop
      vertex 56.4314 17.8748 2.1
      vertex 56.0122 17.7147 2.1
      vertex 56.0374 17.6455 2.1
    endloop
  endfacet
  facet normal 0 0 1
    outer loop
      vertex 57.7883 17.4607 2.1
      vertex 57.4552 17.675 2.1
      vertex 57.7344 17.4085 2.1
    endloop
  endfacet
  facet normal -0 0 1
    outer loop
      vertex 57.4212 17.621 2.1
      vertex 57.7344 17.4085 2.1
      vertex 57.4552 17.675 2.1
    endloop
  endfacet
  facet normal 0 0 1
    outer loop
      vertex 57.7344 17.4085 2.1
      vertex 57.4212 17.621 2.1
      vertex 57.6732 17.3607 2.1
    endloop
  endfacet
  facet normal 0 0 1
    outer loop
      vertex 57.6732 17.3607 2.1
      vertex 57.4212 17.621 2.1
      vertex 57.6044 17.3175 2.1
    endloop
  endfacet
  facet normal -0 0 1
    outer loop
      vertex 57.3797 17.5705 2.1
      vertex 57.6044 17.3175 2.1
      vertex 57.4212 17.621 2.1
    endloop
  endfacet
  facet normal 0 0 1
    outer loop
      vertex 57.6044 17.3175 2.1
      vertex 57.3797 17.5705 2.1
      vertex 57.5283 17.2787 2.1
    endloop
  endfacet
  facet normal 0 0 1
    outer loop
      vertex 57.6437 16.3295 2.1
      vertex 58.0917 16.3295 2.1
      vertex 58.0871 16.4373 2.1
    endloop
  endfacet
  facet normal 0 0 1
    outer loop
      vertex 57.6387 16.4292 2.1
      vertex 58.0871 16.4373 2.1
      vertex 58.0732 16.5398 2.1
    endloop
  endfacet
  facet normal 0 0 1
    outer loop
      vertex 58.0917 16.3295 2.1
      vertex 57.6437 16.3295 2.1
      vertex 58.0831 16.1809 2.1
    endloop
  endfacet
  facet normal 0 0 1
    outer loop
      vertex 57.6238 16.5229 2.1
      vertex 58.0732 16.5398 2.1
      vertex 58.0502 16.6373 2.1
    endloop
  endfacet
  facet normal 0 0 1
    outer loop
      vertex 57.6238 16.5229 2.1
      vertex 58.0502 16.6373 2.1
      vertex 58.0179 16.7295 2.1
    endloop
  endfacet
  facet normal -0 0 1
    outer loop
      vertex 57.6389 16.2311 2.1
      vertex 58.0831 16.1809 2.1
      vertex 57.6437 16.3295 2.1
    endloop
  endfacet
  facet normal 0 0 1
    outer loop
      vertex 57.5989 16.6108 2.1
      vertex 58.0179 16.7295 2.1
      vertex 57.9764 16.8166 2.1
    endloop
  endfacet
  facet normal 0 0 1
    outer loop
      vertex 58.0831 16.1809 2.1
      vertex 57.6389 16.2311 2.1
      vertex 58.0573 16.0404 2.1
    endloop
  endfacet
  facet normal 0 0 1
    outer loop
      vertex 57.5641 16.6926 2.1
      vertex 57.9764 16.8166 2.1
      vertex 57.9257 16.8985 2.1
    endloop
  endfacet
  facet normal -0 0 1
    outer loop
      vertex 57.6244 16.1387 2.1
      vertex 58.0573 16.0404 2.1
      vertex 57.6389 16.2311 2.1
    endloop
  endfacet
  facet normal 0 0 1
    outer loop
      vertex 57.5641 16.6926 2.1
      vertex 57.9257 16.8985 2.1
      vertex 57.8665 16.9745 2.1
    endloop
  endfacet
  facet normal 0 0 1
    outer loop
      vertex 57.5193 16.7685 2.1
      vertex 57.8665 16.9745 2.1
      vertex 57.7989 17.0432 2.1
    endloop
  endfacet
  facet normal 0 0 1
    outer loop
      vertex 58.0573 16.0404 2.1
      vertex 57.6244 16.1387 2.1
      vertex 58.0144 15.908 2.1
    endloop
  endfacet
  facet normal 0 0 1
    outer loop
      vertex 57.4647 16.8385 2.1
      vertex 57.7989 17.0432 2.1
      vertex 57.7229 17.1045 2.1
    endloop
  endfacet
  facet normal -0 0 1
    outer loop
      vertex 57.6004 16.0523 2.1
      vertex 58.0144 15.908 2.1
      vertex 57.6244 16.1387 2.1
    endloop
  endfacet
  facet normal 0 0 1
    outer loop
      vertex 58.0144 15.908 2.1
      vertex 57.6004 16.0523 2.1
      vertex 57.9543 15.7837 2.1
    endloop
  endfacet
  facet normal 0 0 1
    outer loop
      vertex 58.0871 16.4373 2.1
      vertex 57.6387 16.4292 2.1
      vertex 57.6437 16.3295 2.1
    endloop
  endfacet
  facet normal 0 0 1
    outer loop
      vertex 57.4647 16.8385 2.1
      vertex 57.7229 17.1045 2.1
      vertex 57.6385 17.1585 2.1
    endloop
  endfacet
  facet normal 0 0 1
    outer loop
      vertex 58.0732 16.5398 2.1
      vertex 57.6238 16.5229 2.1
      vertex 57.6387 16.4292 2.1
    endloop
  endfacet
  facet normal 0 0 1
    outer loop
      vertex 58.0179 16.7295 2.1
      vertex 57.5989 16.6108 2.1
      vertex 57.6238 16.5229 2.1
    endloop
  endfacet
  facet normal 0 0 1
    outer loop
      vertex 57.9764 16.8166 2.1
      vertex 57.5641 16.6926 2.1
      vertex 57.5989 16.6108 2.1
    endloop
  endfacet
  facet normal 0 0 1
    outer loop
      vertex 57.4012 16.9002 2.1
      vertex 57.6385 17.1585 2.1
      vertex 57.5458 17.2052 2.1
    endloop
  endfacet
  facet normal 0 0 1
    outer loop
      vertex 57.8665 16.9745 2.1
      vertex 57.5193 16.7685 2.1
      vertex 57.5641 16.6926 2.1
    endloop
  endfacet
  facet normal 0 0 1
    outer loop
      vertex 57.7989 17.0432 2.1
      vertex 57.4647 16.8385 2.1
      vertex 57.5193 16.7685 2.1
    endloop
  endfacet
  facet normal 0 0 1
    outer loop
      vertex 57.3297 16.9507 2.1
      vertex 57.5458 17.2052 2.1
      vertex 57.4447 17.2445 2.1
    endloop
  endfacet
  facet normal -0 0 1
    outer loop
      vertex 57.331 17.5259 2.1
      vertex 57.5283 17.2787 2.1
      vertex 57.3797 17.5705 2.1
    endloop
  endfacet
  facet normal 0 0 1
    outer loop
      vertex 57.5283 17.2787 2.1
      vertex 57.331 17.5259 2.1
      vertex 57.4447 17.2445 2.1
    endloop
  endfacet
  facet normal 0 0 1
    outer loop
      vertex 57.6385 17.1585 2.1
      vertex 57.4012 16.9002 2.1
      vertex 57.4647 16.8385 2.1
    endloop
  endfacet
  facet normal -0 0 1
    outer loop
      vertex 57.2749 17.4894 2.1
      vertex 57.4447 17.2445 2.1
      vertex 57.331 17.5259 2.1
    endloop
  endfacet
  facet normal 0 0 1
    outer loop
      vertex 57.5458 17.2052 2.1
      vertex 57.3297 16.9507 2.1
      vertex 57.4012 16.9002 2.1
    endloop
  endfacet
  facet normal -0 0 1
    outer loop
      vertex 57.2114 17.461 2.1
      vertex 57.4447 17.2445 2.1
      vertex 57.2749 17.4894 2.1
    endloop
  endfacet
  facet normal 0 0 1
    outer loop
      vertex 57.4447 17.2445 2.1
      vertex 57.2499 16.99 2.1
      vertex 57.3297 16.9507 2.1
    endloop
  endfacet
  facet normal -0 0 1
    outer loop
      vertex 57.1405 17.4407 2.1
      vertex 57.4447 17.2445 2.1
      vertex 57.2114 17.461 2.1
    endloop
  endfacet
  facet normal 0 0 1
    outer loop
      vertex 57.4447 17.2445 2.1
      vertex 57.162 17.0181 2.1
      vertex 57.2499 16.99 2.1
    endloop
  endfacet
  facet normal 0 0 1
    outer loop
      vertex 57.4447 17.2445 2.1
      vertex 57.1405 17.4407 2.1
      vertex 57.162 17.0181 2.1
    endloop
  endfacet
  facet normal 0 0 1
    outer loop
      vertex 57.1405 17.4407 2.1
      vertex 57.0659 17.0349 2.1
      vertex 57.162 17.0181 2.1
    endloop
  endfacet
  facet normal -0 0 1
    outer loop
      vertex 57.0623 17.4285 2.1
      vertex 57.0659 17.0349 2.1
      vertex 57.1405 17.4407 2.1
    endloop
  endfacet
  facet normal -0 0 1
    outer loop
      vertex 56.9767 17.4245 2.1
      vertex 57.0659 17.0349 2.1
      vertex 57.0623 17.4285 2.1
    endloop
  endfacet
  facet normal 0 0 1
    outer loop
      vertex 56.9767 17.4245 2.1
      vertex 56.9617 17.0405 2.1
      vertex 57.0659 17.0349 2.1
    endloop
  endfacet
  facet normal 0 0 1
    outer loop
      vertex 56.8885 17.4286 2.1
      vertex 56.9617 17.0405 2.1
      vertex 56.9767 17.4245 2.1
    endloop
  endfacet
  facet normal 0 0 1
    outer loop
      vertex 56.8885 17.4286 2.1
      vertex 56.8597 17.035 2.1
      vertex 56.9617 17.0405 2.1
    endloop
  endfacet
  facet normal 0 0 1
    outer loop
      vertex 56.8081 17.4408 2.1
      vertex 56.8597 17.035 2.1
      vertex 56.8885 17.4286 2.1
    endloop
  endfacet
  facet normal 0 0 1
    outer loop
      vertex 56.8081 17.4408 2.1
      vertex 56.7659 17.0184 2.1
      vertex 56.8597 17.035 2.1
    endloop
  endfacet
  facet normal 0 0 1
    outer loop
      vertex 56.5097 17.2445 2.1
      vertex 56.8081 17.4408 2.1
      vertex 56.7354 17.4612 2.1
    endloop
  endfacet
  facet normal 0 0 1
    outer loop
      vertex 56.8081 17.4408 2.1
      vertex 56.5097 17.2445 2.1
      vertex 56.7659 17.0184 2.1
    endloop
  endfacet
  facet normal 0 0 1
    outer loop
      vertex 56.5097 17.2445 2.1
      vertex 56.7354 17.4612 2.1
      vertex 56.6704 17.4898 2.1
    endloop
  endfacet
  facet normal 0 0 1
    outer loop
      vertex 56.5097 17.2445 2.1
      vertex 56.6704 17.4898 2.1
      vertex 56.6132 17.5266 2.1
    endloop
  endfacet
  facet normal 0 0 1
    outer loop
      vertex 56.7659 17.0184 2.1
      vertex 56.5097 17.2445 2.1
      vertex 56.6802 16.9908 2.1
    endloop
  endfacet
  facet normal 0 0 1
    outer loop
      vertex 56.4236 17.2788 2.1
      vertex 56.6132 17.5266 2.1
      vertex 56.5637 17.5715 2.1
    endloop
  endfacet
  facet normal 0 0 1
    outer loop
      vertex 56.6802 16.9908 2.1
      vertex 56.5097 17.2445 2.1
      vertex 56.6026 16.9521 2.1
    endloop
  endfacet
  facet normal 0 0 1
    outer loop
      vertex 56.3452 17.3176 2.1
      vertex 56.5637 17.5715 2.1
      vertex 56.5221 17.6228 2.1
    endloop
  endfacet
  facet normal -0 0 1
    outer loop
      vertex 56.4084 17.212 2.1
      vertex 56.6026 16.9521 2.1
      vertex 56.5097 17.2445 2.1
    endloop
  endfacet
  facet normal 0 0 1
    outer loop
      vertex 56.6026 16.9521 2.1
      vertex 56.4084 17.212 2.1
      vertex 56.5331 16.9023 2.1
    endloop
  endfacet
  facet normal -0 0 1
    outer loop
      vertex 56.3151 17.1712 2.1
      vertex 56.5331 16.9023 2.1
      vertex 56.4084 17.212 2.1
    endloop
  endfacet
  facet normal 0 0 1
    outer loop
      vertex 56.5331 16.9023 2.1
      vertex 56.3151 17.1712 2.1
      vertex 56.4717 16.8415 2.1
    endloop
  endfacet
  facet normal -0 0 1
    outer loop
      vertex 56.2299 17.122 2.1
      vertex 56.4717 16.8415 2.1
      vertex 56.3151 17.1712 2.1
    endloop
  endfacet
  facet normal -0 0 1
    outer loop
      vertex 56.1528 17.0645 2.1
      vertex 56.4717 16.8415 2.1
      vertex 56.2299 17.122 2.1
    endloop
  endfacet
  facet normal 0 0 1
    outer loop
      vertex 56.4717 16.8415 2.1
      vertex 56.1528 17.0645 2.1
      vertex 56.4191 16.7724 2.1
    endloop
  endfacet
  facet normal -0 0 1
    outer loop
      vertex 56.0837 16.9987 2.1
      vertex 56.4191 16.7724 2.1
      vertex 56.1528 17.0645 2.1
    endloop
  endfacet
  facet normal 0 0 1
    outer loop
      vertex 56.4191 16.7724 2.1
      vertex 56.0837 16.9987 2.1
      vertex 56.3761 16.6977 2.1
    endloop
  endfacet
  facet normal -0 0 1
    outer loop
      vertex 56.0227 16.9245 2.1
      vertex 56.3761 16.6977 2.1
      vertex 56.0837 16.9987 2.1
    endloop
  endfacet
  facet normal -0 0 1
    outer loop
      vertex 55.9704 16.843 2.1
      vertex 56.3761 16.6977 2.1
      vertex 56.0227 16.9245 2.1
    endloop
  endfacet
  facet normal 0 0 1
    outer loop
      vertex 56.3761 16.6977 2.1
      vertex 55.9704 16.843 2.1
      vertex 56.3427 16.6175 2.1
    endloop
  endfacet
  facet normal 0 0 1
    outer loop
      vertex 56.2997 16.3435 2.1
      vertex 56.1597 15.5615 2.1
      vertex 56.2681 15.4659 2.1
    endloop
  endfacet
  facet normal -0 0 1
    outer loop
      vertex 55.9277 16.7553 2.1
      vertex 56.3427 16.6175 2.1
      vertex 55.9704 16.843 2.1
    endloop
  endfacet
  facet normal 0 0 1
    outer loop
      vertex 56.3427 16.6175 2.1
      vertex 55.9277 16.7553 2.1
      vertex 56.3188 16.5317 2.1
    endloop
  endfacet
  facet normal 0 -0 1
    outer loop
      vertex 55.8859 16.0473 2.1
      vertex 56.2997 16.3435 2.1
      vertex 55.8602 16.1901 2.1
    endloop
  endfacet
  facet normal -0 0 1
    outer loop
      vertex 55.8944 16.6613 2.1
      vertex 56.3188 16.5317 2.1
      vertex 55.9277 16.7553 2.1
    endloop
  endfacet
  facet normal 0 0 1
    outer loop
      vertex 56.2997 16.3435 2.1
      vertex 56.0656 15.6701 2.1
      vertex 56.1597 15.5615 2.1
    endloop
  endfacet
  facet normal -0 0 1
    outer loop
      vertex 55.8707 16.561 2.1
      vertex 56.3188 16.5317 2.1
      vertex 55.8944 16.6613 2.1
    endloop
  endfacet
  facet normal 0 0 1
    outer loop
      vertex 56.2997 16.3435 2.1
      vertex 55.9886 15.7873 2.1
      vertex 56.0656 15.6701 2.1
    endloop
  endfacet
  facet normal 0 0 1
    outer loop
      vertex 56.3188 16.5317 2.1
      vertex 55.8707 16.561 2.1
      vertex 56.3044 16.4404 2.1
    endloop
  endfacet
  facet normal -0 0 1
    outer loop
      vertex 55.8564 16.4544 2.1
      vertex 56.3044 16.4404 2.1
      vertex 55.8707 16.561 2.1
    endloop
  endfacet
  facet normal 0 0 1
    outer loop
      vertex 56.2997 16.3435 2.1
      vertex 55.9287 15.913 2.1
      vertex 55.9886 15.7873 2.1
    endloop
  endfacet
  facet normal 0 0 1
    outer loop
      vertex 56.3044 16.4404 2.1
      vertex 55.8564 16.4544 2.1
      vertex 56.2997 16.3435 2.1
    endloop
  endfacet
  facet normal 0 0 1
    outer loop
      vertex 56.2997 16.3435 2.1
      vertex 55.8859 16.0473 2.1
      vertex 55.9287 15.913 2.1
    endloop
  endfacet
  facet normal 0 0 1
    outer loop
      vertex 56.2997 16.3435 2.1
      vertex 55.8564 16.4544 2.1
      vertex 55.8517 16.3415 2.1
    endloop
  endfacet
  facet normal 0 0 1
    outer loop
      vertex 56.2997 16.3435 2.1
      vertex 55.8517 16.3415 2.1
      vertex 55.8602 16.1901 2.1
    endloop
  endfacet
  facet normal -0 0 1
    outer loop
      vertex 57.5668 15.9717 2.1
      vertex 57.9543 15.7837 2.1
      vertex 57.6004 16.0523 2.1
    endloop
  endfacet
  facet normal 0 0 1
    outer loop
      vertex 57.9543 15.7837 2.1
      vertex 57.5668 15.9717 2.1
      vertex 57.8771 15.6676 2.1
    endloop
  endfacet
  facet normal -0 0 1
    outer loop
      vertex 57.5235 15.8971 2.1
      vertex 57.8771 15.6676 2.1
      vertex 57.5668 15.9717 2.1
    endloop
  endfacet
  facet normal 0 0 1
    outer loop
      vertex 57.8771 15.6676 2.1
      vertex 57.5235 15.8971 2.1
      vertex 57.7827 15.5595 2.1
    endloop
  endfacet
  facet normal -0 0 1
    outer loop
      vertex 57.4707 15.8285 2.1
      vertex 57.7827 15.5595 2.1
      vertex 57.5235 15.8971 2.1
    endloop
  endfacet
  facet normal 0 0 1
    outer loop
      vertex 57.7827 15.5595 2.1
      vertex 57.4707 15.8285 2.1
      vertex 57.6746 15.4645 2.1
    endloop
  endfacet
  facet normal -0 0 1
    outer loop
      vertex 57.4088 15.7686 2.1
      vertex 57.6746 15.4645 2.1
      vertex 57.4707 15.8285 2.1
    endloop
  endfacet
  facet normal 0 0 1
    outer loop
      vertex 57.6746 15.4645 2.1
      vertex 57.4088 15.7686 2.1
      vertex 57.5557 15.3867 2.1
    endloop
  endfacet
  facet normal -0 0 1
    outer loop
      vertex 57.3387 15.7196 2.1
      vertex 57.5557 15.3867 2.1
      vertex 57.4088 15.7686 2.1
    endloop
  endfacet
  facet normal 0 0 1
    outer loop
      vertex 57.5557 15.3867 2.1
      vertex 57.3387 15.7196 2.1
      vertex 57.4259 15.3263 2.1
    endloop
  endfacet
  facet normal -0 0 1
    outer loop
      vertex 57.2602 15.6815 2.1
      vertex 57.4259 15.3263 2.1
      vertex 57.3387 15.7196 2.1
    endloop
  endfacet
  facet normal 0 0 1
    outer loop
      vertex 57.4259 15.3263 2.1
      vertex 57.2602 15.6815 2.1
      vertex 57.2853 15.2831 2.1
    endloop
  endfacet
  facet normal -0 0 1
    outer loop
      vertex 57.1733 15.6543 2.1
      vertex 57.2853 15.2831 2.1
      vertex 57.2602 15.6815 2.1
    endloop
  endfacet
  facet normal 0 0 1
    outer loop
      vertex 57.1733 15.6543 2.1
      vertex 57.1339 15.2571 2.1
      vertex 57.2853 15.2831 2.1
    endloop
  endfacet
  facet normal -0 0 1
    outer loop
      vertex 57.0782 15.638 2.1
      vertex 57.1339 15.2571 2.1
      vertex 57.1733 15.6543 2.1
    endloop
  endfacet
  facet normal 0 0 1
    outer loop
      vertex 56.9717 15.2485 2.1
      vertex 57.0782 15.638 2.1
      vertex 56.9747 15.6325 2.1
    endloop
  endfacet
  facet normal 0 0 1
    outer loop
      vertex 57.0782 15.638 2.1
      vertex 56.9717 15.2485 2.1
      vertex 57.1339 15.2571 2.1
    endloop
  endfacet
  facet normal 0 0 1
    outer loop
      vertex 56.9129 15.6351 2.1
      vertex 56.9717 15.2485 2.1
      vertex 56.9747 15.6325 2.1
    endloop
  endfacet
  facet normal 0 0 1
    outer loop
      vertex 56.8094 15.2572 2.1
      vertex 56.9129 15.6351 2.1
      vertex 56.8514 15.6428 2.1
    endloop
  endfacet
  facet normal 0 0 1
    outer loop
      vertex 56.9129 15.6351 2.1
      vertex 56.8094 15.2572 2.1
      vertex 56.9717 15.2485 2.1
    endloop
  endfacet
  facet normal 0 0 1
    outer loop
      vertex 56.7904 15.6558 2.1
      vertex 56.8094 15.2572 2.1
      vertex 56.8514 15.6428 2.1
    endloop
  endfacet
  facet normal 0 0 1
    outer loop
      vertex 56.6579 15.2833 2.1
      vertex 56.7904 15.6558 2.1
      vertex 56.7298 15.6738 2.1
    endloop
  endfacet
  facet normal 0 0 1
    outer loop
      vertex 56.5172 15.3268 2.1
      vertex 56.7298 15.6738 2.1
      vertex 56.6695 15.6971 2.1
    endloop
  endfacet
  facet normal 0 0 1
    outer loop
      vertex 56.7904 15.6558 2.1
      vertex 56.6579 15.2833 2.1
      vertex 56.8094 15.2572 2.1
    endloop
  endfacet
  facet normal 0 0 1
    outer loop
      vertex 56.5172 15.3268 2.1
      vertex 56.6695 15.6971 2.1
      vertex 56.6097 15.7255 2.1
    endloop
  endfacet
  facet normal 0 0 1
    outer loop
      vertex 56.3872 15.3876 2.1
      vertex 56.6097 15.7255 2.1
      vertex 56.5534 15.759 2.1
    endloop
  endfacet
  facet normal 0 0 1
    outer loop
      vertex 56.7298 15.6738 2.1
      vertex 56.5172 15.3268 2.1
      vertex 56.6579 15.2833 2.1
    endloop
  endfacet
  facet normal 0 0 1
    outer loop
      vertex 56.2681 15.4659 2.1
      vertex 56.5534 15.759 2.1
      vertex 56.5034 15.7967 2.1
    endloop
  endfacet
  facet normal 0 0 1
    outer loop
      vertex 56.2681 15.4659 2.1
      vertex 56.5034 15.7967 2.1
      vertex 56.4597 15.8388 2.1
    endloop
  endfacet
  facet normal 0 0 1
    outer loop
      vertex 56.2681 15.4659 2.1
      vertex 56.4597 15.8388 2.1
      vertex 56.4221 15.8851 2.1
    endloop
  endfacet
  facet normal 0 0 1
    outer loop
      vertex 56.2681 15.4659 2.1
      vertex 56.4221 15.8851 2.1
      vertex 56.3908 15.9357 2.1
    endloop
  endfacet
  facet normal 0 0 1
    outer loop
      vertex 56.6097 15.7255 2.1
      vertex 56.3872 15.3876 2.1
      vertex 56.5172 15.3268 2.1
    endloop
  endfacet
  facet normal 0 0 1
    outer loop
      vertex 56.2681 15.4659 2.1
      vertex 56.3908 15.9357 2.1
      vertex 56.3657 15.9905 2.1
    endloop
  endfacet
  facet normal 0 0 1
    outer loop
      vertex 56.2681 15.4659 2.1
      vertex 56.3657 15.9905 2.1
      vertex 56.3455 16.0478 2.1
    endloop
  endfacet
  facet normal 0 0 1
    outer loop
      vertex 56.2681 15.4659 2.1
      vertex 56.3455 16.0478 2.1
      vertex 56.329 16.1057 2.1
    endloop
  endfacet
  facet normal 0 0 1
    outer loop
      vertex 56.2681 15.4659 2.1
      vertex 56.329 16.1057 2.1
      vertex 56.3162 16.1643 2.1
    endloop
  endfacet
  facet normal 0 0 1
    outer loop
      vertex 56.2681 15.4659 2.1
      vertex 56.3162 16.1643 2.1
      vertex 56.307 16.2234 2.1
    endloop
  endfacet
  facet normal 0 0 1
    outer loop
      vertex 56.5534 15.759 2.1
      vertex 56.2681 15.4659 2.1
      vertex 56.3872 15.3876 2.1
    endloop
  endfacet
  facet normal 0 0 1
    outer loop
      vertex 56.3015 16.2831 2.1
      vertex 56.2681 15.4659 2.1
      vertex 56.307 16.2234 2.1
    endloop
  endfacet
  facet normal 0 0 1
    outer loop
      vertex 56.2681 15.4659 2.1
      vertex 56.3015 16.2831 2.1
      vertex 56.2997 16.3435 2.1
    endloop
  endfacet
  facet normal 0 0 1
    outer loop
      vertex 56.3452 17.3176 2.1
      vertex 56.5221 17.6228 2.1
      vertex 56.4881 17.6788 2.1
    endloop
  endfacet
  facet normal 0 0 1
    outer loop
      vertex 56.3452 17.3176 2.1
      vertex 56.4881 17.6788 2.1
      vertex 56.4617 17.7395 2.1
    endloop
  endfacet
  facet normal 0 0 1
    outer loop
      vertex 56.3452 17.3176 2.1
      vertex 56.4617 17.7395 2.1
      vertex 56.4428 17.8048 2.1
    endloop
  endfacet
  facet normal 0 0 1
    outer loop
      vertex 56.3452 17.3176 2.1
      vertex 56.4428 17.8048 2.1
      vertex 56.4314 17.8748 2.1
    endloop
  endfacet
  facet normal 0 0 1
    outer loop
      vertex 56.6132 17.5266 2.1
      vertex 56.4236 17.2788 2.1
      vertex 56.5097 17.2445 2.1
    endloop
  endfacet
  facet normal 0 0 1
    outer loop
      vertex 55.9833 17.8647 2.1
      vertex 56.4314 17.8748 2.1
      vertex 56.4277 17.9495 2.1
    endloop
  endfacet
  facet normal -0 0 1
    outer loop
      vertex 52.3097 16.5925 2.1
      vertex 53.2987 16.1445 2.1
      vertex 53.2987 16.5925 2.1
    endloop
  endfacet
  facet normal 0 0 1
    outer loop
      vertex 51.7627 16.1445 2.1
      vertex 52.3097 16.5925 2.1
      vertex 51.7627 16.5925 2.1
    endloop
  endfacet
  facet normal 0 0 1
    outer loop
      vertex 52.3097 16.5925 2.1
      vertex 51.7627 16.1445 2.1
      vertex 53.2987 16.1445 2.1
    endloop
  endfacet
  facet normal 0 0 1
    outer loop
      vertex 51.7627 16.5925 2.1
      vertex 53.2987 17.8855 2.1
      vertex 53.4267 18.7685 2.1
    endloop
  endfacet
  facet normal 0 0 1
    outer loop
      vertex 53.2987 17.8855 2.1
      vertex 51.7627 16.5925 2.1
      vertex 52.3097 16.5925 2.1
    endloop
  endfacet
  facet normal -0 0 1
    outer loop
      vertex 53.2987 17.8855 2.1
      vertex 53.7467 16.5925 2.1
      vertex 53.7467 18.7685 2.1
    endloop
  endfacet
  facet normal 0 0 1
    outer loop
      vertex 53.2987 16.5925 2.1
      vertex 53.7467 16.5925 2.1
      vertex 53.2987 17.8855 2.1
    endloop
  endfacet
  facet normal 0 0 1
    outer loop
      vertex 53.2987 17.8855 2.1
      vertex 53.7467 18.7685 2.1
      vertex 53.4267 18.7685 2.1
    endloop
  endfacet
  facet normal 0 0 1
    outer loop
      vertex 53.7467 16.5925 2.1
      vertex 53.2987 16.5925 2.1
      vertex 53.7467 16.1445 2.1
    endloop
  endfacet
  facet normal 0 0 1
    outer loop
      vertex 53.2987 16.1445 2.1
      vertex 53.7467 16.1445 2.1
      vertex 53.2987 16.5925 2.1
    endloop
  endfacet
  facet normal 0 0 1
    outer loop
      vertex 53.7467 16.1445 2.1
      vertex 53.2987 16.1445 2.1
      vertex 53.7467 15.3125 2.1
    endloop
  endfacet
  facet normal 0 0 1
    outer loop
      vertex 53.7467 15.3125 2.1
      vertex 53.2987 16.1445 2.1
      vertex 53.2987 15.3125 2.1
    endloop
  endfacet
  facet normal -0 0 1
    outer loop
      vertex 53.7467 16.5925 2.1
      vertex 54.1947 16.1445 2.1
      vertex 54.1947 16.5925 2.1
    endloop
  endfacet
  facet normal 0 0 1
    outer loop
      vertex 54.1947 16.1445 2.1
      vertex 53.7467 16.5925 2.1
      vertex 53.7467 16.1445 2.1
    endloop
  endfacet
  facet normal -0 0 1
    outer loop
      vertex 54.7883 15.7605 2.1
      vertex 55.2363 15.3125 2.1
      vertex 55.2363 15.7605 2.1
    endloop
  endfacet
  facet normal 0 0 1
    outer loop
      vertex 55.2363 15.3125 2.1
      vertex 54.7883 15.7605 2.1
      vertex 54.7883 15.3125 2.1
    endloop
  endfacet
  facet normal 0.168763 -0.985657 0
    outer loop
      vertex 57.1339 15.2571 1.6
      vertex 57.2853 15.2831 2.1
      vertex 57.1339 15.2571 2.1
    endloop
  endfacet
  facet normal 0.168763 -0.985657 0
    outer loop
      vertex 57.2853 15.2831 2.1
      vertex 57.1339 15.2571 1.6
      vertex 57.2853 15.2831 1.6
    endloop
  endfacet
  facet normal 0.293729 -0.955889 0
    outer loop
      vertex 57.2853 15.2831 1.6
      vertex 57.4259 15.3263 2.1
      vertex 57.2853 15.2831 2.1
    endloop
  endfacet
  facet normal 0.293729 -0.955889 0
    outer loop
      vertex 57.4259 15.3263 2.1
      vertex 57.2853 15.2831 1.6
      vertex 57.4259 15.3263 1.6
    endloop
  endfacet
  facet normal 0.422401 -0.906409 0
    outer loop
      vertex 57.4259 15.3263 1.6
      vertex 57.5557 15.3867 2.1
      vertex 57.4259 15.3263 2.1
    endloop
  endfacet
  facet normal 0.422401 -0.906409 0
    outer loop
      vertex 57.5557 15.3867 2.1
      vertex 57.4259 15.3263 1.6
      vertex 57.5557 15.3867 1.6
    endloop
  endfacet
  facet normal 0.547218 -0.83699 0
    outer loop
      vertex 57.5557 15.3867 1.6
      vertex 57.6746 15.4645 2.1
      vertex 57.5557 15.3867 2.1
    endloop
  endfacet
  facet normal 0.547218 -0.83699 0
    outer loop
      vertex 57.6746 15.4645 2.1
      vertex 57.5557 15.3867 1.6
      vertex 57.6746 15.4645 1.6
    endloop
  endfacet
  facet normal 0.660327 -0.750978 0
    outer loop
      vertex 57.6746 15.4645 1.6
      vertex 57.7827 15.5595 2.1
      vertex 57.6746 15.4645 2.1
    endloop
  endfacet
  facet normal 0.660327 -0.750978 0
    outer loop
      vertex 57.7827 15.5595 2.1
      vertex 57.6746 15.4645 1.6
      vertex 57.7827 15.5595 1.6
    endloop
  endfacet
  facet normal 0.752992 -0.65803 0
    outer loop
      vertex 57.7827 15.5595 2.1
      vertex 57.8771 15.6676 1.6
      vertex 57.8771 15.6676 2.1
    endloop
  endfacet
  facet normal 0.752992 -0.65803 0
    outer loop
      vertex 57.8771 15.6676 1.6
      vertex 57.7827 15.5595 2.1
      vertex 57.7827 15.5595 1.6
    endloop
  endfacet
  facet normal 0.832706 -0.553716 0
    outer loop
      vertex 57.8771 15.6676 2.1
      vertex 57.9543 15.7837 1.6
      vertex 57.9543 15.7837 2.1
    endloop
  endfacet
  facet normal 0.832706 -0.553716 0
    outer loop
      vertex 57.9543 15.7837 1.6
      vertex 57.8771 15.6676 2.1
      vertex 57.8771 15.6676 1.6
    endloop
  endfacet
  facet normal 0.900317 -0.435234 0
    outer loop
      vertex 57.9543 15.7837 2.1
      vertex 58.0144 15.908 1.6
      vertex 58.0144 15.908 2.1
    endloop
  endfacet
  facet normal 0.900317 -0.435234 0
    outer loop
      vertex 58.0144 15.908 1.6
      vertex 57.9543 15.7837 2.1
      vertex 57.9543 15.7837 1.6
    endloop
  endfacet
  facet normal 0.95125 -0.308422 0
    outer loop
      vertex 58.0144 15.908 2.1
      vertex 58.0573 16.0404 1.6
      vertex 58.0573 16.0404 2.1
    endloop
  endfacet
  facet normal 0.95125 -0.308422 0
    outer loop
      vertex 58.0573 16.0404 1.6
      vertex 58.0144 15.908 2.1
      vertex 58.0144 15.908 1.6
    endloop
  endfacet
  facet normal 0.983609 -0.180314 0
    outer loop
      vertex 58.0573 16.0404 2.1
      vertex 58.0831 16.1809 1.6
      vertex 58.0831 16.1809 2.1
    endloop
  endfacet
  facet normal 0.983609 -0.180314 0
    outer loop
      vertex 58.0831 16.1809 1.6
      vertex 58.0573 16.0404 2.1
      vertex 58.0573 16.0404 1.6
    endloop
  endfacet
  facet normal 0.998339 -0.0576044 0
    outer loop
      vertex 58.0831 16.1809 2.1
      vertex 58.0917 16.3295 1.6
      vertex 58.0917 16.3295 2.1
    endloop
  endfacet
  facet normal 0.998339 -0.0576044 0
    outer loop
      vertex 58.0917 16.3295 1.6
      vertex 58.0831 16.1809 2.1
      vertex 58.0831 16.1809 1.6
    endloop
  endfacet
  facet normal 0.999087 0.0427311 0
    outer loop
      vertex 58.0917 16.3295 2.1
      vertex 58.0871 16.4373 1.6
      vertex 58.0871 16.4373 2.1
    endloop
  endfacet
  facet normal 0.999087 0.0427311 0
    outer loop
      vertex 58.0871 16.4373 1.6
      vertex 58.0917 16.3295 2.1
      vertex 58.0917 16.3295 1.6
    endloop
  endfacet
  facet normal 0.991022 0.133699 0
    outer loop
      vertex 58.0871 16.4373 2.1
      vertex 58.0732 16.5398 1.6
      vertex 58.0732 16.5398 2.1
    endloop
  endfacet
  facet normal 0.991022 0.133699 0
    outer loop
      vertex 58.0732 16.5398 1.6
      vertex 58.0871 16.4373 2.1
      vertex 58.0871 16.4373 1.6
    endloop
  endfacet
  facet normal 0.973114 0.230322 0
    outer loop
      vertex 58.0732 16.5398 2.1
      vertex 58.0502 16.6373 1.6
      vertex 58.0502 16.6373 2.1
    endloop
  endfacet
  facet normal 0.973114 0.230322 0
    outer loop
      vertex 58.0502 16.6373 1.6
      vertex 58.0732 16.5398 2.1
      vertex 58.0732 16.5398 1.6
    endloop
  endfacet
  facet normal 0.943912 0.330197 0
    outer loop
      vertex 58.0502 16.6373 2.1
      vertex 58.0179 16.7295 1.6
      vertex 58.0179 16.7295 2.1
    endloop
  endfacet
  facet normal 0.943912 0.330197 0
    outer loop
      vertex 58.0179 16.7295 1.6
      vertex 58.0502 16.6373 2.1
      vertex 58.0502 16.6373 1.6
    endloop
  endfacet
  facet normal 0.902714 0.430241 0
    outer loop
      vertex 58.0179 16.7295 2.1
      vertex 57.9764 16.8166 1.6
      vertex 57.9764 16.8166 2.1
    endloop
  endfacet
  facet normal 0.902714 0.430241 0
    outer loop
      vertex 57.9764 16.8166 1.6
      vertex 58.0179 16.7295 2.1
      vertex 58.0179 16.7295 1.6
    endloop
  endfacet
  facet normal 0.850242 0.526393 0
    outer loop
      vertex 57.9764 16.8166 2.1
      vertex 57.9257 16.8985 1.6
      vertex 57.9257 16.8985 2.1
    endloop
  endfacet
  facet normal 0.850242 0.526393 0
    outer loop
      vertex 57.9257 16.8985 1.6
      vertex 57.9764 16.8166 2.1
      vertex 57.9764 16.8166 1.6
    endloop
  endfacet
  facet normal 0.788917 0.6145 0
    outer loop
      vertex 57.9257 16.8985 2.1
      vertex 57.8665 16.9745 1.6
      vertex 57.8665 16.9745 2.1
    endloop
  endfacet
  facet normal 0.788917 0.6145 0
    outer loop
      vertex 57.8665 16.9745 1.6
      vertex 57.9257 16.8985 2.1
      vertex 57.9257 16.8985 1.6
    endloop
  endfacet
  facet normal 0.712629 0.701541 0
    outer loop
      vertex 57.8665 16.9745 2.1
      vertex 57.7989 17.0432 1.6
      vertex 57.7989 17.0432 2.1
    endloop
  endfacet
  facet normal 0.712629 0.701541 0
    outer loop
      vertex 57.7989 17.0432 1.6
      vertex 57.8665 16.9745 2.1
      vertex 57.8665 16.9745 1.6
    endloop
  endfacet
  facet normal 0.628195 0.778056 -0
    outer loop
      vertex 57.7989 17.0432 1.6
      vertex 57.7229 17.1045 2.1
      vertex 57.7989 17.0432 2.1
    endloop
  endfacet
  facet normal 0.628195 0.778056 0
    outer loop
      vertex 57.7229 17.1045 2.1
      vertex 57.7989 17.0432 1.6
      vertex 57.7229 17.1045 1.6
    endloop
  endfacet
  facet normal 0.539101 0.842241 -0
    outer loop
      vertex 57.7229 17.1045 1.6
      vertex 57.6385 17.1585 2.1
      vertex 57.7229 17.1045 2.1
    endloop
  endfacet
  facet normal 0.539101 0.842241 0
    outer loop
      vertex 57.6385 17.1585 2.1
      vertex 57.7229 17.1045 1.6
      vertex 57.6385 17.1585 1.6
    endloop
  endfacet
  facet normal 0.449387 0.893337 -0
    outer loop
      vertex 57.6385 17.1585 1.6
      vertex 57.5458 17.2052 2.1
      vertex 57.6385 17.1585 2.1
    endloop
  endfacet
  facet normal 0.449387 0.893337 0
    outer loop
      vertex 57.5458 17.2052 2.1
      vertex 57.6385 17.1585 1.6
      vertex 57.5458 17.2052 1.6
    endloop
  endfacet
  facet normal 0.362501 0.931984 -0
    outer loop
      vertex 57.5458 17.2052 1.6
      vertex 57.4447 17.2445 2.1
      vertex 57.5458 17.2052 2.1
    endloop
  endfacet
  facet normal 0.362501 0.931984 0
    outer loop
      vertex 57.4447 17.2445 2.1
      vertex 57.5458 17.2052 1.6
      vertex 57.4447 17.2445 1.6
    endloop
  endfacet
  facet normal 0.379093 -0.925359 0
    outer loop
      vertex 57.4447 17.2445 1.6
      vertex 57.5283 17.2787 2.1
      vertex 57.4447 17.2445 2.1
    endloop
  endfacet
  facet normal 0.379093 -0.925359 0
    outer loop
      vertex 57.5283 17.2787 2.1
      vertex 57.4447 17.2445 1.6
      vertex 57.5283 17.2787 1.6
    endloop
  endfacet
  facet normal 0.453417 -0.891298 0
    outer loop
      vertex 57.5283 17.2787 1.6
      vertex 57.6044 17.3175 2.1
      vertex 57.5283 17.2787 2.1
    endloop
  endfacet
  facet normal 0.453417 -0.891298 0
    outer loop
      vertex 57.6044 17.3175 2.1
      vertex 57.5283 17.2787 1.6
      vertex 57.6044 17.3175 1.6
    endloop
  endfacet
  facet normal 0.532699 -0.846305 0
    outer loop
      vertex 57.6044 17.3175 1.6
      vertex 57.6732 17.3607 2.1
      vertex 57.6044 17.3175 2.1
    endloop
  endfacet
  facet normal 0.532699 -0.846305 0
    outer loop
      vertex 57.6732 17.3607 2.1
      vertex 57.6044 17.3175 1.6
      vertex 57.6732 17.3607 1.6
    endloop
  endfacet
  facet normal 0.614607 -0.788834 0
    outer loop
      vertex 57.6732 17.3607 1.6
      vertex 57.7344 17.4085 2.1
      vertex 57.6732 17.3607 2.1
    endloop
  endfacet
  facet normal 0.614607 -0.788834 0
    outer loop
      vertex 57.7344 17.4085 2.1
      vertex 57.6732 17.3607 1.6
      vertex 57.7344 17.4085 1.6
    endloop
  endfacet
  facet normal 0.696451 -0.717605 0
    outer loop
      vertex 57.7344 17.4085 1.6
      vertex 57.7883 17.4607 2.1
      vertex 57.7344 17.4085 2.1
    endloop
  endfacet
  facet normal 0.696451 -0.717605 0
    outer loop
      vertex 57.7883 17.4607 2.1
      vertex 57.7344 17.4085 1.6
      vertex 57.7883 17.4607 1.6
    endloop
  endfacet
  facet normal 0.774245 -0.632886 0
    outer loop
      vertex 57.7883 17.4607 2.1
      vertex 57.8347 17.5175 1.6
      vertex 57.8347 17.5175 2.1
    endloop
  endfacet
  facet normal 0.774245 -0.632886 0
    outer loop
      vertex 57.8347 17.5175 1.6
      vertex 57.7883 17.4607 2.1
      vertex 57.7883 17.4607 1.6
    endloop
  endfacet
  facet normal 0.838857 -0.544351 0
    outer loop
      vertex 57.8347 17.5175 2.1
      vertex 57.8741 17.5782 1.6
      vertex 57.8741 17.5782 2.1
    endloop
  endfacet
  facet normal 0.838857 -0.544351 0
    outer loop
      vertex 57.8741 17.5782 1.6
      vertex 57.8347 17.5175 2.1
      vertex 57.8347 17.5175 1.6
    endloop
  endfacet
  facet normal 0.893747 -0.448572 0
    outer loop
      vertex 57.8741 17.5782 2.1
      vertex 57.9063 17.6425 1.6
      vertex 57.9063 17.6425 2.1
    endloop
  endfacet
  facet normal 0.893747 -0.448572 0
    outer loop
      vertex 57.9063 17.6425 1.6
      vertex 57.8741 17.5782 2.1
      vertex 57.8741 17.5782 1.6
    endloop
  endfacet
  facet normal 0.937779 -0.347232 0
    outer loop
      vertex 57.9063 17.6425 2.1
      vertex 57.9314 17.7102 1.6
      vertex 57.9314 17.7102 2.1
    endloop
  endfacet
  facet normal 0.937779 -0.347232 0
    outer loop
      vertex 57.9314 17.7102 1.6
      vertex 57.9063 17.6425 2.1
      vertex 57.9063 17.6425 1.6
    endloop
  endfacet
  facet normal 0.969824 -0.243806 0
    outer loop
      vertex 57.9314 17.7102 2.1
      vertex 57.9493 17.7815 1.6
      vertex 57.9493 17.7815 2.1
    endloop
  endfacet
  facet normal 0.969824 -0.243806 0
    outer loop
      vertex 57.9493 17.7815 1.6
      vertex 57.9314 17.7102 2.1
      vertex 57.9314 17.7102 1.6
    endloop
  endfacet
  facet normal 0.989803 -0.14244 0
    outer loop
      vertex 57.9493 17.7815 2.1
      vertex 57.9601 17.8562 1.6
      vertex 57.9601 17.8562 2.1
    endloop
  endfacet
  facet normal 0.989803 -0.14244 0
    outer loop
      vertex 57.9601 17.8562 1.6
      vertex 57.9493 17.7815 2.1
      vertex 57.9493 17.7815 1.6
    endloop
  endfacet
  facet normal 0.99896 -0.0455844 0
    outer loop
      vertex 57.9601 17.8562 2.1
      vertex 57.9637 17.9345 1.6
      vertex 57.9637 17.9345 2.1
    endloop
  endfacet
  facet normal 0.99896 -0.0455844 0
    outer loop
      vertex 57.9637 17.9345 1.6
      vertex 57.9601 17.8562 2.1
      vertex 57.9601 17.8562 1.6
    endloop
  endfacet
  facet normal 0.99806 0.0622538 0
    outer loop
      vertex 57.9637 17.9345 2.1
      vertex 57.9561 18.0563 1.6
      vertex 57.9561 18.0563 2.1
    endloop
  endfacet
  facet normal 0.99806 0.0622538 0
    outer loop
      vertex 57.9561 18.0563 1.6
      vertex 57.9637 17.9345 2.1
      vertex 57.9637 17.9345 1.6
    endloop
  endfacet
  facet normal 0.981002 0.193997 0
    outer loop
      vertex 57.9561 18.0563 2.1
      vertex 57.9332 18.1718 1.6
      vertex 57.9332 18.1718 2.1
    endloop
  endfacet
  facet normal 0.981002 0.193997 0
    outer loop
      vertex 57.9332 18.1718 1.6
      vertex 57.9561 18.0563 2.1
      vertex 57.9561 18.0563 1.6
    endloop
  endfacet
  facet normal 0.944265 0.329186 0
    outer loop
      vertex 57.9332 18.1718 2.1
      vertex 57.8952 18.281 1.6
      vertex 57.8952 18.281 2.1
    endloop
  endfacet
  facet normal 0.944265 0.329186 0
    outer loop
      vertex 57.8952 18.281 1.6
      vertex 57.9332 18.1718 2.1
      vertex 57.9332 18.1718 1.6
    endloop
  endfacet
  facet normal 0.887932 0.459975 0
    outer loop
      vertex 57.8952 18.281 2.1
      vertex 57.8419 18.3838 1.6
      vertex 57.8419 18.3838 2.1
    endloop
  endfacet
  facet normal 0.887932 0.459975 0
    outer loop
      vertex 57.8419 18.3838 1.6
      vertex 57.8952 18.281 2.1
      vertex 57.8952 18.281 1.6
    endloop
  endfacet
  facet normal 0.815429 0.578858 0
    outer loop
      vertex 57.8419 18.3838 2.1
      vertex 57.7734 18.4803 1.6
      vertex 57.7734 18.4803 2.1
    endloop
  endfacet
  facet normal 0.815429 0.578858 0
    outer loop
      vertex 57.7734 18.4803 1.6
      vertex 57.8419 18.3838 2.1
      vertex 57.8419 18.3838 1.6
    endloop
  endfacet
  facet normal 0.732851 0.680389 0
    outer loop
      vertex 57.7734 18.4803 2.1
      vertex 57.6897 18.5705 1.6
      vertex 57.6897 18.5705 2.1
    endloop
  endfacet
  facet normal 0.732851 0.680389 0
    outer loop
      vertex 57.6897 18.5705 1.6
      vertex 57.7734 18.4803 2.1
      vertex 57.7734 18.4803 1.6
    endloop
  endfacet
  facet normal 0.639537 0.768761 -0
    outer loop
      vertex 57.6897 18.5705 1.6
      vertex 57.5934 18.6505 2.1
      vertex 57.6897 18.5705 2.1
    endloop
  endfacet
  facet normal 0.639537 0.768761 0
    outer loop
      vertex 57.5934 18.6505 2.1
      vertex 57.6897 18.5705 1.6
      vertex 57.5934 18.6505 1.6
    endloop
  endfacet
  facet normal 0.525688 0.850677 -0
    outer loop
      vertex 57.5934 18.6505 1.6
      vertex 57.4874 18.716 2.1
      vertex 57.5934 18.6505 2.1
    endloop
  endfacet
  facet normal 0.525688 0.850677 0
    outer loop
      vertex 57.4874 18.716 2.1
      vertex 57.5934 18.6505 1.6
      vertex 57.4874 18.716 1.6
    endloop
  endfacet
  facet normal 0.402767 0.915303 -0
    outer loop
      vertex 57.4874 18.716 1.6
      vertex 57.3717 18.767 2.1
      vertex 57.4874 18.716 2.1
    endloop
  endfacet
  facet normal 0.402767 0.915303 0
    outer loop
      vertex 57.3717 18.767 2.1
      vertex 57.4874 18.716 1.6
      vertex 57.3717 18.767 1.6
    endloop
  endfacet
  facet normal 0.278296 0.960495 -0
    outer loop
      vertex 57.3717 18.767 1.6
      vertex 57.2461 18.8034 2.1
      vertex 57.3717 18.767 2.1
    endloop
  endfacet
  facet normal 0.278296 0.960495 0
    outer loop
      vertex 57.2461 18.8034 2.1
      vertex 57.3717 18.767 1.6
      vertex 57.2461 18.8034 1.6
    endloop
  endfacet
  facet normal 0.159288 0.987232 -0
    outer loop
      vertex 57.2461 18.8034 1.6
      vertex 57.1108 18.8252 2.1
      vertex 57.2461 18.8034 2.1
    endloop
  endfacet
  facet normal 0.159288 0.987232 0
    outer loop
      vertex 57.1108 18.8252 2.1
      vertex 57.2461 18.8034 1.6
      vertex 57.1108 18.8252 1.6
    endloop
  endfacet
  facet normal 0.0500948 0.998744 -0
    outer loop
      vertex 57.1108 18.8252 1.6
      vertex 56.9657 18.8325 2.1
      vertex 57.1108 18.8252 2.1
    endloop
  endfacet
  facet normal 0.0500948 0.998744 0
    outer loop
      vertex 56.9657 18.8325 2.1
      vertex 57.1108 18.8252 1.6
      vertex 56.9657 18.8325 1.6
    endloop
  endfacet
  facet normal -0.0492887 0.998785 0
    outer loop
      vertex 56.9657 18.8325 1.6
      vertex 56.8216 18.8254 2.1
      vertex 56.9657 18.8325 2.1
    endloop
  endfacet
  facet normal -0.0492887 0.998785 0
    outer loop
      vertex 56.8216 18.8254 2.1
      vertex 56.9657 18.8325 1.6
      vertex 56.8216 18.8254 1.6
    endloop
  endfacet
  facet normal -0.156931 0.98761 0
    outer loop
      vertex 56.8216 18.8254 1.6
      vertex 56.6873 18.804 2.1
      vertex 56.8216 18.8254 2.1
    endloop
  endfacet
  facet normal -0.156931 0.98761 0
    outer loop
      vertex 56.6873 18.804 2.1
      vertex 56.8216 18.8254 1.6
      vertex 56.6873 18.804 1.6
    endloop
  endfacet
  facet normal -0.274752 0.961515 0
    outer loop
      vertex 56.6873 18.804 1.6
      vertex 56.5629 18.7685 2.1
      vertex 56.6873 18.804 2.1
    endloop
  endfacet
  facet normal -0.274752 0.961515 0
    outer loop
      vertex 56.5629 18.7685 2.1
      vertex 56.6873 18.804 1.6
      vertex 56.5629 18.7685 1.6
    endloop
  endfacet
  facet normal -0.39844 0.917194 0
    outer loop
      vertex 56.5629 18.7685 1.6
      vertex 56.4483 18.7187 2.1
      vertex 56.5629 18.7685 2.1
    endloop
  endfacet
  facet normal -0.39844 0.917194 0
    outer loop
      vertex 56.4483 18.7187 2.1
      vertex 56.5629 18.7685 1.6
      vertex 56.4483 18.7187 1.6
    endloop
  endfacet
  facet normal -0.521425 0.853297 0
    outer loop
      vertex 56.4483 18.7187 1.6
      vertex 56.3436 18.6547 2.1
      vertex 56.4483 18.7187 2.1
    endloop
  endfacet
  facet normal -0.521425 0.853297 0
    outer loop
      vertex 56.3436 18.6547 2.1
      vertex 56.4483 18.7187 1.6
      vertex 56.3436 18.6547 1.6
    endloop
  endfacet
  facet normal -0.635916 0.771758 0
    outer loop
      vertex 56.3436 18.6547 1.6
      vertex 56.2487 18.5765 2.1
      vertex 56.3436 18.6547 2.1
    endloop
  endfacet
  facet normal -0.635916 0.771758 0
    outer loop
      vertex 56.2487 18.5765 2.1
      vertex 56.3436 18.6547 1.6
      vertex 56.2487 18.5765 1.6
    endloop
  endfacet
  facet normal -0.732248 0.681038 0
    outer loop
      vertex 56.1665 18.4881 1.6
      vertex 56.2487 18.5765 2.1
      vertex 56.2487 18.5765 1.6
    endloop
  endfacet
  facet normal -0.732248 0.681038 0
    outer loop
      vertex 56.2487 18.5765 2.1
      vertex 56.1665 18.4881 1.6
      vertex 56.1665 18.4881 2.1
    endloop
  endfacet
  facet normal -0.816372 0.577526 0
    outer loop
      vertex 56.0992 18.3931 1.6
      vertex 56.1665 18.4881 2.1
      vertex 56.1665 18.4881 1.6
    endloop
  endfacet
  facet normal -0.816372 0.577526 0
    outer loop
      vertex 56.1665 18.4881 2.1
      vertex 56.0992 18.3931 1.6
      vertex 56.0992 18.3931 2.1
    endloop
  endfacet
  facet normal -0.889467 0.456999 0
    outer loop
      vertex 56.0469 18.2912 1.6
      vertex 56.0992 18.3931 2.1
      vertex 56.0992 18.3931 1.6
    endloop
  endfacet
  facet normal -0.889467 0.456999 0
    outer loop
      vertex 56.0992 18.3931 2.1
      vertex 56.0469 18.2912 1.6
      vertex 56.0469 18.2912 2.1
    endloop
  endfacet
  facet normal -0.945568 0.325425 0
    outer loop
      vertex 56.0096 18.1827 1.6
      vertex 56.0469 18.2912 2.1
      vertex 56.0469 18.2912 1.6
    endloop
  endfacet
  facet normal -0.945568 0.325425 0
    outer loop
      vertex 56.0469 18.2912 2.1
      vertex 56.0096 18.1827 1.6
      vertex 56.0096 18.1827 2.1
    endloop
  endfacet
  facet normal -0.981607 0.190915 0
    outer loop
      vertex 55.9871 18.0675 1.6
      vertex 56.0096 18.1827 2.1
      vertex 56.0096 18.1827 1.6
    endloop
  endfacet
  facet normal -0.981607 0.190915 0
    outer loop
      vertex 56.0096 18.1827 2.1
      vertex 55.9871 18.0675 1.6
      vertex 55.9871 18.0675 2.1
    endloop
  endfacet
  facet normal -0.998126 0.0611888 0
    outer loop
      vertex 55.9797 17.9455 1.6
      vertex 55.9871 18.0675 2.1
      vertex 55.9871 18.0675 1.6
    endloop
  endfacet
  facet normal -0.998126 0.0611888 0
    outer loop
      vertex 55.9871 18.0675 2.1
      vertex 55.9797 17.9455 1.6
      vertex 55.9797 17.9455 2.1
    endloop
  endfacet
  facet normal -0.998999 -0.0447397 0
    outer loop
      vertex 55.9833 17.8647 1.6
      vertex 55.9797 17.9455 2.1
      vertex 55.9797 17.9455 1.6
    endloop
  endfacet
  facet normal -0.998999 -0.0447397 0
    outer loop
      vertex 55.9797 17.9455 2.1
      vertex 55.9833 17.8647 1.6
      vertex 55.9833 17.8647 2.1
    endloop
  endfacet
  facet normal -0.990227 -0.139469 0
    outer loop
      vertex 55.9941 17.7878 1.6
      vertex 55.9833 17.8647 2.1
      vertex 55.9833 17.8647 1.6
    endloop
  endfacet
  facet normal -0.990227 -0.139469 0
    outer loop
      vertex 55.9833 17.8647 2.1
      vertex 55.9941 17.7878 1.6
      vertex 55.9941 17.7878 2.1
    endloop
  endfacet
  facet normal -0.97083 -0.239769 0
    outer loop
      vertex 56.0122 17.7147 1.6
      vertex 55.9941 17.7878 2.1
      vertex 55.9941 17.7878 1.6
    endloop
  endfacet
  facet normal -0.97083 -0.239769 0
    outer loop
      vertex 55.9941 17.7878 2.1
      vertex 56.0122 17.7147 1.6
      vertex 56.0122 17.7147 2.1
    endloop
  endfacet
  facet normal -0.939339 -0.342989 0
    outer loop
      vertex 56.0374 17.6455 1.6
      vertex 56.0122 17.7147 2.1
      vertex 56.0122 17.7147 1.6
    endloop
  endfacet
  facet normal -0.939339 -0.342989 0
    outer loop
      vertex 56.0122 17.7147 2.1
      vertex 56.0374 17.6455 1.6
      vertex 56.0374 17.6455 2.1
    endloop
  endfacet
  facet normal -0.895636 -0.444788 0
    outer loop
      vertex 56.0699 17.5801 1.6
      vertex 56.0374 17.6455 2.1
      vertex 56.0374 17.6455 1.6
    endloop
  endfacet
  facet normal -0.895636 -0.444788 0
    outer loop
      vertex 56.0374 17.6455 2.1
      vertex 56.0699 17.5801 1.6
      vertex 56.0699 17.5801 2.1
    endloop
  endfacet
  facet normal -0.840284 -0.542146 0
    outer loop
      vertex 56.1097 17.5185 1.6
      vertex 56.0699 17.5801 2.1
      vertex 56.0699 17.5801 1.6
    endloop
  endfacet
  facet normal -0.840284 -0.542146 0
    outer loop
      vertex 56.0699 17.5801 2.1
      vertex 56.1097 17.5185 1.6
      vertex 56.1097 17.5185 2.1
    endloop
  endfacet
  facet normal -0.770429 -0.637526 0
    outer loop
      vertex 56.1569 17.4614 1.6
      vertex 56.1097 17.5185 2.1
      vertex 56.1097 17.5185 1.6
    endloop
  endfacet
  facet normal -0.770429 -0.637526 0
    outer loop
      vertex 56.1097 17.5185 2.1
      vertex 56.1569 17.4614 1.6
      vertex 56.1569 17.4614 2.1
    endloop
  endfacet
  facet normal -0.690461 -0.723369 0
    outer loop
      vertex 56.1569 17.4614 1.6
      vertex 56.2119 17.4089 2.1
      vertex 56.1569 17.4614 2.1
    endloop
  endfacet
  facet normal -0.690461 -0.723369 -0
    outer loop
      vertex 56.2119 17.4089 2.1
      vertex 56.1569 17.4614 1.6
      vertex 56.2119 17.4089 1.6
    endloop
  endfacet
  facet normal -0.606962 -0.794731 0
    outer loop
      vertex 56.2119 17.4089 1.6
      vertex 56.2747 17.361 2.1
      vertex 56.2119 17.4089 2.1
    endloop
  endfacet
  facet normal -0.606962 -0.794731 -0
    outer loop
      vertex 56.2747 17.361 2.1
      vertex 56.2119 17.4089 1.6
      vertex 56.2747 17.361 1.6
    endloop
  endfacet
  facet normal -0.523892 -0.851785 0
    outer loop
      vertex 56.2747 17.361 1.6
      vertex 56.3452 17.3176 2.1
      vertex 56.2747 17.361 2.1
    endloop
  endfacet
  facet normal -0.523892 -0.851785 -0
    outer loop
      vertex 56.3452 17.3176 2.1
      vertex 56.2747 17.361 1.6
      vertex 56.3452 17.3176 1.6
    endloop
  endfacet
  facet normal -0.44414 -0.895958 0
    outer loop
      vertex 56.3452 17.3176 1.6
      vertex 56.4236 17.2788 2.1
      vertex 56.3452 17.3176 2.1
    endloop
  endfacet
  facet normal -0.44414 -0.895958 -0
    outer loop
      vertex 56.4236 17.2788 2.1
      vertex 56.3452 17.3176 1.6
      vertex 56.4236 17.2788 1.6
    endloop
  endfacet
  facet normal -0.3698 -0.929111 0
    outer loop
      vertex 56.4236 17.2788 1.6
      vertex 56.5097 17.2445 2.1
      vertex 56.4236 17.2788 2.1
    endloop
  endfacet
  facet normal -0.3698 -0.929111 -0
    outer loop
      vertex 56.5097 17.2445 2.1
      vertex 56.4236 17.2788 1.6
      vertex 56.5097 17.2445 1.6
    endloop
  endfacet
  facet normal -0.305494 0.952194 0
    outer loop
      vertex 56.5097 17.2445 1.6
      vertex 56.4084 17.212 2.1
      vertex 56.5097 17.2445 2.1
    endloop
  endfacet
  facet normal -0.305494 0.952194 0
    outer loop
      vertex 56.4084 17.212 2.1
      vertex 56.5097 17.2445 1.6
      vertex 56.4084 17.212 1.6
    endloop
  endfacet
  facet normal -0.401125 0.916023 0
    outer loop
      vertex 56.4084 17.212 1.6
      vertex 56.3151 17.1712 2.1
      vertex 56.4084 17.212 2.1
    endloop
  endfacet
  facet normal -0.401125 0.916023 0
    outer loop
      vertex 56.3151 17.1712 2.1
      vertex 56.4084 17.212 1.6
      vertex 56.3151 17.1712 1.6
    endloop
  endfacet
  facet normal -0.499776 0.866155 0
    outer loop
      vertex 56.3151 17.1712 1.6
      vertex 56.2299 17.122 2.1
      vertex 56.3151 17.1712 2.1
    endloop
  endfacet
  facet normal -0.499776 0.866155 0
    outer loop
      vertex 56.2299 17.122 2.1
      vertex 56.3151 17.1712 1.6
      vertex 56.2299 17.122 1.6
    endloop
  endfacet
  facet normal -0.597637 0.801767 0
    outer loop
      vertex 56.2299 17.122 1.6
      vertex 56.1528 17.0645 2.1
      vertex 56.2299 17.122 2.1
    endloop
  endfacet
  facet normal -0.597637 0.801767 0
    outer loop
      vertex 56.1528 17.0645 2.1
      vertex 56.2299 17.122 1.6
      vertex 56.1528 17.0645 1.6
    endloop
  endfacet
  facet normal -0.689871 0.723933 0
    outer loop
      vertex 56.1528 17.0645 1.6
      vertex 56.0837 16.9987 2.1
      vertex 56.1528 17.0645 2.1
    endloop
  endfacet
  facet normal -0.689871 0.723933 0
    outer loop
      vertex 56.0837 16.9987 2.1
      vertex 56.1528 17.0645 1.6
      vertex 56.0837 16.9987 1.6
    endloop
  endfacet
  facet normal -0.772114 0.635484 0
    outer loop
      vertex 56.0227 16.9245 1.6
      vertex 56.0837 16.9987 2.1
      vertex 56.0837 16.9987 1.6
    endloop
  endfacet
  facet normal -0.772114 0.635484 0
    outer loop
      vertex 56.0837 16.9987 2.1
      vertex 56.0227 16.9245 1.6
      vertex 56.0227 16.9245 2.1
    endloop
  endfacet
  facet normal -0.841813 0.539769 0
    outer loop
      vertex 55.9704 16.843 1.6
      vertex 56.0227 16.9245 2.1
      vertex 56.0227 16.9245 1.6
    endloop
  endfacet
  facet normal -0.841813 0.539769 0
    outer loop
      vertex 56.0227 16.9245 2.1
      vertex 55.9704 16.843 1.6
      vertex 55.9704 16.843 2.1
    endloop
  endfacet
  facet normal -0.898976 0.437999 0
    outer loop
      vertex 55.9277 16.7553 1.6
      vertex 55.9704 16.843 2.1
      vertex 55.9704 16.843 1.6
    endloop
  endfacet
  facet normal -0.898976 0.437999 0
    outer loop
      vertex 55.9704 16.843 2.1
      vertex 55.9277 16.7553 1.6
      vertex 55.9277 16.7553 2.1
    endloop
  endfacet
  facet normal -0.94279 0.333388 0
    outer loop
      vertex 55.8944 16.6613 1.6
      vertex 55.9277 16.7553 2.1
      vertex 55.9277 16.7553 1.6
    endloop
  endfacet
  facet normal -0.94279 0.333388 0
    outer loop
      vertex 55.9277 16.7553 2.1
      vertex 55.8944 16.6613 1.6
      vertex 55.8944 16.6613 2.1
    endloop
  endfacet
  facet normal -0.973106 0.230359 0
    outer loop
      vertex 55.8707 16.561 1.6
      vertex 55.8944 16.6613 2.1
      vertex 55.8944 16.6613 1.6
    endloop
  endfacet
  facet normal -0.973106 0.230359 0
    outer loop
      vertex 55.8944 16.6613 2.1
      vertex 55.8707 16.561 1.6
      vertex 55.8707 16.561 2.1
    endloop
  endfacet
  facet normal -0.991178 0.132536 0
    outer loop
      vertex 55.8564 16.4544 1.6
      vertex 55.8707 16.561 2.1
      vertex 55.8707 16.561 1.6
    endloop
  endfacet
  facet normal -0.991178 0.132536 0
    outer loop
      vertex 55.8707 16.561 2.1
      vertex 55.8564 16.4544 1.6
      vertex 55.8564 16.4544 2.1
    endloop
  endfacet
  facet normal -0.999112 0.0421418 0
    outer loop
      vertex 55.8517 16.3415 1.6
      vertex 55.8564 16.4544 2.1
      vertex 55.8564 16.4544 1.6
    endloop
  endfacet
  facet normal -0.999112 0.0421418 0
    outer loop
      vertex 55.8564 16.4544 2.1
      vertex 55.8517 16.3415 1.6
      vertex 55.8517 16.3415 2.1
    endloop
  endfacet
  facet normal -0.998405 -0.0564565 0
    outer loop
      vertex 55.8602 16.1901 1.6
      vertex 55.8517 16.3415 2.1
      vertex 55.8517 16.3415 1.6
    endloop
  endfacet
  facet normal -0.998405 -0.0564565 0
    outer loop
      vertex 55.8517 16.3415 2.1
      vertex 55.8602 16.1901 1.6
      vertex 55.8602 16.1901 2.1
    endloop
  endfacet
  facet normal -0.984238 -0.176849 0
    outer loop
      vertex 55.8859 16.0473 1.6
      vertex 55.8602 16.1901 2.1
      vertex 55.8602 16.1901 1.6
    endloop
  endfacet
  facet normal -0.984238 -0.176849 0
    outer loop
      vertex 55.8602 16.1901 2.1
      vertex 55.8859 16.0473 1.6
      vertex 55.8859 16.0473 2.1
    endloop
  endfacet
  facet normal -0.952801 -0.303597 0
    outer loop
      vertex 55.9287 15.913 1.6
      vertex 55.8859 16.0473 2.1
      vertex 55.8859 16.0473 1.6
    endloop
  endfacet
  facet normal -0.952801 -0.303597 0
    outer loop
      vertex 55.8859 16.0473 2.1
      vertex 55.9287 15.913 1.6
      vertex 55.9287 15.913 2.1
    endloop
  endfacet
  facet normal -0.90279 -0.430082 0
    outer loop
      vertex 55.9886 15.7873 1.6
      vertex 55.9287 15.913 2.1
      vertex 55.9287 15.913 1.6
    endloop
  endfacet
  facet normal -0.90279 -0.430082 0
    outer loop
      vertex 55.9287 15.913 2.1
      vertex 55.9886 15.7873 1.6
      vertex 55.9886 15.7873 2.1
    endloop
  endfacet
  facet normal -0.835715 -0.549163 0
    outer loop
      vertex 56.0656 15.6701 1.6
      vertex 55.9886 15.7873 2.1
      vertex 55.9886 15.7873 1.6
    endloop
  endfacet
  facet normal -0.835715 -0.549163 0
    outer loop
      vertex 55.9886 15.7873 2.1
      vertex 56.0656 15.6701 1.6
      vertex 56.0656 15.6701 2.1
    endloop
  endfacet
  facet normal -0.755738 -0.654874 0
    outer loop
      vertex 56.1597 15.5615 1.6
      vertex 56.0656 15.6701 2.1
      vertex 56.0656 15.6701 1.6
    endloop
  endfacet
  facet normal -0.755738 -0.654874 0
    outer loop
      vertex 56.0656 15.6701 2.1
      vertex 56.1597 15.5615 1.6
      vertex 56.1597 15.5615 2.1
    endloop
  endfacet
  facet normal -0.66166 -0.749804 0
    outer loop
      vertex 56.1597 15.5615 1.6
      vertex 56.2681 15.4659 2.1
      vertex 56.1597 15.5615 2.1
    endloop
  endfacet
  facet normal -0.66166 -0.749804 -0
    outer loop
      vertex 56.2681 15.4659 2.1
      vertex 56.1597 15.5615 1.6
      vertex 56.2681 15.4659 1.6
    endloop
  endfacet
  facet normal -0.548857 -0.835916 0
    outer loop
      vertex 56.2681 15.4659 1.6
      vertex 56.3872 15.3876 2.1
      vertex 56.2681 15.4659 2.1
    endloop
  endfacet
  facet normal -0.548857 -0.835916 -0
    outer loop
      vertex 56.3872 15.3876 2.1
      vertex 56.2681 15.4659 1.6
      vertex 56.3872 15.3876 1.6
    endloop
  endfacet
  facet normal -0.424183 -0.905576 0
    outer loop
      vertex 56.3872 15.3876 1.6
      vertex 56.5172 15.3268 2.1
      vertex 56.3872 15.3876 2.1
    endloop
  endfacet
  facet normal -0.424183 -0.905576 -0
    outer loop
      vertex 56.5172 15.3268 2.1
      vertex 56.3872 15.3876 1.6
      vertex 56.5172 15.3268 1.6
    endloop
  endfacet
  facet normal -0.29517 -0.955445 0
    outer loop
      vertex 56.5172 15.3268 1.6
      vertex 56.6579 15.2833 2.1
      vertex 56.5172 15.3268 2.1
    endloop
  endfacet
  facet normal -0.29517 -0.955445 -0
    outer loop
      vertex 56.6579 15.2833 2.1
      vertex 56.5172 15.3268 1.6
      vertex 56.6579 15.2833 1.6
    endloop
  endfacet
  facet normal -0.169628 -0.985508 0
    outer loop
      vertex 56.6579 15.2833 1.6
      vertex 56.8094 15.2572 2.1
      vertex 56.6579 15.2833 2.1
    endloop
  endfacet
  facet normal -0.169628 -0.985508 -0
    outer loop
      vertex 56.8094 15.2572 2.1
      vertex 56.6579 15.2833 1.6
      vertex 56.8094 15.2572 1.6
    endloop
  endfacet
  facet normal -0.0535198 -0.998567 0
    outer loop
      vertex 56.8094 15.2572 1.6
      vertex 56.9717 15.2485 2.1
      vertex 56.8094 15.2572 2.1
    endloop
  endfacet
  facet normal -0.0535198 -0.998567 -0
    outer loop
      vertex 56.9717 15.2485 2.1
      vertex 56.8094 15.2572 1.6
      vertex 56.9717 15.2485 1.6
    endloop
  endfacet
  facet normal 0.0531553 -0.998586 0
    outer loop
      vertex 56.9717 15.2485 1.6
      vertex 57.1339 15.2571 2.1
      vertex 56.9717 15.2485 2.1
    endloop
  endfacet
  facet normal 0.0531553 -0.998586 0
    outer loop
      vertex 57.1339 15.2571 2.1
      vertex 56.9717 15.2485 1.6
      vertex 57.1339 15.2571 1.6
    endloop
  endfacet
  facet normal 0.150633 0.98859 -0
    outer loop
      vertex 56.8885 17.4286 1.6
      vertex 56.8081 17.4408 2.1
      vertex 56.8885 17.4286 2.1
    endloop
  endfacet
  facet normal 0.150633 0.98859 0
    outer loop
      vertex 56.8081 17.4408 2.1
      vertex 56.8885 17.4286 1.6
      vertex 56.8081 17.4408 1.6
    endloop
  endfacet
  facet normal 0.270394 0.96275 -0
    outer loop
      vertex 56.8081 17.4408 1.6
      vertex 56.7354 17.4612 2.1
      vertex 56.8081 17.4408 2.1
    endloop
  endfacet
  facet normal 0.270394 0.96275 0
    outer loop
      vertex 56.7354 17.4612 2.1
      vertex 56.8081 17.4408 1.6
      vertex 56.7354 17.4612 1.6
    endloop
  endfacet
  facet normal 0.402645 0.915356 -0
    outer loop
      vertex 56.7354 17.4612 1.6
      vertex 56.6704 17.4898 2.1
      vertex 56.7354 17.4612 2.1
    endloop
  endfacet
  facet normal 0.402645 0.915356 0
    outer loop
      vertex 56.6704 17.4898 2.1
      vertex 56.7354 17.4612 1.6
      vertex 56.6704 17.4898 1.6
    endloop
  endfacet
  facet normal 0.540281 0.841484 -0
    outer loop
      vertex 56.6704 17.4898 1.6
      vertex 56.6132 17.5266 2.1
      vertex 56.6704 17.4898 2.1
    endloop
  endfacet
  facet normal 0.540281 0.841484 0
    outer loop
      vertex 56.6132 17.5266 2.1
      vertex 56.6704 17.4898 1.6
      vertex 56.6132 17.5266 1.6
    endloop
  endfacet
  facet normal 0.671684 0.740838 -0
    outer loop
      vertex 56.6132 17.5266 1.6
      vertex 56.5637 17.5715 2.1
      vertex 56.6132 17.5266 2.1
    endloop
  endfacet
  facet normal 0.671684 0.740838 0
    outer loop
      vertex 56.5637 17.5715 2.1
      vertex 56.6132 17.5266 1.6
      vertex 56.5637 17.5715 1.6
    endloop
  endfacet
  facet normal 0.777363 0.629052 0
    outer loop
      vertex 56.5637 17.5715 2.1
      vertex 56.5221 17.6228 1.6
      vertex 56.5221 17.6228 2.1
    endloop
  endfacet
  facet normal 0.777363 0.629052 0
    outer loop
      vertex 56.5221 17.6228 1.6
      vertex 56.5637 17.5715 2.1
      vertex 56.5637 17.5715 1.6
    endloop
  endfacet
  facet normal 0.854706 0.519112 0
    outer loop
      vertex 56.5221 17.6228 2.1
      vertex 56.4881 17.6788 1.6
      vertex 56.4881 17.6788 2.1
    endloop
  endfacet
  facet normal 0.854706 0.519112 0
    outer loop
      vertex 56.4881 17.6788 1.6
      vertex 56.5221 17.6228 2.1
      vertex 56.5221 17.6228 1.6
    endloop
  endfacet
  facet normal 0.91667 0.399645 0
    outer loop
      vertex 56.4881 17.6788 2.1
      vertex 56.4617 17.7395 1.6
      vertex 56.4617 17.7395 2.1
    endloop
  endfacet
  facet normal 0.91667 0.399645 0
    outer loop
      vertex 56.4617 17.7395 1.6
      vertex 56.4881 17.6788 2.1
      vertex 56.4881 17.6788 1.6
    endloop
  endfacet
  facet normal 0.960656 0.277742 0
    outer loop
      vertex 56.4617 17.7395 2.1
      vertex 56.4428 17.8048 1.6
      vertex 56.4428 17.8048 2.1
    endloop
  endfacet
  facet normal 0.960656 0.277742 0
    outer loop
      vertex 56.4428 17.8048 1.6
      vertex 56.4617 17.7395 2.1
      vertex 56.4617 17.7395 1.6
    endloop
  endfacet
  facet normal 0.987173 0.159652 0
    outer loop
      vertex 56.4428 17.8048 2.1
      vertex 56.4314 17.8748 1.6
      vertex 56.4314 17.8748 2.1
    endloop
  endfacet
  facet normal 0.987173 0.159652 0
    outer loop
      vertex 56.4314 17.8748 1.6
      vertex 56.4428 17.8048 2.1
      vertex 56.4428 17.8048 1.6
    endloop
  endfacet
  facet normal 0.998718 0.0506197 0
    outer loop
      vertex 56.4314 17.8748 2.1
      vertex 56.4277 17.9495 1.6
      vertex 56.4277 17.9495 2.1
    endloop
  endfacet
  facet normal 0.998718 0.0506197 0
    outer loop
      vertex 56.4277 17.9495 1.6
      vertex 56.4314 17.8748 2.1
      vertex 56.4314 17.8748 1.6
    endloop
  endfacet
  facet normal 0.998331 -0.0577584 0
    outer loop
      vertex 56.4277 17.9495 2.1
      vertex 56.4315 18.0162 1.6
      vertex 56.4315 18.0162 2.1
    endloop
  endfacet
  facet normal 0.998331 -0.0577584 0
    outer loop
      vertex 56.4315 18.0162 1.6
      vertex 56.4277 17.9495 2.1
      vertex 56.4277 17.9495 1.6
    endloop
  endfacet
  facet normal 0.983768 -0.179447 0
    outer loop
      vertex 56.4315 18.0162 2.1
      vertex 56.4431 18.0797 1.6
      vertex 56.4431 18.0797 2.1
    endloop
  endfacet
  facet normal 0.983768 -0.179447 0
    outer loop
      vertex 56.4431 18.0797 1.6
      vertex 56.4315 18.0162 2.1
      vertex 56.4315 18.0162 1.6
    endloop
  endfacet
  facet normal 0.952307 -0.305143 0
    outer loop
      vertex 56.4431 18.0797 2.1
      vertex 56.4624 18.14 1.6
      vertex 56.4624 18.14 2.1
    endloop
  endfacet
  facet normal 0.952307 -0.305143 0
    outer loop
      vertex 56.4624 18.14 1.6
      vertex 56.4431 18.0797 2.1
      vertex 56.4431 18.0797 1.6
    endloop
  endfacet
  facet normal 0.903748 -0.428066 0
    outer loop
      vertex 56.4624 18.14 2.1
      vertex 56.4894 18.1971 1.6
      vertex 56.4894 18.1971 2.1
    endloop
  endfacet
  facet normal 0.903748 -0.428066 0
    outer loop
      vertex 56.4894 18.1971 1.6
      vertex 56.4624 18.14 2.1
      vertex 56.4624 18.14 1.6
    endloop
  endfacet
  facet normal 0.840202 -0.542273 0
    outer loop
      vertex 56.4894 18.1971 2.1
      vertex 56.5242 18.2509 1.6
      vertex 56.5242 18.2509 2.1
    endloop
  endfacet
  facet normal 0.840202 -0.542273 0
    outer loop
      vertex 56.5242 18.2509 1.6
      vertex 56.4894 18.1971 2.1
      vertex 56.4894 18.1971 1.6
    endloop
  endfacet
  facet normal 0.765964 -0.642883 0
    outer loop
      vertex 56.5242 18.2509 2.1
      vertex 56.5667 18.3015 1.6
      vertex 56.5667 18.3015 2.1
    endloop
  endfacet
  facet normal 0.765964 -0.642883 0
    outer loop
      vertex 56.5667 18.3015 1.6
      vertex 56.5242 18.2509 2.1
      vertex 56.5242 18.2509 1.6
    endloop
  endfacet
  facet normal 0.669304 -0.742989 0
    outer loop
      vertex 56.5667 18.3015 1.6
      vertex 56.6165 18.3464 2.1
      vertex 56.5667 18.3015 2.1
    endloop
  endfacet
  facet normal 0.669304 -0.742989 0
    outer loop
      vertex 56.6165 18.3464 2.1
      vertex 56.5667 18.3015 1.6
      vertex 56.6165 18.3464 1.6
    endloop
  endfacet
  facet normal 0.542532 -0.840035 0
    outer loop
      vertex 56.6165 18.3464 1.6
      vertex 56.6734 18.3832 2.1
      vertex 56.6165 18.3464 2.1
    endloop
  endfacet
  facet normal 0.542532 -0.840035 0
    outer loop
      vertex 56.6734 18.3832 2.1
      vertex 56.6165 18.3464 1.6
      vertex 56.6734 18.3832 1.6
    endloop
  endfacet
  facet normal 0.407855 -0.913047 0
    outer loop
      vertex 56.6734 18.3832 1.6
      vertex 56.7374 18.4117 2.1
      vertex 56.6734 18.3832 2.1
    endloop
  endfacet
  facet normal 0.407855 -0.913047 0
    outer loop
      vertex 56.7374 18.4117 2.1
      vertex 56.6734 18.3832 1.6
      vertex 56.7374 18.4117 1.6
    endloop
  endfacet
  facet normal 0.276248 -0.961086 0
    outer loop
      vertex 56.7374 18.4117 1.6
      vertex 56.8084 18.4322 2.1
      vertex 56.7374 18.4117 2.1
    endloop
  endfacet
  facet normal 0.276248 -0.961086 0
    outer loop
      vertex 56.8084 18.4322 2.1
      vertex 56.7374 18.4117 1.6
      vertex 56.8084 18.4322 1.6
    endloop
  endfacet
  facet normal 0.155031 -0.98791 0
    outer loop
      vertex 56.8084 18.4322 1.6
      vertex 56.8865 18.4444 2.1
      vertex 56.8084 18.4322 2.1
    endloop
  endfacet
  facet normal 0.155031 -0.98791 0
    outer loop
      vertex 56.8865 18.4444 2.1
      vertex 56.8084 18.4322 1.6
      vertex 56.8865 18.4444 1.6
    endloop
  endfacet
  facet normal 0.0477948 -0.998857 0
    outer loop
      vertex 56.8865 18.4444 1.6
      vertex 56.9717 18.4485 2.1
      vertex 56.8865 18.4444 2.1
    endloop
  endfacet
  facet normal 0.0477948 -0.998857 0
    outer loop
      vertex 56.9717 18.4485 2.1
      vertex 56.8865 18.4444 1.6
      vertex 56.9717 18.4485 1.6
    endloop
  endfacet
  facet normal -0.0493892 -0.99878 0
    outer loop
      vertex 56.9717 18.4485 1.6
      vertex 57.0562 18.4443 2.1
      vertex 56.9717 18.4485 2.1
    endloop
  endfacet
  facet normal -0.0493892 -0.99878 -0
    outer loop
      vertex 57.0562 18.4443 2.1
      vertex 56.9717 18.4485 1.6
      vertex 57.0562 18.4443 1.6
    endloop
  endfacet
  facet normal -0.159995 -0.987118 0
    outer loop
      vertex 57.0562 18.4443 1.6
      vertex 57.1339 18.4317 2.1
      vertex 57.0562 18.4443 2.1
    endloop
  endfacet
  facet normal -0.159995 -0.987118 -0
    outer loop
      vertex 57.1339 18.4317 2.1
      vertex 57.0562 18.4443 1.6
      vertex 57.1339 18.4317 1.6
    endloop
  endfacet
  facet normal -0.28418 -0.958771 0
    outer loop
      vertex 57.1339 18.4317 1.6
      vertex 57.2047 18.4107 2.1
      vertex 57.1339 18.4317 2.1
    endloop
  endfacet
  facet normal -0.28418 -0.958771 -0
    outer loop
      vertex 57.2047 18.4107 2.1
      vertex 57.1339 18.4317 1.6
      vertex 57.2047 18.4107 1.6
    endloop
  endfacet
  facet normal -0.417544 -0.908657 0
    outer loop
      vertex 57.2047 18.4107 1.6
      vertex 57.2686 18.3814 2.1
      vertex 57.2047 18.4107 2.1
    endloop
  endfacet
  facet normal -0.417544 -0.908657 -0
    outer loop
      vertex 57.2686 18.3814 2.1
      vertex 57.2047 18.4107 1.6
      vertex 57.2686 18.3814 1.6
    endloop
  endfacet
  facet normal -0.552225 -0.833695 0
    outer loop
      vertex 57.2686 18.3814 1.6
      vertex 57.3255 18.3436 2.1
      vertex 57.2686 18.3814 2.1
    endloop
  endfacet
  facet normal -0.552225 -0.833695 -0
    outer loop
      vertex 57.3255 18.3436 2.1
      vertex 57.2686 18.3814 1.6
      vertex 57.3255 18.3436 1.6
    endloop
  endfacet
  facet normal -0.677386 -0.735627 0
    outer loop
      vertex 57.3255 18.3436 1.6
      vertex 57.3757 18.2975 2.1
      vertex 57.3255 18.3436 2.1
    endloop
  endfacet
  facet normal -0.677386 -0.735627 -0
    outer loop
      vertex 57.3757 18.2975 2.1
      vertex 57.3255 18.3436 1.6
      vertex 57.3757 18.2975 1.6
    endloop
  endfacet
  facet normal -0.771852 -0.635803 0
    outer loop
      vertex 57.4184 18.2455 1.6
      vertex 57.3757 18.2975 2.1
      vertex 57.3757 18.2975 1.6
    endloop
  endfacet
  facet normal -0.771852 -0.635803 0
    outer loop
      vertex 57.3757 18.2975 2.1
      vertex 57.4184 18.2455 1.6
      vertex 57.4184 18.2455 2.1
    endloop
  endfacet
  facet normal -0.847256 -0.531185 0
    outer loop
      vertex 57.4534 18.1897 1.6
      vertex 57.4184 18.2455 2.1
      vertex 57.4184 18.2455 1.6
    endloop
  endfacet
  facet normal -0.847256 -0.531185 0
    outer loop
      vertex 57.4184 18.2455 2.1
      vertex 57.4534 18.1897 1.6
      vertex 57.4534 18.1897 2.1
    endloop
  endfacet
  facet normal -0.909936 -0.414749 0
    outer loop
      vertex 57.4807 18.13 1.6
      vertex 57.4534 18.1897 2.1
      vertex 57.4534 18.1897 1.6
    endloop
  endfacet
  facet normal -0.909936 -0.414749 0
    outer loop
      vertex 57.4534 18.1897 2.1
      vertex 57.4807 18.13 1.6
      vertex 57.4807 18.13 2.1
    endloop
  endfacet
  facet normal -0.956343 -0.292248 0
    outer loop
      vertex 57.5001 18.0664 1.6
      vertex 57.4807 18.13 2.1
      vertex 57.4807 18.13 1.6
    endloop
  endfacet
  facet normal -0.956343 -0.292248 0
    outer loop
      vertex 57.4807 18.13 2.1
      vertex 57.5001 18.0664 1.6
      vertex 57.5001 18.0664 2.1
    endloop
  endfacet
  facet normal -0.985407 -0.170213 0
    outer loop
      vertex 57.5118 17.9989 1.6
      vertex 57.5001 18.0664 2.1
      vertex 57.5001 18.0664 1.6
    endloop
  endfacet
  facet normal -0.985407 -0.170213 0
    outer loop
      vertex 57.5001 18.0664 2.1
      vertex 57.5118 17.9989 1.6
      vertex 57.5118 17.9989 2.1
    endloop
  endfacet
  facet normal -0.998518 -0.0544181 0
    outer loop
      vertex 57.5157 17.9275 1.6
      vertex 57.5118 17.9989 2.1
      vertex 57.5118 17.9989 1.6
    endloop
  endfacet
  facet normal -0.998518 -0.0544181 0
    outer loop
      vertex 57.5118 17.9989 2.1
      vertex 57.5157 17.9275 1.6
      vertex 57.5157 17.9275 2.1
    endloop
  endfacet
  facet normal -0.998491 0.0549159 0
    outer loop
      vertex 57.5119 17.859 1.6
      vertex 57.5157 17.9275 2.1
      vertex 57.5157 17.9275 1.6
    endloop
  endfacet
  facet normal -0.998491 0.0549159 0
    outer loop
      vertex 57.5157 17.9275 2.1
      vertex 57.5119 17.859 1.6
      vertex 57.5119 17.859 2.1
    endloop
  endfacet
  facet normal -0.985087 0.172055 0
    outer loop
      vertex 57.5005 17.7941 1.6
      vertex 57.5119 17.859 2.1
      vertex 57.5119 17.859 1.6
    endloop
  endfacet
  facet normal -0.985087 0.172055 0
    outer loop
      vertex 57.5119 17.859 2.1
      vertex 57.5005 17.7941 1.6
      vertex 57.5005 17.7941 2.1
    endloop
  endfacet
  facet normal -0.955666 0.294454 0
    outer loop
      vertex 57.4817 17.7327 1.6
      vertex 57.5005 17.7941 2.1
      vertex 57.5005 17.7941 1.6
    endloop
  endfacet
  facet normal -0.955666 0.294454 0
    outer loop
      vertex 57.5005 17.7941 2.1
      vertex 57.4817 17.7327 1.6
      vertex 57.4817 17.7327 2.1
    endloop
  endfacet
  facet normal -0.909061 0.416663 0
    outer loop
      vertex 57.4552 17.675 1.6
      vertex 57.4817 17.7327 2.1
      vertex 57.4817 17.7327 1.6
    endloop
  endfacet
  facet normal -0.909061 0.416663 0
    outer loop
      vertex 57.4817 17.7327 2.1
      vertex 57.4552 17.675 1.6
      vertex 57.4552 17.675 2.1
    endloop
  endfacet
  facet normal -0.8466 0.53223 0
    outer loop
      vertex 57.4212 17.621 1.6
      vertex 57.4552 17.675 2.1
      vertex 57.4552 17.675 1.6
    endloop
  endfacet
  facet normal -0.8466 0.53223 0
    outer loop
      vertex 57.4552 17.675 2.1
      vertex 57.4212 17.621 1.6
      vertex 57.4212 17.621 2.1
    endloop
  endfacet
  facet normal -0.771957 0.635675 0
    outer loop
      vertex 57.3797 17.5705 1.6
      vertex 57.4212 17.621 2.1
      vertex 57.4212 17.621 1.6
    endloop
  endfacet
  facet normal -0.771957 0.635675 0
    outer loop
      vertex 57.4212 17.621 2.1
      vertex 57.3797 17.5705 1.6
      vertex 57.3797 17.5705 2.1
    endloop
  endfacet
  facet normal -0.675589 0.737279 0
    outer loop
      vertex 57.3797 17.5705 1.6
      vertex 57.331 17.5259 2.1
      vertex 57.3797 17.5705 2.1
    endloop
  endfacet
  facet normal -0.675589 0.737279 0
    outer loop
      vertex 57.331 17.5259 2.1
      vertex 57.3797 17.5705 1.6
      vertex 57.331 17.5259 1.6
    endloop
  endfacet
  facet normal -0.545509 0.838105 0
    outer loop
      vertex 57.331 17.5259 1.6
      vertex 57.2749 17.4894 2.1
      vertex 57.331 17.5259 2.1
    endloop
  endfacet
  facet normal -0.545509 0.838105 0
    outer loop
      vertex 57.2749 17.4894 2.1
      vertex 57.331 17.5259 1.6
      vertex 57.2749 17.4894 1.6
    endloop
  endfacet
  facet normal -0.408174 0.912904 0
    outer loop
      vertex 57.2749 17.4894 1.6
      vertex 57.2114 17.461 2.1
      vertex 57.2749 17.4894 2.1
    endloop
  endfacet
  facet normal -0.408174 0.912904 0
    outer loop
      vertex 57.2114 17.461 2.1
      vertex 57.2749 17.4894 1.6
      vertex 57.2114 17.461 1.6
    endloop
  endfacet
  facet normal -0.275131 0.961407 0
    outer loop
      vertex 57.2114 17.461 1.6
      vertex 57.1405 17.4407 2.1
      vertex 57.2114 17.461 2.1
    endloop
  endfacet
  facet normal -0.275131 0.961407 0
    outer loop
      vertex 57.1405 17.4407 2.1
      vertex 57.2114 17.461 1.6
      vertex 57.1405 17.4407 1.6
    endloop
  endfacet
  facet normal -0.153766 0.988107 0
    outer loop
      vertex 57.1405 17.4407 1.6
      vertex 57.0623 17.4285 2.1
      vertex 57.1405 17.4407 2.1
    endloop
  endfacet
  facet normal -0.153766 0.988107 0
    outer loop
      vertex 57.0623 17.4285 2.1
      vertex 57.1405 17.4407 1.6
      vertex 57.0623 17.4285 1.6
    endloop
  endfacet
  facet normal -0.0471593 0.998887 0
    outer loop
      vertex 57.0623 17.4285 1.6
      vertex 56.9767 17.4245 2.1
      vertex 57.0623 17.4285 2.1
    endloop
  endfacet
  facet normal -0.0471593 0.998887 0
    outer loop
      vertex 56.9767 17.4245 2.1
      vertex 57.0623 17.4285 1.6
      vertex 56.9767 17.4245 1.6
    endloop
  endfacet
  facet normal 0.0461765 0.998933 -0
    outer loop
      vertex 56.9767 17.4245 1.6
      vertex 56.8885 17.4286 2.1
      vertex 56.9767 17.4245 2.1
    endloop
  endfacet
  facet normal 0.0461765 0.998933 0
    outer loop
      vertex 56.8885 17.4286 2.1
      vertex 56.9767 17.4245 1.6
      vertex 56.8885 17.4286 1.6
    endloop
  endfacet
  facet normal 0.125218 0.992129 -0
    outer loop
      vertex 56.9129 15.6351 1.6
      vertex 56.8514 15.6428 2.1
      vertex 56.9129 15.6351 2.1
    endloop
  endfacet
  facet normal 0.125218 0.992129 0
    outer loop
      vertex 56.8514 15.6428 2.1
      vertex 56.9129 15.6351 1.6
      vertex 56.8514 15.6428 1.6
    endloop
  endfacet
  facet normal 0.207157 0.978308 -0
    outer loop
      vertex 56.8514 15.6428 1.6
      vertex 56.7904 15.6558 2.1
      vertex 56.8514 15.6428 2.1
    endloop
  endfacet
  facet normal 0.207157 0.978308 0
    outer loop
      vertex 56.7904 15.6558 2.1
      vertex 56.8514 15.6428 1.6
      vertex 56.7904 15.6558 1.6
    endloop
  endfacet
  facet normal 0.285755 0.958303 -0
    outer loop
      vertex 56.7904 15.6558 1.6
      vertex 56.7298 15.6738 2.1
      vertex 56.7904 15.6558 2.1
    endloop
  endfacet
  facet normal 0.285755 0.958303 0
    outer loop
      vertex 56.7298 15.6738 2.1
      vertex 56.7904 15.6558 1.6
      vertex 56.7298 15.6738 1.6
    endloop
  endfacet
  facet normal 0.360119 0.932906 -0
    outer loop
      vertex 56.7298 15.6738 1.6
      vertex 56.6695 15.6971 2.1
      vertex 56.7298 15.6738 2.1
    endloop
  endfacet
  facet normal 0.360119 0.932906 0
    outer loop
      vertex 56.6695 15.6971 2.1
      vertex 56.7298 15.6738 1.6
      vertex 56.6695 15.6971 1.6
    endloop
  endfacet
  facet normal 0.428789 0.903405 -0
    outer loop
      vertex 56.6695 15.6971 1.6
      vertex 56.6097 15.7255 2.1
      vertex 56.6695 15.6971 2.1
    endloop
  endfacet
  facet normal 0.428789 0.903405 0
    outer loop
      vertex 56.6097 15.7255 2.1
      vertex 56.6695 15.6971 1.6
      vertex 56.6097 15.7255 1.6
    endloop
  endfacet
  facet normal 0.511578 0.859237 -0
    outer loop
      vertex 56.6097 15.7255 1.6
      vertex 56.5534 15.759 2.1
      vertex 56.6097 15.7255 2.1
    endloop
  endfacet
  facet normal 0.511578 0.859237 0
    outer loop
      vertex 56.5534 15.759 2.1
      vertex 56.6097 15.7255 1.6
      vertex 56.5534 15.759 1.6
    endloop
  endfacet
  facet normal 0.602375 0.798213 -0
    outer loop
      vertex 56.5534 15.759 1.6
      vertex 56.5034 15.7967 2.1
      vertex 56.5534 15.759 2.1
    endloop
  endfacet
  facet normal 0.602375 0.798213 0
    outer loop
      vertex 56.5034 15.7967 2.1
      vertex 56.5534 15.759 1.6
      vertex 56.5034 15.7967 1.6
    endloop
  endfacet
  facet normal 0.692631 0.721292 -0
    outer loop
      vertex 56.5034 15.7967 1.6
      vertex 56.4597 15.8388 2.1
      vertex 56.5034 15.7967 2.1
    endloop
  endfacet
  facet normal 0.692631 0.721292 0
    outer loop
      vertex 56.4597 15.8388 2.1
      vertex 56.5034 15.7967 1.6
      vertex 56.4597 15.8388 1.6
    endloop
  endfacet
  facet normal 0.776732 0.629831 0
    outer loop
      vertex 56.4597 15.8388 2.1
      vertex 56.4221 15.8851 1.6
      vertex 56.4221 15.8851 2.1
    endloop
  endfacet
  facet normal 0.776732 0.629831 0
    outer loop
      vertex 56.4221 15.8851 1.6
      vertex 56.4597 15.8388 2.1
      vertex 56.4597 15.8388 1.6
    endloop
  endfacet
  facet normal 0.850167 0.526514 0
    outer loop
      vertex 56.4221 15.8851 2.1
      vertex 56.3908 15.9357 1.6
      vertex 56.3908 15.9357 2.1
    endloop
  endfacet
  facet normal 0.850167 0.526514 0
    outer loop
      vertex 56.3908 15.9357 1.6
      vertex 56.4221 15.8851 2.1
      vertex 56.4221 15.8851 1.6
    endloop
  endfacet
  facet normal 0.909228 0.416298 0
    outer loop
      vertex 56.3908 15.9357 2.1
      vertex 56.3657 15.9905 1.6
      vertex 56.3657 15.9905 2.1
    endloop
  endfacet
  facet normal 0.909228 0.416298 0
    outer loop
      vertex 56.3657 15.9905 1.6
      vertex 56.3908 15.9357 2.1
      vertex 56.3908 15.9357 1.6
    endloop
  endfacet
  facet normal 0.94325 0.332084 0
    outer loop
      vertex 56.3657 15.9905 2.1
      vertex 56.3455 16.0478 1.6
      vertex 56.3455 16.0478 2.1
    endloop
  endfacet
  facet normal 0.94325 0.332084 0
    outer loop
      vertex 56.3455 16.0478 1.6
      vertex 56.3657 15.9905 2.1
      vertex 56.3657 15.9905 1.6
    endloop
  endfacet
  facet normal 0.961763 0.273884 0
    outer loop
      vertex 56.3455 16.0478 2.1
      vertex 56.329 16.1057 1.6
      vertex 56.329 16.1057 2.1
    endloop
  endfacet
  facet normal 0.961763 0.273884 0
    outer loop
      vertex 56.329 16.1057 1.6
      vertex 56.3455 16.0478 2.1
      vertex 56.3455 16.0478 1.6
    endloop
  endfacet
  facet normal 0.9768 0.214153 0
    outer loop
      vertex 56.329 16.1057 2.1
      vertex 56.3162 16.1643 1.6
      vertex 56.3162 16.1643 2.1
    endloop
  endfacet
  facet normal 0.9768 0.214153 0
    outer loop
      vertex 56.3162 16.1643 1.6
      vertex 56.329 16.1057 2.1
      vertex 56.329 16.1057 1.6
    endloop
  endfacet
  facet normal 0.988191 0.153226 0
    outer loop
      vertex 56.3162 16.1643 2.1
      vertex 56.307 16.2234 1.6
      vertex 56.307 16.2234 2.1
    endloop
  endfacet
  facet normal 0.988191 0.153226 0
    outer loop
      vertex 56.307 16.2234 1.6
      vertex 56.3162 16.1643 2.1
      vertex 56.3162 16.1643 1.6
    endloop
  endfacet
  facet normal 0.995799 0.0915677 0
    outer loop
      vertex 56.307 16.2234 2.1
      vertex 56.3015 16.2831 1.6
      vertex 56.3015 16.2831 2.1
    endloop
  endfacet
  facet normal 0.995799 0.0915677 0
    outer loop
      vertex 56.3015 16.2831 1.6
      vertex 56.307 16.2234 2.1
      vertex 56.307 16.2234 1.6
    endloop
  endfacet
  facet normal 0.99954 0.0303197 0
    outer loop
      vertex 56.3015 16.2831 2.1
      vertex 56.2997 16.3435 1.6
      vertex 56.2997 16.3435 2.1
    endloop
  endfacet
  facet normal 0.99954 0.0303197 0
    outer loop
      vertex 56.2997 16.3435 1.6
      vertex 56.3015 16.2831 2.1
      vertex 56.3015 16.2831 1.6
    endloop
  endfacet
  facet normal 0.998787 -0.0492316 0
    outer loop
      vertex 56.2997 16.3435 2.1
      vertex 56.3044 16.4404 1.6
      vertex 56.3044 16.4404 2.1
    endloop
  endfacet
  facet normal 0.998787 -0.0492316 0
    outer loop
      vertex 56.3044 16.4404 1.6
      vertex 56.2997 16.3435 2.1
      vertex 56.2997 16.3435 1.6
    endloop
  endfacet
  facet normal 0.987915 -0.154996 0
    outer loop
      vertex 56.3044 16.4404 2.1
      vertex 56.3188 16.5317 1.6
      vertex 56.3188 16.5317 2.1
    endloop
  endfacet
  facet normal 0.987915 -0.154996 0
    outer loop
      vertex 56.3188 16.5317 1.6
      vertex 56.3044 16.4404 2.1
      vertex 56.3044 16.4404 1.6
    endloop
  endfacet
  facet normal 0.963326 -0.268333 0
    outer loop
      vertex 56.3188 16.5317 2.1
      vertex 56.3427 16.6175 1.6
      vertex 56.3427 16.6175 2.1
    endloop
  endfacet
  facet normal 0.963326 -0.268333 0
    outer loop
      vertex 56.3427 16.6175 1.6
      vertex 56.3188 16.5317 2.1
      vertex 56.3188 16.5317 1.6
    endloop
  endfacet
  facet normal 0.923041 -0.384703 0
    outer loop
      vertex 56.3427 16.6175 2.1
      vertex 56.3761 16.6977 1.6
      vertex 56.3761 16.6977 2.1
    endloop
  endfacet
  facet normal 0.923041 -0.384703 0
    outer loop
      vertex 56.3761 16.6977 1.6
      vertex 56.3427 16.6175 2.1
      vertex 56.3427 16.6175 1.6
    endloop
  endfacet
  facet normal 0.866604 -0.498997 0
    outer loop
      vertex 56.3761 16.6977 2.1
      vertex 56.4191 16.7724 1.6
      vertex 56.4191 16.7724 2.1
    endloop
  endfacet
  facet normal 0.866604 -0.498997 0
    outer loop
      vertex 56.4191 16.7724 1.6
      vertex 56.3761 16.6977 2.1
      vertex 56.3761 16.6977 1.6
    endloop
  endfacet
  facet normal 0.795912 -0.605413 0
    outer loop
      vertex 56.4191 16.7724 2.1
      vertex 56.4717 16.8415 1.6
      vertex 56.4717 16.8415 2.1
    endloop
  endfacet
  facet normal 0.795912 -0.605413 0
    outer loop
      vertex 56.4717 16.8415 1.6
      vertex 56.4191 16.7724 2.1
      vertex 56.4191 16.7724 1.6
    endloop
  endfacet
  facet normal 0.703743 -0.710454 0
    outer loop
      vertex 56.4717 16.8415 1.6
      vertex 56.5331 16.9023 2.1
      vertex 56.4717 16.8415 2.1
    endloop
  endfacet
  facet normal 0.703743 -0.710454 0
    outer loop
      vertex 56.5331 16.9023 2.1
      vertex 56.4717 16.8415 1.6
      vertex 56.5331 16.9023 1.6
    endloop
  endfacet
  facet normal 0.581998 -0.81319 0
    outer loop
      vertex 56.5331 16.9023 1.6
      vertex 56.6026 16.9521 2.1
      vertex 56.5331 16.9023 2.1
    endloop
  endfacet
  facet normal 0.581998 -0.81319 0
    outer loop
      vertex 56.6026 16.9521 2.1
      vertex 56.5331 16.9023 1.6
      vertex 56.6026 16.9521 1.6
    endloop
  endfacet
  facet normal 0.446228 -0.894919 0
    outer loop
      vertex 56.6026 16.9521 1.6
      vertex 56.6802 16.9908 2.1
      vertex 56.6026 16.9521 2.1
    endloop
  endfacet
  facet normal 0.446228 -0.894919 0
    outer loop
      vertex 56.6802 16.9908 2.1
      vertex 56.6026 16.9521 1.6
      vertex 56.6802 16.9908 1.6
    endloop
  endfacet
  facet normal 0.30681 -0.951771 0
    outer loop
      vertex 56.6802 16.9908 1.6
      vertex 56.7659 17.0184 2.1
      vertex 56.6802 16.9908 2.1
    endloop
  endfacet
  facet normal 0.30681 -0.951771 0
    outer loop
      vertex 56.7659 17.0184 2.1
      vertex 56.6802 16.9908 1.6
      vertex 56.7659 17.0184 1.6
    endloop
  endfacet
  facet normal 0.173922 -0.984759 0
    outer loop
      vertex 56.7659 17.0184 1.6
      vertex 56.8597 17.035 2.1
      vertex 56.7659 17.0184 2.1
    endloop
  endfacet
  facet normal 0.173922 -0.984759 0
    outer loop
      vertex 56.8597 17.035 2.1
      vertex 56.7659 17.0184 1.6
      vertex 56.8597 17.035 1.6
    endloop
  endfacet
  facet normal 0.0542532 -0.998527 0
    outer loop
      vertex 56.8597 17.035 1.6
      vertex 56.9617 17.0405 2.1
      vertex 56.8597 17.035 2.1
    endloop
  endfacet
  facet normal 0.0542532 -0.998527 0
    outer loop
      vertex 56.9617 17.0405 2.1
      vertex 56.8597 17.035 1.6
      vertex 56.9617 17.0405 1.6
    endloop
  endfacet
  facet normal -0.0537784 -0.998553 0
    outer loop
      vertex 56.9617 17.0405 1.6
      vertex 57.0659 17.0349 2.1
      vertex 56.9617 17.0405 2.1
    endloop
  endfacet
  facet normal -0.0537784 -0.998553 -0
    outer loop
      vertex 57.0659 17.0349 2.1
      vertex 56.9617 17.0405 1.6
      vertex 57.0659 17.0349 1.6
    endloop
  endfacet
  facet normal -0.172562 -0.984999 0
    outer loop
      vertex 57.0659 17.0349 1.6
      vertex 57.162 17.0181 2.1
      vertex 57.0659 17.0349 2.1
    endloop
  endfacet
  facet normal -0.172562 -0.984999 -0
    outer loop
      vertex 57.162 17.0181 2.1
      vertex 57.0659 17.0349 1.6
      vertex 57.162 17.0181 1.6
    endloop
  endfacet
  facet normal -0.3039 -0.952704 0
    outer loop
      vertex 57.162 17.0181 1.6
      vertex 57.2499 16.99 2.1
      vertex 57.162 17.0181 2.1
    endloop
  endfacet
  facet normal -0.3039 -0.952704 -0
    outer loop
      vertex 57.2499 16.99 2.1
      vertex 57.162 17.0181 1.6
      vertex 57.2499 16.99 1.6
    endloop
  endfacet
  facet normal -0.441782 -0.897123 0
    outer loop
      vertex 57.2499 16.99 1.6
      vertex 57.3297 16.9507 2.1
      vertex 57.2499 16.99 2.1
    endloop
  endfacet
  facet normal -0.441782 -0.897123 -0
    outer loop
      vertex 57.3297 16.9507 2.1
      vertex 57.2499 16.99 1.6
      vertex 57.3297 16.9507 1.6
    endloop
  endfacet
  facet normal -0.576533 -0.817074 0
    outer loop
      vertex 57.3297 16.9507 1.6
      vertex 57.4012 16.9002 2.1
      vertex 57.3297 16.9507 2.1
    endloop
  endfacet
  facet normal -0.576533 -0.817074 -0
    outer loop
      vertex 57.4012 16.9002 2.1
      vertex 57.3297 16.9507 1.6
      vertex 57.4012 16.9002 1.6
    endloop
  endfacet
  facet normal -0.697472 -0.716612 0
    outer loop
      vertex 57.4012 16.9002 1.6
      vertex 57.4647 16.8385 2.1
      vertex 57.4012 16.9002 2.1
    endloop
  endfacet
  facet normal -0.697472 -0.716612 -0
    outer loop
      vertex 57.4647 16.8385 2.1
      vertex 57.4012 16.9002 1.6
      vertex 57.4647 16.8385 1.6
    endloop
  endfacet
  facet normal -0.78786 -0.615854 0
    outer loop
      vertex 57.5193 16.7685 1.6
      vertex 57.4647 16.8385 2.1
      vertex 57.4647 16.8385 1.6
    endloop
  endfacet
  facet normal -0.78786 -0.615854 0
    outer loop
      vertex 57.4647 16.8385 2.1
      vertex 57.5193 16.7685 1.6
      vertex 57.5193 16.7685 2.1
    endloop
  endfacet
  facet normal -0.861484 -0.507784 0
    outer loop
      vertex 57.5641 16.6926 1.6
      vertex 57.5193 16.7685 2.1
      vertex 57.5193 16.7685 1.6
    endloop
  endfacet
  facet normal -0.861484 -0.507784 0
    outer loop
      vertex 57.5193 16.7685 2.1
      vertex 57.5641 16.6926 1.6
      vertex 57.5641 16.6926 2.1
    endloop
  endfacet
  facet normal -0.920251 -0.39133 0
    outer loop
      vertex 57.5989 16.6108 1.6
      vertex 57.5641 16.6926 2.1
      vertex 57.5641 16.6926 1.6
    endloop
  endfacet
  facet normal -0.920251 -0.39133 0
    outer loop
      vertex 57.5641 16.6926 2.1
      vertex 57.5989 16.6108 1.6
      vertex 57.5989 16.6108 2.1
    endloop
  endfacet
  facet normal -0.962196 -0.272358 0
    outer loop
      vertex 57.6238 16.5229 1.6
      vertex 57.5989 16.6108 2.1
      vertex 57.5989 16.6108 1.6
    endloop
  endfacet
  facet normal -0.962196 -0.272358 0
    outer loop
      vertex 57.5989 16.6108 2.1
      vertex 57.6238 16.5229 1.6
      vertex 57.6238 16.5229 2.1
    endloop
  endfacet
  facet normal -0.987567 -0.157201 0
    outer loop
      vertex 57.6387 16.4292 1.6
      vertex 57.6238 16.5229 2.1
      vertex 57.6238 16.5229 1.6
    endloop
  endfacet
  facet normal -0.987567 -0.157201 0
    outer loop
      vertex 57.6238 16.5229 2.1
      vertex 57.6387 16.4292 1.6
      vertex 57.6387 16.4292 2.1
    endloop
  endfacet
  facet normal -0.998757 -0.0498385 0
    outer loop
      vertex 57.6437 16.3295 1.6
      vertex 57.6387 16.4292 2.1
      vertex 57.6387 16.4292 1.6
    endloop
  endfacet
  facet normal -0.998757 -0.0498385 0
    outer loop
      vertex 57.6387 16.4292 2.1
      vertex 57.6437 16.3295 1.6
      vertex 57.6437 16.3295 2.1
    endloop
  endfacet
  facet normal -0.998808 0.0488017 0
    outer loop
      vertex 57.6389 16.2311 1.6
      vertex 57.6437 16.3295 2.1
      vertex 57.6437 16.3295 1.6
    endloop
  endfacet
  facet normal -0.998808 0.0488017 0
    outer loop
      vertex 57.6437 16.3295 2.1
      vertex 57.6389 16.2311 1.6
      vertex 57.6389 16.2311 2.1
    endloop
  endfacet
  facet normal -0.988043 0.154178 0
    outer loop
      vertex 57.6244 16.1387 1.6
      vertex 57.6389 16.2311 2.1
      vertex 57.6389 16.2311 1.6
    endloop
  endfacet
  facet normal -0.988043 0.154178 0
    outer loop
      vertex 57.6389 16.2311 2.1
      vertex 57.6244 16.1387 1.6
      vertex 57.6244 16.1387 2.1
    endloop
  endfacet
  facet normal -0.963481 0.267775 0
    outer loop
      vertex 57.6004 16.0523 1.6
      vertex 57.6244 16.1387 2.1
      vertex 57.6244 16.1387 1.6
    endloop
  endfacet
  facet normal -0.963481 0.267775 0
    outer loop
      vertex 57.6244 16.1387 2.1
      vertex 57.6004 16.0523 1.6
      vertex 57.6004 16.0523 2.1
    endloop
  endfacet
  facet normal -0.922777 0.385335 0
    outer loop
      vertex 57.5668 15.9717 1.6
      vertex 57.6004 16.0523 2.1
      vertex 57.6004 16.0523 1.6
    endloop
  endfacet
  facet normal -0.922777 0.385335 0
    outer loop
      vertex 57.6004 16.0523 2.1
      vertex 57.5668 15.9717 1.6
      vertex 57.5668 15.9717 2.1
    endloop
  endfacet
  facet normal -0.865111 0.50158 0
    outer loop
      vertex 57.5235 15.8971 1.6
      vertex 57.5668 15.9717 2.1
      vertex 57.5668 15.9717 1.6
    endloop
  endfacet
  facet normal -0.865111 0.50158 0
    outer loop
      vertex 57.5668 15.9717 2.1
      vertex 57.5235 15.8971 1.6
      vertex 57.5235 15.8971 2.1
    endloop
  endfacet
  facet normal -0.792198 0.610264 0
    outer loop
      vertex 57.4707 15.8285 1.6
      vertex 57.5235 15.8971 2.1
      vertex 57.5235 15.8971 1.6
    endloop
  endfacet
  facet normal -0.792198 0.610264 0
    outer loop
      vertex 57.5235 15.8971 2.1
      vertex 57.4707 15.8285 1.6
      vertex 57.4707 15.8285 2.1
    endloop
  endfacet
  facet normal -0.695761 0.718273 0
    outer loop
      vertex 57.4707 15.8285 1.6
      vertex 57.4088 15.7686 2.1
      vertex 57.4707 15.8285 2.1
    endloop
  endfacet
  facet normal -0.695761 0.718273 0
    outer loop
      vertex 57.4088 15.7686 2.1
      vertex 57.4707 15.8285 1.6
      vertex 57.4088 15.7686 1.6
    endloop
  endfacet
  facet normal -0.572469 0.819927 0
    outer loop
      vertex 57.4088 15.7686 1.6
      vertex 57.3387 15.7196 2.1
      vertex 57.4088 15.7686 2.1
    endloop
  endfacet
  facet normal -0.572469 0.819927 0
    outer loop
      vertex 57.3387 15.7196 2.1
      vertex 57.4088 15.7686 1.6
      vertex 57.3387 15.7196 1.6
    endloop
  endfacet
  facet normal -0.436831 0.899543 0
    outer loop
      vertex 57.3387 15.7196 1.6
      vertex 57.2602 15.6815 2.1
      vertex 57.3387 15.7196 2.1
    endloop
  endfacet
  facet normal -0.436831 0.899543 0
    outer loop
      vertex 57.2602 15.6815 2.1
      vertex 57.3387 15.7196 1.6
      vertex 57.2602 15.6815 1.6
    endloop
  endfacet
  facet normal -0.299125 0.954214 0
    outer loop
      vertex 57.2602 15.6815 1.6
      vertex 57.1733 15.6543 2.1
      vertex 57.2602 15.6815 2.1
    endloop
  endfacet
  facet normal -0.299125 0.954214 0
    outer loop
      vertex 57.1733 15.6543 2.1
      vertex 57.2602 15.6815 1.6
      vertex 57.1733 15.6543 1.6
    endloop
  endfacet
  facet normal -0.169087 0.985601 0
    outer loop
      vertex 57.1733 15.6543 1.6
      vertex 57.0782 15.638 2.1
      vertex 57.1733 15.6543 2.1
    endloop
  endfacet
  facet normal -0.169087 0.985601 0
    outer loop
      vertex 57.0782 15.638 2.1
      vertex 57.1733 15.6543 1.6
      vertex 57.0782 15.638 1.6
    endloop
  endfacet
  facet normal -0.0525588 0.998618 0
    outer loop
      vertex 57.0782 15.638 1.6
      vertex 56.9747 15.6325 2.1
      vertex 57.0782 15.638 2.1
    endloop
  endfacet
  facet normal -0.0525588 0.998618 0
    outer loop
      vertex 56.9747 15.6325 2.1
      vertex 57.0782 15.638 1.6
      vertex 56.9747 15.6325 1.6
    endloop
  endfacet
  facet normal 0.0416921 0.999131 -0
    outer loop
      vertex 56.9747 15.6325 1.6
      vertex 56.9129 15.6351 2.1
      vertex 56.9747 15.6325 2.1
    endloop
  endfacet
  facet normal 0.0416921 0.999131 0
    outer loop
      vertex 56.9129 15.6351 2.1
      vertex 56.9747 15.6325 1.6
      vertex 56.9129 15.6351 1.6
    endloop
  endfacet
  facet normal 0 -1 0
    outer loop
      vertex 53.7467 16.1445 1.6
      vertex 54.1947 16.1445 2.1
      vertex 53.7467 16.1445 2.1
    endloop
  endfacet
  facet normal 0 -1 -0
    outer loop
      vertex 54.1947 16.1445 2.1
      vertex 53.7467 16.1445 1.6
      vertex 54.1947 16.1445 1.6
    endloop
  endfacet
  facet normal 1 -0 0
    outer loop
      vertex 54.1947 16.1445 2.1
      vertex 54.1947 16.5925 1.6
      vertex 54.1947 16.5925 2.1
    endloop
  endfacet
  facet normal 1 0 0
    outer loop
      vertex 54.1947 16.5925 1.6
      vertex 54.1947 16.1445 2.1
      vertex 54.1947 16.1445 1.6
    endloop
  endfacet
  facet normal 0 1 -0
    outer loop
      vertex 54.1947 16.5925 1.6
      vertex 53.7467 16.5925 2.1
      vertex 54.1947 16.5925 2.1
    endloop
  endfacet
  facet normal 0 1 0
    outer loop
      vertex 53.7467 16.5925 2.1
      vertex 54.1947 16.5925 1.6
      vertex 53.7467 16.5925 1.6
    endloop
  endfacet
  facet normal 1 -0 0
    outer loop
      vertex 53.7467 16.5925 2.1
      vertex 53.7467 18.7685 1.6
      vertex 53.7467 18.7685 2.1
    endloop
  endfacet
  facet normal 1 0 0
    outer loop
      vertex 53.7467 18.7685 1.6
      vertex 53.7467 16.5925 2.1
      vertex 53.7467 16.5925 1.6
    endloop
  endfacet
  facet normal 0 1 -0
    outer loop
      vertex 53.7467 18.7685 1.6
      vertex 53.4267 18.7685 2.1
      vertex 53.7467 18.7685 2.1
    endloop
  endfacet
  facet normal 0 1 0
    outer loop
      vertex 53.4267 18.7685 2.1
      vertex 53.7467 18.7685 1.6
      vertex 53.4267 18.7685 1.6
    endloop
  endfacet
  facet normal -0.794355 0.607454 0
    outer loop
      vertex 51.7627 16.5925 1.6
      vertex 53.4267 18.7685 2.1
      vertex 53.4267 18.7685 1.6
    endloop
  endfacet
  facet normal -0.794355 0.607454 0
    outer loop
      vertex 53.4267 18.7685 2.1
      vertex 51.7627 16.5925 1.6
      vertex 51.7627 16.5925 2.1
    endloop
  endfacet
  facet normal -1 0 0
    outer loop
      vertex 51.7627 16.1445 1.6
      vertex 51.7627 16.5925 2.1
      vertex 51.7627 16.5925 1.6
    endloop
  endfacet
  facet normal -1 -0 0
    outer loop
      vertex 51.7627 16.5925 2.1
      vertex 51.7627 16.1445 1.6
      vertex 51.7627 16.1445 2.1
    endloop
  endfacet
  facet normal 0 -1 0
    outer loop
      vertex 51.7627 16.1445 1.6
      vertex 53.2987 16.1445 2.1
      vertex 51.7627 16.1445 2.1
    endloop
  endfacet
  facet normal 0 -1 -0
    outer loop
      vertex 53.2987 16.1445 2.1
      vertex 51.7627 16.1445 1.6
      vertex 53.2987 16.1445 1.6
    endloop
  endfacet
  facet normal -1 0 0
    outer loop
      vertex 53.2987 15.3125 1.6
      vertex 53.2987 16.1445 2.1
      vertex 53.2987 16.1445 1.6
    endloop
  endfacet
  facet normal -1 -0 0
    outer loop
      vertex 53.2987 16.1445 2.1
      vertex 53.2987 15.3125 1.6
      vertex 53.2987 15.3125 2.1
    endloop
  endfacet
  facet normal 0 -1 0
    outer loop
      vertex 53.2987 15.3125 1.6
      vertex 53.7467 15.3125 2.1
      vertex 53.2987 15.3125 2.1
    endloop
  endfacet
  facet normal 0 -1 -0
    outer loop
      vertex 53.7467 15.3125 2.1
      vertex 53.2987 15.3125 1.6
      vertex 53.7467 15.3125 1.6
    endloop
  endfacet
  facet normal 1 -0 0
    outer loop
      vertex 53.7467 15.3125 2.1
      vertex 53.7467 16.1445 1.6
      vertex 53.7467 16.1445 2.1
    endloop
  endfacet
  facet normal 1 0 0
    outer loop
      vertex 53.7467 16.1445 1.6
      vertex 53.7467 15.3125 2.1
      vertex 53.7467 15.3125 1.6
    endloop
  endfacet
  facet normal 0.794285 -0.607545 0
    outer loop
      vertex 52.3097 16.5925 2.1
      vertex 53.2987 17.8855 1.6
      vertex 53.2987 17.8855 2.1
    endloop
  endfacet
  facet normal 0.794285 -0.607545 0
    outer loop
      vertex 53.2987 17.8855 1.6
      vertex 52.3097 16.5925 2.1
      vertex 52.3097 16.5925 1.6
    endloop
  endfacet
  facet normal -1 0 0
    outer loop
      vertex 53.2987 16.5925 1.6
      vertex 53.2987 17.8855 2.1
      vertex 53.2987 17.8855 1.6
    endloop
  endfacet
  facet normal -1 -0 0
    outer loop
      vertex 53.2987 17.8855 2.1
      vertex 53.2987 16.5925 1.6
      vertex 53.2987 16.5925 2.1
    endloop
  endfacet
  facet normal 0 1 -0
    outer loop
      vertex 53.2987 16.5925 1.6
      vertex 52.3097 16.5925 2.1
      vertex 53.2987 16.5925 2.1
    endloop
  endfacet
  facet normal 0 1 0
    outer loop
      vertex 52.3097 16.5925 2.1
      vertex 53.2987 16.5925 1.6
      vertex 52.3097 16.5925 1.6
    endloop
  endfacet
  facet normal 0 1 -0
    outer loop
      vertex 55.2363 15.7605 1.6
      vertex 54.7883 15.7605 2.1
      vertex 55.2363 15.7605 2.1
    endloop
  endfacet
  facet normal 0 1 0
    outer loop
      vertex 54.7883 15.7605 2.1
      vertex 55.2363 15.7605 1.6
      vertex 54.7883 15.7605 1.6
    endloop
  endfacet
  facet normal -1 0 0
    outer loop
      vertex 54.7883 15.3125 1.6
      vertex 54.7883 15.7605 2.1
      vertex 54.7883 15.7605 1.6
    endloop
  endfacet
  facet normal -1 -0 0
    outer loop
      vertex 54.7883 15.7605 2.1
      vertex 54.7883 15.3125 1.6
      vertex 54.7883 15.3125 2.1
    endloop
  endfacet
  facet normal 0 -1 0
    outer loop
      vertex 54.7883 15.3125 1.6
      vertex 55.2363 15.3125 2.1
      vertex 54.7883 15.3125 2.1
    endloop
  endfacet
  facet normal 0 -1 -0
    outer loop
      vertex 55.2363 15.3125 2.1
      vertex 54.7883 15.3125 1.6
      vertex 55.2363 15.3125 1.6
    endloop
  endfacet
  facet normal 1 -0 0
    outer loop
      vertex 55.2363 15.3125 2.1
      vertex 55.2363 15.7605 1.6
      vertex 55.2363 15.7605 2.1
    endloop
  endfacet
  facet normal 1 0 0
    outer loop
      vertex 55.2363 15.7605 1.6
      vertex 55.2363 15.3125 2.1
      vertex 55.2363 15.3125 1.6
    endloop
  endfacet
  facet normal 0 0 -1
    outer loop
      vertex 60 0 0
      vertex 62 2 0
      vertex 61.9754 1.68712 0
    endloop
  endfacet
  facet normal -0 0 -1
    outer loop
      vertex 62 2 0
      vertex 60 0 0
      vertex 62 21 0
    endloop
  endfacet
  facet normal 0 0 -1
    outer loop
      vertex 60 0 0
      vertex 61.9754 1.68712 0
      vertex 61.9021 1.38196 0
    endloop
  endfacet
  facet normal 0 0 -1
    outer loop
      vertex 60 23 0
      vertex 62 21 0
      vertex 60 0 0
    endloop
  endfacet
  facet normal 0 0 -1
    outer loop
      vertex 60 0 0
      vertex 61.9021 1.38196 0
      vertex 61.782 1.09201 0
    endloop
  endfacet
  facet normal 0 0 -1
    outer loop
      vertex 62 21 0
      vertex 60 23 0
      vertex 61.9754 21.3129 0
    endloop
  endfacet
  facet normal 0 0 -1
    outer loop
      vertex 60 0 0
      vertex 61.782 1.09201 0
      vertex 61.618 0.824417 0
    endloop
  endfacet
  facet normal 0 0 -1
    outer loop
      vertex 61.9754 21.3129 0
      vertex 60 23 0
      vertex 61.9021 21.618 0
    endloop
  endfacet
  facet normal 0 0 -1
    outer loop
      vertex 60 0 0
      vertex 61.618 0.824417 0
      vertex 61.4142 0.585785 0
    endloop
  endfacet
  facet normal 0 0 -1
    outer loop
      vertex 61.9021 21.618 0
      vertex 60 23 0
      vertex 61.782 21.908 0
    endloop
  endfacet
  facet normal 0 0 -1
    outer loop
      vertex 60 0 0
      vertex 61.4142 0.585785 0
      vertex 61.1756 0.381958 0
    endloop
  endfacet
  facet normal 0 0 -1
    outer loop
      vertex 61.782 21.908 0
      vertex 60 23 0
      vertex 61.618 22.1756 0
    endloop
  endfacet
  facet normal 0 0 -1
    outer loop
      vertex 60 0 0
      vertex 61.1756 0.381958 0
      vertex 60.908 0.217972 0
    endloop
  endfacet
  facet normal 0 0 -1
    outer loop
      vertex 61.618 22.1756 0
      vertex 60 23 0
      vertex 61.4142 22.4142 0
    endloop
  endfacet
  facet normal 0 0 -1
    outer loop
      vertex 60 0 0
      vertex 60.908 0.217972 0
      vertex 60.618 0.0978851 0
    endloop
  endfacet
  facet normal 0 0 -1
    outer loop
      vertex 61.4142 22.4142 0
      vertex 60 23 0
      vertex 61.1756 22.618 0
    endloop
  endfacet
  facet normal 0 0 -1
    outer loop
      vertex 60 0 0
      vertex 60.618 0.0978851 0
      vertex 60.3129 0.0246124 0
    endloop
  endfacet
  facet normal 0 0 -1
    outer loop
      vertex 61.1756 22.618 0
      vertex 60 23 0
      vertex 60.908 22.782 0
    endloop
  endfacet
  facet normal 0 0 -1
    outer loop
      vertex 60.908 22.782 0
      vertex 60 23 0
      vertex 60.618 22.9021 0
    endloop
  endfacet
  facet normal 0 0 -1
    outer loop
      vertex 60.618 22.9021 0
      vertex 60 23 0
      vertex 60.3129 22.9754 0
    endloop
  endfacet
  facet normal 0 0 -1
    outer loop
      vertex 60 0 0
      vertex 2 23 0
      vertex 60 23 0
    endloop
  endfacet
  facet normal 0 0 -1
    outer loop
      vertex 1.99998 0 0
      vertex 2 23 0
      vertex 60 0 0
    endloop
  endfacet
  facet normal 0 0 -1
    outer loop
      vertex 0 2 0
      vertex 1.99998 0 0
      vertex 1.68712 0.0246124 0
    endloop
  endfacet
  facet normal 0 0 -1
    outer loop
      vertex 1.99998 0 0
      vertex 0 2 0
      vertex 2 23 0
    endloop
  endfacet
  facet normal 0 0 -1
    outer loop
      vertex 0 2 0
      vertex 1.68712 0.0246124 0
      vertex 1.38196 0.0978851 0
    endloop
  endfacet
  facet normal 0 0 -1
    outer loop
      vertex 0 21 0
      vertex 2 23 0
      vertex 0 2 0
    endloop
  endfacet
  facet normal 0 0 -1
    outer loop
      vertex 0 2 0
      vertex 1.38196 0.0978851 0
      vertex 1.09201 0.217972 0
    endloop
  endfacet
  facet normal 0 0 -1
    outer loop
      vertex 2 23 0
      vertex 0 21 0
      vertex 1.68712 22.9754 0
    endloop
  endfacet
  facet normal 0 0 -1
    outer loop
      vertex 0 2 0
      vertex 1.09201 0.217972 0
      vertex 0.824417 0.381958 0
    endloop
  endfacet
  facet normal 0 0 -1
    outer loop
      vertex 1.68712 22.9754 0
      vertex 0 21 0
      vertex 1.38196 22.9021 0
    endloop
  endfacet
  facet normal 0 0 -1
    outer loop
      vertex 0 2 0
      vertex 0.824417 0.381958 0
      vertex 0.585785 0.585785 0
    endloop
  endfacet
  facet normal 0 0 -1
    outer loop
      vertex 1.38196 22.9021 0
      vertex 0 21 0
      vertex 1.09201 22.782 0
    endloop
  endfacet
  facet normal 0 0 -1
    outer loop
      vertex 0 2 0
      vertex 0.585785 0.585785 0
      vertex 0.381958 0.824417 0
    endloop
  endfacet
  facet normal 0 0 -1
    outer loop
      vertex 1.09201 22.782 0
      vertex 0 21 0
      vertex 0.824417 22.618 0
    endloop
  endfacet
  facet normal 0 0 -1
    outer loop
      vertex 0 2 0
      vertex 0.381958 0.824417 0
      vertex 0.217972 1.09201 0
    endloop
  endfacet
  facet normal 0 0 -1
    outer loop
      vertex 0.824417 22.618 0
      vertex 0 21 0
      vertex 0.585785 22.4142 0
    endloop
  endfacet
  facet normal 0 0 -1
    outer loop
      vertex 0 2 0
      vertex 0.217972 1.09201 0
      vertex 0.0978851 1.38196 0
    endloop
  endfacet
  facet normal 0 0 -1
    outer loop
      vertex 0.585785 22.4142 0
      vertex 0 21 0
      vertex 0.381958 22.1756 0
    endloop
  endfacet
  facet normal 0 0 -1
    outer loop
      vertex 0 2 0
      vertex 0.0978851 1.38196 0
      vertex 0.0246124 1.68712 0
    endloop
  endfacet
  facet normal 0 0 -1
    outer loop
      vertex 0.381958 22.1756 0
      vertex 0 21 0
      vertex 0.217972 21.908 0
    endloop
  endfacet
  facet normal 0 0 -1
    outer loop
      vertex 0.217972 21.908 0
      vertex 0 21 0
      vertex 0.0978851 21.618 0
    endloop
  endfacet
  facet normal 0 0 -1
    outer loop
      vertex 0.0978851 21.618 0
      vertex 0 21 0
      vertex 0.0246124 21.3129 0
    endloop
  endfacet
  facet normal -0.972363 -0.233476 0
    outer loop
      vertex 0.0978851 1.38196 0
      vertex 0.0246124 1.68712 1.6
      vertex 0.0246124 1.68712 0
    endloop
  endfacet
  facet normal -0.972363 -0.233476 0
    outer loop
      vertex 0.0246124 1.68712 1.6
      vertex 0.0978851 1.38196 0
      vertex 0.0978851 1.38196 1.6
    endloop
  endfacet
  facet normal -1 0 0
    outer loop
      vertex 0 2 0
      vertex 0 21 1.6
      vertex 0 21 0
    endloop
  endfacet
  facet normal -1 -0 0
    outer loop
      vertex 0 21 1.6
      vertex 0 2 0
      vertex 0 2 1.6
    endloop
  endfacet
  facet normal 0.996916 0.0784736 0
    outer loop
      vertex 62 21 1.6
      vertex 61.9754 21.3129 0
      vertex 61.9754 21.3129 1.6
    endloop
  endfacet
  facet normal 0.996916 0.0784736 0
    outer loop
      vertex 61.9754 21.3129 0
      vertex 62 21 1.6
      vertex 62 21 0
    endloop
  endfacet
  facet normal -0.99692 -0.0784215 0
    outer loop
      vertex 0.0246124 1.68712 0
      vertex 0 2 1.6
      vertex 0 2 0
    endloop
  endfacet
  facet normal -0.99692 -0.0784215 0
    outer loop
      vertex 0 2 1.6
      vertex 0.0246124 1.68712 0
      vertex 0.0246124 1.68712 1.6
    endloop
  endfacet
  facet normal -0.0784253 -0.99692 0
    outer loop
      vertex 1.68712 0.0246124 0
      vertex 1.99998 0 1.6
      vertex 1.68712 0.0246124 1.6
    endloop
  endfacet
  facet normal -0.0784253 -0.99692 -0
    outer loop
      vertex 1.99998 0 1.6
      vertex 1.68712 0.0246124 0
      vertex 1.99998 0 0
    endloop
  endfacet
  facet normal 0 1 -0
    outer loop
      vertex 60 23 0
      vertex 2 23 1.6
      vertex 60 23 1.6
    endloop
  endfacet
  facet normal 0 1 0
    outer loop
      vertex 2 23 1.6
      vertex 60 23 0
      vertex 2 23 0
    endloop
  endfacet
  facet normal 0.382647 -0.923895 0
    outer loop
      vertex 60.618 0.0978851 0
      vertex 60.908 0.217972 1.6
      vertex 60.618 0.0978851 1.6
    endloop
  endfacet
  facet normal 0.382647 -0.923895 0
    outer loop
      vertex 60.908 0.217972 1.6
      vertex 60.618 0.0978851 0
      vertex 60.908 0.217972 0
    endloop
  endfacet
  facet normal 0.382647 0.923895 -0
    outer loop
      vertex 60.908 22.782 0
      vertex 60.618 22.9021 1.6
      vertex 60.908 22.782 1.6
    endloop
  endfacet
  facet normal 0.382647 0.923895 0
    outer loop
      vertex 60.618 22.9021 1.6
      vertex 60.908 22.782 0
      vertex 60.618 22.9021 0
    endloop
  endfacet
  facet normal -0 0 1
    outer loop
      vertex 3.76274 16.1445 1.6
      vertex 5.29874 15.3125 1.6
      vertex 5.29874 16.1445 1.6
    endloop
  endfacet
  facet normal 0 0 1
    outer loop
      vertex 5.29874 15.3125 1.6
      vertex 3.76274 16.1445 1.6
      vertex 4.73005 11.455 1.6
    endloop
  endfacet
  facet normal 0 0 1
    outer loop
      vertex 4.73005 11.455 1.6
      vertex 3.76274 16.1445 1.6
      vertex 4.06107 11.0451 1.6
    endloop
  endfacet
  facet normal 0 0 1
    outer loop
      vertex 4.06107 11.0451 1.6
      vertex 3.76274 16.1445 1.6
      vertex 3.46447 10.5355 1.6
    endloop
  endfacet
  facet normal -0 0 1
    outer loop
      vertex 7.72366 16.1445 1.6
      vertex 9.25966 15.3125 1.6
      vertex 9.25966 16.1445 1.6
    endloop
  endfacet
  facet normal 0 -0 1
    outer loop
      vertex 7.78217 11.9384 1.6
      vertex 9.25966 15.3125 1.6
      vertex 7.23633 15.3125 1.6
    endloop
  endfacet
  facet normal 0 0 1
    outer loop
      vertex 9.25966 15.3125 1.6
      vertex 7.72366 16.1445 1.6
      vertex 7.23633 15.3125 1.6
    endloop
  endfacet
  facet normal 0 0 1
    outer loop
      vertex 7.23633 15.3125 1.6
      vertex 7.72366 16.1445 1.6
      vertex 7.23633 15.7605 1.6
    endloop
  endfacet
  facet normal 0 0 1
    outer loop
      vertex 9.25966 15.3125 1.6
      vertex 7.78217 11.9384 1.6
      vertex 8.54508 11.7553 1.6
    endloop
  endfacet
  facet normal 0 0 1
    outer loop
      vertex 7.23633 15.3125 1.6
      vertex 7 12 1.6
      vertex 7.78217 11.9384 1.6
    endloop
  endfacet
  facet normal -0 0 1
    outer loop
      vertex 6.78835 15.3125 1.6
      vertex 7 12 1.6
      vertex 7.23633 15.3125 1.6
    endloop
  endfacet
  facet normal 0 0 1
    outer loop
      vertex 7 12 1.6
      vertex 6.78835 15.3125 1.6
      vertex 6.21783 11.9384 1.6
    endloop
  endfacet
  facet normal -0 0 1
    outer loop
      vertex 15.7627 16.1758 1.6
      vertex 17.2987 15.3438 1.6
      vertex 17.2987 16.1758 1.6
    endloop
  endfacet
  facet normal 0 0 1
    outer loop
      vertex 17.2987 15.3438 1.6
      vertex 15.7627 16.1758 1.6
      vertex 16.73 11.455 1.6
    endloop
  endfacet
  facet normal 0 0 1
    outer loop
      vertex 16.73 11.455 1.6
      vertex 15.7627 16.1758 1.6
      vertex 16.0611 11.0451 1.6
    endloop
  endfacet
  facet normal 0 0 1
    outer loop
      vertex 16.0611 11.0451 1.6
      vertex 15.7627 16.1758 1.6
      vertex 15.4645 10.5355 1.6
    endloop
  endfacet
  facet normal -0 0 1
    outer loop
      vertex 27.7627 16.1445 1.6
      vertex 29.2987 15.3125 1.6
      vertex 29.2987 16.1445 1.6
    endloop
  endfacet
  facet normal 0 0 1
    outer loop
      vertex 29.2987 15.3125 1.6
      vertex 27.7627 16.1445 1.6
      vertex 28.73 11.455 1.6
    endloop
  endfacet
  facet normal 0 0 1
    outer loop
      vertex 28.73 11.455 1.6
      vertex 27.7627 16.1445 1.6
      vertex 28.0611 11.0451 1.6
    endloop
  endfacet
  facet normal 0 0 1
    outer loop
      vertex 28.0611 11.0451 1.6
      vertex 27.7627 16.1445 1.6
      vertex 27.4645 10.5355 1.6
    endloop
  endfacet
  facet normal -0 0 1
    outer loop
      vertex 39.7627 16.1445 1.6
      vertex 41.2987 15.3125 1.6
      vertex 41.2987 16.1445 1.6
    endloop
  endfacet
  facet normal 0 0 1
    outer loop
      vertex 41.2987 15.3125 1.6
      vertex 39.7627 16.1445 1.6
      vertex 40.73 11.455 1.6
    endloop
  endfacet
  facet normal 0 0 1
    outer loop
      vertex 40.73 11.455 1.6
      vertex 39.7627 16.1445 1.6
      vertex 40.0611 11.0451 1.6
    endloop
  endfacet
  facet normal 0 0 1
    outer loop
      vertex 40.0611 11.0451 1.6
      vertex 39.7627 16.1445 1.6
      vertex 39.4645 10.5355 1.6
    endloop
  endfacet
  facet normal 0 0 1
    outer loop
      vertex 44.4343 15.4532 1.6
      vertex 43.9157 18.3205 1.6
      vertex 44.4277 15.3125 1.6
    endloop
  endfacet
  facet normal 0 0 1
    outer loop
      vertex 44.4496 15.6034 1.6
      vertex 43.9157 18.3205 1.6
      vertex 44.4343 15.4532 1.6
    endloop
  endfacet
  facet normal 0 0 1
    outer loop
      vertex 44.4734 15.763 1.6
      vertex 43.9157 18.3205 1.6
      vertex 44.4496 15.6034 1.6
    endloop
  endfacet
  facet normal 0 0 1
    outer loop
      vertex 44.5059 15.9321 1.6
      vertex 43.9157 18.3205 1.6
      vertex 44.4734 15.763 1.6
    endloop
  endfacet
  facet normal 0 0 1
    outer loop
      vertex 44.547 16.1106 1.6
      vertex 43.9157 18.3205 1.6
      vertex 44.5059 15.9321 1.6
    endloop
  endfacet
  facet normal 0 0 1
    outer loop
      vertex 44.5967 16.2985 1.6
      vertex 43.9157 18.3205 1.6
      vertex 44.547 16.1106 1.6
    endloop
  endfacet
  facet normal 0 0 1
    outer loop
      vertex 44.6549 16.4903 1.6
      vertex 43.9157 18.3205 1.6
      vertex 44.5967 16.2985 1.6
    endloop
  endfacet
  facet normal 0 0 1
    outer loop
      vertex 44.7209 16.6798 1.6
      vertex 43.9157 18.3205 1.6
      vertex 44.6549 16.4903 1.6
    endloop
  endfacet
  facet normal 0 0 1
    outer loop
      vertex 44.7947 16.867 1.6
      vertex 43.9157 18.3205 1.6
      vertex 44.7209 16.6798 1.6
    endloop
  endfacet
  facet normal 0 0 1
    outer loop
      vertex 44.8762 17.0518 1.6
      vertex 43.9157 18.3205 1.6
      vertex 44.7947 16.867 1.6
    endloop
  endfacet
  facet normal 0 0 1
    outer loop
      vertex 44.9655 17.2343 1.6
      vertex 43.9157 18.3205 1.6
      vertex 44.8762 17.0518 1.6
    endloop
  endfacet
  facet normal 0 0 1
    outer loop
      vertex 45.0627 17.4145 1.6
      vertex 43.9157 18.3205 1.6
      vertex 44.9655 17.2343 1.6
    endloop
  endfacet
  facet normal 0 0 1
    outer loop
      vertex 45.1647 17.5891 1.6
      vertex 43.9157 18.3205 1.6
      vertex 45.0627 17.4145 1.6
    endloop
  endfacet
  facet normal 0 0 1
    outer loop
      vertex 45.269 17.7543 1.6
      vertex 43.9157 18.3205 1.6
      vertex 45.1647 17.5891 1.6
    endloop
  endfacet
  facet normal 0 0 1
    outer loop
      vertex 45.3754 17.91 1.6
      vertex 43.9157 18.3205 1.6
      vertex 45.269 17.7543 1.6
    endloop
  endfacet
  facet normal 0 0 1
    outer loop
      vertex 45.484 18.0563 1.6
      vertex 43.9157 18.3205 1.6
      vertex 45.3754 17.91 1.6
    endloop
  endfacet
  facet normal 0 0 1
    outer loop
      vertex 45.5947 18.1931 1.6
      vertex 43.9157 18.3205 1.6
      vertex 45.484 18.0563 1.6
    endloop
  endfacet
  facet normal -0 0 1
    outer loop
      vertex 43.9157 18.3205 1.6
      vertex 45.5947 18.1931 1.6
      vertex 45.7077 18.3205 1.6
    endloop
  endfacet
  facet normal -0 0 1
    outer loop
      vertex 51.7627 16.1445 1.6
      vertex 53.2987 15.3125 1.6
      vertex 53.2987 16.1445 1.6
    endloop
  endfacet
  facet normal 0 0 1
    outer loop
      vertex 53.2987 15.3125 1.6
      vertex 51.7627 16.1445 1.6
      vertex 52.73 11.455 1.6
    endloop
  endfacet
  facet normal 0 0 1
    outer loop
      vertex 52.73 11.455 1.6
      vertex 51.7627 16.1445 1.6
      vertex 52.0611 11.0451 1.6
    endloop
  endfacet
  facet normal 0 0 1
    outer loop
      vertex 52.0611 11.0451 1.6
      vertex 51.7627 16.1445 1.6
      vertex 51.4645 10.5355 1.6
    endloop
  endfacet
  facet normal 0 0 1
    outer loop
      vertex 62 2 1.6
      vertex 59.9384 7.78217 1.6
      vertex 60 7 1.6
    endloop
  endfacet
  facet normal 0 0 1
    outer loop
      vertex 62 21 1.6
      vertex 59.7553 8.54508 1.6
      vertex 59.9384 7.78217 1.6
    endloop
  endfacet
  facet normal 0 0 1
    outer loop
      vertex 62 21 1.6
      vertex 59.455 9.26995 1.6
      vertex 59.7553 8.54508 1.6
    endloop
  endfacet
  facet normal 0 0 1
    outer loop
      vertex 58.0831 16.1809 1.6
      vertex 62 21 1.6
      vertex 58.0917 16.3295 1.6
    endloop
  endfacet
  facet normal 0 -0 1
    outer loop
      vertex 59.0451 9.93893 1.6
      vertex 62 21 1.6
      vertex 58.0573 16.0404 1.6
    endloop
  endfacet
  facet normal 0 0 1
    outer loop
      vertex 58.0573 16.0404 1.6
      vertex 62 21 1.6
      vertex 58.0831 16.1809 1.6
    endloop
  endfacet
  facet normal 0 0 1
    outer loop
      vertex 62 21 1.6
      vertex 58.0871 16.4373 1.6
      vertex 58.0917 16.3295 1.6
    endloop
  endfacet
  facet normal 0 0 1
    outer loop
      vertex 62 21 1.6
      vertex 58.0732 16.5398 1.6
      vertex 58.0871 16.4373 1.6
    endloop
  endfacet
  facet normal 0 0 1
    outer loop
      vertex 57.9601 17.8562 1.6
      vertex 62 21 1.6
      vertex 57.9637 17.9345 1.6
    endloop
  endfacet
  facet normal 0 -0 1
    outer loop
      vertex 58.0502 16.6373 1.6
      vertex 62 21 1.6
      vertex 57.9601 17.8562 1.6
    endloop
  endfacet
  facet normal 0 0 1
    outer loop
      vertex 62 21 1.6
      vertex 58.0502 16.6373 1.6
      vertex 58.0732 16.5398 1.6
    endloop
  endfacet
  facet normal -0 0 1
    outer loop
      vertex 57.9493 17.7815 1.6
      vertex 58.0502 16.6373 1.6
      vertex 57.9601 17.8562 1.6
    endloop
  endfacet
  facet normal 0 0 1
    outer loop
      vertex 62 21 1.6
      vertex 57.9561 18.0563 1.6
      vertex 57.9637 17.9345 1.6
    endloop
  endfacet
  facet normal 0 0 1
    outer loop
      vertex 62 21 1.6
      vertex 57.9332 18.1718 1.6
      vertex 57.9561 18.0563 1.6
    endloop
  endfacet
  facet normal 0 0 1
    outer loop
      vertex 62 21 1.6
      vertex 57.8952 18.281 1.6
      vertex 57.9332 18.1718 1.6
    endloop
  endfacet
  facet normal 0 0 1
    outer loop
      vertex 62 21 1.6
      vertex 57.8419 18.3838 1.6
      vertex 57.8952 18.281 1.6
    endloop
  endfacet
  facet normal 0 0 1
    outer loop
      vertex 62 21 1.6
      vertex 57.7734 18.4803 1.6
      vertex 57.8419 18.3838 1.6
    endloop
  endfacet
  facet normal 0 0 1
    outer loop
      vertex 62 21 1.6
      vertex 57.6897 18.5705 1.6
      vertex 57.7734 18.4803 1.6
    endloop
  endfacet
  facet normal 0 0 1
    outer loop
      vertex 60 23 1.6
      vertex 57.5934 18.6505 1.6
      vertex 57.6897 18.5705 1.6
    endloop
  endfacet
  facet normal 0 0 1
    outer loop
      vertex 60 23 1.6
      vertex 57.4874 18.716 1.6
      vertex 57.5934 18.6505 1.6
    endloop
  endfacet
  facet normal 0 0 1
    outer loop
      vertex 60 23 1.6
      vertex 57.3717 18.767 1.6
      vertex 57.4874 18.716 1.6
    endloop
  endfacet
  facet normal 0 0 1
    outer loop
      vertex 60 23 1.6
      vertex 57.2461 18.8034 1.6
      vertex 57.3717 18.767 1.6
    endloop
  endfacet
  facet normal 0 0 1
    outer loop
      vertex 60 23 1.6
      vertex 57.1108 18.8252 1.6
      vertex 57.2461 18.8034 1.6
    endloop
  endfacet
  facet normal 0 0 1
    outer loop
      vertex 60 23 1.6
      vertex 56.9657 18.8325 1.6
      vertex 57.1108 18.8252 1.6
    endloop
  endfacet
  facet normal 0 0 1
    outer loop
      vertex 60 23 1.6
      vertex 56.8216 18.8254 1.6
      vertex 56.9657 18.8325 1.6
    endloop
  endfacet
  facet normal 0 0 1
    outer loop
      vertex 60 23 1.6
      vertex 56.6873 18.804 1.6
      vertex 56.8216 18.8254 1.6
    endloop
  endfacet
  facet normal 0 0 1
    outer loop
      vertex 60 23 1.6
      vertex 56.5629 18.7685 1.6
      vertex 56.6873 18.804 1.6
    endloop
  endfacet
  facet normal 0 0 1
    outer loop
      vertex 53.7467 18.7685 1.6
      vertex 56.5629 18.7685 1.6
      vertex 60 23 1.6
    endloop
  endfacet
  facet normal 0 0 1
    outer loop
      vertex 56.5629 18.7685 1.6
      vertex 53.7467 18.7685 1.6
      vertex 56.4483 18.7187 1.6
    endloop
  endfacet
  facet normal 0 0 1
    outer loop
      vertex 56.4483 18.7187 1.6
      vertex 53.7467 18.7685 1.6
      vertex 56.3436 18.6547 1.6
    endloop
  endfacet
  facet normal 0 0 1
    outer loop
      vertex 56.3436 18.6547 1.6
      vertex 53.7467 18.7685 1.6
      vertex 56.2487 18.5765 1.6
    endloop
  endfacet
  facet normal 0 0 1
    outer loop
      vertex 56.0122 17.7147 1.6
      vertex 55.9277 16.7553 1.6
      vertex 55.9704 16.843 1.6
    endloop
  endfacet
  facet normal 0 0 1
    outer loop
      vertex 55.9833 17.8647 1.6
      vertex 54.1947 16.5925 1.6
      vertex 55.9277 16.7553 1.6
    endloop
  endfacet
  facet normal 0 0 1
    outer loop
      vertex 53.7467 18.7685 1.6
      vertex 55.9797 17.9455 1.6
      vertex 55.9871 18.0675 1.6
    endloop
  endfacet
  facet normal 0 0 1
    outer loop
      vertex 55.9277 16.7553 1.6
      vertex 54.1947 16.5925 1.6
      vertex 55.8944 16.6613 1.6
    endloop
  endfacet
  facet normal 0 0 1
    outer loop
      vertex 55.8944 16.6613 1.6
      vertex 54.1947 16.5925 1.6
      vertex 55.8707 16.561 1.6
    endloop
  endfacet
  facet normal 0 0 1
    outer loop
      vertex 56.1597 15.5615 1.6
      vertex 55.2363 15.3125 1.6
      vertex 56.2681 15.4659 1.6
    endloop
  endfacet
  facet normal 0 0 1
    outer loop
      vertex 55.8564 16.4544 1.6
      vertex 55.2363 15.7605 1.6
      vertex 55.8517 16.3415 1.6
    endloop
  endfacet
  facet normal 0 0 1
    outer loop
      vertex 55.8707 16.561 1.6
      vertex 54.1947 16.5925 1.6
      vertex 55.8564 16.4544 1.6
    endloop
  endfacet
  facet normal 0 0 1
    outer loop
      vertex 53.7467 18.7685 1.6
      vertex 55.9871 18.0675 1.6
      vertex 56.0096 18.1827 1.6
    endloop
  endfacet
  facet normal 0 0 1
    outer loop
      vertex 55.8564 16.4544 1.6
      vertex 54.1947 16.5925 1.6
      vertex 55.2363 15.7605 1.6
    endloop
  endfacet
  facet normal 0 0 1
    outer loop
      vertex 53.7467 18.7685 1.6
      vertex 56.0096 18.1827 1.6
      vertex 56.0469 18.2912 1.6
    endloop
  endfacet
  facet normal 0 0 1
    outer loop
      vertex 53.7467 15.3125 1.6
      vertex 54.7883 15.3125 1.6
      vertex 54.7883 15.7605 1.6
    endloop
  endfacet
  facet normal -0 0 1
    outer loop
      vertex 54.1947 16.1445 1.6
      vertex 54.7883 15.7605 1.6
      vertex 54.1947 16.5925 1.6
    endloop
  endfacet
  facet normal 0 0 1
    outer loop
      vertex 55.2363 15.7605 1.6
      vertex 54.1947 16.5925 1.6
      vertex 54.7883 15.7605 1.6
    endloop
  endfacet
  facet normal 0 0 1
    outer loop
      vertex 53.7467 18.7685 1.6
      vertex 56.0469 18.2912 1.6
      vertex 56.0992 18.3931 1.6
    endloop
  endfacet
  facet normal 0 0 1
    outer loop
      vertex 53.7467 18.7685 1.6
      vertex 56.0992 18.3931 1.6
      vertex 56.1665 18.4881 1.6
    endloop
  endfacet
  facet normal 0 0 1
    outer loop
      vertex 56.2487 18.5765 1.6
      vertex 53.7467 18.7685 1.6
      vertex 56.1665 18.4881 1.6
    endloop
  endfacet
  facet normal 0 0 1
    outer loop
      vertex 55.9833 17.8647 1.6
      vertex 53.7467 18.7685 1.6
      vertex 54.1947 16.5925 1.6
    endloop
  endfacet
  facet normal 0 0 1
    outer loop
      vertex 60 23 1.6
      vertex 53.4267 18.7685 1.6
      vertex 53.7467 18.7685 1.6
    endloop
  endfacet
  facet normal 0 0 1
    outer loop
      vertex 46.1557 18.4055 1.6
      vertex 51.7627 16.1445 1.6
      vertex 51.7627 16.5925 1.6
    endloop
  endfacet
  facet normal 0 0 1
    outer loop
      vertex 51.7627 16.1445 1.6
      vertex 46.5355 10.5355 1.6
      vertex 51.4645 10.5355 1.6
    endloop
  endfacet
  facet normal 0 0 1
    outer loop
      vertex 51.4645 10.5355 1.6
      vertex 46.5355 10.5355 1.6
      vertex 50.9549 9.93893 1.6
    endloop
  endfacet
  facet normal 0 -0 1
    outer loop
      vertex 47.0451 9.93893 1.6
      vertex 50.9549 9.93893 1.6
      vertex 46.5355 10.5355 1.6
    endloop
  endfacet
  facet normal 0 -0 1
    outer loop
      vertex 47.455 9.26995 1.6
      vertex 50.545 9.26995 1.6
      vertex 47.0451 9.93893 1.6
    endloop
  endfacet
  facet normal 0 0 1
    outer loop
      vertex 50.0616 7.78217 1.6
      vertex 48 7 1.6
      vertex 50 7 1.6
    endloop
  endfacet
  facet normal 0 0 1
    outer loop
      vertex 50.545 9.26995 1.6
      vertex 47.455 9.26995 1.6
      vertex 50.2447 8.54508 1.6
    endloop
  endfacet
  facet normal 0 0 1
    outer loop
      vertex 50.0616 7.78217 1.6
      vertex 47.9384 7.78217 1.6
      vertex 48 7 1.6
    endloop
  endfacet
  facet normal 0 0 1
    outer loop
      vertex 50.0616 7.78217 1.6
      vertex 47.7553 8.54508 1.6
      vertex 47.9384 7.78217 1.6
    endloop
  endfacet
  facet normal 0 0 1
    outer loop
      vertex 50.2447 8.54508 1.6
      vertex 47.7553 8.54508 1.6
      vertex 50.0616 7.78217 1.6
    endloop
  endfacet
  facet normal 0 -0 1
    outer loop
      vertex 47.7553 8.54508 1.6
      vertex 50.2447 8.54508 1.6
      vertex 47.455 9.26995 1.6
    endloop
  endfacet
  facet normal 0 0 1
    outer loop
      vertex 50.9549 9.93893 1.6
      vertex 47.0451 9.93893 1.6
      vertex 50.545 9.26995 1.6
    endloop
  endfacet
  facet normal -0 0 1
    outer loop
      vertex 46.1557 18.7685 1.6
      vertex 51.7627 16.5925 1.6
      vertex 53.4267 18.7685 1.6
    endloop
  endfacet
  facet normal 0 0 1
    outer loop
      vertex 51.7627 16.5925 1.6
      vertex 46.1557 18.7685 1.6
      vertex 46.1557 18.4055 1.6
    endloop
  endfacet
  facet normal 0 0 1
    outer loop
      vertex 60 23 1.6
      vertex 46.1557 18.7685 1.6
      vertex 53.4267 18.7685 1.6
    endloop
  endfacet
  facet normal 0 0 1
    outer loop
      vertex 60 23 1.6
      vertex 43.9157 18.7685 1.6
      vertex 46.1557 18.7685 1.6
    endloop
  endfacet
  facet normal -0 0 1
    outer loop
      vertex 41.7467 18.7685 1.6
      vertex 43.9157 18.3205 1.6
      vertex 43.9157 18.7685 1.6
    endloop
  endfacet
  facet normal 0 0 1
    outer loop
      vertex 43.9157 18.3205 1.6
      vertex 43.2363 15.7605 1.6
      vertex 43.2363 15.3125 1.6
    endloop
  endfacet
  facet normal 0 0 1
    outer loop
      vertex 43.9157 18.3205 1.6
      vertex 42.1947 16.5925 1.6
      vertex 43.2363 15.7605 1.6
    endloop
  endfacet
  facet normal 0 0 1
    outer loop
      vertex 41.7467 15.3125 1.6
      vertex 42.7883 15.3125 1.6
      vertex 42.7883 15.7605 1.6
    endloop
  endfacet
  facet normal -0 0 1
    outer loop
      vertex 42.1947 16.1445 1.6
      vertex 42.7883 15.7605 1.6
      vertex 42.1947 16.5925 1.6
    endloop
  endfacet
  facet normal 0 0 1
    outer loop
      vertex 43.2363 15.7605 1.6
      vertex 42.1947 16.5925 1.6
      vertex 42.7883 15.7605 1.6
    endloop
  endfacet
  facet normal 0 0 1
    outer loop
      vertex 43.9157 18.3205 1.6
      vertex 41.7467 18.7685 1.6
      vertex 42.1947 16.5925 1.6
    endloop
  endfacet
  facet normal 0 0 1
    outer loop
      vertex 60 23 1.6
      vertex 41.7467 18.7685 1.6
      vertex 43.9157 18.7685 1.6
    endloop
  endfacet
  facet normal 0 0 1
    outer loop
      vertex 60 23 1.6
      vertex 41.4267 18.7685 1.6
      vertex 41.7467 18.7685 1.6
    endloop
  endfacet
  facet normal -0 0 1
    outer loop
      vertex 34.1557 16.4645 1.6
      vertex 39.7627 16.1445 1.6
      vertex 39.7627 16.5925 1.6
    endloop
  endfacet
  facet normal 0 0 1
    outer loop
      vertex 33.9008 15.6651 1.6
      vertex 39.7627 16.1445 1.6
      vertex 33.9583 15.7496 1.6
    endloop
  endfacet
  facet normal 0 0 1
    outer loop
      vertex 39.7627 16.1445 1.6
      vertex 33.9008 15.6651 1.6
      vertex 39.4645 10.5355 1.6
    endloop
  endfacet
  facet normal 0 -0 1
    outer loop
      vertex 35.0451 9.93893 1.6
      vertex 38.9549 9.93893 1.6
      vertex 34.5355 10.5355 1.6
    endloop
  endfacet
  facet normal 0 -0 1
    outer loop
      vertex 35.455 9.26995 1.6
      vertex 38.545 9.26995 1.6
      vertex 35.0451 9.93893 1.6
    endloop
  endfacet
  facet normal 0 0 1
    outer loop
      vertex 38.0616 7.78217 1.6
      vertex 36 7 1.6
      vertex 38 7 1.6
    endloop
  endfacet
  facet normal 0 0 1
    outer loop
      vertex 38.545 9.26995 1.6
      vertex 35.455 9.26995 1.6
      vertex 38.2447 8.54508 1.6
    endloop
  endfacet
  facet normal 0 0 1
    outer loop
      vertex 38.0616 7.78217 1.6
      vertex 35.9384 7.78217 1.6
      vertex 36 7 1.6
    endloop
  endfacet
  facet normal 0 0 1
    outer loop
      vertex 38.0616 7.78217 1.6
      vertex 35.7553 8.54508 1.6
      vertex 35.9384 7.78217 1.6
    endloop
  endfacet
  facet normal 0 0 1
    outer loop
      vertex 38.2447 8.54508 1.6
      vertex 35.7553 8.54508 1.6
      vertex 38.0616 7.78217 1.6
    endloop
  endfacet
  facet normal 0 -0 1
    outer loop
      vertex 35.7553 8.54508 1.6
      vertex 38.2447 8.54508 1.6
      vertex 35.455 9.26995 1.6
    endloop
  endfacet
  facet normal 0 0 1
    outer loop
      vertex 38.9549 9.93893 1.6
      vertex 35.0451 9.93893 1.6
      vertex 38.545 9.26995 1.6
    endloop
  endfacet
  facet normal -0 0 1
    outer loop
      vertex 33.9837 18.311 1.6
      vertex 39.7627 16.5925 1.6
      vertex 41.4267 18.7685 1.6
    endloop
  endfacet
  facet normal 0 0 1
    outer loop
      vertex 39.7627 16.1445 1.6
      vertex 34.1557 16.4645 1.6
      vertex 34.1516 16.3541 1.6
    endloop
  endfacet
  facet normal 0 0 1
    outer loop
      vertex 39.7627 16.5925 1.6
      vertex 34.1471 16.629 1.6
      vertex 34.1557 16.4645 1.6
    endloop
  endfacet
  facet normal 0 0 1
    outer loop
      vertex 39.7627 16.5925 1.6
      vertex 34.1214 16.783 1.6
      vertex 34.1471 16.629 1.6
    endloop
  endfacet
  facet normal 0 0 1
    outer loop
      vertex 39.7627 16.5925 1.6
      vertex 34.0917 17.9365 1.6
      vertex 34.1214 16.783 1.6
    endloop
  endfacet
  facet normal -0 0 1
    outer loop
      vertex 33.2114 18.8259 1.6
      vertex 41.4267 18.7685 1.6
      vertex 60 23 1.6
    endloop
  endfacet
  facet normal 0 0 1
    outer loop
      vertex 39.7627 16.5925 1.6
      vertex 34.0677 18.0714 1.6
      vertex 34.0917 17.9365 1.6
    endloop
  endfacet
  facet normal 0 0 1
    outer loop
      vertex 39.7627 16.5925 1.6
      vertex 34.0317 18.1963 1.6
      vertex 34.0677 18.0714 1.6
    endloop
  endfacet
  facet normal 0 0 1
    outer loop
      vertex 39.7627 16.5925 1.6
      vertex 33.9837 18.311 1.6
      vertex 34.0317 18.1963 1.6
    endloop
  endfacet
  facet normal 0 0 1
    outer loop
      vertex 41.4267 18.7685 1.6
      vertex 33.9237 18.4156 1.6
      vertex 33.9837 18.311 1.6
    endloop
  endfacet
  facet normal 0 0 1
    outer loop
      vertex 41.4267 18.7685 1.6
      vertex 33.8517 18.5101 1.6
      vertex 33.9237 18.4156 1.6
    endloop
  endfacet
  facet normal 0 0 1
    outer loop
      vertex 41.4267 18.7685 1.6
      vertex 33.7677 18.5945 1.6
      vertex 33.8517 18.5101 1.6
    endloop
  endfacet
  facet normal 0 0 1
    outer loop
      vertex 41.4267 18.7685 1.6
      vertex 33.6734 18.6672 1.6
      vertex 33.7677 18.5945 1.6
    endloop
  endfacet
  facet normal 0 0 1
    outer loop
      vertex 41.4267 18.7685 1.6
      vertex 33.5707 18.7267 1.6
      vertex 33.6734 18.6672 1.6
    endloop
  endfacet
  facet normal 0 0 1
    outer loop
      vertex 41.4267 18.7685 1.6
      vertex 33.4594 18.773 1.6
      vertex 33.5707 18.7267 1.6
    endloop
  endfacet
  facet normal 0 0 1
    outer loop
      vertex 41.4267 18.7685 1.6
      vertex 33.3397 18.806 1.6
      vertex 33.4594 18.773 1.6
    endloop
  endfacet
  facet normal 0 0 1
    outer loop
      vertex 41.4267 18.7685 1.6
      vertex 33.2114 18.8259 1.6
      vertex 33.3397 18.806 1.6
    endloop
  endfacet
  facet normal 0 0 1
    outer loop
      vertex 60 23 1.6
      vertex 33.0747 18.8325 1.6
      vertex 33.2114 18.8259 1.6
    endloop
  endfacet
  facet normal -0 0 1
    outer loop
      vertex 2 23 1.6
      vertex 33.0747 18.8325 1.6
      vertex 60 23 1.6
    endloop
  endfacet
  facet normal 0 0 1
    outer loop
      vertex 32.2563 15.5235 1.6
      vertex 31.2363 15.3125 1.6
      vertex 32.3891 15.4245 1.6
    endloop
  endfacet
  facet normal 0 0 1
    outer loop
      vertex 30.1947 16.5925 1.6
      vertex 31.7877 16.9505 1.6
      vertex 31.7983 17.2744 1.6
    endloop
  endfacet
  facet normal 0 0 1
    outer loop
      vertex 30.1947 16.5925 1.6
      vertex 31.7983 17.2744 1.6
      vertex 31.8303 17.5674 1.6
    endloop
  endfacet
  facet normal 0 0 1
    outer loop
      vertex 29.7467 18.7685 1.6
      vertex 31.8303 17.5674 1.6
      vertex 31.8837 17.8295 1.6
    endloop
  endfacet
  facet normal 0 -0 1
    outer loop
      vertex 30.7883 15.7605 1.6
      vertex 31.7973 16.6615 1.6
      vertex 30.1947 16.5925 1.6
    endloop
  endfacet
  facet normal 0 0 1
    outer loop
      vertex 29.7467 18.7685 1.6
      vertex 31.8837 17.8295 1.6
      vertex 31.9583 18.0607 1.6
    endloop
  endfacet
  facet normal 0 0 1
    outer loop
      vertex 29.7467 18.7685 1.6
      vertex 31.9583 18.0607 1.6
      vertex 32.0543 18.261 1.6
    endloop
  endfacet
  facet normal 0 0 1
    outer loop
      vertex 29.7467 15.3125 1.6
      vertex 30.7883 15.3125 1.6
      vertex 30.7883 15.7605 1.6
    endloop
  endfacet
  facet normal -0 0 1
    outer loop
      vertex 30.1947 16.1445 1.6
      vertex 30.7883 15.7605 1.6
      vertex 30.1947 16.5925 1.6
    endloop
  endfacet
  facet normal 0 0 1
    outer loop
      vertex 31.7973 16.6615 1.6
      vertex 30.7883 15.7605 1.6
      vertex 31.2363 15.7605 1.6
    endloop
  endfacet
  facet normal 0 0 1
    outer loop
      vertex 29.7467 18.7685 1.6
      vertex 32.0543 18.261 1.6
      vertex 32.1717 18.4305 1.6
    endloop
  endfacet
  facet normal 0 0 1
    outer loop
      vertex 29.7467 18.7685 1.6
      vertex 32.1717 18.4305 1.6
      vertex 32.2898 18.5533 1.6
    endloop
  endfacet
  facet normal 0 0 1
    outer loop
      vertex 31.8303 17.5674 1.6
      vertex 29.7467 18.7685 1.6
      vertex 30.1947 16.5925 1.6
    endloop
  endfacet
  facet normal 0 0 1
    outer loop
      vertex 32.4209 18.6538 1.6
      vertex 29.7467 18.7685 1.6
      vertex 32.2898 18.5533 1.6
    endloop
  endfacet
  facet normal 0 0 1
    outer loop
      vertex 32.5649 18.732 1.6
      vertex 29.7467 18.7685 1.6
      vertex 32.4209 18.6538 1.6
    endloop
  endfacet
  facet normal 0 0 1
    outer loop
      vertex 32.7219 18.7878 1.6
      vertex 29.7467 18.7685 1.6
      vertex 32.5649 18.732 1.6
    endloop
  endfacet
  facet normal 0 0 1
    outer loop
      vertex 32.8918 18.8213 1.6
      vertex 29.7467 18.7685 1.6
      vertex 32.7219 18.7878 1.6
    endloop
  endfacet
  facet normal 0 -0 1
    outer loop
      vertex 29.7467 18.7685 1.6
      vertex 33.0747 18.8325 1.6
      vertex 2 23 1.6
    endloop
  endfacet
  facet normal 0 0 1
    outer loop
      vertex 33.0747 18.8325 1.6
      vertex 29.7467 18.7685 1.6
      vertex 32.8918 18.8213 1.6
    endloop
  endfacet
  facet normal -0 0 1
    outer loop
      vertex 22.1557 16.5198 1.6
      vertex 27.7627 16.1445 1.6
      vertex 27.7627 16.5925 1.6
    endloop
  endfacet
  facet normal 0 0 1
    outer loop
      vertex 21.8807 15.7028 1.6
      vertex 27.7627 16.1445 1.6
      vertex 21.9647 15.821 1.6
    endloop
  endfacet
  facet normal 0 0 1
    outer loop
      vertex 27.7627 16.1445 1.6
      vertex 21.8807 15.7028 1.6
      vertex 27.4645 10.5355 1.6
    endloop
  endfacet
  facet normal 0 -0 1
    outer loop
      vertex 23.0451 9.93893 1.6
      vertex 26.9549 9.93893 1.6
      vertex 22.5355 10.5355 1.6
    endloop
  endfacet
  facet normal 0 -0 1
    outer loop
      vertex 23.455 9.26995 1.6
      vertex 26.545 9.26995 1.6
      vertex 23.0451 9.93893 1.6
    endloop
  endfacet
  facet normal 0 0 1
    outer loop
      vertex 26.0616 7.78217 1.6
      vertex 24 7 1.6
      vertex 26 7 1.6
    endloop
  endfacet
  facet normal 0 0 1
    outer loop
      vertex 26.545 9.26995 1.6
      vertex 23.455 9.26995 1.6
      vertex 26.2447 8.54508 1.6
    endloop
  endfacet
  facet normal 0 0 1
    outer loop
      vertex 26.0616 7.78217 1.6
      vertex 23.9384 7.78217 1.6
      vertex 24 7 1.6
    endloop
  endfacet
  facet normal 0 0 1
    outer loop
      vertex 26.0616 7.78217 1.6
      vertex 23.7553 8.54508 1.6
      vertex 23.9384 7.78217 1.6
    endloop
  endfacet
  facet normal 0 0 1
    outer loop
      vertex 26.2447 8.54508 1.6
      vertex 23.7553 8.54508 1.6
      vertex 26.0616 7.78217 1.6
    endloop
  endfacet
  facet normal 0 -0 1
    outer loop
      vertex 23.7553 8.54508 1.6
      vertex 26.2447 8.54508 1.6
      vertex 23.455 9.26995 1.6
    endloop
  endfacet
  facet normal 0 0 1
    outer loop
      vertex 26.9549 9.93893 1.6
      vertex 23.0451 9.93893 1.6
      vertex 26.545 9.26995 1.6
    endloop
  endfacet
  facet normal 0 0 1
    outer loop
      vertex 21.9637 18.7997 1.6
      vertex 27.7627 16.5925 1.6
      vertex 29.4267 18.7685 1.6
    endloop
  endfacet
  facet normal 0 0 1
    outer loop
      vertex 27.7627 16.1445 1.6
      vertex 22.1557 16.5198 1.6
      vertex 22.148 16.3657 1.6
    endloop
  endfacet
  facet normal 0 0 1
    outer loop
      vertex 27.7627 16.5925 1.6
      vertex 22.1472 16.6801 1.6
      vertex 22.1557 16.5198 1.6
    endloop
  endfacet
  facet normal 0 0 1
    outer loop
      vertex 27.7627 16.5925 1.6
      vertex 22.1219 16.8304 1.6
      vertex 22.1472 16.6801 1.6
    endloop
  endfacet
  facet normal 0 0 1
    outer loop
      vertex 27.7627 16.5925 1.6
      vertex 22.0797 16.9708 1.6
      vertex 22.1219 16.8304 1.6
    endloop
  endfacet
  facet normal 0 0 1
    outer loop
      vertex 27.7627 16.5925 1.6
      vertex 21.9637 18.3517 1.6
      vertex 22.0797 16.9708 1.6
    endloop
  endfacet
  facet normal 0 0 1
    outer loop
      vertex 27.7627 16.5925 1.6
      vertex 21.9637 18.7997 1.6
      vertex 21.9637 18.3517 1.6
    endloop
  endfacet
  facet normal 0 0 1
    outer loop
      vertex 29.7467 18.7685 1.6
      vertex 2 23 1.6
      vertex 29.4267 18.7685 1.6
    endloop
  endfacet
  facet normal 0 0 1
    outer loop
      vertex 29.4267 18.7685 1.6
      vertex 2 23 1.6
      vertex 21.9637 18.7997 1.6
    endloop
  endfacet
  facet normal 0 0 1
    outer loop
      vertex 20.1937 15.5428 1.6
      vertex 19.2363 15.3438 1.6
      vertex 20.2985 15.4624 1.6
    endloop
  endfacet
  facet normal -0 0 1
    outer loop
      vertex 18.1947 16.6238 1.6
      vertex 19.8517 16.2398 1.6
      vertex 19.9157 17.0077 1.6
    endloop
  endfacet
  facet normal -0 0 1
    outer loop
      vertex 17.7467 18.7997 1.6
      vertex 19.9157 17.0077 1.6
      vertex 20.2997 18.7997 1.6
    endloop
  endfacet
  facet normal 0 0 1
    outer loop
      vertex 19.8517 16.2398 1.6
      vertex 18.1947 16.6238 1.6
      vertex 19.2363 15.7918 1.6
    endloop
  endfacet
  facet normal 0 0 1
    outer loop
      vertex 17.7467 15.3438 1.6
      vertex 18.7883 15.3438 1.6
      vertex 18.7883 15.7918 1.6
    endloop
  endfacet
  facet normal -0 0 1
    outer loop
      vertex 18.1947 16.1758 1.6
      vertex 18.7883 15.7918 1.6
      vertex 18.1947 16.6238 1.6
    endloop
  endfacet
  facet normal 0 0 1
    outer loop
      vertex 19.2363 15.7918 1.6
      vertex 18.1947 16.6238 1.6
      vertex 18.7883 15.7918 1.6
    endloop
  endfacet
  facet normal 0 0 1
    outer loop
      vertex 19.9157 17.0077 1.6
      vertex 17.7467 18.7997 1.6
      vertex 18.1947 16.6238 1.6
    endloop
  endfacet
  facet normal 0 0 1
    outer loop
      vertex 21.9637 18.7997 1.6
      vertex 2 23 1.6
      vertex 20.2997 18.7997 1.6
    endloop
  endfacet
  facet normal 0 0 1
    outer loop
      vertex 20.2997 18.7997 1.6
      vertex 2 23 1.6
      vertex 17.7467 18.7997 1.6
    endloop
  endfacet
  facet normal -0 0 1
    outer loop
      vertex 10.1557 16.5925 1.6
      vertex 15.7627 16.1758 1.6
      vertex 15.7627 16.6238 1.6
    endloop
  endfacet
  facet normal 0 0 1
    outer loop
      vertex 15.7627 16.1758 1.6
      vertex 9.70766 15.3125 1.6
      vertex 15.4645 10.5355 1.6
    endloop
  endfacet
  facet normal 0 -0 1
    outer loop
      vertex 10.5355 10.5355 1.6
      vertex 15.4645 10.5355 1.6
      vertex 9.70766 15.3125 1.6
    endloop
  endfacet
  facet normal 0 -0 1
    outer loop
      vertex 11.0451 9.93893 1.6
      vertex 14.9549 9.93893 1.6
      vertex 10.5355 10.5355 1.6
    endloop
  endfacet
  facet normal 0 -0 1
    outer loop
      vertex 11.455 9.26995 1.6
      vertex 14.545 9.26995 1.6
      vertex 11.0451 9.93893 1.6
    endloop
  endfacet
  facet normal 0 0 1
    outer loop
      vertex 14.0616 7.78217 1.6
      vertex 12 7 1.6
      vertex 14 7 1.6
    endloop
  endfacet
  facet normal 0 0 1
    outer loop
      vertex 14.545 9.26995 1.6
      vertex 11.455 9.26995 1.6
      vertex 14.2447 8.54508 1.6
    endloop
  endfacet
  facet normal 0 0 1
    outer loop
      vertex 14.0616 7.78217 1.6
      vertex 11.9384 7.78217 1.6
      vertex 12 7 1.6
    endloop
  endfacet
  facet normal 0 0 1
    outer loop
      vertex 14.0616 7.78217 1.6
      vertex 11.7553 8.54508 1.6
      vertex 11.9384 7.78217 1.6
    endloop
  endfacet
  facet normal 0 0 1
    outer loop
      vertex 14.2447 8.54508 1.6
      vertex 11.7553 8.54508 1.6
      vertex 14.0616 7.78217 1.6
    endloop
  endfacet
  facet normal 0 -0 1
    outer loop
      vertex 11.7553 8.54508 1.6
      vertex 14.2447 8.54508 1.6
      vertex 11.455 9.26995 1.6
    endloop
  endfacet
  facet normal 0 0 1
    outer loop
      vertex 14.9549 9.93893 1.6
      vertex 11.0451 9.93893 1.6
      vertex 14.545 9.26995 1.6
    endloop
  endfacet
  facet normal -0 0 1
    outer loop
      vertex 9.70766 18.7685 1.6
      vertex 15.7627 16.6238 1.6
      vertex 17.4267 18.7997 1.6
    endloop
  endfacet
  facet normal 0 0 1
    outer loop
      vertex 15.7627 16.1758 1.6
      vertex 10.1557 16.5925 1.6
      vertex 10.1557 16.1445 1.6
    endloop
  endfacet
  facet normal 0 0 1
    outer loop
      vertex 15.7627 16.6238 1.6
      vertex 9.70766 18.7685 1.6
      vertex 10.1557 16.5925 1.6
    endloop
  endfacet
  facet normal 0 0 1
    outer loop
      vertex 17.7467 18.7997 1.6
      vertex 2 23 1.6
      vertex 17.4267 18.7997 1.6
    endloop
  endfacet
  facet normal 0 0 1
    outer loop
      vertex 17.4267 18.7997 1.6
      vertex 2 23 1.6
      vertex 9.70766 18.7685 1.6
    endloop
  endfacet
  facet normal 0 0 1
    outer loop
      vertex 7.72366 16.5925 1.6
      vertex 7.23633 15.7605 1.6
      vertex 7.72366 16.1445 1.6
    endloop
  endfacet
  facet normal 0 0 1
    outer loop
      vertex 7.72366 16.5925 1.6
      vertex 6.78835 15.7605 1.6
      vertex 7.23633 15.7605 1.6
    endloop
  endfacet
  facet normal -0 0 1
    outer loop
      vertex 5.74673 18.7685 1.6
      vertex 7.72366 16.5925 1.6
      vertex 9.38766 18.7685 1.6
    endloop
  endfacet
  facet normal 0 0 1
    outer loop
      vertex 5.74673 15.3125 1.6
      vertex 6.78835 15.3125 1.6
      vertex 6.78835 15.7605 1.6
    endloop
  endfacet
  facet normal -0 0 1
    outer loop
      vertex 6.19473 16.1445 1.6
      vertex 6.78835 15.7605 1.6
      vertex 6.19473 16.5925 1.6
    endloop
  endfacet
  facet normal 0 0 1
    outer loop
      vertex 7.72366 16.5925 1.6
      vertex 6.19473 16.5925 1.6
      vertex 6.78835 15.7605 1.6
    endloop
  endfacet
  facet normal 0 0 1
    outer loop
      vertex 7.72366 16.5925 1.6
      vertex 5.74673 18.7685 1.6
      vertex 6.19473 16.5925 1.6
    endloop
  endfacet
  facet normal 0 0 1
    outer loop
      vertex 9.70766 18.7685 1.6
      vertex 2 23 1.6
      vertex 9.38766 18.7685 1.6
    endloop
  endfacet
  facet normal 0 0 1
    outer loop
      vertex 9.38766 18.7685 1.6
      vertex 2 23 1.6
      vertex 5.74673 18.7685 1.6
    endloop
  endfacet
  facet normal 0 0 1
    outer loop
      vertex 0 21 1.6
      vertex 3.76274 16.1445 1.6
      vertex 3.76274 16.5925 1.6
    endloop
  endfacet
  facet normal 0 0 1
    outer loop
      vertex 3.76274 16.1445 1.6
      vertex 2.95492 9.93893 1.6
      vertex 3.46447 10.5355 1.6
    endloop
  endfacet
  facet normal 0 0 1
    outer loop
      vertex 3.76274 16.1445 1.6
      vertex 0 21 1.6
      vertex 2.95492 9.93893 1.6
    endloop
  endfacet
  facet normal 0 0 1
    outer loop
      vertex 2.95492 9.93893 1.6
      vertex 0 21 1.6
      vertex 2.54497 9.26995 1.6
    endloop
  endfacet
  facet normal 0 0 1
    outer loop
      vertex 2.54497 9.26995 1.6
      vertex 0 21 1.6
      vertex 2.24472 8.54508 1.6
    endloop
  endfacet
  facet normal 0 0 1
    outer loop
      vertex 5.74673 18.7685 1.6
      vertex 2 23 1.6
      vertex 5.42674 18.7685 1.6
    endloop
  endfacet
  facet normal -0 0 1
    outer loop
      vertex 0 21 1.6
      vertex 5.42674 18.7685 1.6
      vertex 2 23 1.6
    endloop
  endfacet
  facet normal 0 0 1
    outer loop
      vertex 5.42674 18.7685 1.6
      vertex 0 21 1.6
      vertex 3.76274 16.5925 1.6
    endloop
  endfacet
  facet normal 0 0 1
    outer loop
      vertex 2.24472 8.54508 1.6
      vertex 0 21 1.6
      vertex 2.06156 7.78217 1.6
    endloop
  endfacet
  facet normal 0 0 1
    outer loop
      vertex 0 2 1.6
      vertex 2.06156 7.78217 1.6
      vertex 0 21 1.6
    endloop
  endfacet
  facet normal 0 0 1
    outer loop
      vertex 0 21 1.6
      vertex 2 23 1.6
      vertex 1.68712 22.9754 1.6
    endloop
  endfacet
  facet normal 0 0 1
    outer loop
      vertex 2.06156 7.78217 1.6
      vertex 0 2 1.6
      vertex 2 7 1.6
    endloop
  endfacet
  facet normal 0 0 1
    outer loop
      vertex 0 21 1.6
      vertex 1.68712 22.9754 1.6
      vertex 1.38196 22.9021 1.6
    endloop
  endfacet
  facet normal 0 0 1
    outer loop
      vertex 2 7 1.6
      vertex 0 2 1.6
      vertex 1.99998 0 1.6
    endloop
  endfacet
  facet normal 0 0 1
    outer loop
      vertex 0 21 1.6
      vertex 1.38196 22.9021 1.6
      vertex 1.09201 22.782 1.6
    endloop
  endfacet
  facet normal 0 0 1
    outer loop
      vertex 1.99998 0 1.6
      vertex 0 2 1.6
      vertex 1.68712 0.0246124 1.6
    endloop
  endfacet
  facet normal 0 0 1
    outer loop
      vertex 0 21 1.6
      vertex 1.09201 22.782 1.6
      vertex 0.824417 22.618 1.6
    endloop
  endfacet
  facet normal 0 0 1
    outer loop
      vertex 1.68712 0.0246124 1.6
      vertex 0 2 1.6
      vertex 1.38196 0.0978851 1.6
    endloop
  endfacet
  facet normal 0 0 1
    outer loop
      vertex 0 21 1.6
      vertex 0.824417 22.618 1.6
      vertex 0.585785 22.4142 1.6
    endloop
  endfacet
  facet normal 0 0 1
    outer loop
      vertex 1.38196 0.0978851 1.6
      vertex 0 2 1.6
      vertex 1.09201 0.217972 1.6
    endloop
  endfacet
  facet normal 0 0 1
    outer loop
      vertex 0 21 1.6
      vertex 0.585785 22.4142 1.6
      vertex 0.381958 22.1756 1.6
    endloop
  endfacet
  facet normal 0 0 1
    outer loop
      vertex 1.09201 0.217972 1.6
      vertex 0 2 1.6
      vertex 0.824417 0.381958 1.6
    endloop
  endfacet
  facet normal 0 0 1
    outer loop
      vertex 0 21 1.6
      vertex 0.381958 22.1756 1.6
      vertex 0.217972 21.908 1.6
    endloop
  endfacet
  facet normal 0 0 1
    outer loop
      vertex 0.824417 0.381958 1.6
      vertex 0 2 1.6
      vertex 0.585785 0.585785 1.6
    endloop
  endfacet
  facet normal 0 0 1
    outer loop
      vertex 0 21 1.6
      vertex 0.217972 21.908 1.6
      vertex 0.0978851 21.618 1.6
    endloop
  endfacet
  facet normal 0 0 1
    outer loop
      vertex 0.585785 0.585785 1.6
      vertex 0 2 1.6
      vertex 0.381958 0.824417 1.6
    endloop
  endfacet
  facet normal 0 0 1
    outer loop
      vertex 0 21 1.6
      vertex 0.0978851 21.618 1.6
      vertex 0.0246124 21.3129 1.6
    endloop
  endfacet
  facet normal 0 0 1
    outer loop
      vertex 0.381958 0.824417 1.6
      vertex 0 2 1.6
      vertex 0.217972 1.09201 1.6
    endloop
  endfacet
  facet normal 0 0 1
    outer loop
      vertex 0.217972 1.09201 1.6
      vertex 0 2 1.6
      vertex 0.0978851 1.38196 1.6
    endloop
  endfacet
  facet normal 0 0 1
    outer loop
      vertex 0.0978851 1.38196 1.6
      vertex 0 2 1.6
      vertex 0.0246124 1.68712 1.6
    endloop
  endfacet
  facet normal 0 0 1
    outer loop
      vertex 60 23 1.6
      vertex 62 21 1.6
      vertex 61.9754 21.3129 1.6
    endloop
  endfacet
  facet normal -0 0 1
    outer loop
      vertex 59.9384 7.78217 1.6
      vertex 62 2 1.6
      vertex 62 21 1.6
    endloop
  endfacet
  facet normal 0 0 1
    outer loop
      vertex 60 23 1.6
      vertex 61.9754 21.3129 1.6
      vertex 61.9021 21.618 1.6
    endloop
  endfacet
  facet normal -0 0 1
    outer loop
      vertex 59.9384 6.21783 1.6
      vertex 62 2 1.6
      vertex 60 7 1.6
    endloop
  endfacet
  facet normal 0 0 1
    outer loop
      vertex 60 23 1.6
      vertex 61.9021 21.618 1.6
      vertex 61.782 21.908 1.6
    endloop
  endfacet
  facet normal -0 0 1
    outer loop
      vertex 59.7553 5.45492 1.6
      vertex 62 2 1.6
      vertex 59.9384 6.21783 1.6
    endloop
  endfacet
  facet normal 0 0 1
    outer loop
      vertex 60 23 1.6
      vertex 61.782 21.908 1.6
      vertex 61.618 22.1756 1.6
    endloop
  endfacet
  facet normal -0 0 1
    outer loop
      vertex 59.455 4.73005 1.6
      vertex 62 2 1.6
      vertex 59.7553 5.45492 1.6
    endloop
  endfacet
  facet normal 0 0 1
    outer loop
      vertex 60 23 1.6
      vertex 61.618 22.1756 1.6
      vertex 61.4142 22.4142 1.6
    endloop
  endfacet
  facet normal -0 0 1
    outer loop
      vertex 59.0451 4.06107 1.6
      vertex 62 2 1.6
      vertex 59.455 4.73005 1.6
    endloop
  endfacet
  facet normal 0 0 1
    outer loop
      vertex 60 23 1.6
      vertex 61.4142 22.4142 1.6
      vertex 61.1756 22.618 1.6
    endloop
  endfacet
  facet normal -0 0 1
    outer loop
      vertex 58.5355 3.46447 1.6
      vertex 62 2 1.6
      vertex 59.0451 4.06107 1.6
    endloop
  endfacet
  facet normal 0 0 1
    outer loop
      vertex 60 23 1.6
      vertex 61.1756 22.618 1.6
      vertex 60.908 22.782 1.6
    endloop
  endfacet
  facet normal 0 0 1
    outer loop
      vertex 62 2 1.6
      vertex 58.5355 3.46447 1.6
      vertex 61.9754 1.68712 1.6
    endloop
  endfacet
  facet normal 0 0 1
    outer loop
      vertex 60 23 1.6
      vertex 60.908 22.782 1.6
      vertex 60.618 22.9021 1.6
    endloop
  endfacet
  facet normal 0 0 1
    outer loop
      vertex 61.9754 1.68712 1.6
      vertex 58.5355 3.46447 1.6
      vertex 61.9021 1.38196 1.6
    endloop
  endfacet
  facet normal 0 0 1
    outer loop
      vertex 60 23 1.6
      vertex 60.618 22.9021 1.6
      vertex 60.3129 22.9754 1.6
    endloop
  endfacet
  facet normal 0 0 1
    outer loop
      vertex 61.9021 1.38196 1.6
      vertex 58.5355 3.46447 1.6
      vertex 61.782 1.09201 1.6
    endloop
  endfacet
  facet normal 0 0 1
    outer loop
      vertex 57.6897 18.5705 1.6
      vertex 62 21 1.6
      vertex 60 23 1.6
    endloop
  endfacet
  facet normal 0 0 1
    outer loop
      vertex 61.782 1.09201 1.6
      vertex 58.5355 3.46447 1.6
      vertex 61.618 0.824417 1.6
    endloop
  endfacet
  facet normal 0 0 1
    outer loop
      vertex 61.618 0.824417 1.6
      vertex 58.5355 3.46447 1.6
      vertex 61.4142 0.585785 1.6
    endloop
  endfacet
  facet normal 0 0 1
    outer loop
      vertex 61.4142 0.585785 1.6
      vertex 58.5355 3.46447 1.6
      vertex 61.1756 0.381958 1.6
    endloop
  endfacet
  facet normal 0 0 1
    outer loop
      vertex 61.1756 0.381958 1.6
      vertex 58.5355 3.46447 1.6
      vertex 60.908 0.217972 1.6
    endloop
  endfacet
  facet normal 0 0 1
    outer loop
      vertex 60.908 0.217972 1.6
      vertex 58.5355 3.46447 1.6
      vertex 60.618 0.0978851 1.6
    endloop
  endfacet
  facet normal 0 0 1
    outer loop
      vertex 60.618 0.0978851 1.6
      vertex 58.5355 3.46447 1.6
      vertex 60.3129 0.0246124 1.6
    endloop
  endfacet
  facet normal 0 0 1
    outer loop
      vertex 60.3129 0.0246124 1.6
      vertex 58.5355 3.46447 1.6
      vertex 60 0 1.6
    endloop
  endfacet
  facet normal -0 0 1
    outer loop
      vertex 57.9389 2.95492 1.6
      vertex 60 0 1.6
      vertex 58.5355 3.46447 1.6
    endloop
  endfacet
  facet normal -0 0 1
    outer loop
      vertex 57.27 2.54497 1.6
      vertex 60 0 1.6
      vertex 57.9389 2.95492 1.6
    endloop
  endfacet
  facet normal -0 0 1
    outer loop
      vertex 56.5451 2.24472 1.6
      vertex 60 0 1.6
      vertex 57.27 2.54497 1.6
    endloop
  endfacet
  facet normal -0 0 1
    outer loop
      vertex 55.7822 2.06156 1.6
      vertex 60 0 1.6
      vertex 56.5451 2.24472 1.6
    endloop
  endfacet
  facet normal -0 0 1
    outer loop
      vertex 55 2 1.6
      vertex 60 0 1.6
      vertex 55.7822 2.06156 1.6
    endloop
  endfacet
  facet normal 0 0 1
    outer loop
      vertex 54.2178 2.06156 1.6
      vertex 60 0 1.6
      vertex 55 2 1.6
    endloop
  endfacet
  facet normal 0 0 1
    outer loop
      vertex 43.7822 2.06156 1.6
      vertex 54.2178 2.06156 1.6
      vertex 53.4549 2.24472 1.6
    endloop
  endfacet
  facet normal -0 0 1
    outer loop
      vertex 48 7 1.6
      vertex 50.0616 6.21783 1.6
      vertex 50 7 1.6
    endloop
  endfacet
  facet normal 0 0 1
    outer loop
      vertex 47.9384 6.21783 1.6
      vertex 50.0616 6.21783 1.6
      vertex 48 7 1.6
    endloop
  endfacet
  facet normal 0 0 1
    outer loop
      vertex 50.0616 6.21783 1.6
      vertex 47.9384 6.21783 1.6
      vertex 50.2447 5.45492 1.6
    endloop
  endfacet
  facet normal 0 0 1
    outer loop
      vertex 47.7553 5.45492 1.6
      vertex 50.2447 5.45492 1.6
      vertex 47.9384 6.21783 1.6
    endloop
  endfacet
  facet normal 0 0 1
    outer loop
      vertex 50.2447 5.45492 1.6
      vertex 47.7553 5.45492 1.6
      vertex 50.545 4.73005 1.6
    endloop
  endfacet
  facet normal 0 0 1
    outer loop
      vertex 47.455 4.73005 1.6
      vertex 50.545 4.73005 1.6
      vertex 47.7553 5.45492 1.6
    endloop
  endfacet
  facet normal 0 0 1
    outer loop
      vertex 50.545 4.73005 1.6
      vertex 47.455 4.73005 1.6
      vertex 50.9549 4.06107 1.6
    endloop
  endfacet
  facet normal 0 0 1
    outer loop
      vertex 47.0451 4.06107 1.6
      vertex 50.9549 4.06107 1.6
      vertex 47.455 4.73005 1.6
    endloop
  endfacet
  facet normal 0 0 1
    outer loop
      vertex 50.9549 4.06107 1.6
      vertex 47.0451 4.06107 1.6
      vertex 51.4645 3.46447 1.6
    endloop
  endfacet
  facet normal 0 0 1
    outer loop
      vertex 46.5355 3.46447 1.6
      vertex 51.4645 3.46447 1.6
      vertex 47.0451 4.06107 1.6
    endloop
  endfacet
  facet normal 0 0 1
    outer loop
      vertex 51.4645 3.46447 1.6
      vertex 46.5355 3.46447 1.6
      vertex 52.0611 2.95492 1.6
    endloop
  endfacet
  facet normal 0 0 1
    outer loop
      vertex 45.9389 2.95492 1.6
      vertex 52.0611 2.95492 1.6
      vertex 46.5355 3.46447 1.6
    endloop
  endfacet
  facet normal 0 0 1
    outer loop
      vertex 52.0611 2.95492 1.6
      vertex 45.9389 2.95492 1.6
      vertex 52.73 2.54497 1.6
    endloop
  endfacet
  facet normal 0 0 1
    outer loop
      vertex 45.27 2.54497 1.6
      vertex 52.73 2.54497 1.6
      vertex 45.9389 2.95492 1.6
    endloop
  endfacet
  facet normal 0 0 1
    outer loop
      vertex 52.73 2.54497 1.6
      vertex 45.27 2.54497 1.6
      vertex 53.4549 2.24472 1.6
    endloop
  endfacet
  facet normal 0 0 1
    outer loop
      vertex 44.5451 2.24472 1.6
      vertex 53.4549 2.24472 1.6
      vertex 45.27 2.54497 1.6
    endloop
  endfacet
  facet normal 0 0 1
    outer loop
      vertex 43.7822 2.06156 1.6
      vertex 53.4549 2.24472 1.6
      vertex 44.5451 2.24472 1.6
    endloop
  endfacet
  facet normal 0 0 1
    outer loop
      vertex 54.2178 2.06156 1.6
      vertex 43.7822 2.06156 1.6
      vertex 60 0 1.6
    endloop
  endfacet
  facet normal -0 0 1
    outer loop
      vertex 43 2 1.6
      vertex 60 0 1.6
      vertex 43.7822 2.06156 1.6
    endloop
  endfacet
  facet normal 0 0 1
    outer loop
      vertex 31 2 1.6
      vertex 43 2 1.6
      vertex 42.2178 2.06156 1.6
    endloop
  endfacet
  facet normal -0 0 1
    outer loop
      vertex 36 7 1.6
      vertex 38.0616 6.21783 1.6
      vertex 38 7 1.6
    endloop
  endfacet
  facet normal 0 0 1
    outer loop
      vertex 35.9384 6.21783 1.6
      vertex 38.0616 6.21783 1.6
      vertex 36 7 1.6
    endloop
  endfacet
  facet normal 0 0 1
    outer loop
      vertex 38.0616 6.21783 1.6
      vertex 35.9384 6.21783 1.6
      vertex 38.2447 5.45492 1.6
    endloop
  endfacet
  facet normal 0 0 1
    outer loop
      vertex 35.7553 5.45492 1.6
      vertex 38.2447 5.45492 1.6
      vertex 35.9384 6.21783 1.6
    endloop
  endfacet
  facet normal 0 0 1
    outer loop
      vertex 38.2447 5.45492 1.6
      vertex 35.7553 5.45492 1.6
      vertex 38.545 4.73005 1.6
    endloop
  endfacet
  facet normal 0 0 1
    outer loop
      vertex 35.455 4.73005 1.6
      vertex 38.545 4.73005 1.6
      vertex 35.7553 5.45492 1.6
    endloop
  endfacet
  facet normal 0 0 1
    outer loop
      vertex 38.545 4.73005 1.6
      vertex 35.455 4.73005 1.6
      vertex 38.9549 4.06107 1.6
    endloop
  endfacet
  facet normal 0 0 1
    outer loop
      vertex 35.0451 4.06107 1.6
      vertex 38.9549 4.06107 1.6
      vertex 35.455 4.73005 1.6
    endloop
  endfacet
  facet normal 0 0 1
    outer loop
      vertex 38.9549 4.06107 1.6
      vertex 35.0451 4.06107 1.6
      vertex 39.4645 3.46447 1.6
    endloop
  endfacet
  facet normal 0 0 1
    outer loop
      vertex 34.5355 3.46447 1.6
      vertex 39.4645 3.46447 1.6
      vertex 35.0451 4.06107 1.6
    endloop
  endfacet
  facet normal 0 0 1
    outer loop
      vertex 39.4645 3.46447 1.6
      vertex 34.5355 3.46447 1.6
      vertex 40.0611 2.95492 1.6
    endloop
  endfacet
  facet normal 0 0 1
    outer loop
      vertex 33.9389 2.95492 1.6
      vertex 40.0611 2.95492 1.6
      vertex 34.5355 3.46447 1.6
    endloop
  endfacet
  facet normal 0 0 1
    outer loop
      vertex 40.0611 2.95492 1.6
      vertex 33.9389 2.95492 1.6
      vertex 40.73 2.54497 1.6
    endloop
  endfacet
  facet normal 0 0 1
    outer loop
      vertex 33.27 2.54497 1.6
      vertex 40.73 2.54497 1.6
      vertex 33.9389 2.95492 1.6
    endloop
  endfacet
  facet normal 0 0 1
    outer loop
      vertex 40.73 2.54497 1.6
      vertex 33.27 2.54497 1.6
      vertex 41.4549 2.24472 1.6
    endloop
  endfacet
  facet normal 0 0 1
    outer loop
      vertex 32.5451 2.24472 1.6
      vertex 41.4549 2.24472 1.6
      vertex 33.27 2.54497 1.6
    endloop
  endfacet
  facet normal 0 0 1
    outer loop
      vertex 41.4549 2.24472 1.6
      vertex 32.5451 2.24472 1.6
      vertex 42.2178 2.06156 1.6
    endloop
  endfacet
  facet normal 0 0 1
    outer loop
      vertex 31.7822 2.06156 1.6
      vertex 42.2178 2.06156 1.6
      vertex 32.5451 2.24472 1.6
    endloop
  endfacet
  facet normal 0 0 1
    outer loop
      vertex 31 2 1.6
      vertex 42.2178 2.06156 1.6
      vertex 31.7822 2.06156 1.6
    endloop
  endfacet
  facet normal 0 0 1
    outer loop
      vertex 43 2 1.6
      vertex 31 2 1.6
      vertex 60 0 1.6
    endloop
  endfacet
  facet normal -0 0 1
    outer loop
      vertex 24 7 1.6
      vertex 26.0616 6.21783 1.6
      vertex 26 7 1.6
    endloop
  endfacet
  facet normal 0 0 1
    outer loop
      vertex 23.9384 6.21783 1.6
      vertex 26.0616 6.21783 1.6
      vertex 24 7 1.6
    endloop
  endfacet
  facet normal 0 0 1
    outer loop
      vertex 26.0616 6.21783 1.6
      vertex 23.9384 6.21783 1.6
      vertex 26.2447 5.45492 1.6
    endloop
  endfacet
  facet normal 0 0 1
    outer loop
      vertex 23.7553 5.45492 1.6
      vertex 26.2447 5.45492 1.6
      vertex 23.9384 6.21783 1.6
    endloop
  endfacet
  facet normal 0 0 1
    outer loop
      vertex 26.2447 5.45492 1.6
      vertex 23.7553 5.45492 1.6
      vertex 26.545 4.73005 1.6
    endloop
  endfacet
  facet normal 0 0 1
    outer loop
      vertex 23.455 4.73005 1.6
      vertex 26.545 4.73005 1.6
      vertex 23.7553 5.45492 1.6
    endloop
  endfacet
  facet normal 0 0 1
    outer loop
      vertex 26.545 4.73005 1.6
      vertex 23.455 4.73005 1.6
      vertex 26.9549 4.06107 1.6
    endloop
  endfacet
  facet normal 0 0 1
    outer loop
      vertex 23.0451 4.06107 1.6
      vertex 26.9549 4.06107 1.6
      vertex 23.455 4.73005 1.6
    endloop
  endfacet
  facet normal 0 0 1
    outer loop
      vertex 26.9549 4.06107 1.6
      vertex 23.0451 4.06107 1.6
      vertex 27.4645 3.46447 1.6
    endloop
  endfacet
  facet normal 0 0 1
    outer loop
      vertex 22.5355 3.46447 1.6
      vertex 27.4645 3.46447 1.6
      vertex 23.0451 4.06107 1.6
    endloop
  endfacet
  facet normal 0 0 1
    outer loop
      vertex 27.4645 3.46447 1.6
      vertex 22.5355 3.46447 1.6
      vertex 28.0611 2.95492 1.6
    endloop
  endfacet
  facet normal 0 0 1
    outer loop
      vertex 21.9389 2.95492 1.6
      vertex 28.0611 2.95492 1.6
      vertex 22.5355 3.46447 1.6
    endloop
  endfacet
  facet normal 0 0 1
    outer loop
      vertex 28.0611 2.95492 1.6
      vertex 21.9389 2.95492 1.6
      vertex 28.73 2.54497 1.6
    endloop
  endfacet
  facet normal 0 0 1
    outer loop
      vertex 21.27 2.54497 1.6
      vertex 28.73 2.54497 1.6
      vertex 21.9389 2.95492 1.6
    endloop
  endfacet
  facet normal 0 0 1
    outer loop
      vertex 28.73 2.54497 1.6
      vertex 21.27 2.54497 1.6
      vertex 29.4549 2.24472 1.6
    endloop
  endfacet
  facet normal 0 0 1
    outer loop
      vertex 20.5451 2.24472 1.6
      vertex 29.4549 2.24472 1.6
      vertex 21.27 2.54497 1.6
    endloop
  endfacet
  facet normal 0 0 1
    outer loop
      vertex 29.4549 2.24472 1.6
      vertex 20.5451 2.24472 1.6
      vertex 30.2178 2.06156 1.6
    endloop
  endfacet
  facet normal 0 0 1
    outer loop
      vertex 19.7822 2.06156 1.6
      vertex 30.2178 2.06156 1.6
      vertex 20.5451 2.24472 1.6
    endloop
  endfacet
  facet normal 0 0 1
    outer loop
      vertex 30.2178 2.06156 1.6
      vertex 19.7822 2.06156 1.6
      vertex 31 2 1.6
    endloop
  endfacet
  facet normal 0 0 1
    outer loop
      vertex 19 2 1.6
      vertex 31 2 1.6
      vertex 19.7822 2.06156 1.6
    endloop
  endfacet
  facet normal 0 0 1
    outer loop
      vertex 1.99998 0 1.6
      vertex 31 2 1.6
      vertex 19 2 1.6
    endloop
  endfacet
  facet normal -0 0 1
    outer loop
      vertex 12 7 1.6
      vertex 14.0616 6.21783 1.6
      vertex 14 7 1.6
    endloop
  endfacet
  facet normal 0 0 1
    outer loop
      vertex 11.9384 6.21783 1.6
      vertex 14.0616 6.21783 1.6
      vertex 12 7 1.6
    endloop
  endfacet
  facet normal 0 0 1
    outer loop
      vertex 14.0616 6.21783 1.6
      vertex 11.9384 6.21783 1.6
      vertex 14.2447 5.45492 1.6
    endloop
  endfacet
  facet normal 0 0 1
    outer loop
      vertex 11.7553 5.45492 1.6
      vertex 14.2447 5.45492 1.6
      vertex 11.9384 6.21783 1.6
    endloop
  endfacet
  facet normal 0 0 1
    outer loop
      vertex 14.2447 5.45492 1.6
      vertex 11.7553 5.45492 1.6
      vertex 14.545 4.73005 1.6
    endloop
  endfacet
  facet normal 0 0 1
    outer loop
      vertex 11.455 4.73005 1.6
      vertex 14.545 4.73005 1.6
      vertex 11.7553 5.45492 1.6
    endloop
  endfacet
  facet normal 0 0 1
    outer loop
      vertex 14.545 4.73005 1.6
      vertex 11.455 4.73005 1.6
      vertex 14.9549 4.06107 1.6
    endloop
  endfacet
  facet normal 0 0 1
    outer loop
      vertex 11.0451 4.06107 1.6
      vertex 14.9549 4.06107 1.6
      vertex 11.455 4.73005 1.6
    endloop
  endfacet
  facet normal 0 0 1
    outer loop
      vertex 14.9549 4.06107 1.6
      vertex 11.0451 4.06107 1.6
      vertex 15.4645 3.46447 1.6
    endloop
  endfacet
  facet normal 0 0 1
    outer loop
      vertex 10.5355 3.46447 1.6
      vertex 15.4645 3.46447 1.6
      vertex 11.0451 4.06107 1.6
    endloop
  endfacet
  facet normal 0 0 1
    outer loop
      vertex 15.4645 3.46447 1.6
      vertex 10.5355 3.46447 1.6
      vertex 16.0611 2.95492 1.6
    endloop
  endfacet
  facet normal 0 0 1
    outer loop
      vertex 9.93893 2.95492 1.6
      vertex 16.0611 2.95492 1.6
      vertex 10.5355 3.46447 1.6
    endloop
  endfacet
  facet normal 0 0 1
    outer loop
      vertex 16.0611 2.95492 1.6
      vertex 9.93893 2.95492 1.6
      vertex 16.73 2.54497 1.6
    endloop
  endfacet
  facet normal 0 0 1
    outer loop
      vertex 9.26995 2.54497 1.6
      vertex 16.73 2.54497 1.6
      vertex 9.93893 2.95492 1.6
    endloop
  endfacet
  facet normal 0 0 1
    outer loop
      vertex 16.73 2.54497 1.6
      vertex 9.26995 2.54497 1.6
      vertex 17.4549 2.24472 1.6
    endloop
  endfacet
  facet normal 0 0 1
    outer loop
      vertex 8.54508 2.24472 1.6
      vertex 17.4549 2.24472 1.6
      vertex 9.26995 2.54497 1.6
    endloop
  endfacet
  facet normal 0 0 1
    outer loop
      vertex 17.4549 2.24472 1.6
      vertex 8.54508 2.24472 1.6
      vertex 18.2178 2.06156 1.6
    endloop
  endfacet
  facet normal 0 0 1
    outer loop
      vertex 7.78217 2.06156 1.6
      vertex 18.2178 2.06156 1.6
      vertex 8.54508 2.24472 1.6
    endloop
  endfacet
  facet normal 0 0 1
    outer loop
      vertex 1.99998 0 1.6
      vertex 18.2178 2.06156 1.6
      vertex 7.78217 2.06156 1.6
    endloop
  endfacet
  facet normal 0 0 1
    outer loop
      vertex 18.2178 2.06156 1.6
      vertex 1.99998 0 1.6
      vertex 19 2 1.6
    endloop
  endfacet
  facet normal 0 0 1
    outer loop
      vertex 1.99998 0 1.6
      vertex 7.78217 2.06156 1.6
      vertex 7 2 1.6
    endloop
  endfacet
  facet normal 0 0 1
    outer loop
      vertex 31 2 1.6
      vertex 1.99998 0 1.6
      vertex 60 0 1.6
    endloop
  endfacet
  facet normal 0 0 1
    outer loop
      vertex 6.21783 2.06156 1.6
      vertex 1.99998 0 1.6
      vertex 7 2 1.6
    endloop
  endfacet
  facet normal 0 0 1
    outer loop
      vertex 5.45492 2.24472 1.6
      vertex 1.99998 0 1.6
      vertex 6.21783 2.06156 1.6
    endloop
  endfacet
  facet normal 0 0 1
    outer loop
      vertex 4.73005 2.54497 1.6
      vertex 1.99998 0 1.6
      vertex 5.45492 2.24472 1.6
    endloop
  endfacet
  facet normal 0 0 1
    outer loop
      vertex 4.06107 2.95492 1.6
      vertex 1.99998 0 1.6
      vertex 4.73005 2.54497 1.6
    endloop
  endfacet
  facet normal 0 0 1
    outer loop
      vertex 3.46447 3.46447 1.6
      vertex 1.99998 0 1.6
      vertex 4.06107 2.95492 1.6
    endloop
  endfacet
  facet normal 0 0 1
    outer loop
      vertex 2.95492 4.06107 1.6
      vertex 1.99998 0 1.6
      vertex 3.46447 3.46447 1.6
    endloop
  endfacet
  facet normal 0 0 1
    outer loop
      vertex 2.54497 4.73005 1.6
      vertex 1.99998 0 1.6
      vertex 2.95492 4.06107 1.6
    endloop
  endfacet
  facet normal 0 0 1
    outer loop
      vertex 2.24472 5.45492 1.6
      vertex 1.99998 0 1.6
      vertex 2.54497 4.73005 1.6
    endloop
  endfacet
  facet normal 0 0 1
    outer loop
      vertex 2.06156 6.21783 1.6
      vertex 1.99998 0 1.6
      vertex 2.24472 5.45492 1.6
    endloop
  endfacet
  facet normal 0 0 1
    outer loop
      vertex 1.99998 0 1.6
      vertex 2.06156 6.21783 1.6
      vertex 2 7 1.6
    endloop
  endfacet
  facet normal 0 0 1
    outer loop
      vertex 62 21 1.6
      vertex 59.0451 9.93893 1.6
      vertex 59.455 9.26995 1.6
    endloop
  endfacet
  facet normal -0 0 1
    outer loop
      vertex 58.0144 15.908 1.6
      vertex 59.0451 9.93893 1.6
      vertex 58.0573 16.0404 1.6
    endloop
  endfacet
  facet normal 0 0 1
    outer loop
      vertex 59.0451 9.93893 1.6
      vertex 58.0144 15.908 1.6
      vertex 58.5355 10.5355 1.6
    endloop
  endfacet
  facet normal -0 0 1
    outer loop
      vertex 57.9543 15.7837 1.6
      vertex 58.5355 10.5355 1.6
      vertex 58.0144 15.908 1.6
    endloop
  endfacet
  facet normal -0 0 1
    outer loop
      vertex 57.8771 15.6676 1.6
      vertex 58.5355 10.5355 1.6
      vertex 57.9543 15.7837 1.6
    endloop
  endfacet
  facet normal 0 0 1
    outer loop
      vertex 58.5355 10.5355 1.6
      vertex 57.8771 15.6676 1.6
      vertex 57.9389 11.0451 1.6
    endloop
  endfacet
  facet normal -0 0 1
    outer loop
      vertex 57.7827 15.5595 1.6
      vertex 57.9389 11.0451 1.6
      vertex 57.8771 15.6676 1.6
    endloop
  endfacet
  facet normal -0 0 1
    outer loop
      vertex 57.6746 15.4645 1.6
      vertex 57.9389 11.0451 1.6
      vertex 57.7827 15.5595 1.6
    endloop
  endfacet
  facet normal -0 0 1
    outer loop
      vertex 57.5557 15.3867 1.6
      vertex 57.9389 11.0451 1.6
      vertex 57.6746 15.4645 1.6
    endloop
  endfacet
  facet normal 0 0 1
    outer loop
      vertex 57.27 11.455 1.6
      vertex 57.5557 15.3867 1.6
      vertex 57.4259 15.3263 1.6
    endloop
  endfacet
  facet normal 0 0 1
    outer loop
      vertex 57.27 11.455 1.6
      vertex 57.4259 15.3263 1.6
      vertex 57.2853 15.2831 1.6
    endloop
  endfacet
  facet normal 0 0 1
    outer loop
      vertex 57.5557 15.3867 1.6
      vertex 57.27 11.455 1.6
      vertex 57.9389 11.0451 1.6
    endloop
  endfacet
  facet normal 0 0 1
    outer loop
      vertex 56.5451 11.7553 1.6
      vertex 57.2853 15.2831 1.6
      vertex 57.1339 15.2571 1.6
    endloop
  endfacet
  facet normal 0 0 1
    outer loop
      vertex 56.5451 11.7553 1.6
      vertex 57.1339 15.2571 1.6
      vertex 56.9717 15.2485 1.6
    endloop
  endfacet
  facet normal 0 0 1
    outer loop
      vertex 56.5451 11.7553 1.6
      vertex 56.9717 15.2485 1.6
      vertex 56.8094 15.2572 1.6
    endloop
  endfacet
  facet normal 0 0 1
    outer loop
      vertex 55.7822 11.9384 1.6
      vertex 56.8094 15.2572 1.6
      vertex 56.6579 15.2833 1.6
    endloop
  endfacet
  facet normal 0 0 1
    outer loop
      vertex 57.2853 15.2831 1.6
      vertex 56.5451 11.7553 1.6
      vertex 57.27 11.455 1.6
    endloop
  endfacet
  facet normal 0 0 1
    outer loop
      vertex 55.7822 11.9384 1.6
      vertex 56.6579 15.2833 1.6
      vertex 56.5172 15.3268 1.6
    endloop
  endfacet
  facet normal 0 0 1
    outer loop
      vertex 55.7822 11.9384 1.6
      vertex 56.5172 15.3268 1.6
      vertex 56.3872 15.3876 1.6
    endloop
  endfacet
  facet normal 0 0 1
    outer loop
      vertex 55.7822 11.9384 1.6
      vertex 56.3872 15.3876 1.6
      vertex 56.2681 15.4659 1.6
    endloop
  endfacet
  facet normal 0 0 1
    outer loop
      vertex 56.0656 15.6701 1.6
      vertex 55.2363 15.3125 1.6
      vertex 56.1597 15.5615 1.6
    endloop
  endfacet
  facet normal 0 0 1
    outer loop
      vertex 55.9886 15.7873 1.6
      vertex 55.2363 15.3125 1.6
      vertex 56.0656 15.6701 1.6
    endloop
  endfacet
  facet normal 0 0 1
    outer loop
      vertex 55.2363 15.3125 1.6
      vertex 55.9886 15.7873 1.6
      vertex 55.2363 15.7605 1.6
    endloop
  endfacet
  facet normal 0 0 1
    outer loop
      vertex 55.2363 15.7605 1.6
      vertex 55.9886 15.7873 1.6
      vertex 55.9287 15.913 1.6
    endloop
  endfacet
  facet normal 0 0 1
    outer loop
      vertex 55.2363 15.7605 1.6
      vertex 55.9287 15.913 1.6
      vertex 55.8859 16.0473 1.6
    endloop
  endfacet
  facet normal 0 0 1
    outer loop
      vertex 55.2363 15.7605 1.6
      vertex 55.8859 16.0473 1.6
      vertex 55.8602 16.1901 1.6
    endloop
  endfacet
  facet normal 0 0 1
    outer loop
      vertex 56.8094 15.2572 1.6
      vertex 55.7822 11.9384 1.6
      vertex 56.5451 11.7553 1.6
    endloop
  endfacet
  facet normal 0 0 1
    outer loop
      vertex 55.2363 15.7605 1.6
      vertex 55.8602 16.1901 1.6
      vertex 55.8517 16.3415 1.6
    endloop
  endfacet
  facet normal 0 0 1
    outer loop
      vertex 58.0502 16.6373 1.6
      vertex 57.9493 17.7815 1.6
      vertex 58.0179 16.7295 1.6
    endloop
  endfacet
  facet normal -0 0 1
    outer loop
      vertex 57.9314 17.7102 1.6
      vertex 58.0179 16.7295 1.6
      vertex 57.9493 17.7815 1.6
    endloop
  endfacet
  facet normal 0 0 1
    outer loop
      vertex 58.0179 16.7295 1.6
      vertex 57.9314 17.7102 1.6
      vertex 57.9764 16.8166 1.6
    endloop
  endfacet
  facet normal -0 0 1
    outer loop
      vertex 57.9063 17.6425 1.6
      vertex 57.9764 16.8166 1.6
      vertex 57.9314 17.7102 1.6
    endloop
  endfacet
  facet normal 0 0 1
    outer loop
      vertex 57.9764 16.8166 1.6
      vertex 57.9063 17.6425 1.6
      vertex 57.9257 16.8985 1.6
    endloop
  endfacet
  facet normal -0 0 1
    outer loop
      vertex 57.8741 17.5782 1.6
      vertex 57.9257 16.8985 1.6
      vertex 57.9063 17.6425 1.6
    endloop
  endfacet
  facet normal 0 0 1
    outer loop
      vertex 57.8741 17.5782 1.6
      vertex 57.8665 16.9745 1.6
      vertex 57.9257 16.8985 1.6
    endloop
  endfacet
  facet normal -0 0 1
    outer loop
      vertex 57.8347 17.5175 1.6
      vertex 57.8665 16.9745 1.6
      vertex 57.8741 17.5782 1.6
    endloop
  endfacet
  facet normal 0 0 1
    outer loop
      vertex 57.8347 17.5175 1.6
      vertex 57.7989 17.0432 1.6
      vertex 57.8665 16.9745 1.6
    endloop
  endfacet
  facet normal -0 0 1
    outer loop
      vertex 57.7883 17.4607 1.6
      vertex 57.7989 17.0432 1.6
      vertex 57.8347 17.5175 1.6
    endloop
  endfacet
  facet normal -0 0 1
    outer loop
      vertex 57.7344 17.4085 1.6
      vertex 57.7989 17.0432 1.6
      vertex 57.7883 17.4607 1.6
    endloop
  endfacet
  facet normal 0 0 1
    outer loop
      vertex 57.7344 17.4085 1.6
      vertex 57.7229 17.1045 1.6
      vertex 57.7989 17.0432 1.6
    endloop
  endfacet
  facet normal -0 0 1
    outer loop
      vertex 57.6732 17.3607 1.6
      vertex 57.7229 17.1045 1.6
      vertex 57.7344 17.4085 1.6
    endloop
  endfacet
  facet normal 0 0 1
    outer loop
      vertex 57.6732 17.3607 1.6
      vertex 57.6385 17.1585 1.6
      vertex 57.7229 17.1045 1.6
    endloop
  endfacet
  facet normal -0 0 1
    outer loop
      vertex 57.6044 17.3175 1.6
      vertex 57.6385 17.1585 1.6
      vertex 57.6732 17.3607 1.6
    endloop
  endfacet
  facet normal 0 0 1
    outer loop
      vertex 57.6044 17.3175 1.6
      vertex 57.5458 17.2052 1.6
      vertex 57.6385 17.1585 1.6
    endloop
  endfacet
  facet normal -0 0 1
    outer loop
      vertex 57.5283 17.2787 1.6
      vertex 57.5458 17.2052 1.6
      vertex 57.6044 17.3175 1.6
    endloop
  endfacet
  facet normal 0 0 1
    outer loop
      vertex 57.5458 17.2052 1.6
      vertex 57.5283 17.2787 1.6
      vertex 57.4447 17.2445 1.6
    endloop
  endfacet
  facet normal 0 0 1
    outer loop
      vertex 56.4236 17.2788 1.6
      vertex 56.4084 17.212 1.6
      vertex 56.5097 17.2445 1.6
    endloop
  endfacet
  facet normal 0 0 1
    outer loop
      vertex 56.3452 17.3176 1.6
      vertex 56.4084 17.212 1.6
      vertex 56.4236 17.2788 1.6
    endloop
  endfacet
  facet normal 0 0 1
    outer loop
      vertex 56.3452 17.3176 1.6
      vertex 56.3151 17.1712 1.6
      vertex 56.4084 17.212 1.6
    endloop
  endfacet
  facet normal 0 0 1
    outer loop
      vertex 56.2747 17.361 1.6
      vertex 56.3151 17.1712 1.6
      vertex 56.3452 17.3176 1.6
    endloop
  endfacet
  facet normal 0 0 1
    outer loop
      vertex 56.2747 17.361 1.6
      vertex 56.2299 17.122 1.6
      vertex 56.3151 17.1712 1.6
    endloop
  endfacet
  facet normal 0 0 1
    outer loop
      vertex 56.2119 17.4089 1.6
      vertex 56.2299 17.122 1.6
      vertex 56.2747 17.361 1.6
    endloop
  endfacet
  facet normal 0 0 1
    outer loop
      vertex 56.1528 17.0645 1.6
      vertex 56.2119 17.4089 1.6
      vertex 56.1569 17.4614 1.6
    endloop
  endfacet
  facet normal 0 0 1
    outer loop
      vertex 56.2119 17.4089 1.6
      vertex 56.1528 17.0645 1.6
      vertex 56.2299 17.122 1.6
    endloop
  endfacet
  facet normal 0 0 1
    outer loop
      vertex 56.0837 16.9987 1.6
      vertex 56.1569 17.4614 1.6
      vertex 56.1097 17.5185 1.6
    endloop
  endfacet
  facet normal 0 0 1
    outer loop
      vertex 56.1569 17.4614 1.6
      vertex 56.0837 16.9987 1.6
      vertex 56.1528 17.0645 1.6
    endloop
  endfacet
  facet normal 0 0 1
    outer loop
      vertex 56.0699 17.5801 1.6
      vertex 56.0837 16.9987 1.6
      vertex 56.1097 17.5185 1.6
    endloop
  endfacet
  facet normal 0 0 1
    outer loop
      vertex 56.0227 16.9245 1.6
      vertex 56.0699 17.5801 1.6
      vertex 56.0374 17.6455 1.6
    endloop
  endfacet
  facet normal 0 0 1
    outer loop
      vertex 56.0699 17.5801 1.6
      vertex 56.0227 16.9245 1.6
      vertex 56.0837 16.9987 1.6
    endloop
  endfacet
  facet normal 0 0 1
    outer loop
      vertex 55.9704 16.843 1.6
      vertex 56.0374 17.6455 1.6
      vertex 56.0122 17.7147 1.6
    endloop
  endfacet
  facet normal 0 0 1
    outer loop
      vertex 55.9277 16.7553 1.6
      vertex 56.0122 17.7147 1.6
      vertex 55.9941 17.7878 1.6
    endloop
  endfacet
  facet normal 0 0 1
    outer loop
      vertex 55.9277 16.7553 1.6
      vertex 55.9941 17.7878 1.6
      vertex 55.9833 17.8647 1.6
    endloop
  endfacet
  facet normal 0 0 1
    outer loop
      vertex 53.7467 18.7685 1.6
      vertex 55.9833 17.8647 1.6
      vertex 55.9797 17.9455 1.6
    endloop
  endfacet
  facet normal 0 0 1
    outer loop
      vertex 56.0374 17.6455 1.6
      vertex 55.9704 16.843 1.6
      vertex 56.0227 16.9245 1.6
    endloop
  endfacet
  facet normal 0 0 1
    outer loop
      vertex 56.2681 15.4659 1.6
      vertex 55.2363 15.3125 1.6
      vertex 55.7822 11.9384 1.6
    endloop
  endfacet
  facet normal 0 0 1
    outer loop
      vertex 55.2363 15.3125 1.6
      vertex 55 12 1.6
      vertex 55.7822 11.9384 1.6
    endloop
  endfacet
  facet normal -0 0 1
    outer loop
      vertex 54.7883 15.3125 1.6
      vertex 55 12 1.6
      vertex 55.2363 15.3125 1.6
    endloop
  endfacet
  facet normal 0 0 1
    outer loop
      vertex 55 12 1.6
      vertex 54.7883 15.3125 1.6
      vertex 54.2178 11.9384 1.6
    endloop
  endfacet
  facet normal 0 0 1
    outer loop
      vertex 53.7467 15.3125 1.6
      vertex 54.7883 15.7605 1.6
      vertex 54.1947 16.1445 1.6
    endloop
  endfacet
  facet normal 0 0 1
    outer loop
      vertex 53.7467 15.3125 1.6
      vertex 54.1947 16.1445 1.6
      vertex 53.7467 16.1445 1.6
    endloop
  endfacet
  facet normal 0 0 1
    outer loop
      vertex 54.7883 15.3125 1.6
      vertex 53.7467 15.3125 1.6
      vertex 54.2178 11.9384 1.6
    endloop
  endfacet
  facet normal -0 0 1
    outer loop
      vertex 53.2987 15.3125 1.6
      vertex 54.2178 11.9384 1.6
      vertex 53.7467 15.3125 1.6
    endloop
  endfacet
  facet normal 0 0 1
    outer loop
      vertex 54.2178 11.9384 1.6
      vertex 53.2987 15.3125 1.6
      vertex 53.4549 11.7553 1.6
    endloop
  endfacet
  facet normal 0 0 1
    outer loop
      vertex 53.4549 11.7553 1.6
      vertex 53.2987 15.3125 1.6
      vertex 52.73 11.455 1.6
    endloop
  endfacet
  facet normal 0 0 1
    outer loop
      vertex 54.1947 16.5925 1.6
      vertex 53.7467 18.7685 1.6
      vertex 53.7467 16.5925 1.6
    endloop
  endfacet
  facet normal 0 0 1
    outer loop
      vertex 51.7627 16.1445 1.6
      vertex 46.1557 18.4055 1.6
      vertex 46.0488 18.2796 1.6
    endloop
  endfacet
  facet normal 0 0 1
    outer loop
      vertex 51.7627 16.1445 1.6
      vertex 46.0488 18.2796 1.6
      vertex 45.9423 18.1413 1.6
    endloop
  endfacet
  facet normal 0 0 1
    outer loop
      vertex 51.7627 16.1445 1.6
      vertex 45.9423 18.1413 1.6
      vertex 45.8362 17.9905 1.6
    endloop
  endfacet
  facet normal 0 0 1
    outer loop
      vertex 51.7627 16.1445 1.6
      vertex 44.8757 15.3125 1.6
      vertex 45.9389 11.0451 1.6
    endloop
  endfacet
  facet normal 0 0 1
    outer loop
      vertex 51.7627 16.1445 1.6
      vertex 45.8362 17.9905 1.6
      vertex 45.7303 17.8273 1.6
    endloop
  endfacet
  facet normal 0 0 1
    outer loop
      vertex 51.7627 16.1445 1.6
      vertex 45.7303 17.8273 1.6
      vertex 45.6248 17.6516 1.6
    endloop
  endfacet
  facet normal 0 0 1
    outer loop
      vertex 51.7627 16.1445 1.6
      vertex 45.6248 17.6516 1.6
      vertex 45.5197 17.4635 1.6
    endloop
  endfacet
  facet normal 0 0 1
    outer loop
      vertex 51.7627 16.1445 1.6
      vertex 45.5197 17.4635 1.6
      vertex 45.4189 17.2682 1.6
    endloop
  endfacet
  facet normal 0 0 1
    outer loop
      vertex 51.7627 16.1445 1.6
      vertex 45.4189 17.2682 1.6
      vertex 45.3261 17.071 1.6
    endloop
  endfacet
  facet normal 0 0 1
    outer loop
      vertex 51.7627 16.1445 1.6
      vertex 45.3261 17.071 1.6
      vertex 45.2412 16.872 1.6
    endloop
  endfacet
  facet normal 0 0 1
    outer loop
      vertex 51.7627 16.1445 1.6
      vertex 45.9389 11.0451 1.6
      vertex 46.5355 10.5355 1.6
    endloop
  endfacet
  facet normal 0 0 1
    outer loop
      vertex 51.7627 16.1445 1.6
      vertex 45.2412 16.872 1.6
      vertex 45.1641 16.6711 1.6
    endloop
  endfacet
  facet normal 0 0 1
    outer loop
      vertex 51.7627 16.1445 1.6
      vertex 45.1641 16.6711 1.6
      vertex 45.0949 16.4682 1.6
    endloop
  endfacet
  facet normal 0 0 1
    outer loop
      vertex 51.7627 16.1445 1.6
      vertex 45.0949 16.4682 1.6
      vertex 45.0337 16.2635 1.6
    endloop
  endfacet
  facet normal 0 0 1
    outer loop
      vertex 51.7627 16.1445 1.6
      vertex 45.0337 16.2635 1.6
      vertex 44.9948 16.1165 1.6
    endloop
  endfacet
  facet normal 0 0 1
    outer loop
      vertex 51.7627 16.1445 1.6
      vertex 44.9948 16.1165 1.6
      vertex 44.961 15.965 1.6
    endloop
  endfacet
  facet normal 0 0 1
    outer loop
      vertex 51.7627 16.1445 1.6
      vertex 44.961 15.965 1.6
      vertex 44.9322 15.8088 1.6
    endloop
  endfacet
  facet normal 0 0 1
    outer loop
      vertex 51.7627 16.1445 1.6
      vertex 44.9322 15.8088 1.6
      vertex 44.9083 15.6479 1.6
    endloop
  endfacet
  facet normal 0 0 1
    outer loop
      vertex 51.7627 16.1445 1.6
      vertex 44.9083 15.6479 1.6
      vertex 44.8895 15.4825 1.6
    endloop
  endfacet
  facet normal 0 0 1
    outer loop
      vertex 51.7627 16.1445 1.6
      vertex 44.8895 15.4825 1.6
      vertex 44.8757 15.3125 1.6
    endloop
  endfacet
  facet normal 0 0 1
    outer loop
      vertex 45.9389 11.0451 1.6
      vertex 44.8757 15.3125 1.6
      vertex 45.27 11.455 1.6
    endloop
  endfacet
  facet normal 0 0 1
    outer loop
      vertex 44.8757 15.3125 1.6
      vertex 44.5451 11.7553 1.6
      vertex 45.27 11.455 1.6
    endloop
  endfacet
  facet normal -0 0 1
    outer loop
      vertex 44.4277 15.3125 1.6
      vertex 44.5451 11.7553 1.6
      vertex 44.8757 15.3125 1.6
    endloop
  endfacet
  facet normal 0 0 1
    outer loop
      vertex 43.7822 11.9384 1.6
      vertex 44.4277 15.3125 1.6
      vertex 43.9157 18.3205 1.6
    endloop
  endfacet
  facet normal 0 0 1
    outer loop
      vertex 44.4277 15.3125 1.6
      vertex 43.7822 11.9384 1.6
      vertex 44.5451 11.7553 1.6
    endloop
  endfacet
  facet normal 0 0 1
    outer loop
      vertex 43.9157 18.3205 1.6
      vertex 43.2363 15.3125 1.6
      vertex 43.7822 11.9384 1.6
    endloop
  endfacet
  facet normal 0 0 1
    outer loop
      vertex 43.2363 15.3125 1.6
      vertex 43 12 1.6
      vertex 43.7822 11.9384 1.6
    endloop
  endfacet
  facet normal -0 0 1
    outer loop
      vertex 42.7883 15.3125 1.6
      vertex 43 12 1.6
      vertex 43.2363 15.3125 1.6
    endloop
  endfacet
  facet normal 0 0 1
    outer loop
      vertex 43 12 1.6
      vertex 42.7883 15.3125 1.6
      vertex 42.2178 11.9384 1.6
    endloop
  endfacet
  facet normal 0 0 1
    outer loop
      vertex 41.7467 15.3125 1.6
      vertex 42.7883 15.7605 1.6
      vertex 42.1947 16.1445 1.6
    endloop
  endfacet
  facet normal 0 0 1
    outer loop
      vertex 41.7467 15.3125 1.6
      vertex 42.1947 16.1445 1.6
      vertex 41.7467 16.1445 1.6
    endloop
  endfacet
  facet normal 0 0 1
    outer loop
      vertex 42.7883 15.3125 1.6
      vertex 41.7467 15.3125 1.6
      vertex 42.2178 11.9384 1.6
    endloop
  endfacet
  facet normal -0 0 1
    outer loop
      vertex 41.2987 15.3125 1.6
      vertex 42.2178 11.9384 1.6
      vertex 41.7467 15.3125 1.6
    endloop
  endfacet
  facet normal 0 0 1
    outer loop
      vertex 42.2178 11.9384 1.6
      vertex 41.2987 15.3125 1.6
      vertex 41.4549 11.7553 1.6
    endloop
  endfacet
  facet normal 0 0 1
    outer loop
      vertex 41.4549 11.7553 1.6
      vertex 41.2987 15.3125 1.6
      vertex 40.73 11.455 1.6
    endloop
  endfacet
  facet normal 0 0 1
    outer loop
      vertex 42.1947 16.5925 1.6
      vertex 41.7467 18.7685 1.6
      vertex 41.7467 16.5925 1.6
    endloop
  endfacet
  facet normal 0 0 1
    outer loop
      vertex 39.7627 16.1445 1.6
      vertex 34.1516 16.3541 1.6
      vertex 34.1394 16.2464 1.6
    endloop
  endfacet
  facet normal 0 0 1
    outer loop
      vertex 39.7627 16.1445 1.6
      vertex 34.1394 16.2464 1.6
      vertex 34.1192 16.1413 1.6
    endloop
  endfacet
  facet normal 0 0 1
    outer loop
      vertex 39.7627 16.1445 1.6
      vertex 34.1192 16.1413 1.6
      vertex 34.0908 16.0387 1.6
    endloop
  endfacet
  facet normal 0 0 1
    outer loop
      vertex 39.7627 16.1445 1.6
      vertex 34.0908 16.0387 1.6
      vertex 34.0543 15.9388 1.6
    endloop
  endfacet
  facet normal 0 0 1
    outer loop
      vertex 39.7627 16.1445 1.6
      vertex 34.0543 15.9388 1.6
      vertex 34.0097 15.8415 1.6
    endloop
  endfacet
  facet normal 0 0 1
    outer loop
      vertex 39.7627 16.1445 1.6
      vertex 34.0097 15.8415 1.6
      vertex 33.9583 15.7496 1.6
    endloop
  endfacet
  facet normal 0 0 1
    outer loop
      vertex 39.4645 10.5355 1.6
      vertex 34.5355 10.5355 1.6
      vertex 38.9549 9.93893 1.6
    endloop
  endfacet
  facet normal 0 0 1
    outer loop
      vertex 39.4645 10.5355 1.6
      vertex 33.9008 15.6651 1.6
      vertex 34.5355 10.5355 1.6
    endloop
  endfacet
  facet normal -0 0 1
    outer loop
      vertex 33.8372 15.588 1.6
      vertex 34.5355 10.5355 1.6
      vertex 33.9008 15.6651 1.6
    endloop
  endfacet
  facet normal 0 0 1
    outer loop
      vertex 34.5355 10.5355 1.6
      vertex 33.8372 15.588 1.6
      vertex 33.9389 11.0451 1.6
    endloop
  endfacet
  facet normal -0 0 1
    outer loop
      vertex 33.7674 15.5184 1.6
      vertex 33.9389 11.0451 1.6
      vertex 33.8372 15.588 1.6
    endloop
  endfacet
  facet normal -0 0 1
    outer loop
      vertex 33.6916 15.4562 1.6
      vertex 33.9389 11.0451 1.6
      vertex 33.7674 15.5184 1.6
    endloop
  endfacet
  facet normal -0 0 1
    outer loop
      vertex 33.6097 15.4015 1.6
      vertex 33.9389 11.0451 1.6
      vertex 33.6916 15.4562 1.6
    endloop
  endfacet
  facet normal 0 0 1
    outer loop
      vertex 33.27 11.455 1.6
      vertex 33.6097 15.4015 1.6
      vertex 33.5231 15.3548 1.6
    endloop
  endfacet
  facet normal 0 0 1
    outer loop
      vertex 33.27 11.455 1.6
      vertex 33.5231 15.3548 1.6
      vertex 33.4327 15.3165 1.6
    endloop
  endfacet
  facet normal 0 0 1
    outer loop
      vertex 33.27 11.455 1.6
      vertex 33.4327 15.3165 1.6
      vertex 33.3384 15.2868 1.6
    endloop
  endfacet
  facet normal 0 0 1
    outer loop
      vertex 33.6097 15.4015 1.6
      vertex 33.27 11.455 1.6
      vertex 33.9389 11.0451 1.6
    endloop
  endfacet
  facet normal -0 0 1
    outer loop
      vertex 33.2403 15.2655 1.6
      vertex 33.27 11.455 1.6
      vertex 33.3384 15.2868 1.6
    endloop
  endfacet
  facet normal 0 0 1
    outer loop
      vertex 32.5451 11.7553 1.6
      vertex 33.2403 15.2655 1.6
      vertex 33.1384 15.2528 1.6
    endloop
  endfacet
  facet normal 0 0 1
    outer loop
      vertex 32.5451 11.7553 1.6
      vertex 33.1384 15.2528 1.6
      vertex 33.0327 15.2485 1.6
    endloop
  endfacet
  facet normal 0 0 1
    outer loop
      vertex 32.5451 11.7553 1.6
      vertex 33.0327 15.2485 1.6
      vertex 32.8549 15.2595 1.6
    endloop
  endfacet
  facet normal 0 0 1
    outer loop
      vertex 31.7822 11.9384 1.6
      vertex 32.8549 15.2595 1.6
      vertex 32.6884 15.2925 1.6
    endloop
  endfacet
  facet normal 0 0 1
    outer loop
      vertex 33.2403 15.2655 1.6
      vertex 32.5451 11.7553 1.6
      vertex 33.27 11.455 1.6
    endloop
  endfacet
  facet normal 0 0 1
    outer loop
      vertex 31.7822 11.9384 1.6
      vertex 32.6884 15.2925 1.6
      vertex 32.5332 15.3475 1.6
    endloop
  endfacet
  facet normal 0 0 1
    outer loop
      vertex 31.7822 11.9384 1.6
      vertex 32.5332 15.3475 1.6
      vertex 32.3891 15.4245 1.6
    endloop
  endfacet
  facet normal 0 0 1
    outer loop
      vertex 32.1347 15.6445 1.6
      vertex 31.2363 15.3125 1.6
      vertex 32.2563 15.5235 1.6
    endloop
  endfacet
  facet normal 0 0 1
    outer loop
      vertex 32.0286 15.7908 1.6
      vertex 31.2363 15.3125 1.6
      vertex 32.1347 15.6445 1.6
    endloop
  endfacet
  facet normal 0 0 1
    outer loop
      vertex 31.2363 15.3125 1.6
      vertex 32.0286 15.7908 1.6
      vertex 31.2363 15.7605 1.6
    endloop
  endfacet
  facet normal 0 0 1
    outer loop
      vertex 31.2363 15.7605 1.6
      vertex 32.0286 15.7908 1.6
      vertex 31.9419 15.9656 1.6
    endloop
  endfacet
  facet normal 0 0 1
    outer loop
      vertex 31.2363 15.7605 1.6
      vertex 31.9419 15.9656 1.6
      vertex 31.8744 16.169 1.6
    endloop
  endfacet
  facet normal 0 0 1
    outer loop
      vertex 31.2363 15.7605 1.6
      vertex 31.8744 16.169 1.6
      vertex 31.8262 16.401 1.6
    endloop
  endfacet
  facet normal 0 0 1
    outer loop
      vertex 32.8549 15.2595 1.6
      vertex 31.7822 11.9384 1.6
      vertex 32.5451 11.7553 1.6
    endloop
  endfacet
  facet normal 0 0 1
    outer loop
      vertex 31.2363 15.7605 1.6
      vertex 31.8262 16.401 1.6
      vertex 31.7973 16.6615 1.6
    endloop
  endfacet
  facet normal 0 0 1
    outer loop
      vertex 30.1947 16.5925 1.6
      vertex 31.7973 16.6615 1.6
      vertex 31.7877 16.9505 1.6
    endloop
  endfacet
  facet normal 0 0 1
    outer loop
      vertex 34.0917 17.9365 1.6
      vertex 34.0787 16.9265 1.6
      vertex 34.1214 16.783 1.6
    endloop
  endfacet
  facet normal 0 0 1
    outer loop
      vertex 34.0917 17.9365 1.6
      vertex 34.0188 17.0596 1.6
      vertex 34.0787 16.9265 1.6
    endloop
  endfacet
  facet normal 0 0 1
    outer loop
      vertex 34.0917 17.9365 1.6
      vertex 33.9418 17.1823 1.6
      vertex 34.0188 17.0596 1.6
    endloop
  endfacet
  facet normal 0 0 1
    outer loop
      vertex 34.0917 17.9365 1.6
      vertex 33.8477 17.2945 1.6
      vertex 33.9418 17.1823 1.6
    endloop
  endfacet
  facet normal 0 0 1
    outer loop
      vertex 34.0917 17.9365 1.6
      vertex 33.7414 17.3929 1.6
      vertex 33.8477 17.2945 1.6
    endloop
  endfacet
  facet normal -0 0 1
    outer loop
      vertex 33.6437 17.8725 1.6
      vertex 33.7414 17.3929 1.6
      vertex 34.0917 17.9365 1.6
    endloop
  endfacet
  facet normal 0 0 1
    outer loop
      vertex 33.6437 17.8725 1.6
      vertex 33.6279 17.4734 1.6
      vertex 33.7414 17.3929 1.6
    endloop
  endfacet
  facet normal 0 0 1
    outer loop
      vertex 33.3792 17.5807 1.6
      vertex 33.6437 17.8725 1.6
      vertex 33.623 17.9565 1.6
    endloop
  endfacet
  facet normal 0 0 1
    outer loop
      vertex 33.244 17.6075 1.6
      vertex 33.623 17.9565 1.6
      vertex 33.5997 18.0325 1.6
    endloop
  endfacet
  facet normal 0 0 1
    outer loop
      vertex 33.244 17.6075 1.6
      vertex 33.5997 18.0325 1.6
      vertex 33.5737 18.1005 1.6
    endloop
  endfacet
  facet normal 0 0 1
    outer loop
      vertex 33.244 17.6075 1.6
      vertex 33.5737 18.1005 1.6
      vertex 33.545 18.1605 1.6
    endloop
  endfacet
  facet normal 0 0 1
    outer loop
      vertex 33.244 17.6075 1.6
      vertex 33.545 18.1605 1.6
      vertex 33.5137 18.2125 1.6
    endloop
  endfacet
  facet normal 0 0 1
    outer loop
      vertex 33.6437 17.8725 1.6
      vertex 33.5072 17.536 1.6
      vertex 33.6279 17.4734 1.6
    endloop
  endfacet
  facet normal 0 0 1
    outer loop
      vertex 33.1017 17.6165 1.6
      vertex 33.5137 18.2125 1.6
      vertex 33.4797 18.2565 1.6
    endloop
  endfacet
  facet normal 0 0 1
    outer loop
      vertex 33.1017 17.6165 1.6
      vertex 33.4797 18.2565 1.6
      vertex 33.4187 18.3152 1.6
    endloop
  endfacet
  facet normal 0 0 1
    outer loop
      vertex 33.6437 17.8725 1.6
      vertex 33.3792 17.5807 1.6
      vertex 33.5072 17.536 1.6
    endloop
  endfacet
  facet normal 0 0 1
    outer loop
      vertex 33.1017 17.6165 1.6
      vertex 33.4187 18.3152 1.6
      vertex 33.3532 18.3632 1.6
    endloop
  endfacet
  facet normal 0 0 1
    outer loop
      vertex 33.1017 17.6165 1.6
      vertex 33.3532 18.3632 1.6
      vertex 33.2832 18.4005 1.6
    endloop
  endfacet
  facet normal 0 0 1
    outer loop
      vertex 33.623 17.9565 1.6
      vertex 33.244 17.6075 1.6
      vertex 33.3792 17.5807 1.6
    endloop
  endfacet
  facet normal 0 0 1
    outer loop
      vertex 33.1017 17.6165 1.6
      vertex 33.2832 18.4005 1.6
      vertex 33.2085 18.4272 1.6
    endloop
  endfacet
  facet normal 0 0 1
    outer loop
      vertex 33.1017 17.6165 1.6
      vertex 33.2085 18.4272 1.6
      vertex 33.1294 18.4432 1.6
    endloop
  endfacet
  facet normal 0 0 1
    outer loop
      vertex 33.5137 18.2125 1.6
      vertex 33.1017 17.6165 1.6
      vertex 33.244 17.6075 1.6
    endloop
  endfacet
  facet normal 0 0 1
    outer loop
      vertex 33.0457 18.4485 1.6
      vertex 33.1017 17.6165 1.6
      vertex 33.1294 18.4432 1.6
    endloop
  endfacet
  facet normal 0 0 1
    outer loop
      vertex 33.0457 18.4485 1.6
      vertex 33.0189 17.6133 1.6
      vertex 33.1017 17.6165 1.6
    endloop
  endfacet
  facet normal -0 0 1
    outer loop
      vertex 32.9772 18.4455 1.6
      vertex 33.0189 17.6133 1.6
      vertex 33.0457 18.4485 1.6
    endloop
  endfacet
  facet normal -0 0 1
    outer loop
      vertex 32.9097 18.4366 1.6
      vertex 33.0189 17.6133 1.6
      vertex 32.9772 18.4455 1.6
    endloop
  endfacet
  facet normal -0 0 1
    outer loop
      vertex 32.8432 18.4217 1.6
      vertex 33.0189 17.6133 1.6
      vertex 32.9097 18.4366 1.6
    endloop
  endfacet
  facet normal -0 0 1
    outer loop
      vertex 32.7777 18.4009 1.6
      vertex 33.0189 17.6133 1.6
      vertex 32.8432 18.4217 1.6
    endloop
  endfacet
  facet normal 0 0 1
    outer loop
      vertex 33.0189 17.6133 1.6
      vertex 32.7777 18.4009 1.6
      vertex 32.9373 17.6038 1.6
    endloop
  endfacet
  facet normal -0 0 1
    outer loop
      vertex 32.7132 18.3742 1.6
      vertex 32.9373 17.6038 1.6
      vertex 32.7777 18.4009 1.6
    endloop
  endfacet
  facet normal -0 0 1
    outer loop
      vertex 32.5935 18.2919 1.6
      vertex 32.9373 17.6038 1.6
      vertex 32.7132 18.3742 1.6
    endloop
  endfacet
  facet normal -0 0 1
    outer loop
      vertex 32.5404 18.2353 1.6
      vertex 32.9373 17.6038 1.6
      vertex 32.5935 18.2919 1.6
    endloop
  endfacet
  facet normal 0 0 1
    outer loop
      vertex 32.9373 17.6038 1.6
      vertex 32.5404 18.2353 1.6
      vertex 32.8569 17.588 1.6
    endloop
  endfacet
  facet normal 0 0 1
    outer loop
      vertex 32.5935 18.2919 1.6
      vertex 32.7132 18.3742 1.6
      vertex 32.6497 18.3415 1.6
    endloop
  endfacet
  facet normal -0 0 1
    outer loop
      vertex 32.4904 18.1715 1.6
      vertex 32.8569 17.588 1.6
      vertex 32.5404 18.2353 1.6
    endloop
  endfacet
  facet normal -0 0 1
    outer loop
      vertex 32.4434 18.1006 1.6
      vertex 32.8569 17.588 1.6
      vertex 32.4904 18.1715 1.6
    endloop
  endfacet
  facet normal 0 0 1
    outer loop
      vertex 32.8569 17.588 1.6
      vertex 32.4434 18.1006 1.6
      vertex 32.7777 17.5658 1.6
    endloop
  endfacet
  facet normal -0 0 1
    outer loop
      vertex 32.3995 18.0226 1.6
      vertex 32.7777 17.5658 1.6
      vertex 32.4434 18.1006 1.6
    endloop
  endfacet
  facet normal -0 0 1
    outer loop
      vertex 32.3587 17.9375 1.6
      vertex 32.7777 17.5658 1.6
      vertex 32.3995 18.0226 1.6
    endloop
  endfacet
  facet normal 0 0 1
    outer loop
      vertex 32.7777 17.5658 1.6
      vertex 32.3587 17.9375 1.6
      vertex 32.6996 17.5373 1.6
    endloop
  endfacet
  facet normal -0 0 1
    outer loop
      vertex 32.3225 17.8421 1.6
      vertex 32.6996 17.5373 1.6
      vertex 32.3587 17.9375 1.6
    endloop
  endfacet
  facet normal 0 0 1
    outer loop
      vertex 32.6996 17.5373 1.6
      vertex 32.3225 17.8421 1.6
      vertex 32.6227 17.5025 1.6
    endloop
  endfacet
  facet normal -0 0 1
    outer loop
      vertex 32.2926 17.7326 1.6
      vertex 32.6227 17.5025 1.6
      vertex 32.3225 17.8421 1.6
    endloop
  endfacet
  facet normal 0 0 1
    outer loop
      vertex 32.6227 17.5025 1.6
      vertex 32.2926 17.7326 1.6
      vertex 32.5483 17.4611 1.6
    endloop
  endfacet
  facet normal -0 0 1
    outer loop
      vertex 32.2689 17.609 1.6
      vertex 32.5483 17.4611 1.6
      vertex 32.2926 17.7326 1.6
    endloop
  endfacet
  facet normal 0 0 1
    outer loop
      vertex 32.5483 17.4611 1.6
      vertex 32.2689 17.609 1.6
      vertex 32.4779 17.4131 1.6
    endloop
  endfacet
  facet normal -0 0 1
    outer loop
      vertex 32.2516 17.4713 1.6
      vertex 32.4779 17.4131 1.6
      vertex 32.2689 17.609 1.6
    endloop
  endfacet
  facet normal 0 0 1
    outer loop
      vertex 32.4779 17.4131 1.6
      vertex 32.2516 17.4713 1.6
      vertex 32.4114 17.3582 1.6
    endloop
  endfacet
  facet normal 0 0 1
    outer loop
      vertex 32.4114 17.3582 1.6
      vertex 32.2516 17.4713 1.6
      vertex 32.3489 17.2967 1.6
    endloop
  endfacet
  facet normal -0 0 1
    outer loop
      vertex 32.2405 17.3194 1.6
      vertex 32.3489 17.2967 1.6
      vertex 32.2516 17.4713 1.6
    endloop
  endfacet
  facet normal 0 0 1
    outer loop
      vertex 32.3489 17.2967 1.6
      vertex 32.2405 17.3194 1.6
      vertex 32.2903 17.2285 1.6
    endloop
  endfacet
  facet normal 0 0 1
    outer loop
      vertex 32.2903 17.2285 1.6
      vertex 32.2405 17.3194 1.6
      vertex 32.2357 17.1535 1.6
    endloop
  endfacet
  facet normal 0 0 1
    outer loop
      vertex 32.3891 15.4245 1.6
      vertex 31.2363 15.3125 1.6
      vertex 31.7822 11.9384 1.6
    endloop
  endfacet
  facet normal 0 0 1
    outer loop
      vertex 31.2363 15.3125 1.6
      vertex 31 12 1.6
      vertex 31.7822 11.9384 1.6
    endloop
  endfacet
  facet normal -0 0 1
    outer loop
      vertex 30.7883 15.3125 1.6
      vertex 31 12 1.6
      vertex 31.2363 15.3125 1.6
    endloop
  endfacet
  facet normal 0 0 1
    outer loop
      vertex 31 12 1.6
      vertex 30.7883 15.3125 1.6
      vertex 30.2178 11.9384 1.6
    endloop
  endfacet
  facet normal 0 0 1
    outer loop
      vertex 29.7467 15.3125 1.6
      vertex 30.7883 15.7605 1.6
      vertex 30.1947 16.1445 1.6
    endloop
  endfacet
  facet normal 0 0 1
    outer loop
      vertex 29.7467 15.3125 1.6
      vertex 30.1947 16.1445 1.6
      vertex 29.7467 16.1445 1.6
    endloop
  endfacet
  facet normal 0 0 1
    outer loop
      vertex 30.7883 15.3125 1.6
      vertex 29.7467 15.3125 1.6
      vertex 30.2178 11.9384 1.6
    endloop
  endfacet
  facet normal -0 0 1
    outer loop
      vertex 29.2987 15.3125 1.6
      vertex 30.2178 11.9384 1.6
      vertex 29.7467 15.3125 1.6
    endloop
  endfacet
  facet normal 0 0 1
    outer loop
      vertex 30.2178 11.9384 1.6
      vertex 29.2987 15.3125 1.6
      vertex 29.4549 11.7553 1.6
    endloop
  endfacet
  facet normal 0 0 1
    outer loop
      vertex 29.4549 11.7553 1.6
      vertex 29.2987 15.3125 1.6
      vertex 28.73 11.455 1.6
    endloop
  endfacet
  facet normal 0 0 1
    outer loop
      vertex 30.1947 16.5925 1.6
      vertex 29.7467 18.7685 1.6
      vertex 29.7467 16.5925 1.6
    endloop
  endfacet
  facet normal 0 0 1
    outer loop
      vertex 27.7627 16.1445 1.6
      vertex 22.148 16.3657 1.6
      vertex 22.1251 16.2188 1.6
    endloop
  endfacet
  facet normal 0 0 1
    outer loop
      vertex 27.7627 16.1445 1.6
      vertex 22.1251 16.2188 1.6
      vertex 22.0869 16.079 1.6
    endloop
  endfacet
  facet normal 0 0 1
    outer loop
      vertex 27.7627 16.1445 1.6
      vertex 22.0869 16.079 1.6
      vertex 22.0334 15.9464 1.6
    endloop
  endfacet
  facet normal 0 0 1
    outer loop
      vertex 27.7627 16.1445 1.6
      vertex 22.0334 15.9464 1.6
      vertex 21.9647 15.821 1.6
    endloop
  endfacet
  facet normal 0 0 1
    outer loop
      vertex 27.4645 10.5355 1.6
      vertex 22.5355 10.5355 1.6
      vertex 26.9549 9.93893 1.6
    endloop
  endfacet
  facet normal 0 0 1
    outer loop
      vertex 27.4645 10.5355 1.6
      vertex 21.8807 15.7028 1.6
      vertex 22.5355 10.5355 1.6
    endloop
  endfacet
  facet normal 0 0 1
    outer loop
      vertex 22.5355 10.5355 1.6
      vertex 21.8807 15.7028 1.6
      vertex 21.9389 11.0451 1.6
    endloop
  endfacet
  facet normal -0 0 1
    outer loop
      vertex 21.7625 15.5735 1.6
      vertex 21.9389 11.0451 1.6
      vertex 21.8807 15.7028 1.6
    endloop
  endfacet
  facet normal -0 0 1
    outer loop
      vertex 21.6308 15.4678 1.6
      vertex 21.9389 11.0451 1.6
      vertex 21.7625 15.5735 1.6
    endloop
  endfacet
  facet normal 0 0 1
    outer loop
      vertex 21.27 11.455 1.6
      vertex 21.6308 15.4678 1.6
      vertex 21.4854 15.3855 1.6
    endloop
  endfacet
  facet normal 0 0 1
    outer loop
      vertex 21.27 11.455 1.6
      vertex 21.4854 15.3855 1.6
      vertex 21.3264 15.3268 1.6
    endloop
  endfacet
  facet normal 0 0 1
    outer loop
      vertex 21.6308 15.4678 1.6
      vertex 21.27 11.455 1.6
      vertex 21.9389 11.0451 1.6
    endloop
  endfacet
  facet normal -0 0 1
    outer loop
      vertex 21.1539 15.2915 1.6
      vertex 21.27 11.455 1.6
      vertex 21.3264 15.3268 1.6
    endloop
  endfacet
  facet normal 0 0 1
    outer loop
      vertex 20.5451 11.7553 1.6
      vertex 21.1539 15.2915 1.6
      vertex 20.9677 15.2798 1.6
    endloop
  endfacet
  facet normal 0 0 1
    outer loop
      vertex 20.5451 11.7553 1.6
      vertex 20.9677 15.2798 1.6
      vertex 20.8145 15.2871 1.6
    endloop
  endfacet
  facet normal 0 0 1
    outer loop
      vertex 19.7822 11.9384 1.6
      vertex 20.8145 15.2871 1.6
      vertex 20.671 15.309 1.6
    endloop
  endfacet
  facet normal 0 0 1
    outer loop
      vertex 21.1539 15.2915 1.6
      vertex 20.5451 11.7553 1.6
      vertex 21.27 11.455 1.6
    endloop
  endfacet
  facet normal 0 0 1
    outer loop
      vertex 19.7822 11.9384 1.6
      vertex 20.671 15.309 1.6
      vertex 20.5372 15.3455 1.6
    endloop
  endfacet
  facet normal 0 0 1
    outer loop
      vertex 19.7822 11.9384 1.6
      vertex 20.5372 15.3455 1.6
      vertex 20.413 15.3967 1.6
    endloop
  endfacet
  facet normal 0 0 1
    outer loop
      vertex 19.7822 11.9384 1.6
      vertex 20.413 15.3967 1.6
      vertex 20.2985 15.4624 1.6
    endloop
  endfacet
  facet normal 0 0 1
    outer loop
      vertex 20.1011 15.6352 1.6
      vertex 19.2363 15.3438 1.6
      vertex 20.1937 15.5428 1.6
    endloop
  endfacet
  facet normal 0 0 1
    outer loop
      vertex 20.0228 15.7371 1.6
      vertex 19.2363 15.3438 1.6
      vertex 20.1011 15.6352 1.6
    endloop
  endfacet
  facet normal 0 0 1
    outer loop
      vertex 19.2363 15.3438 1.6
      vertex 20.0228 15.7371 1.6
      vertex 19.2363 15.7918 1.6
    endloop
  endfacet
  facet normal -0 0 1
    outer loop
      vertex 19.2363 15.7918 1.6
      vertex 20.0228 15.7371 1.6
      vertex 19.9587 15.8485 1.6
    endloop
  endfacet
  facet normal 0 0 1
    outer loop
      vertex 19.2363 15.7918 1.6
      vertex 19.9587 15.8485 1.6
      vertex 19.9088 15.9694 1.6
    endloop
  endfacet
  facet normal 0 0 1
    outer loop
      vertex 19.2363 15.7918 1.6
      vertex 19.9088 15.9694 1.6
      vertex 19.8731 16.0998 1.6
    endloop
  endfacet
  facet normal 0 0 1
    outer loop
      vertex 20.8145 15.2871 1.6
      vertex 19.7822 11.9384 1.6
      vertex 20.5451 11.7553 1.6
    endloop
  endfacet
  facet normal 0 0 1
    outer loop
      vertex 19.2363 15.7918 1.6
      vertex 19.8731 16.0998 1.6
      vertex 19.8517 16.2398 1.6
    endloop
  endfacet
  facet normal 0 0 1
    outer loop
      vertex 22.0797 16.9708 1.6
      vertex 21.9637 18.3517 1.6
      vertex 22.0206 17.1011 1.6
    endloop
  endfacet
  facet normal 0 0 1
    outer loop
      vertex 21.9637 18.3517 1.6
      vertex 21.9445 17.2214 1.6
      vertex 22.0206 17.1011 1.6
    endloop
  endfacet
  facet normal 0 0 1
    outer loop
      vertex 21.9637 18.3517 1.6
      vertex 21.8517 17.3317 1.6
      vertex 21.9445 17.2214 1.6
    endloop
  endfacet
  facet normal 0 0 1
    outer loop
      vertex 21.9637 18.3517 1.6
      vertex 21.7468 17.4283 1.6
      vertex 21.8517 17.3317 1.6
    endloop
  endfacet
  facet normal 0 0 1
    outer loop
      vertex 21.9637 18.3517 1.6
      vertex 21.6342 17.5073 1.6
      vertex 21.7468 17.4283 1.6
    endloop
  endfacet
  facet normal 0 0 1
    outer loop
      vertex 21.9637 18.3517 1.6
      vertex 21.5139 17.5687 1.6
      vertex 21.6342 17.5073 1.6
    endloop
  endfacet
  facet normal 0 0 1
    outer loop
      vertex 21.9637 18.3517 1.6
      vertex 21.3859 17.6126 1.6
      vertex 21.5139 17.5687 1.6
    endloop
  endfacet
  facet normal 0 0 1
    outer loop
      vertex 21.9637 18.3517 1.6
      vertex 21.2501 17.639 1.6
      vertex 21.3859 17.6126 1.6
    endloop
  endfacet
  facet normal -0 0 1
    outer loop
      vertex 20.6597 18.3517 1.6
      vertex 21.2501 17.639 1.6
      vertex 21.9637 18.3517 1.6
    endloop
  endfacet
  facet normal 0 0 1
    outer loop
      vertex 21.2501 17.639 1.6
      vertex 20.6597 18.3517 1.6
      vertex 21.1067 17.6477 1.6
    endloop
  endfacet
  facet normal 0 0 1
    outer loop
      vertex 21.1067 17.6477 1.6
      vertex 20.6597 18.3517 1.6
      vertex 20.9965 17.6416 1.6
    endloop
  endfacet
  facet normal 0 0 1
    outer loop
      vertex 20.9965 17.6416 1.6
      vertex 20.6597 18.3517 1.6
      vertex 20.8879 17.6231 1.6
    endloop
  endfacet
  facet normal 0 0 1
    outer loop
      vertex 20.8879 17.6231 1.6
      vertex 20.6597 18.3517 1.6
      vertex 20.7809 17.5922 1.6
    endloop
  endfacet
  facet normal 0 0 1
    outer loop
      vertex 20.7809 17.5922 1.6
      vertex 20.6597 18.3517 1.6
      vertex 20.6756 17.5491 1.6
    endloop
  endfacet
  facet normal 0 0 1
    outer loop
      vertex 20.6597 18.3517 1.6
      vertex 20.5718 17.4936 1.6
      vertex 20.6756 17.5491 1.6
    endloop
  endfacet
  facet normal 0 -0 1
    outer loop
      vertex 20.5718 17.4936 1.6
      vertex 20.6597 18.3517 1.6
      vertex 20.4697 17.4257 1.6
    endloop
  endfacet
  facet normal 0 0 1
    outer loop
      vertex 20.2997 16.3038 1.6
      vertex 21.7077 16.4938 1.6
      vertex 21.7027 16.6086 1.6
    endloop
  endfacet
  facet normal 0 0 1
    outer loop
      vertex 20.9827 17.2637 1.6
      vertex 21.7027 16.6086 1.6
      vertex 21.688 16.715 1.6
    endloop
  endfacet
  facet normal 0 0 1
    outer loop
      vertex 21.7077 16.4938 1.6
      vertex 20.2997 16.3038 1.6
      vertex 21.7024 16.3726 1.6
    endloop
  endfacet
  facet normal 0 0 1
    outer loop
      vertex 21.1012 17.258 1.6
      vertex 21.688 16.715 1.6
      vertex 21.6634 16.813 1.6
    endloop
  endfacet
  facet normal 0 0 1
    outer loop
      vertex 21.7024 16.3726 1.6
      vertex 20.2997 16.3038 1.6
      vertex 21.6866 16.2596 1.6
    endloop
  endfacet
  facet normal 0 0 1
    outer loop
      vertex 21.2089 17.2407 1.6
      vertex 21.6634 16.813 1.6
      vertex 21.629 16.9026 1.6
    endloop
  endfacet
  facet normal 0 -0 1
    outer loop
      vertex 20.3195 16.2018 1.6
      vertex 21.6866 16.2596 1.6
      vertex 20.2997 16.3038 1.6
    endloop
  endfacet
  facet normal 0 0 1
    outer loop
      vertex 21.2089 17.2407 1.6
      vertex 21.629 16.9026 1.6
      vertex 21.5847 16.9839 1.6
    endloop
  endfacet
  facet normal 0 0 1
    outer loop
      vertex 21.6866 16.2596 1.6
      vertex 20.3195 16.2018 1.6
      vertex 21.6602 16.155 1.6
    endloop
  endfacet
  facet normal 0 0 1
    outer loop
      vertex 21.3057 17.212 1.6
      vertex 21.5847 16.9839 1.6
      vertex 21.5307 17.0567 1.6
    endloop
  endfacet
  facet normal 0 0 1
    outer loop
      vertex 21.6602 16.155 1.6
      vertex 20.3195 16.2018 1.6
      vertex 21.6232 16.0586 1.6
    endloop
  endfacet
  facet normal 0 0 1
    outer loop
      vertex 21.3057 17.212 1.6
      vertex 21.5307 17.0567 1.6
      vertex 21.4666 17.12 1.6
    endloop
  endfacet
  facet normal 0 -0 1
    outer loop
      vertex 21.085 15.6701 1.6
      vertex 21.6232 16.0586 1.6
      vertex 20.3195 16.2018 1.6
    endloop
  endfacet
  facet normal 0 0 1
    outer loop
      vertex 21.3057 17.212 1.6
      vertex 21.4666 17.12 1.6
      vertex 21.3916 17.1717 1.6
    endloop
  endfacet
  facet normal 0 0 1
    outer loop
      vertex 21.6232 16.0586 1.6
      vertex 21.085 15.6701 1.6
      vertex 21.5757 15.9706 1.6
    endloop
  endfacet
  facet normal 0 0 1
    outer loop
      vertex 21.5847 16.9839 1.6
      vertex 21.3057 17.212 1.6
      vertex 21.2089 17.2407 1.6
    endloop
  endfacet
  facet normal 0 -0 1
    outer loop
      vertex 21.1901 15.689 1.6
      vertex 21.5757 15.9706 1.6
      vertex 21.085 15.6701 1.6
    endloop
  endfacet
  facet normal 0 0 1
    outer loop
      vertex 21.6634 16.813 1.6
      vertex 21.2089 17.2407 1.6
      vertex 21.1012 17.258 1.6
    endloop
  endfacet
  facet normal 0 0 1
    outer loop
      vertex 21.5757 15.9706 1.6
      vertex 21.1901 15.689 1.6
      vertex 21.5177 15.8908 1.6
    endloop
  endfacet
  facet normal 0 0 1
    outer loop
      vertex 21.688 16.715 1.6
      vertex 21.1012 17.258 1.6
      vertex 20.9827 17.2637 1.6
    endloop
  endfacet
  facet normal 0 0 1
    outer loop
      vertex 21.3724 15.7646 1.6
      vertex 21.1901 15.689 1.6
      vertex 21.2859 15.7205 1.6
    endloop
  endfacet
  facet normal 0 0 1
    outer loop
      vertex 21.7027 16.6086 1.6
      vertex 20.9827 17.2637 1.6
      vertex 20.2997 16.3038 1.6
    endloop
  endfacet
  facet normal 0 0 1
    outer loop
      vertex 21.4497 15.8214 1.6
      vertex 21.1901 15.689 1.6
      vertex 21.3724 15.7646 1.6
    endloop
  endfacet
  facet normal 0 0 1
    outer loop
      vertex 20.2997 16.3038 1.6
      vertex 20.9827 17.2637 1.6
      vertex 20.9071 17.2613 1.6
    endloop
  endfacet
  facet normal 0 0 1
    outer loop
      vertex 21.5177 15.8908 1.6
      vertex 21.1901 15.689 1.6
      vertex 21.4497 15.8214 1.6
    endloop
  endfacet
  facet normal 0 0 1
    outer loop
      vertex 20.2997 16.3038 1.6
      vertex 20.9071 17.2613 1.6
      vertex 20.8364 17.2539 1.6
    endloop
  endfacet
  facet normal 0 0 1
    outer loop
      vertex 21.085 15.6701 1.6
      vertex 20.3195 16.2018 1.6
      vertex 20.9707 15.6638 1.6
    endloop
  endfacet
  facet normal 0 0 1
    outer loop
      vertex 20.5112 17.1095 1.6
      vertex 20.8364 17.2539 1.6
      vertex 20.7707 17.2415 1.6
    endloop
  endfacet
  facet normal -0 -0 1
    outer loop
      vertex 20.3459 16.1086 1.6
      vertex 20.9707 15.6638 1.6
      vertex 20.3195 16.2018 1.6
    endloop
  endfacet
  facet normal 0 0 1
    outer loop
      vertex 20.5555 17.1436 1.6
      vertex 20.7707 17.2415 1.6
      vertex 20.7098 17.2242 1.6
    endloop
  endfacet
  facet normal 0 0 1
    outer loop
      vertex 20.5555 17.1436 1.6
      vertex 20.7098 17.2242 1.6
      vertex 20.6538 17.2019 1.6
    endloop
  endfacet
  facet normal 0 0 1
    outer loop
      vertex 20.9707 15.6638 1.6
      vertex 20.3459 16.1086 1.6
      vertex 20.8777 15.6682 1.6
    endloop
  endfacet
  facet normal 0 0 1
    outer loop
      vertex 20.5555 17.1436 1.6
      vertex 20.6538 17.2019 1.6
      vertex 20.6027 17.1747 1.6
    endloop
  endfacet
  facet normal -0 -0 1
    outer loop
      vertex 20.3787 16.0243 1.6
      vertex 20.8777 15.6682 1.6
      vertex 20.3459 16.1086 1.6
    endloop
  endfacet
  facet normal 0 0 1
    outer loop
      vertex 20.7707 17.2415 1.6
      vertex 20.5555 17.1436 1.6
      vertex 20.5112 17.1095 1.6
    endloop
  endfacet
  facet normal 0 0 1
    outer loop
      vertex 20.8777 15.6682 1.6
      vertex 20.3787 16.0243 1.6
      vertex 20.7917 15.6815 1.6
    endloop
  endfacet
  facet normal 0 0 1
    outer loop
      vertex 20.8364 17.2539 1.6
      vertex 20.5112 17.1095 1.6
      vertex 20.4699 17.0725 1.6
    endloop
  endfacet
  facet normal 0 0 1
    outer loop
      vertex 20.4315 17.0325 1.6
      vertex 20.8364 17.2539 1.6
      vertex 20.4699 17.0725 1.6
    endloop
  endfacet
  facet normal -0 -0 1
    outer loop
      vertex 20.4179 15.9486 1.6
      vertex 20.7917 15.6815 1.6
      vertex 20.3787 16.0243 1.6
    endloop
  endfacet
  facet normal 0 0 1
    outer loop
      vertex 20.8364 17.2539 1.6
      vertex 20.4315 17.0325 1.6
      vertex 20.2997 16.3038 1.6
    endloop
  endfacet
  facet normal 0 0 1
    outer loop
      vertex 20.7917 15.6815 1.6
      vertex 20.4179 15.9486 1.6
      vertex 20.7124 15.7038 1.6
    endloop
  endfacet
  facet normal 0 0 1
    outer loop
      vertex 20.2997 16.3038 1.6
      vertex 20.4315 17.0325 1.6
      vertex 20.3961 16.9896 1.6
    endloop
  endfacet
  facet normal -0 -0 1
    outer loop
      vertex 20.4635 15.8818 1.6
      vertex 20.7124 15.7038 1.6
      vertex 20.4179 15.9486 1.6
    endloop
  endfacet
  facet normal 0 0 1
    outer loop
      vertex 20.2997 16.3038 1.6
      vertex 20.3961 16.9896 1.6
      vertex 20.3637 16.9438 1.6
    endloop
  endfacet
  facet normal 0 0 1
    outer loop
      vertex 20.7124 15.7038 1.6
      vertex 20.4635 15.8818 1.6
      vertex 20.64 15.7349 1.6
    endloop
  endfacet
  facet normal 0 0 1
    outer loop
      vertex 20.5744 15.7749 1.6
      vertex 20.4635 15.8818 1.6
      vertex 20.5157 15.8238 1.6
    endloop
  endfacet
  facet normal 0 0 1
    outer loop
      vertex 20.64 15.7349 1.6
      vertex 20.4635 15.8818 1.6
      vertex 20.5744 15.7749 1.6
    endloop
  endfacet
  facet normal 0 0 1
    outer loop
      vertex 19.9157 17.0077 1.6
      vertex 20.2997 16.3038 1.6
      vertex 20.3637 16.9438 1.6
    endloop
  endfacet
  facet normal 0 0 1
    outer loop
      vertex 20.2997 16.3038 1.6
      vertex 19.9157 17.0077 1.6
      vertex 19.8517 16.2398 1.6
    endloop
  endfacet
  facet normal 0 0 1
    outer loop
      vertex 20.2985 15.4624 1.6
      vertex 19.2363 15.3438 1.6
      vertex 19.7822 11.9384 1.6
    endloop
  endfacet
  facet normal 0 0 1
    outer loop
      vertex 19.2363 15.3438 1.6
      vertex 19 12 1.6
      vertex 19.7822 11.9384 1.6
    endloop
  endfacet
  facet normal -0 0 1
    outer loop
      vertex 18.7883 15.3438 1.6
      vertex 19 12 1.6
      vertex 19.2363 15.3438 1.6
    endloop
  endfacet
  facet normal 0 0 1
    outer loop
      vertex 19 12 1.6
      vertex 18.7883 15.3438 1.6
      vertex 18.2178 11.9384 1.6
    endloop
  endfacet
  facet normal 0 0 1
    outer loop
      vertex 17.7467 15.3438 1.6
      vertex 18.7883 15.7918 1.6
      vertex 18.1947 16.1758 1.6
    endloop
  endfacet
  facet normal 0 0 1
    outer loop
      vertex 17.7467 15.3438 1.6
      vertex 18.1947 16.1758 1.6
      vertex 17.7467 16.1758 1.6
    endloop
  endfacet
  facet normal 0 0 1
    outer loop
      vertex 18.7883 15.3438 1.6
      vertex 17.7467 15.3438 1.6
      vertex 18.2178 11.9384 1.6
    endloop
  endfacet
  facet normal -0 0 1
    outer loop
      vertex 17.2987 15.3438 1.6
      vertex 18.2178 11.9384 1.6
      vertex 17.7467 15.3438 1.6
    endloop
  endfacet
  facet normal 0 0 1
    outer loop
      vertex 18.2178 11.9384 1.6
      vertex 17.2987 15.3438 1.6
      vertex 17.4549 11.7553 1.6
    endloop
  endfacet
  facet normal 0 0 1
    outer loop
      vertex 17.4549 11.7553 1.6
      vertex 17.2987 15.3438 1.6
      vertex 16.73 11.455 1.6
    endloop
  endfacet
  facet normal 0 0 1
    outer loop
      vertex 18.1947 16.6238 1.6
      vertex 17.7467 18.7997 1.6
      vertex 17.7467 16.6238 1.6
    endloop
  endfacet
  facet normal 0 0 1
    outer loop
      vertex 15.7627 16.1758 1.6
      vertex 10.1557 16.1445 1.6
      vertex 9.70766 15.3125 1.6
    endloop
  endfacet
  facet normal 0 0 1
    outer loop
      vertex 15.4645 10.5355 1.6
      vertex 10.5355 10.5355 1.6
      vertex 14.9549 9.93893 1.6
    endloop
  endfacet
  facet normal 0 0 1
    outer loop
      vertex 9.70766 15.3125 1.6
      vertex 10.1557 16.1445 1.6
      vertex 9.70766 16.1445 1.6
    endloop
  endfacet
  facet normal 0 0 1
    outer loop
      vertex 10.5355 10.5355 1.6
      vertex 9.70766 15.3125 1.6
      vertex 9.93893 11.0451 1.6
    endloop
  endfacet
  facet normal 0 0 1
    outer loop
      vertex 9.70766 15.3125 1.6
      vertex 9.26995 11.455 1.6
      vertex 9.93893 11.0451 1.6
    endloop
  endfacet
  facet normal 0 0 1
    outer loop
      vertex 8.54508 11.7553 1.6
      vertex 9.70766 15.3125 1.6
      vertex 9.25966 15.3125 1.6
    endloop
  endfacet
  facet normal 0 0 1
    outer loop
      vertex 9.70766 15.3125 1.6
      vertex 8.54508 11.7553 1.6
      vertex 9.26995 11.455 1.6
    endloop
  endfacet
  facet normal 0 0 1
    outer loop
      vertex 10.1557 16.5925 1.6
      vertex 9.70766 18.7685 1.6
      vertex 9.70766 16.5925 1.6
    endloop
  endfacet
  facet normal 0 0 1
    outer loop
      vertex 5.74673 15.3125 1.6
      vertex 6.78835 15.7605 1.6
      vertex 6.19473 16.1445 1.6
    endloop
  endfacet
  facet normal 0 0 1
    outer loop
      vertex 5.74673 15.3125 1.6
      vertex 6.19473 16.1445 1.6
      vertex 5.74673 16.1445 1.6
    endloop
  endfacet
  facet normal 0 0 1
    outer loop
      vertex 6.78835 15.3125 1.6
      vertex 5.74673 15.3125 1.6
      vertex 6.21783 11.9384 1.6
    endloop
  endfacet
  facet normal -0 0 1
    outer loop
      vertex 5.29874 15.3125 1.6
      vertex 6.21783 11.9384 1.6
      vertex 5.74673 15.3125 1.6
    endloop
  endfacet
  facet normal 0 0 1
    outer loop
      vertex 6.21783 11.9384 1.6
      vertex 5.29874 15.3125 1.6
      vertex 5.45492 11.7553 1.6
    endloop
  endfacet
  facet normal 0 0 1
    outer loop
      vertex 5.45492 11.7553 1.6
      vertex 5.29874 15.3125 1.6
      vertex 4.73005 11.455 1.6
    endloop
  endfacet
  facet normal 0 0 1
    outer loop
      vertex 6.19473 16.5925 1.6
      vertex 5.74673 18.7685 1.6
      vertex 5.74673 16.5925 1.6
    endloop
  endfacet
  facet normal 0 0 1
    outer loop
      vertex 5.29874 17.8855 1.6
      vertex 4.30974 16.5925 1.6
      vertex 5.29874 16.5925 1.6
    endloop
  endfacet
  facet normal 0 0 1
    outer loop
      vertex 9.25966 17.8855 1.6
      vertex 8.27066 16.5925 1.6
      vertex 9.25966 16.5925 1.6
    endloop
  endfacet
  facet normal 0 0 1
    outer loop
      vertex 17.2987 17.9167 1.6
      vertex 16.3097 16.6238 1.6
      vertex 17.2987 16.6238 1.6
    endloop
  endfacet
  facet normal 0 0 1
    outer loop
      vertex 29.2987 17.8855 1.6
      vertex 28.3097 16.5925 1.6
      vertex 29.2987 16.5925 1.6
    endloop
  endfacet
  facet normal -0 0 1
    outer loop
      vertex 32.2357 16.4745 1.6
      vertex 33.7077 16.4505 1.6
      vertex 33.7024 16.5672 1.6
    endloop
  endfacet
  facet normal 0 0 1
    outer loop
      vertex 32.9807 17.2325 1.6
      vertex 33.7024 16.5672 1.6
      vertex 33.6864 16.6754 1.6
    endloop
  endfacet
  facet normal 0 -0 1
    outer loop
      vertex 32.2469 16.3281 1.6
      vertex 33.7077 16.4505 1.6
      vertex 32.2385 16.4007 1.6
    endloop
  endfacet
  facet normal 0 0 1
    outer loop
      vertex 33.0917 17.2267 1.6
      vertex 33.6864 16.6754 1.6
      vertex 33.6599 16.775 1.6
    endloop
  endfacet
  facet normal 0 -0 1
    outer loop
      vertex 32.2609 16.2565 1.6
      vertex 33.7077 16.4505 1.6
      vertex 32.2469 16.3281 1.6
    endloop
  endfacet
  facet normal 0 0 1
    outer loop
      vertex 33.0917 17.2267 1.6
      vertex 33.6599 16.775 1.6
      vertex 33.6228 16.8661 1.6
    endloop
  endfacet
  facet normal 0 -0 1
    outer loop
      vertex 32.2805 16.1861 1.6
      vertex 33.7023 16.3289 1.6
      vertex 32.2609 16.2565 1.6
    endloop
  endfacet
  facet normal 0 0 1
    outer loop
      vertex 33.194 17.2092 1.6
      vertex 33.6228 16.8661 1.6
      vertex 33.575 16.9486 1.6
    endloop
  endfacet
  facet normal 0 -0 1
    outer loop
      vertex 32.3058 16.1167 1.6
      vertex 33.7023 16.3289 1.6
      vertex 32.2805 16.1861 1.6
    endloop
  endfacet
  facet normal 0 0 1
    outer loop
      vertex 33.194 17.2092 1.6
      vertex 33.575 16.9486 1.6
      vertex 33.5167 17.0225 1.6
    endloop
  endfacet
  facet normal 0 0 1
    outer loop
      vertex 33.7023 16.3289 1.6
      vertex 32.3058 16.1167 1.6
      vertex 33.6862 16.2161 1.6
    endloop
  endfacet
  facet normal 0 0 1
    outer loop
      vertex 33.194 17.2092 1.6
      vertex 33.5167 17.0225 1.6
      vertex 33.449 17.0867 1.6
    endloop
  endfacet
  facet normal 0 -0 1
    outer loop
      vertex 32.3721 15.9835 1.6
      vertex 33.6862 16.2161 1.6
      vertex 32.3367 16.0485 1.6
    endloop
  endfacet
  facet normal 0 0 1
    outer loop
      vertex 33.194 17.2092 1.6
      vertex 33.449 17.0867 1.6
      vertex 33.3727 17.1392 1.6
    endloop
  endfacet
  facet normal 0 0 1
    outer loop
      vertex 33.6862 16.2161 1.6
      vertex 32.3721 15.9835 1.6
      vertex 33.6594 16.112 1.6
    endloop
  endfacet
  facet normal 0 0 1
    outer loop
      vertex 33.6594 16.112 1.6
      vertex 32.9987 15.6325 1.6
      vertex 33.6219 16.0167 1.6
    endloop
  endfacet
  facet normal 0 0 1
    outer loop
      vertex 33.194 17.2092 1.6
      vertex 33.3727 17.1392 1.6
      vertex 33.2877 17.18 1.6
    endloop
  endfacet
  facet normal 0 0 1
    outer loop
      vertex 33.6219 16.0167 1.6
      vertex 33.1027 15.6386 1.6
      vertex 33.5736 15.9302 1.6
    endloop
  endfacet
  facet normal 0 0 1
    outer loop
      vertex 33.6228 16.8661 1.6
      vertex 33.194 17.2092 1.6
      vertex 33.0917 17.2267 1.6
    endloop
  endfacet
  facet normal 0 0 1
    outer loop
      vertex 33.5736 15.9302 1.6
      vertex 33.1027 15.6386 1.6
      vertex 33.5147 15.8525 1.6
    endloop
  endfacet
  facet normal 0 0 1
    outer loop
      vertex 33.6864 16.6754 1.6
      vertex 33.0917 17.2267 1.6
      vertex 32.9807 17.2325 1.6
    endloop
  endfacet
  facet normal 0 0 1
    outer loop
      vertex 33.4467 15.7853 1.6
      vertex 33.1027 15.6386 1.6
      vertex 33.3716 15.7303 1.6
    endloop
  endfacet
  facet normal 0 0 1
    outer loop
      vertex 33.7024 16.5672 1.6
      vertex 32.9807 17.2325 1.6
      vertex 32.2357 16.4745 1.6
    endloop
  endfacet
  facet normal 0 0 1
    outer loop
      vertex 33.2892 15.6875 1.6
      vertex 33.1027 15.6386 1.6
      vertex 33.1996 15.657 1.6
    endloop
  endfacet
  facet normal 0 0 1
    outer loop
      vertex 32.2357 16.4745 1.6
      vertex 32.9807 17.2325 1.6
      vertex 32.8796 17.2267 1.6
    endloop
  endfacet
  facet normal 0 0 1
    outer loop
      vertex 33.5147 15.8525 1.6
      vertex 33.1027 15.6386 1.6
      vertex 33.4467 15.7853 1.6
    endloop
  endfacet
  facet normal 0 -0 1
    outer loop
      vertex 33.1027 15.6386 1.6
      vertex 33.6219 16.0167 1.6
      vertex 32.9987 15.6325 1.6
    endloop
  endfacet
  facet normal 0 0 1
    outer loop
      vertex 32.2417 16.5839 1.6
      vertex 32.8796 17.2267 1.6
      vertex 32.7838 17.2092 1.6
    endloop
  endfacet
  facet normal 0 0 1
    outer loop
      vertex 32.9987 15.6325 1.6
      vertex 32.3721 15.9835 1.6
      vertex 32.9235 15.6355 1.6
    endloop
  endfacet
  facet normal 0 0 1
    outer loop
      vertex 32.2417 16.5839 1.6
      vertex 32.7838 17.2092 1.6
      vertex 32.6932 17.18 1.6
    endloop
  endfacet
  facet normal -0 -0 1
    outer loop
      vertex 32.4111 15.9238 1.6
      vertex 32.9235 15.6355 1.6
      vertex 32.3721 15.9835 1.6
    endloop
  endfacet
  facet normal 0 0 1
    outer loop
      vertex 32.2417 16.5839 1.6
      vertex 32.6932 17.18 1.6
      vertex 32.6078 17.1392 1.6
    endloop
  endfacet
  facet normal -0 -0 1
    outer loop
      vertex 32.4537 15.8695 1.6
      vertex 32.852 15.6443 1.6
      vertex 32.4111 15.9238 1.6
    endloop
  endfacet
  facet normal 0 0 1
    outer loop
      vertex 32.852 15.6443 1.6
      vertex 32.4537 15.8695 1.6
      vertex 32.7842 15.659 1.6
    endloop
  endfacet
  facet normal 0 0 1
    outer loop
      vertex 32.2417 16.5839 1.6
      vertex 32.6078 17.1392 1.6
      vertex 32.5276 17.0867 1.6
    endloop
  endfacet
  facet normal 0 0 1
    outer loop
      vertex 32.7842 15.659 1.6
      vertex 32.4998 15.8205 1.6
      vertex 32.72 15.6796 1.6
    endloop
  endfacet
  facet normal 0 0 1
    outer loop
      vertex 32.6595 15.7061 1.6
      vertex 32.5494 15.7768 1.6
      vertex 32.6027 15.7385 1.6
    endloop
  endfacet
  facet normal 0 0 1
    outer loop
      vertex 32.2417 16.5839 1.6
      vertex 32.5276 17.0867 1.6
      vertex 32.4527 17.0225 1.6
    endloop
  endfacet
  facet normal 0 0 1
    outer loop
      vertex 32.7842 15.659 1.6
      vertex 32.4537 15.8695 1.6
      vertex 32.4998 15.8205 1.6
    endloop
  endfacet
  facet normal 0 0 1
    outer loop
      vertex 32.2417 16.5839 1.6
      vertex 32.4527 17.0225 1.6
      vertex 32.3864 16.9492 1.6
    endloop
  endfacet
  facet normal 0 0 1
    outer loop
      vertex 32.72 15.6796 1.6
      vertex 32.4998 15.8205 1.6
      vertex 32.5494 15.7768 1.6
    endloop
  endfacet
  facet normal 0 0 1
    outer loop
      vertex 32.72 15.6796 1.6
      vertex 32.5494 15.7768 1.6
      vertex 32.6595 15.7061 1.6
    endloop
  endfacet
  facet normal 0 0 1
    outer loop
      vertex 32.2417 16.5839 1.6
      vertex 32.3864 16.9492 1.6
      vertex 32.3321 16.8687 1.6
    endloop
  endfacet
  facet normal 0 0 1
    outer loop
      vertex 32.9235 15.6355 1.6
      vertex 32.4111 15.9238 1.6
      vertex 32.852 15.6443 1.6
    endloop
  endfacet
  facet normal 0 0 1
    outer loop
      vertex 32.2417 16.5839 1.6
      vertex 32.3321 16.8687 1.6
      vertex 32.2899 16.781 1.6
    endloop
  endfacet
  facet normal 0 0 1
    outer loop
      vertex 33.3716 15.7303 1.6
      vertex 33.1027 15.6386 1.6
      vertex 33.2892 15.6875 1.6
    endloop
  endfacet
  facet normal 0 -0 1
    outer loop
      vertex 32.9987 15.6325 1.6
      vertex 33.6594 16.112 1.6
      vertex 32.3721 15.9835 1.6
    endloop
  endfacet
  facet normal 0 0 1
    outer loop
      vertex 32.2417 16.5839 1.6
      vertex 32.2899 16.781 1.6
      vertex 32.2598 16.6861 1.6
    endloop
  endfacet
  facet normal 0 -0 1
    outer loop
      vertex 32.3367 16.0485 1.6
      vertex 33.6862 16.2161 1.6
      vertex 32.3058 16.1167 1.6
    endloop
  endfacet
  facet normal 0 0 1
    outer loop
      vertex 32.8796 17.2267 1.6
      vertex 32.2417 16.5839 1.6
      vertex 32.2357 16.4745 1.6
    endloop
  endfacet
  facet normal 0 0 1
    outer loop
      vertex 33.7077 16.4505 1.6
      vertex 32.2609 16.2565 1.6
      vertex 33.7023 16.3289 1.6
    endloop
  endfacet
  facet normal 0 0 1
    outer loop
      vertex 33.7077 16.4505 1.6
      vertex 32.2357 16.4745 1.6
      vertex 32.2385 16.4007 1.6
    endloop
  endfacet
  facet normal 0 0 1
    outer loop
      vertex 41.2987 17.8855 1.6
      vertex 40.3097 16.5925 1.6
      vertex 41.2987 16.5925 1.6
    endloop
  endfacet
  facet normal 0 0 1
    outer loop
      vertex 53.2987 17.8855 1.6
      vertex 52.3097 16.5925 1.6
      vertex 53.2987 16.5925 1.6
    endloop
  endfacet
  facet normal -0 0 1
    outer loop
      vertex 56.2997 16.3435 1.6
      vertex 57.6437 16.3295 1.6
      vertex 57.6387 16.4292 1.6
    endloop
  endfacet
  facet normal 0 0 1
    outer loop
      vertex 57.6437 16.3295 1.6
      vertex 56.3015 16.2831 1.6
      vertex 57.6389 16.2311 1.6
    endloop
  endfacet
  facet normal -0 0 1
    outer loop
      vertex 56.3044 16.4404 1.6
      vertex 57.6387 16.4292 1.6
      vertex 57.6238 16.5229 1.6
    endloop
  endfacet
  facet normal 0 -0 1
    outer loop
      vertex 56.307 16.2234 1.6
      vertex 57.6389 16.2311 1.6
      vertex 56.3015 16.2831 1.6
    endloop
  endfacet
  facet normal 0 0 1
    outer loop
      vertex 57.0659 17.0349 1.6
      vertex 57.6238 16.5229 1.6
      vertex 57.5989 16.6108 1.6
    endloop
  endfacet
  facet normal 0 -0 1
    outer loop
      vertex 56.9747 15.6325 1.6
      vertex 57.6389 16.2311 1.6
      vertex 56.307 16.2234 1.6
    endloop
  endfacet
  facet normal 0 0 1
    outer loop
      vertex 57.0659 17.0349 1.6
      vertex 57.5989 16.6108 1.6
      vertex 57.5641 16.6926 1.6
    endloop
  endfacet
  facet normal 0 0 1
    outer loop
      vertex 57.6389 16.2311 1.6
      vertex 56.9747 15.6325 1.6
      vertex 57.6244 16.1387 1.6
    endloop
  endfacet
  facet normal 0 0 1
    outer loop
      vertex 57.0659 17.0349 1.6
      vertex 57.5641 16.6926 1.6
      vertex 57.5193 16.7685 1.6
    endloop
  endfacet
  facet normal 0 0 1
    outer loop
      vertex 57.6244 16.1387 1.6
      vertex 57.0782 15.638 1.6
      vertex 57.6004 16.0523 1.6
    endloop
  endfacet
  facet normal 0 0 1
    outer loop
      vertex 57.162 17.0181 1.6
      vertex 57.5193 16.7685 1.6
      vertex 57.4647 16.8385 1.6
    endloop
  endfacet
  facet normal 0 0 1
    outer loop
      vertex 57.6004 16.0523 1.6
      vertex 57.0782 15.638 1.6
      vertex 57.5668 15.9717 1.6
    endloop
  endfacet
  facet normal 0 0 1
    outer loop
      vertex 57.162 17.0181 1.6
      vertex 57.4647 16.8385 1.6
      vertex 57.4012 16.9002 1.6
    endloop
  endfacet
  facet normal 0 0 1
    outer loop
      vertex 57.5235 15.8971 1.6
      vertex 57.1733 15.6543 1.6
      vertex 57.4707 15.8285 1.6
    endloop
  endfacet
  facet normal 0 0 1
    outer loop
      vertex 57.162 17.0181 1.6
      vertex 57.4012 16.9002 1.6
      vertex 57.3297 16.9507 1.6
    endloop
  endfacet
  facet normal 0 0 1
    outer loop
      vertex 57.4088 15.7686 1.6
      vertex 57.1733 15.6543 1.6
      vertex 57.3387 15.7196 1.6
    endloop
  endfacet
  facet normal 0 0 1
    outer loop
      vertex 57.162 17.0181 1.6
      vertex 57.3297 16.9507 1.6
      vertex 57.2499 16.99 1.6
    endloop
  endfacet
  facet normal 0 0 1
    outer loop
      vertex 57.3387 15.7196 1.6
      vertex 57.1733 15.6543 1.6
      vertex 57.2602 15.6815 1.6
    endloop
  endfacet
  facet normal 0 0 1
    outer loop
      vertex 57.5193 16.7685 1.6
      vertex 57.162 17.0181 1.6
      vertex 57.0659 17.0349 1.6
    endloop
  endfacet
  facet normal 0 0 1
    outer loop
      vertex 57.4707 15.8285 1.6
      vertex 57.1733 15.6543 1.6
      vertex 57.4088 15.7686 1.6
    endloop
  endfacet
  facet normal 0 0 1
    outer loop
      vertex 57.6238 16.5229 1.6
      vertex 57.0659 17.0349 1.6
      vertex 56.9617 17.0405 1.6
    endloop
  endfacet
  facet normal 0 0 1
    outer loop
      vertex 57.6437 16.3295 1.6
      vertex 56.2997 16.3435 1.6
      vertex 56.3015 16.2831 1.6
    endloop
  endfacet
  facet normal 0 0 1
    outer loop
      vertex 57.6238 16.5229 1.6
      vertex 56.9617 17.0405 1.6
      vertex 56.3044 16.4404 1.6
    endloop
  endfacet
  facet normal 0 -0 1
    outer loop
      vertex 57.1733 15.6543 1.6
      vertex 57.5235 15.8971 1.6
      vertex 57.0782 15.638 1.6
    endloop
  endfacet
  facet normal 0 0 1
    outer loop
      vertex 56.3188 16.5317 1.6
      vertex 56.9617 17.0405 1.6
      vertex 56.8597 17.035 1.6
    endloop
  endfacet
  facet normal 0 0 1
    outer loop
      vertex 57.5668 15.9717 1.6
      vertex 57.0782 15.638 1.6
      vertex 57.5235 15.8971 1.6
    endloop
  endfacet
  facet normal 0 -0 1
    outer loop
      vertex 57.0782 15.638 1.6
      vertex 57.6244 16.1387 1.6
      vertex 56.9747 15.6325 1.6
    endloop
  endfacet
  facet normal 0 0 1
    outer loop
      vertex 56.3761 16.6977 1.6
      vertex 56.8597 17.035 1.6
      vertex 56.7659 17.0184 1.6
    endloop
  endfacet
  facet normal 0 0 1
    outer loop
      vertex 56.9747 15.6325 1.6
      vertex 56.307 16.2234 1.6
      vertex 56.9129 15.6351 1.6
    endloop
  endfacet
  facet normal 0 0 1
    outer loop
      vertex 56.4191 16.7724 1.6
      vertex 56.7659 17.0184 1.6
      vertex 56.6802 16.9908 1.6
    endloop
  endfacet
  facet normal 0 0 1
    outer loop
      vertex 56.9129 15.6351 1.6
      vertex 56.307 16.2234 1.6
      vertex 56.8514 15.6428 1.6
    endloop
  endfacet
  facet normal 0 0 1
    outer loop
      vertex 56.8514 15.6428 1.6
      vertex 56.3162 16.1643 1.6
      vertex 56.7904 15.6558 1.6
    endloop
  endfacet
  facet normal 0 0 1
    outer loop
      vertex 56.4717 16.8415 1.6
      vertex 56.6802 16.9908 1.6
      vertex 56.6026 16.9521 1.6
    endloop
  endfacet
  facet normal 0 0 1
    outer loop
      vertex 56.7904 15.6558 1.6
      vertex 56.3162 16.1643 1.6
      vertex 56.7298 15.6738 1.6
    endloop
  endfacet
  facet normal 0 0 1
    outer loop
      vertex 56.4717 16.8415 1.6
      vertex 56.6026 16.9521 1.6
      vertex 56.5331 16.9023 1.6
    endloop
  endfacet
  facet normal -0 -0 1
    outer loop
      vertex 56.329 16.1057 1.6
      vertex 56.7298 15.6738 1.6
      vertex 56.3162 16.1643 1.6
    endloop
  endfacet
  facet normal 0 0 1
    outer loop
      vertex 56.6802 16.9908 1.6
      vertex 56.4717 16.8415 1.6
      vertex 56.4191 16.7724 1.6
    endloop
  endfacet
  facet normal 0 0 1
    outer loop
      vertex 56.7298 15.6738 1.6
      vertex 56.329 16.1057 1.6
      vertex 56.6695 15.6971 1.6
    endloop
  endfacet
  facet normal 0 0 1
    outer loop
      vertex 56.6695 15.6971 1.6
      vertex 56.3455 16.0478 1.6
      vertex 56.6097 15.7255 1.6
    endloop
  endfacet
  facet normal 0 0 1
    outer loop
      vertex 56.7659 17.0184 1.6
      vertex 56.4191 16.7724 1.6
      vertex 56.3761 16.6977 1.6
    endloop
  endfacet
  facet normal -0 -0 1
    outer loop
      vertex 56.3657 15.9905 1.6
      vertex 56.5534 15.759 1.6
      vertex 56.3455 16.0478 1.6
    endloop
  endfacet
  facet normal 0 0 1
    outer loop
      vertex 56.8597 17.035 1.6
      vertex 56.3761 16.6977 1.6
      vertex 56.3427 16.6175 1.6
    endloop
  endfacet
  facet normal 0 0 1
    outer loop
      vertex 56.4597 15.8388 1.6
      vertex 56.3657 15.9905 1.6
      vertex 56.4221 15.8851 1.6
    endloop
  endfacet
  facet normal 0 0 1
    outer loop
      vertex 56.4221 15.8851 1.6
      vertex 56.3657 15.9905 1.6
      vertex 56.3908 15.9357 1.6
    endloop
  endfacet
  facet normal 0 0 1
    outer loop
      vertex 56.8597 17.035 1.6
      vertex 56.3427 16.6175 1.6
      vertex 56.3188 16.5317 1.6
    endloop
  endfacet
  facet normal 0 0 1
    outer loop
      vertex 56.5034 15.7967 1.6
      vertex 56.3657 15.9905 1.6
      vertex 56.4597 15.8388 1.6
    endloop
  endfacet
  facet normal 0 0 1
    outer loop
      vertex 56.9617 17.0405 1.6
      vertex 56.3188 16.5317 1.6
      vertex 56.3044 16.4404 1.6
    endloop
  endfacet
  facet normal 0 0 1
    outer loop
      vertex 56.5534 15.759 1.6
      vertex 56.3657 15.9905 1.6
      vertex 56.5034 15.7967 1.6
    endloop
  endfacet
  facet normal 0 0 1
    outer loop
      vertex 56.6097 15.7255 1.6
      vertex 56.3455 16.0478 1.6
      vertex 56.5534 15.759 1.6
    endloop
  endfacet
  facet normal 0 0 1
    outer loop
      vertex 57.6387 16.4292 1.6
      vertex 56.3044 16.4404 1.6
      vertex 56.2997 16.3435 1.6
    endloop
  endfacet
  facet normal -0 -0 1
    outer loop
      vertex 56.3455 16.0478 1.6
      vertex 56.6695 15.6971 1.6
      vertex 56.329 16.1057 1.6
    endloop
  endfacet
  facet normal -0 -0 1
    outer loop
      vertex 56.3162 16.1643 1.6
      vertex 56.8514 15.6428 1.6
      vertex 56.307 16.2234 1.6
    endloop
  endfacet
  facet normal 0 0 1
    outer loop
      vertex 57.0623 17.4285 1.6
      vertex 57.5157 17.9275 1.6
      vertex 57.5118 17.9989 1.6
    endloop
  endfacet
  facet normal 0 0 1
    outer loop
      vertex 57.5157 17.9275 1.6
      vertex 57.0623 17.4285 1.6
      vertex 57.5119 17.859 1.6
    endloop
  endfacet
  facet normal 0 0 1
    outer loop
      vertex 57.0562 18.4443 1.6
      vertex 57.5118 17.9989 1.6
      vertex 57.5001 18.0664 1.6
    endloop
  endfacet
  facet normal 0 -0 1
    outer loop
      vertex 57.1405 17.4407 1.6
      vertex 57.5119 17.859 1.6
      vertex 57.0623 17.4285 1.6
    endloop
  endfacet
  facet normal 0 0 1
    outer loop
      vertex 57.1339 18.4317 1.6
      vertex 57.5001 18.0664 1.6
      vertex 57.4807 18.13 1.6
    endloop
  endfacet
  facet normal 0 0 1
    outer loop
      vertex 57.5119 17.859 1.6
      vertex 57.1405 17.4407 1.6
      vertex 57.5005 17.7941 1.6
    endloop
  endfacet
  facet normal 0 0 1
    outer loop
      vertex 57.1339 18.4317 1.6
      vertex 57.4807 18.13 1.6
      vertex 57.4534 18.1897 1.6
    endloop
  endfacet
  facet normal 0 0 1
    outer loop
      vertex 57.4817 17.7327 1.6
      vertex 57.1405 17.4407 1.6
      vertex 57.4552 17.675 1.6
    endloop
  endfacet
  facet normal 0 0 1
    outer loop
      vertex 57.1339 18.4317 1.6
      vertex 57.4534 18.1897 1.6
      vertex 57.4184 18.2455 1.6
    endloop
  endfacet
  facet normal 0 0 1
    outer loop
      vertex 57.4552 17.675 1.6
      vertex 57.1405 17.4407 1.6
      vertex 57.4212 17.621 1.6
    endloop
  endfacet
  facet normal 0 0 1
    outer loop
      vertex 57.1339 18.4317 1.6
      vertex 57.4184 18.2455 1.6
      vertex 57.3757 18.2975 1.6
    endloop
  endfacet
  facet normal 0 -0 1
    outer loop
      vertex 57.2114 17.461 1.6
      vertex 57.4212 17.621 1.6
      vertex 57.1405 17.4407 1.6
    endloop
  endfacet
  facet normal 0 0 1
    outer loop
      vertex 57.2047 18.4107 1.6
      vertex 57.3757 18.2975 1.6
      vertex 57.3255 18.3436 1.6
    endloop
  endfacet
  facet normal 0 0 1
    outer loop
      vertex 57.3797 17.5705 1.6
      vertex 57.2114 17.461 1.6
      vertex 57.331 17.5259 1.6
    endloop
  endfacet
  facet normal 0 0 1
    outer loop
      vertex 57.2047 18.4107 1.6
      vertex 57.3255 18.3436 1.6
      vertex 57.2686 18.3814 1.6
    endloop
  endfacet
  facet normal 0 0 1
    outer loop
      vertex 57.331 17.5259 1.6
      vertex 57.2114 17.461 1.6
      vertex 57.2749 17.4894 1.6
    endloop
  endfacet
  facet normal 0 0 1
    outer loop
      vertex 57.1339 18.4317 1.6
      vertex 57.3757 18.2975 1.6
      vertex 57.2047 18.4107 1.6
    endloop
  endfacet
  facet normal 0 0 1
    outer loop
      vertex 57.4212 17.621 1.6
      vertex 57.2114 17.461 1.6
      vertex 57.3797 17.5705 1.6
    endloop
  endfacet
  facet normal 0 0 1
    outer loop
      vertex 57.5001 18.0664 1.6
      vertex 57.1339 18.4317 1.6
      vertex 57.0562 18.4443 1.6
    endloop
  endfacet
  facet normal 0 0 1
    outer loop
      vertex 57.5005 17.7941 1.6
      vertex 57.1405 17.4407 1.6
      vertex 57.4817 17.7327 1.6
    endloop
  endfacet
  facet normal 0 0 1
    outer loop
      vertex 57.5118 17.9989 1.6
      vertex 57.0562 18.4443 1.6
      vertex 57.0623 17.4285 1.6
    endloop
  endfacet
  facet normal 0 0 1
    outer loop
      vertex 57.0562 18.4443 1.6
      vertex 56.9767 17.4245 1.6
      vertex 57.0623 17.4285 1.6
    endloop
  endfacet
  facet normal 0 0 1
    outer loop
      vertex 56.9717 18.4485 1.6
      vertex 56.9767 17.4245 1.6
      vertex 57.0562 18.4443 1.6
    endloop
  endfacet
  facet normal 0 0 1
    outer loop
      vertex 56.9717 18.4485 1.6
      vertex 56.8885 17.4286 1.6
      vertex 56.9767 17.4245 1.6
    endloop
  endfacet
  facet normal -0 0 1
    outer loop
      vertex 56.8865 18.4444 1.6
      vertex 56.8885 17.4286 1.6
      vertex 56.9717 18.4485 1.6
    endloop
  endfacet
  facet normal 0 0 1
    outer loop
      vertex 56.4277 17.9495 1.6
      vertex 56.8865 18.4444 1.6
      vertex 56.8084 18.4322 1.6
    endloop
  endfacet
  facet normal 0 0 1
    outer loop
      vertex 56.8865 18.4444 1.6
      vertex 56.4314 17.8748 1.6
      vertex 56.8885 17.4286 1.6
    endloop
  endfacet
  facet normal 0 0 1
    outer loop
      vertex 56.4277 17.9495 1.6
      vertex 56.8084 18.4322 1.6
      vertex 56.7374 18.4117 1.6
    endloop
  endfacet
  facet normal 0 0 1
    outer loop
      vertex 56.8885 17.4286 1.6
      vertex 56.4314 17.8748 1.6
      vertex 56.8081 17.4408 1.6
    endloop
  endfacet
  facet normal 0 0 1
    outer loop
      vertex 56.5242 18.2509 1.6
      vertex 56.7374 18.4117 1.6
      vertex 56.6734 18.3832 1.6
    endloop
  endfacet
  facet normal -0 -0 1
    outer loop
      vertex 56.4428 17.8048 1.6
      vertex 56.8081 17.4408 1.6
      vertex 56.4314 17.8748 1.6
    endloop
  endfacet
  facet normal 0 0 1
    outer loop
      vertex 56.5667 18.3015 1.6
      vertex 56.6734 18.3832 1.6
      vertex 56.6165 18.3464 1.6
    endloop
  endfacet
  facet normal -0 -0 1
    outer loop
      vertex 56.4617 17.7395 1.6
      vertex 56.8081 17.4408 1.6
      vertex 56.4428 17.8048 1.6
    endloop
  endfacet
  facet normal 0 0 1
    outer loop
      vertex 56.5242 18.2509 1.6
      vertex 56.6734 18.3832 1.6
      vertex 56.5667 18.3015 1.6
    endloop
  endfacet
  facet normal 0 0 1
    outer loop
      vertex 56.8081 17.4408 1.6
      vertex 56.4617 17.7395 1.6
      vertex 56.7354 17.4612 1.6
    endloop
  endfacet
  facet normal 0 0 1
    outer loop
      vertex 56.7374 18.4117 1.6
      vertex 56.5242 18.2509 1.6
      vertex 56.4277 17.9495 1.6
    endloop
  endfacet
  facet normal -0 -0 1
    outer loop
      vertex 56.4881 17.6788 1.6
      vertex 56.7354 17.4612 1.6
      vertex 56.4617 17.7395 1.6
    endloop
  endfacet
  facet normal 0 0 1
    outer loop
      vertex 56.4277 17.9495 1.6
      vertex 56.5242 18.2509 1.6
      vertex 56.4894 18.1971 1.6
    endloop
  endfacet
  facet normal 0 0 1
    outer loop
      vertex 56.6704 17.4898 1.6
      vertex 56.5221 17.6228 1.6
      vertex 56.6132 17.5266 1.6
    endloop
  endfacet
  facet normal 0 0 1
    outer loop
      vertex 56.4277 17.9495 1.6
      vertex 56.4894 18.1971 1.6
      vertex 56.4624 18.14 1.6
    endloop
  endfacet
  facet normal 0 0 1
    outer loop
      vertex 56.6132 17.5266 1.6
      vertex 56.5221 17.6228 1.6
      vertex 56.5637 17.5715 1.6
    endloop
  endfacet
  facet normal 0 0 1
    outer loop
      vertex 56.4277 17.9495 1.6
      vertex 56.4624 18.14 1.6
      vertex 56.4431 18.0797 1.6
    endloop
  endfacet
  facet normal -0 -0 1
    outer loop
      vertex 56.5221 17.6228 1.6
      vertex 56.7354 17.4612 1.6
      vertex 56.4881 17.6788 1.6
    endloop
  endfacet
  facet normal 0 0 1
    outer loop
      vertex 56.4277 17.9495 1.6
      vertex 56.4431 18.0797 1.6
      vertex 56.4315 18.0162 1.6
    endloop
  endfacet
  facet normal 0 0 1
    outer loop
      vertex 56.7354 17.4612 1.6
      vertex 56.5221 17.6228 1.6
      vertex 56.6704 17.4898 1.6
    endloop
  endfacet
  facet normal 0 0 1
    outer loop
      vertex 56.8865 18.4444 1.6
      vertex 56.4277 17.9495 1.6
      vertex 56.4314 17.8748 1.6
    endloop
  endfacet
  facet normal 1 -0 0
    outer loop
      vertex 62 2 1.6
      vertex 62 21 0
      vertex 62 21 1.6
    endloop
  endfacet
  facet normal 1 0 0
    outer loop
      vertex 62 21 0
      vertex 62 2 1.6
      vertex 62 2 0
    endloop
  endfacet
  facet normal 0 -1 0
    outer loop
      vertex 1.99998 0 0
      vertex 60 0 1.6
      vertex 1.99998 0 1.6
    endloop
  endfacet
  facet normal 0 -1 -0
    outer loop
      vertex 60 0 1.6
      vertex 1.99998 0 0
      vertex 60 0 0
    endloop
  endfacet
  facet normal -0.649477 -0.760381 0
    outer loop
      vertex 0.585785 0.585785 0
      vertex 0.824417 0.381958 1.6
      vertex 0.585785 0.585785 1.6
    endloop
  endfacet
  facet normal -0.649477 -0.760381 -0
    outer loop
      vertex 0.824417 0.381958 1.6
      vertex 0.585785 0.585785 0
      vertex 0.824417 0.381958 0
    endloop
  endfacet
  facet normal -0.233476 0.972363 0
    outer loop
      vertex 1.68712 22.9754 0
      vertex 1.38196 22.9021 1.6
      vertex 1.68712 22.9754 1.6
    endloop
  endfacet
  facet normal -0.233476 0.972363 0
    outer loop
      vertex 1.38196 22.9021 1.6
      vertex 1.68712 22.9754 0
      vertex 1.38196 22.9021 0
    endloop
  endfacet
  facet normal -0.0784698 0.996916 0
    outer loop
      vertex 2 23 0
      vertex 1.68712 22.9754 1.6
      vertex 2 23 1.6
    endloop
  endfacet
  facet normal -0.0784698 0.996916 0
    outer loop
      vertex 1.68712 22.9754 1.6
      vertex 2 23 0
      vertex 1.68712 22.9754 0
    endloop
  endfacet
  facet normal -0.923895 0.382647 0
    outer loop
      vertex 0.0978851 21.618 0
      vertex 0.217972 21.908 1.6
      vertex 0.217972 21.908 0
    endloop
  endfacet
  facet normal -0.923895 0.382647 0
    outer loop
      vertex 0.217972 21.908 1.6
      vertex 0.0978851 21.618 0
      vertex 0.0978851 21.618 1.6
    endloop
  endfacet
  facet normal -0.760381 0.649477 0
    outer loop
      vertex 0.381958 22.1756 0
      vertex 0.585785 22.4142 1.6
      vertex 0.585785 22.4142 0
    endloop
  endfacet
  facet normal -0.760381 0.649477 0
    outer loop
      vertex 0.585785 22.4142 1.6
      vertex 0.381958 22.1756 0
      vertex 0.381958 22.1756 1.6
    endloop
  endfacet
  facet normal 0.0784253 -0.99692 0
    outer loop
      vertex 60 0 0
      vertex 60.3129 0.0246124 1.6
      vertex 60 0 1.6
    endloop
  endfacet
  facet normal 0.0784253 -0.99692 0
    outer loop
      vertex 60.3129 0.0246124 1.6
      vertex 60 0 0
      vertex 60.3129 0.0246124 0
    endloop
  endfacet
  facet normal 0.972363 0.233476 0
    outer loop
      vertex 61.9754 21.3129 1.6
      vertex 61.9021 21.618 0
      vertex 61.9021 21.618 1.6
    endloop
  endfacet
  facet normal 0.972363 0.233476 0
    outer loop
      vertex 61.9021 21.618 0
      vertex 61.9754 21.3129 1.6
      vertex 61.9754 21.3129 0
    endloop
  endfacet
  facet normal 0.0784736 0.996916 -0
    outer loop
      vertex 60.3129 22.9754 0
      vertex 60 23 1.6
      vertex 60.3129 22.9754 1.6
    endloop
  endfacet
  facet normal 0.0784736 0.996916 0
    outer loop
      vertex 60 23 1.6
      vertex 60.3129 22.9754 0
      vertex 60 23 0
    endloop
  endfacet
  facet normal -0.382647 0.923895 0
    outer loop
      vertex 1.38196 22.9021 0
      vertex 1.09201 22.782 1.6
      vertex 1.38196 22.9021 1.6
    endloop
  endfacet
  facet normal -0.382647 0.923895 0
    outer loop
      vertex 1.09201 22.782 1.6
      vertex 1.38196 22.9021 0
      vertex 1.09201 22.782 0
    endloop
  endfacet
  facet normal -0.99692 0.0784253 0
    outer loop
      vertex 0 21 0
      vertex 0.0246124 21.3129 1.6
      vertex 0.0246124 21.3129 0
    endloop
  endfacet
  facet normal -0.99692 0.0784253 0
    outer loop
      vertex 0.0246124 21.3129 1.6
      vertex 0 21 0
      vertex 0 21 1.6
    endloop
  endfacet
  facet normal -0.852633 0.52251 0
    outer loop
      vertex 0.217972 21.908 0
      vertex 0.381958 22.1756 1.6
      vertex 0.381958 22.1756 0
    endloop
  endfacet
  facet normal -0.852633 0.52251 0
    outer loop
      vertex 0.381958 22.1756 1.6
      vertex 0.217972 21.908 0
      vertex 0.217972 21.908 1.6
    endloop
  endfacet
  facet normal -0.972363 0.233476 0
    outer loop
      vertex 0.0246124 21.3129 0
      vertex 0.0978851 21.618 1.6
      vertex 0.0978851 21.618 0
    endloop
  endfacet
  facet normal -0.972363 0.233476 0
    outer loop
      vertex 0.0978851 21.618 1.6
      vertex 0.0246124 21.3129 0
      vertex 0.0246124 21.3129 1.6
    endloop
  endfacet
  facet normal -0.52251 0.852633 0
    outer loop
      vertex 1.09201 22.782 0
      vertex 0.824417 22.618 1.6
      vertex 1.09201 22.782 1.6
    endloop
  endfacet
  facet normal -0.52251 0.852633 0
    outer loop
      vertex 0.824417 22.618 1.6
      vertex 1.09201 22.782 0
      vertex 0.824417 22.618 0
    endloop
  endfacet
  facet normal -0.649477 0.760381 0
    outer loop
      vertex 0.824417 22.618 0
      vertex 0.585785 22.4142 1.6
      vertex 0.824417 22.618 1.6
    endloop
  endfacet
  facet normal -0.649477 0.760381 0
    outer loop
      vertex 0.585785 22.4142 1.6
      vertex 0.824417 22.618 0
      vertex 0.585785 22.4142 0
    endloop
  endfacet
  facet normal 0.649477 -0.760381 0
    outer loop
      vertex 61.1756 0.381958 0
      vertex 61.4142 0.585785 1.6
      vertex 61.1756 0.381958 1.6
    endloop
  endfacet
  facet normal 0.649477 -0.760381 0
    outer loop
      vertex 61.4142 0.585785 1.6
      vertex 61.1756 0.381958 0
      vertex 61.4142 0.585785 0
    endloop
  endfacet
  facet normal 0.972363 -0.233476 0
    outer loop
      vertex 61.9021 1.38196 1.6
      vertex 61.9754 1.68712 0
      vertex 61.9754 1.68712 1.6
    endloop
  endfacet
  facet normal 0.972363 -0.233476 0
    outer loop
      vertex 61.9754 1.68712 0
      vertex 61.9021 1.38196 1.6
      vertex 61.9021 1.38196 0
    endloop
  endfacet
  facet normal 0.852633 -0.52251 0
    outer loop
      vertex 61.618 0.824417 1.6
      vertex 61.782 1.09201 0
      vertex 61.782 1.09201 1.6
    endloop
  endfacet
  facet normal 0.852633 -0.52251 0
    outer loop
      vertex 61.782 1.09201 0
      vertex 61.618 0.824417 1.6
      vertex 61.618 0.824417 0
    endloop
  endfacet
  facet normal -0.52251 -0.852633 0
    outer loop
      vertex 0.824417 0.381958 0
      vertex 1.09201 0.217972 1.6
      vertex 0.824417 0.381958 1.6
    endloop
  endfacet
  facet normal -0.52251 -0.852633 -0
    outer loop
      vertex 1.09201 0.217972 1.6
      vertex 0.824417 0.381958 0
      vertex 1.09201 0.217972 0
    endloop
  endfacet
  facet normal -0.233476 -0.972363 0
    outer loop
      vertex 1.38196 0.0978851 0
      vertex 1.68712 0.0246124 1.6
      vertex 1.38196 0.0978851 1.6
    endloop
  endfacet
  facet normal -0.233476 -0.972363 -0
    outer loop
      vertex 1.68712 0.0246124 1.6
      vertex 1.38196 0.0978851 0
      vertex 1.68712 0.0246124 0
    endloop
  endfacet
  facet normal -0.760381 -0.649477 0
    outer loop
      vertex 0.585785 0.585785 0
      vertex 0.381958 0.824417 1.6
      vertex 0.381958 0.824417 0
    endloop
  endfacet
  facet normal -0.760381 -0.649477 0
    outer loop
      vertex 0.381958 0.824417 1.6
      vertex 0.585785 0.585785 0
      vertex 0.585785 0.585785 1.6
    endloop
  endfacet
  facet normal -0.923895 -0.382647 0
    outer loop
      vertex 0.217972 1.09201 0
      vertex 0.0978851 1.38196 1.6
      vertex 0.0978851 1.38196 0
    endloop
  endfacet
  facet normal -0.923895 -0.382647 0
    outer loop
      vertex 0.0978851 1.38196 1.6
      vertex 0.217972 1.09201 0
      vertex 0.217972 1.09201 1.6
    endloop
  endfacet
  facet normal 0.233476 -0.972363 0
    outer loop
      vertex 60.3129 0.0246124 0
      vertex 60.618 0.0978851 1.6
      vertex 60.3129 0.0246124 1.6
    endloop
  endfacet
  facet normal 0.233476 -0.972363 0
    outer loop
      vertex 60.618 0.0978851 1.6
      vertex 60.3129 0.0246124 0
      vertex 60.618 0.0978851 0
    endloop
  endfacet
  facet normal 0.52251 0.852633 -0
    outer loop
      vertex 61.1756 22.618 0
      vertex 60.908 22.782 1.6
      vertex 61.1756 22.618 1.6
    endloop
  endfacet
  facet normal 0.52251 0.852633 0
    outer loop
      vertex 60.908 22.782 1.6
      vertex 61.1756 22.618 0
      vertex 60.908 22.782 0
    endloop
  endfacet
  facet normal 0.233476 0.972363 -0
    outer loop
      vertex 60.618 22.9021 0
      vertex 60.3129 22.9754 1.6
      vertex 60.618 22.9021 1.6
    endloop
  endfacet
  facet normal 0.233476 0.972363 0
    outer loop
      vertex 60.3129 22.9754 1.6
      vertex 60.618 22.9021 0
      vertex 60.3129 22.9754 0
    endloop
  endfacet
  facet normal 0.52251 -0.852633 0
    outer loop
      vertex 60.908 0.217972 0
      vertex 61.1756 0.381958 1.6
      vertex 60.908 0.217972 1.6
    endloop
  endfacet
  facet normal 0.52251 -0.852633 0
    outer loop
      vertex 61.1756 0.381958 1.6
      vertex 60.908 0.217972 0
      vertex 61.1756 0.381958 0
    endloop
  endfacet
  facet normal 0.760381 -0.649477 0
    outer loop
      vertex 61.4142 0.585785 1.6
      vertex 61.618 0.824417 0
      vertex 61.618 0.824417 1.6
    endloop
  endfacet
  facet normal 0.760381 -0.649477 0
    outer loop
      vertex 61.618 0.824417 0
      vertex 61.4142 0.585785 1.6
      vertex 61.4142 0.585785 0
    endloop
  endfacet
  facet normal 0.996916 -0.0784698 0
    outer loop
      vertex 61.9754 1.68712 1.6
      vertex 62 2 0
      vertex 62 2 1.6
    endloop
  endfacet
  facet normal 0.996916 -0.0784698 0
    outer loop
      vertex 62 2 0
      vertex 61.9754 1.68712 1.6
      vertex 61.9754 1.68712 0
    endloop
  endfacet
  facet normal 0.923895 -0.382647 0
    outer loop
      vertex 61.782 1.09201 1.6
      vertex 61.9021 1.38196 0
      vertex 61.9021 1.38196 1.6
    endloop
  endfacet
  facet normal 0.923895 -0.382647 0
    outer loop
      vertex 61.9021 1.38196 0
      vertex 61.782 1.09201 1.6
      vertex 61.782 1.09201 0
    endloop
  endfacet
  facet normal -0.382647 -0.923895 0
    outer loop
      vertex 1.09201 0.217972 0
      vertex 1.38196 0.0978851 1.6
      vertex 1.09201 0.217972 1.6
    endloop
  endfacet
  facet normal -0.382647 -0.923895 -0
    outer loop
      vertex 1.38196 0.0978851 1.6
      vertex 1.09201 0.217972 0
      vertex 1.38196 0.0978851 0
    endloop
  endfacet
  facet normal -0.852633 -0.52251 0
    outer loop
      vertex 0.381958 0.824417 0
      vertex 0.217972 1.09201 1.6
      vertex 0.217972 1.09201 0
    endloop
  endfacet
  facet normal -0.852633 -0.52251 0
    outer loop
      vertex 0.217972 1.09201 1.6
      vertex 0.381958 0.824417 0
      vertex 0.381958 0.824417 1.6
    endloop
  endfacet
  facet normal 0.923895 0.382647 0
    outer loop
      vertex 61.9021 21.618 1.6
      vertex 61.782 21.908 0
      vertex 61.782 21.908 1.6
    endloop
  endfacet
  facet normal 0.923895 0.382647 0
    outer loop
      vertex 61.782 21.908 0
      vertex 61.9021 21.618 1.6
      vertex 61.9021 21.618 0
    endloop
  endfacet
  facet normal 0.760381 0.649477 0
    outer loop
      vertex 61.618 22.1756 1.6
      vertex 61.4142 22.4142 0
      vertex 61.4142 22.4142 1.6
    endloop
  endfacet
  facet normal 0.760381 0.649477 0
    outer loop
      vertex 61.4142 22.4142 0
      vertex 61.618 22.1756 1.6
      vertex 61.618 22.1756 0
    endloop
  endfacet
  facet normal 0.852633 0.52251 0
    outer loop
      vertex 61.782 21.908 1.6
      vertex 61.618 22.1756 0
      vertex 61.618 22.1756 1.6
    endloop
  endfacet
  facet normal 0.852633 0.52251 0
    outer loop
      vertex 61.618 22.1756 0
      vertex 61.782 21.908 1.6
      vertex 61.782 21.908 0
    endloop
  endfacet
  facet normal 0.649477 0.760381 -0
    outer loop
      vertex 61.4142 22.4142 0
      vertex 61.1756 22.618 1.6
      vertex 61.4142 22.4142 1.6
    endloop
  endfacet
  facet normal 0.649477 0.760381 0
    outer loop
      vertex 61.1756 22.618 1.6
      vertex 61.4142 22.4142 0
      vertex 61.1756 22.618 0
    endloop
  endfacet
endsolid OpenSCAD_Model
