solid OpenSCAD_Model
  facet normal -0.989175 -0.146741 0
    outer loop
      vertex 2.13965 -9.71426 0
      vertex 2.10869 -9.50556 8
      vertex 2.10869 -9.50556 0
    endloop
  endfacet
  facet normal -0.989175 -0.146741 0
    outer loop
      vertex 2.10869 -9.50556 8
      vertex 2.13965 -9.71426 0
      vertex 2.13965 -9.71426 8
    endloop
  endfacet
  facet normal -0.998796 -0.0490535 0
    outer loop
      vertex 2.15 -9.925 0
      vertex 2.13965 -9.71426 8
      vertex 2.13965 -9.71426 0
    endloop
  endfacet
  facet normal -0.998796 -0.0490535 0
    outer loop
      vertex 2.13965 -9.71426 8
      vertex 2.15 -9.925 0
      vertex 2.15 -9.925 8
    endloop
  endfacet
  facet normal -0.970028 -0.242993 0
    outer loop
      vertex 2.10869 -9.50556 0
      vertex 2.05742 -9.30089 8
      vertex 2.05742 -9.30089 0
    endloop
  endfacet
  facet normal -0.970028 -0.242993 0
    outer loop
      vertex 2.05742 -9.30089 8
      vertex 2.10869 -9.50556 0
      vertex 2.10869 -9.50556 8
    endloop
  endfacet
  facet normal 0.857765 0.514043 0
    outer loop
      vertex -1.78766 -11.1195 8
      vertex -1.89613 -10.9385 0
      vertex -1.89613 -10.9385 8
    endloop
  endfacet
  facet normal 0.857765 0.514043 0
    outer loop
      vertex -1.89613 -10.9385 0
      vertex -1.78766 -11.1195 8
      vertex -1.78766 -11.1195 0
    endloop
  endfacet
  facet normal -0.671561 -0.740949 0
    outer loop
      vertex 1.36395 -8.26303 0
      vertex 1.52028 -8.40472 8
      vertex 1.36395 -8.26303 8
    endloop
  endfacet
  facet normal -0.671561 -0.740949 -0
    outer loop
      vertex 1.52028 -8.40472 8
      vertex 1.36395 -8.26303 0
      vertex 1.52028 -8.40472 0
    endloop
  endfacet
  facet normal -0.803202 -0.595707 0
    outer loop
      vertex 1.78766 -8.73052 0
      vertex 1.66197 -8.56105 8
      vertex 1.66197 -8.56105 0
    endloop
  endfacet
  facet normal -0.803202 -0.595707 0
    outer loop
      vertex 1.66197 -8.56105 8
      vertex 1.78766 -8.73052 0
      vertex 1.78766 -8.73052 8
    endloop
  endfacet
  facet normal -0.595707 -0.803202 0
    outer loop
      vertex 1.19448 -8.13734 0
      vertex 1.36395 -8.26303 8
      vertex 1.19448 -8.13734 8
    endloop
  endfacet
  facet normal -0.595707 -0.803202 -0
    outer loop
      vertex 1.36395 -8.26303 8
      vertex 1.19448 -8.13734 0
      vertex 1.36395 -8.26303 0
    endloop
  endfacet
  facet normal -0.998796 0.0490628 0
    outer loop
      vertex 2.13965 -10.1357 0
      vertex 2.15 -9.925 8
      vertex 2.15 -9.925 0
    endloop
  endfacet
  facet normal -0.998796 0.0490628 0
    outer loop
      vertex 2.15 -9.925 8
      vertex 2.13965 -10.1357 0
      vertex 2.13965 -10.1357 8
    endloop
  endfacet
  facet normal 0.242996 -0.970027 0
    outer loop
      vertex -0.624111 -7.86758 0
      vertex -0.419444 -7.81631 8
      vertex -0.624111 -7.86758 8
    endloop
  endfacet
  facet normal 0.242996 -0.970027 0
    outer loop
      vertex -0.419444 -7.81631 8
      vertex -0.624111 -7.86758 0
      vertex -0.419444 -7.81631 0
    endloop
  endfacet
  facet normal -0.427559 -0.903988 0
    outer loop
      vertex 0.822769 -7.93866 0
      vertex 1.0135 -8.02887 8
      vertex 0.822769 -7.93866 8
    endloop
  endfacet
  facet normal -0.427559 -0.903988 -0
    outer loop
      vertex 1.0135 -8.02887 8
      vertex 0.822769 -7.93866 0
      vertex 1.0135 -8.02887 0
    endloop
  endfacet
  facet normal 0.427559 -0.903988 0
    outer loop
      vertex -1.0135 -8.02887 0
      vertex -0.822769 -7.93866 8
      vertex -1.0135 -8.02887 8
    endloop
  endfacet
  facet normal 0.427559 -0.903988 0
    outer loop
      vertex -0.822769 -7.93866 8
      vertex -1.0135 -8.02887 0
      vertex -0.822769 -7.93866 0
    endloop
  endfacet
  facet normal 0.85774 -0.514084 0
    outer loop
      vertex -1.89613 -8.9115 8
      vertex -1.78766 -8.73052 0
      vertex -1.78766 -8.73052 8
    endloop
  endfacet
  facet normal 0.85774 -0.514084 0
    outer loop
      vertex -1.78766 -8.73052 0
      vertex -1.89613 -8.9115 8
      vertex -1.89613 -8.9115 0
    endloop
  endfacet
  facet normal -0.970036 0.242959 0
    outer loop
      vertex 2.05742 -10.5491 0
      vertex 2.10869 -10.3444 8
      vertex 2.10869 -10.3444 0
    endloop
  endfacet
  facet normal -0.970036 0.242959 0
    outer loop
      vertex 2.10869 -10.3444 8
      vertex 2.05742 -10.5491 0
      vertex 2.05742 -10.5491 8
    endloop
  endfacet
  facet normal 0.24313 0.969994 -0
    outer loop
      vertex -0.419444 -12.0337 0
      vertex -0.624111 -11.9824 8
      vertex -0.419444 -12.0337 8
    endloop
  endfacet
  facet normal 0.24313 0.969994 0
    outer loop
      vertex -0.624111 -11.9824 8
      vertex -0.419444 -12.0337 0
      vertex -0.624111 -11.9824 0
    endloop
  endfacet
  facet normal -0.740949 -0.671561 0
    outer loop
      vertex 1.66197 -8.56105 0
      vertex 1.52028 -8.40472 8
      vertex 1.52028 -8.40472 0
    endloop
  endfacet
  facet normal -0.740949 -0.671561 0
    outer loop
      vertex 1.52028 -8.40472 8
      vertex 1.66197 -8.56105 0
      vertex 1.66197 -8.56105 8
    endloop
  endfacet
  facet normal -0.146736 -0.989176 0
    outer loop
      vertex 0.210736 -7.78535 0
      vertex 0.419444 -7.81631 8
      vertex 0.210736 -7.78535 8
    endloop
  endfacet
  facet normal -0.146736 -0.989176 -0
    outer loop
      vertex 0.419444 -7.81631 8
      vertex 0.210736 -7.78535 0
      vertex 0.419444 -7.81631 0
    endloop
  endfacet
  facet normal 0.970028 -0.242993 0
    outer loop
      vertex -2.10869 -9.50556 8
      vertex -2.05742 -9.30089 0
      vertex -2.05742 -9.30089 8
    endloop
  endfacet
  facet normal 0.970028 -0.242993 0
    outer loop
      vertex -2.05742 -9.30089 0
      vertex -2.10869 -9.50556 8
      vertex -2.10869 -9.50556 0
    endloop
  endfacet
  facet normal 0.33697 0.941515 -0
    outer loop
      vertex -0.624111 -11.9824 0
      vertex -0.822769 -11.9113 8
      vertex -0.624111 -11.9824 8
    endloop
  endfacet
  facet normal 0.33697 0.941515 0
    outer loop
      vertex -0.822769 -11.9113 8
      vertex -0.624111 -11.9824 0
      vertex -0.822769 -11.9113 0
    endloop
  endfacet
  facet normal 0.941568 0.336823 0
    outer loop
      vertex -1.98634 -10.7478 8
      vertex -2.05742 -10.5491 0
      vertex -2.05742 -10.5491 8
    endloop
  endfacet
  facet normal 0.941568 0.336823 0
    outer loop
      vertex -2.05742 -10.5491 0
      vertex -1.98634 -10.7478 8
      vertex -1.98634 -10.7478 0
    endloop
  endfacet
  facet normal -0.336886 -0.941546 0
    outer loop
      vertex 0.624111 -7.86758 0
      vertex 0.822769 -7.93866 8
      vertex 0.624111 -7.86758 8
    endloop
  endfacet
  facet normal -0.336886 -0.941546 -0
    outer loop
      vertex 0.822769 -7.93866 8
      vertex 0.624111 -7.86758 0
      vertex 0.822769 -7.93866 0
    endloop
  endfacet
  facet normal -0.514084 -0.85774 0
    outer loop
      vertex 1.0135 -8.02887 0
      vertex 1.19448 -8.13734 8
      vertex 1.0135 -8.02887 8
    endloop
  endfacet
  facet normal -0.514084 -0.85774 -0
    outer loop
      vertex 1.19448 -8.13734 8
      vertex 1.0135 -8.02887 0
      vertex 1.19448 -8.13734 0
    endloop
  endfacet
  facet normal 0.989175 -0.146741 0
    outer loop
      vertex -2.13965 -9.71426 8
      vertex -2.10869 -9.50556 0
      vertex -2.10869 -9.50556 8
    endloop
  endfacet
  facet normal 0.989175 -0.146741 0
    outer loop
      vertex -2.10869 -9.50556 0
      vertex -2.13965 -9.71426 8
      vertex -2.13965 -9.71426 0
    endloop
  endfacet
  facet normal 0.336886 -0.941546 0
    outer loop
      vertex -0.822769 -7.93866 0
      vertex -0.624111 -7.86758 8
      vertex -0.822769 -7.93866 8
    endloop
  endfacet
  facet normal 0.336886 -0.941546 0
    outer loop
      vertex -0.624111 -7.86758 8
      vertex -0.822769 -7.93866 0
      vertex -0.624111 -7.86758 0
    endloop
  endfacet
  facet normal -0.903987 -0.427561 0
    outer loop
      vertex 1.98634 -9.10223 0
      vertex 1.89613 -8.9115 8
      vertex 1.89613 -8.9115 0
    endloop
  endfacet
  facet normal -0.903987 -0.427561 0
    outer loop
      vertex 1.89613 -8.9115 8
      vertex 1.98634 -9.10223 0
      vertex 1.98634 -9.10223 8
    endloop
  endfacet
  facet normal 0.803202 -0.595707 0
    outer loop
      vertex -1.78766 -8.73052 8
      vertex -1.66197 -8.56105 0
      vertex -1.66197 -8.56105 8
    endloop
  endfacet
  facet normal 0.803202 -0.595707 0
    outer loop
      vertex -1.66197 -8.56105 0
      vertex -1.78766 -8.73052 8
      vertex -1.78766 -8.73052 0
    endloop
  endfacet
  facet normal 0.0492909 0.998784 -0
    outer loop
      vertex 0 -12.075 0
      vertex -0.210736 -12.0646 8
      vertex 0 -12.075 8
    endloop
  endfacet
  facet normal 0.0492909 0.998784 0
    outer loop
      vertex -0.210736 -12.0646 8
      vertex 0 -12.075 0
      vertex -0.210736 -12.0646 0
    endloop
  endfacet
  facet normal -0.146457 0.989217 0
    outer loop
      vertex 0.419444 -12.0337 0
      vertex 0.210736 -12.0646 8
      vertex 0.419444 -12.0337 8
    endloop
  endfacet
  facet normal -0.146457 0.989217 0
    outer loop
      vertex 0.210736 -12.0646 8
      vertex 0.419444 -12.0337 0
      vertex 0.210736 -12.0646 0
    endloop
  endfacet
  facet normal 0.595707 -0.803202 0
    outer loop
      vertex -1.36395 -8.26303 0
      vertex -1.19448 -8.13734 8
      vertex -1.36395 -8.26303 8
    endloop
  endfacet
  facet normal 0.595707 -0.803202 0
    outer loop
      vertex -1.19448 -8.13734 8
      vertex -1.36395 -8.26303 0
      vertex -1.19448 -8.13734 0
    endloop
  endfacet
  facet normal 0.514084 -0.85774 0
    outer loop
      vertex -1.19448 -8.13734 0
      vertex -1.0135 -8.02887 8
      vertex -1.19448 -8.13734 8
    endloop
  endfacet
  facet normal 0.514084 -0.85774 0
    outer loop
      vertex -1.0135 -8.02887 8
      vertex -1.19448 -8.13734 0
      vertex -1.0135 -8.02887 0
    endloop
  endfacet
  facet normal 0.0490545 -0.998796 0
    outer loop
      vertex -0.210736 -7.78535 0
      vertex 0 -7.775 8
      vertex -0.210736 -7.78535 8
    endloop
  endfacet
  facet normal 0.0490545 -0.998796 0
    outer loop
      vertex 0 -7.775 8
      vertex -0.210736 -7.78535 0
      vertex 0 -7.775 0
    endloop
  endfacet
  facet normal -0.803084 0.595866 0
    outer loop
      vertex 1.66197 -11.2889 0
      vertex 1.78766 -11.1195 8
      vertex 1.78766 -11.1195 0
    endloop
  endfacet
  facet normal -0.803084 0.595866 0
    outer loop
      vertex 1.78766 -11.1195 8
      vertex 1.66197 -11.2889 0
      vertex 1.66197 -11.2889 8
    endloop
  endfacet
  facet normal -0.941547 -0.336883 0
    outer loop
      vertex 2.05742 -9.30089 0
      vertex 1.98634 -9.10223 8
      vertex 1.98634 -9.10223 0
    endloop
  endfacet
  facet normal -0.941547 -0.336883 0
    outer loop
      vertex 1.98634 -9.10223 8
      vertex 2.05742 -9.30089 0
      vertex 2.05742 -9.30089 8
    endloop
  endfacet
  facet normal -0.857765 0.514043 0
    outer loop
      vertex 1.78766 -11.1195 0
      vertex 1.89613 -10.9385 8
      vertex 1.89613 -10.9385 0
    endloop
  endfacet
  facet normal -0.857765 0.514043 0
    outer loop
      vertex 1.89613 -10.9385 8
      vertex 1.78766 -11.1195 0
      vertex 1.78766 -11.1195 8
    endloop
  endfacet
  facet normal 0.671587 0.740926 -0
    outer loop
      vertex -1.36395 -11.587 0
      vertex -1.52028 -11.4453 8
      vertex -1.36395 -11.587 8
    endloop
  endfacet
  facet normal 0.671587 0.740926 0
    outer loop
      vertex -1.52028 -11.4453 8
      vertex -1.36395 -11.587 0
      vertex -1.52028 -11.4453 0
    endloop
  endfacet
  facet normal -0.903961 0.427616 0
    outer loop
      vertex 1.89613 -10.9385 0
      vertex 1.98634 -10.7478 8
      vertex 1.98634 -10.7478 0
    endloop
  endfacet
  facet normal -0.903961 0.427616 0
    outer loop
      vertex 1.98634 -10.7478 8
      vertex 1.89613 -10.9385 0
      vertex 1.89613 -10.9385 8
    endloop
  endfacet
  facet normal -0.33697 0.941515 0
    outer loop
      vertex 0.822769 -11.9113 0
      vertex 0.624111 -11.9824 8
      vertex 0.822769 -11.9113 8
    endloop
  endfacet
  facet normal -0.33697 0.941515 0
    outer loop
      vertex 0.624111 -11.9824 8
      vertex 0.822769 -11.9113 0
      vertex 0.624111 -11.9824 0
    endloop
  endfacet
  facet normal -0.24313 0.969994 0
    outer loop
      vertex 0.624111 -11.9824 0
      vertex 0.419444 -12.0337 8
      vertex 0.624111 -11.9824 8
    endloop
  endfacet
  facet normal -0.24313 0.969994 0
    outer loop
      vertex 0.419444 -12.0337 8
      vertex 0.624111 -11.9824 0
      vertex 0.419444 -12.0337 0
    endloop
  endfacet
  facet normal -0.42752 0.904006 0
    outer loop
      vertex 1.0135 -11.8211 0
      vertex 0.822769 -11.9113 8
      vertex 1.0135 -11.8211 8
    endloop
  endfacet
  facet normal -0.42752 0.904006 0
    outer loop
      vertex 0.822769 -11.9113 8
      vertex 1.0135 -11.8211 0
      vertex 0.822769 -11.9113 0
    endloop
  endfacet
  facet normal -0.989175 0.146741 0
    outer loop
      vertex 2.10869 -10.3444 0
      vertex 2.13965 -10.1357 8
      vertex 2.13965 -10.1357 0
    endloop
  endfacet
  facet normal -0.989175 0.146741 0
    outer loop
      vertex 2.13965 -10.1357 8
      vertex 2.10869 -10.3444 0
      vertex 2.10869 -10.3444 8
    endloop
  endfacet
  facet normal -0.85774 -0.514084 0
    outer loop
      vertex 1.89613 -8.9115 0
      vertex 1.78766 -8.73052 8
      vertex 1.78766 -8.73052 0
    endloop
  endfacet
  facet normal -0.85774 -0.514084 0
    outer loop
      vertex 1.78766 -8.73052 8
      vertex 1.89613 -8.9115 0
      vertex 1.89613 -8.9115 8
    endloop
  endfacet
  facet normal 0.941547 -0.336883 0
    outer loop
      vertex -2.05742 -9.30089 8
      vertex -1.98634 -9.10223 0
      vertex -1.98634 -9.10223 8
    endloop
  endfacet
  facet normal 0.941547 -0.336883 0
    outer loop
      vertex -1.98634 -9.10223 0
      vertex -2.05742 -9.30089 8
      vertex -2.05742 -9.30089 0
    endloop
  endfacet
  facet normal 0.970036 0.242959 0
    outer loop
      vertex -2.05742 -10.5491 8
      vertex -2.10869 -10.3444 0
      vertex -2.10869 -10.3444 8
    endloop
  endfacet
  facet normal 0.970036 0.242959 0
    outer loop
      vertex -2.10869 -10.3444 0
      vertex -2.05742 -10.5491 8
      vertex -2.05742 -10.5491 0
    endloop
  endfacet
  facet normal 0.146736 -0.989176 0
    outer loop
      vertex -0.419444 -7.81631 0
      vertex -0.210736 -7.78535 8
      vertex -0.419444 -7.81631 8
    endloop
  endfacet
  facet normal 0.146736 -0.989176 0
    outer loop
      vertex -0.210736 -7.78535 8
      vertex -0.419444 -7.81631 0
      vertex -0.210736 -7.78535 0
    endloop
  endfacet
  facet normal 0.803084 0.595866 0
    outer loop
      vertex -1.66197 -11.2889 8
      vertex -1.78766 -11.1195 0
      vertex -1.78766 -11.1195 8
    endloop
  endfacet
  facet normal 0.803084 0.595866 0
    outer loop
      vertex -1.78766 -11.1195 0
      vertex -1.66197 -11.2889 8
      vertex -1.66197 -11.2889 0
    endloop
  endfacet
  facet normal 0.671561 -0.740949 0
    outer loop
      vertex -1.52028 -8.40472 0
      vertex -1.36395 -8.26303 8
      vertex -1.52028 -8.40472 8
    endloop
  endfacet
  facet normal 0.671561 -0.740949 0
    outer loop
      vertex -1.36395 -8.26303 8
      vertex -1.52028 -8.40472 0
      vertex -1.36395 -8.26303 0
    endloop
  endfacet
  facet normal -0.0490545 -0.998796 0
    outer loop
      vertex 0 -7.775 0
      vertex 0.210736 -7.78535 8
      vertex 0 -7.775 8
    endloop
  endfacet
  facet normal -0.0490545 -0.998796 -0
    outer loop
      vertex 0.210736 -7.78535 8
      vertex 0 -7.775 0
      vertex 0.210736 -7.78535 0
    endloop
  endfacet
  facet normal 0.989175 0.146741 0
    outer loop
      vertex -2.10869 -10.3444 8
      vertex -2.13965 -10.1357 0
      vertex -2.13965 -10.1357 8
    endloop
  endfacet
  facet normal 0.989175 0.146741 0
    outer loop
      vertex -2.13965 -10.1357 0
      vertex -2.10869 -10.3444 8
      vertex -2.10869 -10.3444 0
    endloop
  endfacet
  facet normal 0.741099 0.671396 0
    outer loop
      vertex -1.52028 -11.4453 8
      vertex -1.66197 -11.2889 0
      vertex -1.66197 -11.2889 8
    endloop
  endfacet
  facet normal 0.741099 0.671396 0
    outer loop
      vertex -1.66197 -11.2889 0
      vertex -1.52028 -11.4453 8
      vertex -1.52028 -11.4453 0
    endloop
  endfacet
  facet normal 0.595737 0.803179 -0
    outer loop
      vertex -1.19448 -11.7127 0
      vertex -1.36395 -11.587 8
      vertex -1.19448 -11.7127 8
    endloop
  endfacet
  facet normal 0.595737 0.803179 0
    outer loop
      vertex -1.36395 -11.587 8
      vertex -1.19448 -11.7127 0
      vertex -1.36395 -11.587 0
    endloop
  endfacet
  facet normal 0.740949 -0.671561 0
    outer loop
      vertex -1.66197 -8.56105 8
      vertex -1.52028 -8.40472 0
      vertex -1.52028 -8.40472 8
    endloop
  endfacet
  facet normal 0.740949 -0.671561 0
    outer loop
      vertex -1.52028 -8.40472 0
      vertex -1.66197 -8.56105 8
      vertex -1.66197 -8.56105 0
    endloop
  endfacet
  facet normal 0.903961 0.427616 0
    outer loop
      vertex -1.89613 -10.9385 8
      vertex -1.98634 -10.7478 0
      vertex -1.98634 -10.7478 8
    endloop
  endfacet
  facet normal 0.903961 0.427616 0
    outer loop
      vertex -1.98634 -10.7478 0
      vertex -1.89613 -10.9385 8
      vertex -1.89613 -10.9385 0
    endloop
  endfacet
  facet normal 0.51384 0.857886 -0
    outer loop
      vertex -1.0135 -11.8211 0
      vertex -1.19448 -11.7127 8
      vertex -1.0135 -11.8211 8
    endloop
  endfacet
  facet normal 0.51384 0.857886 0
    outer loop
      vertex -1.19448 -11.7127 8
      vertex -1.0135 -11.8211 0
      vertex -1.19448 -11.7127 0
    endloop
  endfacet
  facet normal -0.242996 -0.970027 0
    outer loop
      vertex 0.419444 -7.81631 0
      vertex 0.624111 -7.86758 8
      vertex 0.419444 -7.81631 8
    endloop
  endfacet
  facet normal -0.242996 -0.970027 -0
    outer loop
      vertex 0.624111 -7.86758 8
      vertex 0.419444 -7.81631 0
      vertex 0.624111 -7.86758 0
    endloop
  endfacet
  facet normal 0.903987 -0.427561 0
    outer loop
      vertex -1.98634 -9.10223 8
      vertex -1.89613 -8.9115 0
      vertex -1.89613 -8.9115 8
    endloop
  endfacet
  facet normal 0.903987 -0.427561 0
    outer loop
      vertex -1.89613 -8.9115 0
      vertex -1.98634 -9.10223 8
      vertex -1.98634 -9.10223 0
    endloop
  endfacet
  facet normal -0.51384 0.857886 0
    outer loop
      vertex 1.19448 -11.7127 0
      vertex 1.0135 -11.8211 8
      vertex 1.19448 -11.7127 8
    endloop
  endfacet
  facet normal -0.51384 0.857886 0
    outer loop
      vertex 1.0135 -11.8211 8
      vertex 1.19448 -11.7127 0
      vertex 1.0135 -11.8211 0
    endloop
  endfacet
  facet normal -0.0492909 0.998784 0
    outer loop
      vertex 0.210736 -12.0646 0
      vertex 0 -12.075 8
      vertex 0.210736 -12.0646 8
    endloop
  endfacet
  facet normal -0.0492909 0.998784 0
    outer loop
      vertex 0 -12.075 8
      vertex 0.210736 -12.0646 0
      vertex 0 -12.075 0
    endloop
  endfacet
  facet normal -0.595737 0.803179 0
    outer loop
      vertex 1.36395 -11.587 0
      vertex 1.19448 -11.7127 8
      vertex 1.36395 -11.587 8
    endloop
  endfacet
  facet normal -0.595737 0.803179 0
    outer loop
      vertex 1.19448 -11.7127 8
      vertex 1.36395 -11.587 0
      vertex 1.19448 -11.7127 0
    endloop
  endfacet
  facet normal -0.941568 0.336823 0
    outer loop
      vertex 1.98634 -10.7478 0
      vertex 2.05742 -10.5491 8
      vertex 2.05742 -10.5491 0
    endloop
  endfacet
  facet normal -0.941568 0.336823 0
    outer loop
      vertex 2.05742 -10.5491 8
      vertex 1.98634 -10.7478 0
      vertex 1.98634 -10.7478 8
    endloop
  endfacet
  facet normal -0.741099 0.671396 0
    outer loop
      vertex 1.52028 -11.4453 0
      vertex 1.66197 -11.2889 8
      vertex 1.66197 -11.2889 0
    endloop
  endfacet
  facet normal -0.741099 0.671396 0
    outer loop
      vertex 1.66197 -11.2889 8
      vertex 1.52028 -11.4453 0
      vertex 1.52028 -11.4453 8
    endloop
  endfacet
  facet normal 0.42752 0.904006 -0
    outer loop
      vertex -0.822769 -11.9113 0
      vertex -1.0135 -11.8211 8
      vertex -0.822769 -11.9113 8
    endloop
  endfacet
  facet normal 0.42752 0.904006 0
    outer loop
      vertex -1.0135 -11.8211 8
      vertex -0.822769 -11.9113 0
      vertex -1.0135 -11.8211 0
    endloop
  endfacet
  facet normal 0.146457 0.989217 -0
    outer loop
      vertex -0.210736 -12.0646 0
      vertex -0.419444 -12.0337 8
      vertex -0.210736 -12.0646 8
    endloop
  endfacet
  facet normal 0.146457 0.989217 0
    outer loop
      vertex -0.419444 -12.0337 8
      vertex -0.210736 -12.0646 0
      vertex -0.419444 -12.0337 0
    endloop
  endfacet
  facet normal 0.998796 -0.0490535 0
    outer loop
      vertex -2.15 -9.925 8
      vertex -2.13965 -9.71426 0
      vertex -2.13965 -9.71426 8
    endloop
  endfacet
  facet normal 0.998796 -0.0490535 0
    outer loop
      vertex -2.13965 -9.71426 0
      vertex -2.15 -9.925 8
      vertex -2.15 -9.925 0
    endloop
  endfacet
  facet normal 0.998796 0.0490628 0
    outer loop
      vertex -2.13965 -10.1357 8
      vertex -2.15 -9.925 0
      vertex -2.15 -9.925 8
    endloop
  endfacet
  facet normal 0.998796 0.0490628 0
    outer loop
      vertex -2.15 -9.925 0
      vertex -2.13965 -10.1357 8
      vertex -2.13965 -10.1357 0
    endloop
  endfacet
  facet normal -0.671587 0.740926 0
    outer loop
      vertex 1.52028 -11.4453 0
      vertex 1.36395 -11.587 8
      vertex 1.52028 -11.4453 8
    endloop
  endfacet
  facet normal -0.671587 0.740926 0
    outer loop
      vertex 1.36395 -11.587 8
      vertex 1.52028 -11.4453 0
      vertex 1.36395 -11.587 0
    endloop
  endfacet
  facet normal -0.989175 -0.146741 0
    outer loop
      vertex 2.13965 10.1357 0
      vertex 2.10869 10.3444 8
      vertex 2.10869 10.3444 0
    endloop
  endfacet
  facet normal -0.989175 -0.146741 0
    outer loop
      vertex 2.10869 10.3444 8
      vertex 2.13965 10.1357 0
      vertex 2.13965 10.1357 8
    endloop
  endfacet
  facet normal -0.998796 -0.0490628 0
    outer loop
      vertex 2.15 9.925 0
      vertex 2.13965 10.1357 8
      vertex 2.13965 10.1357 0
    endloop
  endfacet
  facet normal -0.998796 -0.0490628 0
    outer loop
      vertex 2.13965 10.1357 8
      vertex 2.15 9.925 0
      vertex 2.15 9.925 8
    endloop
  endfacet
  facet normal -0.970036 -0.242959 0
    outer loop
      vertex 2.10869 10.3444 0
      vertex 2.05742 10.5491 8
      vertex 2.05742 10.5491 0
    endloop
  endfacet
  facet normal -0.970036 -0.242959 0
    outer loop
      vertex 2.05742 10.5491 8
      vertex 2.10869 10.3444 0
      vertex 2.10869 10.3444 8
    endloop
  endfacet
  facet normal 0.671587 -0.740926 0
    outer loop
      vertex -1.52028 11.4453 0
      vertex -1.36395 11.587 8
      vertex -1.52028 11.4453 8
    endloop
  endfacet
  facet normal 0.671587 -0.740926 0
    outer loop
      vertex -1.36395 11.587 8
      vertex -1.52028 11.4453 0
      vertex -1.36395 11.587 0
    endloop
  endfacet
  facet normal 0.970028 0.242993 0
    outer loop
      vertex -2.05742 9.30089 8
      vertex -2.10869 9.50556 0
      vertex -2.10869 9.50556 8
    endloop
  endfacet
  facet normal 0.970028 0.242993 0
    outer loop
      vertex -2.10869 9.50556 0
      vertex -2.05742 9.30089 8
      vertex -2.05742 9.30089 0
    endloop
  endfacet
  facet normal 0.51384 -0.857886 0
    outer loop
      vertex -1.19448 11.7127 0
      vertex -1.0135 11.8211 8
      vertex -1.19448 11.7127 8
    endloop
  endfacet
  facet normal 0.51384 -0.857886 0
    outer loop
      vertex -1.0135 11.8211 8
      vertex -1.19448 11.7127 0
      vertex -1.0135 11.8211 0
    endloop
  endfacet
  facet normal -0.427559 0.903988 0
    outer loop
      vertex 1.0135 8.02887 0
      vertex 0.822769 7.93866 8
      vertex 1.0135 8.02887 8
    endloop
  endfacet
  facet normal -0.427559 0.903988 0
    outer loop
      vertex 0.822769 7.93866 8
      vertex 1.0135 8.02887 0
      vertex 0.822769 7.93866 0
    endloop
  endfacet
  facet normal -0.42752 -0.904006 0
    outer loop
      vertex 0.822769 11.9113 0
      vertex 1.0135 11.8211 8
      vertex 0.822769 11.9113 8
    endloop
  endfacet
  facet normal -0.42752 -0.904006 -0
    outer loop
      vertex 1.0135 11.8211 8
      vertex 0.822769 11.9113 0
      vertex 1.0135 11.8211 0
    endloop
  endfacet
  facet normal -0.24313 -0.969994 0
    outer loop
      vertex 0.419444 12.0337 0
      vertex 0.624111 11.9824 8
      vertex 0.419444 12.0337 8
    endloop
  endfacet
  facet normal -0.24313 -0.969994 -0
    outer loop
      vertex 0.624111 11.9824 8
      vertex 0.419444 12.0337 0
      vertex 0.624111 11.9824 0
    endloop
  endfacet
  facet normal 0.903987 0.427561 0
    outer loop
      vertex -1.89613 8.9115 8
      vertex -1.98634 9.10223 0
      vertex -1.98634 9.10223 8
    endloop
  endfacet
  facet normal 0.903987 0.427561 0
    outer loop
      vertex -1.98634 9.10223 0
      vertex -1.89613 8.9115 8
      vertex -1.89613 8.9115 0
    endloop
  endfacet
  facet normal 0.741099 -0.671396 0
    outer loop
      vertex -1.66197 11.2889 8
      vertex -1.52028 11.4453 0
      vertex -1.52028 11.4453 8
    endloop
  endfacet
  facet normal 0.741099 -0.671396 0
    outer loop
      vertex -1.52028 11.4453 0
      vertex -1.66197 11.2889 8
      vertex -1.66197 11.2889 0
    endloop
  endfacet
  facet normal -0.514084 0.85774 0
    outer loop
      vertex 1.19448 8.13734 0
      vertex 1.0135 8.02887 8
      vertex 1.19448 8.13734 8
    endloop
  endfacet
  facet normal -0.514084 0.85774 0
    outer loop
      vertex 1.0135 8.02887 8
      vertex 1.19448 8.13734 0
      vertex 1.0135 8.02887 0
    endloop
  endfacet
  facet normal -0.336886 0.941546 0
    outer loop
      vertex 0.822769 7.93866 0
      vertex 0.624111 7.86758 8
      vertex 0.822769 7.93866 8
    endloop
  endfacet
  facet normal -0.336886 0.941546 0
    outer loop
      vertex 0.624111 7.86758 8
      vertex 0.822769 7.93866 0
      vertex 0.624111 7.86758 0
    endloop
  endfacet
  facet normal 0.33697 -0.941515 0
    outer loop
      vertex -0.822769 11.9113 0
      vertex -0.624111 11.9824 8
      vertex -0.822769 11.9113 8
    endloop
  endfacet
  facet normal 0.33697 -0.941515 0
    outer loop
      vertex -0.624111 11.9824 8
      vertex -0.822769 11.9113 0
      vertex -0.624111 11.9824 0
    endloop
  endfacet
  facet normal -0.0490545 0.998796 0
    outer loop
      vertex 0.210736 7.78535 0
      vertex 0 7.775 8
      vertex 0.210736 7.78535 8
    endloop
  endfacet
  facet normal -0.0490545 0.998796 0
    outer loop
      vertex 0 7.775 8
      vertex 0.210736 7.78535 0
      vertex 0 7.775 0
    endloop
  endfacet
  facet normal -0.671587 -0.740926 0
    outer loop
      vertex 1.36395 11.587 0
      vertex 1.52028 11.4453 8
      vertex 1.36395 11.587 8
    endloop
  endfacet
  facet normal -0.671587 -0.740926 -0
    outer loop
      vertex 1.52028 11.4453 8
      vertex 1.36395 11.587 0
      vertex 1.52028 11.4453 0
    endloop
  endfacet
  facet normal 0.0492909 -0.998784 0
    outer loop
      vertex -0.210736 12.0646 0
      vertex 0 12.075 8
      vertex -0.210736 12.0646 8
    endloop
  endfacet
  facet normal 0.0492909 -0.998784 0
    outer loop
      vertex 0 12.075 8
      vertex -0.210736 12.0646 0
      vertex 0 12.075 0
    endloop
  endfacet
  facet normal 0.595707 0.803202 -0
    outer loop
      vertex -1.19448 8.13734 0
      vertex -1.36395 8.26303 8
      vertex -1.19448 8.13734 8
    endloop
  endfacet
  facet normal 0.595707 0.803202 0
    outer loop
      vertex -1.36395 8.26303 8
      vertex -1.19448 8.13734 0
      vertex -1.36395 8.26303 0
    endloop
  endfacet
  facet normal 0.42752 -0.904006 0
    outer loop
      vertex -1.0135 11.8211 0
      vertex -0.822769 11.9113 8
      vertex -1.0135 11.8211 8
    endloop
  endfacet
  facet normal 0.42752 -0.904006 0
    outer loop
      vertex -0.822769 11.9113 8
      vertex -1.0135 11.8211 0
      vertex -0.822769 11.9113 0
    endloop
  endfacet
  facet normal 0.427559 0.903988 -0
    outer loop
      vertex -0.822769 7.93866 0
      vertex -1.0135 8.02887 8
      vertex -0.822769 7.93866 8
    endloop
  endfacet
  facet normal 0.427559 0.903988 0
    outer loop
      vertex -1.0135 8.02887 8
      vertex -0.822769 7.93866 0
      vertex -1.0135 8.02887 0
    endloop
  endfacet
  facet normal 0.146457 -0.989217 0
    outer loop
      vertex -0.419444 12.0337 0
      vertex -0.210736 12.0646 8
      vertex -0.419444 12.0337 8
    endloop
  endfacet
  facet normal 0.146457 -0.989217 0
    outer loop
      vertex -0.210736 12.0646 8
      vertex -0.419444 12.0337 0
      vertex -0.210736 12.0646 0
    endloop
  endfacet
  facet normal 0.903961 -0.427616 0
    outer loop
      vertex -1.98634 10.7478 8
      vertex -1.89613 10.9385 0
      vertex -1.89613 10.9385 8
    endloop
  endfacet
  facet normal 0.903961 -0.427616 0
    outer loop
      vertex -1.89613 10.9385 0
      vertex -1.98634 10.7478 8
      vertex -1.98634 10.7478 0
    endloop
  endfacet
  facet normal -0.595707 0.803202 0
    outer loop
      vertex 1.36395 8.26303 0
      vertex 1.19448 8.13734 8
      vertex 1.36395 8.26303 8
    endloop
  endfacet
  facet normal -0.595707 0.803202 0
    outer loop
      vertex 1.19448 8.13734 8
      vertex 1.36395 8.26303 0
      vertex 1.19448 8.13734 0
    endloop
  endfacet
  facet normal 0.242996 0.970027 -0
    outer loop
      vertex -0.419444 7.81631 0
      vertex -0.624111 7.86758 8
      vertex -0.419444 7.81631 8
    endloop
  endfacet
  facet normal 0.242996 0.970027 0
    outer loop
      vertex -0.624111 7.86758 8
      vertex -0.419444 7.81631 0
      vertex -0.624111 7.86758 0
    endloop
  endfacet
  facet normal -0.51384 -0.857886 0
    outer loop
      vertex 1.0135 11.8211 0
      vertex 1.19448 11.7127 8
      vertex 1.0135 11.8211 8
    endloop
  endfacet
  facet normal -0.51384 -0.857886 -0
    outer loop
      vertex 1.19448 11.7127 8
      vertex 1.0135 11.8211 0
      vertex 1.19448 11.7127 0
    endloop
  endfacet
  facet normal 0.998796 0.0490535 0
    outer loop
      vertex -2.13965 9.71426 8
      vertex -2.15 9.925 0
      vertex -2.15 9.925 8
    endloop
  endfacet
  facet normal 0.998796 0.0490535 0
    outer loop
      vertex -2.15 9.925 0
      vertex -2.13965 9.71426 8
      vertex -2.13965 9.71426 0
    endloop
  endfacet
  facet normal -0.970028 0.242993 0
    outer loop
      vertex 2.05742 9.30089 0
      vertex 2.10869 9.50556 8
      vertex 2.10869 9.50556 0
    endloop
  endfacet
  facet normal -0.970028 0.242993 0
    outer loop
      vertex 2.10869 9.50556 8
      vertex 2.05742 9.30089 0
      vertex 2.05742 9.30089 8
    endloop
  endfacet
  facet normal -0.595737 -0.803179 0
    outer loop
      vertex 1.19448 11.7127 0
      vertex 1.36395 11.587 8
      vertex 1.19448 11.7127 8
    endloop
  endfacet
  facet normal -0.595737 -0.803179 -0
    outer loop
      vertex 1.36395 11.587 8
      vertex 1.19448 11.7127 0
      vertex 1.36395 11.587 0
    endloop
  endfacet
  facet normal 0.595737 -0.803179 0
    outer loop
      vertex -1.36395 11.587 0
      vertex -1.19448 11.7127 8
      vertex -1.36395 11.587 8
    endloop
  endfacet
  facet normal 0.595737 -0.803179 0
    outer loop
      vertex -1.19448 11.7127 8
      vertex -1.36395 11.587 0
      vertex -1.19448 11.7127 0
    endloop
  endfacet
  facet normal -0.146457 -0.989217 0
    outer loop
      vertex 0.210736 12.0646 0
      vertex 0.419444 12.0337 8
      vertex 0.210736 12.0646 8
    endloop
  endfacet
  facet normal -0.146457 -0.989217 -0
    outer loop
      vertex 0.419444 12.0337 8
      vertex 0.210736 12.0646 0
      vertex 0.419444 12.0337 0
    endloop
  endfacet
  facet normal -0.803084 -0.595866 0
    outer loop
      vertex 1.78766 11.1195 0
      vertex 1.66197 11.2889 8
      vertex 1.66197 11.2889 0
    endloop
  endfacet
  facet normal -0.803084 -0.595866 0
    outer loop
      vertex 1.66197 11.2889 8
      vertex 1.78766 11.1195 0
      vertex 1.78766 11.1195 8
    endloop
  endfacet
  facet normal -0.0492909 -0.998784 0
    outer loop
      vertex 0 12.075 0
      vertex 0.210736 12.0646 8
      vertex 0 12.075 8
    endloop
  endfacet
  facet normal -0.0492909 -0.998784 -0
    outer loop
      vertex 0.210736 12.0646 8
      vertex 0 12.075 0
      vertex 0.210736 12.0646 0
    endloop
  endfacet
  facet normal -0.989175 0.146741 0
    outer loop
      vertex 2.10869 9.50556 0
      vertex 2.13965 9.71426 8
      vertex 2.13965 9.71426 0
    endloop
  endfacet
  facet normal -0.989175 0.146741 0
    outer loop
      vertex 2.13965 9.71426 8
      vertex 2.10869 9.50556 0
      vertex 2.10869 9.50556 8
    endloop
  endfacet
  facet normal -0.903987 0.427561 0
    outer loop
      vertex 1.89613 8.9115 0
      vertex 1.98634 9.10223 8
      vertex 1.98634 9.10223 0
    endloop
  endfacet
  facet normal -0.903987 0.427561 0
    outer loop
      vertex 1.98634 9.10223 8
      vertex 1.89613 8.9115 0
      vertex 1.89613 8.9115 8
    endloop
  endfacet
  facet normal -0.741099 -0.671396 0
    outer loop
      vertex 1.66197 11.2889 0
      vertex 1.52028 11.4453 8
      vertex 1.52028 11.4453 0
    endloop
  endfacet
  facet normal -0.741099 -0.671396 0
    outer loop
      vertex 1.52028 11.4453 8
      vertex 1.66197 11.2889 0
      vertex 1.66197 11.2889 8
    endloop
  endfacet
  facet normal -0.998796 0.0490535 0
    outer loop
      vertex 2.13965 9.71426 0
      vertex 2.15 9.925 8
      vertex 2.15 9.925 0
    endloop
  endfacet
  facet normal -0.998796 0.0490535 0
    outer loop
      vertex 2.15 9.925 8
      vertex 2.13965 9.71426 0
      vertex 2.13965 9.71426 8
    endloop
  endfacet
  facet normal 0.941568 -0.336823 0
    outer loop
      vertex -2.05742 10.5491 8
      vertex -1.98634 10.7478 0
      vertex -1.98634 10.7478 8
    endloop
  endfacet
  facet normal 0.941568 -0.336823 0
    outer loop
      vertex -1.98634 10.7478 0
      vertex -2.05742 10.5491 8
      vertex -2.05742 10.5491 0
    endloop
  endfacet
  facet normal 0.85774 0.514084 0
    outer loop
      vertex -1.78766 8.73052 8
      vertex -1.89613 8.9115 0
      vertex -1.89613 8.9115 8
    endloop
  endfacet
  facet normal 0.85774 0.514084 0
    outer loop
      vertex -1.89613 8.9115 0
      vertex -1.78766 8.73052 8
      vertex -1.78766 8.73052 0
    endloop
  endfacet
  facet normal -0.242996 0.970027 0
    outer loop
      vertex 0.624111 7.86758 0
      vertex 0.419444 7.81631 8
      vertex 0.624111 7.86758 8
    endloop
  endfacet
  facet normal -0.242996 0.970027 0
    outer loop
      vertex 0.419444 7.81631 8
      vertex 0.624111 7.86758 0
      vertex 0.419444 7.81631 0
    endloop
  endfacet
  facet normal -0.146736 0.989176 0
    outer loop
      vertex 0.419444 7.81631 0
      vertex 0.210736 7.78535 8
      vertex 0.419444 7.81631 8
    endloop
  endfacet
  facet normal -0.146736 0.989176 0
    outer loop
      vertex 0.210736 7.78535 8
      vertex 0.419444 7.81631 0
      vertex 0.210736 7.78535 0
    endloop
  endfacet
  facet normal -0.941568 -0.336823 0
    outer loop
      vertex 2.05742 10.5491 0
      vertex 1.98634 10.7478 8
      vertex 1.98634 10.7478 0
    endloop
  endfacet
  facet normal -0.941568 -0.336823 0
    outer loop
      vertex 1.98634 10.7478 8
      vertex 2.05742 10.5491 0
      vertex 2.05742 10.5491 8
    endloop
  endfacet
  facet normal -0.803202 0.595707 0
    outer loop
      vertex 1.66197 8.56105 0
      vertex 1.78766 8.73052 8
      vertex 1.78766 8.73052 0
    endloop
  endfacet
  facet normal -0.803202 0.595707 0
    outer loop
      vertex 1.78766 8.73052 8
      vertex 1.66197 8.56105 0
      vertex 1.66197 8.56105 8
    endloop
  endfacet
  facet normal -0.85774 0.514084 0
    outer loop
      vertex 1.78766 8.73052 0
      vertex 1.89613 8.9115 8
      vertex 1.89613 8.9115 0
    endloop
  endfacet
  facet normal -0.85774 0.514084 0
    outer loop
      vertex 1.89613 8.9115 8
      vertex 1.78766 8.73052 0
      vertex 1.78766 8.73052 8
    endloop
  endfacet
  facet normal -0.941547 0.336883 0
    outer loop
      vertex 1.98634 9.10223 0
      vertex 2.05742 9.30089 8
      vertex 2.05742 9.30089 0
    endloop
  endfacet
  facet normal -0.941547 0.336883 0
    outer loop
      vertex 2.05742 9.30089 8
      vertex 1.98634 9.10223 0
      vertex 1.98634 9.10223 8
    endloop
  endfacet
  facet normal 0.24313 -0.969994 0
    outer loop
      vertex -0.624111 11.9824 0
      vertex -0.419444 12.0337 8
      vertex -0.624111 11.9824 8
    endloop
  endfacet
  facet normal 0.24313 -0.969994 0
    outer loop
      vertex -0.419444 12.0337 8
      vertex -0.624111 11.9824 0
      vertex -0.419444 12.0337 0
    endloop
  endfacet
  facet normal -0.903961 -0.427616 0
    outer loop
      vertex 1.98634 10.7478 0
      vertex 1.89613 10.9385 8
      vertex 1.89613 10.9385 0
    endloop
  endfacet
  facet normal -0.903961 -0.427616 0
    outer loop
      vertex 1.89613 10.9385 8
      vertex 1.98634 10.7478 0
      vertex 1.98634 10.7478 8
    endloop
  endfacet
  facet normal -0.857765 -0.514043 0
    outer loop
      vertex 1.89613 10.9385 0
      vertex 1.78766 11.1195 8
      vertex 1.78766 11.1195 0
    endloop
  endfacet
  facet normal -0.857765 -0.514043 0
    outer loop
      vertex 1.78766 11.1195 8
      vertex 1.89613 10.9385 0
      vertex 1.89613 10.9385 8
    endloop
  endfacet
  facet normal 0.740949 0.671561 0
    outer loop
      vertex -1.52028 8.40472 8
      vertex -1.66197 8.56105 0
      vertex -1.66197 8.56105 8
    endloop
  endfacet
  facet normal 0.740949 0.671561 0
    outer loop
      vertex -1.66197 8.56105 0
      vertex -1.52028 8.40472 8
      vertex -1.52028 8.40472 0
    endloop
  endfacet
  facet normal 0.941547 0.336883 0
    outer loop
      vertex -1.98634 9.10223 8
      vertex -2.05742 9.30089 0
      vertex -2.05742 9.30089 8
    endloop
  endfacet
  facet normal 0.941547 0.336883 0
    outer loop
      vertex -2.05742 9.30089 0
      vertex -1.98634 9.10223 8
      vertex -1.98634 9.10223 0
    endloop
  endfacet
  facet normal 0.514084 0.85774 -0
    outer loop
      vertex -1.0135 8.02887 0
      vertex -1.19448 8.13734 8
      vertex -1.0135 8.02887 8
    endloop
  endfacet
  facet normal 0.514084 0.85774 0
    outer loop
      vertex -1.19448 8.13734 8
      vertex -1.0135 8.02887 0
      vertex -1.19448 8.13734 0
    endloop
  endfacet
  facet normal -0.671561 0.740949 0
    outer loop
      vertex 1.52028 8.40472 0
      vertex 1.36395 8.26303 8
      vertex 1.52028 8.40472 8
    endloop
  endfacet
  facet normal -0.671561 0.740949 0
    outer loop
      vertex 1.36395 8.26303 8
      vertex 1.52028 8.40472 0
      vertex 1.36395 8.26303 0
    endloop
  endfacet
  facet normal 0.970036 -0.242959 0
    outer loop
      vertex -2.10869 10.3444 8
      vertex -2.05742 10.5491 0
      vertex -2.05742 10.5491 8
    endloop
  endfacet
  facet normal 0.970036 -0.242959 0
    outer loop
      vertex -2.05742 10.5491 0
      vertex -2.10869 10.3444 8
      vertex -2.10869 10.3444 0
    endloop
  endfacet
  facet normal -0.33697 -0.941515 0
    outer loop
      vertex 0.624111 11.9824 0
      vertex 0.822769 11.9113 8
      vertex 0.624111 11.9824 8
    endloop
  endfacet
  facet normal -0.33697 -0.941515 -0
    outer loop
      vertex 0.822769 11.9113 8
      vertex 0.624111 11.9824 0
      vertex 0.822769 11.9113 0
    endloop
  endfacet
  facet normal 0.803202 0.595707 0
    outer loop
      vertex -1.66197 8.56105 8
      vertex -1.78766 8.73052 0
      vertex -1.78766 8.73052 8
    endloop
  endfacet
  facet normal 0.803202 0.595707 0
    outer loop
      vertex -1.78766 8.73052 0
      vertex -1.66197 8.56105 8
      vertex -1.66197 8.56105 0
    endloop
  endfacet
  facet normal 0.989175 0.146741 0
    outer loop
      vertex -2.10869 9.50556 8
      vertex -2.13965 9.71426 0
      vertex -2.13965 9.71426 8
    endloop
  endfacet
  facet normal 0.989175 0.146741 0
    outer loop
      vertex -2.13965 9.71426 0
      vertex -2.10869 9.50556 8
      vertex -2.10869 9.50556 0
    endloop
  endfacet
  facet normal 0.671561 0.740949 -0
    outer loop
      vertex -1.36395 8.26303 0
      vertex -1.52028 8.40472 8
      vertex -1.36395 8.26303 8
    endloop
  endfacet
  facet normal 0.671561 0.740949 0
    outer loop
      vertex -1.52028 8.40472 8
      vertex -1.36395 8.26303 0
      vertex -1.52028 8.40472 0
    endloop
  endfacet
  facet normal 0.803084 -0.595866 0
    outer loop
      vertex -1.78766 11.1195 8
      vertex -1.66197 11.2889 0
      vertex -1.66197 11.2889 8
    endloop
  endfacet
  facet normal 0.803084 -0.595866 0
    outer loop
      vertex -1.66197 11.2889 0
      vertex -1.78766 11.1195 8
      vertex -1.78766 11.1195 0
    endloop
  endfacet
  facet normal 0.0490545 0.998796 -0
    outer loop
      vertex 0 7.775 0
      vertex -0.210736 7.78535 8
      vertex 0 7.775 8
    endloop
  endfacet
  facet normal 0.0490545 0.998796 0
    outer loop
      vertex -0.210736 7.78535 8
      vertex 0 7.775 0
      vertex -0.210736 7.78535 0
    endloop
  endfacet
  facet normal 0.146736 0.989176 -0
    outer loop
      vertex -0.210736 7.78535 0
      vertex -0.419444 7.81631 8
      vertex -0.210736 7.78535 8
    endloop
  endfacet
  facet normal 0.146736 0.989176 0
    outer loop
      vertex -0.419444 7.81631 8
      vertex -0.210736 7.78535 0
      vertex -0.419444 7.81631 0
    endloop
  endfacet
  facet normal 0.989175 -0.146741 0
    outer loop
      vertex -2.13965 10.1357 8
      vertex -2.10869 10.3444 0
      vertex -2.10869 10.3444 8
    endloop
  endfacet
  facet normal 0.989175 -0.146741 0
    outer loop
      vertex -2.10869 10.3444 0
      vertex -2.13965 10.1357 8
      vertex -2.13965 10.1357 0
    endloop
  endfacet
  facet normal 0.998796 -0.0490628 0
    outer loop
      vertex -2.15 9.925 8
      vertex -2.13965 10.1357 0
      vertex -2.13965 10.1357 8
    endloop
  endfacet
  facet normal 0.998796 -0.0490628 0
    outer loop
      vertex -2.13965 10.1357 0
      vertex -2.15 9.925 8
      vertex -2.15 9.925 0
    endloop
  endfacet
  facet normal 0.336886 0.941546 -0
    outer loop
      vertex -0.624111 7.86758 0
      vertex -0.822769 7.93866 8
      vertex -0.624111 7.86758 8
    endloop
  endfacet
  facet normal 0.336886 0.941546 0
    outer loop
      vertex -0.822769 7.93866 8
      vertex -0.624111 7.86758 0
      vertex -0.822769 7.93866 0
    endloop
  endfacet
  facet normal -0.740949 0.671561 0
    outer loop
      vertex 1.52028 8.40472 0
      vertex 1.66197 8.56105 8
      vertex 1.66197 8.56105 0
    endloop
  endfacet
  facet normal -0.740949 0.671561 0
    outer loop
      vertex 1.66197 8.56105 8
      vertex 1.52028 8.40472 0
      vertex 1.52028 8.40472 8
    endloop
  endfacet
  facet normal 0.857765 -0.514043 0
    outer loop
      vertex -1.89613 10.9385 8
      vertex -1.78766 11.1195 0
      vertex -1.78766 11.1195 8
    endloop
  endfacet
  facet normal 0.857765 -0.514043 0
    outer loop
      vertex -1.78766 11.1195 0
      vertex -1.89613 10.9385 8
      vertex -1.89613 10.9385 0
    endloop
  endfacet
  facet normal -0.74095 -0.67156 0
    outer loop
      vertex -3.22957 -0.590064 0
      vertex -3.27735 -0.537347 1.4
      vertex -3.27735 -0.537347 0
    endloop
  endfacet
  facet normal -0.74095 -0.67156 0
    outer loop
      vertex -3.27735 -0.537347 1.4
      vertex -3.22957 -0.590064 0
      vertex -3.22957 -0.590064 1.4
    endloop
  endfacet
  facet normal -0.989176 -0.146736 0
    outer loop
      vertex -3.06849 -0.978937 0
      vertex -3.07893 -0.908559 1.4
      vertex -3.07893 -0.908559 0
    endloop
  endfacet
  facet normal -0.989176 -0.146736 0
    outer loop
      vertex -3.07893 -0.908559 1.4
      vertex -3.06849 -0.978937 0
      vertex -3.06849 -0.978937 1.4
    endloop
  endfacet
  facet normal -0.998796 -0.0490522 0
    outer loop
      vertex -3.065 -1.05 0
      vertex -3.06849 -0.978937 1.4
      vertex -3.06849 -0.978937 0
    endloop
  endfacet
  facet normal -0.998796 -0.0490522 0
    outer loop
      vertex -3.06849 -0.978937 1.4
      vertex -3.065 -1.05 0
      vertex -3.065 -1.05 1.4
    endloop
  endfacet
  facet normal -0.970023 -0.243012 0
    outer loop
      vertex -3.07893 -0.908559 0
      vertex -3.09622 -0.839543 1.4
      vertex -3.09622 -0.839543 0
    endloop
  endfacet
  facet normal -0.970023 -0.243012 0
    outer loop
      vertex -3.09622 -0.839543 1.4
      vertex -3.07893 -0.908559 0
      vertex -3.07893 -0.908559 1.4
    endloop
  endfacet
  facet normal -0.336897 0.941541 0
    outer loop
      vertex -3.51255 -1.71981 0
      vertex -3.57954 -1.74378 1.4
      vertex -3.51255 -1.71981 1.4
    endloop
  endfacet
  facet normal -0.336897 0.941541 0
    outer loop
      vertex -3.57954 -1.74378 1.4
      vertex -3.51255 -1.71981 0
      vertex -3.57954 -1.74378 0
    endloop
  endfacet
  facet normal -0.857776 -0.514024 0
    outer loop
      vertex -3.15061 -0.708237 0
      vertex -3.18718 -0.647211 1.4
      vertex -3.18718 -0.647211 0
    endloop
  endfacet
  facet normal -0.857776 -0.514024 0
    outer loop
      vertex -3.18718 -0.647211 1.4
      vertex -3.15061 -0.708237 0
      vertex -3.15061 -0.708237 1.4
    endloop
  endfacet
  facet normal -0.94154 -0.336902 0
    outer loop
      vertex -3.09622 -0.839543 0
      vertex -3.12019 -0.772554 1.4
      vertex -3.12019 -0.772554 0
    endloop
  endfacet
  facet normal -0.94154 -0.336902 0
    outer loop
      vertex -3.12019 -0.772554 1.4
      vertex -3.09622 -0.839543 0
      vertex -3.09622 -0.839543 1.4
    endloop
  endfacet
  facet normal -0.242972 -0.970033 0
    outer loop
      vertex -3.64856 -0.33893 0
      vertex -3.57954 -0.356218 1.4
      vertex -3.64856 -0.33893 1.4
    endloop
  endfacet
  facet normal -0.242972 -0.970033 -0
    outer loop
      vertex -3.57954 -0.356218 1.4
      vertex -3.64856 -0.33893 0
      vertex -3.57954 -0.356218 0
    endloop
  endfacet
  facet normal 0.74095 -0.67156 0
    outer loop
      vertex -4.35043 -0.590064 1.4
      vertex -4.30265 -0.537347 0
      vertex -4.30265 -0.537347 1.4
    endloop
  endfacet
  facet normal 0.74095 -0.67156 0
    outer loop
      vertex -4.30265 -0.537347 0
      vertex -4.35043 -0.590064 1.4
      vertex -4.35043 -0.590064 0
    endloop
  endfacet
  facet normal -0.0490543 0.998796 0
    outer loop
      vertex -3.71894 -1.77151 0
      vertex -3.79 -1.775 1.4
      vertex -3.71894 -1.77151 1.4
    endloop
  endfacet
  facet normal -0.0490543 0.998796 0
    outer loop
      vertex -3.79 -1.775 1.4
      vertex -3.71894 -1.77151 0
      vertex -3.79 -1.775 0
    endloop
  endfacet
  facet normal -0.427597 -0.90397 0
    outer loop
      vertex -3.51255 -0.380187 0
      vertex -3.44824 -0.410607 1.4
      vertex -3.51255 -0.380187 1.4
    endloop
  endfacet
  facet normal -0.427597 -0.90397 -0
    outer loop
      vertex -3.44824 -0.410607 1.4
      vertex -3.51255 -0.380187 0
      vertex -3.44824 -0.410607 0
    endloop
  endfacet
  facet normal -0.671609 -0.740906 0
    outer loop
      vertex -3.33006 -0.489567 0
      vertex -3.27735 -0.537347 1.4
      vertex -3.33006 -0.489567 1.4
    endloop
  endfacet
  facet normal -0.671609 -0.740906 -0
    outer loop
      vertex -3.27735 -0.537347 1.4
      vertex -3.33006 -0.489567 0
      vertex -3.27735 -0.537347 0
    endloop
  endfacet
  facet normal 0.595809 0.803126 -0
    outer loop
      vertex -4.19279 -1.65282 0
      vertex -4.24993 -1.61043 1.4
      vertex -4.19279 -1.65282 1.4
    endloop
  endfacet
  facet normal 0.595809 0.803126 0
    outer loop
      vertex -4.24993 -1.61043 1.4
      vertex -4.19279 -1.65282 0
      vertex -4.24993 -1.61043 0
    endloop
  endfacet
  facet normal -0.242999 0.970027 0
    outer loop
      vertex -3.57954 -1.74378 0
      vertex -3.64856 -1.76107 1.4
      vertex -3.57954 -1.74378 1.4
    endloop
  endfacet
  facet normal -0.242999 0.970027 0
    outer loop
      vertex -3.64856 -1.76107 1.4
      vertex -3.57954 -1.74378 0
      vertex -3.64856 -1.76107 0
    endloop
  endfacet
  facet normal -0.989176 0.146732 0
    outer loop
      vertex -3.07893 -1.19144 0
      vertex -3.06849 -1.12106 1.4
      vertex -3.06849 -1.12106 0
    endloop
  endfacet
  facet normal -0.989176 0.146732 0
    outer loop
      vertex -3.06849 -1.12106 1.4
      vertex -3.07893 -1.19144 0
      vertex -3.07893 -1.19144 1.4
    endloop
  endfacet
  facet normal -0.514 0.85779 0
    outer loop
      vertex -3.38721 -1.65282 0
      vertex -3.44824 -1.68939 1.4
      vertex -3.38721 -1.65282 1.4
    endloop
  endfacet
  facet normal -0.514 0.85779 0
    outer loop
      vertex -3.44824 -1.68939 1.4
      vertex -3.38721 -1.65282 0
      vertex -3.44824 -1.68939 0
    endloop
  endfacet
  facet normal 0.242999 0.970027 -0
    outer loop
      vertex -3.93144 -1.76107 0
      vertex -4.00046 -1.74378 1.4
      vertex -3.93144 -1.76107 1.4
    endloop
  endfacet
  facet normal 0.242999 0.970027 0
    outer loop
      vertex -4.00046 -1.74378 1.4
      vertex -3.93144 -1.76107 0
      vertex -4.00046 -1.74378 0
    endloop
  endfacet
  facet normal 0.595745 -0.803173 0
    outer loop
      vertex -4.24993 -0.489567 0
      vertex -4.19279 -0.447184 1.4
      vertex -4.24993 -0.489567 1.4
    endloop
  endfacet
  facet normal 0.595745 -0.803173 0
    outer loop
      vertex -4.19279 -0.447184 1.4
      vertex -4.24993 -0.489567 0
      vertex -4.19279 -0.447184 0
    endloop
  endfacet
  facet normal 0.998796 0.0490543 0
    outer loop
      vertex -4.51151 -1.12106 1.4
      vertex -4.515 -1.05 0
      vertex -4.515 -1.05 1.4
    endloop
  endfacet
  facet normal 0.998796 0.0490543 0
    outer loop
      vertex -4.515 -1.05 0
      vertex -4.51151 -1.12106 1.4
      vertex -4.51151 -1.12106 0
    endloop
  endfacet
  facet normal 0.970027 0.242999 0
    outer loop
      vertex -4.48378 -1.26046 1.4
      vertex -4.50107 -1.19144 0
      vertex -4.50107 -1.19144 1.4
    endloop
  endfacet
  facet normal 0.970027 0.242999 0
    outer loop
      vertex -4.50107 -1.19144 0
      vertex -4.48378 -1.26046 1.4
      vertex -4.48378 -1.26046 0
    endloop
  endfacet
  facet normal -0.970027 0.242999 0
    outer loop
      vertex -3.09622 -1.26046 0
      vertex -3.07893 -1.19144 1.4
      vertex -3.07893 -1.19144 0
    endloop
  endfacet
  facet normal -0.970027 0.242999 0
    outer loop
      vertex -3.07893 -1.19144 1.4
      vertex -3.09622 -1.26046 0
      vertex -3.09622 -1.26046 1.4
    endloop
  endfacet
  facet normal 0.514072 -0.857747 0
    outer loop
      vertex -4.19279 -0.447184 0
      vertex -4.13176 -0.410607 1.4
      vertex -4.19279 -0.447184 1.4
    endloop
  endfacet
  facet normal 0.514072 -0.857747 0
    outer loop
      vertex -4.13176 -0.410607 1.4
      vertex -4.19279 -0.447184 0
      vertex -4.13176 -0.410607 0
    endloop
  endfacet
  facet normal -0.595678 -0.803223 0
    outer loop
      vertex -3.38721 -0.447184 0
      vertex -3.33006 -0.489567 1.4
      vertex -3.38721 -0.447184 1.4
    endloop
  endfacet
  facet normal -0.595678 -0.803223 -0
    outer loop
      vertex -3.33006 -0.489567 1.4
      vertex -3.38721 -0.447184 0
      vertex -3.33006 -0.489567 0
    endloop
  endfacet
  facet normal 0.90397 0.427597 0
    outer loop
      vertex -4.42939 -1.39176 1.4
      vertex -4.45981 -1.32745 0
      vertex -4.45981 -1.32745 1.4
    endloop
  endfacet
  facet normal 0.90397 0.427597 0
    outer loop
      vertex -4.45981 -1.32745 0
      vertex -4.42939 -1.39176 1.4
      vertex -4.42939 -1.39176 0
    endloop
  endfacet
  facet normal -0.941541 0.336897 0
    outer loop
      vertex -3.12019 -1.32745 0
      vertex -3.09622 -1.26046 1.4
      vertex -3.09622 -1.26046 0
    endloop
  endfacet
  facet normal -0.941541 0.336897 0
    outer loop
      vertex -3.09622 -1.26046 1.4
      vertex -3.12019 -1.32745 0
      vertex -3.12019 -1.32745 1.4
    endloop
  endfacet
  facet normal -0.146718 -0.989178 0
    outer loop
      vertex -3.71894 -0.328491 0
      vertex -3.64856 -0.33893 1.4
      vertex -3.71894 -0.328491 1.4
    endloop
  endfacet
  facet normal -0.146718 -0.989178 -0
    outer loop
      vertex -3.64856 -0.33893 1.4
      vertex -3.71894 -0.328491 0
      vertex -3.64856 -0.33893 0
    endloop
  endfacet
  facet normal 0.427597 -0.90397 0
    outer loop
      vertex -4.13176 -0.410607 0
      vertex -4.06745 -0.380187 1.4
      vertex -4.13176 -0.410607 1.4
    endloop
  endfacet
  facet normal 0.427597 -0.90397 0
    outer loop
      vertex -4.06745 -0.380187 1.4
      vertex -4.13176 -0.410607 0
      vertex -4.06745 -0.380187 0
    endloop
  endfacet
  facet normal -0.514072 -0.857747 0
    outer loop
      vertex -3.44824 -0.410607 0
      vertex -3.38721 -0.447184 1.4
      vertex -3.44824 -0.410607 1.4
    endloop
  endfacet
  facet normal -0.514072 -0.857747 -0
    outer loop
      vertex -3.38721 -0.447184 1.4
      vertex -3.44824 -0.410607 0
      vertex -3.38721 -0.447184 0
    endloop
  endfacet
  facet normal -0.427597 0.90397 0
    outer loop
      vertex -3.44824 -1.68939 0
      vertex -3.51255 -1.71981 1.4
      vertex -3.44824 -1.68939 1.4
    endloop
  endfacet
  facet normal -0.427597 0.90397 0
    outer loop
      vertex -3.51255 -1.71981 1.4
      vertex -3.44824 -1.68939 0
      vertex -3.51255 -1.71981 0
    endloop
  endfacet
  facet normal 0.941541 0.336897 0
    outer loop
      vertex -4.45981 -1.32745 1.4
      vertex -4.48378 -1.26046 0
      vertex -4.48378 -1.26046 1.4
    endloop
  endfacet
  facet normal 0.941541 0.336897 0
    outer loop
      vertex -4.48378 -1.26046 0
      vertex -4.45981 -1.32745 1.4
      vertex -4.45981 -1.32745 0
    endloop
  endfacet
  facet normal -0.85779 0.514 0
    outer loop
      vertex -3.18718 -1.45279 0
      vertex -3.15061 -1.39176 1.4
      vertex -3.15061 -1.39176 0
    endloop
  endfacet
  facet normal -0.85779 0.514 0
    outer loop
      vertex -3.15061 -1.39176 1.4
      vertex -3.18718 -1.45279 0
      vertex -3.18718 -1.45279 1.4
    endloop
  endfacet
  facet normal -0.90397 0.427597 0
    outer loop
      vertex -3.15061 -1.39176 0
      vertex -3.12019 -1.32745 1.4
      vertex -3.12019 -1.32745 0
    endloop
  endfacet
  facet normal -0.90397 0.427597 0
    outer loop
      vertex -3.12019 -1.32745 1.4
      vertex -3.15061 -1.39176 0
      vertex -3.15061 -1.39176 1.4
    endloop
  endfacet
  facet normal -0.998796 0.0490543 0
    outer loop
      vertex -3.06849 -1.12106 0
      vertex -3.065 -1.05 1.4
      vertex -3.065 -1.05 0
    endloop
  endfacet
  facet normal -0.998796 0.0490543 0
    outer loop
      vertex -3.065 -1.05 1.4
      vertex -3.06849 -1.12106 0
      vertex -3.06849 -1.12106 1.4
    endloop
  endfacet
  facet normal 0.146718 -0.989178 0
    outer loop
      vertex -3.93144 -0.33893 0
      vertex -3.86106 -0.328491 1.4
      vertex -3.93144 -0.33893 1.4
    endloop
  endfacet
  facet normal 0.146718 -0.989178 0
    outer loop
      vertex -3.86106 -0.328491 1.4
      vertex -3.93144 -0.33893 0
      vertex -3.86106 -0.328491 0
    endloop
  endfacet
  facet normal -0.146732 0.989176 0
    outer loop
      vertex -3.64856 -1.76107 0
      vertex -3.71894 -1.77151 1.4
      vertex -3.64856 -1.76107 1.4
    endloop
  endfacet
  facet normal -0.146732 0.989176 0
    outer loop
      vertex -3.71894 -1.77151 1.4
      vertex -3.64856 -1.76107 0
      vertex -3.71894 -1.77151 0
    endloop
  endfacet
  facet normal -0.740969 0.671539 0
    outer loop
      vertex -3.27735 -1.56265 0
      vertex -3.22957 -1.50993 1.4
      vertex -3.22957 -1.50993 0
    endloop
  endfacet
  facet normal -0.740969 0.671539 0
    outer loop
      vertex -3.22957 -1.50993 1.4
      vertex -3.27735 -1.56265 0
      vertex -3.27735 -1.56265 1.4
    endloop
  endfacet
  facet normal -0.803126 0.595809 0
    outer loop
      vertex -3.22957 -1.50993 0
      vertex -3.18718 -1.45279 1.4
      vertex -3.18718 -1.45279 0
    endloop
  endfacet
  facet normal -0.803126 0.595809 0
    outer loop
      vertex -3.18718 -1.45279 1.4
      vertex -3.22957 -1.50993 0
      vertex -3.22957 -1.50993 1.4
    endloop
  endfacet
  facet normal 0.242972 -0.970033 0
    outer loop
      vertex -4.00046 -0.356218 0
      vertex -3.93144 -0.33893 1.4
      vertex -4.00046 -0.356218 1.4
    endloop
  endfacet
  facet normal 0.242972 -0.970033 0
    outer loop
      vertex -3.93144 -0.33893 1.4
      vertex -4.00046 -0.356218 0
      vertex -3.93144 -0.33893 0
    endloop
  endfacet
  facet normal -0.803161 -0.595762 0
    outer loop
      vertex -3.18718 -0.647211 0
      vertex -3.22957 -0.590064 1.4
      vertex -3.22957 -0.590064 0
    endloop
  endfacet
  facet normal -0.803161 -0.595762 0
    outer loop
      vertex -3.22957 -0.590064 1.4
      vertex -3.18718 -0.647211 0
      vertex -3.18718 -0.647211 1.4
    endloop
  endfacet
  facet normal -0.0490823 -0.998795 0
    outer loop
      vertex -3.79 -0.324999 0
      vertex -3.71894 -0.328491 1.4
      vertex -3.79 -0.324999 1.4
    endloop
  endfacet
  facet normal -0.0490823 -0.998795 -0
    outer loop
      vertex -3.71894 -0.328491 1.4
      vertex -3.79 -0.324999 0
      vertex -3.71894 -0.328491 0
    endloop
  endfacet
  facet normal -0.903988 -0.427559 0
    outer loop
      vertex -3.12019 -0.772554 0
      vertex -3.15061 -0.708237 1.4
      vertex -3.15061 -0.708237 0
    endloop
  endfacet
  facet normal -0.903988 -0.427559 0
    outer loop
      vertex -3.15061 -0.708237 1.4
      vertex -3.12019 -0.772554 0
      vertex -3.12019 -0.772554 1.4
    endloop
  endfacet
  facet normal 0.857776 -0.514024 0
    outer loop
      vertex -4.42939 -0.708237 1.4
      vertex -4.39282 -0.647211 0
      vertex -4.39282 -0.647211 1.4
    endloop
  endfacet
  facet normal 0.857776 -0.514024 0
    outer loop
      vertex -4.39282 -0.647211 0
      vertex -4.42939 -0.708237 1.4
      vertex -4.42939 -0.708237 0
    endloop
  endfacet
  facet normal 0.671539 -0.740969 0
    outer loop
      vertex -4.30265 -0.537347 0
      vertex -4.24993 -0.489567 1.4
      vertex -4.30265 -0.537347 1.4
    endloop
  endfacet
  facet normal 0.671539 -0.740969 0
    outer loop
      vertex -4.24993 -0.489567 1.4
      vertex -4.30265 -0.537347 0
      vertex -4.24993 -0.489567 0
    endloop
  endfacet
  facet normal 0.85779 0.514 0
    outer loop
      vertex -4.39282 -1.45279 1.4
      vertex -4.42939 -1.39176 0
      vertex -4.42939 -1.39176 1.4
    endloop
  endfacet
  facet normal 0.85779 0.514 0
    outer loop
      vertex -4.42939 -1.39176 0
      vertex -4.39282 -1.45279 1.4
      vertex -4.39282 -1.45279 0
    endloop
  endfacet
  facet normal 0.427597 0.90397 -0
    outer loop
      vertex -4.06745 -1.71981 0
      vertex -4.13176 -1.68939 1.4
      vertex -4.06745 -1.71981 1.4
    endloop
  endfacet
  facet normal 0.427597 0.90397 0
    outer loop
      vertex -4.13176 -1.68939 1.4
      vertex -4.06745 -1.71981 0
      vertex -4.13176 -1.68939 0
    endloop
  endfacet
  facet normal 0.740969 0.671539 0
    outer loop
      vertex -4.30265 -1.56265 1.4
      vertex -4.35043 -1.50993 0
      vertex -4.35043 -1.50993 1.4
    endloop
  endfacet
  facet normal 0.740969 0.671539 0
    outer loop
      vertex -4.35043 -1.50993 0
      vertex -4.30265 -1.56265 1.4
      vertex -4.30265 -1.56265 0
    endloop
  endfacet
  facet normal 0.336885 -0.941546 0
    outer loop
      vertex -4.06745 -0.380187 0
      vertex -4.00046 -0.356218 1.4
      vertex -4.06745 -0.380187 1.4
    endloop
  endfacet
  facet normal 0.336885 -0.941546 0
    outer loop
      vertex -4.00046 -0.356218 1.4
      vertex -4.06745 -0.380187 0
      vertex -4.00046 -0.356218 0
    endloop
  endfacet
  facet normal 0.514 0.85779 -0
    outer loop
      vertex -4.13176 -1.68939 0
      vertex -4.19279 -1.65282 1.4
      vertex -4.13176 -1.68939 1.4
    endloop
  endfacet
  facet normal 0.514 0.85779 0
    outer loop
      vertex -4.19279 -1.65282 1.4
      vertex -4.13176 -1.68939 0
      vertex -4.19279 -1.65282 0
    endloop
  endfacet
  facet normal -0.595742 0.803176 0
    outer loop
      vertex -3.33006 -1.61043 0
      vertex -3.38721 -1.65282 1.4
      vertex -3.33006 -1.61043 1.4
    endloop
  endfacet
  facet normal -0.595742 0.803176 0
    outer loop
      vertex -3.38721 -1.65282 1.4
      vertex -3.33006 -1.61043 0
      vertex -3.38721 -1.65282 0
    endloop
  endfacet
  facet normal 0.0490823 -0.998795 0
    outer loop
      vertex -3.86106 -0.328491 0
      vertex -3.79 -0.324999 1.4
      vertex -3.86106 -0.328491 1.4
    endloop
  endfacet
  facet normal 0.0490823 -0.998795 0
    outer loop
      vertex -3.79 -0.324999 1.4
      vertex -3.86106 -0.328491 0
      vertex -3.79 -0.324999 0
    endloop
  endfacet
  facet normal 0.970023 -0.243012 0
    outer loop
      vertex -4.50107 -0.908559 1.4
      vertex -4.48378 -0.839543 0
      vertex -4.48378 -0.839543 1.4
    endloop
  endfacet
  facet normal 0.970023 -0.243012 0
    outer loop
      vertex -4.48378 -0.839543 0
      vertex -4.50107 -0.908559 1.4
      vertex -4.50107 -0.908559 0
    endloop
  endfacet
  facet normal 0.94154 -0.336902 0
    outer loop
      vertex -4.48378 -0.839543 1.4
      vertex -4.45981 -0.772554 0
      vertex -4.45981 -0.772554 1.4
    endloop
  endfacet
  facet normal 0.94154 -0.336902 0
    outer loop
      vertex -4.45981 -0.772554 0
      vertex -4.48378 -0.839543 1.4
      vertex -4.48378 -0.839543 0
    endloop
  endfacet
  facet normal -0.336885 -0.941546 0
    outer loop
      vertex -3.57954 -0.356218 0
      vertex -3.51255 -0.380187 1.4
      vertex -3.57954 -0.356218 1.4
    endloop
  endfacet
  facet normal -0.336885 -0.941546 -0
    outer loop
      vertex -3.51255 -0.380187 1.4
      vertex -3.57954 -0.356218 0
      vertex -3.51255 -0.380187 0
    endloop
  endfacet
  facet normal 0.803126 0.595809 0
    outer loop
      vertex -4.35043 -1.50993 1.4
      vertex -4.39282 -1.45279 0
      vertex -4.39282 -1.45279 1.4
    endloop
  endfacet
  facet normal 0.803126 0.595809 0
    outer loop
      vertex -4.39282 -1.45279 0
      vertex -4.35043 -1.50993 1.4
      vertex -4.35043 -1.50993 0
    endloop
  endfacet
  facet normal 0.989176 0.146732 0
    outer loop
      vertex -4.50107 -1.19144 1.4
      vertex -4.51151 -1.12106 0
      vertex -4.51151 -1.12106 1.4
    endloop
  endfacet
  facet normal 0.989176 0.146732 0
    outer loop
      vertex -4.51151 -1.12106 0
      vertex -4.50107 -1.19144 1.4
      vertex -4.50107 -1.19144 0
    endloop
  endfacet
  facet normal 0.903988 -0.427559 0
    outer loop
      vertex -4.45981 -0.772554 1.4
      vertex -4.42939 -0.708237 0
      vertex -4.42939 -0.708237 1.4
    endloop
  endfacet
  facet normal 0.903988 -0.427559 0
    outer loop
      vertex -4.42939 -0.708237 0
      vertex -4.45981 -0.772554 1.4
      vertex -4.45981 -0.772554 0
    endloop
  endfacet
  facet normal 0.671539 0.740969 -0
    outer loop
      vertex -4.24993 -1.61043 0
      vertex -4.30265 -1.56265 1.4
      vertex -4.24993 -1.61043 1.4
    endloop
  endfacet
  facet normal 0.671539 0.740969 0
    outer loop
      vertex -4.30265 -1.56265 1.4
      vertex -4.24993 -1.61043 0
      vertex -4.30265 -1.56265 0
    endloop
  endfacet
  facet normal 0.803161 -0.595762 0
    outer loop
      vertex -4.39282 -0.647211 1.4
      vertex -4.35043 -0.590064 0
      vertex -4.35043 -0.590064 1.4
    endloop
  endfacet
  facet normal 0.803161 -0.595762 0
    outer loop
      vertex -4.35043 -0.590064 0
      vertex -4.39282 -0.647211 1.4
      vertex -4.39282 -0.647211 0
    endloop
  endfacet
  facet normal 0.0490543 0.998796 -0
    outer loop
      vertex -3.79 -1.775 0
      vertex -3.86106 -1.77151 1.4
      vertex -3.79 -1.775 1.4
    endloop
  endfacet
  facet normal 0.0490543 0.998796 0
    outer loop
      vertex -3.86106 -1.77151 1.4
      vertex -3.79 -1.775 0
      vertex -3.86106 -1.77151 0
    endloop
  endfacet
  facet normal 0.146732 0.989176 -0
    outer loop
      vertex -3.86106 -1.77151 0
      vertex -3.93144 -1.76107 1.4
      vertex -3.86106 -1.77151 1.4
    endloop
  endfacet
  facet normal 0.146732 0.989176 0
    outer loop
      vertex -3.93144 -1.76107 1.4
      vertex -3.86106 -1.77151 0
      vertex -3.93144 -1.76107 0
    endloop
  endfacet
  facet normal 0.989176 -0.146736 0
    outer loop
      vertex -4.51151 -0.978937 1.4
      vertex -4.50107 -0.908559 0
      vertex -4.50107 -0.908559 1.4
    endloop
  endfacet
  facet normal 0.989176 -0.146736 0
    outer loop
      vertex -4.50107 -0.908559 0
      vertex -4.51151 -0.978937 1.4
      vertex -4.51151 -0.978937 0
    endloop
  endfacet
  facet normal 0.998796 -0.0490522 0
    outer loop
      vertex -4.515 -1.05 1.4
      vertex -4.51151 -0.978937 0
      vertex -4.51151 -0.978937 1.4
    endloop
  endfacet
  facet normal 0.998796 -0.0490522 0
    outer loop
      vertex -4.51151 -0.978937 0
      vertex -4.515 -1.05 1.4
      vertex -4.515 -1.05 0
    endloop
  endfacet
  facet normal 0.336897 0.941541 -0
    outer loop
      vertex -4.00046 -1.74378 0
      vertex -4.06745 -1.71981 1.4
      vertex -4.00046 -1.74378 1.4
    endloop
  endfacet
  facet normal 0.336897 0.941541 0
    outer loop
      vertex -4.06745 -1.71981 1.4
      vertex -4.00046 -1.74378 0
      vertex -4.06745 -1.71981 0
    endloop
  endfacet
  facet normal -0.671609 0.740906 0
    outer loop
      vertex -3.27735 -1.56265 0
      vertex -3.33006 -1.61043 1.4
      vertex -3.27735 -1.56265 1.4
    endloop
  endfacet
  facet normal -0.671609 0.740906 0
    outer loop
      vertex -3.33006 -1.61043 1.4
      vertex -3.27735 -1.56265 0
      vertex -3.33006 -1.61043 0
    endloop
  endfacet
  facet normal -0.941541 0.336897 0
    outer loop
      vertex -3.12019 1.21255 0
      vertex -3.09622 1.27954 1.4
      vertex -3.09622 1.27954 0
    endloop
  endfacet
  facet normal -0.941541 0.336897 0
    outer loop
      vertex -3.09622 1.27954 1.4
      vertex -3.12019 1.21255 0
      vertex -3.12019 1.21255 1.4
    endloop
  endfacet
  facet normal -0.803126 -0.595809 0
    outer loop
      vertex -3.18718 1.89279 0
      vertex -3.22957 1.94993 1.4
      vertex -3.22957 1.94993 0
    endloop
  endfacet
  facet normal -0.803126 -0.595809 0
    outer loop
      vertex -3.22957 1.94993 1.4
      vertex -3.18718 1.89279 0
      vertex -3.18718 1.89279 1.4
    endloop
  endfacet
  facet normal 0.740925 0.671588 0
    outer loop
      vertex -4.30265 0.977347 1.4
      vertex -4.35043 1.03006 0
      vertex -4.35043 1.03006 1.4
    endloop
  endfacet
  facet normal 0.740925 0.671588 0
    outer loop
      vertex -4.35043 1.03006 0
      vertex -4.30265 0.977347 1.4
      vertex -4.30265 0.977347 0
    endloop
  endfacet
  facet normal -0.989176 -0.146732 0
    outer loop
      vertex -3.06849 1.56106 0
      vertex -3.07893 1.63144 1.4
      vertex -3.07893 1.63144 0
    endloop
  endfacet
  facet normal -0.989176 -0.146732 0
    outer loop
      vertex -3.07893 1.63144 1.4
      vertex -3.06849 1.56106 0
      vertex -3.06849 1.56106 1.4
    endloop
  endfacet
  facet normal -0.671609 -0.740906 0
    outer loop
      vertex -3.33006 2.05043 0
      vertex -3.27735 2.00265 1.4
      vertex -3.33006 2.05043 1.4
    endloop
  endfacet
  facet normal -0.671609 -0.740906 -0
    outer loop
      vertex -3.27735 2.00265 1.4
      vertex -3.33006 2.05043 0
      vertex -3.27735 2.00265 0
    endloop
  endfacet
  facet normal 0.671539 -0.740969 0
    outer loop
      vertex -4.30265 2.00265 0
      vertex -4.24993 2.05043 1.4
      vertex -4.30265 2.00265 1.4
    endloop
  endfacet
  facet normal 0.671539 -0.740969 0
    outer loop
      vertex -4.24993 2.05043 1.4
      vertex -4.30265 2.00265 0
      vertex -4.24993 2.05043 0
    endloop
  endfacet
  facet normal -0.242972 0.970033 0
    outer loop
      vertex -3.57954 0.796218 0
      vertex -3.64856 0.77893 1.4
      vertex -3.57954 0.796218 1.4
    endloop
  endfacet
  facet normal -0.242972 0.970033 0
    outer loop
      vertex -3.64856 0.77893 1.4
      vertex -3.57954 0.796218 0
      vertex -3.64856 0.77893 0
    endloop
  endfacet
  facet normal -0.514 -0.85779 0
    outer loop
      vertex -3.44824 2.12939 0
      vertex -3.38721 2.09282 1.4
      vertex -3.44824 2.12939 1.4
    endloop
  endfacet
  facet normal -0.514 -0.85779 -0
    outer loop
      vertex -3.38721 2.09282 1.4
      vertex -3.44824 2.12939 0
      vertex -3.38721 2.09282 0
    endloop
  endfacet
  facet normal 0.336897 -0.941541 0
    outer loop
      vertex -4.06745 2.15981 0
      vertex -4.00046 2.18378 1.4
      vertex -4.06745 2.15981 1.4
    endloop
  endfacet
  facet normal 0.336897 -0.941541 0
    outer loop
      vertex -4.00046 2.18378 1.4
      vertex -4.06745 2.15981 0
      vertex -4.00046 2.18378 0
    endloop
  endfacet
  facet normal 0.998796 -0.0490543 0
    outer loop
      vertex -4.515 1.49 1.4
      vertex -4.51151 1.56106 0
      vertex -4.51151 1.56106 1.4
    endloop
  endfacet
  facet normal 0.998796 -0.0490543 0
    outer loop
      vertex -4.51151 1.56106 0
      vertex -4.515 1.49 1.4
      vertex -4.515 1.49 0
    endloop
  endfacet
  facet normal -0.514072 0.857747 0
    outer loop
      vertex -3.38721 0.887184 0
      vertex -3.44824 0.850607 1.4
      vertex -3.38721 0.887184 1.4
    endloop
  endfacet
  facet normal -0.514072 0.857747 0
    outer loop
      vertex -3.44824 0.850607 1.4
      vertex -3.38721 0.887184 0
      vertex -3.44824 0.850607 0
    endloop
  endfacet
  facet normal -0.740925 0.671588 0
    outer loop
      vertex -3.27735 0.977347 0
      vertex -3.22957 1.03006 1.4
      vertex -3.22957 1.03006 0
    endloop
  endfacet
  facet normal -0.740925 0.671588 0
    outer loop
      vertex -3.22957 1.03006 1.4
      vertex -3.27735 0.977347 0
      vertex -3.27735 0.977347 1.4
    endloop
  endfacet
  facet normal 0.514 -0.85779 0
    outer loop
      vertex -4.19279 2.09282 0
      vertex -4.13176 2.12939 1.4
      vertex -4.19279 2.09282 1.4
    endloop
  endfacet
  facet normal 0.514 -0.85779 0
    outer loop
      vertex -4.13176 2.12939 1.4
      vertex -4.19279 2.09282 0
      vertex -4.13176 2.12939 0
    endloop
  endfacet
  facet normal -0.989176 0.146732 0
    outer loop
      vertex -3.07893 1.34856 0
      vertex -3.06849 1.41894 1.4
      vertex -3.06849 1.41894 0
    endloop
  endfacet
  facet normal -0.989176 0.146732 0
    outer loop
      vertex -3.06849 1.41894 1.4
      vertex -3.07893 1.34856 0
      vertex -3.07893 1.34856 1.4
    endloop
  endfacet
  facet normal -0.146718 0.989178 0
    outer loop
      vertex -3.64856 0.77893 0
      vertex -3.71894 0.768491 1.4
      vertex -3.64856 0.77893 1.4
    endloop
  endfacet
  facet normal -0.146718 0.989178 0
    outer loop
      vertex -3.71894 0.768491 1.4
      vertex -3.64856 0.77893 0
      vertex -3.71894 0.768491 0
    endloop
  endfacet
  facet normal 0.595809 -0.803126 0
    outer loop
      vertex -4.24993 2.05043 0
      vertex -4.19279 2.09282 1.4
      vertex -4.24993 2.05043 1.4
    endloop
  endfacet
  facet normal 0.595809 -0.803126 0
    outer loop
      vertex -4.19279 2.09282 1.4
      vertex -4.24993 2.05043 0
      vertex -4.19279 2.09282 0
    endloop
  endfacet
  facet normal -0.336897 -0.941541 0
    outer loop
      vertex -3.57954 2.18378 0
      vertex -3.51255 2.15981 1.4
      vertex -3.57954 2.18378 1.4
    endloop
  endfacet
  facet normal -0.336897 -0.941541 -0
    outer loop
      vertex -3.51255 2.15981 1.4
      vertex -3.57954 2.18378 0
      vertex -3.51255 2.15981 0
    endloop
  endfacet
  facet normal 0.427597 0.90397 -0
    outer loop
      vertex -4.06745 0.820187 0
      vertex -4.13176 0.850607 1.4
      vertex -4.06745 0.820187 1.4
    endloop
  endfacet
  facet normal 0.427597 0.90397 0
    outer loop
      vertex -4.13176 0.850607 1.4
      vertex -4.06745 0.820187 0
      vertex -4.13176 0.850607 0
    endloop
  endfacet
  facet normal 0.595745 0.803173 -0
    outer loop
      vertex -4.19279 0.887184 0
      vertex -4.24993 0.929567 1.4
      vertex -4.19279 0.887184 1.4
    endloop
  endfacet
  facet normal 0.595745 0.803173 0
    outer loop
      vertex -4.24993 0.929567 1.4
      vertex -4.19279 0.887184 0
      vertex -4.24993 0.929567 0
    endloop
  endfacet
  facet normal -0.998796 -0.0490543 0
    outer loop
      vertex -3.065 1.49 0
      vertex -3.06849 1.56106 1.4
      vertex -3.06849 1.56106 0
    endloop
  endfacet
  facet normal -0.998796 -0.0490543 0
    outer loop
      vertex -3.06849 1.56106 1.4
      vertex -3.065 1.49 0
      vertex -3.065 1.49 1.4
    endloop
  endfacet
  facet normal 0.970027 0.242999 0
    outer loop
      vertex -4.48378 1.27954 1.4
      vertex -4.50107 1.34856 0
      vertex -4.50107 1.34856 1.4
    endloop
  endfacet
  facet normal 0.970027 0.242999 0
    outer loop
      vertex -4.50107 1.34856 0
      vertex -4.48378 1.27954 1.4
      vertex -4.48378 1.27954 0
    endloop
  endfacet
  facet normal 0.90397 0.427597 0
    outer loop
      vertex -4.42939 1.14824 1.4
      vertex -4.45981 1.21255 0
      vertex -4.45981 1.21255 1.4
    endloop
  endfacet
  facet normal 0.90397 0.427597 0
    outer loop
      vertex -4.45981 1.21255 0
      vertex -4.42939 1.14824 1.4
      vertex -4.42939 1.14824 0
    endloop
  endfacet
  facet normal 0.146732 -0.989176 0
    outer loop
      vertex -3.93144 2.20107 0
      vertex -3.86106 2.21151 1.4
      vertex -3.93144 2.20107 1.4
    endloop
  endfacet
  facet normal 0.146732 -0.989176 0
    outer loop
      vertex -3.86106 2.21151 1.4
      vertex -3.93144 2.20107 0
      vertex -3.86106 2.21151 0
    endloop
  endfacet
  facet normal 0.0490543 -0.998796 0
    outer loop
      vertex -3.86106 2.21151 0
      vertex -3.79 2.215 1.4
      vertex -3.86106 2.21151 1.4
    endloop
  endfacet
  facet normal 0.0490543 -0.998796 0
    outer loop
      vertex -3.79 2.215 1.4
      vertex -3.86106 2.21151 0
      vertex -3.79 2.215 0
    endloop
  endfacet
  facet normal 0.242972 0.970033 -0
    outer loop
      vertex -3.93144 0.77893 0
      vertex -4.00046 0.796218 1.4
      vertex -3.93144 0.77893 1.4
    endloop
  endfacet
  facet normal 0.242972 0.970033 0
    outer loop
      vertex -4.00046 0.796218 1.4
      vertex -3.93144 0.77893 0
      vertex -4.00046 0.796218 0
    endloop
  endfacet
  facet normal -0.90397 -0.427597 0
    outer loop
      vertex -3.12019 1.76745 0
      vertex -3.15061 1.83176 1.4
      vertex -3.15061 1.83176 0
    endloop
  endfacet
  facet normal -0.90397 -0.427597 0
    outer loop
      vertex -3.15061 1.83176 1.4
      vertex -3.12019 1.76745 0
      vertex -3.12019 1.76745 1.4
    endloop
  endfacet
  facet normal -0.998796 0.0490543 0
    outer loop
      vertex -3.06849 1.41894 0
      vertex -3.065 1.49 1.4
      vertex -3.065 1.49 0
    endloop
  endfacet
  facet normal -0.998796 0.0490543 0
    outer loop
      vertex -3.065 1.49 1.4
      vertex -3.06849 1.41894 0
      vertex -3.06849 1.41894 1.4
    endloop
  endfacet
  facet normal -0.85779 -0.514 0
    outer loop
      vertex -3.15061 1.83176 0
      vertex -3.18718 1.89279 1.4
      vertex -3.18718 1.89279 0
    endloop
  endfacet
  facet normal -0.85779 -0.514 0
    outer loop
      vertex -3.18718 1.89279 1.4
      vertex -3.15061 1.83176 0
      vertex -3.15061 1.83176 1.4
    endloop
  endfacet
  facet normal -0.970027 -0.242999 0
    outer loop
      vertex -3.07893 1.63144 0
      vertex -3.09622 1.70046 1.4
      vertex -3.09622 1.70046 0
    endloop
  endfacet
  facet normal -0.970027 -0.242999 0
    outer loop
      vertex -3.09622 1.70046 1.4
      vertex -3.07893 1.63144 0
      vertex -3.07893 1.63144 1.4
    endloop
  endfacet
  facet normal 0.989176 -0.146732 0
    outer loop
      vertex -4.51151 1.56106 1.4
      vertex -4.50107 1.63144 0
      vertex -4.50107 1.63144 1.4
    endloop
  endfacet
  facet normal 0.989176 -0.146732 0
    outer loop
      vertex -4.50107 1.63144 0
      vertex -4.51151 1.56106 1.4
      vertex -4.51151 1.56106 0
    endloop
  endfacet
  facet normal -0.740969 -0.671539 0
    outer loop
      vertex -3.22957 1.94993 0
      vertex -3.27735 2.00265 1.4
      vertex -3.27735 2.00265 0
    endloop
  endfacet
  facet normal -0.740969 -0.671539 0
    outer loop
      vertex -3.27735 2.00265 1.4
      vertex -3.22957 1.94993 0
      vertex -3.22957 1.94993 1.4
    endloop
  endfacet
  facet normal -0.0490823 0.998795 0
    outer loop
      vertex -3.71894 0.768491 0
      vertex -3.79 0.764999 1.4
      vertex -3.71894 0.768491 1.4
    endloop
  endfacet
  facet normal -0.0490823 0.998795 0
    outer loop
      vertex -3.79 0.764999 1.4
      vertex -3.71894 0.768491 0
      vertex -3.79 0.764999 0
    endloop
  endfacet
  facet normal 0.85779 0.514 0
    outer loop
      vertex -4.39282 1.08721 1.4
      vertex -4.42939 1.14824 0
      vertex -4.42939 1.14824 1.4
    endloop
  endfacet
  facet normal 0.85779 0.514 0
    outer loop
      vertex -4.42939 1.14824 0
      vertex -4.39282 1.08721 1.4
      vertex -4.39282 1.08721 0
    endloop
  endfacet
  facet normal 0.970027 -0.242999 0
    outer loop
      vertex -4.50107 1.63144 1.4
      vertex -4.48378 1.70046 0
      vertex -4.48378 1.70046 1.4
    endloop
  endfacet
  facet normal 0.970027 -0.242999 0
    outer loop
      vertex -4.48378 1.70046 0
      vertex -4.50107 1.63144 1.4
      vertex -4.50107 1.63144 0
    endloop
  endfacet
  facet normal 0.803176 0.595742 0
    outer loop
      vertex -4.35043 1.03006 1.4
      vertex -4.39282 1.08721 0
      vertex -4.39282 1.08721 1.4
    endloop
  endfacet
  facet normal 0.803176 0.595742 0
    outer loop
      vertex -4.39282 1.08721 0
      vertex -4.35043 1.03006 1.4
      vertex -4.35043 1.03006 0
    endloop
  endfacet
  facet normal -0.85779 0.514 0
    outer loop
      vertex -3.18718 1.08721 0
      vertex -3.15061 1.14824 1.4
      vertex -3.15061 1.14824 0
    endloop
  endfacet
  facet normal -0.85779 0.514 0
    outer loop
      vertex -3.15061 1.14824 1.4
      vertex -3.18718 1.08721 0
      vertex -3.18718 1.08721 1.4
    endloop
  endfacet
  facet normal -0.803176 0.595742 0
    outer loop
      vertex -3.22957 1.03006 0
      vertex -3.18718 1.08721 1.4
      vertex -3.18718 1.08721 0
    endloop
  endfacet
  facet normal -0.803176 0.595742 0
    outer loop
      vertex -3.18718 1.08721 1.4
      vertex -3.22957 1.03006 0
      vertex -3.22957 1.03006 1.4
    endloop
  endfacet
  facet normal -0.941541 -0.336897 0
    outer loop
      vertex -3.09622 1.70046 0
      vertex -3.12019 1.76745 1.4
      vertex -3.12019 1.76745 0
    endloop
  endfacet
  facet normal -0.941541 -0.336897 0
    outer loop
      vertex -3.12019 1.76745 1.4
      vertex -3.09622 1.70046 0
      vertex -3.09622 1.70046 1.4
    endloop
  endfacet
  facet normal -0.595678 0.803223 0
    outer loop
      vertex -3.33006 0.929567 0
      vertex -3.38721 0.887184 1.4
      vertex -3.33006 0.929567 1.4
    endloop
  endfacet
  facet normal -0.595678 0.803223 0
    outer loop
      vertex -3.38721 0.887184 1.4
      vertex -3.33006 0.929567 0
      vertex -3.38721 0.887184 0
    endloop
  endfacet
  facet normal 0.998796 0.0490543 0
    outer loop
      vertex -4.51151 1.41894 1.4
      vertex -4.515 1.49 0
      vertex -4.515 1.49 1.4
    endloop
  endfacet
  facet normal 0.998796 0.0490543 0
    outer loop
      vertex -4.515 1.49 0
      vertex -4.51151 1.41894 1.4
      vertex -4.51151 1.41894 0
    endloop
  endfacet
  facet normal 0.90397 -0.427597 0
    outer loop
      vertex -4.45981 1.76745 1.4
      vertex -4.42939 1.83176 0
      vertex -4.42939 1.83176 1.4
    endloop
  endfacet
  facet normal 0.90397 -0.427597 0
    outer loop
      vertex -4.42939 1.83176 0
      vertex -4.45981 1.76745 1.4
      vertex -4.45981 1.76745 0
    endloop
  endfacet
  facet normal 0.941541 -0.336897 0
    outer loop
      vertex -4.48378 1.70046 1.4
      vertex -4.45981 1.76745 0
      vertex -4.45981 1.76745 1.4
    endloop
  endfacet
  facet normal 0.941541 -0.336897 0
    outer loop
      vertex -4.45981 1.76745 0
      vertex -4.48378 1.70046 1.4
      vertex -4.48378 1.70046 0
    endloop
  endfacet
  facet normal 0.146718 0.989178 -0
    outer loop
      vertex -3.86106 0.768491 0
      vertex -3.93144 0.77893 1.4
      vertex -3.86106 0.768491 1.4
    endloop
  endfacet
  facet normal 0.146718 0.989178 0
    outer loop
      vertex -3.93144 0.77893 1.4
      vertex -3.86106 0.768491 0
      vertex -3.93144 0.77893 0
    endloop
  endfacet
  facet normal -0.146732 -0.989176 0
    outer loop
      vertex -3.71894 2.21151 0
      vertex -3.64856 2.20107 1.4
      vertex -3.71894 2.21151 1.4
    endloop
  endfacet
  facet normal -0.146732 -0.989176 -0
    outer loop
      vertex -3.64856 2.20107 1.4
      vertex -3.71894 2.21151 0
      vertex -3.64856 2.20107 0
    endloop
  endfacet
  facet normal -0.0490543 -0.998796 0
    outer loop
      vertex -3.79 2.215 0
      vertex -3.71894 2.21151 1.4
      vertex -3.79 2.215 1.4
    endloop
  endfacet
  facet normal -0.0490543 -0.998796 -0
    outer loop
      vertex -3.71894 2.21151 1.4
      vertex -3.79 2.215 0
      vertex -3.71894 2.21151 0
    endloop
  endfacet
  facet normal 0.514072 0.857747 -0
    outer loop
      vertex -4.13176 0.850607 0
      vertex -4.19279 0.887184 1.4
      vertex -4.13176 0.850607 1.4
    endloop
  endfacet
  facet normal 0.514072 0.857747 0
    outer loop
      vertex -4.19279 0.887184 1.4
      vertex -4.13176 0.850607 0
      vertex -4.19279 0.887184 0
    endloop
  endfacet
  facet normal -0.595742 -0.803176 0
    outer loop
      vertex -3.38721 2.09282 0
      vertex -3.33006 2.05043 1.4
      vertex -3.38721 2.09282 1.4
    endloop
  endfacet
  facet normal -0.595742 -0.803176 -0
    outer loop
      vertex -3.33006 2.05043 1.4
      vertex -3.38721 2.09282 0
      vertex -3.33006 2.05043 0
    endloop
  endfacet
  facet normal -0.427597 -0.90397 0
    outer loop
      vertex -3.51255 2.15981 0
      vertex -3.44824 2.12939 1.4
      vertex -3.51255 2.15981 1.4
    endloop
  endfacet
  facet normal -0.427597 -0.90397 -0
    outer loop
      vertex -3.44824 2.12939 1.4
      vertex -3.51255 2.15981 0
      vertex -3.44824 2.12939 0
    endloop
  endfacet
  facet normal -0.90397 0.427597 0
    outer loop
      vertex -3.15061 1.14824 0
      vertex -3.12019 1.21255 1.4
      vertex -3.12019 1.21255 0
    endloop
  endfacet
  facet normal -0.90397 0.427597 0
    outer loop
      vertex -3.12019 1.21255 1.4
      vertex -3.15061 1.14824 0
      vertex -3.15061 1.14824 1.4
    endloop
  endfacet
  facet normal 0.0490823 0.998795 -0
    outer loop
      vertex -3.79 0.764999 0
      vertex -3.86106 0.768491 1.4
      vertex -3.79 0.764999 1.4
    endloop
  endfacet
  facet normal 0.0490823 0.998795 0
    outer loop
      vertex -3.86106 0.768491 1.4
      vertex -3.79 0.764999 0
      vertex -3.86106 0.768491 0
    endloop
  endfacet
  facet normal 0.941541 0.336897 0
    outer loop
      vertex -4.45981 1.21255 1.4
      vertex -4.48378 1.27954 0
      vertex -4.48378 1.27954 1.4
    endloop
  endfacet
  facet normal 0.941541 0.336897 0
    outer loop
      vertex -4.48378 1.27954 0
      vertex -4.45981 1.21255 1.4
      vertex -4.45981 1.21255 0
    endloop
  endfacet
  facet normal -0.242999 -0.970027 0
    outer loop
      vertex -3.64856 2.20107 0
      vertex -3.57954 2.18378 1.4
      vertex -3.64856 2.20107 1.4
    endloop
  endfacet
  facet normal -0.242999 -0.970027 -0
    outer loop
      vertex -3.57954 2.18378 1.4
      vertex -3.64856 2.20107 0
      vertex -3.57954 2.18378 0
    endloop
  endfacet
  facet normal 0.336885 0.941546 -0
    outer loop
      vertex -4.00046 0.796218 0
      vertex -4.06745 0.820187 1.4
      vertex -4.00046 0.796218 1.4
    endloop
  endfacet
  facet normal 0.336885 0.941546 0
    outer loop
      vertex -4.06745 0.820187 1.4
      vertex -4.00046 0.796218 0
      vertex -4.06745 0.820187 0
    endloop
  endfacet
  facet normal 0.242999 -0.970027 0
    outer loop
      vertex -4.00046 2.18378 0
      vertex -3.93144 2.20107 1.4
      vertex -4.00046 2.18378 1.4
    endloop
  endfacet
  facet normal 0.242999 -0.970027 0
    outer loop
      vertex -3.93144 2.20107 1.4
      vertex -4.00046 2.18378 0
      vertex -3.93144 2.20107 0
    endloop
  endfacet
  facet normal -0.671609 0.740906 0
    outer loop
      vertex -3.27735 0.977347 0
      vertex -3.33006 0.929567 1.4
      vertex -3.27735 0.977347 1.4
    endloop
  endfacet
  facet normal -0.671609 0.740906 0
    outer loop
      vertex -3.33006 0.929567 1.4
      vertex -3.27735 0.977347 0
      vertex -3.33006 0.929567 0
    endloop
  endfacet
  facet normal -0.970027 0.242999 0
    outer loop
      vertex -3.09622 1.27954 0
      vertex -3.07893 1.34856 1.4
      vertex -3.07893 1.34856 0
    endloop
  endfacet
  facet normal -0.970027 0.242999 0
    outer loop
      vertex -3.07893 1.34856 1.4
      vertex -3.09622 1.27954 0
      vertex -3.09622 1.27954 1.4
    endloop
  endfacet
  facet normal 0.671539 0.740969 -0
    outer loop
      vertex -4.24993 0.929567 0
      vertex -4.30265 0.977347 1.4
      vertex -4.24993 0.929567 1.4
    endloop
  endfacet
  facet normal 0.671539 0.740969 0
    outer loop
      vertex -4.30265 0.977347 1.4
      vertex -4.24993 0.929567 0
      vertex -4.30265 0.977347 0
    endloop
  endfacet
  facet normal 0.989176 0.146732 0
    outer loop
      vertex -4.50107 1.34856 1.4
      vertex -4.51151 1.41894 0
      vertex -4.51151 1.41894 1.4
    endloop
  endfacet
  facet normal 0.989176 0.146732 0
    outer loop
      vertex -4.51151 1.41894 0
      vertex -4.50107 1.34856 1.4
      vertex -4.50107 1.34856 0
    endloop
  endfacet
  facet normal -0.336885 0.941546 0
    outer loop
      vertex -3.51255 0.820187 0
      vertex -3.57954 0.796218 1.4
      vertex -3.51255 0.820187 1.4
    endloop
  endfacet
  facet normal -0.336885 0.941546 0
    outer loop
      vertex -3.57954 0.796218 1.4
      vertex -3.51255 0.820187 0
      vertex -3.57954 0.796218 0
    endloop
  endfacet
  facet normal 0.803126 -0.595809 0
    outer loop
      vertex -4.39282 1.89279 1.4
      vertex -4.35043 1.94993 0
      vertex -4.35043 1.94993 1.4
    endloop
  endfacet
  facet normal 0.803126 -0.595809 0
    outer loop
      vertex -4.35043 1.94993 0
      vertex -4.39282 1.89279 1.4
      vertex -4.39282 1.89279 0
    endloop
  endfacet
  facet normal -0.427597 0.90397 0
    outer loop
      vertex -3.44824 0.850607 0
      vertex -3.51255 0.820187 1.4
      vertex -3.44824 0.850607 1.4
    endloop
  endfacet
  facet normal -0.427597 0.90397 0
    outer loop
      vertex -3.51255 0.820187 1.4
      vertex -3.44824 0.850607 0
      vertex -3.51255 0.820187 0
    endloop
  endfacet
  facet normal 0.740969 -0.671539 0
    outer loop
      vertex -4.35043 1.94993 1.4
      vertex -4.30265 2.00265 0
      vertex -4.30265 2.00265 1.4
    endloop
  endfacet
  facet normal 0.740969 -0.671539 0
    outer loop
      vertex -4.30265 2.00265 0
      vertex -4.35043 1.94993 1.4
      vertex -4.35043 1.94993 0
    endloop
  endfacet
  facet normal 0.427597 -0.90397 0
    outer loop
      vertex -4.13176 2.12939 0
      vertex -4.06745 2.15981 1.4
      vertex -4.13176 2.12939 1.4
    endloop
  endfacet
  facet normal 0.427597 -0.90397 0
    outer loop
      vertex -4.06745 2.15981 1.4
      vertex -4.13176 2.12939 0
      vertex -4.06745 2.15981 0
    endloop
  endfacet
  facet normal 0.85779 -0.514 0
    outer loop
      vertex -4.42939 1.83176 1.4
      vertex -4.39282 1.89279 0
      vertex -4.39282 1.89279 1.4
    endloop
  endfacet
  facet normal 0.85779 -0.514 0
    outer loop
      vertex -4.39282 1.89279 0
      vertex -4.42939 1.83176 1.4
      vertex -4.42939 1.83176 0
    endloop
  endfacet
  facet normal -0.74095 -0.67156 0
    outer loop
      vertex -0.689567 -0.590064 0
      vertex -0.737347 -0.537347 1.4
      vertex -0.737347 -0.537347 0
    endloop
  endfacet
  facet normal -0.74095 -0.67156 0
    outer loop
      vertex -0.737347 -0.537347 1.4
      vertex -0.689567 -0.590064 0
      vertex -0.689567 -0.590064 1.4
    endloop
  endfacet
  facet normal -0.989178 -0.146722 0
    outer loop
      vertex -0.528491 -0.978937 0
      vertex -0.53893 -0.908559 1.4
      vertex -0.53893 -0.908559 0
    endloop
  endfacet
  facet normal -0.989178 -0.146722 0
    outer loop
      vertex -0.53893 -0.908559 1.4
      vertex -0.528491 -0.978937 0
      vertex -0.528491 -0.978937 1.4
    endloop
  endfacet
  facet normal -0.998795 -0.0490803 0
    outer loop
      vertex -0.524999 -1.05 0
      vertex -0.528491 -0.978937 1.4
      vertex -0.528491 -0.978937 0
    endloop
  endfacet
  facet normal -0.998795 -0.0490803 0
    outer loop
      vertex -0.528491 -0.978937 1.4
      vertex -0.524999 -1.05 0
      vertex -0.524999 -1.05 1.4
    endloop
  endfacet
  facet normal -0.97003 -0.242985 0
    outer loop
      vertex -0.53893 -0.908559 0
      vertex -0.556218 -0.839543 1.4
      vertex -0.556218 -0.839543 0
    endloop
  endfacet
  facet normal -0.97003 -0.242985 0
    outer loop
      vertex -0.556218 -0.839543 1.4
      vertex -0.53893 -0.908559 0
      vertex -0.53893 -0.908559 1.4
    endloop
  endfacet
  facet normal -0.336915 0.941535 0
    outer loop
      vertex -0.972554 -1.71981 0
      vertex -1.03954 -1.74378 1.4
      vertex -0.972554 -1.71981 1.4
    endloop
  endfacet
  facet normal -0.336915 0.941535 0
    outer loop
      vertex -1.03954 -1.74378 1.4
      vertex -0.972554 -1.71981 0
      vertex -1.03954 -1.74378 0
    endloop
  endfacet
  facet normal -0.857732 -0.514097 0
    outer loop
      vertex -0.610607 -0.708237 0
      vertex -0.647184 -0.647211 1.4
      vertex -0.647184 -0.647211 0
    endloop
  endfacet
  facet normal -0.857732 -0.514097 0
    outer loop
      vertex -0.647184 -0.647211 1.4
      vertex -0.610607 -0.708237 0
      vertex -0.610607 -0.708237 1.4
    endloop
  endfacet
  facet normal -0.941544 -0.336889 0
    outer loop
      vertex -0.556218 -0.839543 0
      vertex -0.580187 -0.772554 1.4
      vertex -0.580187 -0.772554 0
    endloop
  endfacet
  facet normal -0.941544 -0.336889 0
    outer loop
      vertex -0.580187 -0.772554 1.4
      vertex -0.556218 -0.839543 0
      vertex -0.556218 -0.839543 1.4
    endloop
  endfacet
  facet normal -0.242972 -0.970033 0
    outer loop
      vertex -1.10856 -0.33893 0
      vertex -1.03954 -0.356218 1.4
      vertex -1.10856 -0.33893 1.4
    endloop
  endfacet
  facet normal -0.242972 -0.970033 -0
    outer loop
      vertex -1.03954 -0.356218 1.4
      vertex -1.10856 -0.33893 0
      vertex -1.03954 -0.356218 0
    endloop
  endfacet
  facet normal 0.74095 -0.67156 0
    outer loop
      vertex -1.81043 -0.590064 1.4
      vertex -1.76265 -0.537347 0
      vertex -1.76265 -0.537347 1.4
    endloop
  endfacet
  facet normal 0.74095 -0.67156 0
    outer loop
      vertex -1.76265 -0.537347 0
      vertex -1.81043 -0.590064 1.4
      vertex -1.81043 -0.590064 0
    endloop
  endfacet
  facet normal -0.0490543 0.998796 0
    outer loop
      vertex -1.17894 -1.77151 0
      vertex -1.25 -1.775 1.4
      vertex -1.17894 -1.77151 1.4
    endloop
  endfacet
  facet normal -0.0490543 0.998796 0
    outer loop
      vertex -1.25 -1.775 1.4
      vertex -1.17894 -1.77151 0
      vertex -1.25 -1.775 0
    endloop
  endfacet
  facet normal -0.427559 -0.903988 0
    outer loop
      vertex -0.972554 -0.380187 0
      vertex -0.908237 -0.410607 1.4
      vertex -0.972554 -0.380187 1.4
    endloop
  endfacet
  facet normal -0.427559 -0.903988 -0
    outer loop
      vertex -0.908237 -0.410607 1.4
      vertex -0.972554 -0.380187 0
      vertex -0.908237 -0.410607 0
    endloop
  endfacet
  facet normal -0.67156 -0.74095 0
    outer loop
      vertex -0.790064 -0.489567 0
      vertex -0.737347 -0.537347 1.4
      vertex -0.790064 -0.489567 1.4
    endloop
  endfacet
  facet normal -0.67156 -0.74095 -0
    outer loop
      vertex -0.737347 -0.537347 1.4
      vertex -0.790064 -0.489567 0
      vertex -0.737347 -0.537347 0
    endloop
  endfacet
  facet normal 0.595809 0.803126 -0
    outer loop
      vertex -1.65279 -1.65282 0
      vertex -1.70993 -1.61043 1.4
      vertex -1.65279 -1.65282 1.4
    endloop
  endfacet
  facet normal 0.595809 0.803126 0
    outer loop
      vertex -1.70993 -1.61043 1.4
      vertex -1.65279 -1.65282 0
      vertex -1.70993 -1.61043 0
    endloop
  endfacet
  facet normal -0.242999 0.970027 0
    outer loop
      vertex -1.03954 -1.74378 0
      vertex -1.10856 -1.76107 1.4
      vertex -1.03954 -1.74378 1.4
    endloop
  endfacet
  facet normal -0.242999 0.970027 0
    outer loop
      vertex -1.10856 -1.76107 1.4
      vertex -1.03954 -1.74378 0
      vertex -1.10856 -1.76107 0
    endloop
  endfacet
  facet normal -0.989178 0.146718 0
    outer loop
      vertex -0.53893 -1.19144 0
      vertex -0.528491 -1.12106 1.4
      vertex -0.528491 -1.12106 0
    endloop
  endfacet
  facet normal -0.989178 0.146718 0
    outer loop
      vertex -0.528491 -1.12106 1.4
      vertex -0.53893 -1.19144 0
      vertex -0.53893 -1.19144 1.4
    endloop
  endfacet
  facet normal 0.242999 0.970027 -0
    outer loop
      vertex -1.39144 -1.76107 0
      vertex -1.46046 -1.74378 1.4
      vertex -1.39144 -1.76107 1.4
    endloop
  endfacet
  facet normal 0.242999 0.970027 0
    outer loop
      vertex -1.46046 -1.74378 1.4
      vertex -1.39144 -1.76107 0
      vertex -1.46046 -1.74378 0
    endloop
  endfacet
  facet normal 0.595745 -0.803173 0
    outer loop
      vertex -1.70993 -0.489567 0
      vertex -1.65279 -0.447184 1.4
      vertex -1.70993 -0.489567 1.4
    endloop
  endfacet
  facet normal 0.595745 -0.803173 0
    outer loop
      vertex -1.65279 -0.447184 1.4
      vertex -1.70993 -0.489567 0
      vertex -1.65279 -0.447184 0
    endloop
  endfacet
  facet normal 0.998796 0.0490543 0
    outer loop
      vertex -1.97151 -1.12106 1.4
      vertex -1.975 -1.05 0
      vertex -1.975 -1.05 1.4
    endloop
  endfacet
  facet normal 0.998796 0.0490543 0
    outer loop
      vertex -1.975 -1.05 0
      vertex -1.97151 -1.12106 1.4
      vertex -1.97151 -1.12106 0
    endloop
  endfacet
  facet normal 0.970027 0.242999 0
    outer loop
      vertex -1.94378 -1.26046 1.4
      vertex -1.96107 -1.19144 0
      vertex -1.96107 -1.19144 1.4
    endloop
  endfacet
  facet normal 0.970027 0.242999 0
    outer loop
      vertex -1.96107 -1.19144 0
      vertex -1.94378 -1.26046 1.4
      vertex -1.94378 -1.26046 0
    endloop
  endfacet
  facet normal -0.970033 0.242972 0
    outer loop
      vertex -0.556218 -1.26046 0
      vertex -0.53893 -1.19144 1.4
      vertex -0.53893 -1.19144 0
    endloop
  endfacet
  facet normal -0.970033 0.242972 0
    outer loop
      vertex -0.53893 -1.19144 1.4
      vertex -0.556218 -1.26046 0
      vertex -0.556218 -1.26046 1.4
    endloop
  endfacet
  facet normal 0.514072 -0.857747 0
    outer loop
      vertex -1.65279 -0.447184 0
      vertex -1.59176 -0.410607 1.4
      vertex -1.65279 -0.447184 1.4
    endloop
  endfacet
  facet normal 0.514072 -0.857747 0
    outer loop
      vertex -1.59176 -0.410607 1.4
      vertex -1.65279 -0.447184 0
      vertex -1.59176 -0.410607 0
    endloop
  endfacet
  facet normal -0.595698 -0.803208 0
    outer loop
      vertex -0.847211 -0.447184 0
      vertex -0.790064 -0.489567 1.4
      vertex -0.847211 -0.447184 1.4
    endloop
  endfacet
  facet normal -0.595698 -0.803208 -0
    outer loop
      vertex -0.790064 -0.489567 1.4
      vertex -0.847211 -0.447184 0
      vertex -0.790064 -0.489567 0
    endloop
  endfacet
  facet normal 0.90397 0.427597 0
    outer loop
      vertex -1.88939 -1.39176 1.4
      vertex -1.91981 -1.32745 0
      vertex -1.91981 -1.32745 1.4
    endloop
  endfacet
  facet normal 0.90397 0.427597 0
    outer loop
      vertex -1.91981 -1.32745 0
      vertex -1.88939 -1.39176 1.4
      vertex -1.88939 -1.39176 0
    endloop
  endfacet
  facet normal -0.941546 0.336885 0
    outer loop
      vertex -0.580187 -1.32745 0
      vertex -0.556218 -1.26046 1.4
      vertex -0.556218 -1.26046 0
    endloop
  endfacet
  facet normal -0.941546 0.336885 0
    outer loop
      vertex -0.556218 -1.26046 1.4
      vertex -0.580187 -1.32745 0
      vertex -0.580187 -1.32745 1.4
    endloop
  endfacet
  facet normal -0.146718 -0.989178 0
    outer loop
      vertex -1.17894 -0.328491 0
      vertex -1.10856 -0.33893 1.4
      vertex -1.17894 -0.328491 1.4
    endloop
  endfacet
  facet normal -0.146718 -0.989178 -0
    outer loop
      vertex -1.10856 -0.33893 1.4
      vertex -1.17894 -0.328491 0
      vertex -1.10856 -0.33893 0
    endloop
  endfacet
  facet normal 0.427597 -0.90397 0
    outer loop
      vertex -1.59176 -0.410607 0
      vertex -1.52745 -0.380187 1.4
      vertex -1.59176 -0.410607 1.4
    endloop
  endfacet
  facet normal 0.427597 -0.90397 0
    outer loop
      vertex -1.52745 -0.380187 1.4
      vertex -1.59176 -0.410607 0
      vertex -1.52745 -0.380187 0
    endloop
  endfacet
  facet normal -0.514097 -0.857732 0
    outer loop
      vertex -0.908237 -0.410607 0
      vertex -0.847211 -0.447184 1.4
      vertex -0.908237 -0.410607 1.4
    endloop
  endfacet
  facet normal -0.514097 -0.857732 -0
    outer loop
      vertex -0.847211 -0.447184 1.4
      vertex -0.908237 -0.410607 0
      vertex -0.847211 -0.447184 0
    endloop
  endfacet
  facet normal -0.427559 0.903988 0
    outer loop
      vertex -0.908237 -1.68939 0
      vertex -0.972554 -1.71981 1.4
      vertex -0.908237 -1.68939 1.4
    endloop
  endfacet
  facet normal -0.427559 0.903988 0
    outer loop
      vertex -0.972554 -1.71981 1.4
      vertex -0.908237 -1.68939 0
      vertex -0.972554 -1.71981 0
    endloop
  endfacet
  facet normal 0.941541 0.336897 0
    outer loop
      vertex -1.91981 -1.32745 1.4
      vertex -1.94378 -1.26046 0
      vertex -1.94378 -1.26046 1.4
    endloop
  endfacet
  facet normal 0.941541 0.336897 0
    outer loop
      vertex -1.94378 -1.26046 0
      vertex -1.91981 -1.32745 1.4
      vertex -1.91981 -1.32745 0
    endloop
  endfacet
  facet normal -0.857747 0.514072 0
    outer loop
      vertex -0.647184 -1.45279 0
      vertex -0.610607 -1.39176 1.4
      vertex -0.610607 -1.39176 0
    endloop
  endfacet
  facet normal -0.857747 0.514072 0
    outer loop
      vertex -0.610607 -1.39176 1.4
      vertex -0.647184 -1.45279 0
      vertex -0.647184 -1.45279 1.4
    endloop
  endfacet
  facet normal -0.90397 0.427597 0
    outer loop
      vertex -0.610607 -1.39176 0
      vertex -0.580187 -1.32745 1.4
      vertex -0.580187 -1.32745 0
    endloop
  endfacet
  facet normal -0.90397 0.427597 0
    outer loop
      vertex -0.580187 -1.32745 1.4
      vertex -0.610607 -1.39176 0
      vertex -0.610607 -1.39176 1.4
    endloop
  endfacet
  facet normal -0.998795 0.0490823 0
    outer loop
      vertex -0.528491 -1.12106 0
      vertex -0.524999 -1.05 1.4
      vertex -0.524999 -1.05 0
    endloop
  endfacet
  facet normal -0.998795 0.0490823 0
    outer loop
      vertex -0.524999 -1.05 1.4
      vertex -0.528491 -1.12106 0
      vertex -0.528491 -1.12106 1.4
    endloop
  endfacet
  facet normal 0.146718 -0.989178 0
    outer loop
      vertex -1.39144 -0.33893 0
      vertex -1.32106 -0.328491 1.4
      vertex -1.39144 -0.33893 1.4
    endloop
  endfacet
  facet normal 0.146718 -0.989178 0
    outer loop
      vertex -1.32106 -0.328491 1.4
      vertex -1.39144 -0.33893 0
      vertex -1.32106 -0.328491 0
    endloop
  endfacet
  facet normal -0.146732 0.989176 0
    outer loop
      vertex -1.10856 -1.76107 0
      vertex -1.17894 -1.77151 1.4
      vertex -1.10856 -1.76107 1.4
    endloop
  endfacet
  facet normal -0.146732 0.989176 0
    outer loop
      vertex -1.17894 -1.77151 1.4
      vertex -1.10856 -1.76107 0
      vertex -1.17894 -1.77151 0
    endloop
  endfacet
  facet normal -0.740969 0.671539 0
    outer loop
      vertex -0.737347 -1.56265 0
      vertex -0.689567 -1.50993 1.4
      vertex -0.689567 -1.50993 0
    endloop
  endfacet
  facet normal -0.740969 0.671539 0
    outer loop
      vertex -0.689567 -1.50993 1.4
      vertex -0.737347 -1.56265 0
      vertex -0.737347 -1.56265 1.4
    endloop
  endfacet
  facet normal -0.803173 0.595745 0
    outer loop
      vertex -0.689567 -1.50993 0
      vertex -0.647184 -1.45279 1.4
      vertex -0.647184 -1.45279 0
    endloop
  endfacet
  facet normal -0.803173 0.595745 0
    outer loop
      vertex -0.647184 -1.45279 1.4
      vertex -0.689567 -1.50993 0
      vertex -0.689567 -1.50993 1.4
    endloop
  endfacet
  facet normal 0.242972 -0.970033 0
    outer loop
      vertex -1.46046 -0.356218 0
      vertex -1.39144 -0.33893 1.4
      vertex -1.46046 -0.356218 1.4
    endloop
  endfacet
  facet normal 0.242972 -0.970033 0
    outer loop
      vertex -1.39144 -0.33893 1.4
      vertex -1.46046 -0.356218 0
      vertex -1.39144 -0.33893 0
    endloop
  endfacet
  facet normal -0.803208 -0.595698 0
    outer loop
      vertex -0.647184 -0.647211 0
      vertex -0.689567 -0.590064 1.4
      vertex -0.689567 -0.590064 0
    endloop
  endfacet
  facet normal -0.803208 -0.595698 0
    outer loop
      vertex -0.689567 -0.590064 1.4
      vertex -0.647184 -0.647211 0
      vertex -0.647184 -0.647211 1.4
    endloop
  endfacet
  facet normal -0.0490823 -0.998795 0
    outer loop
      vertex -1.25 -0.324999 0
      vertex -1.17894 -0.328491 1.4
      vertex -1.25 -0.324999 1.4
    endloop
  endfacet
  facet normal -0.0490823 -0.998795 -0
    outer loop
      vertex -1.17894 -0.328491 1.4
      vertex -1.25 -0.324999 0
      vertex -1.17894 -0.328491 0
    endloop
  endfacet
  facet normal -0.903988 -0.427559 0
    outer loop
      vertex -0.580187 -0.772554 0
      vertex -0.610607 -0.708237 1.4
      vertex -0.610607 -0.708237 0
    endloop
  endfacet
  facet normal -0.903988 -0.427559 0
    outer loop
      vertex -0.610607 -0.708237 1.4
      vertex -0.580187 -0.772554 0
      vertex -0.580187 -0.772554 1.4
    endloop
  endfacet
  facet normal 0.857776 -0.514024 0
    outer loop
      vertex -1.88939 -0.708237 1.4
      vertex -1.85282 -0.647211 0
      vertex -1.85282 -0.647211 1.4
    endloop
  endfacet
  facet normal 0.857776 -0.514024 0
    outer loop
      vertex -1.85282 -0.647211 0
      vertex -1.88939 -0.708237 1.4
      vertex -1.88939 -0.708237 0
    endloop
  endfacet
  facet normal 0.671539 -0.740969 0
    outer loop
      vertex -1.76265 -0.537347 0
      vertex -1.70993 -0.489567 1.4
      vertex -1.76265 -0.537347 1.4
    endloop
  endfacet
  facet normal 0.671539 -0.740969 0
    outer loop
      vertex -1.70993 -0.489567 1.4
      vertex -1.76265 -0.537347 0
      vertex -1.70993 -0.489567 0
    endloop
  endfacet
  facet normal 0.85779 0.514 0
    outer loop
      vertex -1.85282 -1.45279 1.4
      vertex -1.88939 -1.39176 0
      vertex -1.88939 -1.39176 1.4
    endloop
  endfacet
  facet normal 0.85779 0.514 0
    outer loop
      vertex -1.88939 -1.39176 0
      vertex -1.85282 -1.45279 1.4
      vertex -1.85282 -1.45279 0
    endloop
  endfacet
  facet normal 0.427597 0.90397 -0
    outer loop
      vertex -1.52745 -1.71981 0
      vertex -1.59176 -1.68939 1.4
      vertex -1.52745 -1.71981 1.4
    endloop
  endfacet
  facet normal 0.427597 0.90397 0
    outer loop
      vertex -1.59176 -1.68939 1.4
      vertex -1.52745 -1.71981 0
      vertex -1.59176 -1.68939 0
    endloop
  endfacet
  facet normal 0.740969 0.671539 0
    outer loop
      vertex -1.76265 -1.56265 1.4
      vertex -1.81043 -1.50993 0
      vertex -1.81043 -1.50993 1.4
    endloop
  endfacet
  facet normal 0.740969 0.671539 0
    outer loop
      vertex -1.81043 -1.50993 0
      vertex -1.76265 -1.56265 1.4
      vertex -1.76265 -1.56265 0
    endloop
  endfacet
  facet normal 0.336885 -0.941546 0
    outer loop
      vertex -1.52745 -0.380187 0
      vertex -1.46046 -0.356218 1.4
      vertex -1.52745 -0.380187 1.4
    endloop
  endfacet
  facet normal 0.336885 -0.941546 0
    outer loop
      vertex -1.46046 -0.356218 1.4
      vertex -1.52745 -0.380187 0
      vertex -1.46046 -0.356218 0
    endloop
  endfacet
  facet normal 0.514 0.85779 -0
    outer loop
      vertex -1.59176 -1.68939 0
      vertex -1.65279 -1.65282 1.4
      vertex -1.59176 -1.68939 1.4
    endloop
  endfacet
  facet normal 0.514 0.85779 0
    outer loop
      vertex -1.65279 -1.65282 1.4
      vertex -1.59176 -1.68939 0
      vertex -1.65279 -1.65282 0
    endloop
  endfacet
  facet normal -0.595762 0.803161 0
    outer loop
      vertex -0.790064 -1.61043 0
      vertex -0.847211 -1.65282 1.4
      vertex -0.790064 -1.61043 1.4
    endloop
  endfacet
  facet normal -0.595762 0.803161 0
    outer loop
      vertex -0.847211 -1.65282 1.4
      vertex -0.790064 -1.61043 0
      vertex -0.847211 -1.65282 0
    endloop
  endfacet
  facet normal 0.0490823 -0.998795 0
    outer loop
      vertex -1.32106 -0.328491 0
      vertex -1.25 -0.324999 1.4
      vertex -1.32106 -0.328491 1.4
    endloop
  endfacet
  facet normal 0.0490823 -0.998795 0
    outer loop
      vertex -1.25 -0.324999 1.4
      vertex -1.32106 -0.328491 0
      vertex -1.25 -0.324999 0
    endloop
  endfacet
  facet normal 0.970023 -0.243012 0
    outer loop
      vertex -1.96107 -0.908559 1.4
      vertex -1.94378 -0.839543 0
      vertex -1.94378 -0.839543 1.4
    endloop
  endfacet
  facet normal 0.970023 -0.243012 0
    outer loop
      vertex -1.94378 -0.839543 0
      vertex -1.96107 -0.908559 1.4
      vertex -1.96107 -0.908559 0
    endloop
  endfacet
  facet normal 0.94154 -0.336902 0
    outer loop
      vertex -1.94378 -0.839543 1.4
      vertex -1.91981 -0.772554 0
      vertex -1.91981 -0.772554 1.4
    endloop
  endfacet
  facet normal 0.94154 -0.336902 0
    outer loop
      vertex -1.91981 -0.772554 0
      vertex -1.94378 -0.839543 1.4
      vertex -1.94378 -0.839543 0
    endloop
  endfacet
  facet normal -0.336903 -0.941539 0
    outer loop
      vertex -1.03954 -0.356218 0
      vertex -0.972554 -0.380187 1.4
      vertex -1.03954 -0.356218 1.4
    endloop
  endfacet
  facet normal -0.336903 -0.941539 -0
    outer loop
      vertex -0.972554 -0.380187 1.4
      vertex -1.03954 -0.356218 0
      vertex -0.972554 -0.380187 0
    endloop
  endfacet
  facet normal 0.803126 0.595809 0
    outer loop
      vertex -1.81043 -1.50993 1.4
      vertex -1.85282 -1.45279 0
      vertex -1.85282 -1.45279 1.4
    endloop
  endfacet
  facet normal 0.803126 0.595809 0
    outer loop
      vertex -1.85282 -1.45279 0
      vertex -1.81043 -1.50993 1.4
      vertex -1.81043 -1.50993 0
    endloop
  endfacet
  facet normal 0.989176 0.146732 0
    outer loop
      vertex -1.96107 -1.19144 1.4
      vertex -1.97151 -1.12106 0
      vertex -1.97151 -1.12106 1.4
    endloop
  endfacet
  facet normal 0.989176 0.146732 0
    outer loop
      vertex -1.97151 -1.12106 0
      vertex -1.96107 -1.19144 1.4
      vertex -1.96107 -1.19144 0
    endloop
  endfacet
  facet normal 0.903988 -0.427559 0
    outer loop
      vertex -1.91981 -0.772554 1.4
      vertex -1.88939 -0.708237 0
      vertex -1.88939 -0.708237 1.4
    endloop
  endfacet
  facet normal 0.903988 -0.427559 0
    outer loop
      vertex -1.88939 -0.708237 0
      vertex -1.91981 -0.772554 1.4
      vertex -1.91981 -0.772554 0
    endloop
  endfacet
  facet normal -0.514024 0.857776 0
    outer loop
      vertex -0.847211 -1.65282 0
      vertex -0.908237 -1.68939 1.4
      vertex -0.847211 -1.65282 1.4
    endloop
  endfacet
  facet normal -0.514024 0.857776 0
    outer loop
      vertex -0.908237 -1.68939 1.4
      vertex -0.847211 -1.65282 0
      vertex -0.908237 -1.68939 0
    endloop
  endfacet
  facet normal 0.671539 0.740969 -0
    outer loop
      vertex -1.70993 -1.61043 0
      vertex -1.76265 -1.56265 1.4
      vertex -1.70993 -1.61043 1.4
    endloop
  endfacet
  facet normal 0.671539 0.740969 0
    outer loop
      vertex -1.76265 -1.56265 1.4
      vertex -1.70993 -1.61043 0
      vertex -1.76265 -1.56265 0
    endloop
  endfacet
  facet normal 0.803161 -0.595762 0
    outer loop
      vertex -1.85282 -0.647211 1.4
      vertex -1.81043 -0.590064 0
      vertex -1.81043 -0.590064 1.4
    endloop
  endfacet
  facet normal 0.803161 -0.595762 0
    outer loop
      vertex -1.81043 -0.590064 0
      vertex -1.85282 -0.647211 1.4
      vertex -1.85282 -0.647211 0
    endloop
  endfacet
  facet normal 0.0490543 0.998796 -0
    outer loop
      vertex -1.25 -1.775 0
      vertex -1.32106 -1.77151 1.4
      vertex -1.25 -1.775 1.4
    endloop
  endfacet
  facet normal 0.0490543 0.998796 0
    outer loop
      vertex -1.32106 -1.77151 1.4
      vertex -1.25 -1.775 0
      vertex -1.32106 -1.77151 0
    endloop
  endfacet
  facet normal 0.146732 0.989176 -0
    outer loop
      vertex -1.32106 -1.77151 0
      vertex -1.39144 -1.76107 1.4
      vertex -1.32106 -1.77151 1.4
    endloop
  endfacet
  facet normal 0.146732 0.989176 0
    outer loop
      vertex -1.39144 -1.76107 1.4
      vertex -1.32106 -1.77151 0
      vertex -1.39144 -1.76107 0
    endloop
  endfacet
  facet normal 0.989176 -0.146736 0
    outer loop
      vertex -1.97151 -0.978937 1.4
      vertex -1.96107 -0.908559 0
      vertex -1.96107 -0.908559 1.4
    endloop
  endfacet
  facet normal 0.989176 -0.146736 0
    outer loop
      vertex -1.96107 -0.908559 0
      vertex -1.97151 -0.978937 1.4
      vertex -1.97151 -0.978937 0
    endloop
  endfacet
  facet normal 0.998796 -0.0490522 0
    outer loop
      vertex -1.975 -1.05 1.4
      vertex -1.97151 -0.978937 0
      vertex -1.97151 -0.978937 1.4
    endloop
  endfacet
  facet normal 0.998796 -0.0490522 0
    outer loop
      vertex -1.97151 -0.978937 0
      vertex -1.975 -1.05 1.4
      vertex -1.975 -1.05 0
    endloop
  endfacet
  facet normal 0.336897 0.941541 -0
    outer loop
      vertex -1.46046 -1.74378 0
      vertex -1.52745 -1.71981 1.4
      vertex -1.46046 -1.74378 1.4
    endloop
  endfacet
  facet normal 0.336897 0.941541 0
    outer loop
      vertex -1.52745 -1.71981 1.4
      vertex -1.46046 -1.74378 0
      vertex -1.52745 -1.71981 0
    endloop
  endfacet
  facet normal -0.67156 0.74095 0
    outer loop
      vertex -0.737347 -1.56265 0
      vertex -0.790064 -1.61043 1.4
      vertex -0.737347 -1.56265 1.4
    endloop
  endfacet
  facet normal -0.67156 0.74095 0
    outer loop
      vertex -0.790064 -1.61043 1.4
      vertex -0.737347 -1.56265 0
      vertex -0.790064 -1.61043 0
    endloop
  endfacet
  facet normal -0.989178 -0.146718 0
    outer loop
      vertex -0.528491 1.56106 0
      vertex -0.53893 1.63144 1.4
      vertex -0.53893 1.63144 0
    endloop
  endfacet
  facet normal -0.989178 -0.146718 0
    outer loop
      vertex -0.53893 1.63144 1.4
      vertex -0.528491 1.56106 0
      vertex -0.528491 1.56106 1.4
    endloop
  endfacet
  facet normal -0.998795 -0.0490823 0
    outer loop
      vertex -0.524999 1.49 0
      vertex -0.528491 1.56106 1.4
      vertex -0.528491 1.56106 0
    endloop
  endfacet
  facet normal -0.998795 -0.0490823 0
    outer loop
      vertex -0.528491 1.56106 1.4
      vertex -0.524999 1.49 0
      vertex -0.524999 1.49 1.4
    endloop
  endfacet
  facet normal -0.970033 -0.242972 0
    outer loop
      vertex -0.53893 1.63144 0
      vertex -0.556218 1.70046 1.4
      vertex -0.556218 1.70046 0
    endloop
  endfacet
  facet normal -0.970033 -0.242972 0
    outer loop
      vertex -0.556218 1.70046 1.4
      vertex -0.53893 1.63144 0
      vertex -0.53893 1.63144 1.4
    endloop
  endfacet
  facet normal -0.336903 0.941539 0
    outer loop
      vertex -0.972554 0.820187 0
      vertex -1.03954 0.796218 1.4
      vertex -0.972554 0.820187 1.4
    endloop
  endfacet
  facet normal -0.336903 0.941539 0
    outer loop
      vertex -1.03954 0.796218 1.4
      vertex -0.972554 0.820187 0
      vertex -1.03954 0.796218 0
    endloop
  endfacet
  facet normal -0.857747 -0.514072 0
    outer loop
      vertex -0.610607 1.83176 0
      vertex -0.647184 1.89279 1.4
      vertex -0.647184 1.89279 0
    endloop
  endfacet
  facet normal -0.857747 -0.514072 0
    outer loop
      vertex -0.647184 1.89279 1.4
      vertex -0.610607 1.83176 0
      vertex -0.610607 1.83176 1.4
    endloop
  endfacet
  facet normal -0.941546 -0.336885 0
    outer loop
      vertex -0.556218 1.70046 0
      vertex -0.580187 1.76745 1.4
      vertex -0.580187 1.76745 0
    endloop
  endfacet
  facet normal -0.941546 -0.336885 0
    outer loop
      vertex -0.580187 1.76745 1.4
      vertex -0.556218 1.70046 0
      vertex -0.556218 1.70046 1.4
    endloop
  endfacet
  facet normal -0.242999 -0.970027 0
    outer loop
      vertex -1.10856 2.20107 0
      vertex -1.03954 2.18378 1.4
      vertex -1.10856 2.20107 1.4
    endloop
  endfacet
  facet normal -0.242999 -0.970027 -0
    outer loop
      vertex -1.03954 2.18378 1.4
      vertex -1.10856 2.20107 0
      vertex -1.03954 2.18378 0
    endloop
  endfacet
  facet normal 0.740969 -0.671539 0
    outer loop
      vertex -1.81043 1.94993 1.4
      vertex -1.76265 2.00265 0
      vertex -1.76265 2.00265 1.4
    endloop
  endfacet
  facet normal 0.740969 -0.671539 0
    outer loop
      vertex -1.76265 2.00265 0
      vertex -1.81043 1.94993 1.4
      vertex -1.81043 1.94993 0
    endloop
  endfacet
  facet normal -0.0490823 0.998795 0
    outer loop
      vertex -1.17894 0.768491 0
      vertex -1.25 0.764999 1.4
      vertex -1.17894 0.768491 1.4
    endloop
  endfacet
  facet normal -0.0490823 0.998795 0
    outer loop
      vertex -1.25 0.764999 1.4
      vertex -1.17894 0.768491 0
      vertex -1.25 0.764999 0
    endloop
  endfacet
  facet normal -0.427559 -0.903988 0
    outer loop
      vertex -0.972554 2.15981 0
      vertex -0.908237 2.12939 1.4
      vertex -0.972554 2.15981 1.4
    endloop
  endfacet
  facet normal -0.427559 -0.903988 -0
    outer loop
      vertex -0.908237 2.12939 1.4
      vertex -0.972554 2.15981 0
      vertex -0.908237 2.12939 0
    endloop
  endfacet
  facet normal -0.67156 -0.74095 0
    outer loop
      vertex -0.790064 2.05043 0
      vertex -0.737347 2.00265 1.4
      vertex -0.790064 2.05043 1.4
    endloop
  endfacet
  facet normal -0.67156 -0.74095 -0
    outer loop
      vertex -0.737347 2.00265 1.4
      vertex -0.790064 2.05043 0
      vertex -0.737347 2.00265 0
    endloop
  endfacet
  facet normal 0.595745 0.803173 -0
    outer loop
      vertex -1.65279 0.887184 0
      vertex -1.70993 0.929567 1.4
      vertex -1.65279 0.887184 1.4
    endloop
  endfacet
  facet normal 0.595745 0.803173 0
    outer loop
      vertex -1.70993 0.929567 1.4
      vertex -1.65279 0.887184 0
      vertex -1.70993 0.929567 0
    endloop
  endfacet
  facet normal -0.242972 0.970033 0
    outer loop
      vertex -1.03954 0.796218 0
      vertex -1.10856 0.77893 1.4
      vertex -1.03954 0.796218 1.4
    endloop
  endfacet
  facet normal -0.242972 0.970033 0
    outer loop
      vertex -1.10856 0.77893 1.4
      vertex -1.03954 0.796218 0
      vertex -1.10856 0.77893 0
    endloop
  endfacet
  facet normal -0.989178 0.146718 0
    outer loop
      vertex -0.53893 1.34856 0
      vertex -0.528491 1.41894 1.4
      vertex -0.528491 1.41894 0
    endloop
  endfacet
  facet normal -0.989178 0.146718 0
    outer loop
      vertex -0.528491 1.41894 1.4
      vertex -0.53893 1.34856 0
      vertex -0.53893 1.34856 1.4
    endloop
  endfacet
  facet normal 0.242972 0.970033 -0
    outer loop
      vertex -1.39144 0.77893 0
      vertex -1.46046 0.796218 1.4
      vertex -1.39144 0.77893 1.4
    endloop
  endfacet
  facet normal 0.242972 0.970033 0
    outer loop
      vertex -1.46046 0.796218 1.4
      vertex -1.39144 0.77893 0
      vertex -1.46046 0.796218 0
    endloop
  endfacet
  facet normal 0.595809 -0.803126 0
    outer loop
      vertex -1.70993 2.05043 0
      vertex -1.65279 2.09282 1.4
      vertex -1.70993 2.05043 1.4
    endloop
  endfacet
  facet normal 0.595809 -0.803126 0
    outer loop
      vertex -1.65279 2.09282 1.4
      vertex -1.70993 2.05043 0
      vertex -1.65279 2.09282 0
    endloop
  endfacet
  facet normal 0.998796 0.0490543 0
    outer loop
      vertex -1.97151 1.41894 1.4
      vertex -1.975 1.49 0
      vertex -1.975 1.49 1.4
    endloop
  endfacet
  facet normal 0.998796 0.0490543 0
    outer loop
      vertex -1.975 1.49 0
      vertex -1.97151 1.41894 1.4
      vertex -1.97151 1.41894 0
    endloop
  endfacet
  facet normal 0.970027 0.242999 0
    outer loop
      vertex -1.94378 1.27954 1.4
      vertex -1.96107 1.34856 0
      vertex -1.96107 1.34856 1.4
    endloop
  endfacet
  facet normal 0.970027 0.242999 0
    outer loop
      vertex -1.96107 1.34856 0
      vertex -1.94378 1.27954 1.4
      vertex -1.94378 1.27954 0
    endloop
  endfacet
  facet normal -0.970033 0.242972 0
    outer loop
      vertex -0.556218 1.27954 0
      vertex -0.53893 1.34856 1.4
      vertex -0.53893 1.34856 0
    endloop
  endfacet
  facet normal -0.970033 0.242972 0
    outer loop
      vertex -0.53893 1.34856 1.4
      vertex -0.556218 1.27954 0
      vertex -0.556218 1.27954 1.4
    endloop
  endfacet
  facet normal 0.514 -0.85779 0
    outer loop
      vertex -1.65279 2.09282 0
      vertex -1.59176 2.12939 1.4
      vertex -1.65279 2.09282 1.4
    endloop
  endfacet
  facet normal 0.514 -0.85779 0
    outer loop
      vertex -1.59176 2.12939 1.4
      vertex -1.65279 2.09282 0
      vertex -1.59176 2.12939 0
    endloop
  endfacet
  facet normal -0.595762 -0.803161 0
    outer loop
      vertex -0.847211 2.09282 0
      vertex -0.790064 2.05043 1.4
      vertex -0.847211 2.09282 1.4
    endloop
  endfacet
  facet normal -0.595762 -0.803161 -0
    outer loop
      vertex -0.790064 2.05043 1.4
      vertex -0.847211 2.09282 0
      vertex -0.790064 2.05043 0
    endloop
  endfacet
  facet normal 0.90397 0.427597 0
    outer loop
      vertex -1.88939 1.14824 1.4
      vertex -1.91981 1.21255 0
      vertex -1.91981 1.21255 1.4
    endloop
  endfacet
  facet normal 0.90397 0.427597 0
    outer loop
      vertex -1.91981 1.21255 0
      vertex -1.88939 1.14824 1.4
      vertex -1.88939 1.14824 0
    endloop
  endfacet
  facet normal -0.941546 0.336885 0
    outer loop
      vertex -0.580187 1.21255 0
      vertex -0.556218 1.27954 1.4
      vertex -0.556218 1.27954 0
    endloop
  endfacet
  facet normal -0.941546 0.336885 0
    outer loop
      vertex -0.556218 1.27954 1.4
      vertex -0.580187 1.21255 0
      vertex -0.580187 1.21255 1.4
    endloop
  endfacet
  facet normal -0.146732 -0.989176 0
    outer loop
      vertex -1.17894 2.21151 0
      vertex -1.10856 2.20107 1.4
      vertex -1.17894 2.21151 1.4
    endloop
  endfacet
  facet normal -0.146732 -0.989176 -0
    outer loop
      vertex -1.10856 2.20107 1.4
      vertex -1.17894 2.21151 0
      vertex -1.10856 2.20107 0
    endloop
  endfacet
  facet normal 0.427597 -0.90397 0
    outer loop
      vertex -1.59176 2.12939 0
      vertex -1.52745 2.15981 1.4
      vertex -1.59176 2.12939 1.4
    endloop
  endfacet
  facet normal 0.427597 -0.90397 0
    outer loop
      vertex -1.52745 2.15981 1.4
      vertex -1.59176 2.12939 0
      vertex -1.52745 2.15981 0
    endloop
  endfacet
  facet normal -0.514024 -0.857776 0
    outer loop
      vertex -0.908237 2.12939 0
      vertex -0.847211 2.09282 1.4
      vertex -0.908237 2.12939 1.4
    endloop
  endfacet
  facet normal -0.514024 -0.857776 -0
    outer loop
      vertex -0.847211 2.09282 1.4
      vertex -0.908237 2.12939 0
      vertex -0.847211 2.09282 0
    endloop
  endfacet
  facet normal -0.427559 0.903988 0
    outer loop
      vertex -0.908237 0.850607 0
      vertex -0.972554 0.820187 1.4
      vertex -0.908237 0.850607 1.4
    endloop
  endfacet
  facet normal -0.427559 0.903988 0
    outer loop
      vertex -0.972554 0.820187 1.4
      vertex -0.908237 0.850607 0
      vertex -0.972554 0.820187 0
    endloop
  endfacet
  facet normal 0.941541 0.336897 0
    outer loop
      vertex -1.91981 1.21255 1.4
      vertex -1.94378 1.27954 0
      vertex -1.94378 1.27954 1.4
    endloop
  endfacet
  facet normal 0.941541 0.336897 0
    outer loop
      vertex -1.94378 1.27954 0
      vertex -1.91981 1.21255 1.4
      vertex -1.91981 1.21255 0
    endloop
  endfacet
  facet normal -0.857747 0.514072 0
    outer loop
      vertex -0.647184 1.08721 0
      vertex -0.610607 1.14824 1.4
      vertex -0.610607 1.14824 0
    endloop
  endfacet
  facet normal -0.857747 0.514072 0
    outer loop
      vertex -0.610607 1.14824 1.4
      vertex -0.647184 1.08721 0
      vertex -0.647184 1.08721 1.4
    endloop
  endfacet
  facet normal -0.90397 0.427597 0
    outer loop
      vertex -0.610607 1.14824 0
      vertex -0.580187 1.21255 1.4
      vertex -0.580187 1.21255 0
    endloop
  endfacet
  facet normal -0.90397 0.427597 0
    outer loop
      vertex -0.580187 1.21255 1.4
      vertex -0.610607 1.14824 0
      vertex -0.610607 1.14824 1.4
    endloop
  endfacet
  facet normal -0.998795 0.0490823 0
    outer loop
      vertex -0.528491 1.41894 0
      vertex -0.524999 1.49 1.4
      vertex -0.524999 1.49 0
    endloop
  endfacet
  facet normal -0.998795 0.0490823 0
    outer loop
      vertex -0.524999 1.49 1.4
      vertex -0.528491 1.41894 0
      vertex -0.528491 1.41894 1.4
    endloop
  endfacet
  facet normal 0.146732 -0.989176 0
    outer loop
      vertex -1.39144 2.20107 0
      vertex -1.32106 2.21151 1.4
      vertex -1.39144 2.20107 1.4
    endloop
  endfacet
  facet normal 0.146732 -0.989176 0
    outer loop
      vertex -1.32106 2.21151 1.4
      vertex -1.39144 2.20107 0
      vertex -1.32106 2.21151 0
    endloop
  endfacet
  facet normal -0.146718 0.989178 0
    outer loop
      vertex -1.10856 0.77893 0
      vertex -1.17894 0.768491 1.4
      vertex -1.10856 0.77893 1.4
    endloop
  endfacet
  facet normal -0.146718 0.989178 0
    outer loop
      vertex -1.17894 0.768491 1.4
      vertex -1.10856 0.77893 0
      vertex -1.17894 0.768491 0
    endloop
  endfacet
  facet normal -0.740925 0.671588 0
    outer loop
      vertex -0.737347 0.977347 0
      vertex -0.689567 1.03006 1.4
      vertex -0.689567 1.03006 0
    endloop
  endfacet
  facet normal -0.740925 0.671588 0
    outer loop
      vertex -0.689567 1.03006 1.4
      vertex -0.737347 0.977347 0
      vertex -0.737347 0.977347 1.4
    endloop
  endfacet
  facet normal -0.803223 0.595678 0
    outer loop
      vertex -0.689567 1.03006 0
      vertex -0.647184 1.08721 1.4
      vertex -0.647184 1.08721 0
    endloop
  endfacet
  facet normal -0.803223 0.595678 0
    outer loop
      vertex -0.647184 1.08721 1.4
      vertex -0.689567 1.03006 0
      vertex -0.689567 1.03006 1.4
    endloop
  endfacet
  facet normal 0.242999 -0.970027 0
    outer loop
      vertex -1.46046 2.18378 0
      vertex -1.39144 2.20107 1.4
      vertex -1.46046 2.18378 1.4
    endloop
  endfacet
  facet normal 0.242999 -0.970027 0
    outer loop
      vertex -1.39144 2.20107 1.4
      vertex -1.46046 2.18378 0
      vertex -1.39144 2.20107 0
    endloop
  endfacet
  facet normal -0.803173 -0.595745 0
    outer loop
      vertex -0.647184 1.89279 0
      vertex -0.689567 1.94993 1.4
      vertex -0.689567 1.94993 0
    endloop
  endfacet
  facet normal -0.803173 -0.595745 0
    outer loop
      vertex -0.689567 1.94993 1.4
      vertex -0.647184 1.89279 0
      vertex -0.647184 1.89279 1.4
    endloop
  endfacet
  facet normal -0.0490543 -0.998796 0
    outer loop
      vertex -1.25 2.215 0
      vertex -1.17894 2.21151 1.4
      vertex -1.25 2.215 1.4
    endloop
  endfacet
  facet normal -0.0490543 -0.998796 -0
    outer loop
      vertex -1.17894 2.21151 1.4
      vertex -1.25 2.215 0
      vertex -1.17894 2.21151 0
    endloop
  endfacet
  facet normal -0.90397 -0.427597 0
    outer loop
      vertex -0.580187 1.76745 0
      vertex -0.610607 1.83176 1.4
      vertex -0.610607 1.83176 0
    endloop
  endfacet
  facet normal -0.90397 -0.427597 0
    outer loop
      vertex -0.610607 1.83176 1.4
      vertex -0.580187 1.76745 0
      vertex -0.580187 1.76745 1.4
    endloop
  endfacet
  facet normal 0.85779 -0.514 0
    outer loop
      vertex -1.88939 1.83176 1.4
      vertex -1.85282 1.89279 0
      vertex -1.85282 1.89279 1.4
    endloop
  endfacet
  facet normal 0.85779 -0.514 0
    outer loop
      vertex -1.85282 1.89279 0
      vertex -1.88939 1.83176 1.4
      vertex -1.88939 1.83176 0
    endloop
  endfacet
  facet normal 0.671539 -0.740969 0
    outer loop
      vertex -1.76265 2.00265 0
      vertex -1.70993 2.05043 1.4
      vertex -1.76265 2.00265 1.4
    endloop
  endfacet
  facet normal 0.671539 -0.740969 0
    outer loop
      vertex -1.70993 2.05043 1.4
      vertex -1.76265 2.00265 0
      vertex -1.70993 2.05043 0
    endloop
  endfacet
  facet normal 0.85779 0.514 0
    outer loop
      vertex -1.85282 1.08721 1.4
      vertex -1.88939 1.14824 0
      vertex -1.88939 1.14824 1.4
    endloop
  endfacet
  facet normal 0.85779 0.514 0
    outer loop
      vertex -1.88939 1.14824 0
      vertex -1.85282 1.08721 1.4
      vertex -1.85282 1.08721 0
    endloop
  endfacet
  facet normal 0.427597 0.90397 -0
    outer loop
      vertex -1.52745 0.820187 0
      vertex -1.59176 0.850607 1.4
      vertex -1.52745 0.820187 1.4
    endloop
  endfacet
  facet normal 0.427597 0.90397 0
    outer loop
      vertex -1.59176 0.850607 1.4
      vertex -1.52745 0.820187 0
      vertex -1.59176 0.850607 0
    endloop
  endfacet
  facet normal 0.740925 0.671588 0
    outer loop
      vertex -1.76265 0.977347 1.4
      vertex -1.81043 1.03006 0
      vertex -1.81043 1.03006 1.4
    endloop
  endfacet
  facet normal 0.740925 0.671588 0
    outer loop
      vertex -1.81043 1.03006 0
      vertex -1.76265 0.977347 1.4
      vertex -1.76265 0.977347 0
    endloop
  endfacet
  facet normal 0.336897 -0.941541 0
    outer loop
      vertex -1.52745 2.15981 0
      vertex -1.46046 2.18378 1.4
      vertex -1.52745 2.15981 1.4
    endloop
  endfacet
  facet normal 0.336897 -0.941541 0
    outer loop
      vertex -1.46046 2.18378 1.4
      vertex -1.52745 2.15981 0
      vertex -1.46046 2.18378 0
    endloop
  endfacet
  facet normal 0.514072 0.857747 -0
    outer loop
      vertex -1.59176 0.850607 0
      vertex -1.65279 0.887184 1.4
      vertex -1.59176 0.850607 1.4
    endloop
  endfacet
  facet normal 0.514072 0.857747 0
    outer loop
      vertex -1.65279 0.887184 1.4
      vertex -1.59176 0.850607 0
      vertex -1.65279 0.887184 0
    endloop
  endfacet
  facet normal -0.740969 -0.671539 0
    outer loop
      vertex -0.689567 1.94993 0
      vertex -0.737347 2.00265 1.4
      vertex -0.737347 2.00265 0
    endloop
  endfacet
  facet normal -0.740969 -0.671539 0
    outer loop
      vertex -0.737347 2.00265 1.4
      vertex -0.689567 1.94993 0
      vertex -0.689567 1.94993 1.4
    endloop
  endfacet
  facet normal -0.595698 0.803208 0
    outer loop
      vertex -0.790064 0.929567 0
      vertex -0.847211 0.887184 1.4
      vertex -0.790064 0.929567 1.4
    endloop
  endfacet
  facet normal -0.595698 0.803208 0
    outer loop
      vertex -0.847211 0.887184 1.4
      vertex -0.790064 0.929567 0
      vertex -0.847211 0.887184 0
    endloop
  endfacet
  facet normal 0.0490543 -0.998796 0
    outer loop
      vertex -1.32106 2.21151 0
      vertex -1.25 2.215 1.4
      vertex -1.32106 2.21151 1.4
    endloop
  endfacet
  facet normal 0.0490543 -0.998796 0
    outer loop
      vertex -1.25 2.215 1.4
      vertex -1.32106 2.21151 0
      vertex -1.25 2.215 0
    endloop
  endfacet
  facet normal 0.941541 -0.336897 0
    outer loop
      vertex -1.94378 1.70046 1.4
      vertex -1.91981 1.76745 0
      vertex -1.91981 1.76745 1.4
    endloop
  endfacet
  facet normal 0.941541 -0.336897 0
    outer loop
      vertex -1.91981 1.76745 0
      vertex -1.94378 1.70046 1.4
      vertex -1.94378 1.70046 0
    endloop
  endfacet
  facet normal 0.989176 0.146732 0
    outer loop
      vertex -1.96107 1.34856 1.4
      vertex -1.97151 1.41894 0
      vertex -1.97151 1.41894 1.4
    endloop
  endfacet
  facet normal 0.989176 0.146732 0
    outer loop
      vertex -1.97151 1.41894 0
      vertex -1.96107 1.34856 1.4
      vertex -1.96107 1.34856 0
    endloop
  endfacet
  facet normal -0.336915 -0.941535 0
    outer loop
      vertex -1.03954 2.18378 0
      vertex -0.972554 2.15981 1.4
      vertex -1.03954 2.18378 1.4
    endloop
  endfacet
  facet normal -0.336915 -0.941535 -0
    outer loop
      vertex -0.972554 2.15981 1.4
      vertex -1.03954 2.18378 0
      vertex -0.972554 2.15981 0
    endloop
  endfacet
  facet normal 0.803176 0.595742 0
    outer loop
      vertex -1.81043 1.03006 1.4
      vertex -1.85282 1.08721 0
      vertex -1.85282 1.08721 1.4
    endloop
  endfacet
  facet normal 0.803176 0.595742 0
    outer loop
      vertex -1.85282 1.08721 0
      vertex -1.81043 1.03006 1.4
      vertex -1.81043 1.03006 0
    endloop
  endfacet
  facet normal 0.970027 -0.242999 0
    outer loop
      vertex -1.96107 1.63144 1.4
      vertex -1.94378 1.70046 0
      vertex -1.94378 1.70046 1.4
    endloop
  endfacet
  facet normal 0.970027 -0.242999 0
    outer loop
      vertex -1.94378 1.70046 0
      vertex -1.96107 1.63144 1.4
      vertex -1.96107 1.63144 0
    endloop
  endfacet
  facet normal 0.90397 -0.427597 0
    outer loop
      vertex -1.91981 1.76745 1.4
      vertex -1.88939 1.83176 0
      vertex -1.88939 1.83176 1.4
    endloop
  endfacet
  facet normal 0.90397 -0.427597 0
    outer loop
      vertex -1.88939 1.83176 0
      vertex -1.91981 1.76745 1.4
      vertex -1.91981 1.76745 0
    endloop
  endfacet
  facet normal -0.514097 0.857732 0
    outer loop
      vertex -0.847211 0.887184 0
      vertex -0.908237 0.850607 1.4
      vertex -0.847211 0.887184 1.4
    endloop
  endfacet
  facet normal -0.514097 0.857732 0
    outer loop
      vertex -0.908237 0.850607 1.4
      vertex -0.847211 0.887184 0
      vertex -0.908237 0.850607 0
    endloop
  endfacet
  facet normal 0.671539 0.740969 -0
    outer loop
      vertex -1.70993 0.929567 0
      vertex -1.76265 0.977347 1.4
      vertex -1.70993 0.929567 1.4
    endloop
  endfacet
  facet normal 0.671539 0.740969 0
    outer loop
      vertex -1.76265 0.977347 1.4
      vertex -1.70993 0.929567 0
      vertex -1.76265 0.977347 0
    endloop
  endfacet
  facet normal 0.803126 -0.595809 0
    outer loop
      vertex -1.85282 1.89279 1.4
      vertex -1.81043 1.94993 0
      vertex -1.81043 1.94993 1.4
    endloop
  endfacet
  facet normal 0.803126 -0.595809 0
    outer loop
      vertex -1.81043 1.94993 0
      vertex -1.85282 1.89279 1.4
      vertex -1.85282 1.89279 0
    endloop
  endfacet
  facet normal 0.0490823 0.998795 -0
    outer loop
      vertex -1.25 0.764999 0
      vertex -1.32106 0.768491 1.4
      vertex -1.25 0.764999 1.4
    endloop
  endfacet
  facet normal 0.0490823 0.998795 0
    outer loop
      vertex -1.32106 0.768491 1.4
      vertex -1.25 0.764999 0
      vertex -1.32106 0.768491 0
    endloop
  endfacet
  facet normal 0.146718 0.989178 -0
    outer loop
      vertex -1.32106 0.768491 0
      vertex -1.39144 0.77893 1.4
      vertex -1.32106 0.768491 1.4
    endloop
  endfacet
  facet normal 0.146718 0.989178 0
    outer loop
      vertex -1.39144 0.77893 1.4
      vertex -1.32106 0.768491 0
      vertex -1.39144 0.77893 0
    endloop
  endfacet
  facet normal 0.989176 -0.146732 0
    outer loop
      vertex -1.97151 1.56106 1.4
      vertex -1.96107 1.63144 0
      vertex -1.96107 1.63144 1.4
    endloop
  endfacet
  facet normal 0.989176 -0.146732 0
    outer loop
      vertex -1.96107 1.63144 0
      vertex -1.97151 1.56106 1.4
      vertex -1.97151 1.56106 0
    endloop
  endfacet
  facet normal 0.998796 -0.0490543 0
    outer loop
      vertex -1.975 1.49 1.4
      vertex -1.97151 1.56106 0
      vertex -1.97151 1.56106 1.4
    endloop
  endfacet
  facet normal 0.998796 -0.0490543 0
    outer loop
      vertex -1.97151 1.56106 0
      vertex -1.975 1.49 1.4
      vertex -1.975 1.49 0
    endloop
  endfacet
  facet normal 0.336885 0.941546 -0
    outer loop
      vertex -1.46046 0.796218 0
      vertex -1.52745 0.820187 1.4
      vertex -1.46046 0.796218 1.4
    endloop
  endfacet
  facet normal 0.336885 0.941546 0
    outer loop
      vertex -1.52745 0.820187 1.4
      vertex -1.46046 0.796218 0
      vertex -1.52745 0.820187 0
    endloop
  endfacet
  facet normal -0.67156 0.74095 0
    outer loop
      vertex -0.737347 0.977347 0
      vertex -0.790064 0.929567 1.4
      vertex -0.737347 0.977347 1.4
    endloop
  endfacet
  facet normal -0.67156 0.74095 0
    outer loop
      vertex -0.790064 0.929567 1.4
      vertex -0.737347 0.977347 0
      vertex -0.790064 0.929567 0
    endloop
  endfacet
  facet normal -0.989176 -0.146736 0
    outer loop
      vertex 2.01151 -0.978937 0
      vertex 2.00107 -0.908559 1.4
      vertex 2.00107 -0.908559 0
    endloop
  endfacet
  facet normal -0.989176 -0.146736 0
    outer loop
      vertex 2.00107 -0.908559 1.4
      vertex 2.01151 -0.978937 0
      vertex 2.01151 -0.978937 1.4
    endloop
  endfacet
  facet normal -0.998796 -0.0490522 0
    outer loop
      vertex 2.015 -1.05 0
      vertex 2.01151 -0.978937 1.4
      vertex 2.01151 -0.978937 0
    endloop
  endfacet
  facet normal -0.998796 -0.0490522 0
    outer loop
      vertex 2.01151 -0.978937 1.4
      vertex 2.015 -1.05 0
      vertex 2.015 -1.05 1.4
    endloop
  endfacet
  facet normal -0.970023 -0.243012 0
    outer loop
      vertex 2.00107 -0.908559 0
      vertex 1.98378 -0.839543 1.4
      vertex 1.98378 -0.839543 0
    endloop
  endfacet
  facet normal -0.970023 -0.243012 0
    outer loop
      vertex 1.98378 -0.839543 1.4
      vertex 2.00107 -0.908559 0
      vertex 2.00107 -0.908559 1.4
    endloop
  endfacet
  facet normal -0.336897 0.941541 0
    outer loop
      vertex 1.56745 -1.71981 0
      vertex 1.50046 -1.74378 1.4
      vertex 1.56745 -1.71981 1.4
    endloop
  endfacet
  facet normal -0.336897 0.941541 0
    outer loop
      vertex 1.50046 -1.74378 1.4
      vertex 1.56745 -1.71981 0
      vertex 1.50046 -1.74378 0
    endloop
  endfacet
  facet normal -0.671539 -0.740969 0
    outer loop
      vertex 1.74993 -0.489567 0
      vertex 1.80265 -0.537347 1.4
      vertex 1.74993 -0.489567 1.4
    endloop
  endfacet
  facet normal -0.671539 -0.740969 -0
    outer loop
      vertex 1.80265 -0.537347 1.4
      vertex 1.74993 -0.489567 0
      vertex 1.80265 -0.537347 0
    endloop
  endfacet
  facet normal 0.857732 -0.514097 0
    outer loop
      vertex 0.650607 -0.708237 1.4
      vertex 0.687184 -0.647211 0
      vertex 0.687184 -0.647211 1.4
    endloop
  endfacet
  facet normal 0.857732 -0.514097 0
    outer loop
      vertex 0.687184 -0.647211 0
      vertex 0.650607 -0.708237 1.4
      vertex 0.650607 -0.708237 0
    endloop
  endfacet
  facet normal 0.146732 0.989176 -0
    outer loop
      vertex 1.21894 -1.77151 0
      vertex 1.14856 -1.76107 1.4
      vertex 1.21894 -1.77151 1.4
    endloop
  endfacet
  facet normal 0.146732 0.989176 0
    outer loop
      vertex 1.14856 -1.76107 1.4
      vertex 1.21894 -1.77151 0
      vertex 1.14856 -1.76107 0
    endloop
  endfacet
  facet normal -0.94154 -0.336902 0
    outer loop
      vertex 1.98378 -0.839543 0
      vertex 1.95981 -0.772554 1.4
      vertex 1.95981 -0.772554 0
    endloop
  endfacet
  facet normal -0.94154 -0.336902 0
    outer loop
      vertex 1.95981 -0.772554 1.4
      vertex 1.98378 -0.839543 0
      vertex 1.98378 -0.839543 1.4
    endloop
  endfacet
  facet normal 0.0490823 -0.998795 0
    outer loop
      vertex 1.21894 -0.328491 0
      vertex 1.29 -0.324999 1.4
      vertex 1.21894 -0.328491 1.4
    endloop
  endfacet
  facet normal 0.0490823 -0.998795 0
    outer loop
      vertex 1.29 -0.324999 1.4
      vertex 1.21894 -0.328491 0
      vertex 1.29 -0.324999 0
    endloop
  endfacet
  facet normal -0.0490543 0.998796 0
    outer loop
      vertex 1.36106 -1.77151 0
      vertex 1.29 -1.775 1.4
      vertex 1.36106 -1.77151 1.4
    endloop
  endfacet
  facet normal -0.0490543 0.998796 0
    outer loop
      vertex 1.29 -1.775 1.4
      vertex 1.36106 -1.77151 0
      vertex 1.29 -1.775 0
    endloop
  endfacet
  facet normal 0.90397 0.427597 0
    outer loop
      vertex 0.650607 -1.39176 1.4
      vertex 0.620187 -1.32745 0
      vertex 0.620187 -1.32745 1.4
    endloop
  endfacet
  facet normal 0.90397 0.427597 0
    outer loop
      vertex 0.620187 -1.32745 0
      vertex 0.650607 -1.39176 1.4
      vertex 0.650607 -1.39176 0
    endloop
  endfacet
  facet normal 0.595762 0.803161 -0
    outer loop
      vertex 0.887211 -1.65282 0
      vertex 0.830064 -1.61043 1.4
      vertex 0.887211 -1.65282 1.4
    endloop
  endfacet
  facet normal 0.595762 0.803161 0
    outer loop
      vertex 0.830064 -1.61043 1.4
      vertex 0.887211 -1.65282 0
      vertex 0.830064 -1.61043 0
    endloop
  endfacet
  facet normal 0.803208 -0.595698 0
    outer loop
      vertex 0.687184 -0.647211 1.4
      vertex 0.729567 -0.590064 0
      vertex 0.729567 -0.590064 1.4
    endloop
  endfacet
  facet normal 0.803208 -0.595698 0
    outer loop
      vertex 0.729567 -0.590064 0
      vertex 0.687184 -0.647211 1.4
      vertex 0.687184 -0.647211 0
    endloop
  endfacet
  facet normal -0.970027 0.242999 0
    outer loop
      vertex 1.98378 -1.26046 0
      vertex 2.00107 -1.19144 1.4
      vertex 2.00107 -1.19144 0
    endloop
  endfacet
  facet normal -0.970027 0.242999 0
    outer loop
      vertex 2.00107 -1.19144 1.4
      vertex 1.98378 -1.26046 0
      vertex 1.98378 -1.26046 1.4
    endloop
  endfacet
  facet normal -0.857776 -0.514024 0
    outer loop
      vertex 1.92939 -0.708237 0
      vertex 1.89282 -0.647211 1.4
      vertex 1.89282 -0.647211 0
    endloop
  endfacet
  facet normal -0.857776 -0.514024 0
    outer loop
      vertex 1.89282 -0.647211 1.4
      vertex 1.92939 -0.708237 0
      vertex 1.92939 -0.708237 1.4
    endloop
  endfacet
  facet normal 0.998795 0.0490823 0
    outer loop
      vertex 0.568491 -1.12106 1.4
      vertex 0.564999 -1.05 0
      vertex 0.564999 -1.05 1.4
    endloop
  endfacet
  facet normal 0.998795 0.0490823 0
    outer loop
      vertex 0.564999 -1.05 0
      vertex 0.568491 -1.12106 1.4
      vertex 0.568491 -1.12106 0
    endloop
  endfacet
  facet normal -0.903988 -0.427559 0
    outer loop
      vertex 1.95981 -0.772554 0
      vertex 1.92939 -0.708237 1.4
      vertex 1.92939 -0.708237 0
    endloop
  endfacet
  facet normal -0.903988 -0.427559 0
    outer loop
      vertex 1.92939 -0.708237 1.4
      vertex 1.95981 -0.772554 0
      vertex 1.95981 -0.772554 1.4
    endloop
  endfacet
  facet normal -0.941541 0.336897 0
    outer loop
      vertex 1.95981 -1.32745 0
      vertex 1.98378 -1.26046 1.4
      vertex 1.98378 -1.26046 0
    endloop
  endfacet
  facet normal -0.941541 0.336897 0
    outer loop
      vertex 1.98378 -1.26046 1.4
      vertex 1.95981 -1.32745 0
      vertex 1.95981 -1.32745 1.4
    endloop
  endfacet
  facet normal 0.427581 0.903977 -0
    outer loop
      vertex 1.01255 -1.71981 0
      vertex 0.948237 -1.68939 1.4
      vertex 1.01255 -1.71981 1.4
    endloop
  endfacet
  facet normal 0.427581 0.903977 0
    outer loop
      vertex 0.948237 -1.68939 1.4
      vertex 1.01255 -1.71981 0
      vertex 0.948237 -1.68939 0
    endloop
  endfacet
  facet normal 0.970033 0.242972 0
    outer loop
      vertex 0.596218 -1.26046 1.4
      vertex 0.57893 -1.19144 0
      vertex 0.57893 -1.19144 1.4
    endloop
  endfacet
  facet normal 0.970033 0.242972 0
    outer loop
      vertex 0.57893 -1.19144 0
      vertex 0.596218 -1.26046 1.4
      vertex 0.596218 -1.26046 0
    endloop
  endfacet
  facet normal 0.74095 -0.67156 0
    outer loop
      vertex 0.729567 -0.590064 1.4
      vertex 0.777347 -0.537347 0
      vertex 0.777347 -0.537347 1.4
    endloop
  endfacet
  facet normal 0.74095 -0.67156 0
    outer loop
      vertex 0.777347 -0.537347 0
      vertex 0.729567 -0.590064 1.4
      vertex 0.729567 -0.590064 0
    endloop
  endfacet
  facet normal 0.242999 0.970027 -0
    outer loop
      vertex 1.14856 -1.76107 0
      vertex 1.07954 -1.74378 1.4
      vertex 1.14856 -1.76107 1.4
    endloop
  endfacet
  facet normal 0.242999 0.970027 0
    outer loop
      vertex 1.07954 -1.74378 1.4
      vertex 1.14856 -1.76107 0
      vertex 1.07954 -1.74378 0
    endloop
  endfacet
  facet normal 0.514097 -0.857732 0
    outer loop
      vertex 0.887211 -0.447184 0
      vertex 0.948237 -0.410607 1.4
      vertex 0.887211 -0.447184 1.4
    endloop
  endfacet
  facet normal 0.514097 -0.857732 0
    outer loop
      vertex 0.948237 -0.410607 1.4
      vertex 0.887211 -0.447184 0
      vertex 0.948237 -0.410607 0
    endloop
  endfacet
  facet normal -0.803161 -0.595762 0
    outer loop
      vertex 1.89282 -0.647211 0
      vertex 1.85043 -0.590064 1.4
      vertex 1.85043 -0.590064 0
    endloop
  endfacet
  facet normal -0.803161 -0.595762 0
    outer loop
      vertex 1.85043 -0.590064 1.4
      vertex 1.89282 -0.647211 0
      vertex 1.89282 -0.647211 1.4
    endloop
  endfacet
  facet normal 0.146718 -0.989178 0
    outer loop
      vertex 1.14856 -0.33893 0
      vertex 1.21894 -0.328491 1.4
      vertex 1.14856 -0.33893 1.4
    endloop
  endfacet
  facet normal 0.146718 -0.989178 0
    outer loop
      vertex 1.21894 -0.328491 1.4
      vertex 1.14856 -0.33893 0
      vertex 1.21894 -0.328491 0
    endloop
  endfacet
  facet normal -0.427597 0.90397 0
    outer loop
      vertex 1.63176 -1.68939 0
      vertex 1.56745 -1.71981 1.4
      vertex 1.63176 -1.68939 1.4
    endloop
  endfacet
  facet normal -0.427597 0.90397 0
    outer loop
      vertex 1.56745 -1.71981 1.4
      vertex 1.63176 -1.68939 0
      vertex 1.56745 -1.71981 0
    endloop
  endfacet
  facet normal 0.67156 -0.74095 0
    outer loop
      vertex 0.777347 -0.537347 0
      vertex 0.830064 -0.489567 1.4
      vertex 0.777347 -0.537347 1.4
    endloop
  endfacet
  facet normal 0.67156 -0.74095 0
    outer loop
      vertex 0.830064 -0.489567 1.4
      vertex 0.777347 -0.537347 0
      vertex 0.830064 -0.489567 0
    endloop
  endfacet
  facet normal -0.85779 0.514 0
    outer loop
      vertex 1.89282 -1.45279 0
      vertex 1.92939 -1.39176 1.4
      vertex 1.92939 -1.39176 0
    endloop
  endfacet
  facet normal -0.85779 0.514 0
    outer loop
      vertex 1.92939 -1.39176 1.4
      vertex 1.89282 -1.45279 0
      vertex 1.89282 -1.45279 1.4
    endloop
  endfacet
  facet normal 0.595698 -0.803208 0
    outer loop
      vertex 0.830064 -0.489567 0
      vertex 0.887211 -0.447184 1.4
      vertex 0.830064 -0.489567 1.4
    endloop
  endfacet
  facet normal 0.595698 -0.803208 0
    outer loop
      vertex 0.887211 -0.447184 1.4
      vertex 0.830064 -0.489567 0
      vertex 0.887211 -0.447184 0
    endloop
  endfacet
  facet normal -0.336885 -0.941546 0
    outer loop
      vertex 1.50046 -0.356218 0
      vertex 1.56745 -0.380187 1.4
      vertex 1.50046 -0.356218 1.4
    endloop
  endfacet
  facet normal -0.336885 -0.941546 -0
    outer loop
      vertex 1.56745 -0.380187 1.4
      vertex 1.50046 -0.356218 0
      vertex 1.56745 -0.380187 0
    endloop
  endfacet
  facet normal -0.74095 -0.67156 0
    outer loop
      vertex 1.85043 -0.590064 0
      vertex 1.80265 -0.537347 1.4
      vertex 1.80265 -0.537347 0
    endloop
  endfacet
  facet normal -0.74095 -0.67156 0
    outer loop
      vertex 1.80265 -0.537347 1.4
      vertex 1.85043 -0.590064 0
      vertex 1.85043 -0.590064 1.4
    endloop
  endfacet
  facet normal -0.998796 0.0490543 0
    outer loop
      vertex 2.01151 -1.12106 0
      vertex 2.015 -1.05 1.4
      vertex 2.015 -1.05 0
    endloop
  endfacet
  facet normal -0.998796 0.0490543 0
    outer loop
      vertex 2.015 -1.05 1.4
      vertex 2.01151 -1.12106 0
      vertex 2.01151 -1.12106 1.4
    endloop
  endfacet
  facet normal 0.941546 0.336885 0
    outer loop
      vertex 0.620187 -1.32745 1.4
      vertex 0.596218 -1.26046 0
      vertex 0.596218 -1.26046 1.4
    endloop
  endfacet
  facet normal 0.941546 0.336885 0
    outer loop
      vertex 0.596218 -1.26046 0
      vertex 0.620187 -1.32745 1.4
      vertex 0.620187 -1.32745 0
    endloop
  endfacet
  facet normal -0.514072 -0.857747 0
    outer loop
      vertex 1.63176 -0.410607 0
      vertex 1.69279 -0.447184 1.4
      vertex 1.63176 -0.410607 1.4
    endloop
  endfacet
  facet normal -0.514072 -0.857747 -0
    outer loop
      vertex 1.69279 -0.447184 1.4
      vertex 1.63176 -0.410607 0
      vertex 1.69279 -0.447184 0
    endloop
  endfacet
  facet normal -0.595745 -0.803173 0
    outer loop
      vertex 1.69279 -0.447184 0
      vertex 1.74993 -0.489567 1.4
      vertex 1.69279 -0.447184 1.4
    endloop
  endfacet
  facet normal -0.595745 -0.803173 -0
    outer loop
      vertex 1.74993 -0.489567 1.4
      vertex 1.69279 -0.447184 0
      vertex 1.74993 -0.489567 0
    endloop
  endfacet
  facet normal -0.146732 0.989176 0
    outer loop
      vertex 1.43144 -1.76107 0
      vertex 1.36106 -1.77151 1.4
      vertex 1.43144 -1.76107 1.4
    endloop
  endfacet
  facet normal -0.146732 0.989176 0
    outer loop
      vertex 1.36106 -1.77151 1.4
      vertex 1.43144 -1.76107 0
      vertex 1.36106 -1.77151 0
    endloop
  endfacet
  facet normal -0.740969 0.671539 0
    outer loop
      vertex 1.80265 -1.56265 0
      vertex 1.85043 -1.50993 1.4
      vertex 1.85043 -1.50993 0
    endloop
  endfacet
  facet normal -0.740969 0.671539 0
    outer loop
      vertex 1.85043 -1.50993 1.4
      vertex 1.80265 -1.56265 0
      vertex 1.80265 -1.56265 1.4
    endloop
  endfacet
  facet normal -0.803126 0.595809 0
    outer loop
      vertex 1.85043 -1.50993 0
      vertex 1.89282 -1.45279 1.4
      vertex 1.89282 -1.45279 0
    endloop
  endfacet
  facet normal -0.803126 0.595809 0
    outer loop
      vertex 1.89282 -1.45279 1.4
      vertex 1.85043 -1.50993 0
      vertex 1.85043 -1.50993 1.4
    endloop
  endfacet
  facet normal -0.242999 0.970027 0
    outer loop
      vertex 1.50046 -1.74378 0
      vertex 1.43144 -1.76107 1.4
      vertex 1.50046 -1.74378 1.4
    endloop
  endfacet
  facet normal -0.242999 0.970027 0
    outer loop
      vertex 1.43144 -1.76107 1.4
      vertex 1.50046 -1.74378 0
      vertex 1.43144 -1.76107 0
    endloop
  endfacet
  facet normal -0.90397 0.427597 0
    outer loop
      vertex 1.92939 -1.39176 0
      vertex 1.95981 -1.32745 1.4
      vertex 1.95981 -1.32745 0
    endloop
  endfacet
  facet normal -0.90397 0.427597 0
    outer loop
      vertex 1.95981 -1.32745 1.4
      vertex 1.92939 -1.39176 0
      vertex 1.92939 -1.39176 1.4
    endloop
  endfacet
  facet normal 0.242972 -0.970033 0
    outer loop
      vertex 1.07954 -0.356218 0
      vertex 1.14856 -0.33893 1.4
      vertex 1.07954 -0.356218 1.4
    endloop
  endfacet
  facet normal 0.242972 -0.970033 0
    outer loop
      vertex 1.14856 -0.33893 1.4
      vertex 1.07954 -0.356218 0
      vertex 1.14856 -0.33893 0
    endloop
  endfacet
  facet normal 0.941544 -0.336889 0
    outer loop
      vertex 0.596218 -0.839543 1.4
      vertex 0.620187 -0.772554 0
      vertex 0.620187 -0.772554 1.4
    endloop
  endfacet
  facet normal 0.941544 -0.336889 0
    outer loop
      vertex 0.620187 -0.772554 0
      vertex 0.596218 -0.839543 1.4
      vertex 0.596218 -0.839543 0
    endloop
  endfacet
  facet normal 0.427581 -0.903977 0
    outer loop
      vertex 0.948237 -0.410607 0
      vertex 1.01255 -0.380187 1.4
      vertex 0.948237 -0.410607 1.4
    endloop
  endfacet
  facet normal 0.427581 -0.903977 0
    outer loop
      vertex 1.01255 -0.380187 1.4
      vertex 0.948237 -0.410607 0
      vertex 1.01255 -0.380187 0
    endloop
  endfacet
  facet normal 0.989178 -0.146722 0
    outer loop
      vertex 0.568491 -0.978937 1.4
      vertex 0.57893 -0.908559 0
      vertex 0.57893 -0.908559 1.4
    endloop
  endfacet
  facet normal 0.989178 -0.146722 0
    outer loop
      vertex 0.57893 -0.908559 0
      vertex 0.568491 -0.978937 1.4
      vertex 0.568491 -0.978937 0
    endloop
  endfacet
  facet normal 0.97003 -0.242985 0
    outer loop
      vertex 0.57893 -0.908559 1.4
      vertex 0.596218 -0.839543 0
      vertex 0.596218 -0.839543 1.4
    endloop
  endfacet
  facet normal 0.97003 -0.242985 0
    outer loop
      vertex 0.596218 -0.839543 0
      vertex 0.57893 -0.908559 1.4
      vertex 0.57893 -0.908559 0
    endloop
  endfacet
  facet normal -0.427597 -0.90397 0
    outer loop
      vertex 1.56745 -0.380187 0
      vertex 1.63176 -0.410607 1.4
      vertex 1.56745 -0.380187 1.4
    endloop
  endfacet
  facet normal -0.427597 -0.90397 -0
    outer loop
      vertex 1.63176 -0.410607 1.4
      vertex 1.56745 -0.380187 0
      vertex 1.63176 -0.410607 0
    endloop
  endfacet
  facet normal -0.989176 0.146732 0
    outer loop
      vertex 2.00107 -1.19144 0
      vertex 2.01151 -1.12106 1.4
      vertex 2.01151 -1.12106 0
    endloop
  endfacet
  facet normal -0.989176 0.146732 0
    outer loop
      vertex 2.01151 -1.12106 1.4
      vertex 2.00107 -1.19144 0
      vertex 2.00107 -1.19144 1.4
    endloop
  endfacet
  facet normal -0.146718 -0.989178 0
    outer loop
      vertex 1.36106 -0.328491 0
      vertex 1.43144 -0.33893 1.4
      vertex 1.36106 -0.328491 1.4
    endloop
  endfacet
  facet normal -0.146718 -0.989178 -0
    outer loop
      vertex 1.43144 -0.33893 1.4
      vertex 1.36106 -0.328491 0
      vertex 1.43144 -0.33893 0
    endloop
  endfacet
  facet normal -0.0490823 -0.998795 0
    outer loop
      vertex 1.29 -0.324999 0
      vertex 1.36106 -0.328491 1.4
      vertex 1.29 -0.324999 1.4
    endloop
  endfacet
  facet normal -0.0490823 -0.998795 -0
    outer loop
      vertex 1.36106 -0.328491 1.4
      vertex 1.29 -0.324999 0
      vertex 1.36106 -0.328491 0
    endloop
  endfacet
  facet normal 0.740969 0.671539 0
    outer loop
      vertex 0.777347 -1.56265 1.4
      vertex 0.729567 -1.50993 0
      vertex 0.729567 -1.50993 1.4
    endloop
  endfacet
  facet normal 0.740969 0.671539 0
    outer loop
      vertex 0.729567 -1.50993 0
      vertex 0.777347 -1.56265 1.4
      vertex 0.777347 -1.56265 0
    endloop
  endfacet
  facet normal 0.857747 0.514072 0
    outer loop
      vertex 0.687184 -1.45279 1.4
      vertex 0.650607 -1.39176 0
      vertex 0.650607 -1.39176 1.4
    endloop
  endfacet
  facet normal 0.857747 0.514072 0
    outer loop
      vertex 0.650607 -1.39176 0
      vertex 0.687184 -1.45279 1.4
      vertex 0.687184 -1.45279 0
    endloop
  endfacet
  facet normal 0.336885 -0.941546 0
    outer loop
      vertex 1.01255 -0.380187 0
      vertex 1.07954 -0.356218 1.4
      vertex 1.01255 -0.380187 1.4
    endloop
  endfacet
  facet normal 0.336885 -0.941546 0
    outer loop
      vertex 1.07954 -0.356218 1.4
      vertex 1.01255 -0.380187 0
      vertex 1.07954 -0.356218 0
    endloop
  endfacet
  facet normal 0.514024 0.857776 -0
    outer loop
      vertex 0.948237 -1.68939 0
      vertex 0.887211 -1.65282 1.4
      vertex 0.948237 -1.68939 1.4
    endloop
  endfacet
  facet normal 0.514024 0.857776 0
    outer loop
      vertex 0.887211 -1.65282 1.4
      vertex 0.948237 -1.68939 0
      vertex 0.887211 -1.65282 0
    endloop
  endfacet
  facet normal -0.595809 0.803126 0
    outer loop
      vertex 1.74993 -1.61043 0
      vertex 1.69279 -1.65282 1.4
      vertex 1.74993 -1.61043 1.4
    endloop
  endfacet
  facet normal -0.595809 0.803126 0
    outer loop
      vertex 1.69279 -1.65282 1.4
      vertex 1.74993 -1.61043 0
      vertex 1.69279 -1.65282 0
    endloop
  endfacet
  facet normal 0.803173 0.595745 0
    outer loop
      vertex 0.729567 -1.50993 1.4
      vertex 0.687184 -1.45279 0
      vertex 0.687184 -1.45279 1.4
    endloop
  endfacet
  facet normal 0.803173 0.595745 0
    outer loop
      vertex 0.687184 -1.45279 0
      vertex 0.729567 -1.50993 1.4
      vertex 0.729567 -1.50993 0
    endloop
  endfacet
  facet normal 0.903988 -0.427559 0
    outer loop
      vertex 0.620187 -0.772554 1.4
      vertex 0.650607 -0.708237 0
      vertex 0.650607 -0.708237 1.4
    endloop
  endfacet
  facet normal 0.903988 -0.427559 0
    outer loop
      vertex 0.650607 -0.708237 0
      vertex 0.620187 -0.772554 1.4
      vertex 0.620187 -0.772554 0
    endloop
  endfacet
  facet normal 0.989178 0.146718 0
    outer loop
      vertex 0.57893 -1.19144 1.4
      vertex 0.568491 -1.12106 0
      vertex 0.568491 -1.12106 1.4
    endloop
  endfacet
  facet normal 0.989178 0.146718 0
    outer loop
      vertex 0.568491 -1.12106 0
      vertex 0.57893 -1.19144 1.4
      vertex 0.57893 -1.19144 0
    endloop
  endfacet
  facet normal -0.242972 -0.970033 0
    outer loop
      vertex 1.43144 -0.33893 0
      vertex 1.50046 -0.356218 1.4
      vertex 1.43144 -0.33893 1.4
    endloop
  endfacet
  facet normal -0.242972 -0.970033 -0
    outer loop
      vertex 1.50046 -0.356218 1.4
      vertex 1.43144 -0.33893 0
      vertex 1.50046 -0.356218 0
    endloop
  endfacet
  facet normal -0.514 0.85779 0
    outer loop
      vertex 1.69279 -1.65282 0
      vertex 1.63176 -1.68939 1.4
      vertex 1.69279 -1.65282 1.4
    endloop
  endfacet
  facet normal -0.514 0.85779 0
    outer loop
      vertex 1.63176 -1.68939 1.4
      vertex 1.69279 -1.65282 0
      vertex 1.63176 -1.68939 0
    endloop
  endfacet
  facet normal 0.67156 0.74095 -0
    outer loop
      vertex 0.830064 -1.61043 0
      vertex 0.777347 -1.56265 1.4
      vertex 0.830064 -1.61043 1.4
    endloop
  endfacet
  facet normal 0.67156 0.74095 0
    outer loop
      vertex 0.777347 -1.56265 1.4
      vertex 0.830064 -1.61043 0
      vertex 0.777347 -1.56265 0
    endloop
  endfacet
  facet normal 0.0490543 0.998796 -0
    outer loop
      vertex 1.29 -1.775 0
      vertex 1.21894 -1.77151 1.4
      vertex 1.29 -1.775 1.4
    endloop
  endfacet
  facet normal 0.0490543 0.998796 0
    outer loop
      vertex 1.21894 -1.77151 1.4
      vertex 1.29 -1.775 0
      vertex 1.21894 -1.77151 0
    endloop
  endfacet
  facet normal 0.998795 -0.0490803 0
    outer loop
      vertex 0.564999 -1.05 1.4
      vertex 0.568491 -0.978937 0
      vertex 0.568491 -0.978937 1.4
    endloop
  endfacet
  facet normal 0.998795 -0.0490803 0
    outer loop
      vertex 0.568491 -0.978937 0
      vertex 0.564999 -1.05 1.4
      vertex 0.564999 -1.05 0
    endloop
  endfacet
  facet normal 0.336897 0.941541 -0
    outer loop
      vertex 1.07954 -1.74378 0
      vertex 1.01255 -1.71981 1.4
      vertex 1.07954 -1.74378 1.4
    endloop
  endfacet
  facet normal 0.336897 0.941541 0
    outer loop
      vertex 1.01255 -1.71981 1.4
      vertex 1.07954 -1.74378 0
      vertex 1.01255 -1.71981 0
    endloop
  endfacet
  facet normal -0.671539 0.740969 0
    outer loop
      vertex 1.80265 -1.56265 0
      vertex 1.74993 -1.61043 1.4
      vertex 1.80265 -1.56265 1.4
    endloop
  endfacet
  facet normal -0.671539 0.740969 0
    outer loop
      vertex 1.74993 -1.61043 1.4
      vertex 1.80265 -1.56265 0
      vertex 1.74993 -1.61043 0
    endloop
  endfacet
  facet normal 0.989178 0.146718 0
    outer loop
      vertex 0.57893 1.34856 1.4
      vertex 0.568491 1.41894 0
      vertex 0.568491 1.41894 1.4
    endloop
  endfacet
  facet normal 0.989178 0.146718 0
    outer loop
      vertex 0.568491 1.41894 0
      vertex 0.57893 1.34856 1.4
      vertex 0.57893 1.34856 0
    endloop
  endfacet
  facet normal -0.989176 -0.146732 0
    outer loop
      vertex 2.01151 1.56106 0
      vertex 2.00107 1.63144 1.4
      vertex 2.00107 1.63144 0
    endloop
  endfacet
  facet normal -0.989176 -0.146732 0
    outer loop
      vertex 2.00107 1.63144 1.4
      vertex 2.01151 1.56106 0
      vertex 2.01151 1.56106 1.4
    endloop
  endfacet
  facet normal 0.146718 0.989178 -0
    outer loop
      vertex 1.21894 0.768491 0
      vertex 1.14856 0.77893 1.4
      vertex 1.21894 0.768491 1.4
    endloop
  endfacet
  facet normal 0.146718 0.989178 0
    outer loop
      vertex 1.14856 0.77893 1.4
      vertex 1.21894 0.768491 0
      vertex 1.14856 0.77893 0
    endloop
  endfacet
  facet normal 0.941546 -0.336885 0
    outer loop
      vertex 0.596218 1.70046 1.4
      vertex 0.620187 1.76745 0
      vertex 0.620187 1.76745 1.4
    endloop
  endfacet
  facet normal 0.941546 -0.336885 0
    outer loop
      vertex 0.620187 1.76745 0
      vertex 0.596218 1.70046 1.4
      vertex 0.596218 1.70046 0
    endloop
  endfacet
  facet normal -0.998796 0.0490543 0
    outer loop
      vertex 2.01151 1.41894 0
      vertex 2.015 1.49 1.4
      vertex 2.015 1.49 0
    endloop
  endfacet
  facet normal -0.998796 0.0490543 0
    outer loop
      vertex 2.015 1.49 1.4
      vertex 2.01151 1.41894 0
      vertex 2.01151 1.41894 1.4
    endloop
  endfacet
  facet normal -0.146718 0.989178 0
    outer loop
      vertex 1.43144 0.77893 0
      vertex 1.36106 0.768491 1.4
      vertex 1.43144 0.77893 1.4
    endloop
  endfacet
  facet normal -0.146718 0.989178 0
    outer loop
      vertex 1.36106 0.768491 1.4
      vertex 1.43144 0.77893 0
      vertex 1.36106 0.768491 0
    endloop
  endfacet
  facet normal -0.740925 0.671588 0
    outer loop
      vertex 1.80265 0.977347 0
      vertex 1.85043 1.03006 1.4
      vertex 1.85043 1.03006 0
    endloop
  endfacet
  facet normal -0.740925 0.671588 0
    outer loop
      vertex 1.85043 1.03006 1.4
      vertex 1.80265 0.977347 0
      vertex 1.80265 0.977347 1.4
    endloop
  endfacet
  facet normal -0.514072 0.857747 0
    outer loop
      vertex 1.69279 0.887184 0
      vertex 1.63176 0.850607 1.4
      vertex 1.69279 0.887184 1.4
    endloop
  endfacet
  facet normal -0.514072 0.857747 0
    outer loop
      vertex 1.63176 0.850607 1.4
      vertex 1.69279 0.887184 0
      vertex 1.63176 0.850607 0
    endloop
  endfacet
  facet normal 0.336897 -0.941541 0
    outer loop
      vertex 1.01255 2.15981 0
      vertex 1.07954 2.18378 1.4
      vertex 1.01255 2.15981 1.4
    endloop
  endfacet
  facet normal 0.336897 -0.941541 0
    outer loop
      vertex 1.07954 2.18378 1.4
      vertex 1.01255 2.15981 0
      vertex 1.07954 2.18378 0
    endloop
  endfacet
  facet normal -0.242972 0.970033 0
    outer loop
      vertex 1.50046 0.796218 0
      vertex 1.43144 0.77893 1.4
      vertex 1.50046 0.796218 1.4
    endloop
  endfacet
  facet normal -0.242972 0.970033 0
    outer loop
      vertex 1.43144 0.77893 1.4
      vertex 1.50046 0.796218 0
      vertex 1.43144 0.77893 0
    endloop
  endfacet
  facet normal 0.242999 -0.970027 0
    outer loop
      vertex 1.07954 2.18378 0
      vertex 1.14856 2.20107 1.4
      vertex 1.07954 2.18378 1.4
    endloop
  endfacet
  facet normal 0.242999 -0.970027 0
    outer loop
      vertex 1.14856 2.20107 1.4
      vertex 1.07954 2.18378 0
      vertex 1.14856 2.20107 0
    endloop
  endfacet
  facet normal 0.595762 -0.803161 0
    outer loop
      vertex 0.830064 2.05043 0
      vertex 0.887211 2.09282 1.4
      vertex 0.830064 2.05043 1.4
    endloop
  endfacet
  facet normal 0.595762 -0.803161 0
    outer loop
      vertex 0.887211 2.09282 1.4
      vertex 0.830064 2.05043 0
      vertex 0.887211 2.09282 0
    endloop
  endfacet
  facet normal -0.941541 -0.336897 0
    outer loop
      vertex 1.98378 1.70046 0
      vertex 1.95981 1.76745 1.4
      vertex 1.95981 1.76745 0
    endloop
  endfacet
  facet normal -0.941541 -0.336897 0
    outer loop
      vertex 1.95981 1.76745 1.4
      vertex 1.98378 1.70046 0
      vertex 1.98378 1.70046 1.4
    endloop
  endfacet
  facet normal -0.595745 0.803173 0
    outer loop
      vertex 1.74993 0.929567 0
      vertex 1.69279 0.887184 1.4
      vertex 1.74993 0.929567 1.4
    endloop
  endfacet
  facet normal -0.595745 0.803173 0
    outer loop
      vertex 1.69279 0.887184 1.4
      vertex 1.74993 0.929567 0
      vertex 1.69279 0.887184 0
    endloop
  endfacet
  facet normal -0.90397 -0.427597 0
    outer loop
      vertex 1.95981 1.76745 0
      vertex 1.92939 1.83176 1.4
      vertex 1.92939 1.83176 0
    endloop
  endfacet
  facet normal -0.90397 -0.427597 0
    outer loop
      vertex 1.92939 1.83176 1.4
      vertex 1.95981 1.76745 0
      vertex 1.95981 1.76745 1.4
    endloop
  endfacet
  facet normal -0.85779 -0.514 0
    outer loop
      vertex 1.92939 1.83176 0
      vertex 1.89282 1.89279 1.4
      vertex 1.89282 1.89279 0
    endloop
  endfacet
  facet normal -0.85779 -0.514 0
    outer loop
      vertex 1.89282 1.89279 1.4
      vertex 1.92939 1.83176 0
      vertex 1.92939 1.83176 1.4
    endloop
  endfacet
  facet normal -0.803126 -0.595809 0
    outer loop
      vertex 1.89282 1.89279 0
      vertex 1.85043 1.94993 1.4
      vertex 1.85043 1.94993 0
    endloop
  endfacet
  facet normal -0.803126 -0.595809 0
    outer loop
      vertex 1.85043 1.94993 1.4
      vertex 1.89282 1.89279 0
      vertex 1.89282 1.89279 1.4
    endloop
  endfacet
  facet normal 0.803223 0.595678 0
    outer loop
      vertex 0.729567 1.03006 1.4
      vertex 0.687184 1.08721 0
      vertex 0.687184 1.08721 1.4
    endloop
  endfacet
  facet normal 0.803223 0.595678 0
    outer loop
      vertex 0.687184 1.08721 0
      vertex 0.729567 1.03006 1.4
      vertex 0.729567 1.03006 0
    endloop
  endfacet
  facet normal -0.85779 0.514 0
    outer loop
      vertex 1.89282 1.08721 0
      vertex 1.92939 1.14824 1.4
      vertex 1.92939 1.14824 0
    endloop
  endfacet
  facet normal -0.85779 0.514 0
    outer loop
      vertex 1.92939 1.14824 1.4
      vertex 1.89282 1.08721 0
      vertex 1.89282 1.08721 1.4
    endloop
  endfacet
  facet normal 0.427581 0.903977 -0
    outer loop
      vertex 1.01255 0.820187 0
      vertex 0.948237 0.850607 1.4
      vertex 1.01255 0.820187 1.4
    endloop
  endfacet
  facet normal 0.427581 0.903977 0
    outer loop
      vertex 0.948237 0.850607 1.4
      vertex 1.01255 0.820187 0
      vertex 0.948237 0.850607 0
    endloop
  endfacet
  facet normal -0.998796 -0.0490543 0
    outer loop
      vertex 2.015 1.49 0
      vertex 2.01151 1.56106 1.4
      vertex 2.01151 1.56106 0
    endloop
  endfacet
  facet normal -0.998796 -0.0490543 0
    outer loop
      vertex 2.01151 1.56106 1.4
      vertex 2.015 1.49 0
      vertex 2.015 1.49 1.4
    endloop
  endfacet
  facet normal 0.970033 0.242972 0
    outer loop
      vertex 0.596218 1.27954 1.4
      vertex 0.57893 1.34856 0
      vertex 0.57893 1.34856 1.4
    endloop
  endfacet
  facet normal 0.970033 0.242972 0
    outer loop
      vertex 0.57893 1.34856 0
      vertex 0.596218 1.27954 1.4
      vertex 0.596218 1.27954 0
    endloop
  endfacet
  facet normal -0.970027 -0.242999 0
    outer loop
      vertex 2.00107 1.63144 0
      vertex 1.98378 1.70046 1.4
      vertex 1.98378 1.70046 0
    endloop
  endfacet
  facet normal -0.970027 -0.242999 0
    outer loop
      vertex 1.98378 1.70046 1.4
      vertex 2.00107 1.63144 0
      vertex 2.00107 1.63144 1.4
    endloop
  endfacet
  facet normal 0.0490543 -0.998796 0
    outer loop
      vertex 1.21894 2.21151 0
      vertex 1.29 2.215 1.4
      vertex 1.21894 2.21151 1.4
    endloop
  endfacet
  facet normal 0.0490543 -0.998796 0
    outer loop
      vertex 1.29 2.215 1.4
      vertex 1.21894 2.21151 0
      vertex 1.29 2.215 0
    endloop
  endfacet
  facet normal 0.242972 0.970033 -0
    outer loop
      vertex 1.14856 0.77893 0
      vertex 1.07954 0.796218 1.4
      vertex 1.14856 0.77893 1.4
    endloop
  endfacet
  facet normal 0.242972 0.970033 0
    outer loop
      vertex 1.07954 0.796218 1.4
      vertex 1.14856 0.77893 0
      vertex 1.07954 0.796218 0
    endloop
  endfacet
  facet normal 0.998795 -0.0490823 0
    outer loop
      vertex 0.564999 1.49 1.4
      vertex 0.568491 1.56106 0
      vertex 0.568491 1.56106 1.4
    endloop
  endfacet
  facet normal 0.998795 -0.0490823 0
    outer loop
      vertex 0.568491 1.56106 0
      vertex 0.564999 1.49 1.4
      vertex 0.564999 1.49 0
    endloop
  endfacet
  facet normal 0.740925 0.671588 0
    outer loop
      vertex 0.777347 0.977347 1.4
      vertex 0.729567 1.03006 0
      vertex 0.729567 1.03006 1.4
    endloop
  endfacet
  facet normal 0.740925 0.671588 0
    outer loop
      vertex 0.729567 1.03006 0
      vertex 0.777347 0.977347 1.4
      vertex 0.777347 0.977347 0
    endloop
  endfacet
  facet normal -0.146732 -0.989176 0
    outer loop
      vertex 1.36106 2.21151 0
      vertex 1.43144 2.20107 1.4
      vertex 1.36106 2.21151 1.4
    endloop
  endfacet
  facet normal -0.146732 -0.989176 -0
    outer loop
      vertex 1.43144 2.20107 1.4
      vertex 1.36106 2.21151 0
      vertex 1.43144 2.20107 0
    endloop
  endfacet
  facet normal -0.427597 -0.90397 0
    outer loop
      vertex 1.56745 2.15981 0
      vertex 1.63176 2.12939 1.4
      vertex 1.56745 2.15981 1.4
    endloop
  endfacet
  facet normal -0.427597 -0.90397 -0
    outer loop
      vertex 1.63176 2.12939 1.4
      vertex 1.56745 2.15981 0
      vertex 1.63176 2.12939 0
    endloop
  endfacet
  facet normal 0.146732 -0.989176 0
    outer loop
      vertex 1.14856 2.20107 0
      vertex 1.21894 2.21151 1.4
      vertex 1.14856 2.20107 1.4
    endloop
  endfacet
  facet normal 0.146732 -0.989176 0
    outer loop
      vertex 1.21894 2.21151 1.4
      vertex 1.14856 2.20107 0
      vertex 1.21894 2.21151 0
    endloop
  endfacet
  facet normal -0.0490543 -0.998796 0
    outer loop
      vertex 1.29 2.215 0
      vertex 1.36106 2.21151 1.4
      vertex 1.29 2.215 1.4
    endloop
  endfacet
  facet normal -0.0490543 -0.998796 -0
    outer loop
      vertex 1.36106 2.21151 1.4
      vertex 1.29 2.215 0
      vertex 1.36106 2.21151 0
    endloop
  endfacet
  facet normal -0.242999 -0.970027 0
    outer loop
      vertex 1.43144 2.20107 0
      vertex 1.50046 2.18378 1.4
      vertex 1.43144 2.20107 1.4
    endloop
  endfacet
  facet normal -0.242999 -0.970027 -0
    outer loop
      vertex 1.50046 2.18378 1.4
      vertex 1.43144 2.20107 0
      vertex 1.50046 2.18378 0
    endloop
  endfacet
  facet normal 0.90397 -0.427597 0
    outer loop
      vertex 0.620187 1.76745 1.4
      vertex 0.650607 1.83176 0
      vertex 0.650607 1.83176 1.4
    endloop
  endfacet
  facet normal 0.90397 -0.427597 0
    outer loop
      vertex 0.650607 1.83176 0
      vertex 0.620187 1.76745 1.4
      vertex 0.620187 1.76745 0
    endloop
  endfacet
  facet normal -0.671539 -0.740969 0
    outer loop
      vertex 1.74993 2.05043 0
      vertex 1.80265 2.00265 1.4
      vertex 1.74993 2.05043 1.4
    endloop
  endfacet
  facet normal -0.671539 -0.740969 -0
    outer loop
      vertex 1.80265 2.00265 1.4
      vertex 1.74993 2.05043 0
      vertex 1.80265 2.00265 0
    endloop
  endfacet
  facet normal -0.803176 0.595742 0
    outer loop
      vertex 1.85043 1.03006 0
      vertex 1.89282 1.08721 1.4
      vertex 1.89282 1.08721 0
    endloop
  endfacet
  facet normal -0.803176 0.595742 0
    outer loop
      vertex 1.89282 1.08721 1.4
      vertex 1.85043 1.03006 0
      vertex 1.85043 1.03006 1.4
    endloop
  endfacet
  facet normal 0.998795 0.0490823 0
    outer loop
      vertex 0.568491 1.41894 1.4
      vertex 0.564999 1.49 0
      vertex 0.564999 1.49 1.4
    endloop
  endfacet
  facet normal 0.998795 0.0490823 0
    outer loop
      vertex 0.564999 1.49 0
      vertex 0.568491 1.41894 1.4
      vertex 0.568491 1.41894 0
    endloop
  endfacet
  facet normal 0.90397 0.427597 0
    outer loop
      vertex 0.650607 1.14824 1.4
      vertex 0.620187 1.21255 0
      vertex 0.620187 1.21255 1.4
    endloop
  endfacet
  facet normal 0.90397 0.427597 0
    outer loop
      vertex 0.620187 1.21255 0
      vertex 0.650607 1.14824 1.4
      vertex 0.650607 1.14824 0
    endloop
  endfacet
  facet normal -0.0490823 0.998795 0
    outer loop
      vertex 1.36106 0.768491 0
      vertex 1.29 0.764999 1.4
      vertex 1.36106 0.768491 1.4
    endloop
  endfacet
  facet normal -0.0490823 0.998795 0
    outer loop
      vertex 1.29 0.764999 1.4
      vertex 1.36106 0.768491 0
      vertex 1.29 0.764999 0
    endloop
  endfacet
  facet normal 0.740969 -0.671539 0
    outer loop
      vertex 0.729567 1.94993 1.4
      vertex 0.777347 2.00265 0
      vertex 0.777347 2.00265 1.4
    endloop
  endfacet
  facet normal 0.740969 -0.671539 0
    outer loop
      vertex 0.777347 2.00265 0
      vertex 0.729567 1.94993 1.4
      vertex 0.729567 1.94993 0
    endloop
  endfacet
  facet normal 0.970033 -0.242972 0
    outer loop
      vertex 0.57893 1.63144 1.4
      vertex 0.596218 1.70046 0
      vertex 0.596218 1.70046 1.4
    endloop
  endfacet
  facet normal 0.970033 -0.242972 0
    outer loop
      vertex 0.596218 1.70046 0
      vertex 0.57893 1.63144 1.4
      vertex 0.57893 1.63144 0
    endloop
  endfacet
  facet normal -0.595809 -0.803126 0
    outer loop
      vertex 1.69279 2.09282 0
      vertex 1.74993 2.05043 1.4
      vertex 1.69279 2.09282 1.4
    endloop
  endfacet
  facet normal -0.595809 -0.803126 -0
    outer loop
      vertex 1.74993 2.05043 1.4
      vertex 1.69279 2.09282 0
      vertex 1.74993 2.05043 0
    endloop
  endfacet
  facet normal 0.67156 0.74095 -0
    outer loop
      vertex 0.830064 0.929567 0
      vertex 0.777347 0.977347 1.4
      vertex 0.830064 0.929567 1.4
    endloop
  endfacet
  facet normal 0.67156 0.74095 0
    outer loop
      vertex 0.777347 0.977347 1.4
      vertex 0.830064 0.929567 0
      vertex 0.777347 0.977347 0
    endloop
  endfacet
  facet normal -0.989176 0.146732 0
    outer loop
      vertex 2.00107 1.34856 0
      vertex 2.01151 1.41894 1.4
      vertex 2.01151 1.41894 0
    endloop
  endfacet
  facet normal -0.989176 0.146732 0
    outer loop
      vertex 2.01151 1.41894 1.4
      vertex 2.00107 1.34856 0
      vertex 2.00107 1.34856 1.4
    endloop
  endfacet
  facet normal -0.941541 0.336897 0
    outer loop
      vertex 1.95981 1.21255 0
      vertex 1.98378 1.27954 1.4
      vertex 1.98378 1.27954 0
    endloop
  endfacet
  facet normal -0.941541 0.336897 0
    outer loop
      vertex 1.98378 1.27954 1.4
      vertex 1.95981 1.21255 0
      vertex 1.95981 1.21255 1.4
    endloop
  endfacet
  facet normal -0.90397 0.427597 0
    outer loop
      vertex 1.92939 1.14824 0
      vertex 1.95981 1.21255 1.4
      vertex 1.95981 1.21255 0
    endloop
  endfacet
  facet normal -0.90397 0.427597 0
    outer loop
      vertex 1.95981 1.21255 1.4
      vertex 1.92939 1.14824 0
      vertex 1.92939 1.14824 1.4
    endloop
  endfacet
  facet normal 0.989178 -0.146718 0
    outer loop
      vertex 0.568491 1.56106 1.4
      vertex 0.57893 1.63144 0
      vertex 0.57893 1.63144 1.4
    endloop
  endfacet
  facet normal 0.989178 -0.146718 0
    outer loop
      vertex 0.57893 1.63144 0
      vertex 0.568491 1.56106 1.4
      vertex 0.568491 1.56106 0
    endloop
  endfacet
  facet normal -0.514 -0.85779 0
    outer loop
      vertex 1.63176 2.12939 0
      vertex 1.69279 2.09282 1.4
      vertex 1.63176 2.12939 1.4
    endloop
  endfacet
  facet normal -0.514 -0.85779 -0
    outer loop
      vertex 1.69279 2.09282 1.4
      vertex 1.63176 2.12939 0
      vertex 1.69279 2.09282 0
    endloop
  endfacet
  facet normal 0.67156 -0.74095 0
    outer loop
      vertex 0.777347 2.00265 0
      vertex 0.830064 2.05043 1.4
      vertex 0.777347 2.00265 1.4
    endloop
  endfacet
  facet normal 0.67156 -0.74095 0
    outer loop
      vertex 0.830064 2.05043 1.4
      vertex 0.777347 2.00265 0
      vertex 0.830064 2.05043 0
    endloop
  endfacet
  facet normal 0.857747 0.514072 0
    outer loop
      vertex 0.687184 1.08721 1.4
      vertex 0.650607 1.14824 0
      vertex 0.650607 1.14824 1.4
    endloop
  endfacet
  facet normal 0.857747 0.514072 0
    outer loop
      vertex 0.650607 1.14824 0
      vertex 0.687184 1.08721 1.4
      vertex 0.687184 1.08721 0
    endloop
  endfacet
  facet normal 0.336885 0.941546 -0
    outer loop
      vertex 1.07954 0.796218 0
      vertex 1.01255 0.820187 1.4
      vertex 1.07954 0.796218 1.4
    endloop
  endfacet
  facet normal 0.336885 0.941546 0
    outer loop
      vertex 1.01255 0.820187 1.4
      vertex 1.07954 0.796218 0
      vertex 1.01255 0.820187 0
    endloop
  endfacet
  facet normal 0.803173 -0.595745 0
    outer loop
      vertex 0.687184 1.89279 1.4
      vertex 0.729567 1.94993 0
      vertex 0.729567 1.94993 1.4
    endloop
  endfacet
  facet normal 0.803173 -0.595745 0
    outer loop
      vertex 0.729567 1.94993 0
      vertex 0.687184 1.89279 1.4
      vertex 0.687184 1.89279 0
    endloop
  endfacet
  facet normal 0.941546 0.336885 0
    outer loop
      vertex 0.620187 1.21255 1.4
      vertex 0.596218 1.27954 0
      vertex 0.596218 1.27954 1.4
    endloop
  endfacet
  facet normal 0.941546 0.336885 0
    outer loop
      vertex 0.596218 1.27954 0
      vertex 0.620187 1.21255 1.4
      vertex 0.620187 1.21255 0
    endloop
  endfacet
  facet normal 0.0490823 0.998795 -0
    outer loop
      vertex 1.29 0.764999 0
      vertex 1.21894 0.768491 1.4
      vertex 1.29 0.764999 1.4
    endloop
  endfacet
  facet normal 0.0490823 0.998795 0
    outer loop
      vertex 1.21894 0.768491 1.4
      vertex 1.29 0.764999 0
      vertex 1.21894 0.768491 0
    endloop
  endfacet
  facet normal -0.671539 0.740969 0
    outer loop
      vertex 1.80265 0.977347 0
      vertex 1.74993 0.929567 1.4
      vertex 1.80265 0.977347 1.4
    endloop
  endfacet
  facet normal -0.671539 0.740969 0
    outer loop
      vertex 1.74993 0.929567 1.4
      vertex 1.80265 0.977347 0
      vertex 1.74993 0.929567 0
    endloop
  endfacet
  facet normal -0.740969 -0.671539 0
    outer loop
      vertex 1.85043 1.94993 0
      vertex 1.80265 2.00265 1.4
      vertex 1.80265 2.00265 0
    endloop
  endfacet
  facet normal -0.740969 -0.671539 0
    outer loop
      vertex 1.80265 2.00265 1.4
      vertex 1.85043 1.94993 0
      vertex 1.85043 1.94993 1.4
    endloop
  endfacet
  facet normal -0.336897 -0.941541 0
    outer loop
      vertex 1.50046 2.18378 0
      vertex 1.56745 2.15981 1.4
      vertex 1.50046 2.18378 1.4
    endloop
  endfacet
  facet normal -0.336897 -0.941541 -0
    outer loop
      vertex 1.56745 2.15981 1.4
      vertex 1.50046 2.18378 0
      vertex 1.56745 2.15981 0
    endloop
  endfacet
  facet normal -0.336885 0.941546 0
    outer loop
      vertex 1.56745 0.820187 0
      vertex 1.50046 0.796218 1.4
      vertex 1.56745 0.820187 1.4
    endloop
  endfacet
  facet normal -0.336885 0.941546 0
    outer loop
      vertex 1.50046 0.796218 1.4
      vertex 1.56745 0.820187 0
      vertex 1.50046 0.796218 0
    endloop
  endfacet
  facet normal -0.427597 0.90397 0
    outer loop
      vertex 1.63176 0.850607 0
      vertex 1.56745 0.820187 1.4
      vertex 1.63176 0.850607 1.4
    endloop
  endfacet
  facet normal -0.427597 0.90397 0
    outer loop
      vertex 1.56745 0.820187 1.4
      vertex 1.63176 0.850607 0
      vertex 1.56745 0.820187 0
    endloop
  endfacet
  facet normal 0.514097 0.857732 -0
    outer loop
      vertex 0.948237 0.850607 0
      vertex 0.887211 0.887184 1.4
      vertex 0.948237 0.850607 1.4
    endloop
  endfacet
  facet normal 0.514097 0.857732 0
    outer loop
      vertex 0.887211 0.887184 1.4
      vertex 0.948237 0.850607 0
      vertex 0.887211 0.887184 0
    endloop
  endfacet
  facet normal 0.514024 -0.857776 0
    outer loop
      vertex 0.887211 2.09282 0
      vertex 0.948237 2.12939 1.4
      vertex 0.887211 2.09282 1.4
    endloop
  endfacet
  facet normal 0.514024 -0.857776 0
    outer loop
      vertex 0.948237 2.12939 1.4
      vertex 0.887211 2.09282 0
      vertex 0.948237 2.12939 0
    endloop
  endfacet
  facet normal 0.427581 -0.903977 0
    outer loop
      vertex 0.948237 2.12939 0
      vertex 1.01255 2.15981 1.4
      vertex 0.948237 2.12939 1.4
    endloop
  endfacet
  facet normal 0.427581 -0.903977 0
    outer loop
      vertex 1.01255 2.15981 1.4
      vertex 0.948237 2.12939 0
      vertex 1.01255 2.15981 0
    endloop
  endfacet
  facet normal 0.857747 -0.514072 0
    outer loop
      vertex 0.650607 1.83176 1.4
      vertex 0.687184 1.89279 0
      vertex 0.687184 1.89279 1.4
    endloop
  endfacet
  facet normal 0.857747 -0.514072 0
    outer loop
      vertex 0.687184 1.89279 0
      vertex 0.650607 1.83176 1.4
      vertex 0.650607 1.83176 0
    endloop
  endfacet
  facet normal -0.970027 0.242999 0
    outer loop
      vertex 1.98378 1.27954 0
      vertex 2.00107 1.34856 1.4
      vertex 2.00107 1.34856 0
    endloop
  endfacet
  facet normal -0.970027 0.242999 0
    outer loop
      vertex 2.00107 1.34856 1.4
      vertex 1.98378 1.27954 0
      vertex 1.98378 1.27954 1.4
    endloop
  endfacet
  facet normal 0.595698 0.803208 -0
    outer loop
      vertex 0.887211 0.887184 0
      vertex 0.830064 0.929567 1.4
      vertex 0.887211 0.887184 1.4
    endloop
  endfacet
  facet normal 0.595698 0.803208 0
    outer loop
      vertex 0.830064 0.929567 1.4
      vertex 0.887211 0.887184 0
      vertex 0.830064 0.929567 0
    endloop
  endfacet
  facet normal -0.989176 -0.146736 0
    outer loop
      vertex 4.55151 -0.978937 0
      vertex 4.54107 -0.908559 1.4
      vertex 4.54107 -0.908559 0
    endloop
  endfacet
  facet normal -0.989176 -0.146736 0
    outer loop
      vertex 4.54107 -0.908559 1.4
      vertex 4.55151 -0.978937 0
      vertex 4.55151 -0.978937 1.4
    endloop
  endfacet
  facet normal -0.998796 -0.0490522 0
    outer loop
      vertex 4.555 -1.05 0
      vertex 4.55151 -0.978937 1.4
      vertex 4.55151 -0.978937 0
    endloop
  endfacet
  facet normal -0.998796 -0.0490522 0
    outer loop
      vertex 4.55151 -0.978937 1.4
      vertex 4.555 -1.05 0
      vertex 4.555 -1.05 1.4
    endloop
  endfacet
  facet normal -0.970023 -0.243012 0
    outer loop
      vertex 4.54107 -0.908559 0
      vertex 4.52378 -0.839543 1.4
      vertex 4.52378 -0.839543 0
    endloop
  endfacet
  facet normal -0.970023 -0.243012 0
    outer loop
      vertex 4.52378 -0.839543 1.4
      vertex 4.54107 -0.908559 0
      vertex 4.54107 -0.908559 1.4
    endloop
  endfacet
  facet normal -0.336897 0.941541 0
    outer loop
      vertex 4.10745 -1.71981 0
      vertex 4.04046 -1.74378 1.4
      vertex 4.10745 -1.71981 1.4
    endloop
  endfacet
  facet normal -0.336897 0.941541 0
    outer loop
      vertex 4.04046 -1.74378 1.4
      vertex 4.10745 -1.71981 0
      vertex 4.04046 -1.74378 0
    endloop
  endfacet
  facet normal -0.671539 -0.740969 0
    outer loop
      vertex 4.28993 -0.489567 0
      vertex 4.34265 -0.537347 1.4
      vertex 4.28993 -0.489567 1.4
    endloop
  endfacet
  facet normal -0.671539 -0.740969 -0
    outer loop
      vertex 4.34265 -0.537347 1.4
      vertex 4.28993 -0.489567 0
      vertex 4.34265 -0.537347 0
    endloop
  endfacet
  facet normal 0.857776 -0.514024 0
    outer loop
      vertex 3.19061 -0.708237 1.4
      vertex 3.22718 -0.647211 0
      vertex 3.22718 -0.647211 1.4
    endloop
  endfacet
  facet normal 0.857776 -0.514024 0
    outer loop
      vertex 3.22718 -0.647211 0
      vertex 3.19061 -0.708237 1.4
      vertex 3.19061 -0.708237 0
    endloop
  endfacet
  facet normal 0.146732 0.989176 -0
    outer loop
      vertex 3.75894 -1.77151 0
      vertex 3.68856 -1.76107 1.4
      vertex 3.75894 -1.77151 1.4
    endloop
  endfacet
  facet normal 0.146732 0.989176 0
    outer loop
      vertex 3.68856 -1.76107 1.4
      vertex 3.75894 -1.77151 0
      vertex 3.68856 -1.76107 0
    endloop
  endfacet
  facet normal -0.94154 -0.336902 0
    outer loop
      vertex 4.52378 -0.839543 0
      vertex 4.49981 -0.772554 1.4
      vertex 4.49981 -0.772554 0
    endloop
  endfacet
  facet normal -0.94154 -0.336902 0
    outer loop
      vertex 4.49981 -0.772554 1.4
      vertex 4.52378 -0.839543 0
      vertex 4.52378 -0.839543 1.4
    endloop
  endfacet
  facet normal 0.0490823 -0.998795 0
    outer loop
      vertex 3.75894 -0.328491 0
      vertex 3.83 -0.324999 1.4
      vertex 3.75894 -0.328491 1.4
    endloop
  endfacet
  facet normal 0.0490823 -0.998795 0
    outer loop
      vertex 3.83 -0.324999 1.4
      vertex 3.75894 -0.328491 0
      vertex 3.83 -0.324999 0
    endloop
  endfacet
  facet normal -0.0490543 0.998796 0
    outer loop
      vertex 3.90106 -1.77151 0
      vertex 3.83 -1.775 1.4
      vertex 3.90106 -1.77151 1.4
    endloop
  endfacet
  facet normal -0.0490543 0.998796 0
    outer loop
      vertex 3.83 -1.775 1.4
      vertex 3.90106 -1.77151 0
      vertex 3.83 -1.775 0
    endloop
  endfacet
  facet normal 0.90397 0.427597 0
    outer loop
      vertex 3.19061 -1.39176 1.4
      vertex 3.16019 -1.32745 0
      vertex 3.16019 -1.32745 1.4
    endloop
  endfacet
  facet normal 0.90397 0.427597 0
    outer loop
      vertex 3.16019 -1.32745 0
      vertex 3.19061 -1.39176 1.4
      vertex 3.19061 -1.39176 0
    endloop
  endfacet
  facet normal 0.595742 0.803176 -0
    outer loop
      vertex 3.42721 -1.65282 0
      vertex 3.37006 -1.61043 1.4
      vertex 3.42721 -1.65282 1.4
    endloop
  endfacet
  facet normal 0.595742 0.803176 0
    outer loop
      vertex 3.37006 -1.61043 1.4
      vertex 3.42721 -1.65282 0
      vertex 3.37006 -1.61043 0
    endloop
  endfacet
  facet normal 0.803161 -0.595762 0
    outer loop
      vertex 3.22718 -0.647211 1.4
      vertex 3.26957 -0.590064 0
      vertex 3.26957 -0.590064 1.4
    endloop
  endfacet
  facet normal 0.803161 -0.595762 0
    outer loop
      vertex 3.26957 -0.590064 0
      vertex 3.22718 -0.647211 1.4
      vertex 3.22718 -0.647211 0
    endloop
  endfacet
  facet normal -0.970027 0.242999 0
    outer loop
      vertex 4.52378 -1.26046 0
      vertex 4.54107 -1.19144 1.4
      vertex 4.54107 -1.19144 0
    endloop
  endfacet
  facet normal -0.970027 0.242999 0
    outer loop
      vertex 4.54107 -1.19144 1.4
      vertex 4.52378 -1.26046 0
      vertex 4.52378 -1.26046 1.4
    endloop
  endfacet
  facet normal -0.514 0.85779 0
    outer loop
      vertex 4.23279 -1.65282 0
      vertex 4.17176 -1.68939 1.4
      vertex 4.23279 -1.65282 1.4
    endloop
  endfacet
  facet normal -0.514 0.85779 0
    outer loop
      vertex 4.17176 -1.68939 1.4
      vertex 4.23279 -1.65282 0
      vertex 4.17176 -1.68939 0
    endloop
  endfacet
  facet normal -0.857776 -0.514024 0
    outer loop
      vertex 4.46939 -0.708237 0
      vertex 4.43282 -0.647211 1.4
      vertex 4.43282 -0.647211 0
    endloop
  endfacet
  facet normal -0.857776 -0.514024 0
    outer loop
      vertex 4.43282 -0.647211 1.4
      vertex 4.46939 -0.708237 0
      vertex 4.46939 -0.708237 1.4
    endloop
  endfacet
  facet normal 0.998796 0.0490543 0
    outer loop
      vertex 3.10849 -1.12106 1.4
      vertex 3.105 -1.05 0
      vertex 3.105 -1.05 1.4
    endloop
  endfacet
  facet normal 0.998796 0.0490543 0
    outer loop
      vertex 3.105 -1.05 0
      vertex 3.10849 -1.12106 1.4
      vertex 3.10849 -1.12106 0
    endloop
  endfacet
  facet normal -0.903988 -0.427559 0
    outer loop
      vertex 4.49981 -0.772554 0
      vertex 4.46939 -0.708237 1.4
      vertex 4.46939 -0.708237 0
    endloop
  endfacet
  facet normal -0.903988 -0.427559 0
    outer loop
      vertex 4.46939 -0.708237 1.4
      vertex 4.49981 -0.772554 0
      vertex 4.49981 -0.772554 1.4
    endloop
  endfacet
  facet normal -0.941541 0.336897 0
    outer loop
      vertex 4.49981 -1.32745 0
      vertex 4.52378 -1.26046 1.4
      vertex 4.52378 -1.26046 0
    endloop
  endfacet
  facet normal -0.941541 0.336897 0
    outer loop
      vertex 4.52378 -1.26046 1.4
      vertex 4.49981 -1.32745 0
      vertex 4.49981 -1.32745 1.4
    endloop
  endfacet
  facet normal 0.427597 0.90397 -0
    outer loop
      vertex 3.55255 -1.71981 0
      vertex 3.48824 -1.68939 1.4
      vertex 3.55255 -1.71981 1.4
    endloop
  endfacet
  facet normal 0.427597 0.90397 0
    outer loop
      vertex 3.48824 -1.68939 1.4
      vertex 3.55255 -1.71981 0
      vertex 3.48824 -1.68939 0
    endloop
  endfacet
  facet normal 0.970027 0.242999 0
    outer loop
      vertex 3.13622 -1.26046 1.4
      vertex 3.11893 -1.19144 0
      vertex 3.11893 -1.19144 1.4
    endloop
  endfacet
  facet normal 0.970027 0.242999 0
    outer loop
      vertex 3.11893 -1.19144 0
      vertex 3.13622 -1.26046 1.4
      vertex 3.13622 -1.26046 0
    endloop
  endfacet
  facet normal 0.74095 -0.67156 0
    outer loop
      vertex 3.26957 -0.590064 1.4
      vertex 3.31735 -0.537347 0
      vertex 3.31735 -0.537347 1.4
    endloop
  endfacet
  facet normal 0.74095 -0.67156 0
    outer loop
      vertex 3.31735 -0.537347 0
      vertex 3.26957 -0.590064 1.4
      vertex 3.26957 -0.590064 0
    endloop
  endfacet
  facet normal 0.242999 0.970027 -0
    outer loop
      vertex 3.68856 -1.76107 0
      vertex 3.61954 -1.74378 1.4
      vertex 3.68856 -1.76107 1.4
    endloop
  endfacet
  facet normal 0.242999 0.970027 0
    outer loop
      vertex 3.61954 -1.74378 1.4
      vertex 3.68856 -1.76107 0
      vertex 3.61954 -1.74378 0
    endloop
  endfacet
  facet normal 0.514072 -0.857747 0
    outer loop
      vertex 3.42721 -0.447184 0
      vertex 3.48824 -0.410607 1.4
      vertex 3.42721 -0.447184 1.4
    endloop
  endfacet
  facet normal 0.514072 -0.857747 0
    outer loop
      vertex 3.48824 -0.410607 1.4
      vertex 3.42721 -0.447184 0
      vertex 3.48824 -0.410607 0
    endloop
  endfacet
  facet normal -0.803161 -0.595762 0
    outer loop
      vertex 4.43282 -0.647211 0
      vertex 4.39043 -0.590064 1.4
      vertex 4.39043 -0.590064 0
    endloop
  endfacet
  facet normal -0.803161 -0.595762 0
    outer loop
      vertex 4.39043 -0.590064 1.4
      vertex 4.43282 -0.647211 0
      vertex 4.43282 -0.647211 1.4
    endloop
  endfacet
  facet normal 0.146718 -0.989178 0
    outer loop
      vertex 3.68856 -0.33893 0
      vertex 3.75894 -0.328491 1.4
      vertex 3.68856 -0.33893 1.4
    endloop
  endfacet
  facet normal 0.146718 -0.989178 0
    outer loop
      vertex 3.75894 -0.328491 1.4
      vertex 3.68856 -0.33893 0
      vertex 3.75894 -0.328491 0
    endloop
  endfacet
  facet normal -0.427597 0.90397 0
    outer loop
      vertex 4.17176 -1.68939 0
      vertex 4.10745 -1.71981 1.4
      vertex 4.17176 -1.68939 1.4
    endloop
  endfacet
  facet normal -0.427597 0.90397 0
    outer loop
      vertex 4.10745 -1.71981 1.4
      vertex 4.17176 -1.68939 0
      vertex 4.10745 -1.71981 0
    endloop
  endfacet
  facet normal 0.671609 -0.740906 0
    outer loop
      vertex 3.31735 -0.537347 0
      vertex 3.37006 -0.489567 1.4
      vertex 3.31735 -0.537347 1.4
    endloop
  endfacet
  facet normal 0.671609 -0.740906 0
    outer loop
      vertex 3.37006 -0.489567 1.4
      vertex 3.31735 -0.537347 0
      vertex 3.37006 -0.489567 0
    endloop
  endfacet
  facet normal -0.85779 0.514 0
    outer loop
      vertex 4.43282 -1.45279 0
      vertex 4.46939 -1.39176 1.4
      vertex 4.46939 -1.39176 0
    endloop
  endfacet
  facet normal -0.85779 0.514 0
    outer loop
      vertex 4.46939 -1.39176 1.4
      vertex 4.43282 -1.45279 0
      vertex 4.43282 -1.45279 1.4
    endloop
  endfacet
  facet normal 0.595678 -0.803223 0
    outer loop
      vertex 3.37006 -0.489567 0
      vertex 3.42721 -0.447184 1.4
      vertex 3.37006 -0.489567 1.4
    endloop
  endfacet
  facet normal 0.595678 -0.803223 0
    outer loop
      vertex 3.42721 -0.447184 1.4
      vertex 3.37006 -0.489567 0
      vertex 3.42721 -0.447184 0
    endloop
  endfacet
  facet normal -0.336885 -0.941546 0
    outer loop
      vertex 4.04046 -0.356218 0
      vertex 4.10745 -0.380187 1.4
      vertex 4.04046 -0.356218 1.4
    endloop
  endfacet
  facet normal -0.336885 -0.941546 -0
    outer loop
      vertex 4.10745 -0.380187 1.4
      vertex 4.04046 -0.356218 0
      vertex 4.10745 -0.380187 0
    endloop
  endfacet
  facet normal -0.998796 0.0490543 0
    outer loop
      vertex 4.55151 -1.12106 0
      vertex 4.555 -1.05 1.4
      vertex 4.555 -1.05 0
    endloop
  endfacet
  facet normal -0.998796 0.0490543 0
    outer loop
      vertex 4.555 -1.05 1.4
      vertex 4.55151 -1.12106 0
      vertex 4.55151 -1.12106 1.4
    endloop
  endfacet
  facet normal 0.941541 0.336897 0
    outer loop
      vertex 3.16019 -1.32745 1.4
      vertex 3.13622 -1.26046 0
      vertex 3.13622 -1.26046 1.4
    endloop
  endfacet
  facet normal 0.941541 0.336897 0
    outer loop
      vertex 3.13622 -1.26046 0
      vertex 3.16019 -1.32745 1.4
      vertex 3.16019 -1.32745 0
    endloop
  endfacet
  facet normal -0.514072 -0.857747 0
    outer loop
      vertex 4.17176 -0.410607 0
      vertex 4.23279 -0.447184 1.4
      vertex 4.17176 -0.410607 1.4
    endloop
  endfacet
  facet normal -0.514072 -0.857747 -0
    outer loop
      vertex 4.23279 -0.447184 1.4
      vertex 4.17176 -0.410607 0
      vertex 4.23279 -0.447184 0
    endloop
  endfacet
  facet normal -0.595745 -0.803173 0
    outer loop
      vertex 4.23279 -0.447184 0
      vertex 4.28993 -0.489567 1.4
      vertex 4.23279 -0.447184 1.4
    endloop
  endfacet
  facet normal -0.595745 -0.803173 -0
    outer loop
      vertex 4.28993 -0.489567 1.4
      vertex 4.23279 -0.447184 0
      vertex 4.28993 -0.489567 0
    endloop
  endfacet
  facet normal -0.146732 0.989176 0
    outer loop
      vertex 3.97144 -1.76107 0
      vertex 3.90106 -1.77151 1.4
      vertex 3.97144 -1.76107 1.4
    endloop
  endfacet
  facet normal -0.146732 0.989176 0
    outer loop
      vertex 3.90106 -1.77151 1.4
      vertex 3.97144 -1.76107 0
      vertex 3.90106 -1.77151 0
    endloop
  endfacet
  facet normal -0.740969 0.671539 0
    outer loop
      vertex 4.34265 -1.56265 0
      vertex 4.39043 -1.50993 1.4
      vertex 4.39043 -1.50993 0
    endloop
  endfacet
  facet normal -0.740969 0.671539 0
    outer loop
      vertex 4.39043 -1.50993 1.4
      vertex 4.34265 -1.56265 0
      vertex 4.34265 -1.56265 1.4
    endloop
  endfacet
  facet normal -0.803126 0.595809 0
    outer loop
      vertex 4.39043 -1.50993 0
      vertex 4.43282 -1.45279 1.4
      vertex 4.43282 -1.45279 0
    endloop
  endfacet
  facet normal -0.803126 0.595809 0
    outer loop
      vertex 4.43282 -1.45279 1.4
      vertex 4.39043 -1.50993 0
      vertex 4.39043 -1.50993 1.4
    endloop
  endfacet
  facet normal -0.242999 0.970027 0
    outer loop
      vertex 4.04046 -1.74378 0
      vertex 3.97144 -1.76107 1.4
      vertex 4.04046 -1.74378 1.4
    endloop
  endfacet
  facet normal -0.242999 0.970027 0
    outer loop
      vertex 3.97144 -1.76107 1.4
      vertex 4.04046 -1.74378 0
      vertex 3.97144 -1.76107 0
    endloop
  endfacet
  facet normal -0.90397 0.427597 0
    outer loop
      vertex 4.46939 -1.39176 0
      vertex 4.49981 -1.32745 1.4
      vertex 4.49981 -1.32745 0
    endloop
  endfacet
  facet normal -0.90397 0.427597 0
    outer loop
      vertex 4.49981 -1.32745 1.4
      vertex 4.46939 -1.39176 0
      vertex 4.46939 -1.39176 1.4
    endloop
  endfacet
  facet normal 0.242972 -0.970033 0
    outer loop
      vertex 3.61954 -0.356218 0
      vertex 3.68856 -0.33893 1.4
      vertex 3.61954 -0.356218 1.4
    endloop
  endfacet
  facet normal 0.242972 -0.970033 0
    outer loop
      vertex 3.68856 -0.33893 1.4
      vertex 3.61954 -0.356218 0
      vertex 3.68856 -0.33893 0
    endloop
  endfacet
  facet normal 0.94154 -0.336902 0
    outer loop
      vertex 3.13622 -0.839543 1.4
      vertex 3.16019 -0.772554 0
      vertex 3.16019 -0.772554 1.4
    endloop
  endfacet
  facet normal 0.94154 -0.336902 0
    outer loop
      vertex 3.16019 -0.772554 0
      vertex 3.13622 -0.839543 1.4
      vertex 3.13622 -0.839543 0
    endloop
  endfacet
  facet normal 0.427597 -0.90397 0
    outer loop
      vertex 3.48824 -0.410607 0
      vertex 3.55255 -0.380187 1.4
      vertex 3.48824 -0.410607 1.4
    endloop
  endfacet
  facet normal 0.427597 -0.90397 0
    outer loop
      vertex 3.55255 -0.380187 1.4
      vertex 3.48824 -0.410607 0
      vertex 3.55255 -0.380187 0
    endloop
  endfacet
  facet normal 0.989176 -0.146736 0
    outer loop
      vertex 3.10849 -0.978937 1.4
      vertex 3.11893 -0.908559 0
      vertex 3.11893 -0.908559 1.4
    endloop
  endfacet
  facet normal 0.989176 -0.146736 0
    outer loop
      vertex 3.11893 -0.908559 0
      vertex 3.10849 -0.978937 1.4
      vertex 3.10849 -0.978937 0
    endloop
  endfacet
  facet normal 0.970023 -0.243012 0
    outer loop
      vertex 3.11893 -0.908559 1.4
      vertex 3.13622 -0.839543 0
      vertex 3.13622 -0.839543 1.4
    endloop
  endfacet
  facet normal 0.970023 -0.243012 0
    outer loop
      vertex 3.13622 -0.839543 0
      vertex 3.11893 -0.908559 1.4
      vertex 3.11893 -0.908559 0
    endloop
  endfacet
  facet normal -0.427597 -0.90397 0
    outer loop
      vertex 4.10745 -0.380187 0
      vertex 4.17176 -0.410607 1.4
      vertex 4.10745 -0.380187 1.4
    endloop
  endfacet
  facet normal -0.427597 -0.90397 -0
    outer loop
      vertex 4.17176 -0.410607 1.4
      vertex 4.10745 -0.380187 0
      vertex 4.17176 -0.410607 0
    endloop
  endfacet
  facet normal -0.989176 0.146732 0
    outer loop
      vertex 4.54107 -1.19144 0
      vertex 4.55151 -1.12106 1.4
      vertex 4.55151 -1.12106 0
    endloop
  endfacet
  facet normal -0.989176 0.146732 0
    outer loop
      vertex 4.55151 -1.12106 1.4
      vertex 4.54107 -1.19144 0
      vertex 4.54107 -1.19144 1.4
    endloop
  endfacet
  facet normal -0.146718 -0.989178 0
    outer loop
      vertex 3.90106 -0.328491 0
      vertex 3.97144 -0.33893 1.4
      vertex 3.90106 -0.328491 1.4
    endloop
  endfacet
  facet normal -0.146718 -0.989178 -0
    outer loop
      vertex 3.97144 -0.33893 1.4
      vertex 3.90106 -0.328491 0
      vertex 3.97144 -0.33893 0
    endloop
  endfacet
  facet normal -0.0490823 -0.998795 0
    outer loop
      vertex 3.83 -0.324999 0
      vertex 3.90106 -0.328491 1.4
      vertex 3.83 -0.324999 1.4
    endloop
  endfacet
  facet normal -0.0490823 -0.998795 -0
    outer loop
      vertex 3.90106 -0.328491 1.4
      vertex 3.83 -0.324999 0
      vertex 3.90106 -0.328491 0
    endloop
  endfacet
  facet normal 0.740969 0.671539 0
    outer loop
      vertex 3.31735 -1.56265 1.4
      vertex 3.26957 -1.50993 0
      vertex 3.26957 -1.50993 1.4
    endloop
  endfacet
  facet normal 0.740969 0.671539 0
    outer loop
      vertex 3.26957 -1.50993 0
      vertex 3.31735 -1.56265 1.4
      vertex 3.31735 -1.56265 0
    endloop
  endfacet
  facet normal 0.85779 0.514 0
    outer loop
      vertex 3.22718 -1.45279 1.4
      vertex 3.19061 -1.39176 0
      vertex 3.19061 -1.39176 1.4
    endloop
  endfacet
  facet normal 0.85779 0.514 0
    outer loop
      vertex 3.19061 -1.39176 0
      vertex 3.22718 -1.45279 1.4
      vertex 3.22718 -1.45279 0
    endloop
  endfacet
  facet normal 0.336885 -0.941546 0
    outer loop
      vertex 3.55255 -0.380187 0
      vertex 3.61954 -0.356218 1.4
      vertex 3.55255 -0.380187 1.4
    endloop
  endfacet
  facet normal 0.336885 -0.941546 0
    outer loop
      vertex 3.61954 -0.356218 1.4
      vertex 3.55255 -0.380187 0
      vertex 3.61954 -0.356218 0
    endloop
  endfacet
  facet normal 0.514 0.85779 -0
    outer loop
      vertex 3.48824 -1.68939 0
      vertex 3.42721 -1.65282 1.4
      vertex 3.48824 -1.68939 1.4
    endloop
  endfacet
  facet normal 0.514 0.85779 0
    outer loop
      vertex 3.42721 -1.65282 1.4
      vertex 3.48824 -1.68939 0
      vertex 3.42721 -1.65282 0
    endloop
  endfacet
  facet normal -0.595809 0.803126 0
    outer loop
      vertex 4.28993 -1.61043 0
      vertex 4.23279 -1.65282 1.4
      vertex 4.28993 -1.61043 1.4
    endloop
  endfacet
  facet normal -0.595809 0.803126 0
    outer loop
      vertex 4.23279 -1.65282 1.4
      vertex 4.28993 -1.61043 0
      vertex 4.23279 -1.65282 0
    endloop
  endfacet
  facet normal 0.903988 -0.427559 0
    outer loop
      vertex 3.16019 -0.772554 1.4
      vertex 3.19061 -0.708237 0
      vertex 3.19061 -0.708237 1.4
    endloop
  endfacet
  facet normal 0.903988 -0.427559 0
    outer loop
      vertex 3.19061 -0.708237 0
      vertex 3.16019 -0.772554 1.4
      vertex 3.16019 -0.772554 0
    endloop
  endfacet
  facet normal 0.803126 0.595809 0
    outer loop
      vertex 3.26957 -1.50993 1.4
      vertex 3.22718 -1.45279 0
      vertex 3.22718 -1.45279 1.4
    endloop
  endfacet
  facet normal 0.803126 0.595809 0
    outer loop
      vertex 3.22718 -1.45279 0
      vertex 3.26957 -1.50993 1.4
      vertex 3.26957 -1.50993 0
    endloop
  endfacet
  facet normal 0.989176 0.146732 0
    outer loop
      vertex 3.11893 -1.19144 1.4
      vertex 3.10849 -1.12106 0
      vertex 3.10849 -1.12106 1.4
    endloop
  endfacet
  facet normal 0.989176 0.146732 0
    outer loop
      vertex 3.10849 -1.12106 0
      vertex 3.11893 -1.19144 1.4
      vertex 3.11893 -1.19144 0
    endloop
  endfacet
  facet normal -0.74095 -0.67156 0
    outer loop
      vertex 4.39043 -0.590064 0
      vertex 4.34265 -0.537347 1.4
      vertex 4.34265 -0.537347 0
    endloop
  endfacet
  facet normal -0.74095 -0.67156 0
    outer loop
      vertex 4.34265 -0.537347 1.4
      vertex 4.39043 -0.590064 0
      vertex 4.39043 -0.590064 1.4
    endloop
  endfacet
  facet normal -0.242972 -0.970033 0
    outer loop
      vertex 3.97144 -0.33893 0
      vertex 4.04046 -0.356218 1.4
      vertex 3.97144 -0.33893 1.4
    endloop
  endfacet
  facet normal -0.242972 -0.970033 -0
    outer loop
      vertex 4.04046 -0.356218 1.4
      vertex 3.97144 -0.33893 0
      vertex 4.04046 -0.356218 0
    endloop
  endfacet
  facet normal 0.671609 0.740906 -0
    outer loop
      vertex 3.37006 -1.61043 0
      vertex 3.31735 -1.56265 1.4
      vertex 3.37006 -1.61043 1.4
    endloop
  endfacet
  facet normal 0.671609 0.740906 0
    outer loop
      vertex 3.31735 -1.56265 1.4
      vertex 3.37006 -1.61043 0
      vertex 3.31735 -1.56265 0
    endloop
  endfacet
  facet normal 0.0490543 0.998796 -0
    outer loop
      vertex 3.83 -1.775 0
      vertex 3.75894 -1.77151 1.4
      vertex 3.83 -1.775 1.4
    endloop
  endfacet
  facet normal 0.0490543 0.998796 0
    outer loop
      vertex 3.75894 -1.77151 1.4
      vertex 3.83 -1.775 0
      vertex 3.75894 -1.77151 0
    endloop
  endfacet
  facet normal 0.998796 -0.0490522 0
    outer loop
      vertex 3.105 -1.05 1.4
      vertex 3.10849 -0.978937 0
      vertex 3.10849 -0.978937 1.4
    endloop
  endfacet
  facet normal 0.998796 -0.0490522 0
    outer loop
      vertex 3.10849 -0.978937 0
      vertex 3.105 -1.05 1.4
      vertex 3.105 -1.05 0
    endloop
  endfacet
  facet normal 0.336897 0.941541 -0
    outer loop
      vertex 3.61954 -1.74378 0
      vertex 3.55255 -1.71981 1.4
      vertex 3.61954 -1.74378 1.4
    endloop
  endfacet
  facet normal 0.336897 0.941541 0
    outer loop
      vertex 3.55255 -1.71981 1.4
      vertex 3.61954 -1.74378 0
      vertex 3.55255 -1.71981 0
    endloop
  endfacet
  facet normal -0.671539 0.740969 0
    outer loop
      vertex 4.34265 -1.56265 0
      vertex 4.28993 -1.61043 1.4
      vertex 4.34265 -1.56265 1.4
    endloop
  endfacet
  facet normal -0.671539 0.740969 0
    outer loop
      vertex 4.28993 -1.61043 1.4
      vertex 4.34265 -1.56265 0
      vertex 4.28993 -1.61043 0
    endloop
  endfacet
  facet normal -0.989176 -0.146732 0
    outer loop
      vertex 4.55151 1.56106 0
      vertex 4.54107 1.63144 1.4
      vertex 4.54107 1.63144 0
    endloop
  endfacet
  facet normal -0.989176 -0.146732 0
    outer loop
      vertex 4.54107 1.63144 1.4
      vertex 4.55151 1.56106 0
      vertex 4.55151 1.56106 1.4
    endloop
  endfacet
  facet normal -0.998796 -0.0490543 0
    outer loop
      vertex 4.555 1.49 0
      vertex 4.55151 1.56106 1.4
      vertex 4.55151 1.56106 0
    endloop
  endfacet
  facet normal -0.998796 -0.0490543 0
    outer loop
      vertex 4.55151 1.56106 1.4
      vertex 4.555 1.49 0
      vertex 4.555 1.49 1.4
    endloop
  endfacet
  facet normal -0.970027 -0.242999 0
    outer loop
      vertex 4.54107 1.63144 0
      vertex 4.52378 1.70046 1.4
      vertex 4.52378 1.70046 0
    endloop
  endfacet
  facet normal -0.970027 -0.242999 0
    outer loop
      vertex 4.52378 1.70046 1.4
      vertex 4.54107 1.63144 0
      vertex 4.54107 1.63144 1.4
    endloop
  endfacet
  facet normal -0.336885 0.941546 0
    outer loop
      vertex 4.10745 0.820187 0
      vertex 4.04046 0.796218 1.4
      vertex 4.10745 0.820187 1.4
    endloop
  endfacet
  facet normal -0.336885 0.941546 0
    outer loop
      vertex 4.04046 0.796218 1.4
      vertex 4.10745 0.820187 0
      vertex 4.04046 0.796218 0
    endloop
  endfacet
  facet normal -0.671539 -0.740969 0
    outer loop
      vertex 4.28993 2.05043 0
      vertex 4.34265 2.00265 1.4
      vertex 4.28993 2.05043 1.4
    endloop
  endfacet
  facet normal -0.671539 -0.740969 -0
    outer loop
      vertex 4.34265 2.00265 1.4
      vertex 4.28993 2.05043 0
      vertex 4.34265 2.00265 0
    endloop
  endfacet
  facet normal 0.85779 -0.514 0
    outer loop
      vertex 3.19061 1.83176 1.4
      vertex 3.22718 1.89279 0
      vertex 3.22718 1.89279 1.4
    endloop
  endfacet
  facet normal 0.85779 -0.514 0
    outer loop
      vertex 3.22718 1.89279 0
      vertex 3.19061 1.83176 1.4
      vertex 3.19061 1.83176 0
    endloop
  endfacet
  facet normal 0.146718 0.989178 -0
    outer loop
      vertex 3.75894 0.768491 0
      vertex 3.68856 0.77893 1.4
      vertex 3.75894 0.768491 1.4
    endloop
  endfacet
  facet normal 0.146718 0.989178 0
    outer loop
      vertex 3.68856 0.77893 1.4
      vertex 3.75894 0.768491 0
      vertex 3.68856 0.77893 0
    endloop
  endfacet
  facet normal -0.941541 -0.336897 0
    outer loop
      vertex 4.52378 1.70046 0
      vertex 4.49981 1.76745 1.4
      vertex 4.49981 1.76745 0
    endloop
  endfacet
  facet normal -0.941541 -0.336897 0
    outer loop
      vertex 4.49981 1.76745 1.4
      vertex 4.52378 1.70046 0
      vertex 4.52378 1.70046 1.4
    endloop
  endfacet
  facet normal 0.0490543 -0.998796 0
    outer loop
      vertex 3.75894 2.21151 0
      vertex 3.83 2.215 1.4
      vertex 3.75894 2.21151 1.4
    endloop
  endfacet
  facet normal 0.0490543 -0.998796 0
    outer loop
      vertex 3.83 2.215 1.4
      vertex 3.75894 2.21151 0
      vertex 3.83 2.215 0
    endloop
  endfacet
  facet normal -0.0490823 0.998795 0
    outer loop
      vertex 3.90106 0.768491 0
      vertex 3.83 0.764999 1.4
      vertex 3.90106 0.768491 1.4
    endloop
  endfacet
  facet normal -0.0490823 0.998795 0
    outer loop
      vertex 3.83 0.764999 1.4
      vertex 3.90106 0.768491 0
      vertex 3.83 0.764999 0
    endloop
  endfacet
  facet normal 0.90397 0.427597 0
    outer loop
      vertex 3.19061 1.14824 1.4
      vertex 3.16019 1.21255 0
      vertex 3.16019 1.21255 1.4
    endloop
  endfacet
  facet normal 0.90397 0.427597 0
    outer loop
      vertex 3.16019 1.21255 0
      vertex 3.19061 1.14824 1.4
      vertex 3.19061 1.14824 0
    endloop
  endfacet
  facet normal 0.595678 0.803223 -0
    outer loop
      vertex 3.42721 0.887184 0
      vertex 3.37006 0.929567 1.4
      vertex 3.42721 0.887184 1.4
    endloop
  endfacet
  facet normal 0.595678 0.803223 0
    outer loop
      vertex 3.37006 0.929567 1.4
      vertex 3.42721 0.887184 0
      vertex 3.37006 0.929567 0
    endloop
  endfacet
  facet normal 0.803126 -0.595809 0
    outer loop
      vertex 3.22718 1.89279 1.4
      vertex 3.26957 1.94993 0
      vertex 3.26957 1.94993 1.4
    endloop
  endfacet
  facet normal 0.803126 -0.595809 0
    outer loop
      vertex 3.26957 1.94993 0
      vertex 3.22718 1.89279 1.4
      vertex 3.22718 1.89279 0
    endloop
  endfacet
  facet normal -0.970027 0.242999 0
    outer loop
      vertex 4.52378 1.27954 0
      vertex 4.54107 1.34856 1.4
      vertex 4.54107 1.34856 0
    endloop
  endfacet
  facet normal -0.970027 0.242999 0
    outer loop
      vertex 4.54107 1.34856 1.4
      vertex 4.52378 1.27954 0
      vertex 4.52378 1.27954 1.4
    endloop
  endfacet
  facet normal -0.85779 -0.514 0
    outer loop
      vertex 4.46939 1.83176 0
      vertex 4.43282 1.89279 1.4
      vertex 4.43282 1.89279 0
    endloop
  endfacet
  facet normal -0.85779 -0.514 0
    outer loop
      vertex 4.43282 1.89279 1.4
      vertex 4.46939 1.83176 0
      vertex 4.46939 1.83176 1.4
    endloop
  endfacet
  facet normal 0.998796 0.0490543 0
    outer loop
      vertex 3.10849 1.41894 1.4
      vertex 3.105 1.49 0
      vertex 3.105 1.49 1.4
    endloop
  endfacet
  facet normal 0.998796 0.0490543 0
    outer loop
      vertex 3.105 1.49 0
      vertex 3.10849 1.41894 1.4
      vertex 3.10849 1.41894 0
    endloop
  endfacet
  facet normal -0.90397 -0.427597 0
    outer loop
      vertex 4.49981 1.76745 0
      vertex 4.46939 1.83176 1.4
      vertex 4.46939 1.83176 0
    endloop
  endfacet
  facet normal -0.90397 -0.427597 0
    outer loop
      vertex 4.46939 1.83176 1.4
      vertex 4.49981 1.76745 0
      vertex 4.49981 1.76745 1.4
    endloop
  endfacet
  facet normal -0.941541 0.336897 0
    outer loop
      vertex 4.49981 1.21255 0
      vertex 4.52378 1.27954 1.4
      vertex 4.52378 1.27954 0
    endloop
  endfacet
  facet normal -0.941541 0.336897 0
    outer loop
      vertex 4.52378 1.27954 1.4
      vertex 4.49981 1.21255 0
      vertex 4.49981 1.21255 1.4
    endloop
  endfacet
  facet normal 0.427597 0.90397 -0
    outer loop
      vertex 3.55255 0.820187 0
      vertex 3.48824 0.850607 1.4
      vertex 3.55255 0.820187 1.4
    endloop
  endfacet
  facet normal 0.427597 0.90397 0
    outer loop
      vertex 3.48824 0.850607 1.4
      vertex 3.55255 0.820187 0
      vertex 3.48824 0.850607 0
    endloop
  endfacet
  facet normal 0.970027 0.242999 0
    outer loop
      vertex 3.13622 1.27954 1.4
      vertex 3.11893 1.34856 0
      vertex 3.11893 1.34856 1.4
    endloop
  endfacet
  facet normal 0.970027 0.242999 0
    outer loop
      vertex 3.11893 1.34856 0
      vertex 3.13622 1.27954 1.4
      vertex 3.13622 1.27954 0
    endloop
  endfacet
  facet normal 0.740969 -0.671539 0
    outer loop
      vertex 3.26957 1.94993 1.4
      vertex 3.31735 2.00265 0
      vertex 3.31735 2.00265 1.4
    endloop
  endfacet
  facet normal 0.740969 -0.671539 0
    outer loop
      vertex 3.31735 2.00265 0
      vertex 3.26957 1.94993 1.4
      vertex 3.26957 1.94993 0
    endloop
  endfacet
  facet normal 0.242972 0.970033 -0
    outer loop
      vertex 3.68856 0.77893 0
      vertex 3.61954 0.796218 1.4
      vertex 3.68856 0.77893 1.4
    endloop
  endfacet
  facet normal 0.242972 0.970033 0
    outer loop
      vertex 3.61954 0.796218 1.4
      vertex 3.68856 0.77893 0
      vertex 3.61954 0.796218 0
    endloop
  endfacet
  facet normal 0.514 -0.85779 0
    outer loop
      vertex 3.42721 2.09282 0
      vertex 3.48824 2.12939 1.4
      vertex 3.42721 2.09282 1.4
    endloop
  endfacet
  facet normal 0.514 -0.85779 0
    outer loop
      vertex 3.48824 2.12939 1.4
      vertex 3.42721 2.09282 0
      vertex 3.48824 2.12939 0
    endloop
  endfacet
  facet normal -0.803126 -0.595809 0
    outer loop
      vertex 4.43282 1.89279 0
      vertex 4.39043 1.94993 1.4
      vertex 4.39043 1.94993 0
    endloop
  endfacet
  facet normal -0.803126 -0.595809 0
    outer loop
      vertex 4.39043 1.94993 1.4
      vertex 4.43282 1.89279 0
      vertex 4.43282 1.89279 1.4
    endloop
  endfacet
  facet normal 0.146732 -0.989176 0
    outer loop
      vertex 3.68856 2.20107 0
      vertex 3.75894 2.21151 1.4
      vertex 3.68856 2.20107 1.4
    endloop
  endfacet
  facet normal 0.146732 -0.989176 0
    outer loop
      vertex 3.75894 2.21151 1.4
      vertex 3.68856 2.20107 0
      vertex 3.75894 2.21151 0
    endloop
  endfacet
  facet normal -0.427597 0.90397 0
    outer loop
      vertex 4.17176 0.850607 0
      vertex 4.10745 0.820187 1.4
      vertex 4.17176 0.850607 1.4
    endloop
  endfacet
  facet normal -0.427597 0.90397 0
    outer loop
      vertex 4.10745 0.820187 1.4
      vertex 4.17176 0.850607 0
      vertex 4.10745 0.820187 0
    endloop
  endfacet
  facet normal 0.671609 -0.740906 0
    outer loop
      vertex 3.31735 2.00265 0
      vertex 3.37006 2.05043 1.4
      vertex 3.31735 2.00265 1.4
    endloop
  endfacet
  facet normal 0.671609 -0.740906 0
    outer loop
      vertex 3.37006 2.05043 1.4
      vertex 3.31735 2.00265 0
      vertex 3.37006 2.05043 0
    endloop
  endfacet
  facet normal -0.85779 0.514 0
    outer loop
      vertex 4.43282 1.08721 0
      vertex 4.46939 1.14824 1.4
      vertex 4.46939 1.14824 0
    endloop
  endfacet
  facet normal -0.85779 0.514 0
    outer loop
      vertex 4.46939 1.14824 1.4
      vertex 4.43282 1.08721 0
      vertex 4.43282 1.08721 1.4
    endloop
  endfacet
  facet normal 0.595742 -0.803176 0
    outer loop
      vertex 3.37006 2.05043 0
      vertex 3.42721 2.09282 1.4
      vertex 3.37006 2.05043 1.4
    endloop
  endfacet
  facet normal 0.595742 -0.803176 0
    outer loop
      vertex 3.42721 2.09282 1.4
      vertex 3.37006 2.05043 0
      vertex 3.42721 2.09282 0
    endloop
  endfacet
  facet normal -0.336897 -0.941541 0
    outer loop
      vertex 4.04046 2.18378 0
      vertex 4.10745 2.15981 1.4
      vertex 4.04046 2.18378 1.4
    endloop
  endfacet
  facet normal -0.336897 -0.941541 -0
    outer loop
      vertex 4.10745 2.15981 1.4
      vertex 4.04046 2.18378 0
      vertex 4.10745 2.15981 0
    endloop
  endfacet
  facet normal -0.740969 -0.671539 0
    outer loop
      vertex 4.39043 1.94993 0
      vertex 4.34265 2.00265 1.4
      vertex 4.34265 2.00265 0
    endloop
  endfacet
  facet normal -0.740969 -0.671539 0
    outer loop
      vertex 4.34265 2.00265 1.4
      vertex 4.39043 1.94993 0
      vertex 4.39043 1.94993 1.4
    endloop
  endfacet
  facet normal -0.998796 0.0490543 0
    outer loop
      vertex 4.55151 1.41894 0
      vertex 4.555 1.49 1.4
      vertex 4.555 1.49 0
    endloop
  endfacet
  facet normal -0.998796 0.0490543 0
    outer loop
      vertex 4.555 1.49 1.4
      vertex 4.55151 1.41894 0
      vertex 4.55151 1.41894 1.4
    endloop
  endfacet
  facet normal 0.941541 0.336897 0
    outer loop
      vertex 3.16019 1.21255 1.4
      vertex 3.13622 1.27954 0
      vertex 3.13622 1.27954 1.4
    endloop
  endfacet
  facet normal 0.941541 0.336897 0
    outer loop
      vertex 3.13622 1.27954 0
      vertex 3.16019 1.21255 1.4
      vertex 3.16019 1.21255 0
    endloop
  endfacet
  facet normal -0.514 -0.85779 0
    outer loop
      vertex 4.17176 2.12939 0
      vertex 4.23279 2.09282 1.4
      vertex 4.17176 2.12939 1.4
    endloop
  endfacet
  facet normal -0.514 -0.85779 -0
    outer loop
      vertex 4.23279 2.09282 1.4
      vertex 4.17176 2.12939 0
      vertex 4.23279 2.09282 0
    endloop
  endfacet
  facet normal -0.595809 -0.803126 0
    outer loop
      vertex 4.23279 2.09282 0
      vertex 4.28993 2.05043 1.4
      vertex 4.23279 2.09282 1.4
    endloop
  endfacet
  facet normal -0.595809 -0.803126 -0
    outer loop
      vertex 4.28993 2.05043 1.4
      vertex 4.23279 2.09282 0
      vertex 4.28993 2.05043 0
    endloop
  endfacet
  facet normal -0.146718 0.989178 0
    outer loop
      vertex 3.97144 0.77893 0
      vertex 3.90106 0.768491 1.4
      vertex 3.97144 0.77893 1.4
    endloop
  endfacet
  facet normal -0.146718 0.989178 0
    outer loop
      vertex 3.90106 0.768491 1.4
      vertex 3.97144 0.77893 0
      vertex 3.90106 0.768491 0
    endloop
  endfacet
  facet normal -0.740925 0.671588 0
    outer loop
      vertex 4.34265 0.977347 0
      vertex 4.39043 1.03006 1.4
      vertex 4.39043 1.03006 0
    endloop
  endfacet
  facet normal -0.740925 0.671588 0
    outer loop
      vertex 4.39043 1.03006 1.4
      vertex 4.34265 0.977347 0
      vertex 4.34265 0.977347 1.4
    endloop
  endfacet
  facet normal -0.803176 0.595742 0
    outer loop
      vertex 4.39043 1.03006 0
      vertex 4.43282 1.08721 1.4
      vertex 4.43282 1.08721 0
    endloop
  endfacet
  facet normal -0.803176 0.595742 0
    outer loop
      vertex 4.43282 1.08721 1.4
      vertex 4.39043 1.03006 0
      vertex 4.39043 1.03006 1.4
    endloop
  endfacet
  facet normal -0.242972 0.970033 0
    outer loop
      vertex 4.04046 0.796218 0
      vertex 3.97144 0.77893 1.4
      vertex 4.04046 0.796218 1.4
    endloop
  endfacet
  facet normal -0.242972 0.970033 0
    outer loop
      vertex 3.97144 0.77893 1.4
      vertex 4.04046 0.796218 0
      vertex 3.97144 0.77893 0
    endloop
  endfacet
  facet normal -0.90397 0.427597 0
    outer loop
      vertex 4.46939 1.14824 0
      vertex 4.49981 1.21255 1.4
      vertex 4.49981 1.21255 0
    endloop
  endfacet
  facet normal -0.90397 0.427597 0
    outer loop
      vertex 4.49981 1.21255 1.4
      vertex 4.46939 1.14824 0
      vertex 4.46939 1.14824 1.4
    endloop
  endfacet
  facet normal 0.242999 -0.970027 0
    outer loop
      vertex 3.61954 2.18378 0
      vertex 3.68856 2.20107 1.4
      vertex 3.61954 2.18378 1.4
    endloop
  endfacet
  facet normal 0.242999 -0.970027 0
    outer loop
      vertex 3.68856 2.20107 1.4
      vertex 3.61954 2.18378 0
      vertex 3.68856 2.20107 0
    endloop
  endfacet
  facet normal 0.941541 -0.336897 0
    outer loop
      vertex 3.13622 1.70046 1.4
      vertex 3.16019 1.76745 0
      vertex 3.16019 1.76745 1.4
    endloop
  endfacet
  facet normal 0.941541 -0.336897 0
    outer loop
      vertex 3.16019 1.76745 0
      vertex 3.13622 1.70046 1.4
      vertex 3.13622 1.70046 0
    endloop
  endfacet
  facet normal 0.427597 -0.90397 0
    outer loop
      vertex 3.48824 2.12939 0
      vertex 3.55255 2.15981 1.4
      vertex 3.48824 2.12939 1.4
    endloop
  endfacet
  facet normal 0.427597 -0.90397 0
    outer loop
      vertex 3.55255 2.15981 1.4
      vertex 3.48824 2.12939 0
      vertex 3.55255 2.15981 0
    endloop
  endfacet
  facet normal 0.989176 -0.146732 0
    outer loop
      vertex 3.10849 1.56106 1.4
      vertex 3.11893 1.63144 0
      vertex 3.11893 1.63144 1.4
    endloop
  endfacet
  facet normal 0.989176 -0.146732 0
    outer loop
      vertex 3.11893 1.63144 0
      vertex 3.10849 1.56106 1.4
      vertex 3.10849 1.56106 0
    endloop
  endfacet
  facet normal 0.970027 -0.242999 0
    outer loop
      vertex 3.11893 1.63144 1.4
      vertex 3.13622 1.70046 0
      vertex 3.13622 1.70046 1.4
    endloop
  endfacet
  facet normal 0.970027 -0.242999 0
    outer loop
      vertex 3.13622 1.70046 0
      vertex 3.11893 1.63144 1.4
      vertex 3.11893 1.63144 0
    endloop
  endfacet
  facet normal -0.427597 -0.90397 0
    outer loop
      vertex 4.10745 2.15981 0
      vertex 4.17176 2.12939 1.4
      vertex 4.10745 2.15981 1.4
    endloop
  endfacet
  facet normal -0.427597 -0.90397 -0
    outer loop
      vertex 4.17176 2.12939 1.4
      vertex 4.10745 2.15981 0
      vertex 4.17176 2.12939 0
    endloop
  endfacet
  facet normal -0.989176 0.146732 0
    outer loop
      vertex 4.54107 1.34856 0
      vertex 4.55151 1.41894 1.4
      vertex 4.55151 1.41894 0
    endloop
  endfacet
  facet normal -0.989176 0.146732 0
    outer loop
      vertex 4.55151 1.41894 1.4
      vertex 4.54107 1.34856 0
      vertex 4.54107 1.34856 1.4
    endloop
  endfacet
  facet normal -0.146732 -0.989176 0
    outer loop
      vertex 3.90106 2.21151 0
      vertex 3.97144 2.20107 1.4
      vertex 3.90106 2.21151 1.4
    endloop
  endfacet
  facet normal -0.146732 -0.989176 -0
    outer loop
      vertex 3.97144 2.20107 1.4
      vertex 3.90106 2.21151 0
      vertex 3.97144 2.20107 0
    endloop
  endfacet
  facet normal -0.0490543 -0.998796 0
    outer loop
      vertex 3.83 2.215 0
      vertex 3.90106 2.21151 1.4
      vertex 3.83 2.215 1.4
    endloop
  endfacet
  facet normal -0.0490543 -0.998796 -0
    outer loop
      vertex 3.90106 2.21151 1.4
      vertex 3.83 2.215 0
      vertex 3.90106 2.21151 0
    endloop
  endfacet
  facet normal 0.740925 0.671588 0
    outer loop
      vertex 3.31735 0.977347 1.4
      vertex 3.26957 1.03006 0
      vertex 3.26957 1.03006 1.4
    endloop
  endfacet
  facet normal 0.740925 0.671588 0
    outer loop
      vertex 3.26957 1.03006 0
      vertex 3.31735 0.977347 1.4
      vertex 3.31735 0.977347 0
    endloop
  endfacet
  facet normal 0.85779 0.514 0
    outer loop
      vertex 3.22718 1.08721 1.4
      vertex 3.19061 1.14824 0
      vertex 3.19061 1.14824 1.4
    endloop
  endfacet
  facet normal 0.85779 0.514 0
    outer loop
      vertex 3.19061 1.14824 0
      vertex 3.22718 1.08721 1.4
      vertex 3.22718 1.08721 0
    endloop
  endfacet
  facet normal 0.336897 -0.941541 0
    outer loop
      vertex 3.55255 2.15981 0
      vertex 3.61954 2.18378 1.4
      vertex 3.55255 2.15981 1.4
    endloop
  endfacet
  facet normal 0.336897 -0.941541 0
    outer loop
      vertex 3.61954 2.18378 1.4
      vertex 3.55255 2.15981 0
      vertex 3.61954 2.18378 0
    endloop
  endfacet
  facet normal 0.514072 0.857747 -0
    outer loop
      vertex 3.48824 0.850607 0
      vertex 3.42721 0.887184 1.4
      vertex 3.48824 0.850607 1.4
    endloop
  endfacet
  facet normal 0.514072 0.857747 0
    outer loop
      vertex 3.42721 0.887184 1.4
      vertex 3.48824 0.850607 0
      vertex 3.42721 0.887184 0
    endloop
  endfacet
  facet normal -0.595745 0.803173 0
    outer loop
      vertex 4.28993 0.929567 0
      vertex 4.23279 0.887184 1.4
      vertex 4.28993 0.929567 1.4
    endloop
  endfacet
  facet normal -0.595745 0.803173 0
    outer loop
      vertex 4.23279 0.887184 1.4
      vertex 4.28993 0.929567 0
      vertex 4.23279 0.887184 0
    endloop
  endfacet
  facet normal 0.803176 0.595742 0
    outer loop
      vertex 3.26957 1.03006 1.4
      vertex 3.22718 1.08721 0
      vertex 3.22718 1.08721 1.4
    endloop
  endfacet
  facet normal 0.803176 0.595742 0
    outer loop
      vertex 3.22718 1.08721 0
      vertex 3.26957 1.03006 1.4
      vertex 3.26957 1.03006 0
    endloop
  endfacet
  facet normal 0.90397 -0.427597 0
    outer loop
      vertex 3.16019 1.76745 1.4
      vertex 3.19061 1.83176 0
      vertex 3.19061 1.83176 1.4
    endloop
  endfacet
  facet normal 0.90397 -0.427597 0
    outer loop
      vertex 3.19061 1.83176 0
      vertex 3.16019 1.76745 1.4
      vertex 3.16019 1.76745 0
    endloop
  endfacet
  facet normal 0.989176 0.146732 0
    outer loop
      vertex 3.11893 1.34856 1.4
      vertex 3.10849 1.41894 0
      vertex 3.10849 1.41894 1.4
    endloop
  endfacet
  facet normal 0.989176 0.146732 0
    outer loop
      vertex 3.10849 1.41894 0
      vertex 3.11893 1.34856 1.4
      vertex 3.11893 1.34856 0
    endloop
  endfacet
  facet normal -0.242999 -0.970027 0
    outer loop
      vertex 3.97144 2.20107 0
      vertex 4.04046 2.18378 1.4
      vertex 3.97144 2.20107 1.4
    endloop
  endfacet
  facet normal -0.242999 -0.970027 -0
    outer loop
      vertex 4.04046 2.18378 1.4
      vertex 3.97144 2.20107 0
      vertex 4.04046 2.18378 0
    endloop
  endfacet
  facet normal -0.514072 0.857747 0
    outer loop
      vertex 4.23279 0.887184 0
      vertex 4.17176 0.850607 1.4
      vertex 4.23279 0.887184 1.4
    endloop
  endfacet
  facet normal -0.514072 0.857747 0
    outer loop
      vertex 4.17176 0.850607 1.4
      vertex 4.23279 0.887184 0
      vertex 4.17176 0.850607 0
    endloop
  endfacet
  facet normal 0.671609 0.740906 -0
    outer loop
      vertex 3.37006 0.929567 0
      vertex 3.31735 0.977347 1.4
      vertex 3.37006 0.929567 1.4
    endloop
  endfacet
  facet normal 0.671609 0.740906 0
    outer loop
      vertex 3.31735 0.977347 1.4
      vertex 3.37006 0.929567 0
      vertex 3.31735 0.977347 0
    endloop
  endfacet
  facet normal 0.0490823 0.998795 -0
    outer loop
      vertex 3.83 0.764999 0
      vertex 3.75894 0.768491 1.4
      vertex 3.83 0.764999 1.4
    endloop
  endfacet
  facet normal 0.0490823 0.998795 0
    outer loop
      vertex 3.75894 0.768491 1.4
      vertex 3.83 0.764999 0
      vertex 3.75894 0.768491 0
    endloop
  endfacet
  facet normal 0.998796 -0.0490543 0
    outer loop
      vertex 3.105 1.49 1.4
      vertex 3.10849 1.56106 0
      vertex 3.10849 1.56106 1.4
    endloop
  endfacet
  facet normal 0.998796 -0.0490543 0
    outer loop
      vertex 3.10849 1.56106 0
      vertex 3.105 1.49 1.4
      vertex 3.105 1.49 0
    endloop
  endfacet
  facet normal 0.336885 0.941546 -0
    outer loop
      vertex 3.61954 0.796218 0
      vertex 3.55255 0.820187 1.4
      vertex 3.61954 0.796218 1.4
    endloop
  endfacet
  facet normal 0.336885 0.941546 0
    outer loop
      vertex 3.55255 0.820187 1.4
      vertex 3.61954 0.796218 0
      vertex 3.55255 0.820187 0
    endloop
  endfacet
  facet normal -0.671539 0.740969 0
    outer loop
      vertex 4.34265 0.977347 0
      vertex 4.28993 0.929567 1.4
      vertex 4.34265 0.977347 1.4
    endloop
  endfacet
  facet normal -0.671539 0.740969 0
    outer loop
      vertex 4.28993 0.929567 1.4
      vertex 4.34265 0.977347 0
      vertex 4.28993 0.929567 0
    endloop
  endfacet
  facet normal -1 0 0
    outer loop
      vertex 5.2 -2.42 1.4
      vertex 5.2 2.86 8
      vertex 5.2 2.86 1.4
    endloop
  endfacet
  facet normal -1 -0 0
    outer loop
      vertex 5.2 2.86 8
      vertex 5.2 -2.42 1.4
      vertex 5.2 -2.42 8
    endloop
  endfacet
  facet normal 0 0 1
    outer loop
      vertex -3.15061 1.14824 1.4
      vertex -1.88939 1.14824 1.4
      vertex -3.12019 1.21255 1.4
    endloop
  endfacet
  facet normal 0 0 1
    outer loop
      vertex -1.81043 -0.590064 1.4
      vertex -3.06849 -0.978937 1.4
      vertex -3.065 -1.05 1.4
    endloop
  endfacet
  facet normal 0 0 1
    outer loop
      vertex -1.88939 1.14824 1.4
      vertex -3.15061 1.14824 1.4
      vertex -1.85282 1.08721 1.4
    endloop
  endfacet
  facet normal 0 0 1
    outer loop
      vertex -1.81043 -0.590064 1.4
      vertex -3.07893 -0.908559 1.4
      vertex -3.06849 -0.978937 1.4
    endloop
  endfacet
  facet normal 0 0 1
    outer loop
      vertex -3.18718 1.08721 1.4
      vertex -1.85282 1.08721 1.4
      vertex -3.15061 1.14824 1.4
    endloop
  endfacet
  facet normal 0 0 1
    outer loop
      vertex -1.81043 -0.590064 1.4
      vertex -3.09622 -0.839543 1.4
      vertex -3.07893 -0.908559 1.4
    endloop
  endfacet
  facet normal 0 0 1
    outer loop
      vertex -1.85282 1.08721 1.4
      vertex -3.18718 1.08721 1.4
      vertex -1.81043 1.03006 1.4
    endloop
  endfacet
  facet normal 0 0 1
    outer loop
      vertex -1.81043 -0.590064 1.4
      vertex -3.12019 -0.772554 1.4
      vertex -3.09622 -0.839543 1.4
    endloop
  endfacet
  facet normal 0 0 1
    outer loop
      vertex -3.22957 1.03006 1.4
      vertex -1.81043 1.03006 1.4
      vertex -3.18718 1.08721 1.4
    endloop
  endfacet
  facet normal 0 0 1
    outer loop
      vertex -1.81043 -0.590064 1.4
      vertex -3.15061 -0.708237 1.4
      vertex -3.12019 -0.772554 1.4
    endloop
  endfacet
  facet normal 0 0 1
    outer loop
      vertex -3.27735 0.977347 1.4
      vertex -1.81043 1.03006 1.4
      vertex -3.22957 1.03006 1.4
    endloop
  endfacet
  facet normal 0 0 1
    outer loop
      vertex -1.81043 -0.590064 1.4
      vertex -3.18718 -0.647211 1.4
      vertex -3.15061 -0.708237 1.4
    endloop
  endfacet
  facet normal 0 0 1
    outer loop
      vertex -1.81043 1.03006 1.4
      vertex -3.27735 0.977347 1.4
      vertex -1.81043 -0.590064 1.4
    endloop
  endfacet
  facet normal 0 0 1
    outer loop
      vertex -1.81043 -0.590064 1.4
      vertex -3.22957 -0.590064 1.4
      vertex -3.18718 -0.647211 1.4
    endloop
  endfacet
  facet normal -0 0 1
    outer loop
      vertex -3.27735 -0.537347 1.4
      vertex -1.81043 -0.590064 1.4
      vertex -3.27735 0.977347 1.4
    endloop
  endfacet
  facet normal 0 0 1
    outer loop
      vertex -1.81043 -0.590064 1.4
      vertex -3.27735 -0.537347 1.4
      vertex -3.22957 -0.590064 1.4
    endloop
  endfacet
  facet normal -0 0 1
    outer loop
      vertex -3.33006 0.929567 1.4
      vertex -3.27735 -0.537347 1.4
      vertex -3.27735 0.977347 1.4
    endloop
  endfacet
  facet normal 0 0 1
    outer loop
      vertex -3.33006 0.929567 1.4
      vertex -3.33006 -0.489567 1.4
      vertex -3.27735 -0.537347 1.4
    endloop
  endfacet
  facet normal -0 0 1
    outer loop
      vertex -3.38721 0.887184 1.4
      vertex -3.33006 -0.489567 1.4
      vertex -3.33006 0.929567 1.4
    endloop
  endfacet
  facet normal 0 0 1
    outer loop
      vertex -3.38721 0.887184 1.4
      vertex -3.38721 -0.447184 1.4
      vertex -3.33006 -0.489567 1.4
    endloop
  endfacet
  facet normal -0 0 1
    outer loop
      vertex -3.44824 0.850607 1.4
      vertex -3.38721 -0.447184 1.4
      vertex -3.38721 0.887184 1.4
    endloop
  endfacet
  facet normal 0 0 1
    outer loop
      vertex -3.44824 0.850607 1.4
      vertex -3.44824 -0.410607 1.4
      vertex -3.38721 -0.447184 1.4
    endloop
  endfacet
  facet normal -0 0 1
    outer loop
      vertex -3.51255 0.820187 1.4
      vertex -3.44824 -0.410607 1.4
      vertex -3.44824 0.850607 1.4
    endloop
  endfacet
  facet normal 0 0 1
    outer loop
      vertex -3.51255 0.820187 1.4
      vertex -3.51255 -0.380187 1.4
      vertex -3.44824 -0.410607 1.4
    endloop
  endfacet
  facet normal -0 0 1
    outer loop
      vertex -3.57954 0.796218 1.4
      vertex -3.51255 -0.380187 1.4
      vertex -3.51255 0.820187 1.4
    endloop
  endfacet
  facet normal 0 0 1
    outer loop
      vertex -3.57954 0.796218 1.4
      vertex -3.57954 -0.356218 1.4
      vertex -3.51255 -0.380187 1.4
    endloop
  endfacet
  facet normal -0 0 1
    outer loop
      vertex -3.64856 0.77893 1.4
      vertex -3.57954 -0.356218 1.4
      vertex -3.57954 0.796218 1.4
    endloop
  endfacet
  facet normal 0 0 1
    outer loop
      vertex -3.64856 0.77893 1.4
      vertex -3.64856 -0.33893 1.4
      vertex -3.57954 -0.356218 1.4
    endloop
  endfacet
  facet normal -0 0 1
    outer loop
      vertex -3.71894 0.768491 1.4
      vertex -3.64856 -0.33893 1.4
      vertex -3.64856 0.77893 1.4
    endloop
  endfacet
  facet normal 0 0 1
    outer loop
      vertex -3.71894 0.768491 1.4
      vertex -3.71894 -0.328491 1.4
      vertex -3.64856 -0.33893 1.4
    endloop
  endfacet
  facet normal -0 0 1
    outer loop
      vertex -3.79 0.764999 1.4
      vertex -3.71894 -0.328491 1.4
      vertex -3.71894 0.768491 1.4
    endloop
  endfacet
  facet normal 0 0 1
    outer loop
      vertex -3.79 0.764999 1.4
      vertex -3.79 -0.324999 1.4
      vertex -3.71894 -0.328491 1.4
    endloop
  endfacet
  facet normal 0 0 1
    outer loop
      vertex -3.86106 0.768491 1.4
      vertex -3.79 -0.324999 1.4
      vertex -3.79 0.764999 1.4
    endloop
  endfacet
  facet normal 0 0 1
    outer loop
      vertex -3.86106 0.768491 1.4
      vertex -3.86106 -0.328491 1.4
      vertex -3.79 -0.324999 1.4
    endloop
  endfacet
  facet normal 0 0 1
    outer loop
      vertex -3.93144 0.77893 1.4
      vertex -3.86106 -0.328491 1.4
      vertex -3.86106 0.768491 1.4
    endloop
  endfacet
  facet normal 0 0 1
    outer loop
      vertex -3.93144 0.77893 1.4
      vertex -3.93144 -0.33893 1.4
      vertex -3.86106 -0.328491 1.4
    endloop
  endfacet
  facet normal 0 0 1
    outer loop
      vertex -4.00046 0.796218 1.4
      vertex -3.93144 -0.33893 1.4
      vertex -3.93144 0.77893 1.4
    endloop
  endfacet
  facet normal 0 0 1
    outer loop
      vertex -4.00046 0.796218 1.4
      vertex -4.00046 -0.356218 1.4
      vertex -3.93144 -0.33893 1.4
    endloop
  endfacet
  facet normal 0 0 1
    outer loop
      vertex -4.06745 0.820187 1.4
      vertex -4.00046 -0.356218 1.4
      vertex -4.00046 0.796218 1.4
    endloop
  endfacet
  facet normal 0 0 1
    outer loop
      vertex -4.06745 0.820187 1.4
      vertex -4.06745 -0.380187 1.4
      vertex -4.00046 -0.356218 1.4
    endloop
  endfacet
  facet normal 0 0 1
    outer loop
      vertex -4.13176 0.850607 1.4
      vertex -4.06745 -0.380187 1.4
      vertex -4.06745 0.820187 1.4
    endloop
  endfacet
  facet normal 0 0 1
    outer loop
      vertex -4.13176 0.850607 1.4
      vertex -4.13176 -0.410607 1.4
      vertex -4.06745 -0.380187 1.4
    endloop
  endfacet
  facet normal 0 0 1
    outer loop
      vertex -4.19279 0.887184 1.4
      vertex -4.13176 -0.410607 1.4
      vertex -4.13176 0.850607 1.4
    endloop
  endfacet
  facet normal 0 0 1
    outer loop
      vertex -4.19279 0.887184 1.4
      vertex -4.19279 -0.447184 1.4
      vertex -4.13176 -0.410607 1.4
    endloop
  endfacet
  facet normal 0 0 1
    outer loop
      vertex -4.24993 0.929567 1.4
      vertex -4.19279 -0.447184 1.4
      vertex -4.19279 0.887184 1.4
    endloop
  endfacet
  facet normal 0 0 1
    outer loop
      vertex -4.24993 0.929567 1.4
      vertex -4.24993 -0.489567 1.4
      vertex -4.19279 -0.447184 1.4
    endloop
  endfacet
  facet normal 0 0 1
    outer loop
      vertex -4.30265 0.977347 1.4
      vertex -4.24993 -0.489567 1.4
      vertex -4.24993 0.929567 1.4
    endloop
  endfacet
  facet normal 0 0 1
    outer loop
      vertex -4.30265 0.977347 1.4
      vertex -4.30265 -0.537347 1.4
      vertex -4.24993 -0.489567 1.4
    endloop
  endfacet
  facet normal 0 0 1
    outer loop
      vertex -4.35043 1.03006 1.4
      vertex -4.30265 -0.537347 1.4
      vertex -4.30265 0.977347 1.4
    endloop
  endfacet
  facet normal 0 0 1
    outer loop
      vertex -4.35043 1.03006 1.4
      vertex -4.35043 -0.590064 1.4
      vertex -4.30265 -0.537347 1.4
    endloop
  endfacet
  facet normal 0 0 1
    outer loop
      vertex -4.39282 1.08721 1.4
      vertex -4.35043 -0.590064 1.4
      vertex -4.35043 1.03006 1.4
    endloop
  endfacet
  facet normal 0 0 1
    outer loop
      vertex -4.39282 1.08721 1.4
      vertex -4.39282 -0.647211 1.4
      vertex -4.35043 -0.590064 1.4
    endloop
  endfacet
  facet normal 0 0 1
    outer loop
      vertex -4.42939 1.14824 1.4
      vertex -4.39282 -0.647211 1.4
      vertex -4.39282 1.08721 1.4
    endloop
  endfacet
  facet normal 0 0 1
    outer loop
      vertex -4.42939 1.14824 1.4
      vertex -4.42939 -0.708237 1.4
      vertex -4.39282 -0.647211 1.4
    endloop
  endfacet
  facet normal 0 0 1
    outer loop
      vertex -4.45981 1.21255 1.4
      vertex -4.42939 -0.708237 1.4
      vertex -4.42939 1.14824 1.4
    endloop
  endfacet
  facet normal 0 0 1
    outer loop
      vertex -4.45981 1.21255 1.4
      vertex -4.45981 -0.772554 1.4
      vertex -4.42939 -0.708237 1.4
    endloop
  endfacet
  facet normal 0 0 1
    outer loop
      vertex -4.48378 1.27954 1.4
      vertex -4.45981 -0.772554 1.4
      vertex -4.45981 1.21255 1.4
    endloop
  endfacet
  facet normal 0 0 1
    outer loop
      vertex -4.48378 1.27954 1.4
      vertex -4.48378 -0.839543 1.4
      vertex -4.45981 -0.772554 1.4
    endloop
  endfacet
  facet normal 0 0 1
    outer loop
      vertex -4.50107 1.34856 1.4
      vertex -4.48378 -0.839543 1.4
      vertex -4.48378 1.27954 1.4
    endloop
  endfacet
  facet normal 0 0 1
    outer loop
      vertex -4.50107 1.34856 1.4
      vertex -4.50107 -0.908559 1.4
      vertex -4.48378 -0.839543 1.4
    endloop
  endfacet
  facet normal 0 0 1
    outer loop
      vertex -5.16 2.86 1.4
      vertex -4.50107 1.34856 1.4
      vertex -4.51151 1.41894 1.4
    endloop
  endfacet
  facet normal 0 0 1
    outer loop
      vertex -4.50107 1.34856 1.4
      vertex -5.16 2.86 1.4
      vertex -4.50107 -0.908559 1.4
    endloop
  endfacet
  facet normal 0 0 1
    outer loop
      vertex -5.16 2.86 1.4
      vertex -4.51151 1.41894 1.4
      vertex -4.515 1.49 1.4
    endloop
  endfacet
  facet normal 0 0 1
    outer loop
      vertex -5.16 -2.42 1.4
      vertex -4.50107 -0.908559 1.4
      vertex -5.16 2.86 1.4
    endloop
  endfacet
  facet normal 0 0 1
    outer loop
      vertex -0.610607 1.14824 1.4
      vertex 0.650607 1.14824 1.4
      vertex -0.580187 1.21255 1.4
    endloop
  endfacet
  facet normal 0 0 1
    outer loop
      vertex 0.729567 -0.590064 1.4
      vertex -0.528491 -0.978937 1.4
      vertex -0.524999 -1.05 1.4
    endloop
  endfacet
  facet normal 0 0 1
    outer loop
      vertex 0.650607 1.14824 1.4
      vertex -0.610607 1.14824 1.4
      vertex 0.687184 1.08721 1.4
    endloop
  endfacet
  facet normal 0 0 1
    outer loop
      vertex 0.729567 -0.590064 1.4
      vertex -0.53893 -0.908559 1.4
      vertex -0.528491 -0.978937 1.4
    endloop
  endfacet
  facet normal 0 0 1
    outer loop
      vertex -0.647184 1.08721 1.4
      vertex 0.687184 1.08721 1.4
      vertex -0.610607 1.14824 1.4
    endloop
  endfacet
  facet normal 0 0 1
    outer loop
      vertex 0.729567 -0.590064 1.4
      vertex -0.556218 -0.839543 1.4
      vertex -0.53893 -0.908559 1.4
    endloop
  endfacet
  facet normal 0 0 1
    outer loop
      vertex 0.687184 1.08721 1.4
      vertex -0.647184 1.08721 1.4
      vertex 0.729567 1.03006 1.4
    endloop
  endfacet
  facet normal 0 0 1
    outer loop
      vertex 0.729567 -0.590064 1.4
      vertex -0.580187 -0.772554 1.4
      vertex -0.556218 -0.839543 1.4
    endloop
  endfacet
  facet normal 0 0 1
    outer loop
      vertex -0.689567 1.03006 1.4
      vertex 0.729567 1.03006 1.4
      vertex -0.647184 1.08721 1.4
    endloop
  endfacet
  facet normal 0 0 1
    outer loop
      vertex 0.729567 -0.590064 1.4
      vertex -0.610607 -0.708237 1.4
      vertex -0.580187 -0.772554 1.4
    endloop
  endfacet
  facet normal 0 0 1
    outer loop
      vertex -0.737347 0.977347 1.4
      vertex 0.729567 1.03006 1.4
      vertex -0.689567 1.03006 1.4
    endloop
  endfacet
  facet normal 0 0 1
    outer loop
      vertex 0.729567 -0.590064 1.4
      vertex -0.647184 -0.647211 1.4
      vertex -0.610607 -0.708237 1.4
    endloop
  endfacet
  facet normal 0 0 1
    outer loop
      vertex 0.729567 1.03006 1.4
      vertex -0.737347 0.977347 1.4
      vertex 0.729567 -0.590064 1.4
    endloop
  endfacet
  facet normal 0 0 1
    outer loop
      vertex 0.729567 -0.590064 1.4
      vertex -0.689567 -0.590064 1.4
      vertex -0.647184 -0.647211 1.4
    endloop
  endfacet
  facet normal -0 0 1
    outer loop
      vertex -0.737347 -0.537347 1.4
      vertex 0.729567 -0.590064 1.4
      vertex -0.737347 0.977347 1.4
    endloop
  endfacet
  facet normal 0 0 1
    outer loop
      vertex 0.729567 -0.590064 1.4
      vertex -0.737347 -0.537347 1.4
      vertex -0.689567 -0.590064 1.4
    endloop
  endfacet
  facet normal -0 0 1
    outer loop
      vertex -0.790064 0.929567 1.4
      vertex -0.737347 -0.537347 1.4
      vertex -0.737347 0.977347 1.4
    endloop
  endfacet
  facet normal 0 0 1
    outer loop
      vertex -0.790064 0.929567 1.4
      vertex -0.790064 -0.489567 1.4
      vertex -0.737347 -0.537347 1.4
    endloop
  endfacet
  facet normal -0 0 1
    outer loop
      vertex -0.847211 0.887184 1.4
      vertex -0.790064 -0.489567 1.4
      vertex -0.790064 0.929567 1.4
    endloop
  endfacet
  facet normal 0 0 1
    outer loop
      vertex -0.847211 0.887184 1.4
      vertex -0.847211 -0.447184 1.4
      vertex -0.790064 -0.489567 1.4
    endloop
  endfacet
  facet normal -0 0 1
    outer loop
      vertex -0.908237 0.850607 1.4
      vertex -0.847211 -0.447184 1.4
      vertex -0.847211 0.887184 1.4
    endloop
  endfacet
  facet normal 0 0 1
    outer loop
      vertex -0.908237 0.850607 1.4
      vertex -0.908237 -0.410607 1.4
      vertex -0.847211 -0.447184 1.4
    endloop
  endfacet
  facet normal -0 0 1
    outer loop
      vertex -0.972554 0.820187 1.4
      vertex -0.908237 -0.410607 1.4
      vertex -0.908237 0.850607 1.4
    endloop
  endfacet
  facet normal 0 0 1
    outer loop
      vertex -0.972554 0.820187 1.4
      vertex -0.972554 -0.380187 1.4
      vertex -0.908237 -0.410607 1.4
    endloop
  endfacet
  facet normal -0 0 1
    outer loop
      vertex -1.03954 0.796218 1.4
      vertex -0.972554 -0.380187 1.4
      vertex -0.972554 0.820187 1.4
    endloop
  endfacet
  facet normal 0 0 1
    outer loop
      vertex -1.03954 0.796218 1.4
      vertex -1.03954 -0.356218 1.4
      vertex -0.972554 -0.380187 1.4
    endloop
  endfacet
  facet normal -0 0 1
    outer loop
      vertex -1.10856 0.77893 1.4
      vertex -1.03954 -0.356218 1.4
      vertex -1.03954 0.796218 1.4
    endloop
  endfacet
  facet normal 0 0 1
    outer loop
      vertex -1.10856 0.77893 1.4
      vertex -1.10856 -0.33893 1.4
      vertex -1.03954 -0.356218 1.4
    endloop
  endfacet
  facet normal -0 0 1
    outer loop
      vertex -1.17894 0.768491 1.4
      vertex -1.10856 -0.33893 1.4
      vertex -1.10856 0.77893 1.4
    endloop
  endfacet
  facet normal 0 0 1
    outer loop
      vertex -1.17894 0.768491 1.4
      vertex -1.17894 -0.328491 1.4
      vertex -1.10856 -0.33893 1.4
    endloop
  endfacet
  facet normal -0 0 1
    outer loop
      vertex -1.25 0.764999 1.4
      vertex -1.17894 -0.328491 1.4
      vertex -1.17894 0.768491 1.4
    endloop
  endfacet
  facet normal 0 0 1
    outer loop
      vertex -1.25 0.764999 1.4
      vertex -1.25 -0.324999 1.4
      vertex -1.17894 -0.328491 1.4
    endloop
  endfacet
  facet normal 0 0 1
    outer loop
      vertex -1.32106 0.768491 1.4
      vertex -1.25 -0.324999 1.4
      vertex -1.25 0.764999 1.4
    endloop
  endfacet
  facet normal 0 0 1
    outer loop
      vertex -1.32106 0.768491 1.4
      vertex -1.32106 -0.328491 1.4
      vertex -1.25 -0.324999 1.4
    endloop
  endfacet
  facet normal 0 0 1
    outer loop
      vertex -1.39144 0.77893 1.4
      vertex -1.32106 -0.328491 1.4
      vertex -1.32106 0.768491 1.4
    endloop
  endfacet
  facet normal 0 0 1
    outer loop
      vertex -1.39144 0.77893 1.4
      vertex -1.39144 -0.33893 1.4
      vertex -1.32106 -0.328491 1.4
    endloop
  endfacet
  facet normal 0 0 1
    outer loop
      vertex -1.46046 0.796218 1.4
      vertex -1.39144 -0.33893 1.4
      vertex -1.39144 0.77893 1.4
    endloop
  endfacet
  facet normal 0 0 1
    outer loop
      vertex -1.46046 0.796218 1.4
      vertex -1.46046 -0.356218 1.4
      vertex -1.39144 -0.33893 1.4
    endloop
  endfacet
  facet normal 0 0 1
    outer loop
      vertex -1.52745 0.820187 1.4
      vertex -1.46046 -0.356218 1.4
      vertex -1.46046 0.796218 1.4
    endloop
  endfacet
  facet normal 0 0 1
    outer loop
      vertex -1.52745 0.820187 1.4
      vertex -1.52745 -0.380187 1.4
      vertex -1.46046 -0.356218 1.4
    endloop
  endfacet
  facet normal 0 0 1
    outer loop
      vertex -1.59176 0.850607 1.4
      vertex -1.52745 -0.380187 1.4
      vertex -1.52745 0.820187 1.4
    endloop
  endfacet
  facet normal 0 0 1
    outer loop
      vertex -1.59176 0.850607 1.4
      vertex -1.59176 -0.410607 1.4
      vertex -1.52745 -0.380187 1.4
    endloop
  endfacet
  facet normal 0 0 1
    outer loop
      vertex -1.65279 0.887184 1.4
      vertex -1.59176 -0.410607 1.4
      vertex -1.59176 0.850607 1.4
    endloop
  endfacet
  facet normal 0 0 1
    outer loop
      vertex -1.65279 0.887184 1.4
      vertex -1.65279 -0.447184 1.4
      vertex -1.59176 -0.410607 1.4
    endloop
  endfacet
  facet normal 0 0 1
    outer loop
      vertex -1.70993 0.929567 1.4
      vertex -1.65279 -0.447184 1.4
      vertex -1.65279 0.887184 1.4
    endloop
  endfacet
  facet normal 0 0 1
    outer loop
      vertex -1.70993 0.929567 1.4
      vertex -1.70993 -0.489567 1.4
      vertex -1.65279 -0.447184 1.4
    endloop
  endfacet
  facet normal 0 0 1
    outer loop
      vertex -1.76265 0.977347 1.4
      vertex -1.70993 -0.489567 1.4
      vertex -1.70993 0.929567 1.4
    endloop
  endfacet
  facet normal 0 0 1
    outer loop
      vertex -1.76265 0.977347 1.4
      vertex -1.76265 -0.537347 1.4
      vertex -1.70993 -0.489567 1.4
    endloop
  endfacet
  facet normal 0 0 1
    outer loop
      vertex -1.81043 1.03006 1.4
      vertex -1.76265 -0.537347 1.4
      vertex -1.76265 0.977347 1.4
    endloop
  endfacet
  facet normal 0 0 1
    outer loop
      vertex -1.81043 1.03006 1.4
      vertex -1.81043 -0.590064 1.4
      vertex -1.76265 -0.537347 1.4
    endloop
  endfacet
  facet normal 0 0 1
    outer loop
      vertex -1.94378 1.27954 1.4
      vertex -3.09622 1.27954 1.4
      vertex -1.91981 1.21255 1.4
    endloop
  endfacet
  facet normal 0 0 1
    outer loop
      vertex -3.12019 1.21255 1.4
      vertex -1.91981 1.21255 1.4
      vertex -3.09622 1.27954 1.4
    endloop
  endfacet
  facet normal 0 0 1
    outer loop
      vertex -3.09622 1.27954 1.4
      vertex -1.94378 1.27954 1.4
      vertex -3.07893 1.34856 1.4
    endloop
  endfacet
  facet normal 0 0 1
    outer loop
      vertex -1.91981 1.21255 1.4
      vertex -3.12019 1.21255 1.4
      vertex -1.88939 1.14824 1.4
    endloop
  endfacet
  facet normal 0 0 1
    outer loop
      vertex -1.96107 1.34856 1.4
      vertex -3.07893 1.34856 1.4
      vertex -1.94378 1.27954 1.4
    endloop
  endfacet
  facet normal 0 0 1
    outer loop
      vertex -1.81043 -0.590064 1.4
      vertex -3.065 -1.05 1.4
      vertex -1.85282 -0.647211 1.4
    endloop
  endfacet
  facet normal 0 0 1
    outer loop
      vertex -3.07893 1.34856 1.4
      vertex -1.96107 1.34856 1.4
      vertex -3.06849 1.41894 1.4
    endloop
  endfacet
  facet normal 0 0 1
    outer loop
      vertex -1.85282 -0.647211 1.4
      vertex -3.065 -1.05 1.4
      vertex -1.88939 -0.708237 1.4
    endloop
  endfacet
  facet normal 0 0 1
    outer loop
      vertex -1.97151 1.41894 1.4
      vertex -3.06849 1.41894 1.4
      vertex -1.96107 1.34856 1.4
    endloop
  endfacet
  facet normal 0 0 1
    outer loop
      vertex -1.88939 -0.708237 1.4
      vertex -3.065 -1.05 1.4
      vertex -1.91981 -0.772554 1.4
    endloop
  endfacet
  facet normal 0 0 1
    outer loop
      vertex -3.06849 1.41894 1.4
      vertex -1.97151 1.41894 1.4
      vertex -3.065 1.49 1.4
    endloop
  endfacet
  facet normal 0 0 1
    outer loop
      vertex -1.91981 -0.772554 1.4
      vertex -3.065 -1.05 1.4
      vertex -1.94378 -0.839543 1.4
    endloop
  endfacet
  facet normal -0 0 1
    outer loop
      vertex -3.065 1.49 1.4
      vertex -1.97151 1.41894 1.4
      vertex -1.975 1.49 1.4
    endloop
  endfacet
  facet normal 0 0 1
    outer loop
      vertex -1.94378 -0.839543 1.4
      vertex -3.065 -1.05 1.4
      vertex -1.96107 -0.908559 1.4
    endloop
  endfacet
  facet normal 0 0 1
    outer loop
      vertex 1.92939 1.14824 1.4
      vertex 3.19061 1.14824 1.4
      vertex 1.95981 1.21255 1.4
    endloop
  endfacet
  facet normal 0 0 1
    outer loop
      vertex 3.26957 -0.590064 1.4
      vertex 2.01151 -0.978937 1.4
      vertex 2.015 -1.05 1.4
    endloop
  endfacet
  facet normal 0 0 1
    outer loop
      vertex 3.19061 1.14824 1.4
      vertex 1.92939 1.14824 1.4
      vertex 3.22718 1.08721 1.4
    endloop
  endfacet
  facet normal 0 0 1
    outer loop
      vertex 3.26957 -0.590064 1.4
      vertex 2.00107 -0.908559 1.4
      vertex 2.01151 -0.978937 1.4
    endloop
  endfacet
  facet normal 0 0 1
    outer loop
      vertex 1.89282 1.08721 1.4
      vertex 3.22718 1.08721 1.4
      vertex 1.92939 1.14824 1.4
    endloop
  endfacet
  facet normal 0 0 1
    outer loop
      vertex 3.26957 -0.590064 1.4
      vertex 1.98378 -0.839543 1.4
      vertex 2.00107 -0.908559 1.4
    endloop
  endfacet
  facet normal 0 0 1
    outer loop
      vertex 3.22718 1.08721 1.4
      vertex 1.89282 1.08721 1.4
      vertex 3.26957 1.03006 1.4
    endloop
  endfacet
  facet normal 0 0 1
    outer loop
      vertex 3.26957 -0.590064 1.4
      vertex 1.95981 -0.772554 1.4
      vertex 1.98378 -0.839543 1.4
    endloop
  endfacet
  facet normal 0 0 1
    outer loop
      vertex 1.85043 1.03006 1.4
      vertex 3.26957 1.03006 1.4
      vertex 1.89282 1.08721 1.4
    endloop
  endfacet
  facet normal 0 0 1
    outer loop
      vertex 3.26957 -0.590064 1.4
      vertex 1.92939 -0.708237 1.4
      vertex 1.95981 -0.772554 1.4
    endloop
  endfacet
  facet normal 0 0 1
    outer loop
      vertex 1.80265 0.977347 1.4
      vertex 3.26957 1.03006 1.4
      vertex 1.85043 1.03006 1.4
    endloop
  endfacet
  facet normal 0 0 1
    outer loop
      vertex 3.26957 -0.590064 1.4
      vertex 1.89282 -0.647211 1.4
      vertex 1.92939 -0.708237 1.4
    endloop
  endfacet
  facet normal 0 0 1
    outer loop
      vertex 3.26957 1.03006 1.4
      vertex 1.80265 0.977347 1.4
      vertex 3.26957 -0.590064 1.4
    endloop
  endfacet
  facet normal 0 0 1
    outer loop
      vertex 3.26957 -0.590064 1.4
      vertex 1.85043 -0.590064 1.4
      vertex 1.89282 -0.647211 1.4
    endloop
  endfacet
  facet normal -0 0 1
    outer loop
      vertex 1.80265 -0.537347 1.4
      vertex 3.26957 -0.590064 1.4
      vertex 1.80265 0.977347 1.4
    endloop
  endfacet
  facet normal 0 0 1
    outer loop
      vertex 3.26957 -0.590064 1.4
      vertex 1.80265 -0.537347 1.4
      vertex 1.85043 -0.590064 1.4
    endloop
  endfacet
  facet normal -0 0 1
    outer loop
      vertex 1.74993 0.929567 1.4
      vertex 1.80265 -0.537347 1.4
      vertex 1.80265 0.977347 1.4
    endloop
  endfacet
  facet normal 0 0 1
    outer loop
      vertex 1.74993 0.929567 1.4
      vertex 1.74993 -0.489567 1.4
      vertex 1.80265 -0.537347 1.4
    endloop
  endfacet
  facet normal -0 0 1
    outer loop
      vertex 1.69279 0.887184 1.4
      vertex 1.74993 -0.489567 1.4
      vertex 1.74993 0.929567 1.4
    endloop
  endfacet
  facet normal 0 0 1
    outer loop
      vertex 1.69279 0.887184 1.4
      vertex 1.69279 -0.447184 1.4
      vertex 1.74993 -0.489567 1.4
    endloop
  endfacet
  facet normal -0 0 1
    outer loop
      vertex 1.63176 0.850607 1.4
      vertex 1.69279 -0.447184 1.4
      vertex 1.69279 0.887184 1.4
    endloop
  endfacet
  facet normal 0 0 1
    outer loop
      vertex 1.63176 0.850607 1.4
      vertex 1.63176 -0.410607 1.4
      vertex 1.69279 -0.447184 1.4
    endloop
  endfacet
  facet normal -0 0 1
    outer loop
      vertex 1.56745 0.820187 1.4
      vertex 1.63176 -0.410607 1.4
      vertex 1.63176 0.850607 1.4
    endloop
  endfacet
  facet normal 0 0 1
    outer loop
      vertex 1.56745 0.820187 1.4
      vertex 1.56745 -0.380187 1.4
      vertex 1.63176 -0.410607 1.4
    endloop
  endfacet
  facet normal -0 0 1
    outer loop
      vertex 1.50046 0.796218 1.4
      vertex 1.56745 -0.380187 1.4
      vertex 1.56745 0.820187 1.4
    endloop
  endfacet
  facet normal 0 0 1
    outer loop
      vertex 1.50046 0.796218 1.4
      vertex 1.50046 -0.356218 1.4
      vertex 1.56745 -0.380187 1.4
    endloop
  endfacet
  facet normal -0 0 1
    outer loop
      vertex 1.43144 0.77893 1.4
      vertex 1.50046 -0.356218 1.4
      vertex 1.50046 0.796218 1.4
    endloop
  endfacet
  facet normal 0 0 1
    outer loop
      vertex 1.43144 0.77893 1.4
      vertex 1.43144 -0.33893 1.4
      vertex 1.50046 -0.356218 1.4
    endloop
  endfacet
  facet normal -0 0 1
    outer loop
      vertex 1.36106 0.768491 1.4
      vertex 1.43144 -0.33893 1.4
      vertex 1.43144 0.77893 1.4
    endloop
  endfacet
  facet normal 0 0 1
    outer loop
      vertex 1.36106 0.768491 1.4
      vertex 1.36106 -0.328491 1.4
      vertex 1.43144 -0.33893 1.4
    endloop
  endfacet
  facet normal -0 0 1
    outer loop
      vertex 1.29 0.764999 1.4
      vertex 1.36106 -0.328491 1.4
      vertex 1.36106 0.768491 1.4
    endloop
  endfacet
  facet normal 0 0 1
    outer loop
      vertex 1.29 0.764999 1.4
      vertex 1.29 -0.324999 1.4
      vertex 1.36106 -0.328491 1.4
    endloop
  endfacet
  facet normal 0 0 1
    outer loop
      vertex 1.21894 0.768491 1.4
      vertex 1.29 -0.324999 1.4
      vertex 1.29 0.764999 1.4
    endloop
  endfacet
  facet normal 0 0 1
    outer loop
      vertex 1.21894 0.768491 1.4
      vertex 1.21894 -0.328491 1.4
      vertex 1.29 -0.324999 1.4
    endloop
  endfacet
  facet normal 0 0 1
    outer loop
      vertex 1.14856 0.77893 1.4
      vertex 1.21894 -0.328491 1.4
      vertex 1.21894 0.768491 1.4
    endloop
  endfacet
  facet normal 0 0 1
    outer loop
      vertex 1.14856 0.77893 1.4
      vertex 1.14856 -0.33893 1.4
      vertex 1.21894 -0.328491 1.4
    endloop
  endfacet
  facet normal 0 0 1
    outer loop
      vertex 1.07954 0.796218 1.4
      vertex 1.14856 -0.33893 1.4
      vertex 1.14856 0.77893 1.4
    endloop
  endfacet
  facet normal 0 0 1
    outer loop
      vertex 1.07954 0.796218 1.4
      vertex 1.07954 -0.356218 1.4
      vertex 1.14856 -0.33893 1.4
    endloop
  endfacet
  facet normal 0 0 1
    outer loop
      vertex 1.01255 0.820187 1.4
      vertex 1.07954 -0.356218 1.4
      vertex 1.07954 0.796218 1.4
    endloop
  endfacet
  facet normal 0 0 1
    outer loop
      vertex 1.01255 0.820187 1.4
      vertex 1.01255 -0.380187 1.4
      vertex 1.07954 -0.356218 1.4
    endloop
  endfacet
  facet normal 0 0 1
    outer loop
      vertex 0.948237 0.850607 1.4
      vertex 1.01255 -0.380187 1.4
      vertex 1.01255 0.820187 1.4
    endloop
  endfacet
  facet normal 0 0 1
    outer loop
      vertex 0.948237 0.850607 1.4
      vertex 0.948237 -0.410607 1.4
      vertex 1.01255 -0.380187 1.4
    endloop
  endfacet
  facet normal 0 0 1
    outer loop
      vertex 0.887211 0.887184 1.4
      vertex 0.948237 -0.410607 1.4
      vertex 0.948237 0.850607 1.4
    endloop
  endfacet
  facet normal 0 0 1
    outer loop
      vertex 0.887211 0.887184 1.4
      vertex 0.887211 -0.447184 1.4
      vertex 0.948237 -0.410607 1.4
    endloop
  endfacet
  facet normal 0 0 1
    outer loop
      vertex 0.830064 0.929567 1.4
      vertex 0.887211 -0.447184 1.4
      vertex 0.887211 0.887184 1.4
    endloop
  endfacet
  facet normal 0 0 1
    outer loop
      vertex 0.830064 0.929567 1.4
      vertex 0.830064 -0.489567 1.4
      vertex 0.887211 -0.447184 1.4
    endloop
  endfacet
  facet normal 0 0 1
    outer loop
      vertex 0.777347 0.977347 1.4
      vertex 0.830064 -0.489567 1.4
      vertex 0.830064 0.929567 1.4
    endloop
  endfacet
  facet normal 0 0 1
    outer loop
      vertex 0.777347 0.977347 1.4
      vertex 0.777347 -0.537347 1.4
      vertex 0.830064 -0.489567 1.4
    endloop
  endfacet
  facet normal 0 0 1
    outer loop
      vertex 0.729567 1.03006 1.4
      vertex 0.777347 -0.537347 1.4
      vertex 0.777347 0.977347 1.4
    endloop
  endfacet
  facet normal 0 0 1
    outer loop
      vertex 0.729567 1.03006 1.4
      vertex 0.729567 -0.590064 1.4
      vertex 0.777347 -0.537347 1.4
    endloop
  endfacet
  facet normal 0 0 1
    outer loop
      vertex 0.596218 1.27954 1.4
      vertex -0.556218 1.27954 1.4
      vertex 0.620187 1.21255 1.4
    endloop
  endfacet
  facet normal 0 0 1
    outer loop
      vertex -0.580187 1.21255 1.4
      vertex 0.620187 1.21255 1.4
      vertex -0.556218 1.27954 1.4
    endloop
  endfacet
  facet normal 0 0 1
    outer loop
      vertex -0.556218 1.27954 1.4
      vertex 0.596218 1.27954 1.4
      vertex -0.53893 1.34856 1.4
    endloop
  endfacet
  facet normal 0 0 1
    outer loop
      vertex 0.620187 1.21255 1.4
      vertex -0.580187 1.21255 1.4
      vertex 0.650607 1.14824 1.4
    endloop
  endfacet
  facet normal 0 0 1
    outer loop
      vertex 0.57893 1.34856 1.4
      vertex -0.53893 1.34856 1.4
      vertex 0.596218 1.27954 1.4
    endloop
  endfacet
  facet normal 0 0 1
    outer loop
      vertex 0.729567 -0.590064 1.4
      vertex -0.524999 -1.05 1.4
      vertex 0.687184 -0.647211 1.4
    endloop
  endfacet
  facet normal 0 0 1
    outer loop
      vertex -0.53893 1.34856 1.4
      vertex 0.57893 1.34856 1.4
      vertex -0.528491 1.41894 1.4
    endloop
  endfacet
  facet normal 0 0 1
    outer loop
      vertex 0.687184 -0.647211 1.4
      vertex -0.524999 -1.05 1.4
      vertex 0.650607 -0.708237 1.4
    endloop
  endfacet
  facet normal 0 0 1
    outer loop
      vertex 0.568491 1.41894 1.4
      vertex -0.528491 1.41894 1.4
      vertex 0.57893 1.34856 1.4
    endloop
  endfacet
  facet normal 0 0 1
    outer loop
      vertex 0.650607 -0.708237 1.4
      vertex -0.524999 -1.05 1.4
      vertex 0.620187 -0.772554 1.4
    endloop
  endfacet
  facet normal 0 0 1
    outer loop
      vertex -0.528491 1.41894 1.4
      vertex 0.568491 1.41894 1.4
      vertex -0.524999 1.49 1.4
    endloop
  endfacet
  facet normal 0 0 1
    outer loop
      vertex 0.620187 -0.772554 1.4
      vertex -0.524999 -1.05 1.4
      vertex 0.596218 -0.839543 1.4
    endloop
  endfacet
  facet normal -0 0 1
    outer loop
      vertex -0.524999 1.49 1.4
      vertex 0.568491 1.41894 1.4
      vertex 0.564999 1.49 1.4
    endloop
  endfacet
  facet normal 0 0 1
    outer loop
      vertex 0.596218 -0.839543 1.4
      vertex -0.524999 -1.05 1.4
      vertex 0.57893 -0.908559 1.4
    endloop
  endfacet
  facet normal 0 0 1
    outer loop
      vertex 5.2 2.86 1.4
      vertex 4.54107 1.34856 1.4
      vertex 5.2 -2.42 1.4
    endloop
  endfacet
  facet normal 0 0 1
    outer loop
      vertex 5.2 -2.42 1.4
      vertex 4.55151 -0.978937 1.4
      vertex 4.555 -1.05 1.4
    endloop
  endfacet
  facet normal -0 0 1
    outer loop
      vertex 4.54107 -0.908559 1.4
      vertex 5.2 -2.42 1.4
      vertex 4.54107 1.34856 1.4
    endloop
  endfacet
  facet normal 0 0 1
    outer loop
      vertex 5.2 -2.42 1.4
      vertex 4.54107 -0.908559 1.4
      vertex 4.55151 -0.978937 1.4
    endloop
  endfacet
  facet normal -0 0 1
    outer loop
      vertex 4.52378 1.27954 1.4
      vertex 4.54107 -0.908559 1.4
      vertex 4.54107 1.34856 1.4
    endloop
  endfacet
  facet normal 0 0 1
    outer loop
      vertex 4.52378 1.27954 1.4
      vertex 4.52378 -0.839543 1.4
      vertex 4.54107 -0.908559 1.4
    endloop
  endfacet
  facet normal -0 0 1
    outer loop
      vertex 4.49981 1.21255 1.4
      vertex 4.52378 -0.839543 1.4
      vertex 4.52378 1.27954 1.4
    endloop
  endfacet
  facet normal 0 0 1
    outer loop
      vertex 4.49981 1.21255 1.4
      vertex 4.49981 -0.772554 1.4
      vertex 4.52378 -0.839543 1.4
    endloop
  endfacet
  facet normal -0 0 1
    outer loop
      vertex 4.46939 1.14824 1.4
      vertex 4.49981 -0.772554 1.4
      vertex 4.49981 1.21255 1.4
    endloop
  endfacet
  facet normal 0 0 1
    outer loop
      vertex 4.46939 1.14824 1.4
      vertex 4.46939 -0.708237 1.4
      vertex 4.49981 -0.772554 1.4
    endloop
  endfacet
  facet normal -0 0 1
    outer loop
      vertex 4.43282 1.08721 1.4
      vertex 4.46939 -0.708237 1.4
      vertex 4.46939 1.14824 1.4
    endloop
  endfacet
  facet normal 0 0 1
    outer loop
      vertex 4.43282 1.08721 1.4
      vertex 4.43282 -0.647211 1.4
      vertex 4.46939 -0.708237 1.4
    endloop
  endfacet
  facet normal -0 0 1
    outer loop
      vertex 4.39043 1.03006 1.4
      vertex 4.43282 -0.647211 1.4
      vertex 4.43282 1.08721 1.4
    endloop
  endfacet
  facet normal 0 0 1
    outer loop
      vertex 4.39043 1.03006 1.4
      vertex 4.39043 -0.590064 1.4
      vertex 4.43282 -0.647211 1.4
    endloop
  endfacet
  facet normal -0 0 1
    outer loop
      vertex 4.34265 0.977347 1.4
      vertex 4.39043 -0.590064 1.4
      vertex 4.39043 1.03006 1.4
    endloop
  endfacet
  facet normal 0 0 1
    outer loop
      vertex 4.34265 0.977347 1.4
      vertex 4.34265 -0.537347 1.4
      vertex 4.39043 -0.590064 1.4
    endloop
  endfacet
  facet normal -0 0 1
    outer loop
      vertex 4.28993 0.929567 1.4
      vertex 4.34265 -0.537347 1.4
      vertex 4.34265 0.977347 1.4
    endloop
  endfacet
  facet normal 0 0 1
    outer loop
      vertex 4.28993 0.929567 1.4
      vertex 4.28993 -0.489567 1.4
      vertex 4.34265 -0.537347 1.4
    endloop
  endfacet
  facet normal -0 0 1
    outer loop
      vertex 4.23279 0.887184 1.4
      vertex 4.28993 -0.489567 1.4
      vertex 4.28993 0.929567 1.4
    endloop
  endfacet
  facet normal 0 0 1
    outer loop
      vertex 4.23279 0.887184 1.4
      vertex 4.23279 -0.447184 1.4
      vertex 4.28993 -0.489567 1.4
    endloop
  endfacet
  facet normal -0 0 1
    outer loop
      vertex 4.17176 0.850607 1.4
      vertex 4.23279 -0.447184 1.4
      vertex 4.23279 0.887184 1.4
    endloop
  endfacet
  facet normal 0 0 1
    outer loop
      vertex 4.17176 0.850607 1.4
      vertex 4.17176 -0.410607 1.4
      vertex 4.23279 -0.447184 1.4
    endloop
  endfacet
  facet normal -0 0 1
    outer loop
      vertex 4.10745 0.820187 1.4
      vertex 4.17176 -0.410607 1.4
      vertex 4.17176 0.850607 1.4
    endloop
  endfacet
  facet normal 0 0 1
    outer loop
      vertex 4.10745 0.820187 1.4
      vertex 4.10745 -0.380187 1.4
      vertex 4.17176 -0.410607 1.4
    endloop
  endfacet
  facet normal -0 0 1
    outer loop
      vertex 4.04046 0.796218 1.4
      vertex 4.10745 -0.380187 1.4
      vertex 4.10745 0.820187 1.4
    endloop
  endfacet
  facet normal 0 0 1
    outer loop
      vertex 4.04046 0.796218 1.4
      vertex 4.04046 -0.356218 1.4
      vertex 4.10745 -0.380187 1.4
    endloop
  endfacet
  facet normal -0 0 1
    outer loop
      vertex 3.97144 0.77893 1.4
      vertex 4.04046 -0.356218 1.4
      vertex 4.04046 0.796218 1.4
    endloop
  endfacet
  facet normal 0 0 1
    outer loop
      vertex 3.97144 0.77893 1.4
      vertex 3.97144 -0.33893 1.4
      vertex 4.04046 -0.356218 1.4
    endloop
  endfacet
  facet normal -0 0 1
    outer loop
      vertex 3.90106 0.768491 1.4
      vertex 3.97144 -0.33893 1.4
      vertex 3.97144 0.77893 1.4
    endloop
  endfacet
  facet normal 0 0 1
    outer loop
      vertex 3.90106 0.768491 1.4
      vertex 3.90106 -0.328491 1.4
      vertex 3.97144 -0.33893 1.4
    endloop
  endfacet
  facet normal -0 0 1
    outer loop
      vertex 3.83 0.764999 1.4
      vertex 3.90106 -0.328491 1.4
      vertex 3.90106 0.768491 1.4
    endloop
  endfacet
  facet normal 0 0 1
    outer loop
      vertex 3.83 0.764999 1.4
      vertex 3.83 -0.324999 1.4
      vertex 3.90106 -0.328491 1.4
    endloop
  endfacet
  facet normal 0 0 1
    outer loop
      vertex 3.75894 0.768491 1.4
      vertex 3.83 -0.324999 1.4
      vertex 3.83 0.764999 1.4
    endloop
  endfacet
  facet normal 0 0 1
    outer loop
      vertex 3.75894 0.768491 1.4
      vertex 3.75894 -0.328491 1.4
      vertex 3.83 -0.324999 1.4
    endloop
  endfacet
  facet normal 0 0 1
    outer loop
      vertex 3.68856 0.77893 1.4
      vertex 3.75894 -0.328491 1.4
      vertex 3.75894 0.768491 1.4
    endloop
  endfacet
  facet normal 0 0 1
    outer loop
      vertex 3.68856 0.77893 1.4
      vertex 3.68856 -0.33893 1.4
      vertex 3.75894 -0.328491 1.4
    endloop
  endfacet
  facet normal 0 0 1
    outer loop
      vertex 3.61954 0.796218 1.4
      vertex 3.68856 -0.33893 1.4
      vertex 3.68856 0.77893 1.4
    endloop
  endfacet
  facet normal 0 0 1
    outer loop
      vertex 3.61954 0.796218 1.4
      vertex 3.61954 -0.356218 1.4
      vertex 3.68856 -0.33893 1.4
    endloop
  endfacet
  facet normal 0 0 1
    outer loop
      vertex 3.55255 0.820187 1.4
      vertex 3.61954 -0.356218 1.4
      vertex 3.61954 0.796218 1.4
    endloop
  endfacet
  facet normal 0 0 1
    outer loop
      vertex 3.55255 0.820187 1.4
      vertex 3.55255 -0.380187 1.4
      vertex 3.61954 -0.356218 1.4
    endloop
  endfacet
  facet normal 0 0 1
    outer loop
      vertex 3.48824 0.850607 1.4
      vertex 3.55255 -0.380187 1.4
      vertex 3.55255 0.820187 1.4
    endloop
  endfacet
  facet normal 0 0 1
    outer loop
      vertex 3.48824 0.850607 1.4
      vertex 3.48824 -0.410607 1.4
      vertex 3.55255 -0.380187 1.4
    endloop
  endfacet
  facet normal 0 0 1
    outer loop
      vertex 3.42721 0.887184 1.4
      vertex 3.48824 -0.410607 1.4
      vertex 3.48824 0.850607 1.4
    endloop
  endfacet
  facet normal 0 0 1
    outer loop
      vertex 3.42721 0.887184 1.4
      vertex 3.42721 -0.447184 1.4
      vertex 3.48824 -0.410607 1.4
    endloop
  endfacet
  facet normal 0 0 1
    outer loop
      vertex 3.37006 0.929567 1.4
      vertex 3.42721 -0.447184 1.4
      vertex 3.42721 0.887184 1.4
    endloop
  endfacet
  facet normal 0 0 1
    outer loop
      vertex 3.37006 0.929567 1.4
      vertex 3.37006 -0.489567 1.4
      vertex 3.42721 -0.447184 1.4
    endloop
  endfacet
  facet normal 0 0 1
    outer loop
      vertex 3.31735 0.977347 1.4
      vertex 3.37006 -0.489567 1.4
      vertex 3.37006 0.929567 1.4
    endloop
  endfacet
  facet normal 0 0 1
    outer loop
      vertex 3.31735 0.977347 1.4
      vertex 3.31735 -0.537347 1.4
      vertex 3.37006 -0.489567 1.4
    endloop
  endfacet
  facet normal 0 0 1
    outer loop
      vertex 3.26957 1.03006 1.4
      vertex 3.31735 -0.537347 1.4
      vertex 3.31735 0.977347 1.4
    endloop
  endfacet
  facet normal 0 0 1
    outer loop
      vertex 3.26957 1.03006 1.4
      vertex 3.26957 -0.590064 1.4
      vertex 3.31735 -0.537347 1.4
    endloop
  endfacet
  facet normal 0 0 1
    outer loop
      vertex 3.13622 1.27954 1.4
      vertex 1.98378 1.27954 1.4
      vertex 3.16019 1.21255 1.4
    endloop
  endfacet
  facet normal 0 0 1
    outer loop
      vertex 1.95981 1.21255 1.4
      vertex 3.16019 1.21255 1.4
      vertex 1.98378 1.27954 1.4
    endloop
  endfacet
  facet normal 0 0 1
    outer loop
      vertex 1.98378 1.27954 1.4
      vertex 3.13622 1.27954 1.4
      vertex 2.00107 1.34856 1.4
    endloop
  endfacet
  facet normal 0 0 1
    outer loop
      vertex 3.16019 1.21255 1.4
      vertex 1.95981 1.21255 1.4
      vertex 3.19061 1.14824 1.4
    endloop
  endfacet
  facet normal 0 0 1
    outer loop
      vertex 3.11893 1.34856 1.4
      vertex 2.00107 1.34856 1.4
      vertex 3.13622 1.27954 1.4
    endloop
  endfacet
  facet normal 0 0 1
    outer loop
      vertex 3.26957 -0.590064 1.4
      vertex 2.015 -1.05 1.4
      vertex 3.22718 -0.647211 1.4
    endloop
  endfacet
  facet normal 0 0 1
    outer loop
      vertex 2.00107 1.34856 1.4
      vertex 3.11893 1.34856 1.4
      vertex 2.01151 1.41894 1.4
    endloop
  endfacet
  facet normal 0 0 1
    outer loop
      vertex 3.22718 -0.647211 1.4
      vertex 2.015 -1.05 1.4
      vertex 3.19061 -0.708237 1.4
    endloop
  endfacet
  facet normal 0 0 1
    outer loop
      vertex 3.10849 1.41894 1.4
      vertex 2.01151 1.41894 1.4
      vertex 3.11893 1.34856 1.4
    endloop
  endfacet
  facet normal 0 0 1
    outer loop
      vertex 3.19061 -0.708237 1.4
      vertex 2.015 -1.05 1.4
      vertex 3.16019 -0.772554 1.4
    endloop
  endfacet
  facet normal 0 0 1
    outer loop
      vertex 2.01151 1.41894 1.4
      vertex 3.10849 1.41894 1.4
      vertex 2.015 1.49 1.4
    endloop
  endfacet
  facet normal 0 0 1
    outer loop
      vertex 3.16019 -0.772554 1.4
      vertex 2.015 -1.05 1.4
      vertex 3.13622 -0.839543 1.4
    endloop
  endfacet
  facet normal -0 0 1
    outer loop
      vertex 2.015 1.49 1.4
      vertex 3.10849 1.41894 1.4
      vertex 3.105 1.49 1.4
    endloop
  endfacet
  facet normal 0 0 1
    outer loop
      vertex 3.13622 -0.839543 1.4
      vertex 2.015 -1.05 1.4
      vertex 3.11893 -0.908559 1.4
    endloop
  endfacet
  facet normal 0 0 1
    outer loop
      vertex 4.55151 1.41894 1.4
      vertex 5.2 2.86 1.4
      vertex 4.555 1.49 1.4
    endloop
  endfacet
  facet normal 0 0 1
    outer loop
      vertex 5.2 2.86 1.4
      vertex 4.55151 1.56106 1.4
      vertex 4.555 1.49 1.4
    endloop
  endfacet
  facet normal 0 0 1
    outer loop
      vertex 5.2 2.86 1.4
      vertex 4.54107 1.63144 1.4
      vertex 4.55151 1.56106 1.4
    endloop
  endfacet
  facet normal 0 0 1
    outer loop
      vertex 5.2 2.86 1.4
      vertex 4.52378 1.70046 1.4
      vertex 4.54107 1.63144 1.4
    endloop
  endfacet
  facet normal 0 0 1
    outer loop
      vertex 5.2 2.86 1.4
      vertex 4.49981 1.76745 1.4
      vertex 4.52378 1.70046 1.4
    endloop
  endfacet
  facet normal 0 0 1
    outer loop
      vertex 5.2 2.86 1.4
      vertex 4.46939 1.83176 1.4
      vertex 4.49981 1.76745 1.4
    endloop
  endfacet
  facet normal 0 0 1
    outer loop
      vertex 5.2 2.86 1.4
      vertex 4.43282 1.89279 1.4
      vertex 4.46939 1.83176 1.4
    endloop
  endfacet
  facet normal 0 0 1
    outer loop
      vertex 5.2 2.86 1.4
      vertex 4.39043 1.94993 1.4
      vertex 4.43282 1.89279 1.4
    endloop
  endfacet
  facet normal 0 0 1
    outer loop
      vertex 5.2 2.86 1.4
      vertex 4.34265 2.00265 1.4
      vertex 4.39043 1.94993 1.4
    endloop
  endfacet
  facet normal 0 0 1
    outer loop
      vertex 5.2 2.86 1.4
      vertex 4.28993 2.05043 1.4
      vertex 4.34265 2.00265 1.4
    endloop
  endfacet
  facet normal 0 0 1
    outer loop
      vertex 5.2 2.86 1.4
      vertex 4.23279 2.09282 1.4
      vertex 4.28993 2.05043 1.4
    endloop
  endfacet
  facet normal 0 0 1
    outer loop
      vertex 5.2 2.86 1.4
      vertex 4.17176 2.12939 1.4
      vertex 4.23279 2.09282 1.4
    endloop
  endfacet
  facet normal 0 0 1
    outer loop
      vertex 5.2 2.86 1.4
      vertex 4.10745 2.15981 1.4
      vertex 4.17176 2.12939 1.4
    endloop
  endfacet
  facet normal 0 0 1
    outer loop
      vertex 5.2 2.86 1.4
      vertex 4.04046 2.18378 1.4
      vertex 4.10745 2.15981 1.4
    endloop
  endfacet
  facet normal 0 0 1
    outer loop
      vertex 5.2 2.86 1.4
      vertex 3.97144 2.20107 1.4
      vertex 4.04046 2.18378 1.4
    endloop
  endfacet
  facet normal 0 0 1
    outer loop
      vertex 5.2 2.86 1.4
      vertex 3.90106 2.21151 1.4
      vertex 3.97144 2.20107 1.4
    endloop
  endfacet
  facet normal 0 0 1
    outer loop
      vertex 5.2 2.86 1.4
      vertex 3.83 2.215 1.4
      vertex 3.90106 2.21151 1.4
    endloop
  endfacet
  facet normal 0 0 1
    outer loop
      vertex 5.2 2.86 1.4
      vertex 3.75894 2.21151 1.4
      vertex 3.83 2.215 1.4
    endloop
  endfacet
  facet normal 0 0 1
    outer loop
      vertex 5.2 2.86 1.4
      vertex 3.68856 2.20107 1.4
      vertex 3.75894 2.21151 1.4
    endloop
  endfacet
  facet normal 0 0 1
    outer loop
      vertex 1.43144 2.20107 1.4
      vertex 3.68856 2.20107 1.4
      vertex 5.2 2.86 1.4
    endloop
  endfacet
  facet normal 0 0 1
    outer loop
      vertex 3.68856 2.20107 1.4
      vertex 1.43144 2.20107 1.4
      vertex 3.61954 2.18378 1.4
    endloop
  endfacet
  facet normal 0 0 1
    outer loop
      vertex 3.11893 -0.908559 1.4
      vertex 2.015 -1.05 1.4
      vertex 3.10849 -0.978937 1.4
    endloop
  endfacet
  facet normal 0 0 1
    outer loop
      vertex 3.10849 1.56106 1.4
      vertex 2.015 1.49 1.4
      vertex 3.105 1.49 1.4
    endloop
  endfacet
  facet normal 0 0 1
    outer loop
      vertex 2.01151 1.56106 1.4
      vertex 3.10849 1.56106 1.4
      vertex 3.11893 1.63144 1.4
    endloop
  endfacet
  facet normal 0 0 1
    outer loop
      vertex 2.00107 1.63144 1.4
      vertex 3.11893 1.63144 1.4
      vertex 3.13622 1.70046 1.4
    endloop
  endfacet
  facet normal 0 0 1
    outer loop
      vertex 1.98378 1.70046 1.4
      vertex 3.13622 1.70046 1.4
      vertex 3.16019 1.76745 1.4
    endloop
  endfacet
  facet normal 0 0 1
    outer loop
      vertex 1.95981 1.76745 1.4
      vertex 3.16019 1.76745 1.4
      vertex 3.19061 1.83176 1.4
    endloop
  endfacet
  facet normal 0 0 1
    outer loop
      vertex 1.92939 1.83176 1.4
      vertex 3.19061 1.83176 1.4
      vertex 3.22718 1.89279 1.4
    endloop
  endfacet
  facet normal 0 0 1
    outer loop
      vertex 1.89282 1.89279 1.4
      vertex 3.22718 1.89279 1.4
      vertex 3.26957 1.94993 1.4
    endloop
  endfacet
  facet normal 0 0 1
    outer loop
      vertex 1.85043 1.94993 1.4
      vertex 3.26957 1.94993 1.4
      vertex 3.31735 2.00265 1.4
    endloop
  endfacet
  facet normal 0 0 1
    outer loop
      vertex 1.80265 2.00265 1.4
      vertex 3.31735 2.00265 1.4
      vertex 3.37006 2.05043 1.4
    endloop
  endfacet
  facet normal 0 0 1
    outer loop
      vertex 1.74993 2.05043 1.4
      vertex 3.37006 2.05043 1.4
      vertex 3.42721 2.09282 1.4
    endloop
  endfacet
  facet normal 0 0 1
    outer loop
      vertex 1.69279 2.09282 1.4
      vertex 3.42721 2.09282 1.4
      vertex 3.48824 2.12939 1.4
    endloop
  endfacet
  facet normal 0 0 1
    outer loop
      vertex 1.63176 2.12939 1.4
      vertex 3.48824 2.12939 1.4
      vertex 3.55255 2.15981 1.4
    endloop
  endfacet
  facet normal 0 0 1
    outer loop
      vertex 3.10849 1.56106 1.4
      vertex 2.01151 1.56106 1.4
      vertex 2.015 1.49 1.4
    endloop
  endfacet
  facet normal 0 0 1
    outer loop
      vertex 3.61954 2.18378 1.4
      vertex 1.50046 2.18378 1.4
      vertex 3.55255 2.15981 1.4
    endloop
  endfacet
  facet normal 0 0 1
    outer loop
      vertex 3.11893 1.63144 1.4
      vertex 2.00107 1.63144 1.4
      vertex 2.01151 1.56106 1.4
    endloop
  endfacet
  facet normal 0 0 1
    outer loop
      vertex 3.13622 1.70046 1.4
      vertex 1.98378 1.70046 1.4
      vertex 2.00107 1.63144 1.4
    endloop
  endfacet
  facet normal 0 0 1
    outer loop
      vertex 3.16019 1.76745 1.4
      vertex 1.95981 1.76745 1.4
      vertex 1.98378 1.70046 1.4
    endloop
  endfacet
  facet normal 0 0 1
    outer loop
      vertex 3.19061 1.83176 1.4
      vertex 1.92939 1.83176 1.4
      vertex 1.95981 1.76745 1.4
    endloop
  endfacet
  facet normal 0 0 1
    outer loop
      vertex 3.22718 1.89279 1.4
      vertex 1.89282 1.89279 1.4
      vertex 1.92939 1.83176 1.4
    endloop
  endfacet
  facet normal 0 0 1
    outer loop
      vertex 3.26957 1.94993 1.4
      vertex 1.85043 1.94993 1.4
      vertex 1.89282 1.89279 1.4
    endloop
  endfacet
  facet normal 0 0 1
    outer loop
      vertex 3.31735 2.00265 1.4
      vertex 1.80265 2.00265 1.4
      vertex 1.85043 1.94993 1.4
    endloop
  endfacet
  facet normal 0 0 1
    outer loop
      vertex 3.37006 2.05043 1.4
      vertex 1.74993 2.05043 1.4
      vertex 1.80265 2.00265 1.4
    endloop
  endfacet
  facet normal 0 0 1
    outer loop
      vertex 3.42721 2.09282 1.4
      vertex 1.69279 2.09282 1.4
      vertex 1.74993 2.05043 1.4
    endloop
  endfacet
  facet normal 0 0 1
    outer loop
      vertex 3.48824 2.12939 1.4
      vertex 1.63176 2.12939 1.4
      vertex 1.69279 2.09282 1.4
    endloop
  endfacet
  facet normal 0 0 1
    outer loop
      vertex 3.55255 2.15981 1.4
      vertex 1.56745 2.15981 1.4
      vertex 1.63176 2.12939 1.4
    endloop
  endfacet
  facet normal 0 0 1
    outer loop
      vertex 3.55255 2.15981 1.4
      vertex 1.50046 2.18378 1.4
      vertex 1.56745 2.15981 1.4
    endloop
  endfacet
  facet normal 0 0 1
    outer loop
      vertex 3.61954 2.18378 1.4
      vertex 1.43144 2.20107 1.4
      vertex 1.50046 2.18378 1.4
    endloop
  endfacet
  facet normal 0 0 1
    outer loop
      vertex 5.2 2.86 1.4
      vertex 1.36106 2.21151 1.4
      vertex 1.43144 2.20107 1.4
    endloop
  endfacet
  facet normal 0 0 1
    outer loop
      vertex 5.2 2.86 1.4
      vertex 1.29 2.215 1.4
      vertex 1.36106 2.21151 1.4
    endloop
  endfacet
  facet normal 0 0 1
    outer loop
      vertex 5.2 2.86 1.4
      vertex 1.21894 2.21151 1.4
      vertex 1.29 2.215 1.4
    endloop
  endfacet
  facet normal 0 0 1
    outer loop
      vertex -1.17894 2.21151 1.4
      vertex 1.21894 2.21151 1.4
      vertex 5.2 2.86 1.4
    endloop
  endfacet
  facet normal 0 0 1
    outer loop
      vertex 0.57893 -0.908559 1.4
      vertex -0.524999 -1.05 1.4
      vertex 0.568491 -0.978937 1.4
    endloop
  endfacet
  facet normal 0 0 1
    outer loop
      vertex 0.568491 1.56106 1.4
      vertex -0.524999 1.49 1.4
      vertex 0.564999 1.49 1.4
    endloop
  endfacet
  facet normal 0 0 1
    outer loop
      vertex -0.528491 1.56106 1.4
      vertex 0.568491 1.56106 1.4
      vertex 0.57893 1.63144 1.4
    endloop
  endfacet
  facet normal 0 0 1
    outer loop
      vertex -0.53893 1.63144 1.4
      vertex 0.57893 1.63144 1.4
      vertex 0.596218 1.70046 1.4
    endloop
  endfacet
  facet normal 0 0 1
    outer loop
      vertex -0.556218 1.70046 1.4
      vertex 0.596218 1.70046 1.4
      vertex 0.620187 1.76745 1.4
    endloop
  endfacet
  facet normal 0 0 1
    outer loop
      vertex -0.580187 1.76745 1.4
      vertex 0.620187 1.76745 1.4
      vertex 0.650607 1.83176 1.4
    endloop
  endfacet
  facet normal 0 0 1
    outer loop
      vertex -0.610607 1.83176 1.4
      vertex 0.650607 1.83176 1.4
      vertex 0.687184 1.89279 1.4
    endloop
  endfacet
  facet normal 0 0 1
    outer loop
      vertex -0.647184 1.89279 1.4
      vertex 0.687184 1.89279 1.4
      vertex 0.729567 1.94993 1.4
    endloop
  endfacet
  facet normal 0 0 1
    outer loop
      vertex -0.689567 1.94993 1.4
      vertex 0.729567 1.94993 1.4
      vertex 0.777347 2.00265 1.4
    endloop
  endfacet
  facet normal 0 0 1
    outer loop
      vertex -0.737347 2.00265 1.4
      vertex 0.777347 2.00265 1.4
      vertex 0.830064 2.05043 1.4
    endloop
  endfacet
  facet normal 0 0 1
    outer loop
      vertex -0.790064 2.05043 1.4
      vertex 0.830064 2.05043 1.4
      vertex 0.887211 2.09282 1.4
    endloop
  endfacet
  facet normal 0 0 1
    outer loop
      vertex -0.847211 2.09282 1.4
      vertex 0.887211 2.09282 1.4
      vertex 0.948237 2.12939 1.4
    endloop
  endfacet
  facet normal 0 0 1
    outer loop
      vertex -0.908237 2.12939 1.4
      vertex 0.948237 2.12939 1.4
      vertex 1.01255 2.15981 1.4
    endloop
  endfacet
  facet normal 0 0 1
    outer loop
      vertex 0.568491 1.56106 1.4
      vertex -0.528491 1.56106 1.4
      vertex -0.524999 1.49 1.4
    endloop
  endfacet
  facet normal 0 0 1
    outer loop
      vertex 0.57893 1.63144 1.4
      vertex -0.53893 1.63144 1.4
      vertex -0.528491 1.56106 1.4
    endloop
  endfacet
  facet normal 0 0 1
    outer loop
      vertex -0.972554 2.15981 1.4
      vertex 1.01255 2.15981 1.4
      vertex 1.07954 2.18378 1.4
    endloop
  endfacet
  facet normal 0 0 1
    outer loop
      vertex 0.596218 1.70046 1.4
      vertex -0.556218 1.70046 1.4
      vertex -0.53893 1.63144 1.4
    endloop
  endfacet
  facet normal 0 0 1
    outer loop
      vertex 0.620187 1.76745 1.4
      vertex -0.580187 1.76745 1.4
      vertex -0.556218 1.70046 1.4
    endloop
  endfacet
  facet normal 0 0 1
    outer loop
      vertex 0.650607 1.83176 1.4
      vertex -0.610607 1.83176 1.4
      vertex -0.580187 1.76745 1.4
    endloop
  endfacet
  facet normal 0 0 1
    outer loop
      vertex -1.03954 2.18378 1.4
      vertex 1.07954 2.18378 1.4
      vertex 1.14856 2.20107 1.4
    endloop
  endfacet
  facet normal 0 0 1
    outer loop
      vertex 0.687184 1.89279 1.4
      vertex -0.647184 1.89279 1.4
      vertex -0.610607 1.83176 1.4
    endloop
  endfacet
  facet normal 0 0 1
    outer loop
      vertex 0.729567 1.94993 1.4
      vertex -0.689567 1.94993 1.4
      vertex -0.647184 1.89279 1.4
    endloop
  endfacet
  facet normal 0 0 1
    outer loop
      vertex 1.21894 2.21151 1.4
      vertex -1.17894 2.21151 1.4
      vertex 1.14856 2.20107 1.4
    endloop
  endfacet
  facet normal 0 0 1
    outer loop
      vertex 0.777347 2.00265 1.4
      vertex -0.737347 2.00265 1.4
      vertex -0.689567 1.94993 1.4
    endloop
  endfacet
  facet normal 0 0 1
    outer loop
      vertex 0.830064 2.05043 1.4
      vertex -0.790064 2.05043 1.4
      vertex -0.737347 2.00265 1.4
    endloop
  endfacet
  facet normal 0 0 1
    outer loop
      vertex 0.887211 2.09282 1.4
      vertex -0.847211 2.09282 1.4
      vertex -0.790064 2.05043 1.4
    endloop
  endfacet
  facet normal 0 0 1
    outer loop
      vertex 0.948237 2.12939 1.4
      vertex -0.908237 2.12939 1.4
      vertex -0.847211 2.09282 1.4
    endloop
  endfacet
  facet normal 0 0 1
    outer loop
      vertex 1.01255 2.15981 1.4
      vertex -0.972554 2.15981 1.4
      vertex -0.908237 2.12939 1.4
    endloop
  endfacet
  facet normal 0 0 1
    outer loop
      vertex 1.07954 2.18378 1.4
      vertex -1.03954 2.18378 1.4
      vertex -0.972554 2.15981 1.4
    endloop
  endfacet
  facet normal 0 0 1
    outer loop
      vertex 1.14856 2.20107 1.4
      vertex -1.10856 2.20107 1.4
      vertex -1.03954 2.18378 1.4
    endloop
  endfacet
  facet normal 0 0 1
    outer loop
      vertex 1.14856 2.20107 1.4
      vertex -1.17894 2.21151 1.4
      vertex -1.10856 2.20107 1.4
    endloop
  endfacet
  facet normal -0 0 1
    outer loop
      vertex -5.16 2.86 1.4
      vertex -1.17894 2.21151 1.4
      vertex 5.2 2.86 1.4
    endloop
  endfacet
  facet normal 0 0 1
    outer loop
      vertex -1.17894 2.21151 1.4
      vertex -5.16 2.86 1.4
      vertex -1.25 2.215 1.4
    endloop
  endfacet
  facet normal 0 0 1
    outer loop
      vertex -1.96107 -0.908559 1.4
      vertex -3.065 -1.05 1.4
      vertex -1.97151 -0.978937 1.4
    endloop
  endfacet
  facet normal 0 0 1
    outer loop
      vertex -1.97151 1.56106 1.4
      vertex -3.065 1.49 1.4
      vertex -1.975 1.49 1.4
    endloop
  endfacet
  facet normal 0 0 1
    outer loop
      vertex -3.06849 1.56106 1.4
      vertex -1.97151 1.56106 1.4
      vertex -1.96107 1.63144 1.4
    endloop
  endfacet
  facet normal 0 0 1
    outer loop
      vertex -3.07893 1.63144 1.4
      vertex -1.96107 1.63144 1.4
      vertex -1.94378 1.70046 1.4
    endloop
  endfacet
  facet normal 0 0 1
    outer loop
      vertex -3.09622 1.70046 1.4
      vertex -1.94378 1.70046 1.4
      vertex -1.91981 1.76745 1.4
    endloop
  endfacet
  facet normal 0 0 1
    outer loop
      vertex -3.12019 1.76745 1.4
      vertex -1.91981 1.76745 1.4
      vertex -1.88939 1.83176 1.4
    endloop
  endfacet
  facet normal 0 0 1
    outer loop
      vertex -3.15061 1.83176 1.4
      vertex -1.88939 1.83176 1.4
      vertex -1.85282 1.89279 1.4
    endloop
  endfacet
  facet normal 0 0 1
    outer loop
      vertex -3.18718 1.89279 1.4
      vertex -1.85282 1.89279 1.4
      vertex -1.81043 1.94993 1.4
    endloop
  endfacet
  facet normal 0 0 1
    outer loop
      vertex -3.22957 1.94993 1.4
      vertex -1.81043 1.94993 1.4
      vertex -1.76265 2.00265 1.4
    endloop
  endfacet
  facet normal 0 0 1
    outer loop
      vertex -3.27735 2.00265 1.4
      vertex -1.76265 2.00265 1.4
      vertex -1.70993 2.05043 1.4
    endloop
  endfacet
  facet normal 0 0 1
    outer loop
      vertex -3.33006 2.05043 1.4
      vertex -1.70993 2.05043 1.4
      vertex -1.65279 2.09282 1.4
    endloop
  endfacet
  facet normal 0 0 1
    outer loop
      vertex -3.38721 2.09282 1.4
      vertex -1.65279 2.09282 1.4
      vertex -1.59176 2.12939 1.4
    endloop
  endfacet
  facet normal 0 0 1
    outer loop
      vertex -3.44824 2.12939 1.4
      vertex -1.59176 2.12939 1.4
      vertex -1.52745 2.15981 1.4
    endloop
  endfacet
  facet normal 0 0 1
    outer loop
      vertex -1.97151 1.56106 1.4
      vertex -3.06849 1.56106 1.4
      vertex -3.065 1.49 1.4
    endloop
  endfacet
  facet normal 0 0 1
    outer loop
      vertex -1.96107 1.63144 1.4
      vertex -3.07893 1.63144 1.4
      vertex -3.06849 1.56106 1.4
    endloop
  endfacet
  facet normal 0 0 1
    outer loop
      vertex -3.51255 2.15981 1.4
      vertex -1.52745 2.15981 1.4
      vertex -1.46046 2.18378 1.4
    endloop
  endfacet
  facet normal 0 0 1
    outer loop
      vertex -1.94378 1.70046 1.4
      vertex -3.09622 1.70046 1.4
      vertex -3.07893 1.63144 1.4
    endloop
  endfacet
  facet normal 0 0 1
    outer loop
      vertex -1.91981 1.76745 1.4
      vertex -3.12019 1.76745 1.4
      vertex -3.09622 1.70046 1.4
    endloop
  endfacet
  facet normal 0 0 1
    outer loop
      vertex -1.88939 1.83176 1.4
      vertex -3.15061 1.83176 1.4
      vertex -3.12019 1.76745 1.4
    endloop
  endfacet
  facet normal 0 0 1
    outer loop
      vertex -3.57954 2.18378 1.4
      vertex -1.46046 2.18378 1.4
      vertex -1.39144 2.20107 1.4
    endloop
  endfacet
  facet normal 0 0 1
    outer loop
      vertex -1.85282 1.89279 1.4
      vertex -3.18718 1.89279 1.4
      vertex -3.15061 1.83176 1.4
    endloop
  endfacet
  facet normal 0 0 1
    outer loop
      vertex -1.81043 1.94993 1.4
      vertex -3.22957 1.94993 1.4
      vertex -3.18718 1.89279 1.4
    endloop
  endfacet
  facet normal 0 0 1
    outer loop
      vertex -5.16 2.86 1.4
      vertex -1.39144 2.20107 1.4
      vertex -1.32106 2.21151 1.4
    endloop
  endfacet
  facet normal 0 0 1
    outer loop
      vertex -1.76265 2.00265 1.4
      vertex -3.27735 2.00265 1.4
      vertex -3.22957 1.94993 1.4
    endloop
  endfacet
  facet normal 0 0 1
    outer loop
      vertex -1.70993 2.05043 1.4
      vertex -3.33006 2.05043 1.4
      vertex -3.27735 2.00265 1.4
    endloop
  endfacet
  facet normal 0 0 1
    outer loop
      vertex -1.25 2.215 1.4
      vertex -5.16 2.86 1.4
      vertex -1.32106 2.21151 1.4
    endloop
  endfacet
  facet normal 0 0 1
    outer loop
      vertex -1.65279 2.09282 1.4
      vertex -3.38721 2.09282 1.4
      vertex -3.33006 2.05043 1.4
    endloop
  endfacet
  facet normal 0 0 1
    outer loop
      vertex -1.59176 2.12939 1.4
      vertex -3.44824 2.12939 1.4
      vertex -3.38721 2.09282 1.4
    endloop
  endfacet
  facet normal 0 0 1
    outer loop
      vertex -1.52745 2.15981 1.4
      vertex -3.51255 2.15981 1.4
      vertex -3.44824 2.12939 1.4
    endloop
  endfacet
  facet normal 0 0 1
    outer loop
      vertex -1.46046 2.18378 1.4
      vertex -3.57954 2.18378 1.4
      vertex -3.51255 2.15981 1.4
    endloop
  endfacet
  facet normal 0 0 1
    outer loop
      vertex -1.39144 2.20107 1.4
      vertex -5.16 2.86 1.4
      vertex -3.64856 2.20107 1.4
    endloop
  endfacet
  facet normal 0 0 1
    outer loop
      vertex -1.39144 2.20107 1.4
      vertex -3.64856 2.20107 1.4
      vertex -3.57954 2.18378 1.4
    endloop
  endfacet
  facet normal 0 0 1
    outer loop
      vertex -3.64856 2.20107 1.4
      vertex -5.16 2.86 1.4
      vertex -3.71894 2.21151 1.4
    endloop
  endfacet
  facet normal 0 0 1
    outer loop
      vertex -3.71894 2.21151 1.4
      vertex -5.16 2.86 1.4
      vertex -3.79 2.215 1.4
    endloop
  endfacet
  facet normal 0 0 1
    outer loop
      vertex -4.50107 -0.908559 1.4
      vertex -5.16 -2.42 1.4
      vertex -4.51151 -0.978937 1.4
    endloop
  endfacet
  facet normal 0 0 1
    outer loop
      vertex -4.51151 1.56106 1.4
      vertex -5.16 2.86 1.4
      vertex -4.515 1.49 1.4
    endloop
  endfacet
  facet normal 0 0 1
    outer loop
      vertex -4.50107 1.63144 1.4
      vertex -5.16 2.86 1.4
      vertex -4.51151 1.56106 1.4
    endloop
  endfacet
  facet normal 0 0 1
    outer loop
      vertex -4.48378 1.70046 1.4
      vertex -5.16 2.86 1.4
      vertex -4.50107 1.63144 1.4
    endloop
  endfacet
  facet normal 0 0 1
    outer loop
      vertex -4.45981 1.76745 1.4
      vertex -5.16 2.86 1.4
      vertex -4.48378 1.70046 1.4
    endloop
  endfacet
  facet normal 0 0 1
    outer loop
      vertex -4.42939 1.83176 1.4
      vertex -5.16 2.86 1.4
      vertex -4.45981 1.76745 1.4
    endloop
  endfacet
  facet normal 0 0 1
    outer loop
      vertex -4.39282 1.89279 1.4
      vertex -5.16 2.86 1.4
      vertex -4.42939 1.83176 1.4
    endloop
  endfacet
  facet normal 0 0 1
    outer loop
      vertex -4.35043 1.94993 1.4
      vertex -5.16 2.86 1.4
      vertex -4.39282 1.89279 1.4
    endloop
  endfacet
  facet normal 0 0 1
    outer loop
      vertex -4.30265 2.00265 1.4
      vertex -5.16 2.86 1.4
      vertex -4.35043 1.94993 1.4
    endloop
  endfacet
  facet normal 0 0 1
    outer loop
      vertex -4.24993 2.05043 1.4
      vertex -5.16 2.86 1.4
      vertex -4.30265 2.00265 1.4
    endloop
  endfacet
  facet normal 0 0 1
    outer loop
      vertex -4.19279 2.09282 1.4
      vertex -5.16 2.86 1.4
      vertex -4.24993 2.05043 1.4
    endloop
  endfacet
  facet normal 0 0 1
    outer loop
      vertex -4.13176 2.12939 1.4
      vertex -5.16 2.86 1.4
      vertex -4.19279 2.09282 1.4
    endloop
  endfacet
  facet normal 0 0 1
    outer loop
      vertex -4.06745 2.15981 1.4
      vertex -5.16 2.86 1.4
      vertex -4.13176 2.12939 1.4
    endloop
  endfacet
  facet normal 0 0 1
    outer loop
      vertex -4.00046 2.18378 1.4
      vertex -5.16 2.86 1.4
      vertex -4.06745 2.15981 1.4
    endloop
  endfacet
  facet normal 0 0 1
    outer loop
      vertex -3.93144 2.20107 1.4
      vertex -5.16 2.86 1.4
      vertex -4.00046 2.18378 1.4
    endloop
  endfacet
  facet normal 0 0 1
    outer loop
      vertex -3.86106 2.21151 1.4
      vertex -5.16 2.86 1.4
      vertex -3.93144 2.20107 1.4
    endloop
  endfacet
  facet normal 0 0 1
    outer loop
      vertex -3.79 2.215 1.4
      vertex -5.16 2.86 1.4
      vertex -3.86106 2.21151 1.4
    endloop
  endfacet
  facet normal 0 0 1
    outer loop
      vertex 4.54107 1.34856 1.4
      vertex 5.2 2.86 1.4
      vertex 4.55151 1.41894 1.4
    endloop
  endfacet
  facet normal -0 0 1
    outer loop
      vertex 4.55151 -1.12106 1.4
      vertex 5.2 -2.42 1.4
      vertex 4.555 -1.05 1.4
    endloop
  endfacet
  facet normal -0 0 1
    outer loop
      vertex 4.54107 -1.19144 1.4
      vertex 5.2 -2.42 1.4
      vertex 4.55151 -1.12106 1.4
    endloop
  endfacet
  facet normal -0 0 1
    outer loop
      vertex 4.52378 -1.26046 1.4
      vertex 5.2 -2.42 1.4
      vertex 4.54107 -1.19144 1.4
    endloop
  endfacet
  facet normal -0 0 1
    outer loop
      vertex 4.49981 -1.32745 1.4
      vertex 5.2 -2.42 1.4
      vertex 4.52378 -1.26046 1.4
    endloop
  endfacet
  facet normal -0 0 1
    outer loop
      vertex 4.46939 -1.39176 1.4
      vertex 5.2 -2.42 1.4
      vertex 4.49981 -1.32745 1.4
    endloop
  endfacet
  facet normal -0 0 1
    outer loop
      vertex 4.43282 -1.45279 1.4
      vertex 5.2 -2.42 1.4
      vertex 4.46939 -1.39176 1.4
    endloop
  endfacet
  facet normal -0 0 1
    outer loop
      vertex 4.39043 -1.50993 1.4
      vertex 5.2 -2.42 1.4
      vertex 4.43282 -1.45279 1.4
    endloop
  endfacet
  facet normal -0 0 1
    outer loop
      vertex 4.34265 -1.56265 1.4
      vertex 5.2 -2.42 1.4
      vertex 4.39043 -1.50993 1.4
    endloop
  endfacet
  facet normal -0 0 1
    outer loop
      vertex 4.28993 -1.61043 1.4
      vertex 5.2 -2.42 1.4
      vertex 4.34265 -1.56265 1.4
    endloop
  endfacet
  facet normal -0 0 1
    outer loop
      vertex 4.23279 -1.65282 1.4
      vertex 5.2 -2.42 1.4
      vertex 4.28993 -1.61043 1.4
    endloop
  endfacet
  facet normal -0 0 1
    outer loop
      vertex 4.17176 -1.68939 1.4
      vertex 5.2 -2.42 1.4
      vertex 4.23279 -1.65282 1.4
    endloop
  endfacet
  facet normal -0 0 1
    outer loop
      vertex 4.10745 -1.71981 1.4
      vertex 5.2 -2.42 1.4
      vertex 4.17176 -1.68939 1.4
    endloop
  endfacet
  facet normal -0 0 1
    outer loop
      vertex 4.04046 -1.74378 1.4
      vertex 5.2 -2.42 1.4
      vertex 4.10745 -1.71981 1.4
    endloop
  endfacet
  facet normal -0 0 1
    outer loop
      vertex 3.97144 -1.76107 1.4
      vertex 5.2 -2.42 1.4
      vertex 4.04046 -1.74378 1.4
    endloop
  endfacet
  facet normal -0 0 1
    outer loop
      vertex 3.90106 -1.77151 1.4
      vertex 5.2 -2.42 1.4
      vertex 3.97144 -1.76107 1.4
    endloop
  endfacet
  facet normal -0 0 1
    outer loop
      vertex 3.83 -1.775 1.4
      vertex 5.2 -2.42 1.4
      vertex 3.90106 -1.77151 1.4
    endloop
  endfacet
  facet normal 0 0 1
    outer loop
      vertex 3.75894 -1.77151 1.4
      vertex 5.2 -2.42 1.4
      vertex 3.83 -1.775 1.4
    endloop
  endfacet
  facet normal 0 0 1
    outer loop
      vertex 3.68856 -1.76107 1.4
      vertex 5.2 -2.42 1.4
      vertex 3.75894 -1.77151 1.4
    endloop
  endfacet
  facet normal 0 0 1
    outer loop
      vertex 1.43144 -1.76107 1.4
      vertex 3.68856 -1.76107 1.4
      vertex 3.61954 -1.74378 1.4
    endloop
  endfacet
  facet normal 0 0 1
    outer loop
      vertex 1.50046 -1.74378 1.4
      vertex 3.61954 -1.74378 1.4
      vertex 3.55255 -1.71981 1.4
    endloop
  endfacet
  facet normal 0 0 1
    outer loop
      vertex 3.10849 -0.978937 1.4
      vertex 2.015 -1.05 1.4
      vertex 3.105 -1.05 1.4
    endloop
  endfacet
  facet normal 0 0 1
    outer loop
      vertex 3.105 -1.05 1.4
      vertex 2.015 -1.05 1.4
      vertex 3.10849 -1.12106 1.4
    endloop
  endfacet
  facet normal 0 0 1
    outer loop
      vertex 2.01151 -1.12106 1.4
      vertex 3.10849 -1.12106 1.4
      vertex 2.015 -1.05 1.4
    endloop
  endfacet
  facet normal 0 0 1
    outer loop
      vertex 3.10849 -1.12106 1.4
      vertex 2.01151 -1.12106 1.4
      vertex 3.11893 -1.19144 1.4
    endloop
  endfacet
  facet normal 0 0 1
    outer loop
      vertex 2.00107 -1.19144 1.4
      vertex 3.11893 -1.19144 1.4
      vertex 2.01151 -1.12106 1.4
    endloop
  endfacet
  facet normal 0 0 1
    outer loop
      vertex 3.11893 -1.19144 1.4
      vertex 2.00107 -1.19144 1.4
      vertex 3.13622 -1.26046 1.4
    endloop
  endfacet
  facet normal 0 0 1
    outer loop
      vertex 1.98378 -1.26046 1.4
      vertex 3.13622 -1.26046 1.4
      vertex 2.00107 -1.19144 1.4
    endloop
  endfacet
  facet normal 0 0 1
    outer loop
      vertex 3.13622 -1.26046 1.4
      vertex 1.98378 -1.26046 1.4
      vertex 3.16019 -1.32745 1.4
    endloop
  endfacet
  facet normal 0 0 1
    outer loop
      vertex 1.95981 -1.32745 1.4
      vertex 3.16019 -1.32745 1.4
      vertex 1.98378 -1.26046 1.4
    endloop
  endfacet
  facet normal 0 0 1
    outer loop
      vertex 3.16019 -1.32745 1.4
      vertex 1.95981 -1.32745 1.4
      vertex 3.19061 -1.39176 1.4
    endloop
  endfacet
  facet normal 0 0 1
    outer loop
      vertex 1.92939 -1.39176 1.4
      vertex 3.19061 -1.39176 1.4
      vertex 1.95981 -1.32745 1.4
    endloop
  endfacet
  facet normal 0 0 1
    outer loop
      vertex 3.19061 -1.39176 1.4
      vertex 1.92939 -1.39176 1.4
      vertex 3.22718 -1.45279 1.4
    endloop
  endfacet
  facet normal 0 0 1
    outer loop
      vertex 1.89282 -1.45279 1.4
      vertex 3.22718 -1.45279 1.4
      vertex 1.92939 -1.39176 1.4
    endloop
  endfacet
  facet normal 0 0 1
    outer loop
      vertex 3.22718 -1.45279 1.4
      vertex 1.89282 -1.45279 1.4
      vertex 3.26957 -1.50993 1.4
    endloop
  endfacet
  facet normal 0 0 1
    outer loop
      vertex 1.85043 -1.50993 1.4
      vertex 3.26957 -1.50993 1.4
      vertex 1.89282 -1.45279 1.4
    endloop
  endfacet
  facet normal 0 0 1
    outer loop
      vertex 3.26957 -1.50993 1.4
      vertex 1.85043 -1.50993 1.4
      vertex 3.31735 -1.56265 1.4
    endloop
  endfacet
  facet normal 0 0 1
    outer loop
      vertex 1.80265 -1.56265 1.4
      vertex 3.31735 -1.56265 1.4
      vertex 1.85043 -1.50993 1.4
    endloop
  endfacet
  facet normal 0 0 1
    outer loop
      vertex 3.31735 -1.56265 1.4
      vertex 1.80265 -1.56265 1.4
      vertex 3.37006 -1.61043 1.4
    endloop
  endfacet
  facet normal 0 0 1
    outer loop
      vertex 1.74993 -1.61043 1.4
      vertex 3.37006 -1.61043 1.4
      vertex 1.80265 -1.56265 1.4
    endloop
  endfacet
  facet normal 0 0 1
    outer loop
      vertex 3.37006 -1.61043 1.4
      vertex 1.74993 -1.61043 1.4
      vertex 3.42721 -1.65282 1.4
    endloop
  endfacet
  facet normal 0 0 1
    outer loop
      vertex 1.69279 -1.65282 1.4
      vertex 3.42721 -1.65282 1.4
      vertex 1.74993 -1.61043 1.4
    endloop
  endfacet
  facet normal 0 0 1
    outer loop
      vertex 3.42721 -1.65282 1.4
      vertex 1.69279 -1.65282 1.4
      vertex 3.48824 -1.68939 1.4
    endloop
  endfacet
  facet normal 0 0 1
    outer loop
      vertex 1.63176 -1.68939 1.4
      vertex 3.48824 -1.68939 1.4
      vertex 1.69279 -1.65282 1.4
    endloop
  endfacet
  facet normal 0 0 1
    outer loop
      vertex 3.48824 -1.68939 1.4
      vertex 1.63176 -1.68939 1.4
      vertex 3.55255 -1.71981 1.4
    endloop
  endfacet
  facet normal 0 0 1
    outer loop
      vertex 1.56745 -1.71981 1.4
      vertex 3.55255 -1.71981 1.4
      vertex 1.63176 -1.68939 1.4
    endloop
  endfacet
  facet normal 0 0 1
    outer loop
      vertex 1.50046 -1.74378 1.4
      vertex 3.55255 -1.71981 1.4
      vertex 1.56745 -1.71981 1.4
    endloop
  endfacet
  facet normal 0 0 1
    outer loop
      vertex 1.43144 -1.76107 1.4
      vertex 3.61954 -1.74378 1.4
      vertex 1.50046 -1.74378 1.4
    endloop
  endfacet
  facet normal 0 0 1
    outer loop
      vertex 3.68856 -1.76107 1.4
      vertex 1.43144 -1.76107 1.4
      vertex 5.2 -2.42 1.4
    endloop
  endfacet
  facet normal -0 0 1
    outer loop
      vertex 1.36106 -1.77151 1.4
      vertex 5.2 -2.42 1.4
      vertex 1.43144 -1.76107 1.4
    endloop
  endfacet
  facet normal -0 0 1
    outer loop
      vertex 1.29 -1.775 1.4
      vertex 5.2 -2.42 1.4
      vertex 1.36106 -1.77151 1.4
    endloop
  endfacet
  facet normal 0 0 1
    outer loop
      vertex 1.21894 -1.77151 1.4
      vertex 5.2 -2.42 1.4
      vertex 1.29 -1.775 1.4
    endloop
  endfacet
  facet normal 0 0 1
    outer loop
      vertex -1.17894 -1.77151 1.4
      vertex 1.21894 -1.77151 1.4
      vertex 1.14856 -1.76107 1.4
    endloop
  endfacet
  facet normal 0 0 1
    outer loop
      vertex 0.568491 -0.978937 1.4
      vertex -0.524999 -1.05 1.4
      vertex 0.564999 -1.05 1.4
    endloop
  endfacet
  facet normal 0 0 1
    outer loop
      vertex 0.564999 -1.05 1.4
      vertex -0.524999 -1.05 1.4
      vertex 0.568491 -1.12106 1.4
    endloop
  endfacet
  facet normal 0 0 1
    outer loop
      vertex -0.528491 -1.12106 1.4
      vertex 0.568491 -1.12106 1.4
      vertex -0.524999 -1.05 1.4
    endloop
  endfacet
  facet normal 0 0 1
    outer loop
      vertex 0.568491 -1.12106 1.4
      vertex -0.528491 -1.12106 1.4
      vertex 0.57893 -1.19144 1.4
    endloop
  endfacet
  facet normal 0 0 1
    outer loop
      vertex -0.53893 -1.19144 1.4
      vertex 0.57893 -1.19144 1.4
      vertex -0.528491 -1.12106 1.4
    endloop
  endfacet
  facet normal 0 0 1
    outer loop
      vertex 0.57893 -1.19144 1.4
      vertex -0.53893 -1.19144 1.4
      vertex 0.596218 -1.26046 1.4
    endloop
  endfacet
  facet normal 0 0 1
    outer loop
      vertex -0.556218 -1.26046 1.4
      vertex 0.596218 -1.26046 1.4
      vertex -0.53893 -1.19144 1.4
    endloop
  endfacet
  facet normal 0 0 1
    outer loop
      vertex 0.596218 -1.26046 1.4
      vertex -0.556218 -1.26046 1.4
      vertex 0.620187 -1.32745 1.4
    endloop
  endfacet
  facet normal 0 0 1
    outer loop
      vertex -0.580187 -1.32745 1.4
      vertex 0.620187 -1.32745 1.4
      vertex -0.556218 -1.26046 1.4
    endloop
  endfacet
  facet normal 0 0 1
    outer loop
      vertex 0.620187 -1.32745 1.4
      vertex -0.580187 -1.32745 1.4
      vertex 0.650607 -1.39176 1.4
    endloop
  endfacet
  facet normal 0 0 1
    outer loop
      vertex -0.610607 -1.39176 1.4
      vertex 0.650607 -1.39176 1.4
      vertex -0.580187 -1.32745 1.4
    endloop
  endfacet
  facet normal 0 0 1
    outer loop
      vertex 0.650607 -1.39176 1.4
      vertex -0.610607 -1.39176 1.4
      vertex 0.687184 -1.45279 1.4
    endloop
  endfacet
  facet normal 0 0 1
    outer loop
      vertex -0.647184 -1.45279 1.4
      vertex 0.687184 -1.45279 1.4
      vertex -0.610607 -1.39176 1.4
    endloop
  endfacet
  facet normal 0 0 1
    outer loop
      vertex 0.687184 -1.45279 1.4
      vertex -0.647184 -1.45279 1.4
      vertex 0.729567 -1.50993 1.4
    endloop
  endfacet
  facet normal 0 0 1
    outer loop
      vertex -0.689567 -1.50993 1.4
      vertex 0.729567 -1.50993 1.4
      vertex -0.647184 -1.45279 1.4
    endloop
  endfacet
  facet normal 0 0 1
    outer loop
      vertex 0.729567 -1.50993 1.4
      vertex -0.689567 -1.50993 1.4
      vertex 0.777347 -1.56265 1.4
    endloop
  endfacet
  facet normal 0 0 1
    outer loop
      vertex -0.737347 -1.56265 1.4
      vertex 0.777347 -1.56265 1.4
      vertex -0.689567 -1.50993 1.4
    endloop
  endfacet
  facet normal 0 0 1
    outer loop
      vertex 0.777347 -1.56265 1.4
      vertex -0.737347 -1.56265 1.4
      vertex 0.830064 -1.61043 1.4
    endloop
  endfacet
  facet normal 0 0 1
    outer loop
      vertex -0.790064 -1.61043 1.4
      vertex 0.830064 -1.61043 1.4
      vertex -0.737347 -1.56265 1.4
    endloop
  endfacet
  facet normal 0 0 1
    outer loop
      vertex 0.830064 -1.61043 1.4
      vertex -0.790064 -1.61043 1.4
      vertex 0.887211 -1.65282 1.4
    endloop
  endfacet
  facet normal 0 0 1
    outer loop
      vertex -0.847211 -1.65282 1.4
      vertex 0.887211 -1.65282 1.4
      vertex -0.790064 -1.61043 1.4
    endloop
  endfacet
  facet normal 0 0 1
    outer loop
      vertex 0.887211 -1.65282 1.4
      vertex -0.847211 -1.65282 1.4
      vertex 0.948237 -1.68939 1.4
    endloop
  endfacet
  facet normal 0 0 1
    outer loop
      vertex -0.908237 -1.68939 1.4
      vertex 0.948237 -1.68939 1.4
      vertex -0.847211 -1.65282 1.4
    endloop
  endfacet
  facet normal 0 0 1
    outer loop
      vertex 0.948237 -1.68939 1.4
      vertex -0.908237 -1.68939 1.4
      vertex 1.01255 -1.71981 1.4
    endloop
  endfacet
  facet normal 0 0 1
    outer loop
      vertex -0.972554 -1.71981 1.4
      vertex 1.01255 -1.71981 1.4
      vertex -0.908237 -1.68939 1.4
    endloop
  endfacet
  facet normal 0 0 1
    outer loop
      vertex 1.01255 -1.71981 1.4
      vertex -0.972554 -1.71981 1.4
      vertex 1.07954 -1.74378 1.4
    endloop
  endfacet
  facet normal 0 0 1
    outer loop
      vertex -1.03954 -1.74378 1.4
      vertex 1.07954 -1.74378 1.4
      vertex -0.972554 -1.71981 1.4
    endloop
  endfacet
  facet normal 0 0 1
    outer loop
      vertex 1.07954 -1.74378 1.4
      vertex -1.03954 -1.74378 1.4
      vertex 1.14856 -1.76107 1.4
    endloop
  endfacet
  facet normal 0 0 1
    outer loop
      vertex -1.10856 -1.76107 1.4
      vertex 1.14856 -1.76107 1.4
      vertex -1.03954 -1.74378 1.4
    endloop
  endfacet
  facet normal 0 0 1
    outer loop
      vertex -1.17894 -1.77151 1.4
      vertex 1.14856 -1.76107 1.4
      vertex -1.10856 -1.76107 1.4
    endloop
  endfacet
  facet normal 0 0 1
    outer loop
      vertex 1.21894 -1.77151 1.4
      vertex -1.17894 -1.77151 1.4
      vertex 5.2 -2.42 1.4
    endloop
  endfacet
  facet normal 0 0 1
    outer loop
      vertex -5.16 -2.42 1.4
      vertex -1.17894 -1.77151 1.4
      vertex -1.25 -1.775 1.4
    endloop
  endfacet
  facet normal 0 0 1
    outer loop
      vertex -5.16 -2.42 1.4
      vertex -1.25 -1.775 1.4
      vertex -1.32106 -1.77151 1.4
    endloop
  endfacet
  facet normal 0 0 1
    outer loop
      vertex -1.97151 -0.978937 1.4
      vertex -3.065 -1.05 1.4
      vertex -1.975 -1.05 1.4
    endloop
  endfacet
  facet normal 0 0 1
    outer loop
      vertex -1.975 -1.05 1.4
      vertex -3.065 -1.05 1.4
      vertex -1.97151 -1.12106 1.4
    endloop
  endfacet
  facet normal 0 0 1
    outer loop
      vertex -3.06849 -1.12106 1.4
      vertex -1.97151 -1.12106 1.4
      vertex -3.065 -1.05 1.4
    endloop
  endfacet
  facet normal 0 0 1
    outer loop
      vertex -1.97151 -1.12106 1.4
      vertex -3.06849 -1.12106 1.4
      vertex -1.96107 -1.19144 1.4
    endloop
  endfacet
  facet normal 0 0 1
    outer loop
      vertex -3.07893 -1.19144 1.4
      vertex -1.96107 -1.19144 1.4
      vertex -3.06849 -1.12106 1.4
    endloop
  endfacet
  facet normal 0 0 1
    outer loop
      vertex -1.96107 -1.19144 1.4
      vertex -3.07893 -1.19144 1.4
      vertex -1.94378 -1.26046 1.4
    endloop
  endfacet
  facet normal 0 0 1
    outer loop
      vertex -3.09622 -1.26046 1.4
      vertex -1.94378 -1.26046 1.4
      vertex -3.07893 -1.19144 1.4
    endloop
  endfacet
  facet normal 0 0 1
    outer loop
      vertex -1.94378 -1.26046 1.4
      vertex -3.09622 -1.26046 1.4
      vertex -1.91981 -1.32745 1.4
    endloop
  endfacet
  facet normal 0 0 1
    outer loop
      vertex -3.12019 -1.32745 1.4
      vertex -1.91981 -1.32745 1.4
      vertex -3.09622 -1.26046 1.4
    endloop
  endfacet
  facet normal 0 0 1
    outer loop
      vertex -1.91981 -1.32745 1.4
      vertex -3.12019 -1.32745 1.4
      vertex -1.88939 -1.39176 1.4
    endloop
  endfacet
  facet normal 0 0 1
    outer loop
      vertex -3.15061 -1.39176 1.4
      vertex -1.88939 -1.39176 1.4
      vertex -3.12019 -1.32745 1.4
    endloop
  endfacet
  facet normal 0 0 1
    outer loop
      vertex -1.88939 -1.39176 1.4
      vertex -3.15061 -1.39176 1.4
      vertex -1.85282 -1.45279 1.4
    endloop
  endfacet
  facet normal 0 0 1
    outer loop
      vertex -3.18718 -1.45279 1.4
      vertex -1.85282 -1.45279 1.4
      vertex -3.15061 -1.39176 1.4
    endloop
  endfacet
  facet normal 0 0 1
    outer loop
      vertex -1.85282 -1.45279 1.4
      vertex -3.18718 -1.45279 1.4
      vertex -1.81043 -1.50993 1.4
    endloop
  endfacet
  facet normal 0 0 1
    outer loop
      vertex -3.22957 -1.50993 1.4
      vertex -1.81043 -1.50993 1.4
      vertex -3.18718 -1.45279 1.4
    endloop
  endfacet
  facet normal 0 0 1
    outer loop
      vertex -1.81043 -1.50993 1.4
      vertex -3.22957 -1.50993 1.4
      vertex -1.76265 -1.56265 1.4
    endloop
  endfacet
  facet normal 0 0 1
    outer loop
      vertex -3.27735 -1.56265 1.4
      vertex -1.76265 -1.56265 1.4
      vertex -3.22957 -1.50993 1.4
    endloop
  endfacet
  facet normal 0 0 1
    outer loop
      vertex -1.76265 -1.56265 1.4
      vertex -3.27735 -1.56265 1.4
      vertex -1.70993 -1.61043 1.4
    endloop
  endfacet
  facet normal 0 0 1
    outer loop
      vertex -3.33006 -1.61043 1.4
      vertex -1.70993 -1.61043 1.4
      vertex -3.27735 -1.56265 1.4
    endloop
  endfacet
  facet normal 0 0 1
    outer loop
      vertex -1.70993 -1.61043 1.4
      vertex -3.33006 -1.61043 1.4
      vertex -1.65279 -1.65282 1.4
    endloop
  endfacet
  facet normal 0 0 1
    outer loop
      vertex -3.38721 -1.65282 1.4
      vertex -1.65279 -1.65282 1.4
      vertex -3.33006 -1.61043 1.4
    endloop
  endfacet
  facet normal 0 0 1
    outer loop
      vertex -1.65279 -1.65282 1.4
      vertex -3.38721 -1.65282 1.4
      vertex -1.59176 -1.68939 1.4
    endloop
  endfacet
  facet normal 0 0 1
    outer loop
      vertex -3.44824 -1.68939 1.4
      vertex -1.59176 -1.68939 1.4
      vertex -3.38721 -1.65282 1.4
    endloop
  endfacet
  facet normal 0 0 1
    outer loop
      vertex -1.59176 -1.68939 1.4
      vertex -3.44824 -1.68939 1.4
      vertex -1.52745 -1.71981 1.4
    endloop
  endfacet
  facet normal 0 0 1
    outer loop
      vertex -3.51255 -1.71981 1.4
      vertex -1.52745 -1.71981 1.4
      vertex -3.44824 -1.68939 1.4
    endloop
  endfacet
  facet normal 0 0 1
    outer loop
      vertex -1.52745 -1.71981 1.4
      vertex -3.51255 -1.71981 1.4
      vertex -1.46046 -1.74378 1.4
    endloop
  endfacet
  facet normal 0 0 1
    outer loop
      vertex -3.57954 -1.74378 1.4
      vertex -1.46046 -1.74378 1.4
      vertex -3.51255 -1.71981 1.4
    endloop
  endfacet
  facet normal 0 0 1
    outer loop
      vertex -1.46046 -1.74378 1.4
      vertex -3.57954 -1.74378 1.4
      vertex -1.39144 -1.76107 1.4
    endloop
  endfacet
  facet normal 0 0 1
    outer loop
      vertex -3.64856 -1.76107 1.4
      vertex -1.39144 -1.76107 1.4
      vertex -3.57954 -1.74378 1.4
    endloop
  endfacet
  facet normal 0 0 1
    outer loop
      vertex -5.16 -2.42 1.4
      vertex -1.39144 -1.76107 1.4
      vertex -3.64856 -1.76107 1.4
    endloop
  endfacet
  facet normal 0 0 1
    outer loop
      vertex -1.39144 -1.76107 1.4
      vertex -5.16 -2.42 1.4
      vertex -1.32106 -1.77151 1.4
    endloop
  endfacet
  facet normal 0 0 1
    outer loop
      vertex -5.16 -2.42 1.4
      vertex -3.64856 -1.76107 1.4
      vertex -3.71894 -1.77151 1.4
    endloop
  endfacet
  facet normal 0 0 1
    outer loop
      vertex -5.16 -2.42 1.4
      vertex -3.71894 -1.77151 1.4
      vertex -3.79 -1.775 1.4
    endloop
  endfacet
  facet normal 0 0 1
    outer loop
      vertex -5.16 -2.42 1.4
      vertex -3.79 -1.775 1.4
      vertex -3.86106 -1.77151 1.4
    endloop
  endfacet
  facet normal 0 0 1
    outer loop
      vertex -4.51151 -0.978937 1.4
      vertex -5.16 -2.42 1.4
      vertex -4.515 -1.05 1.4
    endloop
  endfacet
  facet normal 0 0 1
    outer loop
      vertex -4.515 -1.05 1.4
      vertex -5.16 -2.42 1.4
      vertex -4.51151 -1.12106 1.4
    endloop
  endfacet
  facet normal 0 0 1
    outer loop
      vertex -1.17894 -1.77151 1.4
      vertex -5.16 -2.42 1.4
      vertex 5.2 -2.42 1.4
    endloop
  endfacet
  facet normal 0 0 1
    outer loop
      vertex -3.93144 -1.76107 1.4
      vertex -5.16 -2.42 1.4
      vertex -3.86106 -1.77151 1.4
    endloop
  endfacet
  facet normal 0 0 1
    outer loop
      vertex -4.00046 -1.74378 1.4
      vertex -5.16 -2.42 1.4
      vertex -3.93144 -1.76107 1.4
    endloop
  endfacet
  facet normal 0 0 1
    outer loop
      vertex -4.06745 -1.71981 1.4
      vertex -5.16 -2.42 1.4
      vertex -4.00046 -1.74378 1.4
    endloop
  endfacet
  facet normal 0 0 1
    outer loop
      vertex -4.13176 -1.68939 1.4
      vertex -5.16 -2.42 1.4
      vertex -4.06745 -1.71981 1.4
    endloop
  endfacet
  facet normal 0 0 1
    outer loop
      vertex -4.19279 -1.65282 1.4
      vertex -5.16 -2.42 1.4
      vertex -4.13176 -1.68939 1.4
    endloop
  endfacet
  facet normal 0 0 1
    outer loop
      vertex -4.24993 -1.61043 1.4
      vertex -5.16 -2.42 1.4
      vertex -4.19279 -1.65282 1.4
    endloop
  endfacet
  facet normal 0 0 1
    outer loop
      vertex -4.30265 -1.56265 1.4
      vertex -5.16 -2.42 1.4
      vertex -4.24993 -1.61043 1.4
    endloop
  endfacet
  facet normal 0 0 1
    outer loop
      vertex -4.35043 -1.50993 1.4
      vertex -5.16 -2.42 1.4
      vertex -4.30265 -1.56265 1.4
    endloop
  endfacet
  facet normal 0 0 1
    outer loop
      vertex -4.39282 -1.45279 1.4
      vertex -5.16 -2.42 1.4
      vertex -4.35043 -1.50993 1.4
    endloop
  endfacet
  facet normal 0 0 1
    outer loop
      vertex -4.42939 -1.39176 1.4
      vertex -5.16 -2.42 1.4
      vertex -4.39282 -1.45279 1.4
    endloop
  endfacet
  facet normal 0 0 1
    outer loop
      vertex -4.45981 -1.32745 1.4
      vertex -5.16 -2.42 1.4
      vertex -4.42939 -1.39176 1.4
    endloop
  endfacet
  facet normal 0 0 1
    outer loop
      vertex -4.48378 -1.26046 1.4
      vertex -5.16 -2.42 1.4
      vertex -4.45981 -1.32745 1.4
    endloop
  endfacet
  facet normal 0 0 1
    outer loop
      vertex -4.50107 -1.19144 1.4
      vertex -5.16 -2.42 1.4
      vertex -4.48378 -1.26046 1.4
    endloop
  endfacet
  facet normal 0 0 1
    outer loop
      vertex -4.51151 -1.12106 1.4
      vertex -5.16 -2.42 1.4
      vertex -4.50107 -1.19144 1.4
    endloop
  endfacet
  facet normal 1 -0 0
    outer loop
      vertex -5.16 -2.42 8
      vertex -5.16 2.86 1.4
      vertex -5.16 2.86 8
    endloop
  endfacet
  facet normal 1 0 0
    outer loop
      vertex -5.16 2.86 1.4
      vertex -5.16 -2.42 8
      vertex -5.16 -2.42 1.4
    endloop
  endfacet
  facet normal 0 -1 0
    outer loop
      vertex -5.16 2.86 1.4
      vertex 5.2 2.86 8
      vertex -5.16 2.86 8
    endloop
  endfacet
  facet normal 0 -1 -0
    outer loop
      vertex 5.2 2.86 8
      vertex -5.16 2.86 1.4
      vertex 5.2 2.86 1.4
    endloop
  endfacet
  facet normal 0 1 -0
    outer loop
      vertex 5.2 -2.42 1.4
      vertex -5.16 -2.42 8
      vertex 5.2 -2.42 8
    endloop
  endfacet
  facet normal 0 1 0
    outer loop
      vertex -5.16 -2.42 8
      vertex 5.2 -2.42 1.4
      vertex -5.16 -2.42 1.4
    endloop
  endfacet
  facet normal -0.989174 -0.146746 0
    outer loop
      vertex -9.86156 -12.8152 0
      vertex -9.89037 -12.621 8
      vertex -9.89037 -12.621 0
    endloop
  endfacet
  facet normal -0.989174 -0.146746 0
    outer loop
      vertex -9.89037 -12.621 8
      vertex -9.86156 -12.8152 0
      vertex -9.86156 -12.8152 8
    endloop
  endfacet
  facet normal -0.998798 -0.0490226 0
    outer loop
      vertex -9.89037 -12.621 0
      vertex -9.89999 -12.425 8
      vertex -9.89999 -12.425 0
    endloop
  endfacet
  facet normal -0.998798 -0.0490226 0
    outer loop
      vertex -9.89999 -12.425 8
      vertex -9.89037 -12.621 0
      vertex -9.89037 -12.621 8
    endloop
  endfacet
  facet normal 0.803301 -0.595573 0
    outer loop
      vertex 9.44601 -13.6938 8
      vertex 9.56293 -13.5361 0
      vertex 9.56293 -13.5361 8
    endloop
  endfacet
  facet normal 0.803301 -0.595573 0
    outer loop
      vertex 9.56293 -13.5361 0
      vertex 9.44601 -13.6938 8
      vertex 9.44601 -13.6938 0
    endloop
  endfacet
  facet normal -0.0489135 0.998803 0
    outer loop
      vertex -7.89999 14.425 0
      vertex -8.09602 14.4154 8
      vertex -7.89999 14.425 8
    endloop
  endfacet
  facet normal -0.0489135 0.998803 0
    outer loop
      vertex -8.09602 14.4154 8
      vertex -7.89999 14.425 0
      vertex -8.09602 14.4154 0
    endloop
  endfacet
  facet normal 0.336788 0.94158 -0
    outer loop
      vertex 8.66536 14.2728 0
      vertex 8.48056 14.3389 8
      vertex 8.66536 14.2728 8
    endloop
  endfacet
  facet normal 0.336788 0.94158 0
    outer loop
      vertex 8.48056 14.3389 8
      vertex 8.66536 14.2728 0
      vertex 8.48056 14.3389 0
    endloop
  endfacet
  facet normal -0.671531 0.740977 0
    outer loop
      vertex -9.16878 13.971 0
      vertex -9.31421 13.8392 8
      vertex -9.16878 13.971 8
    endloop
  endfacet
  facet normal -0.671531 0.740977 0
    outer loop
      vertex -9.31421 13.8392 8
      vertex -9.16878 13.971 0
      vertex -9.31421 13.8392 0
    endloop
  endfacet
  facet normal -0.146726 -0.989177 0
    outer loop
      vertex -8.29018 -14.3866 0
      vertex -8.09602 -14.4154 8
      vertex -8.29018 -14.3866 8
    endloop
  endfacet
  facet normal -0.146726 -0.989177 -0
    outer loop
      vertex -8.09602 -14.4154 8
      vertex -8.29018 -14.3866 0
      vertex -8.09602 -14.4154 0
    endloop
  endfacet
  facet normal 0 0 -1
    outer loop
      vertex -3.15061 -0.708237 0
      vertex -1.88939 -0.708237 0
      vertex -3.12019 -0.772554 0
    endloop
  endfacet
  facet normal 0 0 -1
    outer loop
      vertex -1.81043 1.03006 0
      vertex -3.06849 1.41894 0
      vertex -3.065 1.49 0
    endloop
  endfacet
  facet normal 0 0 -1
    outer loop
      vertex -1.88939 -0.708237 0
      vertex -3.15061 -0.708237 0
      vertex -1.85282 -0.647211 0
    endloop
  endfacet
  facet normal 0 0 -1
    outer loop
      vertex -1.81043 1.03006 0
      vertex -3.07893 1.34856 0
      vertex -3.06849 1.41894 0
    endloop
  endfacet
  facet normal 0 0 -1
    outer loop
      vertex -3.18718 -0.647211 0
      vertex -1.85282 -0.647211 0
      vertex -3.15061 -0.708237 0
    endloop
  endfacet
  facet normal 0 0 -1
    outer loop
      vertex -1.81043 1.03006 0
      vertex -3.09622 1.27954 0
      vertex -3.07893 1.34856 0
    endloop
  endfacet
  facet normal 0 0 -1
    outer loop
      vertex -1.85282 -0.647211 0
      vertex -3.18718 -0.647211 0
      vertex -1.81043 -0.590064 0
    endloop
  endfacet
  facet normal 0 0 -1
    outer loop
      vertex -1.81043 1.03006 0
      vertex -3.12019 1.21255 0
      vertex -3.09622 1.27954 0
    endloop
  endfacet
  facet normal 0 0 -1
    outer loop
      vertex -3.22957 -0.590064 0
      vertex -1.81043 -0.590064 0
      vertex -3.18718 -0.647211 0
    endloop
  endfacet
  facet normal 0 0 -1
    outer loop
      vertex -1.81043 1.03006 0
      vertex -3.15061 1.14824 0
      vertex -3.12019 1.21255 0
    endloop
  endfacet
  facet normal 0 0 -1
    outer loop
      vertex -3.27735 -0.537347 0
      vertex -1.81043 -0.590064 0
      vertex -3.22957 -0.590064 0
    endloop
  endfacet
  facet normal 0 0 -1
    outer loop
      vertex -1.81043 1.03006 0
      vertex -3.18718 1.08721 0
      vertex -3.15061 1.14824 0
    endloop
  endfacet
  facet normal 0 0 -1
    outer loop
      vertex -1.81043 -0.590064 0
      vertex -3.27735 -0.537347 0
      vertex -1.81043 1.03006 0
    endloop
  endfacet
  facet normal 0 0 -1
    outer loop
      vertex -1.81043 1.03006 0
      vertex -3.22957 1.03006 0
      vertex -3.18718 1.08721 0
    endloop
  endfacet
  facet normal 0 0 -1
    outer loop
      vertex -3.27735 0.977347 0
      vertex -1.81043 1.03006 0
      vertex -3.27735 -0.537347 0
    endloop
  endfacet
  facet normal -0 0 -1
    outer loop
      vertex -1.81043 1.03006 0
      vertex -3.27735 0.977347 0
      vertex -3.22957 1.03006 0
    endloop
  endfacet
  facet normal 0 0 -1
    outer loop
      vertex -3.33006 -0.489567 0
      vertex -3.27735 0.977347 0
      vertex -3.27735 -0.537347 0
    endloop
  endfacet
  facet normal 0 0 -1
    outer loop
      vertex -3.33006 -0.489567 0
      vertex -3.33006 0.929567 0
      vertex -3.27735 0.977347 0
    endloop
  endfacet
  facet normal 0 0 -1
    outer loop
      vertex -3.38721 -0.447184 0
      vertex -3.33006 0.929567 0
      vertex -3.33006 -0.489567 0
    endloop
  endfacet
  facet normal 0 0 -1
    outer loop
      vertex -3.38721 -0.447184 0
      vertex -3.38721 0.887184 0
      vertex -3.33006 0.929567 0
    endloop
  endfacet
  facet normal 0 0 -1
    outer loop
      vertex -3.44824 -0.410607 0
      vertex -3.38721 0.887184 0
      vertex -3.38721 -0.447184 0
    endloop
  endfacet
  facet normal 0 0 -1
    outer loop
      vertex -3.44824 -0.410607 0
      vertex -3.44824 0.850607 0
      vertex -3.38721 0.887184 0
    endloop
  endfacet
  facet normal 0 0 -1
    outer loop
      vertex -3.51255 -0.380187 0
      vertex -3.44824 0.850607 0
      vertex -3.44824 -0.410607 0
    endloop
  endfacet
  facet normal 0 0 -1
    outer loop
      vertex -3.51255 -0.380187 0
      vertex -3.51255 0.820187 0
      vertex -3.44824 0.850607 0
    endloop
  endfacet
  facet normal 0 0 -1
    outer loop
      vertex -3.57954 -0.356218 0
      vertex -3.51255 0.820187 0
      vertex -3.51255 -0.380187 0
    endloop
  endfacet
  facet normal 0 0 -1
    outer loop
      vertex -3.57954 -0.356218 0
      vertex -3.57954 0.796218 0
      vertex -3.51255 0.820187 0
    endloop
  endfacet
  facet normal 0 0 -1
    outer loop
      vertex -3.64856 -0.33893 0
      vertex -3.57954 0.796218 0
      vertex -3.57954 -0.356218 0
    endloop
  endfacet
  facet normal 0 0 -1
    outer loop
      vertex -3.64856 -0.33893 0
      vertex -3.64856 0.77893 0
      vertex -3.57954 0.796218 0
    endloop
  endfacet
  facet normal 0 0 -1
    outer loop
      vertex -3.71894 -0.328491 0
      vertex -3.64856 0.77893 0
      vertex -3.64856 -0.33893 0
    endloop
  endfacet
  facet normal 0 0 -1
    outer loop
      vertex -3.71894 -0.328491 0
      vertex -3.71894 0.768491 0
      vertex -3.64856 0.77893 0
    endloop
  endfacet
  facet normal 0 0 -1
    outer loop
      vertex -3.79 -0.324999 0
      vertex -3.71894 0.768491 0
      vertex -3.71894 -0.328491 0
    endloop
  endfacet
  facet normal 0 0 -1
    outer loop
      vertex -3.79 -0.324999 0
      vertex -3.79 0.764999 0
      vertex -3.71894 0.768491 0
    endloop
  endfacet
  facet normal 0 0 -1
    outer loop
      vertex -3.86106 -0.328491 0
      vertex -3.79 0.764999 0
      vertex -3.79 -0.324999 0
    endloop
  endfacet
  facet normal 0 0 -1
    outer loop
      vertex -3.86106 -0.328491 0
      vertex -3.86106 0.768491 0
      vertex -3.79 0.764999 0
    endloop
  endfacet
  facet normal 0 0 -1
    outer loop
      vertex -3.93144 -0.33893 0
      vertex -3.86106 0.768491 0
      vertex -3.86106 -0.328491 0
    endloop
  endfacet
  facet normal 0 0 -1
    outer loop
      vertex -3.93144 -0.33893 0
      vertex -3.93144 0.77893 0
      vertex -3.86106 0.768491 0
    endloop
  endfacet
  facet normal 0 0 -1
    outer loop
      vertex -4.00046 -0.356218 0
      vertex -3.93144 0.77893 0
      vertex -3.93144 -0.33893 0
    endloop
  endfacet
  facet normal 0 0 -1
    outer loop
      vertex -4.00046 -0.356218 0
      vertex -4.00046 0.796218 0
      vertex -3.93144 0.77893 0
    endloop
  endfacet
  facet normal 0 0 -1
    outer loop
      vertex -4.06745 -0.380187 0
      vertex -4.00046 0.796218 0
      vertex -4.00046 -0.356218 0
    endloop
  endfacet
  facet normal 0 0 -1
    outer loop
      vertex -4.06745 -0.380187 0
      vertex -4.06745 0.820187 0
      vertex -4.00046 0.796218 0
    endloop
  endfacet
  facet normal 0 0 -1
    outer loop
      vertex -4.13176 -0.410607 0
      vertex -4.06745 0.820187 0
      vertex -4.06745 -0.380187 0
    endloop
  endfacet
  facet normal 0 0 -1
    outer loop
      vertex -4.13176 -0.410607 0
      vertex -4.13176 0.850607 0
      vertex -4.06745 0.820187 0
    endloop
  endfacet
  facet normal 0 0 -1
    outer loop
      vertex -4.19279 -0.447184 0
      vertex -4.13176 0.850607 0
      vertex -4.13176 -0.410607 0
    endloop
  endfacet
  facet normal 0 0 -1
    outer loop
      vertex -4.19279 -0.447184 0
      vertex -4.19279 0.887184 0
      vertex -4.13176 0.850607 0
    endloop
  endfacet
  facet normal 0 0 -1
    outer loop
      vertex -4.24993 -0.489567 0
      vertex -4.19279 0.887184 0
      vertex -4.19279 -0.447184 0
    endloop
  endfacet
  facet normal 0 0 -1
    outer loop
      vertex -4.24993 -0.489567 0
      vertex -4.24993 0.929567 0
      vertex -4.19279 0.887184 0
    endloop
  endfacet
  facet normal 0 0 -1
    outer loop
      vertex -4.30265 -0.537347 0
      vertex -4.24993 0.929567 0
      vertex -4.24993 -0.489567 0
    endloop
  endfacet
  facet normal 0 0 -1
    outer loop
      vertex -4.30265 -0.537347 0
      vertex -4.30265 0.977347 0
      vertex -4.24993 0.929567 0
    endloop
  endfacet
  facet normal 0 0 -1
    outer loop
      vertex -4.35043 -0.590064 0
      vertex -4.30265 0.977347 0
      vertex -4.30265 -0.537347 0
    endloop
  endfacet
  facet normal 0 0 -1
    outer loop
      vertex -4.35043 -0.590064 0
      vertex -4.35043 1.03006 0
      vertex -4.30265 0.977347 0
    endloop
  endfacet
  facet normal 0 0 -1
    outer loop
      vertex -4.39282 -0.647211 0
      vertex -4.35043 1.03006 0
      vertex -4.35043 -0.590064 0
    endloop
  endfacet
  facet normal 0 0 -1
    outer loop
      vertex -4.39282 -0.647211 0
      vertex -4.39282 1.08721 0
      vertex -4.35043 1.03006 0
    endloop
  endfacet
  facet normal 0 0 -1
    outer loop
      vertex -4.42939 -0.708237 0
      vertex -4.39282 1.08721 0
      vertex -4.39282 -0.647211 0
    endloop
  endfacet
  facet normal 0 0 -1
    outer loop
      vertex -4.42939 -0.708237 0
      vertex -4.42939 1.14824 0
      vertex -4.39282 1.08721 0
    endloop
  endfacet
  facet normal 0 0 -1
    outer loop
      vertex -4.45981 -0.772554 0
      vertex -4.42939 1.14824 0
      vertex -4.42939 -0.708237 0
    endloop
  endfacet
  facet normal 0 0 -1
    outer loop
      vertex -4.45981 -0.772554 0
      vertex -4.45981 1.21255 0
      vertex -4.42939 1.14824 0
    endloop
  endfacet
  facet normal 0 0 -1
    outer loop
      vertex -4.48378 -0.839543 0
      vertex -4.45981 1.21255 0
      vertex -4.45981 -0.772554 0
    endloop
  endfacet
  facet normal 0 0 -1
    outer loop
      vertex -4.48378 -0.839543 0
      vertex -4.48378 1.27954 0
      vertex -4.45981 1.21255 0
    endloop
  endfacet
  facet normal 0 0 -1
    outer loop
      vertex -4.50107 -0.908559 0
      vertex -4.48378 1.27954 0
      vertex -4.48378 -0.839543 0
    endloop
  endfacet
  facet normal 0 0 -1
    outer loop
      vertex -4.50107 -0.908559 0
      vertex -4.50107 1.34856 0
      vertex -4.48378 1.27954 0
    endloop
  endfacet
  facet normal 0 0 -1
    outer loop
      vertex -4.51151 -0.978937 0
      vertex -4.50107 1.34856 0
      vertex -4.50107 -0.908559 0
    endloop
  endfacet
  facet normal 0 0 -1
    outer loop
      vertex -4.51151 -0.978937 0
      vertex -4.51151 1.41894 0
      vertex -4.50107 1.34856 0
    endloop
  endfacet
  facet normal 0 0 -1
    outer loop
      vertex -9.89999 -12.425 0
      vertex -4.51151 -0.978937 0
      vertex -4.515 -1.05 0
    endloop
  endfacet
  facet normal 0 0 -1
    outer loop
      vertex -4.51151 -0.978937 0
      vertex -9.89999 12.425 0
      vertex -4.51151 1.41894 0
    endloop
  endfacet
  facet normal 0 0 -1
    outer loop
      vertex -0.610607 -0.708237 0
      vertex 0.650607 -0.708237 0
      vertex -0.580187 -0.772554 0
    endloop
  endfacet
  facet normal 0 0 -1
    outer loop
      vertex 0.729567 1.03006 0
      vertex -0.528491 1.41894 0
      vertex -0.524999 1.49 0
    endloop
  endfacet
  facet normal 0 0 -1
    outer loop
      vertex 0.650607 -0.708237 0
      vertex -0.610607 -0.708237 0
      vertex 0.687184 -0.647211 0
    endloop
  endfacet
  facet normal 0 0 -1
    outer loop
      vertex 0.729567 1.03006 0
      vertex -0.53893 1.34856 0
      vertex -0.528491 1.41894 0
    endloop
  endfacet
  facet normal 0 0 -1
    outer loop
      vertex -0.647184 -0.647211 0
      vertex 0.687184 -0.647211 0
      vertex -0.610607 -0.708237 0
    endloop
  endfacet
  facet normal 0 0 -1
    outer loop
      vertex 0.729567 1.03006 0
      vertex -0.556218 1.27954 0
      vertex -0.53893 1.34856 0
    endloop
  endfacet
  facet normal 0 0 -1
    outer loop
      vertex 0.687184 -0.647211 0
      vertex -0.647184 -0.647211 0
      vertex 0.729567 -0.590064 0
    endloop
  endfacet
  facet normal 0 0 -1
    outer loop
      vertex 0.729567 1.03006 0
      vertex -0.580187 1.21255 0
      vertex -0.556218 1.27954 0
    endloop
  endfacet
  facet normal 0 0 -1
    outer loop
      vertex -0.689567 -0.590064 0
      vertex 0.729567 -0.590064 0
      vertex -0.647184 -0.647211 0
    endloop
  endfacet
  facet normal 0 0 -1
    outer loop
      vertex 0.729567 1.03006 0
      vertex -0.610607 1.14824 0
      vertex -0.580187 1.21255 0
    endloop
  endfacet
  facet normal 0 0 -1
    outer loop
      vertex -0.737347 -0.537347 0
      vertex 0.729567 -0.590064 0
      vertex -0.689567 -0.590064 0
    endloop
  endfacet
  facet normal 0 0 -1
    outer loop
      vertex 0.729567 1.03006 0
      vertex -0.647184 1.08721 0
      vertex -0.610607 1.14824 0
    endloop
  endfacet
  facet normal 0 0 -1
    outer loop
      vertex 0.729567 -0.590064 0
      vertex -0.737347 -0.537347 0
      vertex 0.729567 1.03006 0
    endloop
  endfacet
  facet normal 0 0 -1
    outer loop
      vertex 0.729567 1.03006 0
      vertex -0.689567 1.03006 0
      vertex -0.647184 1.08721 0
    endloop
  endfacet
  facet normal 0 0 -1
    outer loop
      vertex -0.737347 0.977347 0
      vertex 0.729567 1.03006 0
      vertex -0.737347 -0.537347 0
    endloop
  endfacet
  facet normal -0 0 -1
    outer loop
      vertex 0.729567 1.03006 0
      vertex -0.737347 0.977347 0
      vertex -0.689567 1.03006 0
    endloop
  endfacet
  facet normal 0 0 -1
    outer loop
      vertex -0.790064 -0.489567 0
      vertex -0.737347 0.977347 0
      vertex -0.737347 -0.537347 0
    endloop
  endfacet
  facet normal 0 0 -1
    outer loop
      vertex -0.790064 -0.489567 0
      vertex -0.790064 0.929567 0
      vertex -0.737347 0.977347 0
    endloop
  endfacet
  facet normal 0 0 -1
    outer loop
      vertex -0.847211 -0.447184 0
      vertex -0.790064 0.929567 0
      vertex -0.790064 -0.489567 0
    endloop
  endfacet
  facet normal 0 0 -1
    outer loop
      vertex -0.847211 -0.447184 0
      vertex -0.847211 0.887184 0
      vertex -0.790064 0.929567 0
    endloop
  endfacet
  facet normal 0 0 -1
    outer loop
      vertex -0.908237 -0.410607 0
      vertex -0.847211 0.887184 0
      vertex -0.847211 -0.447184 0
    endloop
  endfacet
  facet normal 0 0 -1
    outer loop
      vertex -0.908237 -0.410607 0
      vertex -0.908237 0.850607 0
      vertex -0.847211 0.887184 0
    endloop
  endfacet
  facet normal 0 0 -1
    outer loop
      vertex -0.972554 -0.380187 0
      vertex -0.908237 0.850607 0
      vertex -0.908237 -0.410607 0
    endloop
  endfacet
  facet normal 0 0 -1
    outer loop
      vertex -0.972554 -0.380187 0
      vertex -0.972554 0.820187 0
      vertex -0.908237 0.850607 0
    endloop
  endfacet
  facet normal 0 0 -1
    outer loop
      vertex -1.03954 -0.356218 0
      vertex -0.972554 0.820187 0
      vertex -0.972554 -0.380187 0
    endloop
  endfacet
  facet normal 0 0 -1
    outer loop
      vertex -1.03954 -0.356218 0
      vertex -1.03954 0.796218 0
      vertex -0.972554 0.820187 0
    endloop
  endfacet
  facet normal 0 0 -1
    outer loop
      vertex -1.10856 -0.33893 0
      vertex -1.03954 0.796218 0
      vertex -1.03954 -0.356218 0
    endloop
  endfacet
  facet normal 0 0 -1
    outer loop
      vertex -1.10856 -0.33893 0
      vertex -1.10856 0.77893 0
      vertex -1.03954 0.796218 0
    endloop
  endfacet
  facet normal 0 0 -1
    outer loop
      vertex -1.17894 -0.328491 0
      vertex -1.10856 0.77893 0
      vertex -1.10856 -0.33893 0
    endloop
  endfacet
  facet normal 0 0 -1
    outer loop
      vertex -1.17894 -0.328491 0
      vertex -1.17894 0.768491 0
      vertex -1.10856 0.77893 0
    endloop
  endfacet
  facet normal 0 0 -1
    outer loop
      vertex -1.25 -0.324999 0
      vertex -1.17894 0.768491 0
      vertex -1.17894 -0.328491 0
    endloop
  endfacet
  facet normal 0 0 -1
    outer loop
      vertex -1.25 -0.324999 0
      vertex -1.25 0.764999 0
      vertex -1.17894 0.768491 0
    endloop
  endfacet
  facet normal 0 0 -1
    outer loop
      vertex -1.32106 -0.328491 0
      vertex -1.25 0.764999 0
      vertex -1.25 -0.324999 0
    endloop
  endfacet
  facet normal 0 0 -1
    outer loop
      vertex -1.32106 -0.328491 0
      vertex -1.32106 0.768491 0
      vertex -1.25 0.764999 0
    endloop
  endfacet
  facet normal 0 0 -1
    outer loop
      vertex -1.39144 -0.33893 0
      vertex -1.32106 0.768491 0
      vertex -1.32106 -0.328491 0
    endloop
  endfacet
  facet normal 0 0 -1
    outer loop
      vertex -1.39144 -0.33893 0
      vertex -1.39144 0.77893 0
      vertex -1.32106 0.768491 0
    endloop
  endfacet
  facet normal 0 0 -1
    outer loop
      vertex -1.46046 -0.356218 0
      vertex -1.39144 0.77893 0
      vertex -1.39144 -0.33893 0
    endloop
  endfacet
  facet normal 0 0 -1
    outer loop
      vertex -1.46046 -0.356218 0
      vertex -1.46046 0.796218 0
      vertex -1.39144 0.77893 0
    endloop
  endfacet
  facet normal 0 0 -1
    outer loop
      vertex -1.52745 -0.380187 0
      vertex -1.46046 0.796218 0
      vertex -1.46046 -0.356218 0
    endloop
  endfacet
  facet normal 0 0 -1
    outer loop
      vertex -1.52745 -0.380187 0
      vertex -1.52745 0.820187 0
      vertex -1.46046 0.796218 0
    endloop
  endfacet
  facet normal 0 0 -1
    outer loop
      vertex -1.59176 -0.410607 0
      vertex -1.52745 0.820187 0
      vertex -1.52745 -0.380187 0
    endloop
  endfacet
  facet normal 0 0 -1
    outer loop
      vertex -1.59176 -0.410607 0
      vertex -1.59176 0.850607 0
      vertex -1.52745 0.820187 0
    endloop
  endfacet
  facet normal 0 0 -1
    outer loop
      vertex -1.65279 -0.447184 0
      vertex -1.59176 0.850607 0
      vertex -1.59176 -0.410607 0
    endloop
  endfacet
  facet normal 0 0 -1
    outer loop
      vertex -1.65279 -0.447184 0
      vertex -1.65279 0.887184 0
      vertex -1.59176 0.850607 0
    endloop
  endfacet
  facet normal 0 0 -1
    outer loop
      vertex -1.70993 -0.489567 0
      vertex -1.65279 0.887184 0
      vertex -1.65279 -0.447184 0
    endloop
  endfacet
  facet normal 0 0 -1
    outer loop
      vertex -1.70993 -0.489567 0
      vertex -1.70993 0.929567 0
      vertex -1.65279 0.887184 0
    endloop
  endfacet
  facet normal 0 0 -1
    outer loop
      vertex -1.76265 -0.537347 0
      vertex -1.70993 0.929567 0
      vertex -1.70993 -0.489567 0
    endloop
  endfacet
  facet normal 0 0 -1
    outer loop
      vertex -1.76265 -0.537347 0
      vertex -1.76265 0.977347 0
      vertex -1.70993 0.929567 0
    endloop
  endfacet
  facet normal 0 0 -1
    outer loop
      vertex -1.81043 -0.590064 0
      vertex -1.76265 0.977347 0
      vertex -1.76265 -0.537347 0
    endloop
  endfacet
  facet normal 0 0 -1
    outer loop
      vertex -1.81043 -0.590064 0
      vertex -1.81043 1.03006 0
      vertex -1.76265 0.977347 0
    endloop
  endfacet
  facet normal 0 0 -1
    outer loop
      vertex -1.94378 -0.839543 0
      vertex -3.09622 -0.839543 0
      vertex -1.91981 -0.772554 0
    endloop
  endfacet
  facet normal 0 0 -1
    outer loop
      vertex -3.12019 -0.772554 0
      vertex -1.91981 -0.772554 0
      vertex -3.09622 -0.839543 0
    endloop
  endfacet
  facet normal 0 0 -1
    outer loop
      vertex -3.09622 -0.839543 0
      vertex -1.94378 -0.839543 0
      vertex -3.07893 -0.908559 0
    endloop
  endfacet
  facet normal 0 0 -1
    outer loop
      vertex -1.91981 -0.772554 0
      vertex -3.12019 -0.772554 0
      vertex -1.88939 -0.708237 0
    endloop
  endfacet
  facet normal 0 0 -1
    outer loop
      vertex -1.96107 -0.908559 0
      vertex -3.07893 -0.908559 0
      vertex -1.94378 -0.839543 0
    endloop
  endfacet
  facet normal 0 0 -1
    outer loop
      vertex -1.81043 1.03006 0
      vertex -3.065 1.49 0
      vertex -1.85282 1.08721 0
    endloop
  endfacet
  facet normal 0 0 -1
    outer loop
      vertex -3.07893 -0.908559 0
      vertex -1.96107 -0.908559 0
      vertex -3.06849 -0.978937 0
    endloop
  endfacet
  facet normal 0 0 -1
    outer loop
      vertex -1.85282 1.08721 0
      vertex -3.065 1.49 0
      vertex -1.88939 1.14824 0
    endloop
  endfacet
  facet normal 0 0 -1
    outer loop
      vertex -1.97151 -0.978937 0
      vertex -3.06849 -0.978937 0
      vertex -1.96107 -0.908559 0
    endloop
  endfacet
  facet normal 0 0 -1
    outer loop
      vertex -1.88939 1.14824 0
      vertex -3.065 1.49 0
      vertex -1.91981 1.21255 0
    endloop
  endfacet
  facet normal 0 0 -1
    outer loop
      vertex -3.06849 -0.978937 0
      vertex -1.97151 -0.978937 0
      vertex -3.065 -1.05 0
    endloop
  endfacet
  facet normal 0 0 -1
    outer loop
      vertex -1.91981 1.21255 0
      vertex -3.065 1.49 0
      vertex -1.94378 1.27954 0
    endloop
  endfacet
  facet normal 0 0 -1
    outer loop
      vertex -3.065 -1.05 0
      vertex -1.97151 -0.978937 0
      vertex -1.975 -1.05 0
    endloop
  endfacet
  facet normal 0 0 -1
    outer loop
      vertex -1.94378 1.27954 0
      vertex -3.065 1.49 0
      vertex -1.96107 1.34856 0
    endloop
  endfacet
  facet normal 0 0 -1
    outer loop
      vertex -0.610607 1.83176 0
      vertex 0.650607 1.83176 0
      vertex -0.580187 1.76745 0
    endloop
  endfacet
  facet normal 0 0 -1
    outer loop
      vertex 0.650607 1.83176 0
      vertex -0.610607 1.83176 0
      vertex 0.687184 1.89279 0
    endloop
  endfacet
  facet normal 0 0 -1
    outer loop
      vertex -0.647184 1.89279 0
      vertex 0.687184 1.89279 0
      vertex -0.610607 1.83176 0
    endloop
  endfacet
  facet normal 0 0 -1
    outer loop
      vertex 0.687184 1.89279 0
      vertex -0.647184 1.89279 0
      vertex 0.729567 1.94993 0
    endloop
  endfacet
  facet normal 0 0 -1
    outer loop
      vertex -0.689567 1.94993 0
      vertex 0.729567 1.94993 0
      vertex -0.647184 1.89279 0
    endloop
  endfacet
  facet normal 0 0 -1
    outer loop
      vertex 0.729567 1.94993 0
      vertex -0.689567 1.94993 0
      vertex 0.777347 2.00265 0
    endloop
  endfacet
  facet normal 0 0 -1
    outer loop
      vertex -0.737347 2.00265 0
      vertex 0.777347 2.00265 0
      vertex -0.689567 1.94993 0
    endloop
  endfacet
  facet normal 0 0 -1
    outer loop
      vertex 0.777347 2.00265 0
      vertex -0.737347 2.00265 0
      vertex 0.830064 2.05043 0
    endloop
  endfacet
  facet normal 0 0 -1
    outer loop
      vertex -0.790064 2.05043 0
      vertex 0.830064 2.05043 0
      vertex -0.737347 2.00265 0
    endloop
  endfacet
  facet normal 0 0 -1
    outer loop
      vertex -0.847211 2.09282 0
      vertex 0.830064 2.05043 0
      vertex -0.790064 2.05043 0
    endloop
  endfacet
  facet normal 0 0 -1
    outer loop
      vertex -0.908237 2.12939 0
      vertex 0.830064 2.05043 0
      vertex -0.847211 2.09282 0
    endloop
  endfacet
  facet normal 0 0 -1
    outer loop
      vertex -0.972554 2.15981 0
      vertex 0.830064 2.05043 0
      vertex -0.908237 2.12939 0
    endloop
  endfacet
  facet normal 0 0 -1
    outer loop
      vertex 0.830064 2.05043 0
      vertex -0.972554 2.15981 0
      vertex -0.419444 7.81631 0
    endloop
  endfacet
  facet normal 0 0 -1
    outer loop
      vertex -1.03954 2.18378 0
      vertex -0.419444 7.81631 0
      vertex -0.972554 2.15981 0
    endloop
  endfacet
  facet normal 0 0 -1
    outer loop
      vertex -1.10856 2.20107 0
      vertex -0.419444 7.81631 0
      vertex -1.03954 2.18378 0
    endloop
  endfacet
  facet normal 0 0 -1
    outer loop
      vertex -1.17894 2.21151 0
      vertex -0.419444 7.81631 0
      vertex -1.10856 2.20107 0
    endloop
  endfacet
  facet normal 0 0 -1
    outer loop
      vertex -1.25 2.215 0
      vertex -0.419444 7.81631 0
      vertex -1.17894 2.21151 0
    endloop
  endfacet
  facet normal -0 0 -1
    outer loop
      vertex -0.419444 7.81631 0
      vertex -1.25 2.215 0
      vertex -0.624111 7.86758 0
    endloop
  endfacet
  facet normal 0 0 -1
    outer loop
      vertex -1.32106 2.21151 0
      vertex -0.624111 7.86758 0
      vertex -1.25 2.215 0
    endloop
  endfacet
  facet normal -0 0 -1
    outer loop
      vertex -0.624111 7.86758 0
      vertex -1.32106 2.21151 0
      vertex -0.822769 7.93866 0
    endloop
  endfacet
  facet normal 0 0 -1
    outer loop
      vertex -1.39144 2.20107 0
      vertex -0.822769 7.93866 0
      vertex -1.32106 2.21151 0
    endloop
  endfacet
  facet normal 0 0 -1
    outer loop
      vertex -1.46046 2.18378 0
      vertex -0.822769 7.93866 0
      vertex -1.39144 2.20107 0
    endloop
  endfacet
  facet normal -0 0 -1
    outer loop
      vertex -0.822769 7.93866 0
      vertex -1.46046 2.18378 0
      vertex -1.0135 8.02887 0
    endloop
  endfacet
  facet normal 0 0 -1
    outer loop
      vertex -3.57954 2.18378 0
      vertex -1.0135 8.02887 0
      vertex -1.46046 2.18378 0
    endloop
  endfacet
  facet normal -0 0 -1
    outer loop
      vertex -1.0135 8.02887 0
      vertex -3.57954 2.18378 0
      vertex -1.19448 8.13734 0
    endloop
  endfacet
  facet normal 0 0 -1
    outer loop
      vertex -3.64856 2.20107 0
      vertex -1.19448 8.13734 0
      vertex -3.57954 2.18378 0
    endloop
  endfacet
  facet normal 0 0 -1
    outer loop
      vertex -3.57954 2.18378 0
      vertex -1.46046 2.18378 0
      vertex -1.52745 2.15981 0
    endloop
  endfacet
  facet normal 0 0 -1
    outer loop
      vertex -3.51255 2.15981 0
      vertex -1.52745 2.15981 0
      vertex -1.59176 2.12939 0
    endloop
  endfacet
  facet normal 0 0 -1
    outer loop
      vertex -3.44824 2.12939 0
      vertex -1.59176 2.12939 0
      vertex -1.65279 2.09282 0
    endloop
  endfacet
  facet normal 0 0 -1
    outer loop
      vertex -3.71894 2.21151 0
      vertex -1.19448 8.13734 0
      vertex -3.64856 2.20107 0
    endloop
  endfacet
  facet normal 0 0 -1
    outer loop
      vertex -3.38721 2.09282 0
      vertex -1.65279 2.09282 0
      vertex -1.70993 2.05043 0
    endloop
  endfacet
  facet normal 0 0 -1
    outer loop
      vertex -3.33006 2.05043 0
      vertex -1.70993 2.05043 0
      vertex -1.76265 2.00265 0
    endloop
  endfacet
  facet normal 0 0 -1
    outer loop
      vertex -1.52745 2.15981 0
      vertex -3.51255 2.15981 0
      vertex -3.57954 2.18378 0
    endloop
  endfacet
  facet normal 0 0 -1
    outer loop
      vertex -3.27735 2.00265 0
      vertex -1.76265 2.00265 0
      vertex -1.81043 1.94993 0
    endloop
  endfacet
  facet normal 0 0 -1
    outer loop
      vertex -3.22957 1.94993 0
      vertex -1.81043 1.94993 0
      vertex -1.85282 1.89279 0
    endloop
  endfacet
  facet normal 0 0 -1
    outer loop
      vertex -3.18718 1.89279 0
      vertex -1.85282 1.89279 0
      vertex -1.88939 1.83176 0
    endloop
  endfacet
  facet normal -0 0 -1
    outer loop
      vertex -1.19448 8.13734 0
      vertex -3.71894 2.21151 0
      vertex -1.36395 8.26303 0
    endloop
  endfacet
  facet normal 0 0 -1
    outer loop
      vertex -3.15061 1.83176 0
      vertex -1.88939 1.83176 0
      vertex -1.91981 1.76745 0
    endloop
  endfacet
  facet normal 0 0 -1
    outer loop
      vertex -3.12019 1.76745 0
      vertex -1.91981 1.76745 0
      vertex -1.94378 1.70046 0
    endloop
  endfacet
  facet normal 0 0 -1
    outer loop
      vertex -3.09622 1.70046 0
      vertex -1.94378 1.70046 0
      vertex -1.96107 1.63144 0
    endloop
  endfacet
  facet normal 0 0 -1
    outer loop
      vertex -3.07893 1.63144 0
      vertex -1.96107 1.63144 0
      vertex -1.97151 1.56106 0
    endloop
  endfacet
  facet normal 0 0 -1
    outer loop
      vertex -3.06849 1.56106 0
      vertex -1.97151 1.56106 0
      vertex -1.975 1.49 0
    endloop
  endfacet
  facet normal 0 0 -1
    outer loop
      vertex -1.65279 2.09282 0
      vertex -3.38721 2.09282 0
      vertex -3.44824 2.12939 0
    endloop
  endfacet
  facet normal 0 0 -1
    outer loop
      vertex -1.97151 -1.12106 0
      vertex -3.06849 -1.12106 0
      vertex -1.975 -1.05 0
    endloop
  endfacet
  facet normal 0 0 -1
    outer loop
      vertex -9.89999 -12.425 0
      vertex -1.98634 -9.10223 0
      vertex -2.05742 -9.30089 0
    endloop
  endfacet
  facet normal 0 0 -1
    outer loop
      vertex -1.97151 1.41894 0
      vertex -3.065 1.49 0
      vertex -1.975 1.49 0
    endloop
  endfacet
  facet normal 0 0 -1
    outer loop
      vertex -9.89999 -12.425 0
      vertex -2.05742 -9.30089 0
      vertex -2.10869 -9.50556 0
    endloop
  endfacet
  facet normal 0 0 -1
    outer loop
      vertex -3.06849 1.56106 0
      vertex -1.975 1.49 0
      vertex -3.065 1.49 0
    endloop
  endfacet
  facet normal 0 0 -1
    outer loop
      vertex -9.89999 -12.425 0
      vertex -2.10869 -9.50556 0
      vertex -2.13965 -9.71426 0
    endloop
  endfacet
  facet normal 0 0 -1
    outer loop
      vertex -1.97151 1.56106 0
      vertex -3.06849 1.56106 0
      vertex -3.07893 1.63144 0
    endloop
  endfacet
  facet normal 0 0 -1
    outer loop
      vertex -9.89999 -12.425 0
      vertex -2.13965 -9.71426 0
      vertex -2.15 -9.925 0
    endloop
  endfacet
  facet normal 0 0 -1
    outer loop
      vertex -1.96107 1.63144 0
      vertex -3.07893 1.63144 0
      vertex -3.09622 1.70046 0
    endloop
  endfacet
  facet normal 0 0 -1
    outer loop
      vertex 3.10849 1.41894 0
      vertex 2.015 1.49 0
      vertex 3.105 1.49 0
    endloop
  endfacet
  facet normal 0 0 -1
    outer loop
      vertex 3.26957 1.03006 0
      vertex 2.01151 1.41894 0
      vertex 2.015 1.49 0
    endloop
  endfacet
  facet normal 0 0 -1
    outer loop
      vertex 3.19061 -0.708237 0
      vertex 1.92939 -0.708237 0
      vertex 3.22718 -0.647211 0
    endloop
  endfacet
  facet normal 0 0 -1
    outer loop
      vertex 3.26957 1.03006 0
      vertex 2.00107 1.34856 0
      vertex 2.01151 1.41894 0
    endloop
  endfacet
  facet normal 0 0 -1
    outer loop
      vertex 1.89282 -0.647211 0
      vertex 3.22718 -0.647211 0
      vertex 1.92939 -0.708237 0
    endloop
  endfacet
  facet normal 0 0 -1
    outer loop
      vertex 3.26957 1.03006 0
      vertex 1.98378 1.27954 0
      vertex 2.00107 1.34856 0
    endloop
  endfacet
  facet normal 0 0 -1
    outer loop
      vertex 3.22718 -0.647211 0
      vertex 1.89282 -0.647211 0
      vertex 3.26957 -0.590064 0
    endloop
  endfacet
  facet normal 0 0 -1
    outer loop
      vertex 3.26957 1.03006 0
      vertex 1.95981 1.21255 0
      vertex 1.98378 1.27954 0
    endloop
  endfacet
  facet normal 0 0 -1
    outer loop
      vertex 1.85043 -0.590064 0
      vertex 3.26957 -0.590064 0
      vertex 1.89282 -0.647211 0
    endloop
  endfacet
  facet normal 0 0 -1
    outer loop
      vertex 3.26957 1.03006 0
      vertex 1.92939 1.14824 0
      vertex 1.95981 1.21255 0
    endloop
  endfacet
  facet normal 0 0 -1
    outer loop
      vertex 1.80265 -0.537347 0
      vertex 3.26957 -0.590064 0
      vertex 1.85043 -0.590064 0
    endloop
  endfacet
  facet normal 0 0 -1
    outer loop
      vertex 3.26957 1.03006 0
      vertex 1.89282 1.08721 0
      vertex 1.92939 1.14824 0
    endloop
  endfacet
  facet normal 0 0 -1
    outer loop
      vertex 3.26957 -0.590064 0
      vertex 1.80265 -0.537347 0
      vertex 3.26957 1.03006 0
    endloop
  endfacet
  facet normal 0 0 -1
    outer loop
      vertex 3.26957 1.03006 0
      vertex 1.85043 1.03006 0
      vertex 1.89282 1.08721 0
    endloop
  endfacet
  facet normal 0 0 -1
    outer loop
      vertex 1.80265 0.977347 0
      vertex 3.26957 1.03006 0
      vertex 1.80265 -0.537347 0
    endloop
  endfacet
  facet normal -0 0 -1
    outer loop
      vertex 3.26957 1.03006 0
      vertex 1.80265 0.977347 0
      vertex 1.85043 1.03006 0
    endloop
  endfacet
  facet normal 0 0 -1
    outer loop
      vertex 1.74993 -0.489567 0
      vertex 1.80265 0.977347 0
      vertex 1.80265 -0.537347 0
    endloop
  endfacet
  facet normal 0 0 -1
    outer loop
      vertex 1.74993 -0.489567 0
      vertex 1.74993 0.929567 0
      vertex 1.80265 0.977347 0
    endloop
  endfacet
  facet normal 0 0 -1
    outer loop
      vertex 1.69279 -0.447184 0
      vertex 1.74993 0.929567 0
      vertex 1.74993 -0.489567 0
    endloop
  endfacet
  facet normal 0 0 -1
    outer loop
      vertex 1.69279 -0.447184 0
      vertex 1.69279 0.887184 0
      vertex 1.74993 0.929567 0
    endloop
  endfacet
  facet normal 0 0 -1
    outer loop
      vertex 1.63176 -0.410607 0
      vertex 1.69279 0.887184 0
      vertex 1.69279 -0.447184 0
    endloop
  endfacet
  facet normal 0 0 -1
    outer loop
      vertex 1.63176 -0.410607 0
      vertex 1.63176 0.850607 0
      vertex 1.69279 0.887184 0
    endloop
  endfacet
  facet normal 0 0 -1
    outer loop
      vertex 1.56745 -0.380187 0
      vertex 1.63176 0.850607 0
      vertex 1.63176 -0.410607 0
    endloop
  endfacet
  facet normal 0 0 -1
    outer loop
      vertex 1.56745 -0.380187 0
      vertex 1.56745 0.820187 0
      vertex 1.63176 0.850607 0
    endloop
  endfacet
  facet normal 0 0 -1
    outer loop
      vertex 1.50046 -0.356218 0
      vertex 1.56745 0.820187 0
      vertex 1.56745 -0.380187 0
    endloop
  endfacet
  facet normal 0 0 -1
    outer loop
      vertex 1.50046 -0.356218 0
      vertex 1.50046 0.796218 0
      vertex 1.56745 0.820187 0
    endloop
  endfacet
  facet normal 0 0 -1
    outer loop
      vertex 1.43144 -0.33893 0
      vertex 1.50046 0.796218 0
      vertex 1.50046 -0.356218 0
    endloop
  endfacet
  facet normal 0 0 -1
    outer loop
      vertex 1.43144 -0.33893 0
      vertex 1.43144 0.77893 0
      vertex 1.50046 0.796218 0
    endloop
  endfacet
  facet normal 0 0 -1
    outer loop
      vertex 1.36106 -0.328491 0
      vertex 1.43144 0.77893 0
      vertex 1.43144 -0.33893 0
    endloop
  endfacet
  facet normal 0 0 -1
    outer loop
      vertex 1.36106 -0.328491 0
      vertex 1.36106 0.768491 0
      vertex 1.43144 0.77893 0
    endloop
  endfacet
  facet normal 0 0 -1
    outer loop
      vertex 1.29 -0.324999 0
      vertex 1.36106 0.768491 0
      vertex 1.36106 -0.328491 0
    endloop
  endfacet
  facet normal 0 0 -1
    outer loop
      vertex 1.29 -0.324999 0
      vertex 1.29 0.764999 0
      vertex 1.36106 0.768491 0
    endloop
  endfacet
  facet normal 0 0 -1
    outer loop
      vertex 1.21894 -0.328491 0
      vertex 1.29 0.764999 0
      vertex 1.29 -0.324999 0
    endloop
  endfacet
  facet normal 0 0 -1
    outer loop
      vertex 1.21894 -0.328491 0
      vertex 1.21894 0.768491 0
      vertex 1.29 0.764999 0
    endloop
  endfacet
  facet normal 0 0 -1
    outer loop
      vertex 1.14856 -0.33893 0
      vertex 1.21894 0.768491 0
      vertex 1.21894 -0.328491 0
    endloop
  endfacet
  facet normal 0 0 -1
    outer loop
      vertex 1.14856 -0.33893 0
      vertex 1.14856 0.77893 0
      vertex 1.21894 0.768491 0
    endloop
  endfacet
  facet normal 0 0 -1
    outer loop
      vertex 1.07954 -0.356218 0
      vertex 1.14856 0.77893 0
      vertex 1.14856 -0.33893 0
    endloop
  endfacet
  facet normal 0 0 -1
    outer loop
      vertex 1.07954 -0.356218 0
      vertex 1.07954 0.796218 0
      vertex 1.14856 0.77893 0
    endloop
  endfacet
  facet normal 0 0 -1
    outer loop
      vertex 1.01255 -0.380187 0
      vertex 1.07954 0.796218 0
      vertex 1.07954 -0.356218 0
    endloop
  endfacet
  facet normal 0 0 -1
    outer loop
      vertex 1.01255 -0.380187 0
      vertex 1.01255 0.820187 0
      vertex 1.07954 0.796218 0
    endloop
  endfacet
  facet normal 0 0 -1
    outer loop
      vertex 0.948237 -0.410607 0
      vertex 1.01255 0.820187 0
      vertex 1.01255 -0.380187 0
    endloop
  endfacet
  facet normal 0 0 -1
    outer loop
      vertex 0.948237 -0.410607 0
      vertex 0.948237 0.850607 0
      vertex 1.01255 0.820187 0
    endloop
  endfacet
  facet normal 0 0 -1
    outer loop
      vertex 0.887211 -0.447184 0
      vertex 0.948237 0.850607 0
      vertex 0.948237 -0.410607 0
    endloop
  endfacet
  facet normal 0 0 -1
    outer loop
      vertex 0.887211 -0.447184 0
      vertex 0.887211 0.887184 0
      vertex 0.948237 0.850607 0
    endloop
  endfacet
  facet normal 0 0 -1
    outer loop
      vertex 0.830064 -0.489567 0
      vertex 0.887211 0.887184 0
      vertex 0.887211 -0.447184 0
    endloop
  endfacet
  facet normal 0 0 -1
    outer loop
      vertex 0.830064 -0.489567 0
      vertex 0.830064 0.929567 0
      vertex 0.887211 0.887184 0
    endloop
  endfacet
  facet normal 0 0 -1
    outer loop
      vertex 0.777347 -0.537347 0
      vertex 0.830064 0.929567 0
      vertex 0.830064 -0.489567 0
    endloop
  endfacet
  facet normal 0 0 -1
    outer loop
      vertex 0.777347 -0.537347 0
      vertex 0.777347 0.977347 0
      vertex 0.830064 0.929567 0
    endloop
  endfacet
  facet normal 0 0 -1
    outer loop
      vertex 0.729567 -0.590064 0
      vertex 0.777347 0.977347 0
      vertex 0.777347 -0.537347 0
    endloop
  endfacet
  facet normal 0 0 -1
    outer loop
      vertex 0.729567 -0.590064 0
      vertex 0.729567 1.03006 0
      vertex 0.777347 0.977347 0
    endloop
  endfacet
  facet normal 0 0 -1
    outer loop
      vertex 0.596218 -0.839543 0
      vertex -0.556218 -0.839543 0
      vertex 0.620187 -0.772554 0
    endloop
  endfacet
  facet normal 0 0 -1
    outer loop
      vertex -0.580187 -0.772554 0
      vertex 0.620187 -0.772554 0
      vertex -0.556218 -0.839543 0
    endloop
  endfacet
  facet normal 0 0 -1
    outer loop
      vertex -0.556218 -0.839543 0
      vertex 0.596218 -0.839543 0
      vertex -0.53893 -0.908559 0
    endloop
  endfacet
  facet normal 0 0 -1
    outer loop
      vertex 0.620187 -0.772554 0
      vertex -0.580187 -0.772554 0
      vertex 0.650607 -0.708237 0
    endloop
  endfacet
  facet normal 0 0 -1
    outer loop
      vertex 0.57893 -0.908559 0
      vertex -0.53893 -0.908559 0
      vertex 0.596218 -0.839543 0
    endloop
  endfacet
  facet normal 0 0 -1
    outer loop
      vertex 0.729567 1.03006 0
      vertex -0.524999 1.49 0
      vertex 0.687184 1.08721 0
    endloop
  endfacet
  facet normal 0 0 -1
    outer loop
      vertex -0.53893 -0.908559 0
      vertex 0.57893 -0.908559 0
      vertex -0.528491 -0.978937 0
    endloop
  endfacet
  facet normal 0 0 -1
    outer loop
      vertex 0.687184 1.08721 0
      vertex -0.524999 1.49 0
      vertex 0.650607 1.14824 0
    endloop
  endfacet
  facet normal 0 0 -1
    outer loop
      vertex 0.568491 -0.978937 0
      vertex -0.528491 -0.978937 0
      vertex 0.57893 -0.908559 0
    endloop
  endfacet
  facet normal 0 0 -1
    outer loop
      vertex 0.650607 1.14824 0
      vertex -0.524999 1.49 0
      vertex 0.620187 1.21255 0
    endloop
  endfacet
  facet normal 0 0 -1
    outer loop
      vertex -0.528491 -0.978937 0
      vertex 0.568491 -0.978937 0
      vertex -0.524999 -1.05 0
    endloop
  endfacet
  facet normal 0 0 -1
    outer loop
      vertex 0.620187 1.21255 0
      vertex -0.524999 1.49 0
      vertex 0.596218 1.27954 0
    endloop
  endfacet
  facet normal 0 0 -1
    outer loop
      vertex -0.524999 -1.05 0
      vertex 0.568491 -0.978937 0
      vertex 0.564999 -1.05 0
    endloop
  endfacet
  facet normal 0 0 -1
    outer loop
      vertex 0.596218 1.27954 0
      vertex -0.524999 1.49 0
      vertex 0.57893 1.34856 0
    endloop
  endfacet
  facet normal 0 0 -1
    outer loop
      vertex 3.48824 -1.68939 0
      vertex 1.63176 -1.68939 0
      vertex 3.42721 -1.65282 0
    endloop
  endfacet
  facet normal 0 0 -1
    outer loop
      vertex 3.11893 1.34856 0
      vertex 2.015 1.49 0
      vertex 3.10849 1.41894 0
    endloop
  endfacet
  facet normal 0 -0 -1
    outer loop
      vertex 1.69279 -1.65282 0
      vertex 3.42721 -1.65282 0
      vertex 1.63176 -1.68939 0
    endloop
  endfacet
  facet normal 0 0 -1
    outer loop
      vertex 2.01151 1.56106 0
      vertex 3.105 1.49 0
      vertex 2.015 1.49 0
    endloop
  endfacet
  facet normal 0 -0 -1
    outer loop
      vertex 2.01151 -1.12106 0
      vertex 3.10849 -1.12106 0
      vertex 2.00107 -1.19144 0
    endloop
  endfacet
  facet normal 0 0 -1
    outer loop
      vertex 3.105 1.49 0
      vertex 2.13965 9.71426 0
      vertex 2.15 9.925 0
    endloop
  endfacet
  facet normal 0 0 -1
    outer loop
      vertex 2.00107 1.63144 0
      vertex 3.105 1.49 0
      vertex 2.01151 1.56106 0
    endloop
  endfacet
  facet normal 0 0 -1
    outer loop
      vertex 2.01151 -0.978937 0
      vertex 3.105 -1.05 0
      vertex 2.015 -1.05 0
    endloop
  endfacet
  facet normal 0 -0 -1
    outer loop
      vertex 2.015 -1.05 0
      vertex 3.105 -1.05 0
      vertex 2.01151 -1.12106 0
    endloop
  endfacet
  facet normal 0 -0 -1
    outer loop
      vertex 1.74993 -1.61043 0
      vertex 3.37006 -1.61043 0
      vertex 1.69279 -1.65282 0
    endloop
  endfacet
  facet normal 0 0 -1
    outer loop
      vertex 3.10849 -1.12106 0
      vertex 2.01151 -1.12106 0
      vertex 3.105 -1.05 0
    endloop
  endfacet
  facet normal 0 0 -1
    outer loop
      vertex 3.11893 -1.19144 0
      vertex 2.00107 -1.19144 0
      vertex 3.10849 -1.12106 0
    endloop
  endfacet
  facet normal 0 -0 -1
    outer loop
      vertex 2.00107 -1.19144 0
      vertex 3.11893 -1.19144 0
      vertex 1.98378 -1.26046 0
    endloop
  endfacet
  facet normal 0 0 -1
    outer loop
      vertex 3.37006 -1.61043 0
      vertex 1.74993 -1.61043 0
      vertex 3.31735 -1.56265 0
    endloop
  endfacet
  facet normal 0 0 -1
    outer loop
      vertex 3.13622 -1.26046 0
      vertex 1.98378 -1.26046 0
      vertex 3.11893 -1.19144 0
    endloop
  endfacet
  facet normal 0 0 -1
    outer loop
      vertex 3.31735 -1.56265 0
      vertex 1.80265 -1.56265 0
      vertex 3.26957 -1.50993 0
    endloop
  endfacet
  facet normal 0 -0 -1
    outer loop
      vertex 1.98378 -1.26046 0
      vertex 3.13622 -1.26046 0
      vertex 1.95981 -1.32745 0
    endloop
  endfacet
  facet normal 0 0 -1
    outer loop
      vertex 3.26957 -1.50993 0
      vertex 1.85043 -1.50993 0
      vertex 3.22718 -1.45279 0
    endloop
  endfacet
  facet normal 0 0 -1
    outer loop
      vertex 3.16019 -1.32745 0
      vertex 1.95981 -1.32745 0
      vertex 3.13622 -1.26046 0
    endloop
  endfacet
  facet normal 0 0 -1
    outer loop
      vertex 3.22718 -1.45279 0
      vertex 1.89282 -1.45279 0
      vertex 3.19061 -1.39176 0
    endloop
  endfacet
  facet normal 0 -0 -1
    outer loop
      vertex 1.95981 -1.32745 0
      vertex 3.16019 -1.32745 0
      vertex 1.92939 -1.39176 0
    endloop
  endfacet
  facet normal 0 -0 -1
    outer loop
      vertex 1.92939 -1.39176 0
      vertex 3.19061 -1.39176 0
      vertex 1.89282 -1.45279 0
    endloop
  endfacet
  facet normal 0 0 -1
    outer loop
      vertex 3.19061 -1.39176 0
      vertex 1.92939 -1.39176 0
      vertex 3.16019 -1.32745 0
    endloop
  endfacet
  facet normal 0 -0 -1
    outer loop
      vertex 1.89282 -1.45279 0
      vertex 3.22718 -1.45279 0
      vertex 1.85043 -1.50993 0
    endloop
  endfacet
  facet normal 0 -0 -1
    outer loop
      vertex 1.85043 -1.50993 0
      vertex 3.26957 -1.50993 0
      vertex 1.80265 -1.56265 0
    endloop
  endfacet
  facet normal 0 -0 -1
    outer loop
      vertex 1.80265 -1.56265 0
      vertex 3.31735 -1.56265 0
      vertex 1.74993 -1.61043 0
    endloop
  endfacet
  facet normal 0 0 -1
    outer loop
      vertex 3.42721 -1.65282 0
      vertex 1.69279 -1.65282 0
      vertex 3.37006 -1.61043 0
    endloop
  endfacet
  facet normal 0 0 -1
    outer loop
      vertex 1.56745 -1.71981 0
      vertex 1.0135 -8.02887 0
      vertex 1.50046 -1.74378 0
    endloop
  endfacet
  facet normal 0 0 -1
    outer loop
      vertex 0.822769 -7.93866 0
      vertex 1.50046 -1.74378 0
      vertex 1.0135 -8.02887 0
    endloop
  endfacet
  facet normal 0 0 -1
    outer loop
      vertex 1.50046 -1.74378 0
      vertex 0.822769 -7.93866 0
      vertex 1.43144 -1.76107 0
    endloop
  endfacet
  facet normal 0 0 -1
    outer loop
      vertex 1.43144 -1.76107 0
      vertex 0.822769 -7.93866 0
      vertex 1.36106 -1.77151 0
    endloop
  endfacet
  facet normal 0 0 -1
    outer loop
      vertex 0.624111 -7.86758 0
      vertex 1.36106 -1.77151 0
      vertex 0.822769 -7.93866 0
    endloop
  endfacet
  facet normal 0 0 -1
    outer loop
      vertex 1.36106 -1.77151 0
      vertex 0.624111 -7.86758 0
      vertex 1.29 -1.775 0
    endloop
  endfacet
  facet normal 0 0 -1
    outer loop
      vertex 0.419444 -7.81631 0
      vertex 1.29 -1.775 0
      vertex 0.624111 -7.86758 0
    endloop
  endfacet
  facet normal -0 0 -1
    outer loop
      vertex 1.29 -1.775 0
      vertex 0.419444 -7.81631 0
      vertex 1.21894 -1.77151 0
    endloop
  endfacet
  facet normal -0 0 -1
    outer loop
      vertex 1.21894 -1.77151 0
      vertex 0.419444 -7.81631 0
      vertex 1.14856 -1.76107 0
    endloop
  endfacet
  facet normal 0 0 -1
    outer loop
      vertex 0.210736 -7.78535 0
      vertex 1.14856 -1.76107 0
      vertex 0.419444 -7.81631 0
    endloop
  endfacet
  facet normal -0 0 -1
    outer loop
      vertex 1.14856 -1.76107 0
      vertex 0.210736 -7.78535 0
      vertex 1.07954 -1.74378 0
    endloop
  endfacet
  facet normal 0 0 -1
    outer loop
      vertex 0 -7.775 0
      vertex 1.07954 -1.74378 0
      vertex 0.210736 -7.78535 0
    endloop
  endfacet
  facet normal -0 0 -1
    outer loop
      vertex 1.07954 -1.74378 0
      vertex 0 -7.775 0
      vertex 1.01255 -1.71981 0
    endloop
  endfacet
  facet normal 0 0 -1
    outer loop
      vertex -0.972554 -1.71981 0
      vertex 1.01255 -1.71981 0
      vertex 0 -7.775 0
    endloop
  endfacet
  facet normal 0 0 -1
    outer loop
      vertex 1.01255 -1.71981 0
      vertex -0.972554 -1.71981 0
      vertex 0.948237 -1.68939 0
    endloop
  endfacet
  facet normal 0 -0 -1
    outer loop
      vertex -0.908237 -1.68939 0
      vertex 0.948237 -1.68939 0
      vertex -0.972554 -1.71981 0
    endloop
  endfacet
  facet normal 0 0 -1
    outer loop
      vertex 0.948237 -1.68939 0
      vertex -0.908237 -1.68939 0
      vertex 0.887211 -1.65282 0
    endloop
  endfacet
  facet normal 0 0 -1
    outer loop
      vertex 0.887211 -1.65282 0
      vertex -0.847211 -1.65282 0
      vertex 0.830064 -1.61043 0
    endloop
  endfacet
  facet normal 0 -0 -1
    outer loop
      vertex -0.790064 -1.61043 0
      vertex 0.830064 -1.61043 0
      vertex -0.847211 -1.65282 0
    endloop
  endfacet
  facet normal 0 -0 -1
    outer loop
      vertex -0.737347 -1.56265 0
      vertex 0.777347 -1.56265 0
      vertex -0.790064 -1.61043 0
    endloop
  endfacet
  facet normal 0 0 -1
    outer loop
      vertex 0.777347 -1.56265 0
      vertex -0.737347 -1.56265 0
      vertex 0.729567 -1.50993 0
    endloop
  endfacet
  facet normal 0 -0 -1
    outer loop
      vertex -0.647184 -1.45279 0
      vertex 0.687184 -1.45279 0
      vertex -0.689567 -1.50993 0
    endloop
  endfacet
  facet normal 0 -0 -1
    outer loop
      vertex -0.610607 -1.39176 0
      vertex 0.650607 -1.39176 0
      vertex -0.647184 -1.45279 0
    endloop
  endfacet
  facet normal 0 0 -1
    outer loop
      vertex 0.687184 -1.45279 0
      vertex -0.647184 -1.45279 0
      vertex 0.650607 -1.39176 0
    endloop
  endfacet
  facet normal 0 0 -1
    outer loop
      vertex 4.55151 1.41894 0
      vertex 9.89999 12.425 0
      vertex 4.55151 -0.978937 0
    endloop
  endfacet
  facet normal 0 0 -1
    outer loop
      vertex 9.89999 12.425 0
      vertex 4.55151 1.41894 0
      vertex 4.555 1.49 0
    endloop
  endfacet
  facet normal 0 0 -1
    outer loop
      vertex 4.54107 -0.908559 0
      vertex 4.55151 1.41894 0
      vertex 4.55151 -0.978937 0
    endloop
  endfacet
  facet normal 0 0 -1
    outer loop
      vertex 4.54107 -0.908559 0
      vertex 4.54107 1.34856 0
      vertex 4.55151 1.41894 0
    endloop
  endfacet
  facet normal 0 0 -1
    outer loop
      vertex 4.52378 -0.839543 0
      vertex 4.54107 1.34856 0
      vertex 4.54107 -0.908559 0
    endloop
  endfacet
  facet normal 0 0 -1
    outer loop
      vertex 4.52378 -0.839543 0
      vertex 4.52378 1.27954 0
      vertex 4.54107 1.34856 0
    endloop
  endfacet
  facet normal 0 0 -1
    outer loop
      vertex 4.49981 -0.772554 0
      vertex 4.52378 1.27954 0
      vertex 4.52378 -0.839543 0
    endloop
  endfacet
  facet normal 0 0 -1
    outer loop
      vertex 4.49981 -0.772554 0
      vertex 4.49981 1.21255 0
      vertex 4.52378 1.27954 0
    endloop
  endfacet
  facet normal 0 0 -1
    outer loop
      vertex 4.46939 -0.708237 0
      vertex 4.49981 1.21255 0
      vertex 4.49981 -0.772554 0
    endloop
  endfacet
  facet normal 0 0 -1
    outer loop
      vertex 4.46939 -0.708237 0
      vertex 4.46939 1.14824 0
      vertex 4.49981 1.21255 0
    endloop
  endfacet
  facet normal 0 0 -1
    outer loop
      vertex 4.43282 -0.647211 0
      vertex 4.46939 1.14824 0
      vertex 4.46939 -0.708237 0
    endloop
  endfacet
  facet normal 0 0 -1
    outer loop
      vertex 4.43282 -0.647211 0
      vertex 4.43282 1.08721 0
      vertex 4.46939 1.14824 0
    endloop
  endfacet
  facet normal 0 0 -1
    outer loop
      vertex 4.39043 -0.590064 0
      vertex 4.43282 1.08721 0
      vertex 4.43282 -0.647211 0
    endloop
  endfacet
  facet normal 0 0 -1
    outer loop
      vertex 4.39043 -0.590064 0
      vertex 4.39043 1.03006 0
      vertex 4.43282 1.08721 0
    endloop
  endfacet
  facet normal 0 0 -1
    outer loop
      vertex 4.34265 -0.537347 0
      vertex 4.39043 1.03006 0
      vertex 4.39043 -0.590064 0
    endloop
  endfacet
  facet normal 0 0 -1
    outer loop
      vertex 4.34265 -0.537347 0
      vertex 4.34265 0.977347 0
      vertex 4.39043 1.03006 0
    endloop
  endfacet
  facet normal 0 0 -1
    outer loop
      vertex 4.28993 -0.489567 0
      vertex 4.34265 0.977347 0
      vertex 4.34265 -0.537347 0
    endloop
  endfacet
  facet normal 0 0 -1
    outer loop
      vertex 4.28993 -0.489567 0
      vertex 4.28993 0.929567 0
      vertex 4.34265 0.977347 0
    endloop
  endfacet
  facet normal 0 0 -1
    outer loop
      vertex 4.23279 -0.447184 0
      vertex 4.28993 0.929567 0
      vertex 4.28993 -0.489567 0
    endloop
  endfacet
  facet normal 0 0 -1
    outer loop
      vertex 4.23279 -0.447184 0
      vertex 4.23279 0.887184 0
      vertex 4.28993 0.929567 0
    endloop
  endfacet
  facet normal 0 0 -1
    outer loop
      vertex 4.17176 -0.410607 0
      vertex 4.23279 0.887184 0
      vertex 4.23279 -0.447184 0
    endloop
  endfacet
  facet normal 0 0 -1
    outer loop
      vertex 4.17176 -0.410607 0
      vertex 4.17176 0.850607 0
      vertex 4.23279 0.887184 0
    endloop
  endfacet
  facet normal 0 0 -1
    outer loop
      vertex 4.10745 -0.380187 0
      vertex 4.17176 0.850607 0
      vertex 4.17176 -0.410607 0
    endloop
  endfacet
  facet normal 0 0 -1
    outer loop
      vertex 4.10745 -0.380187 0
      vertex 4.10745 0.820187 0
      vertex 4.17176 0.850607 0
    endloop
  endfacet
  facet normal 0 0 -1
    outer loop
      vertex 4.04046 -0.356218 0
      vertex 4.10745 0.820187 0
      vertex 4.10745 -0.380187 0
    endloop
  endfacet
  facet normal 0 0 -1
    outer loop
      vertex 4.04046 -0.356218 0
      vertex 4.04046 0.796218 0
      vertex 4.10745 0.820187 0
    endloop
  endfacet
  facet normal 0 0 -1
    outer loop
      vertex 3.97144 -0.33893 0
      vertex 4.04046 0.796218 0
      vertex 4.04046 -0.356218 0
    endloop
  endfacet
  facet normal 0 0 -1
    outer loop
      vertex 3.97144 -0.33893 0
      vertex 3.97144 0.77893 0
      vertex 4.04046 0.796218 0
    endloop
  endfacet
  facet normal 0 0 -1
    outer loop
      vertex 3.90106 -0.328491 0
      vertex 3.97144 0.77893 0
      vertex 3.97144 -0.33893 0
    endloop
  endfacet
  facet normal 0 0 -1
    outer loop
      vertex 3.90106 -0.328491 0
      vertex 3.90106 0.768491 0
      vertex 3.97144 0.77893 0
    endloop
  endfacet
  facet normal 0 0 -1
    outer loop
      vertex 3.83 -0.324999 0
      vertex 3.90106 0.768491 0
      vertex 3.90106 -0.328491 0
    endloop
  endfacet
  facet normal 0 0 -1
    outer loop
      vertex 3.83 -0.324999 0
      vertex 3.83 0.764999 0
      vertex 3.90106 0.768491 0
    endloop
  endfacet
  facet normal 0 0 -1
    outer loop
      vertex 3.75894 -0.328491 0
      vertex 3.83 0.764999 0
      vertex 3.83 -0.324999 0
    endloop
  endfacet
  facet normal 0 0 -1
    outer loop
      vertex 3.75894 -0.328491 0
      vertex 3.75894 0.768491 0
      vertex 3.83 0.764999 0
    endloop
  endfacet
  facet normal 0 0 -1
    outer loop
      vertex 3.68856 -0.33893 0
      vertex 3.75894 0.768491 0
      vertex 3.75894 -0.328491 0
    endloop
  endfacet
  facet normal 0 0 -1
    outer loop
      vertex 3.68856 -0.33893 0
      vertex 3.68856 0.77893 0
      vertex 3.75894 0.768491 0
    endloop
  endfacet
  facet normal 0 0 -1
    outer loop
      vertex 3.61954 -0.356218 0
      vertex 3.68856 0.77893 0
      vertex 3.68856 -0.33893 0
    endloop
  endfacet
  facet normal 0 0 -1
    outer loop
      vertex 3.61954 -0.356218 0
      vertex 3.61954 0.796218 0
      vertex 3.68856 0.77893 0
    endloop
  endfacet
  facet normal 0 0 -1
    outer loop
      vertex 3.55255 -0.380187 0
      vertex 3.61954 0.796218 0
      vertex 3.61954 -0.356218 0
    endloop
  endfacet
  facet normal 0 0 -1
    outer loop
      vertex 3.55255 -0.380187 0
      vertex 3.55255 0.820187 0
      vertex 3.61954 0.796218 0
    endloop
  endfacet
  facet normal 0 0 -1
    outer loop
      vertex 3.48824 -0.410607 0
      vertex 3.55255 0.820187 0
      vertex 3.55255 -0.380187 0
    endloop
  endfacet
  facet normal 0 0 -1
    outer loop
      vertex 3.48824 -0.410607 0
      vertex 3.48824 0.850607 0
      vertex 3.55255 0.820187 0
    endloop
  endfacet
  facet normal 0 0 -1
    outer loop
      vertex 3.42721 -0.447184 0
      vertex 3.48824 0.850607 0
      vertex 3.48824 -0.410607 0
    endloop
  endfacet
  facet normal 0 0 -1
    outer loop
      vertex 3.42721 -0.447184 0
      vertex 3.42721 0.887184 0
      vertex 3.48824 0.850607 0
    endloop
  endfacet
  facet normal 0 0 -1
    outer loop
      vertex 3.37006 -0.489567 0
      vertex 3.42721 0.887184 0
      vertex 3.42721 -0.447184 0
    endloop
  endfacet
  facet normal 0 0 -1
    outer loop
      vertex 3.37006 -0.489567 0
      vertex 3.37006 0.929567 0
      vertex 3.42721 0.887184 0
    endloop
  endfacet
  facet normal 0 0 -1
    outer loop
      vertex 3.31735 -0.537347 0
      vertex 3.37006 0.929567 0
      vertex 3.37006 -0.489567 0
    endloop
  endfacet
  facet normal 0 0 -1
    outer loop
      vertex 3.31735 -0.537347 0
      vertex 3.31735 0.977347 0
      vertex 3.37006 0.929567 0
    endloop
  endfacet
  facet normal 0 0 -1
    outer loop
      vertex 3.26957 -0.590064 0
      vertex 3.31735 0.977347 0
      vertex 3.31735 -0.537347 0
    endloop
  endfacet
  facet normal 0 0 -1
    outer loop
      vertex 3.26957 -0.590064 0
      vertex 3.26957 1.03006 0
      vertex 3.31735 0.977347 0
    endloop
  endfacet
  facet normal 0 0 -1
    outer loop
      vertex 1.95981 -0.772554 0
      vertex 3.16019 -0.772554 0
      vertex 1.98378 -0.839543 0
    endloop
  endfacet
  facet normal 0 0 -1
    outer loop
      vertex 3.16019 -0.772554 0
      vertex 1.95981 -0.772554 0
      vertex 3.19061 -0.708237 0
    endloop
  endfacet
  facet normal 0 0 -1
    outer loop
      vertex 3.13622 -0.839543 0
      vertex 1.98378 -0.839543 0
      vertex 3.16019 -0.772554 0
    endloop
  endfacet
  facet normal 0 0 -1
    outer loop
      vertex 1.92939 -0.708237 0
      vertex 3.19061 -0.708237 0
      vertex 1.95981 -0.772554 0
    endloop
  endfacet
  facet normal 0 0 -1
    outer loop
      vertex 1.98378 -0.839543 0
      vertex 3.13622 -0.839543 0
      vertex 2.00107 -0.908559 0
    endloop
  endfacet
  facet normal 0 0 -1
    outer loop
      vertex 3.26957 1.03006 0
      vertex 2.015 1.49 0
      vertex 3.22718 1.08721 0
    endloop
  endfacet
  facet normal 0 0 -1
    outer loop
      vertex 3.11893 -0.908559 0
      vertex 2.00107 -0.908559 0
      vertex 3.13622 -0.839543 0
    endloop
  endfacet
  facet normal 0 0 -1
    outer loop
      vertex 3.22718 1.08721 0
      vertex 2.015 1.49 0
      vertex 3.19061 1.14824 0
    endloop
  endfacet
  facet normal 0 0 -1
    outer loop
      vertex 2.00107 -0.908559 0
      vertex 3.11893 -0.908559 0
      vertex 2.01151 -0.978937 0
    endloop
  endfacet
  facet normal 0 0 -1
    outer loop
      vertex 3.19061 1.14824 0
      vertex 2.015 1.49 0
      vertex 3.16019 1.21255 0
    endloop
  endfacet
  facet normal 0 0 -1
    outer loop
      vertex 2.01151 -0.978937 0
      vertex 3.11893 -0.908559 0
      vertex 3.10849 -0.978937 0
    endloop
  endfacet
  facet normal 0 0 -1
    outer loop
      vertex 3.16019 1.21255 0
      vertex 2.015 1.49 0
      vertex 3.13622 1.27954 0
    endloop
  endfacet
  facet normal 0 0 -1
    outer loop
      vertex 2.01151 -0.978937 0
      vertex 3.10849 -0.978937 0
      vertex 3.105 -1.05 0
    endloop
  endfacet
  facet normal 0 0 -1
    outer loop
      vertex 3.13622 1.27954 0
      vertex 2.015 1.49 0
      vertex 3.11893 1.34856 0
    endloop
  endfacet
  facet normal 0 0 -1
    outer loop
      vertex 7.89999 -14.425 0
      vertex 9.89999 -12.425 0
      vertex 9.89037 -12.621 0
    endloop
  endfacet
  facet normal 0 0 -1
    outer loop
      vertex 4.55151 -0.978937 0
      vertex 9.89999 -12.425 0
      vertex 4.555 -1.05 0
    endloop
  endfacet
  facet normal 0 0 -1
    outer loop
      vertex 7.89999 -14.425 0
      vertex 9.89037 -12.621 0
      vertex 9.86156 -12.8152 0
    endloop
  endfacet
  facet normal 0 0 -1
    outer loop
      vertex 9.89999 -12.425 0
      vertex 4.55151 -0.978937 0
      vertex 9.89999 12.425 0
    endloop
  endfacet
  facet normal 0 0 -1
    outer loop
      vertex 7.89999 -14.425 0
      vertex 9.86156 -12.8152 0
      vertex 9.81387 -13.0056 0
    endloop
  endfacet
  facet normal 0 0 -1
    outer loop
      vertex 4.55151 1.56106 0
      vertex 9.89999 12.425 0
      vertex 4.555 1.49 0
    endloop
  endfacet
  facet normal 0 0 -1
    outer loop
      vertex 7.89999 -14.425 0
      vertex 9.81387 -13.0056 0
      vertex 9.74776 -13.1904 0
    endloop
  endfacet
  facet normal 0 0 -1
    outer loop
      vertex 4.54107 1.63144 0
      vertex 9.89999 12.425 0
      vertex 4.55151 1.56106 0
    endloop
  endfacet
  facet normal 0 0 -1
    outer loop
      vertex 7.89999 -14.425 0
      vertex 9.74776 -13.1904 0
      vertex 9.66383 -13.3678 0
    endloop
  endfacet
  facet normal 0 0 -1
    outer loop
      vertex 4.52378 1.70046 0
      vertex 9.89999 12.425 0
      vertex 4.54107 1.63144 0
    endloop
  endfacet
  facet normal 0 0 -1
    outer loop
      vertex 7.89999 -14.425 0
      vertex 9.66383 -13.3678 0
      vertex 9.56293 -13.5361 0
    endloop
  endfacet
  facet normal 0 0 -1
    outer loop
      vertex 4.49981 1.76745 0
      vertex 9.89999 12.425 0
      vertex 4.52378 1.70046 0
    endloop
  endfacet
  facet normal 0 0 -1
    outer loop
      vertex 7.89999 -14.425 0
      vertex 9.56293 -13.5361 0
      vertex 9.44601 -13.6938 0
    endloop
  endfacet
  facet normal 0 0 -1
    outer loop
      vertex 4.46939 1.83176 0
      vertex 9.89999 12.425 0
      vertex 4.49981 1.76745 0
    endloop
  endfacet
  facet normal 0 0 -1
    outer loop
      vertex 7.89999 -14.425 0
      vertex 9.44601 -13.6938 0
      vertex 9.31421 -13.8392 0
    endloop
  endfacet
  facet normal 0 0 -1
    outer loop
      vertex 4.43282 1.89279 0
      vertex 9.89999 12.425 0
      vertex 4.46939 1.83176 0
    endloop
  endfacet
  facet normal 0 0 -1
    outer loop
      vertex 7.89999 -14.425 0
      vertex 9.31421 -13.8392 0
      vertex 9.16878 -13.971 0
    endloop
  endfacet
  facet normal 0 0 -1
    outer loop
      vertex 4.39043 1.94993 0
      vertex 9.89999 12.425 0
      vertex 4.43282 1.89279 0
    endloop
  endfacet
  facet normal 0 0 -1
    outer loop
      vertex 7.89999 -14.425 0
      vertex 9.16878 -13.971 0
      vertex 9.01114 -14.0879 0
    endloop
  endfacet
  facet normal 0 0 -1
    outer loop
      vertex 4.34265 2.00265 0
      vertex 9.89999 12.425 0
      vertex 4.39043 1.94993 0
    endloop
  endfacet
  facet normal 0 0 -1
    outer loop
      vertex 7.89999 -14.425 0
      vertex 9.01114 -14.0879 0
      vertex 8.84279 -14.1888 0
    endloop
  endfacet
  facet normal 0 0 -1
    outer loop
      vertex 4.28993 2.05043 0
      vertex 9.89999 12.425 0
      vertex 4.34265 2.00265 0
    endloop
  endfacet
  facet normal 0 0 -1
    outer loop
      vertex 7.89999 -14.425 0
      vertex 8.84279 -14.1888 0
      vertex 8.66536 -14.2728 0
    endloop
  endfacet
  facet normal 0 0 -1
    outer loop
      vertex 4.23279 2.09282 0
      vertex 9.89999 12.425 0
      vertex 4.28993 2.05043 0
    endloop
  endfacet
  facet normal 0 0 -1
    outer loop
      vertex 7.89999 -14.425 0
      vertex 8.66536 -14.2728 0
      vertex 8.48056 -14.3389 0
    endloop
  endfacet
  facet normal 0 0 -1
    outer loop
      vertex 2.15 9.925 0
      vertex 9.89999 12.425 0
      vertex 4.23279 2.09282 0
    endloop
  endfacet
  facet normal 0 0 -1
    outer loop
      vertex 7.89999 -14.425 0
      vertex 8.48056 -14.3389 0
      vertex 8.29018 -14.3866 0
    endloop
  endfacet
  facet normal 0 0 -1
    outer loop
      vertex 2.13965 10.1357 0
      vertex 9.89999 12.425 0
      vertex 2.15 9.925 0
    endloop
  endfacet
  facet normal 0 0 -1
    outer loop
      vertex 7.89999 -14.425 0
      vertex 8.29018 -14.3866 0
      vertex 8.09602 -14.4154 0
    endloop
  endfacet
  facet normal 0 -0 -1
    outer loop
      vertex 7.89999 14.425 0
      vertex 9.89999 12.425 0
      vertex 2.13965 10.1357 0
    endloop
  endfacet
  facet normal -0 0 -1
    outer loop
      vertex 9.89999 -12.425 0
      vertex 7.89999 -14.425 0
      vertex 2.13965 -10.1357 0
    endloop
  endfacet
  facet normal 0 0 -1
    outer loop
      vertex 9.89999 12.425 0
      vertex 7.89999 14.425 0
      vertex 9.89037 12.621 0
    endloop
  endfacet
  facet normal 0 0 -1
    outer loop
      vertex 9.89037 12.621 0
      vertex 7.89999 14.425 0
      vertex 9.86156 12.8152 0
    endloop
  endfacet
  facet normal 0 0 -1
    outer loop
      vertex 9.89999 -12.425 0
      vertex 4.55151 -1.12106 0
      vertex 4.555 -1.05 0
    endloop
  endfacet
  facet normal 0 0 -1
    outer loop
      vertex 9.89999 -12.425 0
      vertex 4.54107 -1.19144 0
      vertex 4.55151 -1.12106 0
    endloop
  endfacet
  facet normal 0 0 -1
    outer loop
      vertex 9.89999 -12.425 0
      vertex 4.52378 -1.26046 0
      vertex 4.54107 -1.19144 0
    endloop
  endfacet
  facet normal 0 0 -1
    outer loop
      vertex 9.89999 -12.425 0
      vertex 4.49981 -1.32745 0
      vertex 4.52378 -1.26046 0
    endloop
  endfacet
  facet normal 0 0 -1
    outer loop
      vertex 9.89999 -12.425 0
      vertex 4.46939 -1.39176 0
      vertex 4.49981 -1.32745 0
    endloop
  endfacet
  facet normal 0 0 -1
    outer loop
      vertex 9.89999 -12.425 0
      vertex 4.43282 -1.45279 0
      vertex 4.46939 -1.39176 0
    endloop
  endfacet
  facet normal 0 0 -1
    outer loop
      vertex 9.89999 -12.425 0
      vertex 4.39043 -1.50993 0
      vertex 4.43282 -1.45279 0
    endloop
  endfacet
  facet normal 0 0 -1
    outer loop
      vertex 9.89999 -12.425 0
      vertex 4.34265 -1.56265 0
      vertex 4.39043 -1.50993 0
    endloop
  endfacet
  facet normal 0 0 -1
    outer loop
      vertex 9.89999 -12.425 0
      vertex 4.28993 -1.61043 0
      vertex 4.34265 -1.56265 0
    endloop
  endfacet
  facet normal 0 0 -1
    outer loop
      vertex 2.13965 -9.71426 0
      vertex 9.89999 -12.425 0
      vertex 2.15 -9.925 0
    endloop
  endfacet
  facet normal 0 0 -1
    outer loop
      vertex 9.89999 -12.425 0
      vertex 4.23279 -1.65282 0
      vertex 4.28993 -1.61043 0
    endloop
  endfacet
  facet normal 0 0 -1
    outer loop
      vertex 2.10869 -9.50556 0
      vertex 9.89999 -12.425 0
      vertex 2.13965 -9.71426 0
    endloop
  endfacet
  facet normal 0 0 -1
    outer loop
      vertex 2.05742 -9.30089 0
      vertex 9.89999 -12.425 0
      vertex 2.10869 -9.50556 0
    endloop
  endfacet
  facet normal 0 0 -1
    outer loop
      vertex 1.98634 -9.10223 0
      vertex 9.89999 -12.425 0
      vertex 2.05742 -9.30089 0
    endloop
  endfacet
  facet normal 0 0 -1
    outer loop
      vertex 9.89999 -12.425 0
      vertex 1.98634 -9.10223 0
      vertex 4.23279 -1.65282 0
    endloop
  endfacet
  facet normal 0 0 -1
    outer loop
      vertex 4.23279 -1.65282 0
      vertex 1.98634 -9.10223 0
      vertex 4.17176 -1.68939 0
    endloop
  endfacet
  facet normal 0 0 -1
    outer loop
      vertex 1.89613 -8.9115 0
      vertex 4.17176 -1.68939 0
      vertex 1.98634 -9.10223 0
    endloop
  endfacet
  facet normal 0 0 -1
    outer loop
      vertex 4.17176 -1.68939 0
      vertex 1.89613 -8.9115 0
      vertex 4.10745 -1.71981 0
    endloop
  endfacet
  facet normal 0 0 -1
    outer loop
      vertex 1.78766 -8.73052 0
      vertex 4.10745 -1.71981 0
      vertex 1.89613 -8.9115 0
    endloop
  endfacet
  facet normal 0 0 -1
    outer loop
      vertex 4.10745 -1.71981 0
      vertex 1.78766 -8.73052 0
      vertex 4.04046 -1.74378 0
    endloop
  endfacet
  facet normal 0 0 -1
    outer loop
      vertex 1.66197 -8.56105 0
      vertex 4.04046 -1.74378 0
      vertex 1.78766 -8.73052 0
    endloop
  endfacet
  facet normal 0 0 -1
    outer loop
      vertex 4.04046 -1.74378 0
      vertex 1.66197 -8.56105 0
      vertex 3.97144 -1.76107 0
    endloop
  endfacet
  facet normal 0 0 -1
    outer loop
      vertex 1.52028 -8.40472 0
      vertex 3.97144 -1.76107 0
      vertex 1.66197 -8.56105 0
    endloop
  endfacet
  facet normal 0 0 -1
    outer loop
      vertex 3.97144 -1.76107 0
      vertex 1.52028 -8.40472 0
      vertex 3.90106 -1.77151 0
    endloop
  endfacet
  facet normal 0 0 -1
    outer loop
      vertex 3.90106 -1.77151 0
      vertex 1.52028 -8.40472 0
      vertex 3.83 -1.775 0
    endloop
  endfacet
  facet normal 0 0 -1
    outer loop
      vertex 1.36395 -8.26303 0
      vertex 3.83 -1.775 0
      vertex 1.52028 -8.40472 0
    endloop
  endfacet
  facet normal -0 0 -1
    outer loop
      vertex 3.83 -1.775 0
      vertex 1.36395 -8.26303 0
      vertex 3.75894 -1.77151 0
    endloop
  endfacet
  facet normal 0 0 -1
    outer loop
      vertex 1.19448 -8.13734 0
      vertex 3.75894 -1.77151 0
      vertex 1.36395 -8.26303 0
    endloop
  endfacet
  facet normal 0 0 -1
    outer loop
      vertex 3.55255 -1.71981 0
      vertex 1.56745 -1.71981 0
      vertex 3.48824 -1.68939 0
    endloop
  endfacet
  facet normal 0 0 -1
    outer loop
      vertex 3.61954 -1.74378 0
      vertex 1.56745 -1.71981 0
      vertex 3.55255 -1.71981 0
    endloop
  endfacet
  facet normal 0 -0 -1
    outer loop
      vertex 1.56745 -1.71981 0
      vertex 3.61954 -1.74378 0
      vertex 1.0135 -8.02887 0
    endloop
  endfacet
  facet normal -0 0 -1
    outer loop
      vertex 3.68856 -1.76107 0
      vertex 1.0135 -8.02887 0
      vertex 3.61954 -1.74378 0
    endloop
  endfacet
  facet normal 0 0 -1
    outer loop
      vertex 1.0135 -8.02887 0
      vertex 3.68856 -1.76107 0
      vertex 1.19448 -8.13734 0
    endloop
  endfacet
  facet normal -0 0 -1
    outer loop
      vertex 3.75894 -1.77151 0
      vertex 1.19448 -8.13734 0
      vertex 3.68856 -1.76107 0
    endloop
  endfacet
  facet normal 0 0 -1
    outer loop
      vertex 9.89999 -12.425 0
      vertex 2.13965 -10.1357 0
      vertex 2.15 -9.925 0
    endloop
  endfacet
  facet normal 0 0 -1
    outer loop
      vertex 7.89999 -14.425 0
      vertex 2.10869 -10.3444 0
      vertex 2.13965 -10.1357 0
    endloop
  endfacet
  facet normal 0 0 -1
    outer loop
      vertex 7.89999 -14.425 0
      vertex 2.05742 -10.5491 0
      vertex 2.10869 -10.3444 0
    endloop
  endfacet
  facet normal 0 0 -1
    outer loop
      vertex 7.89999 -14.425 0
      vertex 1.98634 -10.7478 0
      vertex 2.05742 -10.5491 0
    endloop
  endfacet
  facet normal 0 0 -1
    outer loop
      vertex 7.89999 -14.425 0
      vertex 1.89613 -10.9385 0
      vertex 1.98634 -10.7478 0
    endloop
  endfacet
  facet normal 0 0 -1
    outer loop
      vertex 7.89999 -14.425 0
      vertex 1.78766 -11.1195 0
      vertex 1.89613 -10.9385 0
    endloop
  endfacet
  facet normal 0 0 -1
    outer loop
      vertex 7.89999 -14.425 0
      vertex 1.66197 -11.2889 0
      vertex 1.78766 -11.1195 0
    endloop
  endfacet
  facet normal 0 0 -1
    outer loop
      vertex 7.89999 -14.425 0
      vertex 1.52028 -11.4453 0
      vertex 1.66197 -11.2889 0
    endloop
  endfacet
  facet normal 0 0 -1
    outer loop
      vertex 7.89999 -14.425 0
      vertex 1.36395 -11.587 0
      vertex 1.52028 -11.4453 0
    endloop
  endfacet
  facet normal 0 0 -1
    outer loop
      vertex 7.89999 -14.425 0
      vertex 1.19448 -11.7127 0
      vertex 1.36395 -11.587 0
    endloop
  endfacet
  facet normal 0 0 -1
    outer loop
      vertex 7.89999 -14.425 0
      vertex 1.0135 -11.8211 0
      vertex 1.19448 -11.7127 0
    endloop
  endfacet
  facet normal 0 0 -1
    outer loop
      vertex 7.89999 -14.425 0
      vertex 0.822769 -11.9113 0
      vertex 1.0135 -11.8211 0
    endloop
  endfacet
  facet normal 0 0 -1
    outer loop
      vertex 7.89999 -14.425 0
      vertex 0.624111 -11.9824 0
      vertex 0.822769 -11.9113 0
    endloop
  endfacet
  facet normal 0 0 -1
    outer loop
      vertex 7.89999 -14.425 0
      vertex 0.419444 -12.0337 0
      vertex 0.624111 -11.9824 0
    endloop
  endfacet
  facet normal 0 0 -1
    outer loop
      vertex 7.89999 -14.425 0
      vertex 0.210736 -12.0646 0
      vertex 0.419444 -12.0337 0
    endloop
  endfacet
  facet normal 0 0 -1
    outer loop
      vertex 7.89999 -14.425 0
      vertex 0 -12.075 0
      vertex 0.210736 -12.0646 0
    endloop
  endfacet
  facet normal 0 0 -1
    outer loop
      vertex -7.89999 -14.425 0
      vertex 0 -12.075 0
      vertex 7.89999 -14.425 0
    endloop
  endfacet
  facet normal -0 0 -1
    outer loop
      vertex 0 -12.075 0
      vertex -7.89999 -14.425 0
      vertex -0.210736 -12.0646 0
    endloop
  endfacet
  facet normal -0 0 -1
    outer loop
      vertex -0.210736 -12.0646 0
      vertex -7.89999 -14.425 0
      vertex -0.419444 -12.0337 0
    endloop
  endfacet
  facet normal 0 0 -1
    outer loop
      vertex -1.94378 1.70046 0
      vertex -3.09622 1.70046 0
      vertex -3.12019 1.76745 0
    endloop
  endfacet
  facet normal 0 0 -1
    outer loop
      vertex -9.89999 -12.425 0
      vertex -2.15 -9.925 0
      vertex -2.13965 -10.1357 0
    endloop
  endfacet
  facet normal 0 0 -1
    outer loop
      vertex -1.96107 1.34856 0
      vertex -3.065 1.49 0
      vertex -1.97151 1.41894 0
    endloop
  endfacet
  facet normal 0 -0 -1
    outer loop
      vertex -3.065 -1.05 0
      vertex -1.975 -1.05 0
      vertex -3.06849 -1.12106 0
    endloop
  endfacet
  facet normal 0 0 -1
    outer loop
      vertex -1.98634 -9.10223 0
      vertex -3.09622 -1.26046 0
      vertex -3.07893 -1.19144 0
    endloop
  endfacet
  facet normal 0 0 -1
    outer loop
      vertex -1.98634 -9.10223 0
      vertex -3.12019 -1.32745 0
      vertex -3.09622 -1.26046 0
    endloop
  endfacet
  facet normal 0 0 -1
    outer loop
      vertex -1.98634 -9.10223 0
      vertex -3.15061 -1.39176 0
      vertex -3.12019 -1.32745 0
    endloop
  endfacet
  facet normal 0 0 -1
    outer loop
      vertex -1.98634 -9.10223 0
      vertex -3.18718 -1.45279 0
      vertex -3.15061 -1.39176 0
    endloop
  endfacet
  facet normal 0 0 -1
    outer loop
      vertex -1.98634 -9.10223 0
      vertex -3.22957 -1.50993 0
      vertex -3.18718 -1.45279 0
    endloop
  endfacet
  facet normal 0 0 -1
    outer loop
      vertex -1.98634 -9.10223 0
      vertex -3.27735 -1.56265 0
      vertex -3.22957 -1.50993 0
    endloop
  endfacet
  facet normal 0 0 -1
    outer loop
      vertex -1.98634 -9.10223 0
      vertex -3.33006 -1.61043 0
      vertex -3.27735 -1.56265 0
    endloop
  endfacet
  facet normal 0 0 -1
    outer loop
      vertex -1.98634 -9.10223 0
      vertex -3.38721 -1.65282 0
      vertex -3.33006 -1.61043 0
    endloop
  endfacet
  facet normal 0 0 -1
    outer loop
      vertex -1.98634 -9.10223 0
      vertex -3.44824 -1.68939 0
      vertex -3.38721 -1.65282 0
    endloop
  endfacet
  facet normal 0 0 -1
    outer loop
      vertex -7.89999 -14.425 0
      vertex -2.13965 -10.1357 0
      vertex -2.10869 -10.3444 0
    endloop
  endfacet
  facet normal 0 0 -1
    outer loop
      vertex -1.98634 -9.10223 0
      vertex -3.51255 -1.71981 0
      vertex -3.44824 -1.68939 0
    endloop
  endfacet
  facet normal 0 0 -1
    outer loop
      vertex -1.98634 -9.10223 0
      vertex -3.57954 -1.74378 0
      vertex -3.51255 -1.71981 0
    endloop
  endfacet
  facet normal 0 0 -1
    outer loop
      vertex -1.98634 -9.10223 0
      vertex -3.64856 -1.76107 0
      vertex -3.57954 -1.74378 0
    endloop
  endfacet
  facet normal 0 0 -1
    outer loop
      vertex -1.98634 -9.10223 0
      vertex -3.71894 -1.77151 0
      vertex -3.64856 -1.76107 0
    endloop
  endfacet
  facet normal 0 0 -1
    outer loop
      vertex -1.98634 -9.10223 0
      vertex -3.79 -1.775 0
      vertex -3.71894 -1.77151 0
    endloop
  endfacet
  facet normal 0 0 -1
    outer loop
      vertex -1.98634 -9.10223 0
      vertex -3.86106 -1.77151 0
      vertex -3.79 -1.775 0
    endloop
  endfacet
  facet normal 0 0 -1
    outer loop
      vertex -1.98634 -9.10223 0
      vertex -3.93144 -1.76107 0
      vertex -3.86106 -1.77151 0
    endloop
  endfacet
  facet normal 0 0 -1
    outer loop
      vertex -1.98634 -9.10223 0
      vertex -4.00046 -1.74378 0
      vertex -3.93144 -1.76107 0
    endloop
  endfacet
  facet normal 0 0 -1
    outer loop
      vertex -1.98634 -9.10223 0
      vertex -4.06745 -1.71981 0
      vertex -4.00046 -1.74378 0
    endloop
  endfacet
  facet normal 0 0 -1
    outer loop
      vertex -1.98634 -9.10223 0
      vertex -4.13176 -1.68939 0
      vertex -4.06745 -1.71981 0
    endloop
  endfacet
  facet normal -0 0 -1
    outer loop
      vertex -1.98634 -9.10223 0
      vertex -9.89999 -12.425 0
      vertex -4.19279 -1.65282 0
    endloop
  endfacet
  facet normal 0 0 -1
    outer loop
      vertex -1.98634 -9.10223 0
      vertex -4.19279 -1.65282 0
      vertex -4.13176 -1.68939 0
    endloop
  endfacet
  facet normal -0 0 -1
    outer loop
      vertex -4.19279 -1.65282 0
      vertex -9.89999 -12.425 0
      vertex -4.24993 -1.61043 0
    endloop
  endfacet
  facet normal -0 0 -1
    outer loop
      vertex -4.24993 -1.61043 0
      vertex -9.89999 -12.425 0
      vertex -4.30265 -1.56265 0
    endloop
  endfacet
  facet normal 0 0 -1
    outer loop
      vertex -7.89999 -14.425 0
      vertex -2.10869 -10.3444 0
      vertex -2.05742 -10.5491 0
    endloop
  endfacet
  facet normal -0 0 -1
    outer loop
      vertex -4.30265 -1.56265 0
      vertex -9.89999 -12.425 0
      vertex -4.35043 -1.50993 0
    endloop
  endfacet
  facet normal -0 0 -1
    outer loop
      vertex -4.35043 -1.50993 0
      vertex -9.89999 -12.425 0
      vertex -4.39282 -1.45279 0
    endloop
  endfacet
  facet normal -0 0 -1
    outer loop
      vertex -4.39282 -1.45279 0
      vertex -9.89999 -12.425 0
      vertex -4.42939 -1.39176 0
    endloop
  endfacet
  facet normal -0 0 -1
    outer loop
      vertex -4.42939 -1.39176 0
      vertex -9.89999 -12.425 0
      vertex -4.45981 -1.32745 0
    endloop
  endfacet
  facet normal -0 0 -1
    outer loop
      vertex -4.51151 -1.12106 0
      vertex -9.89999 -12.425 0
      vertex -4.515 -1.05 0
    endloop
  endfacet
  facet normal -0 0 -1
    outer loop
      vertex -4.50107 -1.19144 0
      vertex -9.89999 -12.425 0
      vertex -4.51151 -1.12106 0
    endloop
  endfacet
  facet normal -0 0 -1
    outer loop
      vertex -4.48378 -1.26046 0
      vertex -9.89999 -12.425 0
      vertex -4.50107 -1.19144 0
    endloop
  endfacet
  facet normal -0 0 -1
    outer loop
      vertex -4.45981 -1.32745 0
      vertex -9.89999 -12.425 0
      vertex -4.48378 -1.26046 0
    endloop
  endfacet
  facet normal 0 0 -1
    outer loop
      vertex -2.13965 -10.1357 0
      vertex -7.89999 -14.425 0
      vertex -9.89999 -12.425 0
    endloop
  endfacet
  facet normal -0 0 -1
    outer loop
      vertex -1.98634 -10.7478 0
      vertex -7.89999 -14.425 0
      vertex -2.05742 -10.5491 0
    endloop
  endfacet
  facet normal -0 0 -1
    outer loop
      vertex -1.89613 -10.9385 0
      vertex -7.89999 -14.425 0
      vertex -1.98634 -10.7478 0
    endloop
  endfacet
  facet normal -0 0 -1
    outer loop
      vertex -1.78766 -11.1195 0
      vertex -7.89999 -14.425 0
      vertex -1.89613 -10.9385 0
    endloop
  endfacet
  facet normal -0 0 -1
    outer loop
      vertex -1.66197 -11.2889 0
      vertex -7.89999 -14.425 0
      vertex -1.78766 -11.1195 0
    endloop
  endfacet
  facet normal -0 0 -1
    outer loop
      vertex -1.52028 -11.4453 0
      vertex -7.89999 -14.425 0
      vertex -1.66197 -11.2889 0
    endloop
  endfacet
  facet normal -0 0 -1
    outer loop
      vertex -1.36395 -11.587 0
      vertex -7.89999 -14.425 0
      vertex -1.52028 -11.4453 0
    endloop
  endfacet
  facet normal -0 0 -1
    outer loop
      vertex -1.19448 -11.7127 0
      vertex -7.89999 -14.425 0
      vertex -1.36395 -11.587 0
    endloop
  endfacet
  facet normal -0 0 -1
    outer loop
      vertex -1.0135 -11.8211 0
      vertex -7.89999 -14.425 0
      vertex -1.19448 -11.7127 0
    endloop
  endfacet
  facet normal -0 0 -1
    outer loop
      vertex -0.822769 -11.9113 0
      vertex -7.89999 -14.425 0
      vertex -1.0135 -11.8211 0
    endloop
  endfacet
  facet normal -0 0 -1
    outer loop
      vertex -0.624111 -11.9824 0
      vertex -7.89999 -14.425 0
      vertex -0.822769 -11.9113 0
    endloop
  endfacet
  facet normal -0 0 -1
    outer loop
      vertex -0.419444 -12.0337 0
      vertex -7.89999 -14.425 0
      vertex -0.624111 -11.9824 0
    endloop
  endfacet
  facet normal 0 0 -1
    outer loop
      vertex 9.86156 12.8152 0
      vertex 7.89999 14.425 0
      vertex 9.81387 13.0056 0
    endloop
  endfacet
  facet normal 0 0 -1
    outer loop
      vertex 9.66383 13.3678 0
      vertex 7.89999 14.425 0
      vertex 9.56293 13.5361 0
    endloop
  endfacet
  facet normal 0 0 -1
    outer loop
      vertex 9.56293 13.5361 0
      vertex 7.89999 14.425 0
      vertex 9.44601 13.6938 0
    endloop
  endfacet
  facet normal 0 0 -1
    outer loop
      vertex 9.44601 13.6938 0
      vertex 7.89999 14.425 0
      vertex 9.31421 13.8392 0
    endloop
  endfacet
  facet normal 0 0 -1
    outer loop
      vertex 9.31421 13.8392 0
      vertex 7.89999 14.425 0
      vertex 9.16878 13.971 0
    endloop
  endfacet
  facet normal 0 0 -1
    outer loop
      vertex 9.16878 13.971 0
      vertex 7.89999 14.425 0
      vertex 9.01114 14.0879 0
    endloop
  endfacet
  facet normal 0 0 -1
    outer loop
      vertex 9.01114 14.0879 0
      vertex 7.89999 14.425 0
      vertex 8.84279 14.1888 0
    endloop
  endfacet
  facet normal 0 0 -1
    outer loop
      vertex 8.84279 14.1888 0
      vertex 7.89999 14.425 0
      vertex 8.66536 14.2728 0
    endloop
  endfacet
  facet normal 0 0 -1
    outer loop
      vertex 8.66536 14.2728 0
      vertex 7.89999 14.425 0
      vertex 8.48056 14.3389 0
    endloop
  endfacet
  facet normal 0 0 -1
    outer loop
      vertex 8.48056 14.3389 0
      vertex 7.89999 14.425 0
      vertex 8.29018 14.3866 0
    endloop
  endfacet
  facet normal 0 0 -1
    outer loop
      vertex 9.74776 13.1904 0
      vertex 7.89999 14.425 0
      vertex 9.66383 13.3678 0
    endloop
  endfacet
  facet normal 0 0 -1
    outer loop
      vertex 2.15 9.925 0
      vertex 4.23279 2.09282 0
      vertex 4.17176 2.12939 0
    endloop
  endfacet
  facet normal 0 0 -1
    outer loop
      vertex 2.15 9.925 0
      vertex 4.17176 2.12939 0
      vertex 4.10745 2.15981 0
    endloop
  endfacet
  facet normal 0 0 -1
    outer loop
      vertex 2.15 9.925 0
      vertex 4.10745 2.15981 0
      vertex 4.04046 2.18378 0
    endloop
  endfacet
  facet normal 0 0 -1
    outer loop
      vertex 2.15 9.925 0
      vertex 4.04046 2.18378 0
      vertex 3.97144 2.20107 0
    endloop
  endfacet
  facet normal 0 0 -1
    outer loop
      vertex 2.15 9.925 0
      vertex 3.97144 2.20107 0
      vertex 3.90106 2.21151 0
    endloop
  endfacet
  facet normal 0 0 -1
    outer loop
      vertex 2.15 9.925 0
      vertex 3.90106 2.21151 0
      vertex 3.83 2.215 0
    endloop
  endfacet
  facet normal 0 0 -1
    outer loop
      vertex 2.15 9.925 0
      vertex 3.83 2.215 0
      vertex 3.75894 2.21151 0
    endloop
  endfacet
  facet normal 0 0 -1
    outer loop
      vertex 2.15 9.925 0
      vertex 3.75894 2.21151 0
      vertex 3.68856 2.20107 0
    endloop
  endfacet
  facet normal 0 0 -1
    outer loop
      vertex 2.15 9.925 0
      vertex 3.68856 2.20107 0
      vertex 3.61954 2.18378 0
    endloop
  endfacet
  facet normal 0 0 -1
    outer loop
      vertex 2.15 9.925 0
      vertex 3.61954 2.18378 0
      vertex 3.55255 2.15981 0
    endloop
  endfacet
  facet normal 0 0 -1
    outer loop
      vertex 2.15 9.925 0
      vertex 3.55255 2.15981 0
      vertex 3.48824 2.12939 0
    endloop
  endfacet
  facet normal 0 0 -1
    outer loop
      vertex 2.15 9.925 0
      vertex 3.48824 2.12939 0
      vertex 3.42721 2.09282 0
    endloop
  endfacet
  facet normal 0 0 -1
    outer loop
      vertex 2.15 9.925 0
      vertex 3.42721 2.09282 0
      vertex 3.37006 2.05043 0
    endloop
  endfacet
  facet normal 0 0 -1
    outer loop
      vertex 2.15 9.925 0
      vertex 3.37006 2.05043 0
      vertex 3.31735 2.00265 0
    endloop
  endfacet
  facet normal 0 0 -1
    outer loop
      vertex 2.15 9.925 0
      vertex 3.31735 2.00265 0
      vertex 3.26957 1.94993 0
    endloop
  endfacet
  facet normal 0 0 -1
    outer loop
      vertex 2.15 9.925 0
      vertex 3.26957 1.94993 0
      vertex 3.22718 1.89279 0
    endloop
  endfacet
  facet normal 0 0 -1
    outer loop
      vertex 2.15 9.925 0
      vertex 3.22718 1.89279 0
      vertex 3.19061 1.83176 0
    endloop
  endfacet
  facet normal 0 0 -1
    outer loop
      vertex 2.15 9.925 0
      vertex 3.19061 1.83176 0
      vertex 3.16019 1.76745 0
    endloop
  endfacet
  facet normal 0 -0 -1
    outer loop
      vertex 1.63176 -1.68939 0
      vertex 3.48824 -1.68939 0
      vertex 1.56745 -1.71981 0
    endloop
  endfacet
  facet normal 0 0 -1
    outer loop
      vertex 3.105 1.49 0
      vertex 2.15 9.925 0
      vertex 3.10849 1.56106 0
    endloop
  endfacet
  facet normal 0 0 -1
    outer loop
      vertex 2.15 9.925 0
      vertex 3.11893 1.63144 0
      vertex 3.10849 1.56106 0
    endloop
  endfacet
  facet normal 0 0 -1
    outer loop
      vertex 2.15 9.925 0
      vertex 3.13622 1.70046 0
      vertex 3.11893 1.63144 0
    endloop
  endfacet
  facet normal 0 0 -1
    outer loop
      vertex 2.15 9.925 0
      vertex 3.16019 1.76745 0
      vertex 3.13622 1.70046 0
    endloop
  endfacet
  facet normal 0 0 -1
    outer loop
      vertex 8.29018 14.3866 0
      vertex 7.89999 14.425 0
      vertex 8.09602 14.4154 0
    endloop
  endfacet
  facet normal 0 0 -1
    outer loop
      vertex 9.81387 13.0056 0
      vertex 7.89999 14.425 0
      vertex 9.74776 13.1904 0
    endloop
  endfacet
  facet normal 0 0 -1
    outer loop
      vertex 2.10869 10.3444 0
      vertex 7.89999 14.425 0
      vertex 2.13965 10.1357 0
    endloop
  endfacet
  facet normal 0 0 -1
    outer loop
      vertex 2.05742 10.5491 0
      vertex 7.89999 14.425 0
      vertex 2.10869 10.3444 0
    endloop
  endfacet
  facet normal 0 0 -1
    outer loop
      vertex 1.98634 10.7478 0
      vertex 7.89999 14.425 0
      vertex 2.05742 10.5491 0
    endloop
  endfacet
  facet normal 0 0 -1
    outer loop
      vertex 1.89613 10.9385 0
      vertex 7.89999 14.425 0
      vertex 1.98634 10.7478 0
    endloop
  endfacet
  facet normal 0 0 -1
    outer loop
      vertex 1.78766 11.1195 0
      vertex 7.89999 14.425 0
      vertex 1.89613 10.9385 0
    endloop
  endfacet
  facet normal 0 0 -1
    outer loop
      vertex 1.66197 11.2889 0
      vertex 7.89999 14.425 0
      vertex 1.78766 11.1195 0
    endloop
  endfacet
  facet normal 0 0 -1
    outer loop
      vertex 1.52028 11.4453 0
      vertex 7.89999 14.425 0
      vertex 1.66197 11.2889 0
    endloop
  endfacet
  facet normal 0 0 -1
    outer loop
      vertex 1.36395 11.587 0
      vertex 7.89999 14.425 0
      vertex 1.52028 11.4453 0
    endloop
  endfacet
  facet normal 0 0 -1
    outer loop
      vertex 1.19448 11.7127 0
      vertex 7.89999 14.425 0
      vertex 1.36395 11.587 0
    endloop
  endfacet
  facet normal 0 0 -1
    outer loop
      vertex 1.0135 11.8211 0
      vertex 7.89999 14.425 0
      vertex 1.19448 11.7127 0
    endloop
  endfacet
  facet normal 0 0 -1
    outer loop
      vertex 0.822769 11.9113 0
      vertex 7.89999 14.425 0
      vertex 1.0135 11.8211 0
    endloop
  endfacet
  facet normal 0 0 -1
    outer loop
      vertex 0.624111 11.9824 0
      vertex 7.89999 14.425 0
      vertex 0.822769 11.9113 0
    endloop
  endfacet
  facet normal 0 0 -1
    outer loop
      vertex 0.419444 12.0337 0
      vertex 7.89999 14.425 0
      vertex 0.624111 11.9824 0
    endloop
  endfacet
  facet normal 0 0 -1
    outer loop
      vertex 0.210736 12.0646 0
      vertex 7.89999 14.425 0
      vertex 0.419444 12.0337 0
    endloop
  endfacet
  facet normal 0 0 -1
    outer loop
      vertex 0 12.075 0
      vertex 7.89999 14.425 0
      vertex 0.210736 12.0646 0
    endloop
  endfacet
  facet normal 0 0 -1
    outer loop
      vertex -7.89999 14.425 0
      vertex 0 12.075 0
      vertex -0.210736 12.0646 0
    endloop
  endfacet
  facet normal 0 0 -1
    outer loop
      vertex -7.89999 14.425 0
      vertex -0.210736 12.0646 0
      vertex -0.419444 12.0337 0
    endloop
  endfacet
  facet normal 0 0 -1
    outer loop
      vertex -7.89999 14.425 0
      vertex -0.419444 12.0337 0
      vertex -0.624111 11.9824 0
    endloop
  endfacet
  facet normal 0 0 -1
    outer loop
      vertex -1.91981 1.76745 0
      vertex -3.12019 1.76745 0
      vertex -3.15061 1.83176 0
    endloop
  endfacet
  facet normal 0 0 -1
    outer loop
      vertex -1.88939 1.83176 0
      vertex -3.15061 1.83176 0
      vertex -3.18718 1.89279 0
    endloop
  endfacet
  facet normal 0 0 -1
    outer loop
      vertex -1.85282 1.89279 0
      vertex -3.18718 1.89279 0
      vertex -3.22957 1.94993 0
    endloop
  endfacet
  facet normal 0 0 -1
    outer loop
      vertex -1.81043 1.94993 0
      vertex -3.22957 1.94993 0
      vertex -3.27735 2.00265 0
    endloop
  endfacet
  facet normal 0 0 -1
    outer loop
      vertex -1.76265 2.00265 0
      vertex -3.27735 2.00265 0
      vertex -3.33006 2.05043 0
    endloop
  endfacet
  facet normal 0 0 -1
    outer loop
      vertex -1.70993 2.05043 0
      vertex -3.33006 2.05043 0
      vertex -3.38721 2.09282 0
    endloop
  endfacet
  facet normal 0 0 -1
    outer loop
      vertex -1.59176 2.12939 0
      vertex -3.44824 2.12939 0
      vertex -3.51255 2.15981 0
    endloop
  endfacet
  facet normal 0 0 -1
    outer loop
      vertex -3.79 2.215 0
      vertex -1.36395 8.26303 0
      vertex -3.71894 2.21151 0
    endloop
  endfacet
  facet normal -0 0 -1
    outer loop
      vertex -1.36395 8.26303 0
      vertex -3.79 2.215 0
      vertex -1.52028 8.40472 0
    endloop
  endfacet
  facet normal 0 0 -1
    outer loop
      vertex -3.86106 2.21151 0
      vertex -1.52028 8.40472 0
      vertex -3.79 2.215 0
    endloop
  endfacet
  facet normal -0 0 -1
    outer loop
      vertex -1.52028 8.40472 0
      vertex -3.86106 2.21151 0
      vertex -1.66197 8.56105 0
    endloop
  endfacet
  facet normal 0 0 -1
    outer loop
      vertex -3.93144 2.20107 0
      vertex -1.66197 8.56105 0
      vertex -3.86106 2.21151 0
    endloop
  endfacet
  facet normal 0 0 -1
    outer loop
      vertex -4.00046 2.18378 0
      vertex -1.66197 8.56105 0
      vertex -3.93144 2.20107 0
    endloop
  endfacet
  facet normal -0 0 -1
    outer loop
      vertex -1.66197 8.56105 0
      vertex -4.00046 2.18378 0
      vertex -1.78766 8.73052 0
    endloop
  endfacet
  facet normal 0 0 -1
    outer loop
      vertex -4.06745 2.15981 0
      vertex -1.78766 8.73052 0
      vertex -4.00046 2.18378 0
    endloop
  endfacet
  facet normal -0 0 -1
    outer loop
      vertex -1.78766 8.73052 0
      vertex -4.06745 2.15981 0
      vertex -1.89613 8.9115 0
    endloop
  endfacet
  facet normal 0 0 -1
    outer loop
      vertex -4.13176 2.12939 0
      vertex -1.89613 8.9115 0
      vertex -4.06745 2.15981 0
    endloop
  endfacet
  facet normal -0 0 -1
    outer loop
      vertex -1.89613 8.9115 0
      vertex -4.13176 2.12939 0
      vertex -1.98634 9.10223 0
    endloop
  endfacet
  facet normal 0 0 -1
    outer loop
      vertex -4.19279 2.09282 0
      vertex -1.98634 9.10223 0
      vertex -4.13176 2.12939 0
    endloop
  endfacet
  facet normal 0 0 -1
    outer loop
      vertex -9.89999 12.425 0
      vertex -1.98634 9.10223 0
      vertex -4.19279 2.09282 0
    endloop
  endfacet
  facet normal 0 0 -1
    outer loop
      vertex -1.98634 9.10223 0
      vertex -9.89999 12.425 0
      vertex -2.05742 9.30089 0
    endloop
  endfacet
  facet normal 0 0 -1
    outer loop
      vertex -2.05742 9.30089 0
      vertex -9.89999 12.425 0
      vertex -2.10869 9.50556 0
    endloop
  endfacet
  facet normal 0 0 -1
    outer loop
      vertex -2.10869 9.50556 0
      vertex -9.89999 12.425 0
      vertex -2.13965 9.71426 0
    endloop
  endfacet
  facet normal 0 0 -1
    outer loop
      vertex -2.15 9.925 0
      vertex -9.89999 12.425 0
      vertex -2.13965 10.1357 0
    endloop
  endfacet
  facet normal 0 0 -1
    outer loop
      vertex -2.13965 9.71426 0
      vertex -9.89999 12.425 0
      vertex -2.15 9.925 0
    endloop
  endfacet
  facet normal 0 -0 -1
    outer loop
      vertex -7.89999 14.425 0
      vertex -2.13965 10.1357 0
      vertex -9.89999 12.425 0
    endloop
  endfacet
  facet normal 0 0 -1
    outer loop
      vertex -9.89999 12.425 0
      vertex -4.19279 2.09282 0
      vertex -4.24993 2.05043 0
    endloop
  endfacet
  facet normal 0 0 -1
    outer loop
      vertex -9.89999 12.425 0
      vertex -4.24993 2.05043 0
      vertex -4.30265 2.00265 0
    endloop
  endfacet
  facet normal 0 0 -1
    outer loop
      vertex -9.89999 12.425 0
      vertex -4.30265 2.00265 0
      vertex -4.35043 1.94993 0
    endloop
  endfacet
  facet normal 0 0 -1
    outer loop
      vertex -9.89999 12.425 0
      vertex -4.35043 1.94993 0
      vertex -4.39282 1.89279 0
    endloop
  endfacet
  facet normal 0 0 -1
    outer loop
      vertex -9.89999 12.425 0
      vertex -4.39282 1.89279 0
      vertex -4.42939 1.83176 0
    endloop
  endfacet
  facet normal 0 0 -1
    outer loop
      vertex -9.89999 12.425 0
      vertex -4.42939 1.83176 0
      vertex -4.45981 1.76745 0
    endloop
  endfacet
  facet normal 0 0 -1
    outer loop
      vertex -9.89999 12.425 0
      vertex -4.45981 1.76745 0
      vertex -4.48378 1.70046 0
    endloop
  endfacet
  facet normal -0 0 -1
    outer loop
      vertex -4.51151 -0.978937 0
      vertex -9.89999 -12.425 0
      vertex -9.89999 12.425 0
    endloop
  endfacet
  facet normal 0 0 -1
    outer loop
      vertex -4.51151 1.41894 0
      vertex -9.89999 12.425 0
      vertex -4.515 1.49 0
    endloop
  endfacet
  facet normal 0 0 -1
    outer loop
      vertex 0 12.075 0
      vertex -7.89999 14.425 0
      vertex 7.89999 14.425 0
    endloop
  endfacet
  facet normal 0 0 -1
    outer loop
      vertex -0.822769 11.9113 0
      vertex -7.89999 14.425 0
      vertex -0.624111 11.9824 0
    endloop
  endfacet
  facet normal 0 0 -1
    outer loop
      vertex -1.0135 11.8211 0
      vertex -7.89999 14.425 0
      vertex -0.822769 11.9113 0
    endloop
  endfacet
  facet normal 0 0 -1
    outer loop
      vertex -1.19448 11.7127 0
      vertex -7.89999 14.425 0
      vertex -1.0135 11.8211 0
    endloop
  endfacet
  facet normal 0 0 -1
    outer loop
      vertex -1.36395 11.587 0
      vertex -7.89999 14.425 0
      vertex -1.19448 11.7127 0
    endloop
  endfacet
  facet normal 0 0 -1
    outer loop
      vertex -1.52028 11.4453 0
      vertex -7.89999 14.425 0
      vertex -1.36395 11.587 0
    endloop
  endfacet
  facet normal 0 0 -1
    outer loop
      vertex -1.66197 11.2889 0
      vertex -7.89999 14.425 0
      vertex -1.52028 11.4453 0
    endloop
  endfacet
  facet normal 0 0 -1
    outer loop
      vertex -1.78766 11.1195 0
      vertex -7.89999 14.425 0
      vertex -1.66197 11.2889 0
    endloop
  endfacet
  facet normal 0 0 -1
    outer loop
      vertex -1.89613 10.9385 0
      vertex -7.89999 14.425 0
      vertex -1.78766 11.1195 0
    endloop
  endfacet
  facet normal 0 0 -1
    outer loop
      vertex -1.98634 10.7478 0
      vertex -7.89999 14.425 0
      vertex -1.89613 10.9385 0
    endloop
  endfacet
  facet normal 0 0 -1
    outer loop
      vertex -2.05742 10.5491 0
      vertex -7.89999 14.425 0
      vertex -1.98634 10.7478 0
    endloop
  endfacet
  facet normal 0 0 -1
    outer loop
      vertex -2.13965 10.1357 0
      vertex -7.89999 14.425 0
      vertex -2.10869 10.3444 0
    endloop
  endfacet
  facet normal 0 0 -1
    outer loop
      vertex -9.89999 12.425 0
      vertex -4.48378 1.70046 0
      vertex -4.50107 1.63144 0
    endloop
  endfacet
  facet normal 0 0 -1
    outer loop
      vertex -4.515 1.49 0
      vertex -9.89999 12.425 0
      vertex -4.51151 1.56106 0
    endloop
  endfacet
  facet normal 0 0 -1
    outer loop
      vertex -9.89999 -12.425 0
      vertex -7.89999 -14.425 0
      vertex -8.09602 -14.4154 0
    endloop
  endfacet
  facet normal 0 0 -1
    outer loop
      vertex -4.51151 1.56106 0
      vertex -9.89999 12.425 0
      vertex -4.50107 1.63144 0
    endloop
  endfacet
  facet normal 0 0 -1
    outer loop
      vertex -9.89999 -12.425 0
      vertex -8.09602 -14.4154 0
      vertex -8.29018 -14.3866 0
    endloop
  endfacet
  facet normal 0 0 -1
    outer loop
      vertex -2.10869 10.3444 0
      vertex -7.89999 14.425 0
      vertex -2.05742 10.5491 0
    endloop
  endfacet
  facet normal 0 0 -1
    outer loop
      vertex -9.89999 -12.425 0
      vertex -8.29018 -14.3866 0
      vertex -8.48056 -14.3389 0
    endloop
  endfacet
  facet normal 0 0 -1
    outer loop
      vertex -7.89999 14.425 0
      vertex -9.89999 12.425 0
      vertex -8.09602 14.4154 0
    endloop
  endfacet
  facet normal 0 0 -1
    outer loop
      vertex -9.89999 -12.425 0
      vertex -8.48056 -14.3389 0
      vertex -8.66536 -14.2728 0
    endloop
  endfacet
  facet normal 0 0 -1
    outer loop
      vertex -8.09602 14.4154 0
      vertex -9.89999 12.425 0
      vertex -8.29018 14.3866 0
    endloop
  endfacet
  facet normal 0 0 -1
    outer loop
      vertex -9.89999 -12.425 0
      vertex -8.66536 -14.2728 0
      vertex -8.84279 -14.1888 0
    endloop
  endfacet
  facet normal 0 0 -1
    outer loop
      vertex -8.29018 14.3866 0
      vertex -9.89999 12.425 0
      vertex -8.48056 14.3389 0
    endloop
  endfacet
  facet normal 0 0 -1
    outer loop
      vertex -9.89999 -12.425 0
      vertex -8.84279 -14.1888 0
      vertex -9.01114 -14.0879 0
    endloop
  endfacet
  facet normal 0 0 -1
    outer loop
      vertex -8.48056 14.3389 0
      vertex -9.89999 12.425 0
      vertex -8.66536 14.2728 0
    endloop
  endfacet
  facet normal 0 0 -1
    outer loop
      vertex -9.89999 -12.425 0
      vertex -9.01114 -14.0879 0
      vertex -9.16878 -13.971 0
    endloop
  endfacet
  facet normal 0 0 -1
    outer loop
      vertex -8.66536 14.2728 0
      vertex -9.89999 12.425 0
      vertex -8.84279 14.1888 0
    endloop
  endfacet
  facet normal 0 0 -1
    outer loop
      vertex -9.89999 -12.425 0
      vertex -9.16878 -13.971 0
      vertex -9.31421 -13.8392 0
    endloop
  endfacet
  facet normal 0 0 -1
    outer loop
      vertex -8.84279 14.1888 0
      vertex -9.89999 12.425 0
      vertex -9.01114 14.0879 0
    endloop
  endfacet
  facet normal 0 0 -1
    outer loop
      vertex -9.89999 -12.425 0
      vertex -9.31421 -13.8392 0
      vertex -9.44601 -13.6938 0
    endloop
  endfacet
  facet normal 0 0 -1
    outer loop
      vertex -9.01114 14.0879 0
      vertex -9.89999 12.425 0
      vertex -9.16878 13.971 0
    endloop
  endfacet
  facet normal 0 0 -1
    outer loop
      vertex -9.89999 -12.425 0
      vertex -9.44601 -13.6938 0
      vertex -9.56293 -13.5361 0
    endloop
  endfacet
  facet normal 0 0 -1
    outer loop
      vertex -9.16878 13.971 0
      vertex -9.89999 12.425 0
      vertex -9.31421 13.8392 0
    endloop
  endfacet
  facet normal 0 0 -1
    outer loop
      vertex -9.89999 -12.425 0
      vertex -9.56293 -13.5361 0
      vertex -9.66383 -13.3678 0
    endloop
  endfacet
  facet normal 0 0 -1
    outer loop
      vertex -9.31421 13.8392 0
      vertex -9.89999 12.425 0
      vertex -9.44601 13.6938 0
    endloop
  endfacet
  facet normal 0 0 -1
    outer loop
      vertex -9.89999 -12.425 0
      vertex -9.66383 -13.3678 0
      vertex -9.74776 -13.1904 0
    endloop
  endfacet
  facet normal 0 0 -1
    outer loop
      vertex -9.44601 13.6938 0
      vertex -9.89999 12.425 0
      vertex -9.56293 13.5361 0
    endloop
  endfacet
  facet normal 0 0 -1
    outer loop
      vertex -9.89999 -12.425 0
      vertex -9.74776 -13.1904 0
      vertex -9.81387 -13.0056 0
    endloop
  endfacet
  facet normal 0 0 -1
    outer loop
      vertex -9.56293 13.5361 0
      vertex -9.89999 12.425 0
      vertex -9.66383 13.3678 0
    endloop
  endfacet
  facet normal 0 0 -1
    outer loop
      vertex -9.89999 -12.425 0
      vertex -9.81387 -13.0056 0
      vertex -9.86156 -12.8152 0
    endloop
  endfacet
  facet normal 0 0 -1
    outer loop
      vertex -9.66383 13.3678 0
      vertex -9.89999 12.425 0
      vertex -9.74776 13.1904 0
    endloop
  endfacet
  facet normal 0 0 -1
    outer loop
      vertex -9.89999 -12.425 0
      vertex -9.86156 -12.8152 0
      vertex -9.89037 -12.621 0
    endloop
  endfacet
  facet normal 0 0 -1
    outer loop
      vertex -9.74776 13.1904 0
      vertex -9.89999 12.425 0
      vertex -9.81387 13.0056 0
    endloop
  endfacet
  facet normal 0 0 -1
    outer loop
      vertex -9.81387 13.0056 0
      vertex -9.89999 12.425 0
      vertex -9.86156 12.8152 0
    endloop
  endfacet
  facet normal 0 0 -1
    outer loop
      vertex -9.86156 12.8152 0
      vertex -9.89999 12.425 0
      vertex -9.89037 12.621 0
    endloop
  endfacet
  facet normal 0 0 -1
    outer loop
      vertex 3.105 1.49 0
      vertex 2.10869 9.50556 0
      vertex 2.13965 9.71426 0
    endloop
  endfacet
  facet normal 0 0 -1
    outer loop
      vertex 1.98378 1.70046 0
      vertex 3.105 1.49 0
      vertex 2.00107 1.63144 0
    endloop
  endfacet
  facet normal 0 0 -1
    outer loop
      vertex 3.105 1.49 0
      vertex 2.05742 9.30089 0
      vertex 2.10869 9.50556 0
    endloop
  endfacet
  facet normal 0 0 -1
    outer loop
      vertex 1.95981 1.76745 0
      vertex 3.105 1.49 0
      vertex 1.98378 1.70046 0
    endloop
  endfacet
  facet normal 0 0 -1
    outer loop
      vertex 3.105 1.49 0
      vertex 1.98634 9.10223 0
      vertex 2.05742 9.30089 0
    endloop
  endfacet
  facet normal 0 0 -1
    outer loop
      vertex 1.92939 1.83176 0
      vertex 3.105 1.49 0
      vertex 1.95981 1.76745 0
    endloop
  endfacet
  facet normal 0 0 -1
    outer loop
      vertex 1.89282 1.89279 0
      vertex 3.105 1.49 0
      vertex 1.92939 1.83176 0
    endloop
  endfacet
  facet normal 0 0 -1
    outer loop
      vertex 3.105 1.49 0
      vertex 1.89613 8.9115 0
      vertex 1.98634 9.10223 0
    endloop
  endfacet
  facet normal 0 0 -1
    outer loop
      vertex 1.85043 1.94993 0
      vertex 3.105 1.49 0
      vertex 1.89282 1.89279 0
    endloop
  endfacet
  facet normal 0 0 -1
    outer loop
      vertex 1.80265 2.00265 0
      vertex 3.105 1.49 0
      vertex 1.85043 1.94993 0
    endloop
  endfacet
  facet normal 0 0 -1
    outer loop
      vertex 1.74993 2.05043 0
      vertex 3.105 1.49 0
      vertex 1.80265 2.00265 0
    endloop
  endfacet
  facet normal 0 0 -1
    outer loop
      vertex 3.105 1.49 0
      vertex 1.78766 8.73052 0
      vertex 1.89613 8.9115 0
    endloop
  endfacet
  facet normal 0 0 -1
    outer loop
      vertex 1.69279 2.09282 0
      vertex 3.105 1.49 0
      vertex 1.74993 2.05043 0
    endloop
  endfacet
  facet normal 0 0 -1
    outer loop
      vertex 1.36395 8.26303 0
      vertex 3.105 1.49 0
      vertex 1.69279 2.09282 0
    endloop
  endfacet
  facet normal 0 0 -1
    outer loop
      vertex 3.105 1.49 0
      vertex 1.66197 8.56105 0
      vertex 1.78766 8.73052 0
    endloop
  endfacet
  facet normal 0 0 -1
    outer loop
      vertex 1.36395 8.26303 0
      vertex 1.69279 2.09282 0
      vertex 1.63176 2.12939 0
    endloop
  endfacet
  facet normal 0 0 -1
    outer loop
      vertex 1.19448 8.13734 0
      vertex 1.63176 2.12939 0
      vertex 1.56745 2.15981 0
    endloop
  endfacet
  facet normal 0 0 -1
    outer loop
      vertex 3.105 1.49 0
      vertex 1.52028 8.40472 0
      vertex 1.66197 8.56105 0
    endloop
  endfacet
  facet normal 0 0 -1
    outer loop
      vertex 1.0135 8.02887 0
      vertex 1.56745 2.15981 0
      vertex 1.50046 2.18378 0
    endloop
  endfacet
  facet normal 0 0 -1
    outer loop
      vertex 1.0135 8.02887 0
      vertex 1.50046 2.18378 0
      vertex 1.43144 2.20107 0
    endloop
  endfacet
  facet normal 0 0 -1
    outer loop
      vertex 3.105 1.49 0
      vertex 1.36395 8.26303 0
      vertex 1.52028 8.40472 0
    endloop
  endfacet
  facet normal 0 0 -1
    outer loop
      vertex 0.822769 7.93866 0
      vertex 1.43144 2.20107 0
      vertex 1.36106 2.21151 0
    endloop
  endfacet
  facet normal 0 0 -1
    outer loop
      vertex 0.624111 7.86758 0
      vertex 1.36106 2.21151 0
      vertex 1.29 2.215 0
    endloop
  endfacet
  facet normal 0 0 -1
    outer loop
      vertex 0.419444 7.81631 0
      vertex 1.29 2.215 0
      vertex 1.21894 2.21151 0
    endloop
  endfacet
  facet normal 0 0 -1
    outer loop
      vertex 1.63176 2.12939 0
      vertex 1.19448 8.13734 0
      vertex 1.36395 8.26303 0
    endloop
  endfacet
  facet normal 0 0 -1
    outer loop
      vertex 0.419444 7.81631 0
      vertex 1.21894 2.21151 0
      vertex 1.14856 2.20107 0
    endloop
  endfacet
  facet normal 0 0 -1
    outer loop
      vertex 0.210736 7.78535 0
      vertex 1.14856 2.20107 0
      vertex 1.07954 2.18378 0
    endloop
  endfacet
  facet normal 0 0 -1
    outer loop
      vertex 1.56745 2.15981 0
      vertex 1.0135 8.02887 0
      vertex 1.19448 8.13734 0
    endloop
  endfacet
  facet normal 0 0 -1
    outer loop
      vertex 0 7.775 0
      vertex 1.07954 2.18378 0
      vertex 1.01255 2.15981 0
    endloop
  endfacet
  facet normal 0 0 -1
    outer loop
      vertex -0.210736 7.78535 0
      vertex 1.01255 2.15981 0
      vertex 0.948237 2.12939 0
    endloop
  endfacet
  facet normal 0 0 -1
    outer loop
      vertex -0.210736 7.78535 0
      vertex 0.948237 2.12939 0
      vertex 0.887211 2.09282 0
    endloop
  endfacet
  facet normal 0 0 -1
    outer loop
      vertex -0.419444 7.81631 0
      vertex 0.887211 2.09282 0
      vertex 0.830064 2.05043 0
    endloop
  endfacet
  facet normal 0 0 -1
    outer loop
      vertex 1.43144 2.20107 0
      vertex 0.822769 7.93866 0
      vertex 1.0135 8.02887 0
    endloop
  endfacet
  facet normal 0 0 -1
    outer loop
      vertex 0.620187 1.76745 0
      vertex -0.580187 1.76745 0
      vertex 0.650607 1.83176 0
    endloop
  endfacet
  facet normal 0 0 -1
    outer loop
      vertex -0.580187 1.76745 0
      vertex 0.620187 1.76745 0
      vertex -0.556218 1.70046 0
    endloop
  endfacet
  facet normal 0 0 -1
    outer loop
      vertex 0.596218 1.70046 0
      vertex -0.556218 1.70046 0
      vertex 0.620187 1.76745 0
    endloop
  endfacet
  facet normal 0 0 -1
    outer loop
      vertex -0.556218 1.70046 0
      vertex 0.596218 1.70046 0
      vertex -0.53893 1.63144 0
    endloop
  endfacet
  facet normal 0 0 -1
    outer loop
      vertex 1.36106 2.21151 0
      vertex 0.624111 7.86758 0
      vertex 0.822769 7.93866 0
    endloop
  endfacet
  facet normal 0 0 -1
    outer loop
      vertex 0.57893 1.63144 0
      vertex -0.53893 1.63144 0
      vertex 0.596218 1.70046 0
    endloop
  endfacet
  facet normal 0 0 -1
    outer loop
      vertex -0.53893 1.63144 0
      vertex 0.57893 1.63144 0
      vertex -0.528491 1.56106 0
    endloop
  endfacet
  facet normal 0 0 -1
    outer loop
      vertex 0.568491 1.56106 0
      vertex -0.528491 1.56106 0
      vertex 0.57893 1.63144 0
    endloop
  endfacet
  facet normal 0 0 -1
    outer loop
      vertex 0.564999 1.49 0
      vertex -0.524999 1.49 0
      vertex 0.568491 1.56106 0
    endloop
  endfacet
  facet normal 0 0 -1
    outer loop
      vertex 0.568491 1.41894 0
      vertex -0.524999 1.49 0
      vertex 0.564999 1.49 0
    endloop
  endfacet
  facet normal 0 0 -1
    outer loop
      vertex 0.568491 -1.12106 0
      vertex -0.528491 -1.12106 0
      vertex 0.564999 -1.05 0
    endloop
  endfacet
  facet normal 0 0 -1
    outer loop
      vertex -0.528491 1.56106 0
      vertex 0.568491 1.56106 0
      vertex -0.524999 1.49 0
    endloop
  endfacet
  facet normal 0 -0 -1
    outer loop
      vertex -0.689567 -1.50993 0
      vertex 0.729567 -1.50993 0
      vertex -0.737347 -1.56265 0
    endloop
  endfacet
  facet normal 0 0 -1
    outer loop
      vertex 1.29 2.215 0
      vertex 0.419444 7.81631 0
      vertex 0.624111 7.86758 0
    endloop
  endfacet
  facet normal 0 -0 -1
    outer loop
      vertex -0.847211 -1.65282 0
      vertex 0.887211 -1.65282 0
      vertex -0.908237 -1.68939 0
    endloop
  endfacet
  facet normal 0 0 -1
    outer loop
      vertex 1.14856 2.20107 0
      vertex 0.210736 7.78535 0
      vertex 0.419444 7.81631 0
    endloop
  endfacet
  facet normal 0 0 -1
    outer loop
      vertex -1.03954 -1.74378 0
      vertex 0 -7.775 0
      vertex -0.210736 -7.78535 0
    endloop
  endfacet
  facet normal 0 0 -1
    outer loop
      vertex 1.07954 2.18378 0
      vertex 0 7.775 0
      vertex 0.210736 7.78535 0
    endloop
  endfacet
  facet normal 0 0 -1
    outer loop
      vertex -1.17894 -1.77151 0
      vertex -0.210736 -7.78535 0
      vertex -0.419444 -7.81631 0
    endloop
  endfacet
  facet normal 0 0 -1
    outer loop
      vertex 1.01255 2.15981 0
      vertex -0.210736 7.78535 0
      vertex 0 7.775 0
    endloop
  endfacet
  facet normal 0 0 -1
    outer loop
      vertex 0.887211 2.09282 0
      vertex -0.419444 7.81631 0
      vertex -0.210736 7.78535 0
    endloop
  endfacet
  facet normal 0 0 -1
    outer loop
      vertex 0.57893 1.34856 0
      vertex -0.524999 1.49 0
      vertex 0.568491 1.41894 0
    endloop
  endfacet
  facet normal 0 -0 -1
    outer loop
      vertex -0.524999 -1.05 0
      vertex 0.564999 -1.05 0
      vertex -0.528491 -1.12106 0
    endloop
  endfacet
  facet normal 0 -0 -1
    outer loop
      vertex -0.528491 -1.12106 0
      vertex 0.568491 -1.12106 0
      vertex -0.53893 -1.19144 0
    endloop
  endfacet
  facet normal 0 0 -1
    outer loop
      vertex 0.57893 -1.19144 0
      vertex -0.53893 -1.19144 0
      vertex 0.568491 -1.12106 0
    endloop
  endfacet
  facet normal 0 -0 -1
    outer loop
      vertex -0.53893 -1.19144 0
      vertex 0.57893 -1.19144 0
      vertex -0.556218 -1.26046 0
    endloop
  endfacet
  facet normal 0 0 -1
    outer loop
      vertex -1.25 -1.775 0
      vertex -0.419444 -7.81631 0
      vertex -0.624111 -7.86758 0
    endloop
  endfacet
  facet normal 0 0 -1
    outer loop
      vertex 0.596218 -1.26046 0
      vertex -0.556218 -1.26046 0
      vertex 0.57893 -1.19144 0
    endloop
  endfacet
  facet normal 0 -0 -1
    outer loop
      vertex -0.556218 -1.26046 0
      vertex 0.596218 -1.26046 0
      vertex -0.580187 -1.32745 0
    endloop
  endfacet
  facet normal 0 0 -1
    outer loop
      vertex 0.620187 -1.32745 0
      vertex -0.580187 -1.32745 0
      vertex 0.596218 -1.26046 0
    endloop
  endfacet
  facet normal 0 -0 -1
    outer loop
      vertex -0.580187 -1.32745 0
      vertex 0.620187 -1.32745 0
      vertex -0.610607 -1.39176 0
    endloop
  endfacet
  facet normal 0 0 -1
    outer loop
      vertex -1.32106 -1.77151 0
      vertex -0.624111 -7.86758 0
      vertex -0.822769 -7.93866 0
    endloop
  endfacet
  facet normal 0 0 -1
    outer loop
      vertex 0.650607 -1.39176 0
      vertex -0.610607 -1.39176 0
      vertex 0.620187 -1.32745 0
    endloop
  endfacet
  facet normal 0 0 -1
    outer loop
      vertex 0.729567 -1.50993 0
      vertex -0.689567 -1.50993 0
      vertex 0.687184 -1.45279 0
    endloop
  endfacet
  facet normal 0 0 -1
    outer loop
      vertex 0.830064 -1.61043 0
      vertex -0.790064 -1.61043 0
      vertex 0.777347 -1.56265 0
    endloop
  endfacet
  facet normal 0 0 -1
    outer loop
      vertex -1.46046 -1.74378 0
      vertex -0.822769 -7.93866 0
      vertex -1.0135 -8.02887 0
    endloop
  endfacet
  facet normal 0 0 -1
    outer loop
      vertex 0 -7.775 0
      vertex -1.03954 -1.74378 0
      vertex -0.972554 -1.71981 0
    endloop
  endfacet
  facet normal 0 0 -1
    outer loop
      vertex -0.210736 -7.78535 0
      vertex -1.10856 -1.76107 0
      vertex -1.03954 -1.74378 0
    endloop
  endfacet
  facet normal 0 0 -1
    outer loop
      vertex -0.210736 -7.78535 0
      vertex -1.17894 -1.77151 0
      vertex -1.10856 -1.76107 0
    endloop
  endfacet
  facet normal 0 0 -1
    outer loop
      vertex -1.52745 -1.71981 0
      vertex -1.0135 -8.02887 0
      vertex -1.19448 -8.13734 0
    endloop
  endfacet
  facet normal 0 0 -1
    outer loop
      vertex -0.419444 -7.81631 0
      vertex -1.25 -1.775 0
      vertex -1.17894 -1.77151 0
    endloop
  endfacet
  facet normal 0 0 -1
    outer loop
      vertex -0.624111 -7.86758 0
      vertex -1.32106 -1.77151 0
      vertex -1.25 -1.775 0
    endloop
  endfacet
  facet normal 0 0 -1
    outer loop
      vertex -3.07893 -1.19144 0
      vertex -1.19448 -8.13734 0
      vertex -1.36395 -8.26303 0
    endloop
  endfacet
  facet normal 0 0 -1
    outer loop
      vertex -0.822769 -7.93866 0
      vertex -1.39144 -1.76107 0
      vertex -1.32106 -1.77151 0
    endloop
  endfacet
  facet normal 0 0 -1
    outer loop
      vertex -0.822769 -7.93866 0
      vertex -1.46046 -1.74378 0
      vertex -1.39144 -1.76107 0
    endloop
  endfacet
  facet normal 0 0 -1
    outer loop
      vertex -3.07893 -1.19144 0
      vertex -1.36395 -8.26303 0
      vertex -1.52028 -8.40472 0
    endloop
  endfacet
  facet normal 0 0 -1
    outer loop
      vertex -1.0135 -8.02887 0
      vertex -1.52745 -1.71981 0
      vertex -1.46046 -1.74378 0
    endloop
  endfacet
  facet normal 0 0 -1
    outer loop
      vertex -1.19448 -8.13734 0
      vertex -1.59176 -1.68939 0
      vertex -1.52745 -1.71981 0
    endloop
  endfacet
  facet normal 0 0 -1
    outer loop
      vertex -1.19448 -8.13734 0
      vertex -3.07893 -1.19144 0
      vertex -1.59176 -1.68939 0
    endloop
  endfacet
  facet normal 0 0 -1
    outer loop
      vertex -3.07893 -1.19144 0
      vertex -1.52028 -8.40472 0
      vertex -1.66197 -8.56105 0
    endloop
  endfacet
  facet normal 0 0 -1
    outer loop
      vertex -1.59176 -1.68939 0
      vertex -3.07893 -1.19144 0
      vertex -1.65279 -1.65282 0
    endloop
  endfacet
  facet normal 0 0 -1
    outer loop
      vertex -1.65279 -1.65282 0
      vertex -3.07893 -1.19144 0
      vertex -1.70993 -1.61043 0
    endloop
  endfacet
  facet normal 0 0 -1
    outer loop
      vertex -3.07893 -1.19144 0
      vertex -1.66197 -8.56105 0
      vertex -1.78766 -8.73052 0
    endloop
  endfacet
  facet normal 0 0 -1
    outer loop
      vertex -1.70993 -1.61043 0
      vertex -3.07893 -1.19144 0
      vertex -1.76265 -1.56265 0
    endloop
  endfacet
  facet normal 0 0 -1
    outer loop
      vertex -1.76265 -1.56265 0
      vertex -3.07893 -1.19144 0
      vertex -1.81043 -1.50993 0
    endloop
  endfacet
  facet normal 0 0 -1
    outer loop
      vertex -1.81043 -1.50993 0
      vertex -3.07893 -1.19144 0
      vertex -1.85282 -1.45279 0
    endloop
  endfacet
  facet normal 0 0 -1
    outer loop
      vertex -3.07893 -1.19144 0
      vertex -1.78766 -8.73052 0
      vertex -1.89613 -8.9115 0
    endloop
  endfacet
  facet normal 0 0 -1
    outer loop
      vertex -1.85282 -1.45279 0
      vertex -3.07893 -1.19144 0
      vertex -1.88939 -1.39176 0
    endloop
  endfacet
  facet normal 0 0 -1
    outer loop
      vertex -3.07893 -1.19144 0
      vertex -1.89613 -8.9115 0
      vertex -1.98634 -9.10223 0
    endloop
  endfacet
  facet normal 0 0 -1
    outer loop
      vertex -1.88939 -1.39176 0
      vertex -3.07893 -1.19144 0
      vertex -1.91981 -1.32745 0
    endloop
  endfacet
  facet normal 0 0 -1
    outer loop
      vertex -1.91981 -1.32745 0
      vertex -3.07893 -1.19144 0
      vertex -1.94378 -1.26046 0
    endloop
  endfacet
  facet normal 0 0 -1
    outer loop
      vertex -1.94378 -1.26046 0
      vertex -3.07893 -1.19144 0
      vertex -1.96107 -1.19144 0
    endloop
  endfacet
  facet normal 0 -0 -1
    outer loop
      vertex -3.06849 -1.12106 0
      vertex -1.97151 -1.12106 0
      vertex -3.07893 -1.19144 0
    endloop
  endfacet
  facet normal 0 0 -1
    outer loop
      vertex -1.96107 -1.19144 0
      vertex -3.07893 -1.19144 0
      vertex -1.97151 -1.12106 0
    endloop
  endfacet
  facet normal 1 -0 0
    outer loop
      vertex 9.89999 -12.425 8
      vertex 9.89999 12.425 0
      vertex 9.89999 12.425 8
    endloop
  endfacet
  facet normal 1 0 0
    outer loop
      vertex 9.89999 12.425 0
      vertex 9.89999 -12.425 8
      vertex 9.89999 -12.425 0
    endloop
  endfacet
  facet normal 0 1 -0
    outer loop
      vertex 7.89999 14.425 0
      vertex -7.89999 14.425 8
      vertex 7.89999 14.425 8
    endloop
  endfacet
  facet normal 0 1 0
    outer loop
      vertex -7.89999 14.425 8
      vertex 7.89999 14.425 0
      vertex -7.89999 14.425 0
    endloop
  endfacet
  facet normal -0.857673 0.514196 0
    outer loop
      vertex -9.66383 13.3678 0
      vertex -9.56293 13.5361 8
      vertex -9.56293 13.5361 0
    endloop
  endfacet
  facet normal -0.857673 0.514196 0
    outer loop
      vertex -9.56293 13.5361 8
      vertex -9.66383 13.3678 0
      vertex -9.66383 13.3678 8
    endloop
  endfacet
  facet normal -0.803301 -0.595573 0
    outer loop
      vertex -9.44601 -13.6938 0
      vertex -9.56293 -13.5361 8
      vertex -9.56293 -13.5361 0
    endloop
  endfacet
  facet normal -0.803301 -0.595573 0
    outer loop
      vertex -9.56293 -13.5361 8
      vertex -9.44601 -13.6938 0
      vertex -9.44601 -13.6938 8
    endloop
  endfacet
  facet normal -1 0 0
    outer loop
      vertex -9.89999 -12.425 0
      vertex -9.89999 12.425 8
      vertex -9.89999 12.425 0
    endloop
  endfacet
  facet normal -1 -0 0
    outer loop
      vertex -9.89999 12.425 8
      vertex -9.89999 -12.425 0
      vertex -9.89999 -12.425 8
    endloop
  endfacet
  facet normal -0.803301 0.595573 0
    outer loop
      vertex -9.56293 13.5361 0
      vertex -9.44601 13.6938 8
      vertex -9.44601 13.6938 0
    endloop
  endfacet
  facet normal -0.803301 0.595573 0
    outer loop
      vertex -9.44601 13.6938 8
      vertex -9.56293 13.5361 0
      vertex -9.56293 13.5361 8
    endloop
  endfacet
  facet normal 0 -1 0
    outer loop
      vertex -7.89999 -14.425 0
      vertex 7.89999 -14.425 8
      vertex -7.89999 -14.425 8
    endloop
  endfacet
  facet normal 0 -1 -0
    outer loop
      vertex 7.89999 -14.425 8
      vertex -7.89999 -14.425 0
      vertex 7.89999 -14.425 0
    endloop
  endfacet
  facet normal -0.336788 0.94158 0
    outer loop
      vertex -8.48056 14.3389 0
      vertex -8.66536 14.2728 8
      vertex -8.48056 14.3389 8
    endloop
  endfacet
  facet normal -0.336788 0.94158 0
    outer loop
      vertex -8.66536 14.2728 8
      vertex -8.48056 14.3389 0
      vertex -8.66536 14.2728 0
    endloop
  endfacet
  facet normal -0.514084 -0.85774 0
    outer loop
      vertex -9.01114 -14.0879 0
      vertex -8.84279 -14.1888 8
      vertex -9.01114 -14.0879 8
    endloop
  endfacet
  facet normal -0.514084 -0.85774 -0
    outer loop
      vertex -8.84279 -14.1888 8
      vertex -9.01114 -14.0879 0
      vertex -8.84279 -14.1888 0
    endloop
  endfacet
  facet normal 0.989174 -0.146746 0
    outer loop
      vertex 9.86156 -12.8152 8
      vertex 9.89037 -12.621 0
      vertex 9.89037 -12.621 8
    endloop
  endfacet
  facet normal 0.989174 -0.146746 0
    outer loop
      vertex 9.89037 -12.621 0
      vertex 9.86156 -12.8152 8
      vertex 9.86156 -12.8152 0
    endloop
  endfacet
  facet normal 0.857673 -0.514196 0
    outer loop
      vertex 9.56293 -13.5361 8
      vertex 9.66383 -13.3678 0
      vertex 9.66383 -13.3678 8
    endloop
  endfacet
  facet normal 0.857673 -0.514196 0
    outer loop
      vertex 9.66383 -13.3678 0
      vertex 9.56293 -13.5361 8
      vertex 9.56293 -13.5361 0
    endloop
  endfacet
  facet normal 0.941564 0.336833 0
    outer loop
      vertex 9.81387 13.0056 8
      vertex 9.74776 13.1904 0
      vertex 9.74776 13.1904 8
    endloop
  endfacet
  facet normal 0.941564 0.336833 0
    outer loop
      vertex 9.74776 13.1904 0
      vertex 9.81387 13.0056 8
      vertex 9.81387 13.0056 0
    endloop
  endfacet
  facet normal -0.989174 0.146746 0
    outer loop
      vertex -9.89037 12.621 0
      vertex -9.86156 12.8152 8
      vertex -9.86156 12.8152 0
    endloop
  endfacet
  facet normal -0.989174 0.146746 0
    outer loop
      vertex -9.86156 12.8152 8
      vertex -9.89037 12.621 0
      vertex -9.89037 12.621 8
    endloop
  endfacet
  facet normal 0.595654 0.803241 -0
    outer loop
      vertex 9.16878 13.971 0
      vertex 9.01114 14.0879 8
      vertex 9.16878 13.971 8
    endloop
  endfacet
  facet normal 0.595654 0.803241 0
    outer loop
      vertex 9.01114 14.0879 8
      vertex 9.16878 13.971 0
      vertex 9.01114 14.0879 0
    endloop
  endfacet
  facet normal 0.970035 0.242967 0
    outer loop
      vertex 9.86156 12.8152 8
      vertex 9.81387 13.0056 0
      vertex 9.81387 13.0056 8
    endloop
  endfacet
  facet normal 0.970035 0.242967 0
    outer loop
      vertex 9.81387 13.0056 0
      vertex 9.86156 12.8152 8
      vertex 9.86156 12.8152 0
    endloop
  endfacet
  facet normal 0.671531 -0.740977 0
    outer loop
      vertex 9.16878 -13.971 0
      vertex 9.31421 -13.8392 8
      vertex 9.16878 -13.971 8
    endloop
  endfacet
  facet normal 0.671531 -0.740977 0
    outer loop
      vertex 9.31421 -13.8392 8
      vertex 9.16878 -13.971 0
      vertex 9.31421 -13.8392 0
    endloop
  endfacet
  facet normal 0.903938 0.427664 0
    outer loop
      vertex 9.74776 13.1904 8
      vertex 9.66383 13.3678 0
      vertex 9.66383 13.3678 8
    endloop
  endfacet
  facet normal 0.903938 0.427664 0
    outer loop
      vertex 9.66383 13.3678 0
      vertex 9.74776 13.1904 8
      vertex 9.74776 13.1904 0
    endloop
  endfacet
  facet normal 0.903938 -0.427664 0
    outer loop
      vertex 9.66383 -13.3678 8
      vertex 9.74776 -13.1904 0
      vertex 9.74776 -13.1904 8
    endloop
  endfacet
  facet normal 0.903938 -0.427664 0
    outer loop
      vertex 9.74776 -13.1904 0
      vertex 9.66383 -13.3678 8
      vertex 9.66383 -13.3678 0
    endloop
  endfacet
  facet normal 0.740908 -0.671607 0
    outer loop
      vertex 9.31421 -13.8392 8
      vertex 9.44601 -13.6938 0
      vertex 9.44601 -13.6938 8
    endloop
  endfacet
  facet normal 0.740908 -0.671607 0
    outer loop
      vertex 9.44601 -13.6938 0
      vertex 9.31421 -13.8392 8
      vertex 9.31421 -13.8392 0
    endloop
  endfacet
  facet normal 0.427896 0.903828 -0
    outer loop
      vertex 8.84279 14.1888 0
      vertex 8.66536 14.2728 8
      vertex 8.84279 14.1888 8
    endloop
  endfacet
  facet normal 0.427896 0.903828 0
    outer loop
      vertex 8.66536 14.2728 8
      vertex 8.84279 14.1888 0
      vertex 8.66536 14.2728 0
    endloop
  endfacet
  facet normal 0.427896 -0.903828 0
    outer loop
      vertex 8.66536 -14.2728 0
      vertex 8.84279 -14.1888 8
      vertex 8.66536 -14.2728 8
    endloop
  endfacet
  facet normal 0.427896 -0.903828 0
    outer loop
      vertex 8.84279 -14.1888 8
      vertex 8.66536 -14.2728 0
      vertex 8.84279 -14.1888 0
    endloop
  endfacet
  facet normal 0.998798 0.0490226 0
    outer loop
      vertex 9.89999 12.425 8
      vertex 9.89037 12.621 0
      vertex 9.89037 12.621 8
    endloop
  endfacet
  facet normal 0.998798 0.0490226 0
    outer loop
      vertex 9.89037 12.621 0
      vertex 9.89999 12.425 8
      vertex 9.89999 12.425 0
    endloop
  endfacet
  facet normal 0.0489135 0.998803 -0
    outer loop
      vertex 8.09602 14.4154 0
      vertex 7.89999 14.425 8
      vertex 8.09602 14.4154 8
    endloop
  endfacet
  facet normal 0.0489135 0.998803 0
    outer loop
      vertex 7.89999 14.425 8
      vertex 8.09602 14.4154 0
      vertex 7.89999 14.425 0
    endloop
  endfacet
  facet normal 0.243039 -0.970016 0
    outer loop
      vertex 8.29018 -14.3866 0
      vertex 8.48056 -14.3389 8
      vertex 8.29018 -14.3866 8
    endloop
  endfacet
  facet normal 0.243039 -0.970016 0
    outer loop
      vertex 8.48056 -14.3389 8
      vertex 8.29018 -14.3866 0
      vertex 8.48056 -14.3389 0
    endloop
  endfacet
  facet normal -0.941564 0.336833 0
    outer loop
      vertex -9.81387 13.0056 0
      vertex -9.74776 13.1904 8
      vertex -9.74776 13.1904 0
    endloop
  endfacet
  facet normal -0.941564 0.336833 0
    outer loop
      vertex -9.74776 13.1904 8
      vertex -9.81387 13.0056 0
      vertex -9.81387 13.0056 8
    endloop
  endfacet
  facet normal -0.427896 0.903828 0
    outer loop
      vertex -8.66536 14.2728 0
      vertex -8.84279 14.1888 8
      vertex -8.66536 14.2728 8
    endloop
  endfacet
  facet normal -0.427896 0.903828 0
    outer loop
      vertex -8.84279 14.1888 8
      vertex -8.66536 14.2728 0
      vertex -8.84279 14.1888 0
    endloop
  endfacet
  facet normal -0.595654 -0.803241 0
    outer loop
      vertex -9.16878 -13.971 0
      vertex -9.01114 -14.0879 8
      vertex -9.16878 -13.971 8
    endloop
  endfacet
  facet normal -0.595654 -0.803241 -0
    outer loop
      vertex -9.01114 -14.0879 8
      vertex -9.16878 -13.971 0
      vertex -9.01114 -14.0879 0
    endloop
  endfacet
  facet normal 0.989174 0.146746 0
    outer loop
      vertex 9.89037 12.621 8
      vertex 9.86156 12.8152 0
      vertex 9.86156 12.8152 8
    endloop
  endfacet
  facet normal 0.989174 0.146746 0
    outer loop
      vertex 9.86156 12.8152 0
      vertex 9.89037 12.621 8
      vertex 9.89037 12.621 0
    endloop
  endfacet
  facet normal 0.514084 0.85774 -0
    outer loop
      vertex 9.01114 14.0879 0
      vertex 8.84279 14.1888 8
      vertex 9.01114 14.0879 8
    endloop
  endfacet
  facet normal 0.514084 0.85774 0
    outer loop
      vertex 8.84279 14.1888 8
      vertex 9.01114 14.0879 0
      vertex 8.84279 14.1888 0
    endloop
  endfacet
  facet normal -0.903938 0.427664 0
    outer loop
      vertex -9.74776 13.1904 0
      vertex -9.66383 13.3678 8
      vertex -9.66383 13.3678 0
    endloop
  endfacet
  facet normal -0.903938 0.427664 0
    outer loop
      vertex -9.66383 13.3678 8
      vertex -9.74776 13.1904 0
      vertex -9.74776 13.1904 8
    endloop
  endfacet
  facet normal 0.514084 -0.85774 0
    outer loop
      vertex 8.84279 -14.1888 0
      vertex 9.01114 -14.0879 8
      vertex 8.84279 -14.1888 8
    endloop
  endfacet
  facet normal 0.514084 -0.85774 0
    outer loop
      vertex 9.01114 -14.0879 8
      vertex 8.84279 -14.1888 0
      vertex 9.01114 -14.0879 0
    endloop
  endfacet
  facet normal 0.146726 0.989177 -0
    outer loop
      vertex 8.29018 14.3866 0
      vertex 8.09602 14.4154 8
      vertex 8.29018 14.3866 8
    endloop
  endfacet
  facet normal 0.146726 0.989177 0
    outer loop
      vertex 8.09602 14.4154 8
      vertex 8.29018 14.3866 0
      vertex 8.09602 14.4154 0
    endloop
  endfacet
  facet normal -0.970035 0.242967 0
    outer loop
      vertex -9.86156 12.8152 0
      vertex -9.81387 13.0056 8
      vertex -9.81387 13.0056 0
    endloop
  endfacet
  facet normal -0.970035 0.242967 0
    outer loop
      vertex -9.81387 13.0056 8
      vertex -9.86156 12.8152 0
      vertex -9.86156 12.8152 8
    endloop
  endfacet
  facet normal -0.595654 0.803241 0
    outer loop
      vertex -9.01114 14.0879 0
      vertex -9.16878 13.971 8
      vertex -9.01114 14.0879 8
    endloop
  endfacet
  facet normal -0.595654 0.803241 0
    outer loop
      vertex -9.16878 13.971 8
      vertex -9.01114 14.0879 0
      vertex -9.16878 13.971 0
    endloop
  endfacet
  facet normal 0.803301 0.595573 0
    outer loop
      vertex 9.56293 13.5361 8
      vertex 9.44601 13.6938 0
      vertex 9.44601 13.6938 8
    endloop
  endfacet
  facet normal 0.803301 0.595573 0
    outer loop
      vertex 9.44601 13.6938 0
      vertex 9.56293 13.5361 8
      vertex 9.56293 13.5361 0
    endloop
  endfacet
  facet normal 0.671531 0.740977 -0
    outer loop
      vertex 9.31421 13.8392 0
      vertex 9.16878 13.971 8
      vertex 9.31421 13.8392 8
    endloop
  endfacet
  facet normal 0.671531 0.740977 0
    outer loop
      vertex 9.16878 13.971 8
      vertex 9.31421 13.8392 0
      vertex 9.16878 13.971 0
    endloop
  endfacet
  facet normal 0.857673 0.514196 0
    outer loop
      vertex 9.66383 13.3678 8
      vertex 9.56293 13.5361 0
      vertex 9.56293 13.5361 8
    endloop
  endfacet
  facet normal 0.857673 0.514196 0
    outer loop
      vertex 9.56293 13.5361 0
      vertex 9.66383 13.3678 8
      vertex 9.66383 13.3678 0
    endloop
  endfacet
  facet normal 0.243039 0.970016 -0
    outer loop
      vertex 8.48056 14.3389 0
      vertex 8.29018 14.3866 8
      vertex 8.48056 14.3389 8
    endloop
  endfacet
  facet normal 0.243039 0.970016 0
    outer loop
      vertex 8.29018 14.3866 8
      vertex 8.48056 14.3389 0
      vertex 8.29018 14.3866 0
    endloop
  endfacet
  facet normal -0.740908 -0.671607 0
    outer loop
      vertex -9.31421 -13.8392 0
      vertex -9.44601 -13.6938 8
      vertex -9.44601 -13.6938 0
    endloop
  endfacet
  facet normal -0.740908 -0.671607 0
    outer loop
      vertex -9.44601 -13.6938 8
      vertex -9.31421 -13.8392 0
      vertex -9.31421 -13.8392 8
    endloop
  endfacet
  facet normal -0.998798 0.0490226 0
    outer loop
      vertex -9.89999 12.425 0
      vertex -9.89037 12.621 8
      vertex -9.89037 12.621 0
    endloop
  endfacet
  facet normal -0.998798 0.0490226 0
    outer loop
      vertex -9.89037 12.621 8
      vertex -9.89999 12.425 0
      vertex -9.89999 12.425 8
    endloop
  endfacet
  facet normal -0.243039 -0.970016 0
    outer loop
      vertex -8.48056 -14.3389 0
      vertex -8.29018 -14.3866 8
      vertex -8.48056 -14.3389 8
    endloop
  endfacet
  facet normal -0.243039 -0.970016 -0
    outer loop
      vertex -8.29018 -14.3866 8
      vertex -8.48056 -14.3389 0
      vertex -8.29018 -14.3866 0
    endloop
  endfacet
  facet normal 0.740908 0.671607 0
    outer loop
      vertex 9.44601 13.6938 8
      vertex 9.31421 13.8392 0
      vertex 9.31421 13.8392 8
    endloop
  endfacet
  facet normal 0.740908 0.671607 0
    outer loop
      vertex 9.31421 13.8392 0
      vertex 9.44601 13.6938 8
      vertex 9.44601 13.6938 0
    endloop
  endfacet
  facet normal 0.0489135 -0.998803 0
    outer loop
      vertex 7.89999 -14.425 0
      vertex 8.09602 -14.4154 8
      vertex 7.89999 -14.425 8
    endloop
  endfacet
  facet normal 0.0489135 -0.998803 0
    outer loop
      vertex 8.09602 -14.4154 8
      vertex 7.89999 -14.425 0
      vertex 8.09602 -14.4154 0
    endloop
  endfacet
  facet normal 0.146726 -0.989177 0
    outer loop
      vertex 8.09602 -14.4154 0
      vertex 8.29018 -14.3866 8
      vertex 8.09602 -14.4154 8
    endloop
  endfacet
  facet normal 0.146726 -0.989177 0
    outer loop
      vertex 8.29018 -14.3866 8
      vertex 8.09602 -14.4154 0
      vertex 8.29018 -14.3866 0
    endloop
  endfacet
  facet normal -0.903938 -0.427664 0
    outer loop
      vertex -9.66383 -13.3678 0
      vertex -9.74776 -13.1904 8
      vertex -9.74776 -13.1904 0
    endloop
  endfacet
  facet normal -0.903938 -0.427664 0
    outer loop
      vertex -9.74776 -13.1904 8
      vertex -9.66383 -13.3678 0
      vertex -9.66383 -13.3678 8
    endloop
  endfacet
  facet normal -0.243039 0.970016 0
    outer loop
      vertex -8.29018 14.3866 0
      vertex -8.48056 14.3389 8
      vertex -8.29018 14.3866 8
    endloop
  endfacet
  facet normal -0.243039 0.970016 0
    outer loop
      vertex -8.48056 14.3389 8
      vertex -8.29018 14.3866 0
      vertex -8.48056 14.3389 0
    endloop
  endfacet
  facet normal -0.970035 -0.242967 0
    outer loop
      vertex -9.81387 -13.0056 0
      vertex -9.86156 -12.8152 8
      vertex -9.86156 -12.8152 0
    endloop
  endfacet
  facet normal -0.970035 -0.242967 0
    outer loop
      vertex -9.86156 -12.8152 8
      vertex -9.81387 -13.0056 0
      vertex -9.81387 -13.0056 8
    endloop
  endfacet
  facet normal -0.336788 -0.94158 0
    outer loop
      vertex -8.66536 -14.2728 0
      vertex -8.48056 -14.3389 8
      vertex -8.66536 -14.2728 8
    endloop
  endfacet
  facet normal -0.336788 -0.94158 -0
    outer loop
      vertex -8.48056 -14.3389 8
      vertex -8.66536 -14.2728 0
      vertex -8.48056 -14.3389 0
    endloop
  endfacet
  facet normal -0.740908 0.671607 0
    outer loop
      vertex -9.44601 13.6938 0
      vertex -9.31421 13.8392 8
      vertex -9.31421 13.8392 0
    endloop
  endfacet
  facet normal -0.740908 0.671607 0
    outer loop
      vertex -9.31421 13.8392 8
      vertex -9.44601 13.6938 0
      vertex -9.44601 13.6938 8
    endloop
  endfacet
  facet normal -0.427896 -0.903828 0
    outer loop
      vertex -8.84279 -14.1888 0
      vertex -8.66536 -14.2728 8
      vertex -8.84279 -14.1888 8
    endloop
  endfacet
  facet normal -0.427896 -0.903828 -0
    outer loop
      vertex -8.66536 -14.2728 8
      vertex -8.84279 -14.1888 0
      vertex -8.66536 -14.2728 0
    endloop
  endfacet
  facet normal -0.514084 0.85774 0
    outer loop
      vertex -8.84279 14.1888 0
      vertex -9.01114 14.0879 8
      vertex -8.84279 14.1888 8
    endloop
  endfacet
  facet normal -0.514084 0.85774 0
    outer loop
      vertex -9.01114 14.0879 8
      vertex -8.84279 14.1888 0
      vertex -9.01114 14.0879 0
    endloop
  endfacet
  facet normal 0.336788 -0.94158 0
    outer loop
      vertex 8.48056 -14.3389 0
      vertex 8.66536 -14.2728 8
      vertex 8.48056 -14.3389 8
    endloop
  endfacet
  facet normal 0.336788 -0.94158 0
    outer loop
      vertex 8.66536 -14.2728 8
      vertex 8.48056 -14.3389 0
      vertex 8.66536 -14.2728 0
    endloop
  endfacet
  facet normal 0 0 1
    outer loop
      vertex 9.89999 -12.425 8
      vertex 2.13965 -9.71426 8
      vertex 2.15 -9.925 8
    endloop
  endfacet
  facet normal 0 0 1
    outer loop
      vertex 9.89999 -12.425 8
      vertex 2.10869 -9.50556 8
      vertex 2.13965 -9.71426 8
    endloop
  endfacet
  facet normal 0 0 1
    outer loop
      vertex 9.89999 -12.425 8
      vertex 2.05742 -9.30089 8
      vertex 2.10869 -9.50556 8
    endloop
  endfacet
  facet normal 0 0 1
    outer loop
      vertex 5.2 -2.42 8
      vertex 1.98634 -9.10223 8
      vertex 2.05742 -9.30089 8
    endloop
  endfacet
  facet normal 0 0 1
    outer loop
      vertex 5.2 -2.42 8
      vertex 1.89613 -8.9115 8
      vertex 1.98634 -9.10223 8
    endloop
  endfacet
  facet normal 0 0 1
    outer loop
      vertex 5.2 -2.42 8
      vertex 1.78766 -8.73052 8
      vertex 1.89613 -8.9115 8
    endloop
  endfacet
  facet normal 0 0 1
    outer loop
      vertex 5.2 -2.42 8
      vertex 1.66197 -8.56105 8
      vertex 1.78766 -8.73052 8
    endloop
  endfacet
  facet normal 0 0 1
    outer loop
      vertex 5.2 -2.42 8
      vertex 1.52028 -8.40472 8
      vertex 1.66197 -8.56105 8
    endloop
  endfacet
  facet normal 0 0 1
    outer loop
      vertex 5.2 -2.42 8
      vertex 1.36395 -8.26303 8
      vertex 1.52028 -8.40472 8
    endloop
  endfacet
  facet normal 0 0 1
    outer loop
      vertex 5.2 -2.42 8
      vertex 1.19448 -8.13734 8
      vertex 1.36395 -8.26303 8
    endloop
  endfacet
  facet normal 0 0 1
    outer loop
      vertex 5.2 -2.42 8
      vertex 1.0135 -8.02887 8
      vertex 1.19448 -8.13734 8
    endloop
  endfacet
  facet normal 0 0 1
    outer loop
      vertex 5.2 -2.42 8
      vertex 0.822769 -7.93866 8
      vertex 1.0135 -8.02887 8
    endloop
  endfacet
  facet normal 0 0 1
    outer loop
      vertex 5.2 -2.42 8
      vertex 0.624111 -7.86758 8
      vertex 0.822769 -7.93866 8
    endloop
  endfacet
  facet normal 0 0 1
    outer loop
      vertex 5.2 -2.42 8
      vertex 0.419444 -7.81631 8
      vertex 0.624111 -7.86758 8
    endloop
  endfacet
  facet normal 0 0 1
    outer loop
      vertex 5.2 -2.42 8
      vertex 0.210736 -7.78535 8
      vertex 0.419444 -7.81631 8
    endloop
  endfacet
  facet normal 0 0 1
    outer loop
      vertex 5.2 -2.42 8
      vertex 0 -7.775 8
      vertex 0.210736 -7.78535 8
    endloop
  endfacet
  facet normal -0 0 1
    outer loop
      vertex -5.16 -2.42 8
      vertex 0 -7.775 8
      vertex 5.2 -2.42 8
    endloop
  endfacet
  facet normal 0 0 1
    outer loop
      vertex 0 -7.775 8
      vertex -5.16 -2.42 8
      vertex -0.210736 -7.78535 8
    endloop
  endfacet
  facet normal 0 0 1
    outer loop
      vertex -0.210736 -7.78535 8
      vertex -5.16 -2.42 8
      vertex -0.419444 -7.81631 8
    endloop
  endfacet
  facet normal 0 0 1
    outer loop
      vertex -0.419444 -7.81631 8
      vertex -5.16 -2.42 8
      vertex -0.624111 -7.86758 8
    endloop
  endfacet
  facet normal 0 0 1
    outer loop
      vertex -0.624111 -7.86758 8
      vertex -5.16 -2.42 8
      vertex -0.822769 -7.93866 8
    endloop
  endfacet
  facet normal 0 0 1
    outer loop
      vertex -0.822769 -7.93866 8
      vertex -5.16 -2.42 8
      vertex -1.0135 -8.02887 8
    endloop
  endfacet
  facet normal 0 0 1
    outer loop
      vertex -1.0135 -8.02887 8
      vertex -5.16 -2.42 8
      vertex -1.19448 -8.13734 8
    endloop
  endfacet
  facet normal 0 0 1
    outer loop
      vertex -2.10869 -9.50556 8
      vertex -9.89999 -12.425 8
      vertex -2.13965 -9.71426 8
    endloop
  endfacet
  facet normal 0 0 1
    outer loop
      vertex -2.05742 -9.30089 8
      vertex -9.89999 -12.425 8
      vertex -2.10869 -9.50556 8
    endloop
  endfacet
  facet normal 0 0 1
    outer loop
      vertex -9.89999 -12.425 8
      vertex -2.05742 -9.30089 8
      vertex -5.16 -2.42 8
    endloop
  endfacet
  facet normal 0 0 1
    outer loop
      vertex -1.98634 -9.10223 8
      vertex -5.16 -2.42 8
      vertex -2.05742 -9.30089 8
    endloop
  endfacet
  facet normal 0 0 1
    outer loop
      vertex -1.89613 -8.9115 8
      vertex -5.16 -2.42 8
      vertex -1.98634 -9.10223 8
    endloop
  endfacet
  facet normal 0 0 1
    outer loop
      vertex -1.78766 -8.73052 8
      vertex -5.16 -2.42 8
      vertex -1.89613 -8.9115 8
    endloop
  endfacet
  facet normal 0 0 1
    outer loop
      vertex -1.66197 -8.56105 8
      vertex -5.16 -2.42 8
      vertex -1.78766 -8.73052 8
    endloop
  endfacet
  facet normal 0 0 1
    outer loop
      vertex -1.52028 -8.40472 8
      vertex -5.16 -2.42 8
      vertex -1.66197 -8.56105 8
    endloop
  endfacet
  facet normal 0 0 1
    outer loop
      vertex -1.36395 -8.26303 8
      vertex -5.16 -2.42 8
      vertex -1.52028 -8.40472 8
    endloop
  endfacet
  facet normal 0 0 1
    outer loop
      vertex -1.19448 -8.13734 8
      vertex -5.16 -2.42 8
      vertex -1.36395 -8.26303 8
    endloop
  endfacet
  facet normal 0 0 1
    outer loop
      vertex 7.89999 14.425 8
      vertex 9.89999 12.425 8
      vertex 9.89037 12.621 8
    endloop
  endfacet
  facet normal 0 0 1
    outer loop
      vertex 9.89999 12.425 8
      vertex 5.2 -2.42 8
      vertex 9.89999 -12.425 8
    endloop
  endfacet
  facet normal 0 0 1
    outer loop
      vertex 7.89999 14.425 8
      vertex 9.89037 12.621 8
      vertex 9.86156 12.8152 8
    endloop
  endfacet
  facet normal -0 0 1
    outer loop
      vertex 2.05742 -9.30089 8
      vertex 9.89999 -12.425 8
      vertex 5.2 -2.42 8
    endloop
  endfacet
  facet normal 0 0 1
    outer loop
      vertex 7.89999 14.425 8
      vertex 9.86156 12.8152 8
      vertex 9.81387 13.0056 8
    endloop
  endfacet
  facet normal -0 0 1
    outer loop
      vertex 2.13965 -10.1357 8
      vertex 9.89999 -12.425 8
      vertex 2.15 -9.925 8
    endloop
  endfacet
  facet normal 0 0 1
    outer loop
      vertex 7.89999 14.425 8
      vertex 9.81387 13.0056 8
      vertex 9.74776 13.1904 8
    endloop
  endfacet
  facet normal 0 -0 1
    outer loop
      vertex 7.89999 -14.425 8
      vertex 9.89999 -12.425 8
      vertex 2.13965 -10.1357 8
    endloop
  endfacet
  facet normal 0 0 1
    outer loop
      vertex 7.89999 14.425 8
      vertex 9.74776 13.1904 8
      vertex 9.66383 13.3678 8
    endloop
  endfacet
  facet normal 0 0 1
    outer loop
      vertex 9.89999 -12.425 8
      vertex 7.89999 -14.425 8
      vertex 9.89037 -12.621 8
    endloop
  endfacet
  facet normal 0 0 1
    outer loop
      vertex 7.89999 14.425 8
      vertex 9.66383 13.3678 8
      vertex 9.56293 13.5361 8
    endloop
  endfacet
  facet normal 0 0 1
    outer loop
      vertex 9.89037 -12.621 8
      vertex 7.89999 -14.425 8
      vertex 9.86156 -12.8152 8
    endloop
  endfacet
  facet normal 0 0 1
    outer loop
      vertex 7.89999 14.425 8
      vertex 9.56293 13.5361 8
      vertex 9.44601 13.6938 8
    endloop
  endfacet
  facet normal 0 0 1
    outer loop
      vertex 9.86156 -12.8152 8
      vertex 7.89999 -14.425 8
      vertex 9.81387 -13.0056 8
    endloop
  endfacet
  facet normal 0 0 1
    outer loop
      vertex 7.89999 14.425 8
      vertex 9.44601 13.6938 8
      vertex 9.31421 13.8392 8
    endloop
  endfacet
  facet normal 0 0 1
    outer loop
      vertex 9.74776 -13.1904 8
      vertex 7.89999 -14.425 8
      vertex 9.66383 -13.3678 8
    endloop
  endfacet
  facet normal 0 0 1
    outer loop
      vertex 7.89999 14.425 8
      vertex 9.31421 13.8392 8
      vertex 9.16878 13.971 8
    endloop
  endfacet
  facet normal 0 0 1
    outer loop
      vertex 9.66383 -13.3678 8
      vertex 7.89999 -14.425 8
      vertex 9.56293 -13.5361 8
    endloop
  endfacet
  facet normal 0 0 1
    outer loop
      vertex 7.89999 14.425 8
      vertex 9.16878 13.971 8
      vertex 9.01114 14.0879 8
    endloop
  endfacet
  facet normal 0 0 1
    outer loop
      vertex 9.56293 -13.5361 8
      vertex 7.89999 -14.425 8
      vertex 9.44601 -13.6938 8
    endloop
  endfacet
  facet normal 0 0 1
    outer loop
      vertex 7.89999 14.425 8
      vertex 9.01114 14.0879 8
      vertex 8.84279 14.1888 8
    endloop
  endfacet
  facet normal 0 0 1
    outer loop
      vertex 9.44601 -13.6938 8
      vertex 7.89999 -14.425 8
      vertex 9.31421 -13.8392 8
    endloop
  endfacet
  facet normal 0 0 1
    outer loop
      vertex 7.89999 14.425 8
      vertex 8.84279 14.1888 8
      vertex 8.66536 14.2728 8
    endloop
  endfacet
  facet normal 0 0 1
    outer loop
      vertex 9.31421 -13.8392 8
      vertex 7.89999 -14.425 8
      vertex 9.16878 -13.971 8
    endloop
  endfacet
  facet normal 0 0 1
    outer loop
      vertex 7.89999 14.425 8
      vertex 8.66536 14.2728 8
      vertex 8.48056 14.3389 8
    endloop
  endfacet
  facet normal 0 0 1
    outer loop
      vertex 9.89999 12.425 8
      vertex 5.2 2.86 8
      vertex 5.2 -2.42 8
    endloop
  endfacet
  facet normal 0 0 1
    outer loop
      vertex 7.89999 14.425 8
      vertex 8.48056 14.3389 8
      vertex 8.29018 14.3866 8
    endloop
  endfacet
  facet normal 0 0 1
    outer loop
      vertex 9.16878 -13.971 8
      vertex 7.89999 -14.425 8
      vertex 9.01114 -14.0879 8
    endloop
  endfacet
  facet normal 0 0 1
    outer loop
      vertex 7.89999 14.425 8
      vertex 8.29018 14.3866 8
      vertex 8.09602 14.4154 8
    endloop
  endfacet
  facet normal 0 0 1
    outer loop
      vertex 9.01114 -14.0879 8
      vertex 7.89999 -14.425 8
      vertex 8.84279 -14.1888 8
    endloop
  endfacet
  facet normal 0 0 1
    outer loop
      vertex 9.89999 12.425 8
      vertex 7.89999 14.425 8
      vertex 2.13965 10.1357 8
    endloop
  endfacet
  facet normal 0 0 1
    outer loop
      vertex 8.84279 -14.1888 8
      vertex 7.89999 -14.425 8
      vertex 8.66536 -14.2728 8
    endloop
  endfacet
  facet normal 0 0 1
    outer loop
      vertex 8.66536 -14.2728 8
      vertex 7.89999 -14.425 8
      vertex 8.48056 -14.3389 8
    endloop
  endfacet
  facet normal 0 0 1
    outer loop
      vertex 9.89999 12.425 8
      vertex 2.15 9.925 8
      vertex 2.13965 9.71426 8
    endloop
  endfacet
  facet normal 0 0 1
    outer loop
      vertex 9.89999 12.425 8
      vertex 2.13965 10.1357 8
      vertex 2.15 9.925 8
    endloop
  endfacet
  facet normal 0 0 1
    outer loop
      vertex 7.89999 14.425 8
      vertex 2.10869 10.3444 8
      vertex 2.13965 10.1357 8
    endloop
  endfacet
  facet normal 0 0 1
    outer loop
      vertex 7.89999 14.425 8
      vertex 2.05742 10.5491 8
      vertex 2.10869 10.3444 8
    endloop
  endfacet
  facet normal 0 0 1
    outer loop
      vertex 7.89999 14.425 8
      vertex 1.98634 10.7478 8
      vertex 2.05742 10.5491 8
    endloop
  endfacet
  facet normal 0 0 1
    outer loop
      vertex 7.89999 14.425 8
      vertex 1.89613 10.9385 8
      vertex 1.98634 10.7478 8
    endloop
  endfacet
  facet normal 0 0 1
    outer loop
      vertex 7.89999 14.425 8
      vertex 1.78766 11.1195 8
      vertex 1.89613 10.9385 8
    endloop
  endfacet
  facet normal 0 0 1
    outer loop
      vertex 7.89999 14.425 8
      vertex 1.66197 11.2889 8
      vertex 1.78766 11.1195 8
    endloop
  endfacet
  facet normal 0 0 1
    outer loop
      vertex 7.89999 14.425 8
      vertex 1.52028 11.4453 8
      vertex 1.66197 11.2889 8
    endloop
  endfacet
  facet normal 0 0 1
    outer loop
      vertex 7.89999 14.425 8
      vertex 1.36395 11.587 8
      vertex 1.52028 11.4453 8
    endloop
  endfacet
  facet normal 0 0 1
    outer loop
      vertex 7.89999 14.425 8
      vertex 1.19448 11.7127 8
      vertex 1.36395 11.587 8
    endloop
  endfacet
  facet normal 0 0 1
    outer loop
      vertex 7.89999 14.425 8
      vertex 1.0135 11.8211 8
      vertex 1.19448 11.7127 8
    endloop
  endfacet
  facet normal 0 0 1
    outer loop
      vertex 7.89999 14.425 8
      vertex 0.822769 11.9113 8
      vertex 1.0135 11.8211 8
    endloop
  endfacet
  facet normal 0 0 1
    outer loop
      vertex 7.89999 14.425 8
      vertex 0.624111 11.9824 8
      vertex 0.822769 11.9113 8
    endloop
  endfacet
  facet normal 0 0 1
    outer loop
      vertex 7.89999 14.425 8
      vertex 0.419444 12.0337 8
      vertex 0.624111 11.9824 8
    endloop
  endfacet
  facet normal 0 0 1
    outer loop
      vertex 7.89999 14.425 8
      vertex 0.210736 12.0646 8
      vertex 0.419444 12.0337 8
    endloop
  endfacet
  facet normal 0 0 1
    outer loop
      vertex 7.89999 14.425 8
      vertex 0 12.075 8
      vertex 0.210736 12.0646 8
    endloop
  endfacet
  facet normal -0 0 1
    outer loop
      vertex -7.89999 14.425 8
      vertex 0 12.075 8
      vertex 7.89999 14.425 8
    endloop
  endfacet
  facet normal 0 0 1
    outer loop
      vertex 0 12.075 8
      vertex -7.89999 14.425 8
      vertex -0.210736 12.0646 8
    endloop
  endfacet
  facet normal 0 0 1
    outer loop
      vertex -0.210736 12.0646 8
      vertex -7.89999 14.425 8
      vertex -0.419444 12.0337 8
    endloop
  endfacet
  facet normal 0 0 1
    outer loop
      vertex -9.89999 12.425 8
      vertex -2.15 9.925 8
      vertex -2.13965 10.1357 8
    endloop
  endfacet
  facet normal 0 0 1
    outer loop
      vertex -7.89999 14.425 8
      vertex -2.13965 10.1357 8
      vertex -2.10869 10.3444 8
    endloop
  endfacet
  facet normal 0 0 1
    outer loop
      vertex -7.89999 14.425 8
      vertex -2.10869 10.3444 8
      vertex -2.05742 10.5491 8
    endloop
  endfacet
  facet normal 0 0 1
    outer loop
      vertex -7.89999 14.425 8
      vertex -2.05742 10.5491 8
      vertex -1.98634 10.7478 8
    endloop
  endfacet
  facet normal 0 0 1
    outer loop
      vertex -2.15 9.925 8
      vertex -9.89999 12.425 8
      vertex -5.16 2.86 8
    endloop
  endfacet
  facet normal 0 0 1
    outer loop
      vertex -2.13965 10.1357 8
      vertex -7.89999 14.425 8
      vertex -9.89999 12.425 8
    endloop
  endfacet
  facet normal 0 0 1
    outer loop
      vertex -1.89613 10.9385 8
      vertex -7.89999 14.425 8
      vertex -1.98634 10.7478 8
    endloop
  endfacet
  facet normal 0 0 1
    outer loop
      vertex -1.78766 11.1195 8
      vertex -7.89999 14.425 8
      vertex -1.89613 10.9385 8
    endloop
  endfacet
  facet normal 0 0 1
    outer loop
      vertex -1.66197 11.2889 8
      vertex -7.89999 14.425 8
      vertex -1.78766 11.1195 8
    endloop
  endfacet
  facet normal 0 0 1
    outer loop
      vertex -1.52028 11.4453 8
      vertex -7.89999 14.425 8
      vertex -1.66197 11.2889 8
    endloop
  endfacet
  facet normal 0 0 1
    outer loop
      vertex -1.36395 11.587 8
      vertex -7.89999 14.425 8
      vertex -1.52028 11.4453 8
    endloop
  endfacet
  facet normal 0 0 1
    outer loop
      vertex -1.19448 11.7127 8
      vertex -7.89999 14.425 8
      vertex -1.36395 11.587 8
    endloop
  endfacet
  facet normal 0 0 1
    outer loop
      vertex -1.0135 11.8211 8
      vertex -7.89999 14.425 8
      vertex -1.19448 11.7127 8
    endloop
  endfacet
  facet normal 0 0 1
    outer loop
      vertex -0.822769 11.9113 8
      vertex -7.89999 14.425 8
      vertex -1.0135 11.8211 8
    endloop
  endfacet
  facet normal 0 0 1
    outer loop
      vertex -0.624111 11.9824 8
      vertex -7.89999 14.425 8
      vertex -0.822769 11.9113 8
    endloop
  endfacet
  facet normal 0 0 1
    outer loop
      vertex -0.419444 12.0337 8
      vertex -7.89999 14.425 8
      vertex -0.624111 11.9824 8
    endloop
  endfacet
  facet normal 0 0 1
    outer loop
      vertex 8.48056 -14.3389 8
      vertex 7.89999 -14.425 8
      vertex 8.29018 -14.3866 8
    endloop
  endfacet
  facet normal 0 0 1
    outer loop
      vertex 8.29018 -14.3866 8
      vertex 7.89999 -14.425 8
      vertex 8.09602 -14.4154 8
    endloop
  endfacet
  facet normal 0 0 1
    outer loop
      vertex 9.81387 -13.0056 8
      vertex 7.89999 -14.425 8
      vertex 9.74776 -13.1904 8
    endloop
  endfacet
  facet normal -0 0 1
    outer loop
      vertex 2.10869 -10.3444 8
      vertex 7.89999 -14.425 8
      vertex 2.13965 -10.1357 8
    endloop
  endfacet
  facet normal -0 0 1
    outer loop
      vertex 2.05742 -10.5491 8
      vertex 7.89999 -14.425 8
      vertex 2.10869 -10.3444 8
    endloop
  endfacet
  facet normal -0 0 1
    outer loop
      vertex 1.98634 -10.7478 8
      vertex 7.89999 -14.425 8
      vertex 2.05742 -10.5491 8
    endloop
  endfacet
  facet normal -0 0 1
    outer loop
      vertex 1.89613 -10.9385 8
      vertex 7.89999 -14.425 8
      vertex 1.98634 -10.7478 8
    endloop
  endfacet
  facet normal -0 0 1
    outer loop
      vertex 1.78766 -11.1195 8
      vertex 7.89999 -14.425 8
      vertex 1.89613 -10.9385 8
    endloop
  endfacet
  facet normal -0 0 1
    outer loop
      vertex 1.66197 -11.2889 8
      vertex 7.89999 -14.425 8
      vertex 1.78766 -11.1195 8
    endloop
  endfacet
  facet normal -0 0 1
    outer loop
      vertex 1.52028 -11.4453 8
      vertex 7.89999 -14.425 8
      vertex 1.66197 -11.2889 8
    endloop
  endfacet
  facet normal -0 0 1
    outer loop
      vertex 1.36395 -11.587 8
      vertex 7.89999 -14.425 8
      vertex 1.52028 -11.4453 8
    endloop
  endfacet
  facet normal -0 0 1
    outer loop
      vertex 1.19448 -11.7127 8
      vertex 7.89999 -14.425 8
      vertex 1.36395 -11.587 8
    endloop
  endfacet
  facet normal -0 0 1
    outer loop
      vertex 1.0135 -11.8211 8
      vertex 7.89999 -14.425 8
      vertex 1.19448 -11.7127 8
    endloop
  endfacet
  facet normal -0 0 1
    outer loop
      vertex 0.822769 -11.9113 8
      vertex 7.89999 -14.425 8
      vertex 1.0135 -11.8211 8
    endloop
  endfacet
  facet normal -0 0 1
    outer loop
      vertex 0.624111 -11.9824 8
      vertex 7.89999 -14.425 8
      vertex 0.822769 -11.9113 8
    endloop
  endfacet
  facet normal -0 0 1
    outer loop
      vertex 0.419444 -12.0337 8
      vertex 7.89999 -14.425 8
      vertex 0.624111 -11.9824 8
    endloop
  endfacet
  facet normal -0 0 1
    outer loop
      vertex 0.210736 -12.0646 8
      vertex 7.89999 -14.425 8
      vertex 0.419444 -12.0337 8
    endloop
  endfacet
  facet normal -0 0 1
    outer loop
      vertex 0 -12.075 8
      vertex 7.89999 -14.425 8
      vertex 0.210736 -12.0646 8
    endloop
  endfacet
  facet normal 0 0 1
    outer loop
      vertex -7.89999 -14.425 8
      vertex 0 -12.075 8
      vertex -0.210736 -12.0646 8
    endloop
  endfacet
  facet normal 0 0 1
    outer loop
      vertex -7.89999 -14.425 8
      vertex -0.210736 -12.0646 8
      vertex -0.419444 -12.0337 8
    endloop
  endfacet
  facet normal 0 0 1
    outer loop
      vertex -7.89999 -14.425 8
      vertex -0.419444 -12.0337 8
      vertex -0.624111 -11.9824 8
    endloop
  endfacet
  facet normal 0 0 1
    outer loop
      vertex -2.13965 -9.71426 8
      vertex -9.89999 -12.425 8
      vertex -2.15 -9.925 8
    endloop
  endfacet
  facet normal 0 0 1
    outer loop
      vertex -2.15 -9.925 8
      vertex -9.89999 -12.425 8
      vertex -2.13965 -10.1357 8
    endloop
  endfacet
  facet normal 0 -0 1
    outer loop
      vertex -7.89999 -14.425 8
      vertex -2.13965 -10.1357 8
      vertex -9.89999 -12.425 8
    endloop
  endfacet
  facet normal 0 0 1
    outer loop
      vertex -2.13965 -10.1357 8
      vertex -7.89999 -14.425 8
      vertex -2.10869 -10.3444 8
    endloop
  endfacet
  facet normal 0 0 1
    outer loop
      vertex 0 -12.075 8
      vertex -7.89999 -14.425 8
      vertex 7.89999 -14.425 8
    endloop
  endfacet
  facet normal 0 0 1
    outer loop
      vertex -0.822769 -11.9113 8
      vertex -7.89999 -14.425 8
      vertex -0.624111 -11.9824 8
    endloop
  endfacet
  facet normal 0 0 1
    outer loop
      vertex -1.0135 -11.8211 8
      vertex -7.89999 -14.425 8
      vertex -0.822769 -11.9113 8
    endloop
  endfacet
  facet normal 0 0 1
    outer loop
      vertex -1.19448 -11.7127 8
      vertex -7.89999 -14.425 8
      vertex -1.0135 -11.8211 8
    endloop
  endfacet
  facet normal 0 0 1
    outer loop
      vertex -1.36395 -11.587 8
      vertex -7.89999 -14.425 8
      vertex -1.19448 -11.7127 8
    endloop
  endfacet
  facet normal 0 0 1
    outer loop
      vertex -1.52028 -11.4453 8
      vertex -7.89999 -14.425 8
      vertex -1.36395 -11.587 8
    endloop
  endfacet
  facet normal 0 0 1
    outer loop
      vertex -1.66197 -11.2889 8
      vertex -7.89999 -14.425 8
      vertex -1.52028 -11.4453 8
    endloop
  endfacet
  facet normal 0 0 1
    outer loop
      vertex -1.78766 -11.1195 8
      vertex -7.89999 -14.425 8
      vertex -1.66197 -11.2889 8
    endloop
  endfacet
  facet normal 0 0 1
    outer loop
      vertex -1.89613 -10.9385 8
      vertex -7.89999 -14.425 8
      vertex -1.78766 -11.1195 8
    endloop
  endfacet
  facet normal 0 0 1
    outer loop
      vertex -1.98634 -10.7478 8
      vertex -7.89999 -14.425 8
      vertex -1.89613 -10.9385 8
    endloop
  endfacet
  facet normal 0 0 1
    outer loop
      vertex -2.10869 -10.3444 8
      vertex -7.89999 -14.425 8
      vertex -2.05742 -10.5491 8
    endloop
  endfacet
  facet normal 0 0 1
    outer loop
      vertex -5.16 2.86 8
      vertex -9.89999 12.425 8
      vertex -5.16 -2.42 8
    endloop
  endfacet
  facet normal 0 0 1
    outer loop
      vertex -9.89999 12.425 8
      vertex -7.89999 14.425 8
      vertex -8.09602 14.4154 8
    endloop
  endfacet
  facet normal 0 0 1
    outer loop
      vertex -9.89999 -12.425 8
      vertex -5.16 -2.42 8
      vertex -9.89999 12.425 8
    endloop
  endfacet
  facet normal 0 0 1
    outer loop
      vertex -9.89999 12.425 8
      vertex -8.09602 14.4154 8
      vertex -8.29018 14.3866 8
    endloop
  endfacet
  facet normal 0 0 1
    outer loop
      vertex -2.05742 -10.5491 8
      vertex -7.89999 -14.425 8
      vertex -1.98634 -10.7478 8
    endloop
  endfacet
  facet normal 0 0 1
    outer loop
      vertex -9.89999 12.425 8
      vertex -8.29018 14.3866 8
      vertex -8.48056 14.3389 8
    endloop
  endfacet
  facet normal 0 0 1
    outer loop
      vertex -7.89999 -14.425 8
      vertex -9.89999 -12.425 8
      vertex -8.09602 -14.4154 8
    endloop
  endfacet
  facet normal 0 0 1
    outer loop
      vertex -9.89999 12.425 8
      vertex -8.48056 14.3389 8
      vertex -8.66536 14.2728 8
    endloop
  endfacet
  facet normal 0 0 1
    outer loop
      vertex -8.09602 -14.4154 8
      vertex -9.89999 -12.425 8
      vertex -8.29018 -14.3866 8
    endloop
  endfacet
  facet normal 0 0 1
    outer loop
      vertex -9.89999 12.425 8
      vertex -8.66536 14.2728 8
      vertex -8.84279 14.1888 8
    endloop
  endfacet
  facet normal 0 0 1
    outer loop
      vertex -8.29018 -14.3866 8
      vertex -9.89999 -12.425 8
      vertex -8.48056 -14.3389 8
    endloop
  endfacet
  facet normal 0 0 1
    outer loop
      vertex -9.89999 12.425 8
      vertex -8.84279 14.1888 8
      vertex -9.01114 14.0879 8
    endloop
  endfacet
  facet normal 0 0 1
    outer loop
      vertex -8.48056 -14.3389 8
      vertex -9.89999 -12.425 8
      vertex -8.66536 -14.2728 8
    endloop
  endfacet
  facet normal 0 0 1
    outer loop
      vertex -9.89999 12.425 8
      vertex -9.01114 14.0879 8
      vertex -9.16878 13.971 8
    endloop
  endfacet
  facet normal 0 0 1
    outer loop
      vertex -8.66536 -14.2728 8
      vertex -9.89999 -12.425 8
      vertex -8.84279 -14.1888 8
    endloop
  endfacet
  facet normal 0 0 1
    outer loop
      vertex -9.89999 12.425 8
      vertex -9.16878 13.971 8
      vertex -9.31421 13.8392 8
    endloop
  endfacet
  facet normal 0 0 1
    outer loop
      vertex -8.84279 -14.1888 8
      vertex -9.89999 -12.425 8
      vertex -9.01114 -14.0879 8
    endloop
  endfacet
  facet normal 0 0 1
    outer loop
      vertex -9.89999 12.425 8
      vertex -9.31421 13.8392 8
      vertex -9.44601 13.6938 8
    endloop
  endfacet
  facet normal 0 0 1
    outer loop
      vertex -9.01114 -14.0879 8
      vertex -9.89999 -12.425 8
      vertex -9.16878 -13.971 8
    endloop
  endfacet
  facet normal 0 0 1
    outer loop
      vertex -9.89999 12.425 8
      vertex -9.44601 13.6938 8
      vertex -9.56293 13.5361 8
    endloop
  endfacet
  facet normal 0 0 1
    outer loop
      vertex -9.16878 -13.971 8
      vertex -9.89999 -12.425 8
      vertex -9.31421 -13.8392 8
    endloop
  endfacet
  facet normal 0 0 1
    outer loop
      vertex -9.89999 12.425 8
      vertex -9.56293 13.5361 8
      vertex -9.66383 13.3678 8
    endloop
  endfacet
  facet normal 0 0 1
    outer loop
      vertex -9.31421 -13.8392 8
      vertex -9.89999 -12.425 8
      vertex -9.44601 -13.6938 8
    endloop
  endfacet
  facet normal 0 0 1
    outer loop
      vertex -9.89999 12.425 8
      vertex -9.66383 13.3678 8
      vertex -9.74776 13.1904 8
    endloop
  endfacet
  facet normal 0 0 1
    outer loop
      vertex -9.44601 -13.6938 8
      vertex -9.89999 -12.425 8
      vertex -9.56293 -13.5361 8
    endloop
  endfacet
  facet normal 0 0 1
    outer loop
      vertex -9.89999 12.425 8
      vertex -9.74776 13.1904 8
      vertex -9.81387 13.0056 8
    endloop
  endfacet
  facet normal 0 0 1
    outer loop
      vertex -9.56293 -13.5361 8
      vertex -9.89999 -12.425 8
      vertex -9.66383 -13.3678 8
    endloop
  endfacet
  facet normal 0 0 1
    outer loop
      vertex -9.89999 12.425 8
      vertex -9.81387 13.0056 8
      vertex -9.86156 12.8152 8
    endloop
  endfacet
  facet normal 0 0 1
    outer loop
      vertex -9.66383 -13.3678 8
      vertex -9.89999 -12.425 8
      vertex -9.74776 -13.1904 8
    endloop
  endfacet
  facet normal 0 0 1
    outer loop
      vertex -9.89999 12.425 8
      vertex -9.86156 12.8152 8
      vertex -9.89037 12.621 8
    endloop
  endfacet
  facet normal 0 0 1
    outer loop
      vertex -9.74776 -13.1904 8
      vertex -9.89999 -12.425 8
      vertex -9.81387 -13.0056 8
    endloop
  endfacet
  facet normal 0 0 1
    outer loop
      vertex -9.81387 -13.0056 8
      vertex -9.89999 -12.425 8
      vertex -9.86156 -12.8152 8
    endloop
  endfacet
  facet normal 0 0 1
    outer loop
      vertex -9.86156 -12.8152 8
      vertex -9.89999 -12.425 8
      vertex -9.89037 -12.621 8
    endloop
  endfacet
  facet normal 0 0 1
    outer loop
      vertex 9.89999 12.425 8
      vertex 2.13965 9.71426 8
      vertex 2.10869 9.50556 8
    endloop
  endfacet
  facet normal 0 0 1
    outer loop
      vertex 9.89999 12.425 8
      vertex 2.10869 9.50556 8
      vertex 2.05742 9.30089 8
    endloop
  endfacet
  facet normal 0 0 1
    outer loop
      vertex 9.89999 12.425 8
      vertex 2.05742 9.30089 8
      vertex 5.2 2.86 8
    endloop
  endfacet
  facet normal -0 0 1
    outer loop
      vertex 1.98634 9.10223 8
      vertex 5.2 2.86 8
      vertex 2.05742 9.30089 8
    endloop
  endfacet
  facet normal -0 0 1
    outer loop
      vertex 1.89613 8.9115 8
      vertex 5.2 2.86 8
      vertex 1.98634 9.10223 8
    endloop
  endfacet
  facet normal -0 0 1
    outer loop
      vertex 1.78766 8.73052 8
      vertex 5.2 2.86 8
      vertex 1.89613 8.9115 8
    endloop
  endfacet
  facet normal -0 0 1
    outer loop
      vertex 1.66197 8.56105 8
      vertex 5.2 2.86 8
      vertex 1.78766 8.73052 8
    endloop
  endfacet
  facet normal -0 0 1
    outer loop
      vertex 1.52028 8.40472 8
      vertex 5.2 2.86 8
      vertex 1.66197 8.56105 8
    endloop
  endfacet
  facet normal -0 0 1
    outer loop
      vertex 1.36395 8.26303 8
      vertex 5.2 2.86 8
      vertex 1.52028 8.40472 8
    endloop
  endfacet
  facet normal -0 0 1
    outer loop
      vertex 1.19448 8.13734 8
      vertex 5.2 2.86 8
      vertex 1.36395 8.26303 8
    endloop
  endfacet
  facet normal -0 0 1
    outer loop
      vertex 1.0135 8.02887 8
      vertex 5.2 2.86 8
      vertex 1.19448 8.13734 8
    endloop
  endfacet
  facet normal -0 0 1
    outer loop
      vertex 0.822769 7.93866 8
      vertex 5.2 2.86 8
      vertex 1.0135 8.02887 8
    endloop
  endfacet
  facet normal -0 0 1
    outer loop
      vertex 0.624111 7.86758 8
      vertex 5.2 2.86 8
      vertex 0.822769 7.93866 8
    endloop
  endfacet
  facet normal -0 0 1
    outer loop
      vertex 0.419444 7.81631 8
      vertex 5.2 2.86 8
      vertex 0.624111 7.86758 8
    endloop
  endfacet
  facet normal -0 0 1
    outer loop
      vertex 0.210736 7.78535 8
      vertex 5.2 2.86 8
      vertex 0.419444 7.81631 8
    endloop
  endfacet
  facet normal -0 0 1
    outer loop
      vertex 0 7.775 8
      vertex 5.2 2.86 8
      vertex 0.210736 7.78535 8
    endloop
  endfacet
  facet normal 0 0 1
    outer loop
      vertex -5.16 2.86 8
      vertex 0 7.775 8
      vertex -0.210736 7.78535 8
    endloop
  endfacet
  facet normal 0 0 1
    outer loop
      vertex -5.16 2.86 8
      vertex -0.210736 7.78535 8
      vertex -0.419444 7.81631 8
    endloop
  endfacet
  facet normal 0 0 1
    outer loop
      vertex -5.16 2.86 8
      vertex -0.419444 7.81631 8
      vertex -0.624111 7.86758 8
    endloop
  endfacet
  facet normal 0 0 1
    outer loop
      vertex -5.16 2.86 8
      vertex -0.624111 7.86758 8
      vertex -0.822769 7.93866 8
    endloop
  endfacet
  facet normal 0 0 1
    outer loop
      vertex -5.16 2.86 8
      vertex -0.822769 7.93866 8
      vertex -1.0135 8.02887 8
    endloop
  endfacet
  facet normal 0 0 1
    outer loop
      vertex -5.16 2.86 8
      vertex -1.0135 8.02887 8
      vertex -1.19448 8.13734 8
    endloop
  endfacet
  facet normal 0 0 1
    outer loop
      vertex -5.16 2.86 8
      vertex -1.19448 8.13734 8
      vertex -1.36395 8.26303 8
    endloop
  endfacet
  facet normal 0 0 1
    outer loop
      vertex 0 7.775 8
      vertex -5.16 2.86 8
      vertex 5.2 2.86 8
    endloop
  endfacet
  facet normal 0 0 1
    outer loop
      vertex -1.52028 8.40472 8
      vertex -5.16 2.86 8
      vertex -1.36395 8.26303 8
    endloop
  endfacet
  facet normal 0 0 1
    outer loop
      vertex -1.66197 8.56105 8
      vertex -5.16 2.86 8
      vertex -1.52028 8.40472 8
    endloop
  endfacet
  facet normal 0 0 1
    outer loop
      vertex -1.78766 8.73052 8
      vertex -5.16 2.86 8
      vertex -1.66197 8.56105 8
    endloop
  endfacet
  facet normal 0 0 1
    outer loop
      vertex -1.89613 8.9115 8
      vertex -5.16 2.86 8
      vertex -1.78766 8.73052 8
    endloop
  endfacet
  facet normal 0 0 1
    outer loop
      vertex -1.98634 9.10223 8
      vertex -5.16 2.86 8
      vertex -1.89613 8.9115 8
    endloop
  endfacet
  facet normal 0 0 1
    outer loop
      vertex -2.05742 9.30089 8
      vertex -5.16 2.86 8
      vertex -1.98634 9.10223 8
    endloop
  endfacet
  facet normal 0 0 1
    outer loop
      vertex -2.10869 9.50556 8
      vertex -5.16 2.86 8
      vertex -2.05742 9.30089 8
    endloop
  endfacet
  facet normal 0 0 1
    outer loop
      vertex -2.13965 9.71426 8
      vertex -5.16 2.86 8
      vertex -2.10869 9.50556 8
    endloop
  endfacet
  facet normal 0 0 1
    outer loop
      vertex -5.16 2.86 8
      vertex -2.13965 9.71426 8
      vertex -2.15 9.925 8
    endloop
  endfacet
  facet normal 0.998798 -0.0490226 0
    outer loop
      vertex 9.89037 -12.621 8
      vertex 9.89999 -12.425 0
      vertex 9.89999 -12.425 8
    endloop
  endfacet
  facet normal 0.998798 -0.0490226 0
    outer loop
      vertex 9.89999 -12.425 0
      vertex 9.89037 -12.621 8
      vertex 9.89037 -12.621 0
    endloop
  endfacet
  facet normal -0.857673 -0.514196 0
    outer loop
      vertex -9.56293 -13.5361 0
      vertex -9.66383 -13.3678 8
      vertex -9.66383 -13.3678 0
    endloop
  endfacet
  facet normal -0.857673 -0.514196 0
    outer loop
      vertex -9.66383 -13.3678 8
      vertex -9.56293 -13.5361 0
      vertex -9.56293 -13.5361 8
    endloop
  endfacet
  facet normal 0.941564 -0.336833 0
    outer loop
      vertex 9.74776 -13.1904 8
      vertex 9.81387 -13.0056 0
      vertex 9.81387 -13.0056 8
    endloop
  endfacet
  facet normal 0.941564 -0.336833 0
    outer loop
      vertex 9.81387 -13.0056 0
      vertex 9.74776 -13.1904 8
      vertex 9.74776 -13.1904 0
    endloop
  endfacet
  facet normal 0.595654 -0.803241 0
    outer loop
      vertex 9.01114 -14.0879 0
      vertex 9.16878 -13.971 8
      vertex 9.01114 -14.0879 8
    endloop
  endfacet
  facet normal 0.595654 -0.803241 0
    outer loop
      vertex 9.16878 -13.971 8
      vertex 9.01114 -14.0879 0
      vertex 9.16878 -13.971 0
    endloop
  endfacet
  facet normal -0.146726 0.989177 0
    outer loop
      vertex -8.09602 14.4154 0
      vertex -8.29018 14.3866 8
      vertex -8.09602 14.4154 8
    endloop
  endfacet
  facet normal -0.146726 0.989177 0
    outer loop
      vertex -8.29018 14.3866 8
      vertex -8.09602 14.4154 0
      vertex -8.29018 14.3866 0
    endloop
  endfacet
  facet normal 0.970035 -0.242967 0
    outer loop
      vertex 9.81387 -13.0056 8
      vertex 9.86156 -12.8152 0
      vertex 9.86156 -12.8152 8
    endloop
  endfacet
  facet normal 0.970035 -0.242967 0
    outer loop
      vertex 9.86156 -12.8152 0
      vertex 9.81387 -13.0056 8
      vertex 9.81387 -13.0056 0
    endloop
  endfacet
  facet normal -0.0489135 -0.998803 0
    outer loop
      vertex -8.09602 -14.4154 0
      vertex -7.89999 -14.425 8
      vertex -8.09602 -14.4154 8
    endloop
  endfacet
  facet normal -0.0489135 -0.998803 -0
    outer loop
      vertex -7.89999 -14.425 8
      vertex -8.09602 -14.4154 0
      vertex -7.89999 -14.425 0
    endloop
  endfacet
  facet normal -0.671531 -0.740977 0
    outer loop
      vertex -9.31421 -13.8392 0
      vertex -9.16878 -13.971 8
      vertex -9.31421 -13.8392 8
    endloop
  endfacet
  facet normal -0.671531 -0.740977 -0
    outer loop
      vertex -9.16878 -13.971 8
      vertex -9.31421 -13.8392 0
      vertex -9.16878 -13.971 0
    endloop
  endfacet
  facet normal -0.941564 -0.336833 0
    outer loop
      vertex -9.74776 -13.1904 0
      vertex -9.81387 -13.0056 8
      vertex -9.81387 -13.0056 0
    endloop
  endfacet
  facet normal -0.941564 -0.336833 0
    outer loop
      vertex -9.81387 -13.0056 8
      vertex -9.74776 -13.1904 0
      vertex -9.74776 -13.1904 8
    endloop
  endfacet
endsolid OpenSCAD_Model
